id,label,param_1,param_2,param_3,param_4,noise_sigma
1,linear,1.0958241942238534,-0.6112156024794766,0.0,0.0,0.2833723016906961
2,linear,0.8675607566359824,-0.5063849785621137,0.0,0.0,0.1056851051840511
3,linear,0.7770497425715459,0.8111660922090236,0.0,0.0,0.081524325802391
4,linear,-0.0763582867996857,-1.7163879499531118,0.0,0.0,0.013989711656532
5,linear,-1.7710722393869585,3.0096385364167624,0.0,0.0,0.48657365884871
6,linear,0.1003532118690446,-3.3624869574170413,0.0,0.0,0.0097357591710985
7,linear,-1.0618593982348057,1.2189777337524577,0.0,0.0,0.2744721859410935
8,linear,-0.7100382361290807,-2.5751714697166728,0.0,0.0,0.1208831521789088
9,linear,0.9339796182513194,3.783657338108016,0.0,0.0,0.1370461627208218
10,linear,0.1462720543083571,-0.6543691530230964,0.0,0.0,0.013025318697123
11,linear,1.904513562766831,-1.0032386483636313,0.0,0.0,0.4155628911993581
12,linear,-1.628975690302021,-1.055184820612456,0.0,0.0,0.3753401335220657
13,linear,-1.4877895578088522,-1.789143735881451,0.0,0.0,0.1538125834488918
14,linear,0.5369377358669132,-0.7097387864258735,0.0,0.0,0.0853025836876308
15,linear,0.3718265245984642,-2.720322277768176,0.0,0.0,0.0769847153637663
16,linear,1.7552214168281537,-1.5535911348838227,0.0,0.0,0.3304067085731715
17,linear,-0.4195926498084366,2.868913814500277,0.0,0.0,0.1138432933129465
18,linear,1.6391864909329352,-2.0498079128760462,0.0,0.0,0.31308811648302
19,linear,-1.780260043209323,0.8172729795871492,0.0,0.0,0.112837388739317
20,linear,1.8119006462404137,1.5079458971773674,0.0,0.0,0.1546457168869621
21,linear,1.97123182908178,-1.5846173779837711,0.0,0.0,0.1898363333473485
22,linear,-0.0704959814835421,4.223576385460033,0.0,0.0,0.0055541069372993
23,linear,-1.3018514734928468,2.640760534212905,0.0,0.0,0.2266265477949564
24,linear,1.725847717235557,-3.761563180566292,0.0,0.0,0.1803450701264665
25,linear,1.6537346392522556,4.024899674229186,0.0,0.0,0.4162602800966348
26,linear,0.083902531023094,-0.7140708174908355,0.0,0.0,0.0139816990584659
27,linear,-1.6275626765658764,3.444086141655733,0.0,0.0,0.1613416365474535
28,linear,-1.1622908741622844,0.8782192956902923,0.0,0.0,0.1308284858527495
29,linear,1.501177934603394,-3.4642213305224345,0.0,0.0,0.3595120056028054
30,linear,-1.1377171586791266,-2.3010065604365804,0.0,0.0,0.2249881220464069
31,linear,0.4032195565082768,1.9064707310515363,0.0,0.0,0.0325611559580365
32,linear,1.8061687726011304,-3.598202577966682,0.0,0.0,0.5096496390987485
33,linear,-1.3472873717434255,0.0724863246171594,0.0,0.0,0.2119235958866725
34,linear,1.6362040791931358,4.321102598153617,0.0,0.0,0.3107866361582581
35,linear,1.6605536149803966,3.007129735545268,0.0,0.0,0.2480722693796752
36,linear,-1.8443567169031403,1.0027328139108178,0.0,0.0,0.1472449903309218
37,linear,0.612360265216731,1.4891183109583697,0.0,0.0,0.1468908792638787
38,linear,1.241165364845418,2.0487346797211883,0.0,0.0,0.2259221244771543
39,linear,-0.018797534456632,-3.475334910216138,0.0,0.0,0.001804663166606
40,linear,1.310962679440082,2.708102818323926,0.0,0.0,0.2294440322370861
41,linear,0.7159426436597482,-4.288311774521063,0.0,0.0,0.2047263831280217
42,linear,-1.764338642656786,-2.9844830282560784,0.0,0.0,0.3296382666618045
43,linear,-0.7674921518549263,4.019546901817941,0.0,0.0,0.1935920645454157
44,linear,-0.074078289924806,0.0315885094502004,0.0,0.0,0.0058760112002193
45,linear,-1.1162885511483505,-2.9933337458708253,0.0,0.0,0.0653378399073311
46,linear,-0.5435665510320997,-0.1746254875450539,0.0,0.0,0.1488707523455188
47,linear,-0.1478127729896772,1.3023549497298834,0.0,0.0,0.0094217414353858
48,linear,-0.0545663069335242,-2.5630324576727315,0.0,0.0,0.0061815519361707
49,linear,0.0518178020452029,1.2357514770268443,0.0,0.0,0.0073427589288959
50,linear,0.8657327030236202,1.2568279026037512,0.0,0.0,0.2195532149858779
51,linear,1.438840258728824,-1.1812458783117652,0.0,0.0,0.3377967071172413
52,linear,1.3161530230067298,-2.808833259153655,0.0,0.0,0.290645753534008
53,linear,-0.5353745287903204,3.838372360986316,0.0,0.0,0.1451857384697768
54,linear,1.1645324934381929,0.8461321221583775,0.0,0.0,0.0704731766683219
55,linear,1.602726799048972,3.540887466322109,0.0,0.0,0.1135451833792908
56,linear,1.0411011387453937,0.6435330694912409,0.0,0.0,0.1842639207854218
57,linear,1.525554817419335,1.3542927279108348,0.0,0.0,0.310847569979283
58,linear,0.8129575876245574,-4.898624308593004,0.0,0.0,0.1661365427647205
59,linear,1.4526061206433898,-4.995830830968961,0.0,0.0,0.1036639674674839
60,linear,-0.7536037804977727,-0.4775370791846498,0.0,0.0,0.1201939075532423
61,linear,-0.4838117166723732,-0.7257605011920596,0.0,0.0,0.0662396857927067
62,linear,-1.0975631830726231,-3.4687688853164325,0.0,0.0,0.2406824529362098
63,linear,-1.0388617465680603,3.398742827317392,0.0,0.0,0.0796150226044506
64,linear,1.8351655581828168,2.880440336983101,0.0,0.0,0.2886181223799865
65,linear,-1.8241133271082188,0.9108282189485593,0.0,0.0,0.4935184516776793
66,linear,-0.5819493752865728,0.1760709501888726,0.0,0.0,0.0398306562392709
67,linear,-0.5537202806294625,-2.512404763363607,0.0,0.0,0.155151292371895
68,linear,-1.5376847745853262,4.558889074913278,0.0,0.0,0.3798610026961304
69,linear,-0.2543348252398503,1.899400296120728,0.0,0.0,0.0360009251736788
70,linear,1.654170593411957,2.9741226959697,0.0,0.0,0.1414997397075333
71,linear,-1.8621594528866543,-2.7576565172077263,0.0,0.0,0.2218806030086595
72,linear,0.6470373650478756,-4.759495243267288,0.0,0.0,0.1134290884750942
73,linear,0.0504760658697929,0.7386345216482457,0.0,0.0,0.0135086884562742
74,linear,-0.1479386010546814,-1.2696961090570946,0.0,0.0,0.0316141558397111
75,linear,-1.4682275869038386,0.8878703156049088,0.0,0.0,0.3258382862437646
76,linear,1.9215284062390965,3.8484759226438143,0.0,0.0,0.134894346455177
77,linear,1.7896323756099863,-0.8681942706440546,0.0,0.0,0.2066334352745186
78,linear,-0.5753089142583607,-0.8062524292308568,0.0,0.0,0.1272880023586372
79,linear,-1.076557354861896,-2.9118106571457125,0.0,0.0,0.2947823616710505
80,linear,-1.56190108287171,-0.9973144785140766,0.0,0.0,0.358327282917225
81,linear,-0.7688319695377399,-1.7850699694614611,0.0,0.0,0.1188575578563589
82,linear,0.2043204083168643,2.4359150741230664,0.0,0.0,0.0434485818222377
83,linear,1.9186905397707248,-3.8032643231248886,0.0,0.0,0.2657676546825636
84,linear,-1.0478745616242149,-2.300112626508416,0.0,0.0,0.1017022090038522
85,linear,-0.9871374275867932,-2.9311706909893296,0.0,0.0,0.1068230323380542
86,linear,-1.3303585926515038,0.0548218724775315,0.0,0.0,0.1766862364220267
87,linear,0.7022420286332012,-1.5293133325382111,0.0,0.0,0.076372537001292
88,linear,-1.3592900333329996,4.026081094988033,0.0,0.0,0.3955579900265693
89,linear,-1.814385756683354,-1.8649039361532609,0.0,0.0,0.4976555256464187
90,linear,-0.3244959615561669,-0.0875910348942721,0.0,0.0,0.0891642827307643
91,linear,0.5723630767089665,0.1100625146238742,0.0,0.0,0.1610669162934168
92,linear,-1.452057939955678,2.243908792157182,0.0,0.0,0.1176966625404516
93,linear,-1.1188740587657509,-4.351923010895734,0.0,0.0,0.0953358364112709
94,linear,0.925350198575054,-2.756566013537449,0.0,0.0,0.2414263271074767
95,linear,-0.9892234883931814,-1.7316532507608704,0.0,0.0,0.1281667631096856
96,linear,0.540371148838823,2.9232564884091152,0.0,0.0,0.0649698606936122
97,linear,-1.1020540878899483,-4.095415900631288,0.0,0.0,0.0968367769252386
98,linear,0.897509993470277,2.3800847768833977,0.0,0.0,0.0678348973392685
99,linear,0.2224520805263252,-4.923852957774331,0.0,0.0,0.0227657992865031
100,linear,-0.783987537906575,-1.1896445310120884,0.0,0.0,0.2266427128530379
101,linear,-1.027441698427424,3.4282130999910496,0.0,0.0,0.2006319004298511
102,linear,-1.0743669802240343,2.248345803264708,0.0,0.0,0.1740291386938493
103,linear,0.5790897457312281,-0.3403305273623811,0.0,0.0,0.1471904752299498
104,linear,1.0495152682683666,-1.999901959591987,0.0,0.0,0.1121365267686278
105,linear,0.4115652933946867,-0.953713775604652,0.0,0.0,0.0769076527575348
106,linear,1.4875016837574655,-1.7283893227202451,0.0,0.0,0.418631032068507
107,linear,0.8051507238585751,4.208213047146138,0.0,0.0,0.1595928369326665
108,linear,0.0067990640814001,-4.229003310486946,0.0,0.0,0.0017647656186574
109,linear,-0.9931975549241918,-3.597933323287832,0.0,0.0,0.2215141900876998
110,linear,-1.8873029008725597,-3.297535157819876,0.0,0.0,0.415998874820419
111,linear,0.8552894087029146,-4.106584417711211,0.0,0.0,0.2192235556645927
112,linear,-1.17502891199337,0.0322884995550936,0.0,0.0,0.1009308681749314
113,linear,0.0736879148548541,-3.0218331312973024,0.0,0.0,0.0187836831323464
114,linear,1.1792312241652132,1.6757860095865933,0.0,0.0,0.3392336124625631
115,linear,-1.9147443782602367,1.5625600811713456,0.0,0.0,0.3856375691574014
116,linear,0.6554666162914184,-4.168519683020669,0.0,0.0,0.1714379013945747
117,linear,1.7038633904425595,-3.2778148897824613,0.0,0.0,0.1290124149440969
118,linear,0.0609427260954724,2.262178421289601,0.0,0.0,0.0123722355708539
119,linear,-1.0959717595952243,-0.1957779118799383,0.0,0.0,0.1055810198230384
120,linear,-1.2015339134102438,-4.18464094539237,0.0,0.0,0.1795296795433999
121,linear,-1.4660063235073153,2.6079561390223214,0.0,0.0,0.1208725413941492
122,linear,-1.0647229029556886,-2.0222173191184645,0.0,0.0,0.1568422073526008
123,linear,0.455223790488322,3.824230976538834,0.0,0.0,0.0547124229567025
124,linear,-0.4199463843164315,3.2887900157075998,0.0,0.0,0.1071939752434585
125,linear,0.8915721289164349,4.93705261014529,0.0,0.0,0.1430730913944866
126,linear,1.7152439254893106,-3.3600027393518115,0.0,0.0,0.1734296904907792
127,linear,1.868810988214532,0.6782920634198302,0.0,0.0,0.544766752423228
128,linear,1.0933289951906868,-3.940751010493784,0.0,0.0,0.0803422249889218
129,linear,1.3167721265172163,-1.926000666295172,0.0,0.0,0.2507823341241308
130,linear,0.6198475545088393,-4.885900047142463,0.0,0.0,0.1762622006555662
131,linear,-1.364123785366346,-2.9863132309450204,0.0,0.0,0.2706154795714787
132,linear,0.064589366128807,4.668259506101437,0.0,0.0,0.0113263880124002
133,linear,-0.2808904019701019,4.958688657895364,0.0,0.0,0.0601077615343753
134,linear,0.924522602481996,2.531825793010949,0.0,0.0,0.1382433662460033
135,linear,-0.0757365257958251,0.97255804449735,0.0,0.0,0.0216320373649224
136,linear,-1.0525915129666576,-1.7116181536125774,0.0,0.0,0.2111431136483998
137,linear,1.0035421867784875,0.7310017258671353,0.0,0.0,0.0805670192671546
138,linear,-0.9455154280922162,-2.330356556645792,0.0,0.0,0.1813672119493855
139,linear,0.0671755797335458,4.299934310131585,0.0,0.0,0.0195578165597703
140,linear,0.0499793274231472,-4.845840197162843,0.0,0.0,0.008541842873798
141,linear,-0.8908223233119674,2.0852222594720398,0.0,0.0,0.1467070282917214
142,linear,1.6925573304980848,-0.1045293206045023,0.0,0.0,0.1379094513623343
143,linear,0.8904193820923849,4.2902450620363926,0.0,0.0,0.1852711207513064
144,linear,-1.2661382368592444,0.2801528041216237,0.0,0.0,0.1684991756065844
145,linear,1.0061686773124232,4.377667186473392,0.0,0.0,0.080748582711528
146,linear,-1.1108266392378487,1.7230978040768434,0.0,0.0,0.1681033260124765
147,linear,1.7846041126664405,2.174466968694084,0.0,0.0,0.4355074558012103
148,linear,-0.9254392213318994,0.7080196921018889,0.0,0.0,0.1767884926550015
149,linear,-1.1652185310016852,-1.9516917577116264,0.0,0.0,0.3100599395033754
150,linear,1.007181039027072,4.468217499864638,0.0,0.0,0.1136130004992989
151,linear,1.1984127346349842,-1.6249436860499111,0.0,0.0,0.3314175420760574
152,linear,1.8222475618754104,-1.8558048008818773,0.0,0.0,0.1071748532520484
153,linear,-1.2382651038830348,-2.291792621762585,0.0,0.0,0.302727639081139
154,linear,-1.6349622206913883,-3.007176560317541,0.0,0.0,0.1898256915908053
155,linear,1.258552494492387,-3.2680888499273344,0.0,0.0,0.2792675949840636
156,linear,0.8460126013107758,-0.9567673119404754,0.0,0.0,0.1997155648302166
157,linear,-0.6484307714159763,-2.4546616655997724,0.0,0.0,0.1734259102700514
158,linear,0.7141545056910439,-3.4123388675732134,0.0,0.0,0.1273198110731824
159,linear,-0.0249884107727931,0.2832999166868095,0.0,0.0,0.0070225405635647
160,linear,-0.0323018987080216,3.95774163321364,0.0,0.0,0.0069708642011353
161,linear,-1.1375359352525465,-4.618108154057009,0.0,0.0,0.2303054057548644
162,linear,-0.0511152953478357,-3.9071639156362847,0.0,0.0,0.0085230364982057
163,linear,-1.629329210897474,4.198411261756897,0.0,0.0,0.3682295054182146
164,linear,0.2780754925587616,-2.551654238461684,0.0,0.0,0.0417349825741272
165,linear,1.6453194477205964,-1.8284507818428497,0.0,0.0,0.4642139208244423
166,linear,0.944296198867924,4.559364221216793,0.0,0.0,0.0563431445975266
167,linear,0.2758546878020427,-4.918017397864358,0.0,0.0,0.0401812638066035
168,linear,1.8833366130457248,2.098273104249308,0.0,0.0,0.2911000810599744
169,linear,1.7321914419043236,4.905927389552103,0.0,0.0,0.1504732911225917
170,linear,0.8810168426125489,-4.252800680249642,0.0,0.0,0.1348168767025931
171,linear,0.1437002849314179,-2.59986709541444,0.0,0.0,0.0378921147921972
172,linear,-1.9226026622160504,-3.814660053398473,0.0,0.0,0.1953871214410648
173,linear,0.968827735702384,2.224434777679248,0.0,0.0,0.2761425874998365
174,linear,1.0432441128849783,1.05920469790994,0.0,0.0,0.1728216851579072
175,linear,1.9587354386703293,0.2200536322044888,0.0,0.0,0.1298446292178221
176,linear,0.0445796318986819,1.3236783380858703,0.0,0.0,0.0050865924066786
177,linear,0.5942421036772276,-4.140610236330707,0.0,0.0,0.160827977693229
178,linear,0.562738118565028,4.369894929695665,0.0,0.0,0.1207083449615407
179,linear,-0.8147548485141516,-3.432023018313969,0.0,0.0,0.1796965197470389
180,linear,1.1357436901338338,-4.341259320439174,0.0,0.0,0.2278249784711077
181,linear,1.2410472210217542,-0.8722118661313818,0.0,0.0,0.3295996128604298
182,linear,-1.8759439746960245,-2.276114807985751,0.0,0.0,0.13159729885008
183,linear,0.5180849137713102,-1.1105243448361524,0.0,0.0,0.1252994230328187
184,linear,-1.3393905511370274,1.2808846501578426,0.0,0.0,0.2908598865653798
185,linear,1.2132297080362515,-3.752839836877072,0.0,0.0,0.1940506461469502
186,linear,1.4087075333508765,-2.6165417423809245,0.0,0.0,0.1645585243255046
187,linear,-1.0239290574324764,2.1040480606527847,0.0,0.0,0.2114845271794906
188,linear,0.6370667953012412,-1.8156054491340357,0.0,0.0,0.0407514630150883
189,linear,1.7502120270115695,1.317193149588336,0.0,0.0,0.2259985425560768
190,linear,0.8814035173600612,4.819635872230656,0.0,0.0,0.1410510450883222
191,linear,-1.4176761387221606,-1.6736623315077246,0.0,0.0,0.3734308310550027
192,linear,0.9458978295752304,1.345426019640677,0.0,0.0,0.160925738724527
193,linear,-0.0716808821667958,4.218097321383425,0.0,0.0,0.0094583183919852
194,linear,-1.6371341972724296,-3.1635747944434622,0.0,0.0,0.4660465118083725
195,linear,-0.3361809844160293,-4.292120241012065,0.0,0.0,0.0749346281669201
196,linear,0.6117806868779989,4.407565915774287,0.0,0.0,0.1058914268056386
197,linear,1.9755555415551436,-4.891569179338835,0.0,0.0,0.3601246575200952
198,linear,-0.623254686042304,2.8521406899601534,0.0,0.0,0.1351667731154129
199,linear,-0.075981670206473,-1.7700502871093402,0.0,0.0,0.0108962762048657
200,linear,-1.5448360528365392,-2.8364718672076563,0.0,0.0,0.4078656548442169
201,linear,1.8096722104694165,-0.4336354898473535,0.0,0.0,0.4829390886237552
202,linear,1.1567465395902112,0.4230641572827567,0.0,0.0,0.3188115212043666
203,linear,1.3287743399575538,-2.0851800819496,0.0,0.0,0.374817538543493
204,linear,1.1164536217429073,2.7010984711765627,0.0,0.0,0.1965521904278103
205,linear,1.0747765647099925,2.7312284950225134,0.0,0.0,0.1342124289599472
206,linear,-1.415784276821606,-4.08708264577898,0.0,0.0,0.3912909411345138
207,linear,1.3992840724849014,4.544457707681575,0.0,0.0,0.3042466026147252
208,linear,-0.1861578690153176,-4.5440781482187775,0.0,0.0,0.0516291152704984
209,linear,-1.0154119661073349,-3.0403210173623973,0.0,0.0,0.2500336666607944
210,linear,0.3672230148176534,3.9411185315812816,0.0,0.0,0.0606255408118884
211,linear,0.1485911978812475,3.727102121042634,0.0,0.0,0.0411132245419436
212,linear,-1.1115215516895698,3.132577251170765,0.0,0.0,0.1311186126059421
213,linear,-0.7438501904051567,1.7169957927799473,0.0,0.0,0.1020741046944235
214,linear,0.5657509118183213,1.4357682100384217,0.0,0.0,0.101464813802331
215,linear,0.4607765624629474,-4.476463324760759,0.0,0.0,0.072987778415729
216,linear,-0.4316731281853085,0.8855225187948443,0.0,0.0,0.0585117538504008
217,linear,0.4612561372696344,-3.3213356555558318,0.0,0.0,0.0993968728192878
218,linear,1.8041234705204896,-1.381602138366078,0.0,0.0,0.2049311053736725
219,linear,1.6270621104337095,3.95918820985667,0.0,0.0,0.1169555433084572
220,linear,-0.3747234944362105,-4.406093895267968,0.0,0.0,0.0563621490120139
221,linear,-1.0576298674989282,-0.4112842898106317,0.0,0.0,0.2276431992362291
222,linear,-0.9873233612808284,-3.944552399810999,0.0,0.0,0.0937749903134444
223,linear,-0.540468977238771,2.25892848049817,0.0,0.0,0.0804678210693256
224,linear,0.8421721171645182,-0.4345856893074202,0.0,0.0,0.063484498304647
225,linear,-0.9291142256910034,3.778721750125321,0.0,0.0,0.1841194721702374
226,linear,0.0855651639601329,4.5812432856113965,0.0,0.0,0.0090084050009938
227,linear,0.5261422127150914,-0.59487522304042,0.0,0.0,0.0764245594932387
228,linear,0.1144615757009956,1.381781581462926,0.0,0.0,0.0246852462281168
229,linear,-1.8766529707503696,3.0927511608510887,0.0,0.0,0.4839249788492667
230,linear,1.512112210483596,2.5225765420764485,0.0,0.0,0.4344664679105548
231,linear,-1.567392863924948,-0.5296135956974108,0.0,0.0,0.3242711323439433
232,linear,-1.3618953084410474,-1.6597204192919146,0.0,0.0,0.3329035089038009
233,linear,-0.8294695975873094,-3.256679352663116,0.0,0.0,0.1890351402073029
234,linear,1.3128885271757311,-3.792955735523442,0.0,0.0,0.1079593580802544
235,linear,-0.7097444026159829,1.9594499105357863,0.0,0.0,0.1210320551999423
236,linear,-0.5563757737681825,-3.4996007767266613,0.0,0.0,0.0814363350960699
237,linear,-1.3773882025628557,-2.648160514470245,0.0,0.0,0.1676137674686467
238,linear,-0.0619003192053901,-1.918500484608112,0.0,0.0,0.0167006879071054
239,linear,0.4313900021424888,-1.3214191231491863,0.0,0.0,0.0368719309967915
240,linear,-1.0661756560381637,-4.65899780102572,0.0,0.0,0.1352523590368231
241,linear,0.3288743501816866,1.7998938496583143,0.0,0.0,0.0817323721918314
242,linear,0.7255344439048286,3.617898580254785,0.0,0.0,0.1680016220296072
243,linear,0.7115675958362173,4.88424441800619,0.0,0.0,0.0872441867047935
244,linear,-1.5490472997649318,1.61556462713785,0.0,0.0,0.4084546470363709
245,linear,0.9611615954176402,1.8290736287866096,0.0,0.0,0.0765083677384619
246,linear,0.2574041469328669,0.4136796338288917,0.0,0.0,0.0155862883458001
247,linear,0.1167879013180996,1.5945513137289566,0.0,0.0,0.0245172780396592
248,linear,0.609261198571661,-1.3548592245636597,0.0,0.0,0.0858504283995111
249,linear,-0.1128302335894999,3.844085274607531,0.0,0.0,0.0160321417673048
250,linear,-1.2277152460646392,1.9761456456330269,0.0,0.0,0.1178077673571973
251,linear,-1.6504084245534365,-0.2705807752778302,0.0,0.0,0.37083780695099
252,linear,0.5066581963877135,4.213564583144319,0.0,0.0,0.0759065611507536
253,linear,1.6258610050164202,1.920549361872008,0.0,0.0,0.3172801394216946
254,linear,1.121134043267933,-3.873440963164772,0.0,0.0,0.1792171980271474
255,linear,-1.2330293057669168,-0.991794966822539,0.0,0.0,0.2989647290085595
256,linear,-0.7560187286133857,-1.573573624090201,0.0,0.0,0.1198925581239722
257,linear,0.6351250905274819,2.7600095858452853,0.0,0.0,0.1247697585880688
258,linear,-0.4760986520423009,4.3301854590698365,0.0,0.0,0.1252643678069998
259,linear,-0.0550902427419006,2.331946606750643,0.0,0.0,0.0041878863699521
260,linear,-1.220220618381091,2.3621103640359875,0.0,0.0,0.1351479100986153
261,linear,0.3465995073388161,3.8146359529674783,0.0,0.0,0.0780904737284853
262,linear,0.7445328804790354,-4.769068574921681,0.0,0.0,0.0667723228846164
263,linear,-0.16129083764987,0.6030233558978431,0.0,0.0,0.0175652734907313
264,linear,1.5990235654160734,-3.470485221510989,0.0,0.0,0.4647246116645583
265,linear,-1.4854115148293654,0.8837529712217336,0.0,0.0,0.3279541844898623
266,linear,-0.5076108321936377,-4.002375303773206,0.0,0.0,0.1351481371312402
267,linear,-0.368019547791901,-3.4481299533515752,0.0,0.0,0.0745848294338951
268,linear,-1.884412658292016,0.3738475622871693,0.0,0.0,0.2290373578236434
269,linear,-0.5038679676594677,-1.220038251249039,0.0,0.0,0.1186045811418364
270,linear,0.7046430720884134,-2.07388921165357,0.0,0.0,0.0461255346912244
271,linear,0.2046844552090623,-0.3975706810001131,0.0,0.0,0.0196373755928228
272,linear,-0.8424133098897255,-2.9326684178001594,0.0,0.0,0.2211906078622867
273,linear,0.4393869827465093,-2.1084576801866337,0.0,0.0,0.0954777420354512
274,linear,0.0013566778775206,3.5327581193983733,0.0,0.0,0.001
275,linear,-1.1491961638601589,4.352722049441107,0.0,0.0,0.1793742498164648
276,linear,1.1360220733868545,1.8414012933272463,0.0,0.0,0.1789626938088551
277,linear,1.569683274372239,-3.4631962800155467,0.0,0.0,0.1069285009036129
278,linear,1.3335020277137652,2.0853727086753318,0.0,0.0,0.2369439987845494
279,linear,1.3919734286086545,3.8713301533993913,0.0,0.0,0.3587480750878196
280,linear,-0.7219156224735568,-0.1793197774462642,0.0,0.0,0.1374626742937051
281,linear,1.144907080224356,3.4859014765835177,0.0,0.0,0.2999860004420099
282,linear,-0.5371263689680443,0.0117130404563123,0.0,0.0,0.0666476889153234
283,linear,1.1217395490902051,-4.88460625310079,0.0,0.0,0.1401522785748355
284,linear,0.7901321438796431,-0.2127322399989903,0.0,0.0,0.2256775419860635
285,linear,0.5103463425074408,2.331013477366896,0.0,0.0,0.048292463486115
286,linear,-0.5572898707371898,3.462074645612848,0.0,0.0,0.1298134680697961
287,linear,0.3614582480526702,-0.0326469453377171,0.0,0.0,0.0213015480236842
288,linear,-0.6536228309890979,1.0137862560003272,0.0,0.0,0.1589230474855231
289,linear,-0.941715867320978,2.090296679501309,0.0,0.0,0.1718703529650528
290,linear,1.2276103252368502,-1.3041779906380857,0.0,0.0,0.2406640934540845
291,linear,1.3277410338953546,-4.239663922991955,0.0,0.0,0.1565463629133515
292,linear,1.95104321787134,4.280145271270035,0.0,0.0,0.1357520929239745
293,linear,-1.3003403277069716,-1.33222301288309,0.0,0.0,0.1646302173270801
294,linear,-0.5844630234315851,3.795757568449547,0.0,0.0,0.0949223523262693
295,linear,-0.7867377972862366,2.0793811189893745,0.0,0.0,0.144540088251989
296,linear,0.8066207834335732,-2.79090988567152,0.0,0.0,0.180876148018222
297,linear,-1.7844859693566053,3.245298834227043,0.0,0.0,0.2147935766466625
298,linear,-1.1280178853163996,-0.5049525123411867,0.0,0.0,0.2240977224751359
299,linear,0.569784313606025,0.5682320219750467,0.0,0.0,0.1206907058120088
300,linear,-0.8409086970716402,4.753765088242316,0.0,0.0,0.1290154536898474
301,linear,-0.7542815392274549,-3.1482191344573907,0.0,0.0,0.2173522721969521
302,linear,1.4795335316204246,2.1495644542656303,0.0,0.0,0.334946949299482
303,linear,-1.0886282626332435,-1.3925675248225042,0.0,0.0,0.2415978259044127
304,linear,-0.3346768101492881,-0.2942140656462797,0.0,0.0,0.0804010704227439
305,linear,-0.7140203513871106,4.294831423858271,0.0,0.0,0.1470134713749277
306,linear,-0.967610287632187,-3.555146951758492,0.0,0.0,0.2653513114638094
307,linear,1.117696244793831,-1.2598545643441583,0.0,0.0,0.3164154009090418
308,linear,-1.1324239171730095,-3.1805999559792557,0.0,0.0,0.2130374699368064
309,linear,1.5357122218093582,-4.347867739021992,0.0,0.0,0.4405889269144628
310,linear,0.736857078530214,4.830182466080599,0.0,0.0,0.1686617079260031
311,linear,-1.414495013915082,-4.370956786285857,0.0,0.0,0.3963437281108334
312,linear,-0.2541955060225151,0.6278864504374937,0.0,0.0,0.0648600339277586
313,linear,-0.2962641347032693,1.6352664425166168,0.0,0.0,0.0595608713344936
314,linear,1.289844494611689,2.380044085796028,0.0,0.0,0.1117827993247465
315,linear,0.174898015865605,-4.983256836221121,0.0,0.0,0.0487491730792809
316,linear,-0.3364306821223808,-1.9205331055735095,0.0,0.0,0.048753155191377
317,linear,-1.000968947519158,3.2134769981277422,0.0,0.0,0.1522226974219509
318,linear,0.1601744934444071,-1.4203755222291048,0.0,0.0,0.0430080959439648
319,linear,-0.7996790549733293,-2.4811640820424365,0.0,0.0,0.0778718227256724
320,linear,-0.4400539557611447,-2.997451557149015,0.0,0.0,0.1177302259180034
321,linear,-1.1999745349138258,-0.647068066677587,0.0,0.0,0.1209683542895967
322,linear,-1.8615893702167128,3.779941376805642,0.0,0.0,0.3207032327893062
323,linear,-1.866461934905086,0.6360995032833454,0.0,0.0,0.1583226989516779
324,linear,-1.8715748917892412,-1.8704701245144784,0.0,0.0,0.2433101420982689
325,linear,-1.4099399853608403,-3.173404005882525,0.0,0.0,0.2766429018049474
326,linear,0.4663615470596594,-0.2650863302411022,0.0,0.0,0.067803205287685
327,linear,-1.812803770769208,4.901713878083269,0.0,0.0,0.1535372624038979
328,linear,-0.2176450201830251,1.5015077061565565,0.0,0.0,0.038735679840476
329,linear,1.7817106916238656,-3.444744951016385,0.0,0.0,0.4669217409118754
330,linear,1.3921942647230043,2.1397330720560523,0.0,0.0,0.172194219313541
331,linear,-1.263010022084623,0.0447424471248636,0.0,0.0,0.2018651566587975
332,linear,0.4887081015597361,-2.121782354894252,0.0,0.0,0.0348245289570304
333,linear,0.2041962990058223,-3.4342933218528326,0.0,0.0,0.0396884048084155
334,linear,-1.585139974199294,-0.1535761649217644,0.0,0.0,0.447024818253598
335,linear,-0.2483959820065644,-4.797047749491107,0.0,0.0,0.0651408950617801
336,linear,0.3734584136821084,1.029068967194756,0.0,0.0,0.0489561766082586
337,linear,0.2045491278824593,-0.3828894810865435,0.0,0.0,0.0303297137292741
338,linear,-1.0420309053514876,-2.913405150823966,0.0,0.0,0.2429442471521632
339,linear,0.8354913006509017,3.3742541352734285,0.0,0.0,0.2240939306826636
340,linear,1.5941556054509496,-1.6568430729493522,0.0,0.0,0.2749574666266747
341,linear,0.0485158649045684,-2.225471987253319,0.0,0.0,0.0121981060922511
342,linear,1.9865571325482967,1.5905366305534896,0.0,0.0,0.2438746347396921
343,linear,-1.868671572601261,-2.4423809398161467,0.0,0.0,0.3228306505698718
344,linear,-0.1759582472640768,3.619851510555609,0.0,0.0,0.0364983630411338
345,linear,-1.6454995220337263,1.0616524957105025,0.0,0.0,0.1932580371054976
346,linear,-1.6384709222422256,-4.202259036172479,0.0,0.0,0.4174876378633259
347,linear,-0.3981579154063426,-2.397394176056183,0.0,0.0,0.0589291194505732
348,linear,0.4385408646395428,-4.612825583080249,0.0,0.0,0.0929653007088564
349,linear,1.856280227452136,0.4137874922570441,0.0,0.0,0.1248509222230986
350,linear,-1.5946364508479447,1.5147829298415072,0.0,0.0,0.1941678297631944
351,linear,-1.2763770383499793,3.3710091422059065,0.0,0.0,0.0863188272593636
352,linear,-0.3541668412309606,-4.152479210217895,0.0,0.0,0.0375142750867192
353,linear,-0.808347504336461,-1.1667911312866708,0.0,0.0,0.1794291768929351
354,linear,-0.080274455148515,4.39265886392317,0.0,0.0,0.0168451278786181
355,linear,0.8984351232560237,3.0616577757135186,0.0,0.0,0.090451463471155
356,linear,-1.5477677486728365,0.9737061978813176,0.0,0.0,0.1273506826009096
357,linear,-1.99099388665746,0.7811980034387132,0.0,0.0,0.319310838362619
358,linear,0.6034615000568984,-1.3717306666066262,0.0,0.0,0.1708977295615341
359,linear,0.5271070141925747,1.229911252854059,0.0,0.0,0.0806029012596089
360,linear,-1.0120601595567549,-3.654943342385575,0.0,0.0,0.2655380254913301
361,linear,0.6185568348519515,-1.1894481861196269,0.0,0.0,0.0860164328934472
362,linear,1.364345961471039,4.166296626544947,0.0,0.0,0.1999173188088839
363,linear,1.979767202891438,-3.642089992177936,0.0,0.0,0.260580082302085
364,linear,0.0887753489711431,2.6926127972490868,0.0,0.0,0.0239400462202319
365,linear,0.1514099208294861,0.9118405507395372,0.0,0.0,0.0261955216756385
366,linear,-0.3714264091935759,-1.5894096578359052,0.0,0.0,0.0843373242258414
367,linear,-1.932798498672476,4.040352588026142,0.0,0.0,0.4282999271964747
368,linear,-1.6100244039894025,0.9544661975784036,0.0,0.0,0.1685865600722828
369,linear,-0.1449138778538032,2.9922446220217305,0.0,0.0,0.0100607322297068
370,linear,-0.7761707967165354,-4.1733876054914045,0.0,0.0,0.2179227098702972
371,linear,0.4122466752602971,-1.8992512229189584,0.0,0.0,0.0769628538858187
372,linear,-0.7815487956610161,-0.5808321282832711,0.0,0.0,0.1814971353024348
373,linear,0.4695252606358995,1.5685143079115038,0.0,0.0,0.0968046755039288
374,linear,1.7050118686955105,3.3921247003259296,0.0,0.0,0.3125420235340777
375,linear,-0.2129337376132447,0.6154483845822263,0.0,0.0,0.0334379889841649
376,linear,-0.5318717845530241,0.2694522179397172,0.0,0.0,0.0932014858326194
377,linear,-1.386787938112037,-3.0828505917606286,0.0,0.0,0.2424890069980289
378,linear,1.1711084240635006,-1.5430698219152197,0.0,0.0,0.2339439918482254
379,linear,1.3785895776329906,-1.1038070984284776,0.0,0.0,0.2305704328501605
380,linear,0.8365386420872714,3.677231824553141,0.0,0.0,0.0821490994573428
381,linear,-1.5166540499687555,-3.9262711508429513,0.0,0.0,0.0917496332017735
382,linear,-1.280647928091477,0.0842128077441026,0.0,0.0,0.3298446979321111
383,linear,-1.0631526734614116,-1.9652140029818863,0.0,0.0,0.1370351213946346
384,linear,1.565071731299469,1.415525293800593,0.0,0.0,0.1182648404434505
385,linear,-0.8340558926865711,1.9527157044945265,0.0,0.0,0.1090713462707285
386,linear,-0.5194861856954578,1.898271290816247,0.0,0.0,0.102768719134547
387,linear,1.9620858230123943,-0.0454222990922019,0.0,0.0,0.3093384248028275
388,linear,0.4927893578522391,3.413059291625597,0.0,0.0,0.0932711296315638
389,linear,1.475339845795804,2.945525221977258,0.0,0.0,0.3057337407472111
390,linear,0.7291886092288462,-1.381447836168881,0.0,0.0,0.0785650870601689
391,linear,0.4793297168241563,0.937583797382178,0.0,0.0,0.0407233963428936
392,linear,1.3499821617300798,-4.469682426903794,0.0,0.0,0.2141330372024044
393,linear,1.5259907750978958,0.1398597297881219,0.0,0.0,0.3669073458477177
394,linear,1.1279030807012314,-0.062013926343571,0.0,0.0,0.2317767059080351
395,linear,1.3342373839403927,4.097292777468525,0.0,0.0,0.1561568840187775
396,linear,-1.0415272736956198,-4.446325052264663,0.0,0.0,0.2211162837691209
397,linear,1.103230972047481,1.2864222755732992,0.0,0.0,0.1282641070767588
398,linear,1.05306942608726,1.6194591439352657,0.0,0.0,0.1575282929729433
399,linear,1.9463863033629376,2.3756069180010826,0.0,0.0,0.3017449640855539
400,linear,0.8487245611492105,0.4928293248928188,0.0,0.0,0.1729525895380581
401,linear,-1.6051750205346718,-4.573751541653078,0.0,0.0,0.2270940247373221
402,linear,-1.633964239360948,-3.778258586200678,0.0,0.0,0.1023883979619248
403,linear,1.2639499984272031,1.543148269216851,0.0,0.0,0.1423987973798356
404,linear,1.3726386153258652,4.352221518953959,0.0,0.0,0.3863213989784991
405,linear,0.2487435397568567,-4.692189472051609,0.0,0.0,0.0456458996534713
406,linear,1.8580541500721397,-4.653329095539249,0.0,0.0,0.1912759278001035
407,linear,-0.026500412296277,-2.330077357728801,0.0,0.0,0.0035352639544372
408,linear,0.0491800734090239,-3.723189915421674,0.0,0.0,0.0108660378176889
409,linear,-0.7319257329121425,-0.4958330098252661,0.0,0.0,0.0917033446707367
410,linear,0.5653203895441061,3.863089996928714,0.0,0.0,0.1047348222018834
411,linear,1.5374447639603757,2.1180701414597145,0.0,0.0,0.1114454819681315
412,linear,-0.9783949883835588,-3.6354248222626593,0.0,0.0,0.251199132775619
413,linear,-1.251053048700498,4.531547383084785,0.0,0.0,0.3643582712759652
414,linear,-0.8693658102514075,2.4016510690969284,0.0,0.0,0.0643099818006465
415,linear,-0.7989995318296073,2.2265673475790235,0.0,0.0,0.1541736858001931
416,linear,-1.990528056578163,4.934106049294609,0.0,0.0,0.2394256916822704
417,linear,-0.0728168672295996,2.3249704552370467,0.0,0.0,0.0145231316875345
418,linear,0.150405199040688,-2.057614359798973,0.0,0.0,0.0142218085339835
419,linear,0.7649266028437625,2.455515904300817,0.0,0.0,0.1203312387140082
420,linear,-1.4060477189302247,2.9546233012701526,0.0,0.0,0.2501218815194307
421,linear,1.439116061948455,-3.316414931095633,0.0,0.0,0.3265052553323128
422,linear,1.8106662500831796,0.3088365677054296,0.0,0.0,0.4907156418607122
423,linear,1.6572053036697303,2.419349842217025,0.0,0.0,0.1099495054181037
424,linear,1.416077153553139,3.005863431799193,0.0,0.0,0.1349759173448431
425,linear,-1.35097720469706,2.006397122720436,0.0,0.0,0.2102981463287365
426,linear,-0.9798068846179092,4.930491068749154,0.0,0.0,0.1954241401426087
427,linear,-0.3616222200868697,-4.762869194182146,0.0,0.0,0.086143178873585
428,linear,0.4281758941807307,3.8167347171399495,0.0,0.0,0.1023775036624124
429,linear,-0.3587577157808819,3.2730305168022333,0.0,0.0,0.089038826672301
430,linear,-1.155087498406462,0.2434607638642925,0.0,0.0,0.2216709775001853
431,linear,1.976696957285469,3.5935425191235613,0.0,0.0,0.4521583912218486
432,linear,-1.9855423687873544,-1.8246973274079288,0.0,0.0,0.206710264637196
433,linear,0.2840821945604928,4.066008772175476,0.0,0.0,0.0499474753299454
434,linear,-0.5307423471369437,-1.0649538679675774,0.0,0.0,0.104331992516003
435,linear,0.4006064029781919,-1.0618233614152135,0.0,0.0,0.0900934364443398
436,linear,-0.0118318434762465,2.4930582529496847,0.0,0.0,0.0020834253988626
437,linear,-0.6461405207872062,0.1614853108341138,0.0,0.0,0.0925047621829046
438,linear,1.098392823944291,-1.164572773040975,0.0,0.0,0.2369135424082145
439,linear,0.2551191137844166,0.3329454781913483,0.0,0.0,0.0410046962766376
440,linear,-1.7674454839353442,-1.7461672076336043,0.0,0.0,0.3895356451239402
441,linear,0.5897289742233864,-3.560171709362293,0.0,0.0,0.0537048285654934
442,linear,-1.1501292107019263,0.8707907643083859,0.0,0.0,0.2234141527221696
443,linear,0.4860300967986695,2.724450960121576,0.0,0.0,0.0779057177987753
444,linear,-0.3265354893509093,-3.046110471883432,0.0,0.0,0.0455831787556165
445,linear,0.7949960275885601,-3.342913026121037,0.0,0.0,0.0494548932244395
446,linear,1.5626857329271382,2.421706980123215,0.0,0.0,0.2599697383345104
447,linear,-0.5263260361821565,-4.3779046856678905,0.0,0.0,0.0350599063755135
448,linear,0.7455596419131774,4.289221029009539,0.0,0.0,0.0693037222942318
449,linear,-1.80417906764016,1.3470082796523517,0.0,0.0,0.225655993434759
450,linear,-1.3339991404519358,-0.746710875767624,0.0,0.0,0.2862877922669682
451,linear,-0.2033388817999935,-1.7186919546894588,0.0,0.0,0.0163177825713796
452,linear,-1.1050296485663438,1.6490034762584918,0.0,0.0,0.2610309686340282
453,linear,1.7528760358753686,2.2169970218028032,0.0,0.0,0.4811880281921781
454,linear,-0.3558546741795281,-4.508188800852954,0.0,0.0,0.097757247668221
455,linear,1.893337458019233,2.6643476261775287,0.0,0.0,0.432444442589893
456,linear,-0.8282245063772291,0.7709262944096036,0.0,0.0,0.187857067985533
457,linear,-0.7765274248514724,4.819192459248757,0.0,0.0,0.0933467098500836
458,linear,0.1620634987456264,-1.2935657537484535,0.0,0.0,0.0324781010970334
459,linear,1.027390410790757,0.78088367758345,0.0,0.0,0.2313603762145549
460,linear,0.0070628165781023,-3.453095836039891,0.0,0.0,0.0012259267543414
461,linear,-1.0700232199492523,1.8475672103041785,0.0,0.0,0.0718789406122691
462,linear,0.1707535902753325,2.895679268878053,0.0,0.0,0.0121494871334585
463,linear,-0.2020007823080467,-3.4539560794050006,0.0,0.0,0.031810325846166
464,linear,-0.3385602819420863,2.1341595728536733,0.0,0.0,0.0596517520008775
465,linear,0.0906451831931258,4.071192079453995,0.0,0.0,0.0107147211839486
466,linear,0.1946106989149263,-2.772179920785934,0.0,0.0,0.0161987853847829
467,linear,0.1936975672907981,-0.0051728462183913,0.0,0.0,0.0559436870363692
468,linear,1.8415678676714733,-1.736503820287851,0.0,0.0,0.1195182209984449
469,linear,-1.235498614676708,-3.321751105290538,0.0,0.0,0.2443724076221941
470,linear,1.0444498372653284,1.4349692799332816,0.0,0.0,0.282587254044676
471,linear,-0.4307132541542122,-2.9444218481581363,0.0,0.0,0.0309687819863165
472,linear,0.9232250109370396,2.6909232337634013,0.0,0.0,0.2291368231421783
473,linear,-0.134967345657806,-3.376643001282817,0.0,0.0,0.031408471465844
474,linear,-1.9051431887004933,0.1857326840872639,0.0,0.0,0.4778641202220005
475,linear,-1.2785130731860304,2.651915361458036,0.0,0.0,0.1697725772395123
476,linear,-0.3438589399943432,1.126668488151907,0.0,0.0,0.03134574842878
477,linear,-1.5873140442670493,0.0622744651944557,0.0,0.0,0.4241833773624828
478,linear,1.9858553149001388,-4.672989661147976,0.0,0.0,0.4278978434456864
479,linear,1.5110160084939426,4.352042539331668,0.0,0.0,0.2026960276813997
480,linear,-1.7776074994487163,0.4484747588120905,0.0,0.0,0.1082105139700546
481,linear,1.3433064868770177,-0.3618918612831496,0.0,0.0,0.0969612964090329
482,linear,-1.3453839477692957,-4.597466499804273,0.0,0.0,0.1302504987336901
483,linear,1.44489189575781,4.477741238540707,0.0,0.0,0.2929043495536034
484,linear,0.0142783512577828,-0.2874047491393083,0.0,0.0,0.0026088721891631
485,linear,-1.3191029186431318,-0.8154993251895988,0.0,0.0,0.2260229231094829
486,linear,1.4274202403831464,1.3718767248889288,0.0,0.0,0.1602493353749757
487,linear,-1.8538505282036977,3.484914539216227,0.0,0.0,0.4960165709156757
488,linear,1.7761764425182922,0.9631554715607642,0.0,0.0,0.1628779252539145
489,linear,-1.1282122037841376,-0.2643846986087386,0.0,0.0,0.2392043615640026
490,linear,-0.4905317901996477,-0.7887057646449467,0.0,0.0,0.0446774669011086
491,linear,-1.6683113709865929,0.8534092903171402,0.0,0.0,0.1608247520585939
492,linear,1.6047581032983955,-4.630443522034323,0.0,0.0,0.1308753169863555
493,linear,0.5618372190293948,1.2450632417333694,0.0,0.0,0.1599984948942591
494,linear,1.8617703349297217,1.397491025028489,0.0,0.0,0.4967197073195348
495,linear,1.184937745008595,0.09526441278767,0.0,0.0,0.1393633282765858
496,linear,0.8109713151900979,2.240119491984513,0.0,0.0,0.075596815804643
497,linear,1.3923799306792346,-4.649932081950913,0.0,0.0,0.304266412882422
498,linear,-1.5532367616002287,-2.0156715873189324,0.0,0.0,0.2659582894775054
499,linear,0.9469390931890844,-3.85153490688606,0.0,0.0,0.0573970367242562
500,linear,0.0155558432010018,2.5811395626015994,0.0,0.0,0.0039187906371411
501,quadratic,-0.2429976535023623,0.8994397368605052,-2.3535355455123814,0.0,0.1734747186961049
502,quadratic,1.6226108859062052,-1.1614511013926414,-2.4304422332213447,0.0,1.1986198038422573
503,quadratic,-0.2445591381209984,-0.3234387807763292,-1.8363742800971956,0.0,0.1353727462649377
504,quadratic,-0.5429405873463473,0.7208013950843735,0.7385860704521843,0.0,0.139476684365123
505,quadratic,-1.047267336925933,-0.9001077037112957,-2.40858884711469,0.0,0.777541996300553
506,quadratic,1.0190687996774352,1.1891771310002688,1.757812678492236,0.0,0.6645412717539377
507,quadratic,1.4163609201616687,-0.9640159623925784,-1.376008667758456,0.0,0.8873777942836376
508,quadratic,0.1990012990064853,-1.0972581509318542,-1.141994471230817,0.0,0.2192910461605909
509,quadratic,-1.790110719517244,-1.078557989470458,-0.6202915566525968,0.0,1.0192338630465927
510,quadratic,1.6601743061753345,-0.706385532888135,1.4901316727395564,0.0,0.964870882761056
511,quadratic,-0.9210247132172764,1.897706155012577,-2.470661004057533,0.0,0.8582548644906698
512,quadratic,0.5076328214656058,-0.5313763386954826,-1.1290290469723825,0.0,0.0941711833396657
513,quadratic,1.3644630768520765,-0.9001728207047108,2.162482140051062,0.0,0.2657324922787279
514,quadratic,-1.6124503504316476,0.8652808598793214,0.2348173270741189,0.0,1.207476092681658
515,quadratic,-0.1079917478787977,-1.955108990913229,2.7645586383847114,0.0,0.1784492833634883
516,quadratic,0.2508159931593989,1.6932887262317773,-1.455237424131551,0.0,0.2446212109017314
517,quadratic,0.6686318177933601,1.6760316585532469,1.6155836833569293,0.0,0.5342419949378121
518,quadratic,1.746744876705156,-1.93779205019379,-0.6644286554374341,0.0,1.2218757082721272
519,quadratic,1.6460719774219688,-1.447533506519008,-0.0058280550710305,0.0,0.3950831973416486
520,quadratic,1.504826241163129,1.1618861675386256,-0.6711082051439226,0.0,1.1389771478129351
521,quadratic,-1.245567283573458,0.4373159844066898,-2.8953275065651303,0.0,0.4024331360792144
522,quadratic,0.1,-0.1911114603405774,2.731562482665836,0.0,0.0449805370851553
523,quadratic,-0.9057826982762034,1.4518399724711326,-2.179650619508272,0.0,0.3023341352834701
524,quadratic,-0.5644324834441532,-1.2521553804184622,-2.8815326404289547,0.0,0.2518704478473543
525,quadratic,0.5876847048707385,-1.0666330039678824,-2.886142459670502,0.0,0.2397434634172815
526,quadratic,0.6038832605387863,-1.7223329501627918,-2.1407374683306992,0.0,0.4552004329674892
527,quadratic,0.634179461416315,-0.7434882126889955,1.755144444422677,0.0,0.4609474956888736
528,quadratic,0.8806449759317365,1.849613293369686,-2.3288771887492623,0.0,0.5775566833794838
529,quadratic,0.3310652799312898,-0.2062911662172148,-2.886501843385007,0.0,0.2560008759447871
530,quadratic,1.1413406438265183,0.9540307342056122,0.6612994870697069,0.0,0.5743958479170121
531,quadratic,0.2319147728592416,0.0933995918946979,2.5326414306841745,0.0,0.0854071541641216
532,quadratic,1.0548568564167415,-1.426516270242311,0.8642386377466216,0.0,0.326370403855166
533,quadratic,1.2767201580379757,-1.970768216680252,1.2895969197016477,0.0,0.9606874937608398
534,quadratic,1.3585425130164044,-1.2214770417016014,-2.5254356862875795,0.0,0.3337229062326392
535,quadratic,-1.3480319317936913,-0.9856711873746504,2.286470845658892,0.0,0.3426750060574857
536,quadratic,-1.833682730706983,-0.5300561159524348,0.5107897247866404,0.0,1.0262015902083343
537,quadratic,1.1781242187349306,0.7264247139495583,-1.0272086813721413,0.0,0.834485233026403
538,quadratic,-1.836364156726181,0.3062799575511401,-0.5102481136630215,0.0,0.2867936030972963
539,quadratic,0.1,-0.2490592410766106,2.5610178238545496,0.0,0.1002786740531777
540,quadratic,1.6517637110999424,0.5022842411836592,2.7169418508760845,0.0,0.6526589166974848
541,quadratic,-1.0821824550305252,-1.9838902055535388,2.342086679918157,0.0,0.3029169724301581
542,quadratic,-0.2008216302576064,1.9971309911090824,0.296104311083353,0.0,0.4504206103330923
543,quadratic,0.688422942554038,-1.7037675606047382,2.60113914063884,0.0,0.5361616911709306
544,quadratic,0.5499908647472225,0.841899060946945,-0.182328809481906,0.0,0.4773574127642156
545,quadratic,1.839887811180013,-0.6326063747759845,1.7042420442636468,0.0,1.214687980866125
546,quadratic,-0.6954943456159439,0.2718772704962524,-2.436330618753507,0.0,0.506514024543578
547,quadratic,0.5141494142638514,-1.1744208918489658,-1.9028051643735064,0.0,0.4642104400396505
548,quadratic,1.4801296397369312,0.9398720692550336,0.2438554133611221,0.0,0.2409662511753178
549,quadratic,-1.668032648620159,1.9788724573259464,-2.7557872966219543,0.0,0.2805774373766849
550,quadratic,0.899771365223017,0.8591690299563486,1.0182731717930338,0.0,0.5939597584952552
551,quadratic,-1.2009606511533315,1.1583386292542004,0.5984241497720744,0.0,0.9524618072507368
552,quadratic,1.541618248251568,-1.1191256276912354,-2.783546540205016,0.0,0.969080099411622
553,quadratic,-1.3213775884073535,-1.9683767646640489,2.27482458792275,0.0,0.9271461770174017
554,quadratic,1.184972608397317,1.3703382633241876,1.5099952994127008,0.0,0.8709212127920877
555,quadratic,-0.1553080325074241,-0.672315951349451,0.9447574175857812,0.0,0.0930852000230192
556,quadratic,0.5630886425979331,-1.5176470078140358,-2.314300618859717,0.0,0.3947927275521226
557,quadratic,0.6389497102155954,0.3852420833578573,-2.015174189268383,0.0,0.2740182835114599
558,quadratic,0.4011928890179486,0.5051884352737592,1.100049488968085,0.0,0.3020968535571218
559,quadratic,1.3984918205529149,-1.8980848456488928,-2.557388869650985,0.0,0.7711065683256245
560,quadratic,0.3550143126759542,0.3859097667689357,1.5654582595165802,0.0,0.2551100712795411
561,quadratic,-0.8582661074922684,-0.7813575235758234,-0.400137598698346,0.0,0.5768723420042952
562,quadratic,0.9848135911881176,-1.763085980262657,0.1449345641542256,0.0,0.7294106931468475
563,quadratic,1.9647035974504248,-0.7405950202941463,1.183555440374736,0.0,1.0242251397447102
564,quadratic,1.265423398521043,0.8122544612413365,2.901619556262431,0.0,0.6246582319492127
565,quadratic,0.780231790879427,-0.8363861138878614,-1.199816873069931,0.0,0.1704038706650055
566,quadratic,1.678215909824167,-1.5712470869460042,-2.1214079075228,0.0,0.4480195596551994
567,quadratic,0.1,1.110129619567796,-0.8972432989218944,0.0,0.3255185587391521
568,quadratic,0.3950886743352075,-0.9190189919471288,0.2857591761098872,0.0,0.2287053390505647
569,quadratic,1.731847225013333,-0.3099923954687078,1.999765634894386,0.0,0.6629113405632391
570,quadratic,0.2521228079933535,-0.4951498661910589,2.664214433158863,0.0,0.0648713548466912
571,quadratic,1.777535823939126,-1.9011791385983157,-0.9386635150938868,0.0,0.7470005819749256
572,quadratic,1.947000072241384,-0.6845103509249828,-2.827513409113101,0.0,1.1156609857708868
573,quadratic,0.1,-1.2564664858157797,-0.8759051065948897,0.0,0.3114337535741012
574,quadratic,0.4719380298177777,1.0198201403393647,2.228143389628701,0.0,0.2458241434138146
575,quadratic,-1.30692057005984,-1.910172894503007,2.185531085513941,0.0,0.8254081409055501
576,quadratic,-1.612797325258084,1.0629473075997464,-2.328955667653245,0.0,0.8952265322882803
577,quadratic,-1.8779187579794248,0.4718101775884409,0.4300235134394432,0.0,1.0280859244863856
578,quadratic,-0.2413244055361292,1.9287196687375372,-2.4575170786460028,0.0,0.4766369229414322
579,quadratic,1.1171970781701024,0.9592174197465692,1.224309846638704,0.0,0.4730183467752601
580,quadratic,-1.128006939072543,1.404239149108804,-1.197867646111365,0.0,0.6546164408362359
581,quadratic,1.9757498303425496,0.5543414926031796,0.8165610750819252,0.0,0.6293794825143219
582,quadratic,-1.6328158680534028,-0.0644738433979461,1.648452501180925,0.0,0.6742423830033167
583,quadratic,-0.2216349410097349,-0.6247279755928554,2.8553180699357465,0.0,0.1616494071633861
584,quadratic,-0.1855629542806411,-1.5115404952117282,-2.5009520640109137,0.0,0.1309793568787598
585,quadratic,0.6453081577983402,0.0421152293727771,0.4895873426253589,0.0,0.3913547805514108
586,quadratic,0.1,0.0588441491729931,0.4616138705045354,0.0,0.0609285332009023
587,quadratic,-1.4901531911923285,-1.1543652856545372,1.9097389027524088,0.0,0.7417819438741825
588,quadratic,1.7708668772520162,0.2709813708601873,-1.3775854130276637,0.0,0.5016162208778724
589,quadratic,-0.8627526741413565,-1.623244159584758,-0.2387198647536523,0.0,0.3645554483495043
590,quadratic,0.931969269973964,-0.4257619879591332,2.729264685148157,0.0,0.2543769842190999
591,quadratic,-1.2034015479307687,-1.0732482895785944,0.8765508029332985,0.0,0.9344860687074952
592,quadratic,1.0195907387618923,-1.369807616369123,-0.2860017389513336,0.0,0.3080124340316807
593,quadratic,-1.8617122304804417,0.0672776057541035,-1.157927544964116,0.0,0.508057352517657
594,quadratic,-1.194985722768629,0.5683193790882717,-2.261928194004483,0.0,0.6703190093729452
595,quadratic,0.1,1.1252176502356193,0.5405740162598662,0.0,0.289212386880569
596,quadratic,0.9753680140553662,1.7363909586919597,-1.435404574148543,0.0,0.8422872251406648
597,quadratic,1.173655933875947,0.0223789336653772,0.5575630419505018,0.0,0.3792702146217298
598,quadratic,-1.4304077518545784,0.6113055300897927,-1.338712267834654,0.0,0.5416900103390652
599,quadratic,1.8444251419681772,-1.6849133826006608,-0.3893217872595809,0.0,1.006090058482997
600,quadratic,-0.1257923657393318,0.7479154147098845,1.4414680660466015,0.0,0.2248042921309496
601,quadratic,-1.0405022243708868,-0.6025748260469457,-1.2086579155480794,0.0,0.5826402406476499
602,quadratic,1.2724862439456568,-0.5817460804235397,0.5638513895118371,0.0,0.5424325683739528
603,quadratic,0.3950171396244029,0.3220077898812308,1.1018125808337054,0.0,0.2355059920793714
604,quadratic,-0.1620302011415693,-0.1544655680498863,-1.1576466197323845,0.0,0.1173168823016439
605,quadratic,-0.6329110997549812,1.7329360065392303,-0.0949843421843348,0.0,0.3132295281390643
606,quadratic,0.5605515962833172,0.4853135370700201,0.1247277331736249,0.0,0.1845519116097815
607,quadratic,0.1,1.4519873151664462,2.2955110747977274,0.0,0.2367161336872281
608,quadratic,0.1,0.8672097449072282,2.3923407494891764,0.0,0.0922643231579412
609,quadratic,-0.8242088824386307,-0.854450642861027,1.5235806334573263,0.0,0.3384516878937245
610,quadratic,0.3478361733737451,1.9168512450700923,0.4561148533623056,0.0,0.583703746826696
611,quadratic,-0.5046292747701613,-0.397305884626332,-1.7378183720264326,0.0,0.332346274310403
612,quadratic,1.5515073948148896,-1.9053300569423404,-1.6936659103917455,0.0,0.9439220911350183
613,quadratic,-0.1,1.0703833372112197,0.9420059640046752,0.0,0.1144576309935037
614,quadratic,-0.1517739369204802,-1.7421783282384204,2.522057894593414,0.0,0.1472027325391712
615,quadratic,1.484913311315919,-1.0647660561172425,-1.1189301613581404,0.0,1.091694369872077
616,quadratic,-1.4711215656392975,0.2353572021744701,-2.2859175851043085,0.0,1.055325628446497
617,quadratic,1.8284950764795056,-0.6316194967986193,-2.87438150723323,0.0,0.8194581262557574
618,quadratic,0.3702572498319387,-1.474017960818462,0.6953657581266288,0.0,0.3232242743146768
619,quadratic,0.104672206292562,-1.4367298351960276,-0.3901796046787105,0.0,0.3449224339912218
620,quadratic,-0.1,-1.7694314258942048,1.668557009392979,0.0,0.444956228814611
621,quadratic,1.0859063888471496,0.7919344794103287,1.7965549317281972,0.0,0.1867815169908942
622,quadratic,0.2400904732679736,-0.35918991096475,-1.460230932150033,0.0,0.0505266512806925
623,quadratic,-1.2043990145570729,1.6219008869371585,1.9127023926235296,0.0,0.5268861630527977
624,quadratic,-0.1,-0.1926302893260474,2.7862467940277407,0.0,0.0707458430338795
625,quadratic,-0.1,0.4146221375254391,-0.3914748965731931,0.0,0.0541079586858618
626,quadratic,-0.5634447929453565,-1.3837971836359624,2.471669422610012,0.0,0.2336252180075585
627,quadratic,-1.1684297458736324,1.229103588954897,0.1984660965142839,0.0,0.388215413932746
628,quadratic,-0.1,-1.5550867763196394,-2.200642204912272,0.0,0.2683596876682906
629,quadratic,1.568419650469565,1.5582698383920794,1.936470591637141,0.0,0.9018090789953788
630,quadratic,0.6083522570537334,0.9241443388790992,-1.269578494528613,0.0,0.5317214030525268
631,quadratic,1.672210472835252,-0.7075233483864203,1.4122324963294162,0.0,0.817523546005426
632,quadratic,-1.6346060513585048,1.3739155271637906,0.76556675268177,0.0,1.1885206899664813
633,quadratic,1.959246285236396,-0.7073950053632054,-2.4397659757865373,0.0,0.5946902993272885
634,quadratic,1.469202533811381,1.059242507184906,1.9504701701160652,0.0,0.2902642497856022
635,quadratic,1.6535689434955447,1.5229100897582302,-2.2439235662589803,0.0,0.9021551760898356
636,quadratic,-0.9895867757423926,-1.6714625271890342,-2.5300666551970297,0.0,0.800691554845878
637,quadratic,1.923371567867053,-1.298267195145066,2.5182355542655905,0.0,0.66112708405977
638,quadratic,-0.6428673171177937,1.9619557705917303,-0.6773338448029782,0.0,0.4894492274188409
639,quadratic,0.2476654654466092,-0.2913127059990938,-0.283706170548359,0.0,0.071376364534261
640,quadratic,-1.2089857687462802,-1.569786555024839,1.4175634935137449,0.0,0.7289765545454231
641,quadratic,0.4158196732601866,-0.5072004270130472,2.619238531293064,0.0,0.1634169555365779
642,quadratic,0.745066044641292,-0.4669858742968769,-2.443660951847733,0.0,0.3452838332062259
643,quadratic,-0.4492152348426561,0.0304593045931476,-1.294808013077574,0.0,0.3331120494618427
644,quadratic,0.8770344811239461,1.8622096281866352,-1.9431157136585568,0.0,0.6854983666774308
645,quadratic,1.9162864267369395,-1.8955251882857784,0.5828296354429101,0.0,0.6200843312219058
646,quadratic,-0.8260475658101196,-1.8575384184592536,1.5055829151884206,0.0,0.6318592503952245
647,quadratic,1.488184640438182,1.5951105862407835,2.781231312146266,0.0,1.1029172019169302
648,quadratic,1.4144620249884836,-0.9633342943246536,-0.9807743444680984,0.0,0.6490960827598706
649,quadratic,1.191272304778192,-1.7978373319898346,-0.8283701786970559,0.0,0.7840148422921092
650,quadratic,-0.5393160936867405,0.5575698616112508,-0.1501318650569998,0.0,0.1431732520452109
651,quadratic,1.8907145221499428,-1.744030654583291,0.1413354025319328,0.0,1.1818107285505617
652,quadratic,-1.2889390907944764,-1.2923208881870265,2.728078075068197,0.0,0.2860441274827746
653,quadratic,-0.4303043005769149,-1.7933992319285657,2.476762409086393,0.0,0.3412763454650598
654,quadratic,1.3768548652771408,-1.1494851556074583,-2.845026529845202,0.0,0.8819709478689207
655,quadratic,-0.6977027682114638,1.4880036524004083,-2.270948553818469,0.0,0.1706566014873416
656,quadratic,-0.8116509537924221,-0.0288007135901193,-1.654687269939472,0.0,0.3082943605828588
657,quadratic,-1.72920509530462,0.7331810639628533,0.1320605543749202,0.0,1.038820113693359
658,quadratic,-0.6411722140132841,-0.3395660143354941,-0.0629124186470635,0.0,0.3602986028249261
659,quadratic,1.9090154976062448,0.2091903306482927,-1.8775654010118643,0.0,0.3526803236007837
660,quadratic,1.5123755915105463,-0.6915411558957292,2.994965953937033,0.0,0.9946537257189496
661,quadratic,-0.1,-0.4154164039822694,-2.3522669423158447,0.0,0.0877698978588714
662,quadratic,0.5060921482598753,0.6994854914495505,-0.5933454144615595,0.0,0.165442070370924
663,quadratic,0.1,1.11561920929373,0.6713192855046186,0.0,0.2933424829358998
664,quadratic,0.1,1.3034114056328,1.6087708005374024,0.0,0.2335165653408343
665,quadratic,0.1,0.5415093303293506,1.1432571674495158,0.0,0.1535611664806122
666,quadratic,-0.9274328121037692,-0.2447954265320673,2.361898413970281,0.0,0.2066351289057583
667,quadratic,0.3123840029236997,0.4442384032180864,0.7278475662119419,0.0,0.228061039083146
668,quadratic,1.3895972323996475,-1.1169015388666557,-0.701528477669239,0.0,0.8760671240022442
669,quadratic,0.5031347458128121,1.675802947263374,-1.0766386370597345,0.0,0.525756883625482
670,quadratic,-0.1957602482361178,1.95607806127202,-0.7391180849153463,0.0,0.2697126055397822
671,quadratic,-1.5055295259345651,1.328006803784317,-0.9993077470680496,0.0,0.8240270145220517
672,quadratic,-1.8495470722390996,0.170032386726525,0.766197573242418,0.0,0.422129090689573
673,quadratic,-0.5872283204209485,1.8863930881162991,0.0619230628479483,0.0,0.4965061014002646
674,quadratic,1.4168085999703806,1.6151646667329356,0.7689158491637889,0.0,1.0700873946175926
675,quadratic,1.6888220724160703,-0.7977028599177891,-1.1217583676218,0.0,0.5960763894438852
676,quadratic,1.232466004487597,-0.8541773076479622,0.7444628963581001,0.0,0.7603985162256355
677,quadratic,-1.6785449317328611,-0.985380989739892,2.433242541623149,0.0,1.290732200751634
678,quadratic,0.4842922684984732,-0.0615482595098106,0.5156855027221603,0.0,0.3144805290607811
679,quadratic,-0.3083092866130603,-0.9840331687737288,-2.5134668548135464,0.0,0.3122810510619753
680,quadratic,0.1,-1.3362926759101357,0.3989379004905524,0.0,0.1574732049000311
681,quadratic,0.1623534361958301,-1.6941028806575922,0.3068268095351274,0.0,0.1169884975796294
682,quadratic,-1.0913039685300312,0.097952225455403,1.6141643747765675,0.0,0.2296548795506293
683,quadratic,-1.2311991234785795,1.6369600744459087,0.9942335254093472,0.0,0.802039039022666
684,quadratic,1.209064140760884,-1.6913424031953697,-2.058653167092356,0.0,0.5733052671814437
685,quadratic,-0.2649027781700606,0.1251563456588105,0.3724648913566222,0.0,0.1257609548030537
686,quadratic,1.7049467712317865,1.65734148632392,-1.221836598894108,0.0,1.0516120716894573
687,quadratic,1.2589048710825006,0.9087883459608146,1.1490469918604536,0.0,0.3333292951140699
688,quadratic,-0.1,0.17708554930363,-0.294631900721316,0.0,0.0422706123139786
689,quadratic,1.279149039232621,-0.601249732681882,-1.5332661018530642,0.0,0.6315060579382826
690,quadratic,-1.5223915923814184,-1.4292835217592263,0.0513859228691364,0.0,0.9442545772952854
691,quadratic,-0.1,-1.142586192594036,2.3525481951011624,0.0,0.1427896034756502
692,quadratic,0.6382145693381127,-0.9649192745706708,2.2629169052012337,0.0,0.372770595479881
693,quadratic,-1.9319321503420763,-0.7934831795629118,0.6979260257970283,0.0,1.3983055010541008
694,quadratic,-1.381721090722623,-1.191593065331352,0.9736156459361798,0.0,0.7525712443482143
695,quadratic,1.6086142359129636,-1.3975661460572106,2.72140339432264,0.0,0.9864811669538384
696,quadratic,-1.045284900029798,1.5346909357045884,-1.0543304556235262,0.0,0.4810130624195559
697,quadratic,0.7874192695128643,1.0326217392756898,1.281841471530976,0.0,0.1426050190597828
698,quadratic,0.890583195081597,-0.1662345661488689,2.022939848549721,0.0,0.4849830824948778
699,quadratic,0.8201003057026646,-1.1385318803829856,-2.5382468201298147,0.0,0.6036629390831871
700,quadratic,-1.6903504721160836,-0.5086580565167118,-0.7957469579977516,0.0,1.2793449368399734
701,quadratic,0.4336856650243605,-0.3960582043323937,-2.8073539973765134,0.0,0.2907685166119416
702,quadratic,0.1965879888570438,1.2586646109540096,-0.1263053738528374,0.0,0.3695649051736993
703,quadratic,0.1503899507447079,-0.8613402281092113,-2.583381774051367,0.0,0.111081188652159
704,quadratic,-0.7106790304439361,1.7315086385338063,2.873783674560001,0.0,0.6569509565511484
705,quadratic,1.198993799271233,1.4229024251448572,-1.0386000959253066,0.0,0.3648585664990748
706,quadratic,1.4039284296041297,-1.808717776254384,-2.3451452228438985,0.0,1.1311389336575313
707,quadratic,-1.3856649146704505,-1.3690797001032484,-0.1633646603478733,0.0,0.3037236814582161
708,quadratic,1.3671131336214009,-1.27945201730672,2.775111932067274,0.0,1.0295913097156002
709,quadratic,-0.8110758607167283,0.3538428717766977,1.787515430622407,0.0,0.2147252035955417
710,quadratic,-0.1982067266933511,-0.5482942410158382,2.690769494422872,0.0,0.0932136135165277
711,quadratic,0.1,1.2489048425380065,0.1435693427997133,0.0,0.183748296604734
712,quadratic,0.2697949535815125,-0.809309522637065,-1.736281531873268,0.0,0.2171748392633901
713,quadratic,1.5376787326625685,-1.6453022829822777,-1.826553189597675,0.0,1.2306779691967202
714,quadratic,0.8494904643511245,-1.87125235449868,-0.5278824726953966,0.0,0.4597925920106538
715,quadratic,-1.107316017098583,1.68335703398269,-2.6779036602778987,0.0,0.5843236805004619
716,quadratic,-1.4943706380188044,1.2961934101630184,-2.394291310810966,0.0,0.5584802868422981
717,quadratic,-0.5199639501118538,0.637309393339268,2.21822502903961,0.0,0.1186689115768619
718,quadratic,-0.2256724762249762,-1.082849917953233,2.3074098402631504,0.0,0.326664515985726
719,quadratic,1.2267273592482604,1.1915406937383222,0.2346088620582662,0.0,0.7526341959313003
720,quadratic,-1.4319962933352586,-0.5881338768845814,-0.7412748491138359,0.0,0.2843495794600823
721,quadratic,0.8177441886310168,-1.6083183699980634,1.249416832197289,0.0,0.2890639392148867
722,quadratic,1.0326270154288255,1.8186065866565304,1.4522784006792877,0.0,0.4319218641148463
723,quadratic,0.9287915130172886,1.1300061252904785,-2.720357068070558,0.0,0.5342547715288757
724,quadratic,1.2163972562634138,0.3427157365624595,-1.0973942451840812,0.0,0.8025322867653647
725,quadratic,-0.7755330453893561,0.0101455621535588,-1.4640794688998993,0.0,0.1750263943474845
726,quadratic,-0.9401706396382944,-0.7229766386239382,2.11766036626136,0.0,0.1606151577191019
727,quadratic,1.6840271359789298,-1.6629494045100626,1.150415217074288,0.0,1.0069686489592558
728,quadratic,-0.1,-1.4824522167574674,1.2446466054043253,0.0,0.2869467266464934
729,quadratic,1.1279155082935477,1.8084200458748905,-0.8422995278140988,0.0,0.3371139312505866
730,quadratic,-1.3368058566698209,1.078884957397332,-2.695165274953632,0.0,0.5039635235324086
731,quadratic,1.9352580299754325,0.9524120087309718,-0.4317068884998694,0.0,0.721262277734604
732,quadratic,-0.8816718956740606,-1.1547707001531795,-2.6031151314861374,0.0,0.7049753247698195
733,quadratic,-0.5728899952179165,0.4301715351626014,-1.0988755521461662,0.0,0.4177470444178933
734,quadratic,0.4526446095293535,-0.1062561042625405,0.6027527246001041,0.0,0.1943483695906323
735,quadratic,-0.929687076552998,0.8415670089130374,-1.2088705279182883,0.0,0.4172752173475122
736,quadratic,0.8567817898902899,0.5506615196544926,-2.7602146070312115,0.0,0.3987824587556416
737,quadratic,0.1779750138717188,0.0480339877272588,0.7064388223689364,0.0,0.0580670408796244
738,quadratic,-1.2367458732570409,0.2160457459837608,0.0279865125333693,0.0,0.4965852253259527
739,quadratic,-1.2381994541941728,-1.6728287302822014,2.943094793372211,0.0,0.8176903762037827
740,quadratic,-1.427262802089985,1.7866974922880727,-2.906434753072623,0.0,0.249780154086574
741,quadratic,0.8943897050756409,-0.9877072636938116,-0.4158338868716571,0.0,0.3144003499192069
742,quadratic,-1.7592896803086102,1.225712515645081,1.9862767862710928,0.0,1.2501187285278144
743,quadratic,-0.7586456269846318,1.548491838675781,-1.0437791703663244,0.0,0.6504776663973654
744,quadratic,1.7644882794018684,-0.1145868196383923,2.024689338602702,0.0,0.597931749279365
745,quadratic,-1.6267475240150322,0.4722590520399263,1.643192231484912,0.0,0.5107853006030426
746,quadratic,-1.207927682963228,1.1897854528956544,-2.485656792666876,0.0,0.2171410882219077
747,quadratic,1.2701540704118663,0.9054535783494416,-1.7518496947586095,0.0,0.2590196385383939
748,quadratic,1.5963613384079327,-1.3050117581387304,2.139305544322607,0.0,0.5728165495004179
749,quadratic,-0.8899616875066396,1.144861182238119,0.8828077976539204,0.0,0.5310878118755674
750,quadratic,1.3569985015978174,-0.616064647272907,0.2364024186275881,0.0,0.5857056736836235
751,quadratic,1.966153158720836,-1.5556267104531547,0.8667806449851763,0.0,1.482520204784707
752,quadratic,-0.2919433934040114,0.3676038748462411,1.3057459997557848,0.0,0.1826255714970502
753,quadratic,0.2797580364048926,-1.2863945074028291,1.3041546640475286,0.0,0.2592662017477063
754,quadratic,1.0655055089606256,0.7816283590984598,2.0255812737594407,0.0,0.340841750166812
755,quadratic,1.5222182254521497,1.632259620667869,0.6667460372596921,0.0,1.1185953151590442
756,quadratic,-1.075219116200258,-0.955489537788868,-0.213446057295223,0.0,0.4653556990854376
757,quadratic,0.8391361523622298,-1.0673625452291144,0.7599159675421108,0.0,0.6875338135340351
758,quadratic,1.8593973952088527,0.7291167991256597,1.203475454899734,0.0,0.3449762611047188
759,quadratic,-0.1,1.994182990584875,-1.4108017082522848,0.0,0.4485015097592424
760,quadratic,-1.0627171110897289,0.20714318934106,-0.7253371869371317,0.0,0.6124563295777536
761,quadratic,-0.8991046436316021,1.4933097832541704,0.1592725045930825,0.0,0.7681592274088856
762,quadratic,0.5468484067433472,1.5988777850993476,-0.3055641509643076,0.0,0.5167011277212289
763,quadratic,-0.5683441778790037,-1.9030698924795384,-1.6496448908897756,0.0,0.6756584250521416
764,quadratic,-1.6998690146267958,0.4238242845444286,-1.0303060659055223,0.0,0.8164623321962294
765,quadratic,0.1,1.4910261030683645,-2.4660974312742265,0.0,0.2366506579065031
766,quadratic,1.9708825348328145,1.75449953445779,0.9104877515775024,0.0,0.3366223883511385
767,quadratic,-0.7173886731127288,-0.9925482743366958,0.8356806499561662,0.0,0.605610102247158
768,quadratic,1.2842586575643953,1.8221298072738892,1.1714267849286468,0.0,0.4347237684682797
769,quadratic,-1.8138882184035212,0.3762444892232244,2.618267104966216,0.0,0.5769391414044259
770,quadratic,0.2556549840512647,0.3536236428614283,-0.7943434266214808,0.0,0.1305356136521115
771,quadratic,-1.4370502570817036,0.2515305392355773,-2.5412067630890767,0.0,1.08154598939068
772,quadratic,1.413176963509963,-0.9578983884961576,-2.8573022267971373,0.0,1.084345873188048
773,quadratic,-0.8301574534717435,-0.7838826000415207,-1.8493438751792703,0.0,0.3140114414216557
774,quadratic,1.8051001222906289,-0.786860586868066,0.102146193636706,0.0,0.489247290474554
775,quadratic,1.4408198020535208,-0.2858334432694298,-1.249701457798373,0.0,0.8094355556220659
776,quadratic,1.2119453956102704,-1.181835659278299,2.592387984339733,0.0,0.6461429745447154
777,quadratic,0.8500465095066967,1.8484838995099808,0.1849140368751398,0.0,0.4215212687262247
778,quadratic,1.8949757529542797,0.4956664372445525,-2.864803509021007,0.0,1.170117649999959
779,quadratic,-1.8027703322533293,-1.3602074147492051,-2.053751941946844,0.0,0.465053555595321
780,quadratic,-1.690422499345145,0.9500413570575632,-1.4044719660604368,0.0,0.844513536925342
781,quadratic,0.1663329628024965,1.7715844949721404,2.721482251817111,0.0,0.4252558320591394
782,quadratic,-0.4963487760230567,0.9026367798980584,2.3024332970830708,0.0,0.1598431111762613
783,quadratic,1.6845369517624218,-1.4920191897106148,-0.2648020444350845,0.0,0.8310134585112288
784,quadratic,-0.265925510134148,1.6033167785245932,2.1437993468511234,0.0,0.2475022942440634
785,quadratic,0.1290888447594991,-0.9269079754706828,-0.0647846035281274,0.0,0.1300841029131728
786,quadratic,1.0532322899082422,-0.2471866798050013,1.6196431144099446,0.0,0.6620511268459317
787,quadratic,0.2254623514300671,-0.5939972239321305,-0.9970610370186545,0.0,0.134802621337334
788,quadratic,-0.5711140782836459,1.4791789148923984,0.0953338457180121,0.0,0.2142822474322458
789,quadratic,-1.786695134637518,1.4688443016330752,1.380215481323634,0.0,0.6996536024402119
790,quadratic,0.1,-1.0358817608789526,-0.9090084980009818,0.0,0.1630473942524302
791,quadratic,1.1264209350367245,1.408753420635643,-0.2073983358855038,0.0,0.7322367980142797
792,quadratic,1.150063892083658,-0.8081062540932842,0.9065616657362066,0.0,0.4558945002086783
793,quadratic,0.1877793654330881,-1.5590031205516235,1.1501641675095016,0.0,0.1961252492735746
794,quadratic,1.1345579165156616,0.2898705904363141,-1.7404151638237508,0.0,0.345875977135359
795,quadratic,-0.2320874233158942,-0.5890175612902353,-0.5523927288971064,0.0,0.2134876443165282
796,quadratic,-1.5885215323662063,1.518113930332642,1.0824229535481944,0.0,0.3595466027214967
797,quadratic,-1.021993671283946,1.458429709354057,0.3784782971361555,0.0,0.7457474323742816
798,quadratic,-0.9718259126871732,1.8927616610312576,2.5958594114731186,0.0,0.2739508292103081
799,quadratic,0.6440827285248631,0.03435232707176,2.282732338406248,0.0,0.1033004982869353
800,quadratic,0.227535092282364,-1.187147668588889,0.6796395444957755,0.0,0.1570417014503173
801,quadratic,-1.687598292193213,-1.929223619241588,2.2546618934037834,0.0,0.8804048866586996
802,quadratic,1.6302600721395413,-0.0750300573481559,-1.6560123701238514,0.0,0.4131283445102263
803,quadratic,-0.941486496914112,-0.6783851947310882,1.5326790609338206,0.0,0.5293999264879256
804,quadratic,1.263128998960521,1.1232861612412854,-0.3573002846659836,0.0,0.5578516490179694
805,quadratic,1.5488682586893217,-1.1231524644370978,2.358134594728132,0.0,1.1705222913502455
806,quadratic,0.6746369752363885,0.2964495911692903,-2.922546740980599,0.0,0.45032043265629
807,quadratic,0.3481604738460211,1.298186720952148,-0.0938911618385534,0.0,0.3625179610671853
808,quadratic,-1.6207144085349343,-0.0426512195428361,-2.1426405409029137,0.0,0.2761875508193102
809,quadratic,0.9217797809869128,-0.910134175312186,0.3829176916315489,0.0,0.4317487325868333
810,quadratic,-1.4060110940158728,-1.168668676693286,-2.7594502505074296,0.0,1.111152862702925
811,quadratic,-1.8279508309521493,0.532640341764155,-0.6677911632315192,0.0,0.7168070796279037
812,quadratic,-1.460949260235481,0.8118157015025482,0.2359417304350088,0.0,0.2975913363409166
813,quadratic,0.4079612419358178,0.4064759691586057,-1.6229895008410642,0.0,0.3219760749833323
814,quadratic,-0.2472901315333304,1.9194354746713964,-0.5133921513439761,0.0,0.4270423796829752
815,quadratic,1.950832469168989,-1.363435088365622,0.7290697560195469,0.0,1.4212923049987984
816,quadratic,0.3732648374300136,1.1929727688051217,0.897014610282743,0.0,0.1142778181830524
817,quadratic,-0.7251480270347157,-0.5410513261186813,0.0901841070483273,0.0,0.3675882392041676
818,quadratic,-1.6890341681723475,-0.6659978189623965,0.1079858226557091,0.0,0.3425536576503594
819,quadratic,0.4774841009555963,1.4070065214460787,-0.79006890416419,0.0,0.1530576738468048
820,quadratic,-0.1,0.0886123381388901,2.2227369207599885,0.0,0.0523617963460402
821,quadratic,-0.9874248599895944,0.320488643187061,-1.1806732494692134,0.0,0.3413383977581213
822,quadratic,-1.9429348763105616,1.653945417922429,0.7050234376980269,0.0,1.2344183518223966
823,quadratic,-0.7690401508473164,1.648756081240327,2.319469906400313,0.0,0.3975053978013165
824,quadratic,0.9598856713994364,-1.3280436136474585,-2.5172784295347785,0.0,0.6492158413742761
825,quadratic,0.3572734696053747,-0.9643196569326328,-1.294050658323599,0.0,0.2877054755386008
826,quadratic,-1.9729823141562552,1.463649678476053,2.401054846887768,0.0,0.4848769529925436
827,quadratic,-1.8303394319187096,-0.1395971907070934,2.40596596958334,0.0,0.4340844453074568
828,quadratic,0.9473857794402374,0.304559460608039,2.8263579692897967,0.0,0.2607326375647567
829,quadratic,-1.980969585668692,-0.149422009778867,2.609854622016809,0.0,1.4996667267152164
830,quadratic,-1.080006152799589,-0.0676084027949821,0.3343731522142033,0.0,0.6135874801340906
831,quadratic,0.2728741571263966,-1.49832207572786,0.0247113989958438,0.0,0.4377831988948415
832,quadratic,1.3946200817708143,-1.5137127449413956,-1.3230490656804328,0.0,0.47224612206915
833,quadratic,1.1606490100761375,0.3594558311245057,0.0240749141318912,0.0,0.5289156700409201
834,quadratic,-0.865648120972331,0.6758523018437943,1.7368566049838128,0.0,0.2466112760743737
835,quadratic,-1.4248795536657273,-1.833314418916017,0.4482517618215849,0.0,0.4131653577862017
836,quadratic,-1.8984054999723317,1.2195246696445476,-2.9239794330802464,0.0,1.0450631161397688
837,quadratic,-0.3968190561890727,0.8697839493803339,2.202500780650528,0.0,0.3157560041359313
838,quadratic,-1.7673047201157297,1.4825945967475709,0.9962063595715688,0.0,1.3856087528397585
839,quadratic,-0.9423731716675235,1.7642203665709482,0.1658745735566928,0.0,0.603868537473135
840,quadratic,0.6084249692523467,1.193453313126565,-0.2245133915380819,0.0,0.366988244249006
841,quadratic,0.4396687686166265,1.97276736534664,-2.3115153232397025,0.0,0.4772065347735302
842,quadratic,-0.9939362507569808,0.5626445279300589,-2.3829473878120297,0.0,0.2867459617104628
843,quadratic,-0.9570059175526292,-0.9456309261012366,2.340056389263964,0.0,0.5447855150700479
844,quadratic,0.6723620209966863,-0.5011791161966599,-0.3206376082625128,0.0,0.1480553984194024
845,quadratic,0.3212551316547958,1.022173256684983,0.2564049308040661,0.0,0.2720132747234397
846,quadratic,-0.1617128912720478,-0.6597920476805945,-2.245260665864086,0.0,0.2025217934472556
847,quadratic,0.398896248183302,1.4829774617633005,0.8068887799670232,0.0,0.336447063952373
848,quadratic,-1.3501277490561678,1.3220451273436242,-0.4579537743646504,0.0,0.7219890602037892
849,quadratic,-0.649041015036623,1.8728633737231228,0.870324077146901,0.0,0.5823825742083643
850,quadratic,1.8763657601705612,-1.666510217282776,-2.086058266604116,0.0,0.7832436433083242
851,quadratic,-0.4167218149206193,0.0349510776857795,0.3688720623356274,0.0,0.2465853965534948
852,quadratic,-1.4575468863688577,-0.2950910325205105,0.1866806308243669,0.0,0.5653997121142282
853,quadratic,0.1,0.6532784638836264,2.9569651627132068,0.0,0.1665105764454471
854,quadratic,-1.065064131220435,-0.2495444247136786,2.1384384061887687,0.0,0.6280930284842993
855,quadratic,-1.508420346407171,0.2175389907700187,1.7502620289198791,0.0,0.7446292932298518
856,quadratic,-1.9289855432577905,-1.713564912475897,-1.1791807571712536,0.0,0.6560741921294487
857,quadratic,1.1845485791724155,-0.7398941722310406,-2.5917273620461527,0.0,0.4514166421495765
858,quadratic,1.7870375470480386,0.468366903167313,0.1045092176356905,0.0,1.0847752658800436
859,quadratic,0.6117839628570492,0.5645718565036009,-0.6387896610721615,0.0,0.1647256286782407
860,quadratic,1.5440450266800023,-1.635938236102736,1.6868870803646976,0.0,0.8117967962180362
861,quadratic,1.0246874304336808,-1.1141130436972846,2.771230938764395,0.0,0.7433256807134468
862,quadratic,-1.0312542853034232,1.6410540488885927,-2.190474953138549,0.0,0.2400964046865944
863,quadratic,1.6128249947484847,1.6612798493069405,-2.380491816741852,0.0,1.0194542212171052
864,quadratic,-0.3368055399678957,1.0112761765009206,0.4684638955679432,0.0,0.1111884050365843
865,quadratic,1.8369766866963528,1.1177459025982563,2.477269884486063,0.0,0.8519949899179041
866,quadratic,-0.6051219987713905,-1.82220187224683,-2.170630501921279,0.0,0.3459321642740798
867,quadratic,-1.5459864578088809,-1.969940192476156,-1.658153749312618,0.0,1.0136899191612527
868,quadratic,0.6223578759112494,0.9598520439668948,0.8804326775521014,0.0,0.4964875723558896
869,quadratic,-1.877715171233485,0.4716449164597689,1.9239193557617733,0.0,0.686558693820166
870,quadratic,-0.1912920703804856,-1.5948757788996786,2.525495620666944,0.0,0.4783223886393751
871,quadratic,-1.7008076409709585,1.125040093305984,2.882109629403617,0.0,0.3055900885887054
872,quadratic,-1.406761659594168,0.5205884623069381,-2.625909477263363,0.0,1.0573016830113906
873,quadratic,-1.7244752731119617,-0.5632902935746196,-0.2962984824635999,0.0,1.0158899456707529
874,quadratic,-0.7575181765723498,1.735439171227667,0.0232516224592105,0.0,0.1703067019133728
875,quadratic,-0.9754750794716482,1.4993758232234833,-2.1441313404099303,0.0,0.4917810720283299
876,quadratic,-1.741610741923385,1.1162592160149845,2.251304483608825,0.0,0.9038372313000292
877,quadratic,-1.981645802121972,-0.8933077977075796,0.458558868949245,0.0,1.1700850241931775
878,quadratic,1.9229924267891316,0.6271945610058216,1.847733624148136,0.0,1.208953620684048
879,quadratic,-1.6674598725112424,-0.4174125150443335,2.547152033358054,0.0,0.8159034785007284
880,quadratic,1.6318237214658091,-1.175447385487713,-2.358672490450358,0.0,1.1615999749895445
881,quadratic,-0.2852162506041971,0.6873720131766032,2.801780750416505,0.0,0.1324235740754739
882,quadratic,-0.6495562974659683,-0.6346359522305707,-0.4450608815750176,0.0,0.3881587855395551
883,quadratic,-1.3592116042692837,1.214519973084689,-0.1370597260360933,0.0,0.421343964826693
884,quadratic,0.7855190358241284,1.696861824833615,2.514447424726944,0.0,0.3156056015810365
885,quadratic,1.5528684675759945,0.4885118425596024,-2.278684968049284,0.0,0.7285148763419178
886,quadratic,1.4931075137131815,0.6575232914706075,-0.9375730468581284,0.0,0.5541479199024164
887,quadratic,0.7462568994112933,-1.281226994584805,0.6176636865288714,0.0,0.4160705536464543
888,quadratic,1.1020944800525267,1.5685549009465176,-2.4522947376657065,0.0,0.8705499673418767
889,quadratic,-0.3644160998909633,0.4325365342619309,-1.8364995585780104,0.0,0.2023472133122794
890,quadratic,-1.8062416300212425,-1.3105326762666607,1.916850375814428,0.0,0.9992683291777238
891,quadratic,1.336733272241308,0.8956580351142804,0.6766990988705226,0.0,0.7846808703600845
892,quadratic,-1.520044052065912,-1.412379165089157,-1.446214798524653,0.0,0.8872581915439391
893,quadratic,-0.4308577409028493,1.171005639049302,-0.6040846999302962,0.0,0.3723179508347995
894,quadratic,0.5957704296736712,1.2269175021599836,0.412075560982954,0.0,0.1637523886090464
895,quadratic,1.6541964774693714,1.631484547095444,-0.8149517144261442,0.0,0.8873802464685994
896,quadratic,-1.778058694417744,1.808970337397319,2.2698352431392745,0.0,1.4433281140480625
897,quadratic,-1.9045099300273964,-0.5842563620689178,-1.0655473166747336,0.0,0.5254343420862737
898,quadratic,1.175682461900153,-0.3455061384099536,0.7598630131591309,0.0,0.4445608018793898
899,quadratic,1.6179080358606504,1.6519718688699192,1.36409456615187,0.0,0.3710533539707777
900,quadratic,-1.6894377577275457,-0.2679834647275307,2.99716016633114,0.0,0.5629569563819774
901,quadratic,1.780677400230645,1.7887572702437975,1.8437278108021875,0.0,0.4942925975768917
902,quadratic,-1.2754859357395092,-0.201551495589197,2.221272938627534,0.0,0.8584747064916165
903,quadratic,-1.0175794391379314,-1.8441804225002656,0.5246113788394586,0.0,0.8496562779589492
904,quadratic,1.2460655162993608,-0.3456065272696249,-1.056724301407797,0.0,0.3071749520931545
905,quadratic,1.9771481073611543,1.3896960282970785,-0.4859038441297389,0.0,1.402304816601423
906,quadratic,-0.1,0.4906652869631811,0.8582578877083504,0.0,0.0896322601298356
907,quadratic,-0.6610946212315669,1.2527639711321823,-1.928700794175312,0.0,0.4905813550969212
908,quadratic,-1.5782256818305953,1.7805644121961717,0.0724255483696536,0.0,0.8756514780431429
909,quadratic,1.6394742214240008,0.4186076134954066,-1.656298566477263,0.0,0.6773914266834931
910,quadratic,0.3497618105547477,-0.095096568204998,-0.5038096534435361,0.0,0.1530548285831934
911,quadratic,-0.2467366503380712,-1.2306886325302688,-2.694081797782892,0.0,0.2385254351683492
912,quadratic,1.584027743264533,1.7947507155370492,2.907544268581696,0.0,0.5107219809980893
913,quadratic,-0.3840843629303943,-0.7125469010404566,0.8426975315230969,0.0,0.2403708414658429
914,quadratic,0.1,0.1350388037850796,-2.0982248104920678,0.0,0.0277693685497698
915,quadratic,-0.4751162517691996,-0.3442292370906608,-1.583276883844523,0.0,0.2641393923772968
916,quadratic,1.101533554674039,1.138869322895404,-0.3513746742560322,0.0,0.3739095440853423
917,quadratic,-1.1364582508213128,-1.9189921806393544,-1.763296796496958,0.0,0.8501777601342169
918,quadratic,-0.2979550066795853,1.3351081969700591,0.7570980195131476,0.0,0.1148631205165399
919,quadratic,1.937100332896171,0.9228822013562406,1.1933959054764038,0.0,1.231086619183415
920,quadratic,-0.9857291207892072,1.4087856542613246,-0.2775234190502829,0.0,0.8494109104948547
921,quadratic,-1.8365055843734155,0.4961332849932978,-0.9634302623091924,0.0,1.2188283946982004
922,quadratic,0.7143691868328461,-0.2065905485576697,-2.552665596794965,0.0,0.4116351214504846
923,quadratic,-1.5087581794445066,-1.755770202038275,-2.96199964248952,0.0,0.742346669303234
924,quadratic,0.5582663529750458,1.2639686668818064,1.2963633420395988,0.0,0.5375869760921379
925,quadratic,0.3705005369099954,1.847340908101456,-2.127736716956096,0.0,0.2669589031992538
926,quadratic,1.4493373114382546,1.427993409905406,-2.5145035453892586,0.0,0.5855710206108428
927,quadratic,-0.1860017917237204,1.2631808019752304,0.1334711917688174,0.0,0.3810884496982749
928,quadratic,-0.5825292495770023,0.4674601095038984,0.5637593961788738,0.0,0.1247352555075429
929,quadratic,-0.5879134075593604,-1.6083939840381607,-2.6482307612599243,0.0,0.5421607656907691
930,quadratic,-1.831183508270549,-1.6726285268650445,1.1717977491728764,0.0,0.4733308498142907
931,quadratic,-0.3060539371128348,-0.1127242160498327,-2.8583775591467164,0.0,0.1822400446234974
932,quadratic,-0.7748971090301566,-0.062231032022368,0.9929087731250066,0.0,0.2784545246834053
933,quadratic,-1.6828281671008831,0.1701797331807872,2.8808201324806277,0.0,1.1985933989913364
934,quadratic,-0.4842604837418456,0.1386805749963171,1.4089424181094747,0.0,0.1559354093616356
935,quadratic,-0.4087808410828368,0.9838643125814576,-2.0846337010055027,0.0,0.097651957784513
936,quadratic,1.9455370366807017,1.3065761835117873,1.927721735857068,0.0,0.4547203217168125
937,quadratic,-1.0468404567495968,-0.7753897447860112,1.6268039164536834,0.0,0.6945415965419204
938,quadratic,-0.5684051917068484,-1.388185420850478,-2.497710055972928,0.0,0.363732692252983
939,quadratic,-0.1446724431330004,0.7999788861087129,-2.2754165068321672,0.0,0.2363302532815011
940,quadratic,1.050679614576984,-0.8884656907228177,-2.920560374731878,0.0,0.8378920934312747
941,quadratic,0.6393937255365718,-1.8838686461999377,-2.351364895083176,0.0,0.2973836815349394
942,quadratic,-1.0721503153904464,0.2511336119007943,-1.176977754206756,0.0,0.7035386255824322
943,quadratic,-0.2928568063577446,-0.0789330760622948,2.886878207105669,0.0,0.1716298546660525
944,quadratic,-0.1,0.234750866137249,0.512072158198356,0.0,0.0792493039952078
945,quadratic,-0.8822854720680486,1.019778308152516,-2.6589714492192504,0.0,0.5787870639180869
946,quadratic,-1.4988979900046004,-0.9928519957570084,-2.8011298081129232,0.0,0.4082606130500848
947,quadratic,1.3971670437384218,-1.4717165249548478,1.8814128629379847,0.0,1.0203382478303689
948,quadratic,0.6567614190405187,1.7822564585477063,1.8213767261156144,0.0,0.6622955778960374
949,quadratic,0.5378992820003203,-0.1825445142505901,2.5788855181751726,0.0,0.3803212709173171
950,quadratic,1.70832283084839,0.0333736580633514,2.473250895946421,0.0,0.8821331957510126
951,quadratic,1.7386447903971396,-1.4288349160462723,2.6337722405656248,0.0,0.8418328224214732
952,quadratic,-0.5937210154163588,1.7394889312373365,-2.9650522149323555,0.0,0.3491502109914811
953,quadratic,-1.561016489869442,1.8118800366994785,-1.0744657107418607,0.0,1.1468588209328512
954,quadratic,0.4748758517457858,-0.8242429103727389,-1.6649341055682514,0.0,0.4139462734424035
955,quadratic,-0.4454750616176257,0.4404089243603621,-1.1117747613671058,0.0,0.2784859137913898
956,quadratic,-0.3837907835131826,0.2328939710765483,-0.9688950533689952,0.0,0.064319514589513
957,quadratic,-1.5880727179437382,-0.4314594119155726,2.2005920667752754,0.0,0.4943911928834195
958,quadratic,1.764228106942765,0.4606913339644793,-2.104643100852944,0.0,1.0926640408619437
959,quadratic,-0.1,-1.431115752714235,-2.6147569167731266,0.0,0.0891512572816234
960,quadratic,0.8412117989438048,-1.5489643966689934,-2.695220310415701,0.0,0.6521005794352471
961,quadratic,0.4650657343670135,0.5565054488137675,-2.9357529083069758,0.0,0.0961381032928887
962,quadratic,1.2096535594860818,-0.5703590023959042,-1.0705323713703077,0.0,0.2957249801533812
963,quadratic,1.7878855317367268,-0.0601270746332525,1.8607644339193552,0.0,0.8674478377681787
964,quadratic,0.1703064703379415,-0.5947002308217422,-2.0273679445495416,0.0,0.2080153129810803
965,quadratic,-0.3044053671298399,-0.0534897249706749,0.3355353777152832,0.0,0.1754732598482779
966,quadratic,0.2982019836840797,-0.7767580571834407,-2.390330631297168,0.0,0.1600772244502193
967,quadratic,-0.808348405070948,1.515920962456882,2.087256088719603,0.0,0.3236782305732597
968,quadratic,1.5047453715423216,-0.1681474654545258,-1.0885057464316232,0.0,1.028895633228191
969,quadratic,-0.1,1.2401938385201152,-0.3857675114278986,0.0,0.1820765049441803
970,quadratic,0.1,1.2218580508123522,-2.4715039181220027,0.0,0.2797973810583078
971,quadratic,1.4908894266989048,1.4467019561566885,-1.5231717238858606,0.0,0.596788691911839
972,quadratic,1.7515771668401228,0.8743432584425044,1.5283964618353192,0.0,1.2041573161319437
973,quadratic,1.7861068970526643,-1.470442568295773,-1.184534844878847,0.0,0.7162898987453574
974,quadratic,-1.2010321618690551,-1.6943010592342795,0.4039594557150741,0.0,0.5707319752007749
975,quadratic,0.6010511737345099,-0.797965322319274,2.3829762937357604,0.0,0.4769651550034477
976,quadratic,-0.7403115101425151,-1.2950502982662502,-2.3503213975446324,0.0,0.6164148953065761
977,quadratic,-0.1,0.7625000326481159,-1.9210757526656213,0.0,0.0589258727069598
978,quadratic,-0.5894484011270995,-1.1725765152340974,-0.3596212627167165,0.0,0.1883631263092779
979,quadratic,1.3491897872885654,1.468502810637644,-2.266356497362568,0.0,0.4381898696419057
980,quadratic,0.969437380979429,-1.1458159769151672,-0.5299951056626115,0.0,0.1970778683974996
981,quadratic,1.124178988640049,-0.9125860512120524,1.5290678040728567,0.0,0.4384993119849261
982,quadratic,-1.8551458638274971,1.9003939484220016,2.7370928124446072,0.0,1.168914531167382
983,quadratic,-1.0266501340320513,1.8188984867086824,-2.374082166589796,0.0,0.3275704110748273
984,quadratic,0.1861536062293831,0.1444950583876685,-2.1437334933406893,0.0,0.110087550579534
985,quadratic,1.6234108034283454,0.5132165509571736,-1.9352024773666885,0.0,0.7556288975340392
986,quadratic,-0.1662451195295653,-0.5975306560618638,2.503464535554505,0.0,0.0773355666200966
987,quadratic,-0.1153248652747298,1.162114546984856,2.057070733100137,0.0,0.1416140522063772
988,quadratic,-1.838062127950004,1.0079634594471891,-0.2751933799200947,0.0,0.5313365191417966
989,quadratic,-1.4721851564940978,-0.6749316894007493,-1.3605767648877445,0.0,0.2396728052679361
990,quadratic,-0.1,-1.8597058458109967,-0.0240900542088486,0.0,0.4082313800840899
991,quadratic,1.1344594753784056,0.9739257524410756,0.8870628970765502,0.0,0.7178793163362691
992,quadratic,0.1,1.6742223421183993,-1.8086192006779669,0.0,0.2583833017241063
993,quadratic,-1.1225784957467138,0.3443682668581544,1.7590912265707122,0.0,0.2886754776690863
994,quadratic,1.414516094057618,-1.3728025085815545,1.2502224710183594,0.0,0.9492011503002076
995,quadratic,-0.7877650664788365,0.5659290912293944,2.8994385049673124,0.0,0.5610325286528143
996,quadratic,-1.6563605783029436,1.83315728301966,2.5298300663690485,0.0,0.545548005336149
997,quadratic,-1.150484236535247,1.980774165246535,-2.2271739340839325,0.0,0.9047693333774356
998,quadratic,-0.1916381411001015,1.889552813231086,2.3839942491058075,0.0,0.3607979847739238
999,quadratic,1.899882943816568,1.7568850797723932,-1.7327072443799345,0.0,1.3917284040532003
1000,quadratic,-0.2507316662273249,-1.8729412555053009,0.1082136938010887,0.0,0.3183397822920997
1001,cubic,1.7897145484428725,-0.4158687559086318,-1.66396824011768,-2.2442303733588416,2.9788351984213293
1002,cubic,-1.9525860828649524,1.476312055904113,-0.2273095417429331,1.1415209690499335,7.906270607069828
1003,cubic,-0.1,1.3110332130808628,-0.151872488058145,2.8107408468335477,0.3605916719893223
1004,cubic,-0.677921647214244,-1.4710881430121368,-0.5246264493372372,-0.9228708228889442,2.025554722321423
1005,cubic,0.8494361856999864,1.197989048450435,1.7433939349608996,-1.0736158833396432,0.9515672516129496
1006,cubic,-1.0128928247821904,1.8226178064505656,-0.9593682238593502,0.8180682772269536,3.904260439925352
1007,cubic,-0.3287796841551991,-0.1505712530787608,-0.6675669255841075,-1.833181791283764,0.7533028487373548
1008,cubic,-0.1,0.4574316258768269,0.912552768289546,-2.8745934790350933,0.3546134009202447
1009,cubic,0.9443378068841488,1.271298862671176,1.8051235428459296,1.9666904480968408,4.269691812600179
1010,cubic,-0.8842529814511271,-1.3294566478407424,1.9072547724469409,0.7653428281117112,1.0145062857962988
1011,cubic,0.9101296532252148,-1.5651890115156828,1.7504579594731586,2.1266585193919543,4.667531251310079
1012,cubic,-0.1724292331994377,0.4870468702569814,1.1521481979057278,1.1860257895728008,0.2524807607879507
1013,cubic,-0.5415739725199593,1.1401229768758063,0.2955070066953404,-2.879526785807008,1.1614765623934524
1014,cubic,-0.9579967786308612,-1.8609996820845485,0.5000608099932946,-0.5285814057219538,1.028221325473325
1015,cubic,0.4738755254161133,-0.3302581899375063,1.321069530911052,1.6882572168442893,1.6581969931369072
1016,cubic,1.4362879607573662,0.1030864287611343,0.3418333659182817,1.1493678400353975,6.785450946228899
1017,cubic,1.3118747811056566,1.375359308805482,-1.0869504117094473,2.57720628090976,3.03150362288544
1018,cubic,-1.006637245659748,-1.800482295227082,-1.5890431879003115,0.1516663608494806,1.1983887948126355
1019,cubic,-1.578369465435344,-0.4749717791840093,-0.0864567535347884,2.4024206669824464,7.402462304822708
1020,cubic,0.4476885877308887,-0.9030503326074212,-0.0002593160668951,0.9309996640507624,0.8606290926202697
1021,cubic,-0.1658923341646847,-1.416844387038839,-1.833053645756984,-0.8397756584983904,1.649174265689694
1022,cubic,-1.860165267644476,-0.4567279937100328,0.352999033556709,-0.0062511206526196,5.731617164740942
1023,cubic,0.7239354931357354,-0.7310339381079771,-1.3598361026533663,-0.6786006969409475,2.007677248228754
1024,cubic,-1.3710454518532926,-1.5622886854984586,1.6697648633598177,-1.5041095771818824,4.070726786667525
1025,cubic,0.9380992432216716,0.1515520400270751,1.869541691026149,-2.742559594268245,4.631862878980029
1026,cubic,1.1141572222692284,1.292461973558281,-1.2568841995595563,-0.2611279491185376,4.201018140856108
1027,cubic,-1.1277453728989075,-1.9218303126422112,-0.941751914773123,-0.6729359803379298,3.874610313679301
1028,cubic,0.1,-1.9712175331110564,-1.6703576527341375,1.858587218513577,1.421240826601397
1029,cubic,1.1649589461385743,0.7324520918773412,-1.6224964967598812,-0.5539884347325374,3.775387724405734
1030,cubic,1.1789960622483622,-0.2207460009818662,-1.9924623612502148,-2.479503953835711,1.7509228866670568
1031,cubic,1.653412260031351,-1.096802182173104,1.8984589866993988,0.3842037799928155,4.258177992303355
1032,cubic,-1.4737444826520365,-1.6146195664987617,-0.028842731669322,1.56203552746571,3.158470461998041
1033,cubic,-1.4036142227020565,0.8772802089673828,0.2190307742546968,-2.1262135103616,3.4286945191011844
1034,cubic,-0.7999536936025118,-0.8243998623634177,0.3164857431801997,1.38731754093516,3.474783948779661
1035,cubic,0.7396747569479398,-0.2361302326257282,-0.3635427434916458,0.5908207331399336,1.1024321030148114
1036,cubic,0.4037628952304146,-0.9407798905522448,-1.3689498546203542,0.1850367528750345,1.219759874333005
1037,cubic,-0.7396381081855221,0.2840816481460337,0.6307927593492648,-2.3818121055709858,2.486692609736963
1038,cubic,-1.755295210946232,1.029749249217785,0.4259487348027657,-1.166469382545964,4.329782552021772
1039,cubic,-1.4659495433355052,0.8672496277831132,0.609135293917614,1.0204004912111555,2.230327923085262
1040,cubic,1.1531144867896552,-0.902818737314364,1.5339040085087206,0.4935977394506237,5.323223465294432
1041,cubic,-1.325872926702433,-0.7203239539867279,-1.6047262968930776,-0.9195933559047966,4.621777910792429
1042,cubic,-0.6264949279505525,-0.7469736818789867,-0.4897292034019314,0.3156251941019095,3.149993278575436
1043,cubic,0.1125879971360657,1.5482672317714372,1.108755454072734,-0.1527498063992061,0.8657618070306979
1044,cubic,-0.4447886036237327,1.8643385700506827,-1.693312978183282,0.0016183380700343,1.180260710345659
1045,cubic,0.4683446190229312,0.8930225108858645,-1.0648741649459057,2.147840268444659,0.4276545338882736
1046,cubic,0.8707414193588194,1.8036277122787017,-1.2817050347279064,-0.0926956888443104,3.6971515791071297
1047,cubic,-1.153496973494967,-1.190861631067912,0.5686340918546016,-1.7977702313831945,4.383210820731019
1048,cubic,-1.647969995659849,-0.7374154430207205,0.3804246540017217,0.1242685304934747,5.9302940464528975
1049,cubic,-0.8271432854028786,1.9733689458695836,-0.2816059171445562,-2.2040902666440623,1.92434517809026
1050,cubic,0.3108201216666924,-1.3438734809824129,1.306887122469791,0.5814491030763729,0.6117006656428781
1051,cubic,1.9979103959062647,-1.5134550955068384,-1.94384447653188,0.5100276981620793,4.052507055460913
1052,cubic,-0.7076835257934517,0.840490858358693,-1.6430677635771422,-0.7664627794178318,2.7125554088545174
1053,cubic,-0.5462385859175161,-1.3846685767252929,-0.0903098713990693,0.6742847386249098,2.745752016707493
1054,cubic,1.63383796192086,-1.732266679956262,1.9736840623438887,2.2914457962770527,5.132340391647241
1055,cubic,0.8984907290559141,-1.7782993231186168,-0.5439460803681748,-2.6278846763653503,3.498657390025197
1056,cubic,-1.582119693992797,0.9164293479145184,-1.2691665763315174,2.338275100937534,4.924610908700865
1057,cubic,0.1,0.4699953695397099,-0.3335831773921067,-1.8014051248580554,0.4391344280982013
1058,cubic,-1.4501725998300667,1.0916359401353133,-1.901562219173973,0.3391433775318537,6.579970931518624
1059,cubic,-1.516519073512003,0.7913598876004433,0.0601374526751352,1.0165309812811856,6.2665550804230765
1060,cubic,-1.2879098692896371,-1.5146080134334317,-0.7043057396989822,2.8933311735229568,3.501336467172568
1061,cubic,-1.7733334536240712,-0.777489850957942,-1.1299409751656544,-0.2782114255543391,2.882305233691433
1062,cubic,1.45819842304904,1.3506162226532743,0.7004915971577774,-2.2182832951249103,3.87419091869786
1063,cubic,-0.7224891443162456,-1.7263694986741809,-1.4409611712137749,2.8275757314089223,2.046454600704804
1064,cubic,-1.9185387911633025,1.902145886844787,-0.1907120264743578,2.2097108665075345,8.299187229040369
1065,cubic,-0.7621064129042057,-0.5723460028626719,1.8421749800529463,2.9729955950990794,3.146026409116962
1066,cubic,-0.4897278076401932,1.0176036170139835,1.2657680419031956,-1.2101502296298834,1.6558987535171
1067,cubic,1.670115820911812,1.2915467940194207,1.8045673914316371,1.0628071930095269,2.6573272341202903
1068,cubic,-0.4582916066628826,-0.8565200841359535,0.0441189590200248,-1.934215102540488,1.841275241533267
1069,cubic,-0.9762422100027672,-1.3772152496254155,-1.800086036836607,-0.4218909301561275,5.086851518215724
1070,cubic,1.6368139001045576,0.7074743311588603,1.079879846718097,-0.0304020905023172,1.779765763079874
1071,cubic,1.7253139887486155,-0.3973287970187678,-0.8013231191394645,-2.891481636345243,6.078177364797744
1072,cubic,1.2379419246939598,-1.7585842421605649,-0.0049122332204221,-2.354843638550931,3.9907705096229114
1073,cubic,1.1899323377434987,-0.8972666591249019,1.3144230993087604,2.7875383543791568,4.1929445834549135
1074,cubic,0.91111368147565,0.757354959775085,0.2351979620720801,1.9319289384306568,4.509223085032743
1075,cubic,-0.8402795465607724,1.2788629558570936,0.3550692500169621,-1.7544428905033842,3.665858894989833
1076,cubic,-1.7674509955629416,0.8044931667847557,0.0106797225685513,-1.5924726434986156,6.712477629723599
1077,cubic,0.7489515321254756,-0.294845983553976,-1.2031187387781437,-0.3210800507297087,2.195345451004899
1078,cubic,-0.1,1.2013898178225595,0.2514264951751079,-1.5181769143538073,0.4595626406625365
1079,cubic,-0.1,-1.92082155910953,1.1480684477451453,-2.0133315787128407,0.592710606487734
1080,cubic,-1.4921858813650464,-1.8575495974903848,1.1702340299115352,1.5378908996490628,5.5929834979928215
1081,cubic,-0.2869388306488916,-1.6825660579396615,1.7465685922276375,2.2264021609397933,1.433885371954773
1082,cubic,-0.5894031892841687,1.5209887097193238,-0.465686276188932,-0.5005948426482814,2.266679538677967
1083,cubic,-0.1975263232123345,-1.799521843650969,0.8898086512798686,-1.4692562852764597,1.0731900525849123
1084,cubic,1.60657681722642,-0.4282308639308985,1.7381341558524364,2.8312717037987625,3.0402080300807865
1085,cubic,1.2689915213928926,0.6106815207959229,-1.1633170869336027,-1.028629713235356,3.928481182935277
1086,cubic,-1.715924941704447,-1.461334147466229,-1.3053785553176058,-2.860320152885495,2.031898677718257
1087,cubic,0.9731798590857824,0.03273155656324,1.4732303498567745,2.815496423281173,1.3218545423991184
1088,cubic,-1.656458125632443,1.53394216519908,-1.2919054812736537,2.4245854893515206,1.71367206494318
1089,cubic,0.8304541881029528,-0.5286087230230416,0.4833561409501397,2.6073482114074045,0.8662937908341639
1090,cubic,1.3796194388418548,-1.5313158668603153,1.7210438742329697,-0.4105860275202735,2.5569012663455557
1091,cubic,-0.1,1.6584107819810558,0.8732765172512664,0.5740652811582763,0.3552106275868865
1092,cubic,-0.843868877126396,-0.1577304782064272,-1.8358763530847029,-1.0590637174631583,1.886975606321558
1093,cubic,1.328057155431862,-0.1252461268807745,-0.9068778598906272,-1.661783603211264,3.095416919538544
1094,cubic,-0.2221437151649961,-0.5643090111024032,-1.156393180300689,1.61402193684369,1.1054513624364677
1095,cubic,1.316913655746867,-1.0733320750377011,0.2920773304734974,-1.557852080951046,4.007611339998194
1096,cubic,0.5329779487119648,-0.0008142055452164,-1.1391288922649982,2.4639931235821457,1.1784892465777383
1097,cubic,1.1182074919431615,0.2502412473457354,-0.0866096402394207,1.9913291986505648,3.976007113714989
1098,cubic,1.187429848811194,-1.8268035751021183,1.6211546668010106,2.3698173069162305,1.8200260434109563
1099,cubic,1.4200445629937062,0.9109839336954426,0.3392673612744823,-0.7262926519608435,3.526950326998441
1100,cubic,-0.5873477902301967,0.7782187022532852,-0.192722797143642,-2.950364172925906,1.1138342709585003
1101,cubic,0.8142448029461309,-1.0181890242171407,-0.0178584887162682,-1.492595710975431,2.581889507151312
1102,cubic,0.7567858093381825,-1.0083529237415014,-1.5481214761304725,0.285052359399446,2.617564409899102
1103,cubic,-0.4224074290214501,0.3887329161944857,-0.7904079170432161,-2.0325850965255743,1.2715839188256255
1104,cubic,-1.6209455707255365,1.670053420229972,0.0051231203763832,-0.4756910881667897,5.18827080230168
1105,cubic,0.5751430772054738,-0.3323821503052744,0.0090620248425046,2.3210424024093115,1.5713946178418972
1106,cubic,0.8970006607006882,0.2408723536163037,-1.2852250245799277,1.714362253820628,2.707929313807303
1107,cubic,1.3288682758190986,-1.3211910661855906,-1.5321782507888688,1.7434872563341646,3.664274907699424
1108,cubic,1.788803241606851,1.852872554496108,0.4039424988972717,-1.3198152930462166,8.193728150208141
1109,cubic,0.18961819145041,1.2767495240527538,0.0410680891546806,2.939214008748236,0.9557432870568966
1110,cubic,-1.9009302392469465,1.9750590805039836,-1.5023637209339635,-1.4545199340348798,4.148404594370624
1111,cubic,0.6845290627435574,-0.071719820942266,1.5831130854986726,1.4902535934311103,0.8048841999643762
1112,cubic,0.9455015654543684,0.9034112069054828,0.1722876407163101,2.449610991738404,1.9891149127711356
1113,cubic,0.5559678604409064,-1.4101180958646051,1.7598873401757862,1.6067925698749512,2.050874628714245
1114,cubic,-0.7139387014763696,-0.3092454108527827,1.1792832070181412,-2.8301445324689944,2.8823638872462727
1115,cubic,0.7745407456131543,0.8390798365774406,-1.1753311024595048,0.7864161019321321,0.9404390208811456
1116,cubic,-1.2862393832594972,0.7529116333156742,0.3304559669904754,-0.0742768620798521,3.598957825778814
1117,cubic,1.624842193911466,-1.4380098663992458,1.6212406995150186,2.2827721744188727,3.118369653131001
1118,cubic,-0.104554631228614,-0.2459948400598999,-1.7732301344758392,0.3476973797453198,0.4603439569533343
1119,cubic,-0.9728420536895412,-0.8621491805735766,-0.0807089567055983,1.818822905903274,1.6451742561536806
1120,cubic,-0.866233790391175,-0.0657461557490668,-0.0789644170023096,1.2925013731868544,3.302487746212987
1121,cubic,-1.1707028855726227,0.5271962350223753,0.5909373963173317,2.069001948450764,2.8031105878707065
1122,cubic,-0.5022469946140444,-0.6411216336255672,0.3141458742599701,0.6058231508870158,1.259455940437828
1123,cubic,-1.051081401949625,-1.337236570029316,0.5343177957120582,1.781391084931368,4.748602157186948
1124,cubic,-1.493006139381292,1.1467262827105351,1.9494428962204893,2.950605502973005,5.884581497184099
1125,cubic,1.9302503775083348,-0.9372059487960308,0.5441401478051611,0.4846569640033484,3.7197175980095274
1126,cubic,-0.5316462319772919,-0.1016033677838219,-0.3061872680044146,-0.5050951507479264,1.972464806818827
1127,cubic,0.6597931375059121,0.7456508348348687,1.80789247535427,-2.9287984757465004,1.5293481607551398
1128,cubic,-0.9741862559925476,-1.844196672068903,0.8029971609297637,2.341776078268575,1.2755746478971837
1129,cubic,-1.418095253103003,0.3872326313214285,-0.2818984572133258,-1.481627191752098,1.616605254306804
1130,cubic,0.1058947958807978,0.3338232158428571,1.470142333270132,-1.5949194339881545,0.6511573921609747
1131,cubic,-0.7322609763516699,-0.6024367215263902,-0.7072014561875473,2.072935887109318,3.7289206812430646
1132,cubic,-1.5929291524045075,1.2717002092204464,-0.7893196150709678,2.464251457003773,2.834195768687157
1133,cubic,0.1748992796412669,1.0399794556607898,-0.5310241329896597,-1.7275083120972814,0.2250043842004117
1134,cubic,1.6323554343744875,-0.8829330775772148,-1.9039648117607029,1.1934162943812625,2.5106338130913746
1135,cubic,-1.376327792917848,1.2763568292748897,-0.5049387357059758,1.6212677315363928,1.4068937266284471
1136,cubic,-1.513642782794642,1.1334448846228908,1.1991659508710568,1.157607429131863,2.836433051177253
1137,cubic,-0.4935493244879172,-0.4867264980324681,1.8861669543778825,0.4386214457513855,0.8474644545515206
1138,cubic,0.8865236073069132,0.8036862194383261,-1.706815912822238,-2.5933451397702107,2.3702941571807488
1139,cubic,-0.1,-0.103190862165384,-0.1577179146890821,0.841677726354781,0.4425634080804596
1140,cubic,-1.9368695463689625,0.7028213607615643,-1.1369406021489956,0.2912851666198426,4.223426513629589
1141,cubic,-0.1,-1.8104982830473824,1.732306093698154,0.6551231944547204,1.2633028749213595
1142,cubic,1.4955317206531724,-1.3677747949732466,-0.3239509757950074,-2.3942004466246383,3.4466751195224146
1143,cubic,0.210028543312728,-1.6976387059809896,1.4023486181675129,-1.5508737027166382,1.804047802688787
1144,cubic,0.1698638949833659,0.4711500455941757,0.2752917471419467,-1.5554204864452947,0.8423782160308307
1145,cubic,-1.0844480658287128,0.1836301152320283,-1.8676043334418968,-2.1657404779096305,3.3358697087922518
1146,cubic,0.352638108505555,-1.4506784286248298,0.435487106855621,0.3967869404547999,1.1028581560407236
1147,cubic,0.1,-0.9236081599042693,0.2622760630407357,2.547397174483997,0.6021102305113939
1148,cubic,-1.0362923314821542,0.5972545520068202,1.8045217193341805,1.4237728559690597,3.515801744432544
1149,cubic,-0.8226091069313624,-1.9210557292292765,-1.8487610541367496,-1.2804558114314792,1.403340198441018
1150,cubic,0.4819129603884593,1.6880913528126489,0.1582457944056545,-1.5745160336743491,0.5898585362635409
1151,cubic,-0.1,0.5790677608946933,-1.6228323976543315,-2.0670791561868,0.7776600855821988
1152,cubic,0.7582017308526474,-1.0208187028650704,1.0947942120050262,1.4628335988358208,2.2411722382346078
1153,cubic,0.8970343604466162,-0.6413353360382565,-1.4321833824118868,2.9549986751769755,3.249292591512835
1154,cubic,-1.4283096522053995,1.1274863462475877,-0.135705913872191,-1.5646269341707952,3.692538494704804
1155,cubic,1.22100089070423,1.9407689287535752,-0.512613002211864,0.8558426411938589,4.59633169462322
1156,cubic,0.8222638993595095,-1.8614580845204916,-0.8691395540739792,-2.5153278484302124,3.1643702963822213
1157,cubic,0.48527007499364,-1.1626010456888176,-0.4170890373318108,-0.1172100277088379,1.902586192171783
1158,cubic,1.6739739156753697,0.5527268229968705,-1.1910440859720093,1.0059697802246983,3.5380356344743524
1159,cubic,0.8628024337175306,0.2291851790762562,0.5429509576961311,1.9884611530627208,3.418702352540991
1160,cubic,0.9177485346071896,0.4680100203670938,-1.1744024376241118,1.1718857688928566,1.966805843812273
1161,cubic,-1.5625611795226546,-0.6310798588123259,0.6270355789525275,1.904522943713439,3.195853063061617
1162,cubic,-1.394703272673194,0.7179777777061256,1.99527257066763,-1.107790784546295,1.7257896918284057
1163,cubic,0.95482509910547,0.7115956104159085,-1.1807308402390713,0.9829560041436388,3.610329392830745
1164,cubic,-0.1782480374358876,-0.6804707156217091,-0.4207121655983572,2.7558249134987785,0.9920418907950416
1165,cubic,0.6552828330383353,0.6561968311299031,1.106633982997911,2.7807651215786384,3.18736571420393
1166,cubic,0.6885763107022242,1.5206515933601654,-0.1032673250640163,1.9328618848878607,1.8042607911554889
1167,cubic,0.1,0.003647071044293,-1.2056285470485992,2.023602799196825,0.0989431044745832
1168,cubic,-1.5613092841042593,0.48976832798885,0.4849882381643442,-1.9581493190144583,2.9675828045707044
1169,cubic,0.3822476139708581,1.2011294098362657,1.788120413153616,-2.203587184847948,0.7164065934469306
1170,cubic,1.7127472194932487,1.0310999718681324,0.5720623522441026,-2.8937420389984183,8.036461055038284
1171,cubic,-1.6796247353024785,1.292871089706781,0.1508943567803706,0.3774488660157615,1.811542771980416
1172,cubic,0.1,1.807144883973999,1.088287247368284,0.6505904778879534,0.7723562197831454
1173,cubic,-1.5286655917280636,1.0716544212057977,0.2629627719712508,-0.0769556689479928,7.064708519883325
1174,cubic,0.1,-0.2347507110127757,0.4555101016003933,1.035305664527833,0.266249206492183
1175,cubic,-0.5949061427290228,0.778349588127301,1.5929618563782584,-2.0508122240745825,1.3898888365454367
1176,cubic,0.6096626037917949,0.9893703579432662,1.768883245979167,-0.5782485452134631,2.063707980058508
1177,cubic,1.210350836255386,-0.7362279681491359,1.7582075080451385,0.2239361294254385,4.864090743966699
1178,cubic,1.7205911244777572,1.8871011677721787,-0.1611337596981852,-1.9306796935811932,6.932673148607551
1179,cubic,0.5966175602129029,-1.1245411665974197,0.952109196796115,2.3304452251913137,1.6435621824506053
1180,cubic,0.9788997842040934,-1.4856579268912389,0.319393296515051,-2.793431161334788,1.9732780001766208
1181,cubic,-0.957594326196213,0.6877318547163211,-0.1687413139928026,1.9052483026820823,3.326814967627346
1182,cubic,0.1,-0.960720188437744,0.330611104930663,0.6962745534213308,0.5473304798701123
1183,cubic,-1.4703602366194866,-0.2064945522167378,-0.7115762987484691,1.9973876745576584,5.983486862566863
1184,cubic,-1.150280692935938,1.4146862987278244,1.630011229301529,0.5459496483765118,4.136138138760503
1185,cubic,-1.8857710177503584,-1.952858851663911,-0.0316472180435378,0.8164799148429704,3.7209311129151335
1186,cubic,0.9411718911240068,0.7554870058017893,0.8260185105469828,-0.8116100763702523,1.029032067129893
1187,cubic,-1.1811037584719166,-1.420260961055225,-0.3426229853148284,0.7392805038655323,4.559367123836182
1188,cubic,-0.4539963971933707,0.9772152600614508,-1.490906824679917,-1.1348178195867145,2.387556362150019
1189,cubic,0.1,-0.0783631779259996,-1.4341607829143477,2.1210093002418158,0.0523033613934596
1190,cubic,0.5295838694549335,1.9573260183737924,-1.5579984601541763,2.5482434109845924,1.9324417430690988
1191,cubic,-0.333277079829545,0.0189659251701761,-1.3244171863437035,1.1623135731868777,1.1898792747892113
1192,cubic,-1.826722822522648,1.0575854904138111,1.6232728338612574,-2.370412246060657,2.9263515010240777
1193,cubic,-1.2276407550417794,0.2212290959068417,1.6239340966326812,-2.7400186788358507,2.7670963499018395
1194,cubic,-1.7652880933025754,1.742250256098392,1.2957683745827828,2.7339311354870937,6.300584637244907
1195,cubic,-0.8786831324262159,-1.0804328076624112,1.723336356317474,-1.1909183658208002,3.0069681124718577
1196,cubic,-1.569825613850024,-1.014919314508404,-0.1368606779229284,-2.1085503186534518,5.510526788981115
1197,cubic,1.7155653218331235,-1.7419551805639135,-1.608646446652843,-1.1629817902506374,2.6491212954297128
1198,cubic,1.7225046983716077,0.6274225210417597,1.5068175905654382,2.796453048731774,7.097468565121674
1199,cubic,-0.7487326899024422,-1.6659696009293192,0.6175234211503775,0.6937333603149076,1.2622064927810888
1200,cubic,-1.973042008474816,1.2508779105932757,1.708595358358567,2.389741523410549,6.11358738308415
1201,cubic,0.2073612049867992,-0.0958019229655131,1.6679350716255574,1.5998833795166725,0.4303950929606767
1202,cubic,-0.1,1.7430630233032605,-1.0375047861389683,0.5960855477923257,0.3483751650987748
1203,cubic,-1.3032507773254012,0.7282148181805774,1.3552239983242709,2.2429389791198417,3.490820735682106
1204,cubic,-1.2195589274116334,0.5004064456136175,0.3013954513351518,2.4916236505129143,2.079301375880364
1205,cubic,-1.3755559693589876,-0.2292751495941645,-1.1918187883910716,-2.8685702948188414,3.664054969273857
1206,cubic,1.7537329752924022,0.5523827637412269,-0.8666915856941655,1.7152149251647968,1.91703082602617
1207,cubic,0.1820387201078395,-1.3108734636237953,0.9652966621149952,-0.5788520673767623,1.4711486750316147
1208,cubic,-0.4462456477703136,1.0837700360641458,-1.03218693812611,2.869314218996786,1.505688808468499
1209,cubic,-0.9359227852295762,-1.3383832609246546,-0.730075945207874,0.6432430543969163,4.068805537828281
1210,cubic,0.3158176931314109,0.6488645123182186,-1.5053823909069697,2.5815184030157425,1.2419297095634352
1211,cubic,0.2828900176353275,0.3848361291211146,1.689718832797837,1.938979375237616,1.80948894889527
1212,cubic,-0.6588470337077221,-0.2333228203135307,-0.6780210977929886,-0.2017853252791006,0.7667310699324895
1213,cubic,-1.601273423094464,-1.821071522364266,-1.5874470030507202,-2.6507509681429307,3.011330651011073
1214,cubic,-1.888744595865036,-1.0872216979361655,0.7726142127595108,-0.2531974396028289,1.8354523759795487
1215,cubic,0.5407578990465747,-1.2538847649709632,0.9449486128816696,-1.9573041875810329,1.5553388091886744
1216,cubic,1.4148494589871077,-1.5528681955049826,-0.9572115703574324,2.90668862416352,6.487650945154956
1217,cubic,1.3726651330593245,0.5822857729889832,0.6527045788425903,2.9315849726656467,5.975184388366162
1218,cubic,0.6211549598027455,1.7466938981263174,-1.842744715679602,-0.5303868047726641,0.6949410031339721
1219,cubic,-0.3841946367321274,-0.1435304944433206,0.8768125983330037,-0.1770495673476979,0.4330850504280624
1220,cubic,0.1,1.08373793913628,1.705741414060852,0.4443718145956534,0.7867432805247834
1221,cubic,1.7338948719198592,0.63408515184295,-1.3923765611091152,-0.5049788198637102,2.0202854945709583
1222,cubic,-1.40946677703832,0.773750771634584,-1.7100487065404877,-0.9418977843702718,6.562375461032149
1223,cubic,-0.9356247907018228,-0.2326256859893276,-1.7779569508562405,0.0510736056477525,3.974354710032504
1224,cubic,-1.3464574692354074,1.4933777812148294,1.202524902059432,2.6594564510728027,4.198344323766627
1225,cubic,-1.2832002222412169,1.5423106526527128,-1.3015100564120203,-0.0484791000331554,6.557936157987263
1226,cubic,1.3303248489593384,1.0849460866035563,0.3898390557701874,1.360720480449384,3.527990419197506
1227,cubic,0.7038081508269496,1.7686500578168505,1.28925279277153,-2.6731972608555754,1.609147050075347
1228,cubic,-1.9737330035493892,-0.8073833684202754,1.716760573195582,2.674682098257652,6.572953148486712
1229,cubic,0.8928717350620801,0.9726788062026276,0.0193625415605147,-0.6611163830615334,3.1573377368765376
1230,cubic,-1.9857645246985087,0.9797717667325588,-0.2442594350073599,0.3539752616403828,3.89147142129096
1231,cubic,0.1201162765995222,0.4121517797901917,-0.9997184518394476,0.4666924093228894,0.156443828535704
1232,cubic,-1.7585571292551507,-0.461871605337679,0.6391289969559208,0.364126966316828,4.551597559318104
1233,cubic,-0.209229692562868,-0.1765196148968848,-1.344356024217923,-0.015861738940524,0.379898095468692
1234,cubic,0.4722189189155581,-0.1855073312328627,-1.9838499688882845,-0.765987143218446,1.718748099247125
1235,cubic,-1.0539744804979705,-0.8195956192527061,1.118862086510581,-2.582287578095118,3.951826330501957
1236,cubic,-1.5962803640144023,-1.3728410195096457,-0.3394483306531275,-1.100849279192833,4.935936724985495
1237,cubic,-1.6137863950752855,-0.1209034997835822,-0.7884525078572073,-0.1630361004812188,5.786100900026632
1238,cubic,-1.6443851163745724,-0.2270954015427899,1.0102096258024569,0.3165818280590025,5.0797014166331325
1239,cubic,1.5183680787949507,0.3149712548858852,-0.1764150220855231,0.7538564971003865,5.029055344168197
1240,cubic,-1.956213342239348,1.9110916478972493,1.4356879189270462,-0.2662095189516238,6.785070111695958
1241,cubic,0.4822723642680566,1.776484240198689,-0.2233019839268615,1.33238191606626,2.1919967787742545
1242,cubic,-1.0087816540857566,-1.964499293751352,0.2796712275956019,-0.4692515151879917,1.695346269925189
1243,cubic,-1.620994712905412,-0.115145013766345,0.7664848270130507,-2.3951388554272364,6.476947308683491
1244,cubic,1.7205235031531334,-0.5532586211729043,-0.3874940209982003,0.1994374532813023,4.852527061490755
1245,cubic,-1.3239152103636935,1.348850486099852,-1.1790088888716888,-0.3865104450227101,3.9682038785687976
1246,cubic,1.0217916395687563,-1.6289209067808517,0.4091224179163126,-1.5447910721753957,3.544156565374313
1247,cubic,0.6718652532866485,-1.1433161645182777,1.6554705613411067,1.4814972029750866,1.3806092993918408
1248,cubic,-1.7979435979801508,0.3738510189639346,-0.3472804285524451,2.341926025478383,2.778595353468478
1249,cubic,-1.4366890788657083,-0.0556678042555791,-0.1982817726588757,1.4283728406752632,2.7791635043246856
1250,cubic,-0.8417177134543468,-0.2369658830374046,1.2059471939226245,-0.423440855507792,2.3034850052857645
1251,cubic,-0.1,1.7505482090757924,1.3678112604107655,-1.930535660877028,0.8844066693327081
1252,cubic,0.6039210964493544,0.1150472831276978,-0.8501985539824082,1.5808951407637526,2.253290842136064
1253,cubic,-1.0222473020053542,-1.4398440118744915,-0.3701816975861756,1.82204501458534,4.770514119953439
1254,cubic,-1.14063496235049,1.6217075923373336,-1.4739985962205853,2.4605738953095546,2.838175519647447
1255,cubic,-1.9515355304097743,0.2700151035933316,-1.0361086429087245,-0.2341920135202695,9.28280222485531
1256,cubic,-0.2846741097816019,-1.721484726109327,0.7112948690826246,1.3703417706628045,1.2152627562077762
1257,cubic,0.9415564795566738,-0.4191578190819416,0.5349940555730943,-2.1634596920632543,3.949501443612639
1258,cubic,-0.313190970862828,1.2823919660381216,-0.5986368231778583,-1.755803885312608,1.2450714744328313
1259,cubic,-0.4649496567865245,-0.6826918517735647,-1.1073908741634089,0.083493912012349,0.7830065696764128
1260,cubic,-1.581549828246375,-1.6976738097583612,-1.327412672109976,1.3355019012688525,4.70817861886707
1261,cubic,-0.5844687899049372,1.416149605237539,-0.7027516635659627,2.6286127657156038,2.9626229180299144
1262,cubic,-1.150705236912715,-1.0313934333874777,-1.4022865561469602,2.758123194973924,5.783047735124617
1263,cubic,-1.7503004235772264,-1.181891714425126,-0.6236721784314154,-1.7204454465997718,3.984023103454682
1264,cubic,0.7625167916411879,-0.3425800367741787,0.2380636934111861,-0.7208460072045302,2.55536029233116
1265,cubic,-0.1,1.731123363105454,-0.030518932140183,2.520730476375125,1.342307226282243
1266,cubic,0.5880303528478463,-0.4586748798618916,-0.6085113218651257,-1.2022359336345747,1.9695007308780683
1267,cubic,-0.761524589172915,0.8157172331621454,-0.8011143454015275,-0.0041674295011002,3.046632977842377
1268,cubic,0.7353418973018915,-0.0620132587474144,0.0482352852141234,-1.6900835568236825,2.2388775052516303
1269,cubic,1.2869939798267067,-0.9157844261982296,-0.3578242301829855,-1.2588863238050354,2.995337270766317
1270,cubic,-1.304282027447297,-1.6173389365217972,1.0745112603717877,-0.7969747171528043,4.365969659574348
1271,cubic,-0.287174154629032,-0.268866314296794,0.9995865678024924,-2.807700484130937,0.6538857098595778
1272,cubic,-1.3684254664691564,1.751946156725173,-1.946707600982469,1.941304194130394,6.134627279734149
1273,cubic,-1.7330625720124138,-1.3619980873356368,0.4317100999399836,-1.7157644696397605,6.133677008468733
1274,cubic,-0.9019702886318246,1.8126991946743811,1.679880985015184,-1.9816139133613664,3.135328316582964
1275,cubic,-0.4828259752271759,-0.2253003894596221,0.3151969196390958,0.5695646465136335,2.080200713693866
1276,cubic,0.1,-0.6137482516512058,0.2164331951179954,1.0480028391317484,0.372744867385602
1277,cubic,0.3035114283335702,0.5496544502890197,0.988518525722676,-2.277197106219833,0.4178870227751172
1278,cubic,0.1274390658142437,-1.5216401169820144,-1.3256237597824416,2.98780701501596,0.553335978870978
1279,cubic,1.9792180054053417,-0.4814538895801865,0.0391618662258763,2.457912764453972,7.208571086526453
1280,cubic,-0.5509043276992833,1.2179677216472635,0.1108964252850723,-0.4748853260643493,1.9036282801933224
1281,cubic,-0.7755104699608406,-0.2539499523096618,0.2634222401484161,-1.5162137415603971,0.9284191426950168
1282,cubic,0.4686419535979387,1.9841494987981032,1.5427521117311185,-0.6894526706485609,0.6652193308259681
1283,cubic,1.1268822186955023,-0.2866051249630996,0.8694977388928753,-1.9402705214424625,1.2063044681851471
1284,cubic,1.085189764101976,-1.4917798757710736,-0.866465647348122,2.852876351145261,3.0718605350688337
1285,cubic,-0.231073036958807,1.1043656694703574,0.603127474383979,-1.7796355090560494,0.9355796605109644
1286,cubic,1.751376398765507,1.5692841018217585,1.1858397108942589,2.4624461653509746,4.601907180580433
1287,cubic,0.1,-1.5971933580610995,-1.2258222420290923,-2.67122773729732,0.3106253101099056
1288,cubic,-1.6619623572193407,-0.1094427578671535,-0.94749222964007,-0.0261774147025146,3.305172522720027
1289,cubic,0.3516637802555853,1.8590740287382008,-0.096656560217117,-0.5977257306664931,1.4139537278870804
1290,cubic,0.1329024403905192,-0.2182402154711056,-1.778050292010065,2.1687453476642444,0.1565250881739376
1291,cubic,0.614336243077847,-1.5433880811590257,0.8390915986686687,-1.3035528437821975,2.3444758172699043
1292,cubic,0.4922143004387478,-1.250606641018734,1.0409454700300338,1.4497749872181975,1.6590461793878943
1293,cubic,-0.1,-1.9453118543848291,0.5569397261060187,-1.766551743414862,0.3885598072252316
1294,cubic,0.7390266196917943,0.4194727929764879,-0.7894080154242125,-2.1482719947663407,1.7999848669878358
1295,cubic,1.4588378690391353,-1.205176400749112,1.8960445576821756,-1.0142289205072972,4.787594983938797
1296,cubic,-1.9785095718203096,-0.291713287425611,0.2886860632536043,-1.1052961590048695,8.475501280026277
1297,cubic,1.9560794276783384,0.3547948832529051,1.6881128941547896,1.1182429812602113,3.50959140809172
1298,cubic,1.5275397580379937,-0.4488480346358745,-1.3322074234884345,0.9686075111819744,6.626340431690232
1299,cubic,-0.5362760211097499,-1.3214328789834302,-1.874556071325012,0.6063247383028587,2.0190117293068712
1300,cubic,0.1,0.9496592678330552,1.4654604550995067,-0.5556234056138618,0.2770943401591896
1301,cubic,-1.597470343699218,-0.6371731171056303,0.7064493351341596,0.7852580874673762,2.3391430631283727
1302,cubic,-1.9022153117756535,1.8307459907470789,0.0925460053464148,1.0121865008659905,6.629733340252484
1303,cubic,-0.7624805281936053,0.8921347769394314,-1.2155979036397428,2.9314408612111027,3.109937330657297
1304,cubic,0.1,-1.4911922276419949,0.791418700746477,-0.7070894834908672,0.6520093260915887
1305,cubic,-0.6128659595103376,-1.2948385023759768,-0.5405572945367951,1.6603525720286667,2.9861159894573035
1306,cubic,-0.1,-0.8290323293546598,1.9121253142727044,2.9983370646161083,0.4898918340499025
1307,cubic,-1.2683161006254773,1.8658051722593725,0.0796713429073663,2.736494369914894,5.488562303357534
1308,cubic,-1.389110856934613,-0.6920414332582276,1.077945023341475,1.9138384755872504,4.840351106612598
1309,cubic,0.9849111823329468,-1.852176718541486,1.6028783239669615,-2.976804681723729,3.112068692425165
1310,cubic,-0.6036524965812871,-0.2983568871673223,-1.446937187669426,2.7074703533360287,2.524520529114721
1311,cubic,0.6767539479235389,-0.0069938992522189,1.6514647937241422,1.84298895900202,1.9639303943203164
1312,cubic,-0.9411381406906454,1.2563936072422086,-0.9017774208625782,-1.969065491873149,1.5880346845700648
1313,cubic,1.6668382650488145,-1.979354809128884,-1.859732745500263,1.4369375988280575,5.637954623363504
1314,cubic,1.0977604763996034,-0.2684657343040455,0.6567079401770601,-2.295078907780974,3.1031123272476013
1315,cubic,-0.984991250949974,-0.0213992019207349,-1.647319992351164,0.9035036603241462,1.4670669878936502
1316,cubic,0.1,0.4557763198048823,-0.0903170822198387,1.2836076216090315,0.5725330586405573
1317,cubic,0.2250234103777066,-0.0155048462399958,1.6974583924115358,1.5410809419773104,0.4801921007832152
1318,cubic,0.5195791612992977,0.5462618281368243,-0.5295846904879191,0.7105693059273044,2.09436535666863
1319,cubic,-1.6182025425250424,1.7143961064652942,-0.1235536114658089,-1.1354509470303409,2.9565533123197403
1320,cubic,-0.9510091029162218,-1.3686862474467971,1.8057216718381104,-0.5649292871638556,3.5696970824001784
1321,cubic,-1.4987163562947128,-1.6549120262101535,-0.2146474388970243,2.679919520018532,1.860894639209928
1322,cubic,-1.3243794026070803,-1.6581044958673732,-1.5657111229498772,2.454330059664869,2.905823768739133
1323,cubic,-1.8863741390289797,1.5455105211507458,-1.690351852137299,-1.6108063588753168,3.9023809926751976
1324,cubic,1.3930644838112929,0.0975279123042764,-1.621874749598954,-0.1190141500150492,4.8457110517614765
1325,cubic,-1.172822683733473,-1.031429993693374,-1.4560571712649288,0.478779094607427,1.688869404075381
1326,cubic,0.8499078577140944,1.7234273844635075,1.4272829771304565,-1.464848803780424,3.4587070015460952
1327,cubic,-1.0573926371171822,0.8799434106088442,-1.8838769329858964,-1.0732609357896978,4.943583636035844
1328,cubic,1.5280246511802311,-0.6753354763533022,-1.8690261249268345,-1.7316541592346302,5.455564109048228
1329,cubic,0.3505318514855471,-1.050233878138104,0.5654177927065236,1.717088944722442,1.515855850065552
1330,cubic,-0.2907157996197766,-0.5713093055142027,1.4811952422739796,0.1215466260837043,1.0829186135630675
1331,cubic,1.1090046531496238,1.4272034588017115,1.1192793518347224,-2.155158008091007,2.3977285196147324
1332,cubic,-1.058055580824043,1.9212055499463416,-1.3033489401470284,2.481996888458241,4.307370421675455
1333,cubic,-1.6176943226119516,1.6630626396149657,1.7436492872475893,0.5005008739811263,5.627863247338647
1334,cubic,0.5054678778072481,-0.354297875275257,-1.0927731451639562,-1.1344473265309063,1.566679573354894
1335,cubic,0.1,-0.1276135927577226,0.6677246567076742,-1.055053492233324,0.2063884460202811
1336,cubic,-0.2644033341751686,-1.692530177474291,-0.2233020075549245,1.2079550999028674,1.858098535644156
1337,cubic,0.7146567793271159,0.3015220584797156,-1.7674534973513183,-1.029618174065143,1.0769300653659004
1338,cubic,1.5495166340263404,-0.1592028626497654,0.3058356551198464,-1.3699215935257392,4.521733433360412
1339,cubic,-1.1154220485137714,-0.5100956755497705,-1.480922933164666,2.7291821654681963,4.583908282794922
1340,cubic,0.5015229440981739,-1.6623818937523387,-0.0523770567544374,1.1324964067040098,0.7825823458868767
1341,cubic,-0.8740844905860716,-0.4226398594403187,-1.415064697952146,1.1878657709606113,4.439870254087766
1342,cubic,0.4575896575112677,0.215591816376325,1.8006759202654572,0.2204690827316722,1.9102397170337877
1343,cubic,0.4133958476012176,-1.1212451399694414,1.7184738280420977,-2.473383200867036,1.4254880926841371
1344,cubic,0.4152921610618412,1.608861783477619,0.6249933624211508,2.7033529996611403,1.72858852280728
1345,cubic,-1.2792639732946745,-0.7583066154775855,-0.1572834309909812,1.917224914215926,1.8260430043780431
1346,cubic,1.6301267050330028,1.5316773902043543,1.851431403789742,0.80000057535492,3.510308988204393
1347,cubic,0.5142540287407384,-1.6123933662982464,1.4782022916826931,2.6501068133020604,2.490526841257306
1348,cubic,0.7776320858749219,-0.6741400584035855,1.1144540486546894,2.962154311256392,3.1030264934158995
1349,cubic,-1.2776184547248564,1.83564420283844,-0.6324534719629149,-0.1994887492223851,2.11226241321248
1350,cubic,0.8682302367992105,-1.8444153841742823,0.6913164089084507,-0.806225431883302,3.664765709061913
1351,cubic,0.1024994457667713,-1.9645141324942157,-1.3354487027038684,0.7030104895069664,0.9295795653128976
1352,cubic,-1.3894356230597338,-1.3855577830507655,-0.8743224914517378,2.336759969466512,2.178059068944266
1353,cubic,-0.1560746422263825,-0.7996305503510439,-0.6772980938822144,0.5241907034037956,0.6680530472669551
1354,cubic,0.7879200029114455,0.9269689333960422,0.3153354017655414,0.9403226449533229,1.6143846021350663
1355,cubic,0.6704985775239853,-0.268012945104036,0.9715548561993056,-0.6951726970046694,2.973443231446067
1356,cubic,1.089425270001132,1.4453870517587015,-1.944875054698573,-2.886743269142522,1.227882278849985
1357,cubic,-0.8427705434785722,-0.4214760121782475,0.6962720489033796,0.6849699795112909,2.161940103510864
1358,cubic,-0.3914353886822028,1.0747984572166325,-0.5489208718225242,0.3290207752675766,1.3057138945537652
1359,cubic,1.3073795247715303,-1.3680309468036196,-1.9669519527860624,-0.5738513493863011,2.026165074132064
1360,cubic,-1.5780405868704412,0.4482302696424307,-0.9887354824626504,-2.3772437613160484,4.830780336813089
1361,cubic,0.4714403491681622,0.4887150235029005,-1.6099837526497764,-1.3194312764464633,0.7051759244180693
1362,cubic,1.3028619750731223,1.6362043131440829,0.3232963821518249,-1.2649391005751969,4.1108918183191
1363,cubic,-1.5096501479639737,-0.1488665802610809,0.4015364850983545,2.9582513178722287,6.536210602784436
1364,cubic,1.4414492253994946,1.2999954113776149,0.5805002699712283,2.666596839843903,4.308374768444286
1365,cubic,-1.132267803077155,-1.7425687503542815,0.0025249046860249,-2.324382302544308,1.622315226338239
1366,cubic,-1.3736220291067136,1.3024150979494924,-1.4930277704351202,0.7488091715833436,2.466746359369776
1367,cubic,0.6158267186335071,-1.9531099419292248,0.8524742522272915,2.2022279686101207,1.914582734888568
1368,cubic,-1.738550535220118,0.7458710771736761,0.790724405901869,-2.998496706315745,4.1995264279780695
1369,cubic,-0.8960236864465569,-1.3364927686085155,0.9315988039290716,0.8139297034260737,3.827927468847385
1370,cubic,1.8358581466568005,1.522050472287563,-0.0190068192106549,1.5007331921177238,2.4358689853740705
1371,cubic,-1.7379101066778024,-0.6816112322193648,1.665371826216695,-0.6486575467838773,5.912019899026604
1372,cubic,-1.8605161911756247,-0.8325968191717754,1.8398703081799868,2.6404174555662454,4.69820082899229
1373,cubic,-1.7333978645620318,1.301785831832412,-1.6770285713341146,2.18165678197333,3.740573403873971
1374,cubic,1.0260699193229872,1.559750072188451,1.2910744515827115,2.6588166193710947,4.037025984348615
1375,cubic,1.7301959491883374,-1.3759403914268686,1.5018220410873933,-0.9235261671184336,3.1761253237905143
1376,cubic,-0.6956046968326812,1.2759898693427203,1.5851857350869167,-2.634007685596565,2.1340999287148104
1377,cubic,0.9186605689959766,-0.8112453036665421,-1.6587680094061286,-1.8479552570174087,1.0491896650360697
1378,cubic,0.7863227380315165,-1.011912701420148,0.2468514171547773,2.450279902214656,0.9695477604331928
1379,cubic,1.3505949691834704,0.7902420809684223,0.814771759726725,-2.344333266705582,2.2804586415553976
1380,cubic,-0.3917908299592696,1.7924306847876688,-1.519075938138827,0.4742926368213283,0.6173053261477499
1381,cubic,-1.1587386251788652,1.71556715860968,1.6576969459611672,-2.991703280997306,2.0582895324817017
1382,cubic,-0.8822287135004991,-1.225160675890126,-1.712027072293172,1.301844042648872,4.062699188324571
1383,cubic,0.7572425400789213,-0.1532220951750997,-0.268391484712811,-1.2575133637255085,1.8321174117898116
1384,cubic,-1.8404291386054448,-1.5613452123647171,0.9962731982858996,2.306834845049651,6.10259862288112
1385,cubic,-0.961421950748067,1.225580558415766,1.2086476351881927,2.8795002712887614,2.0931415467439507
1386,cubic,-0.8492705527841964,-1.754808540874747,1.68722930140201,0.2916336470350229,2.772118139260876
1387,cubic,0.1687997038913695,1.9614799392043163,-1.0383885388632552,0.0402670719610425,0.8741468987880568
1388,cubic,1.5057784335872304,-0.0072404471969922,-0.3039171887642276,0.235083816904269,6.581373347474104
1389,cubic,1.955329903796848,-1.9941841591263247,0.1352112460956873,-1.6351049234277333,6.349974429061297
1390,cubic,0.5385794627623777,1.3756935623331636,-0.3890262073141493,-1.830857999262404,0.8539415371312928
1391,cubic,1.2367072379623814,-1.9189639585955092,-0.5504966639562299,0.7878880236070285,5.997071103995494
1392,cubic,-1.6334373914613702,-0.7069445621208259,1.435761298750827,1.9615600189029472,3.382365714259224
1393,cubic,-0.950010670725276,-1.16131469084536,0.6314062574693158,-1.4436689160855252,4.118974595253763
1394,cubic,0.2646906588670679,0.0459620472739432,-1.16232580776213,-1.3344503811923565,0.2299276506447324
1395,cubic,1.2949709133594296,0.8055344747720863,1.4167545737619278,-0.581049725360749,2.8429625239367304
1396,cubic,0.3911890422169235,1.5507482214749555,0.6009956904379075,1.5122279513239238,1.408203207585194
1397,cubic,0.4746659902811512,1.9316251535917768,-1.3146183304426282,2.534954711278491,1.4623959409215086
1398,cubic,-1.4454277121870356,-1.1701676607766678,-1.0695212757785089,-2.064391989987146,5.947101170387901
1399,cubic,0.1,-0.0274281605724389,0.9992878171952384,2.183644828441466,0.4846391062409906
1400,cubic,-0.5937262846919964,1.1000088554584615,1.3261193486254794,0.84498411583417,1.8965824481227127
1401,cubic,-0.7221438936807352,0.360841423013623,0.852930428916236,-0.125443712060469,0.7232542477265796
1402,cubic,-0.99745099961659,1.7304233289328437,-0.5944884366368264,0.1818814609835923,3.1507264567116318
1403,cubic,-1.0602773300755095,-1.6765462253987051,-1.6440700216226491,-1.5554911454365454,5.728935234532046
1404,cubic,0.718695808781713,-0.127849250513635,-0.1029840529644836,2.479533064462424,2.445262778727656
1405,cubic,-1.9984485072422848,-1.0489441121184782,-0.2401692353106352,-1.4104729170604715,4.495142276805156
1406,cubic,-0.2379230308801072,-1.185655885480481,-0.6249665283233226,1.941796895970489,1.0850859288299204
1407,cubic,-1.9333801287169323,0.7738132515926659,1.7177678121648596,1.2426615885497734,5.360497340838919
1408,cubic,0.8288872587250244,-1.0473161182628514,-1.984593861628492,-2.6648253700873594,2.879349188482255
1409,cubic,0.1,-0.0400796242144969,1.2419657127474992,2.4942201779421787,0.6360554429344046
1410,cubic,-0.8178298443322976,0.8936972994473753,-1.9554411680808053,-2.8619551346857763,4.508773714995635
1411,cubic,0.6177321893446566,-1.1040392373865533,-0.5330215037822108,0.3218871090515849,1.5742932160672578
1412,cubic,-1.4153025241857953,-1.7625584787313031,-0.0133629972554718,-0.6054117894411153,2.3079587624697204
1413,cubic,1.012255638354897,-0.4517423663773101,1.4371474320959514,-2.9068253306133016,3.40951292613662
1414,cubic,-1.5754826909806576,1.8603188875425016,0.5347378777525962,-1.8901444460115309,6.548200907429988
1415,cubic,1.3114606540789624,1.2675121231261892,-0.5218934915196587,-2.7655803132681847,5.053039871432412
1416,cubic,0.9930408139317022,-1.1468285519485857,-0.1866015137947467,1.33452107213213,3.4573369253610338
1417,cubic,1.0255631326805277,1.6714904093590564,1.8196183163492887,1.9708832087797283,2.587155045504198
1418,cubic,0.9501333574587876,-0.6188037749170743,-0.044396963745442,2.523725622950046,1.8251283516018588
1419,cubic,-1.728131668763094,-1.289857028258533,0.6658629791684132,-1.9555090052627568,2.2385956804497478
1420,cubic,-0.8777674141430953,0.4984606170891918,0.1341962396856124,0.6426019063188129,3.061791503030131
1421,cubic,-1.299889649149053,1.1787395501710742,0.4303549490143243,1.3112777471205428,3.7714498951761706
1422,cubic,0.1262808126070069,1.3060726871934354,0.743268151562281,-1.1036388325096989,0.5527615746099437
1423,cubic,-1.3002689304793176,1.4927243113328572,1.2556036166006035,2.688520068319449,2.3950579523587145
1424,cubic,1.3469647039399706,-1.4335087693529185,0.996035423030083,0.0834512101290188,2.374756328955111
1425,cubic,0.4803017342219697,1.987631219730288,1.963592971427456,0.0019425233225862,2.0557290783770346
1426,cubic,0.8264539272408751,-1.628016004758035,-0.5924128710088019,0.0061834377735001,3.9352042370128943
1427,cubic,-0.1337242104269282,-1.6577155411173403,1.4029779226285322,-2.0077456995962457,0.8479186444446736
1428,cubic,0.9399813571159276,-1.4849402711836346,-0.2585989761179119,1.9959400688711453,3.887515660852796
1429,cubic,0.524700287972514,-1.8920902183317576,-1.4562043037903765,1.2846777045611049,1.7732471451479832
1430,cubic,-0.213514806677169,1.6077901027100885,1.4352143516987903,-1.621995032957407,0.3995360516346893
1431,cubic,-0.190328401150555,1.900598847059055,0.0845794498553313,2.314255804340532,0.8531854758599982
1432,cubic,-1.9577433736281784,-0.5103500668776402,0.1371452181331331,-2.8202025584809247,4.448159938227002
1433,cubic,1.4860631495016428,-0.8310186468787615,1.9842579535294624,0.0780382145841223,3.526338863255676
1434,cubic,1.1254145336623806,-0.2604531516567538,-0.4154808834357419,-2.127977756516501,1.457856232382328
1435,cubic,1.7096521994051392,1.367324889659149,-0.6730183541034549,1.1427564748867711,8.086162740520185
1436,cubic,0.7963766253301854,-1.656067787763272,-1.4427332717290646,-1.2047058506744868,2.3996524181292678
1437,cubic,0.1,-1.488460935381939,0.6813458207325866,-2.154758547861904,0.4785725727832071
1438,cubic,1.1831996985317876,1.761771979583937,-1.026256405103977,-1.93523470430643,1.985931134395467
1439,cubic,0.7374407701289032,-0.7253402373445526,1.5825512852117227,-2.553596129642773,1.7768720960219813
1440,cubic,-0.9866888613579704,-1.482918076256519,0.4441171119276235,0.5095581447310318,3.477124212226279
1441,cubic,-1.195803721929967,0.8065282815834003,-1.737726816636473,2.6109012017417195,3.99800176968636
1442,cubic,-0.4926514344816413,0.9039899260140718,-1.3643955767850766,-1.5168741007608262,1.501479138335729
1443,cubic,0.1,-1.730406528059132,1.0108924341129135,0.4232664543680009,1.2896382749404782
1444,cubic,0.9603698483723644,0.1497538729292542,0.686632396065558,-2.983223706650437,3.3828642563127618
1445,cubic,-1.0755718300198054,0.3728774867321633,-1.4309025554955488,1.9511788766474245,4.317745246358435
1446,cubic,-0.3520735315939447,-0.8889121895887744,0.2890568579066479,-1.8977750532919428,0.3839034541185083
1447,cubic,-0.7305900086158439,-1.708427554245298,-0.3333909172691371,0.0878142188266313,2.358943477627461
1448,cubic,0.4503444770063365,-0.9121374891355396,1.5856232098588778,-1.8145168159163996,1.197510045742115
1449,cubic,0.423614560291182,-1.8771647032945349,-1.75652189869339,-1.252785989754606,0.6343488790838647
1450,cubic,-0.4742382047969595,-0.3337176438506928,-1.588094590788244,-1.5886834513826298,2.2713496259236443
1451,cubic,-0.6903760481266064,0.5656848596518067,-0.3083134569182491,0.1561641428969222,1.1440562191667156
1452,cubic,0.1,-1.3747162622406597,1.2020330950201776,1.367846906988647,0.6049685365895198
1453,cubic,0.50436343400141,-1.3700930677600538,0.8995660693919878,-1.606963280614819,2.466547078898465
1454,cubic,0.9023044364987532,0.4191838857886112,0.2977674213567303,-1.423730917760373,2.206021818729584
1455,cubic,1.0004364780805584,-0.5260002537077662,-0.0967418859680875,0.578659903203361,3.0433154062783907
1456,cubic,-0.2028779572324719,-1.7942656937605008,-1.300681547856406,0.6364273792310509,1.053133465086904
1457,cubic,-1.3259977561617848,1.7536974208559617,-1.3286384949985144,-0.7038965721004189,2.6866889455141743
1458,cubic,-0.5349087004061577,-0.697010799132848,-1.8857094496522868,2.1212847824016894,1.577347615487952
1459,cubic,-1.46943085818149,-1.7060146032728212,0.7092406244124789,-1.2341625808615162,3.770411945664444
1460,cubic,1.6328585231912842,0.966902649255772,0.4554616095623123,0.0066402247249368,6.651152385001923
1461,cubic,1.2865370153565934,-1.05193817179186,1.554459389274439,-1.250344909069071,4.576870365879242
1462,cubic,-1.602848564916283,0.2041778335556094,1.55212813376433,2.783498192590957,7.0382866432277815
1463,cubic,1.1813698201540768,1.138007762216465,-1.180063040779307,-0.5986542474477479,3.939937828466397
1464,cubic,0.2295512457812347,-0.5409183176118799,1.7418297981649955,2.7556427832888444,1.17300952507817
1465,cubic,-0.7998272960592985,-0.5196144266449991,0.4069196521597664,1.4034817466617122,2.740526796432289
1466,cubic,-1.211429511785311,-0.0005538247104595,0.2259753055227586,2.200567076943285,1.649408688053907
1467,cubic,0.6134388238147213,-1.0927235898714658,0.9671778737512668,-0.9792347936241504,1.8184771663288677
1468,cubic,-0.6526800421502368,-1.562983757921899,1.525525642421344,-1.81239350873989,2.0643209295949783
1469,cubic,-1.972584067755436,0.5418227163813274,-1.149386960893493,-0.5601397474682663,6.5546735254733655
1470,cubic,-1.9278702680720972,0.8876239441532436,0.7923020432490029,2.401010752275523,3.483177502576617
1471,cubic,0.7113003499345623,-1.0162092592019296,0.0629221773440029,-1.754477289343029,2.784450671303098
1472,cubic,0.3202245105139742,0.4725293348062696,0.9005177866822098,-1.0874798576998124,1.1964392731100064
1473,cubic,-0.7557362109681747,-0.4600609585613102,-1.3288528181100898,-2.9938146781793,2.053440211120764
1474,cubic,-1.3805896230914998,1.3692952133544276,0.2330552218880992,0.1215051548908134,2.2120802975155174
1475,cubic,0.7476238830832922,-1.1848319902974973,-1.8499362883186712,-2.4063714426145757,3.092587364356769
1476,cubic,-1.3433019370427872,0.7806745072788934,1.927540709329759,-2.433103353698898,5.305600632399681
1477,cubic,0.9444890604855196,0.4880848916471576,1.561768921749402,-0.7600804178568517,4.511506481095654
1478,cubic,1.4733100553344949,0.5614572965435891,1.8954357428691144,-2.7048533221331725,4.535340615453047
1479,cubic,-0.6515695573963125,-1.2902547316358812,-0.5951683466096731,-2.4496844661979287,2.956662518709756
1480,cubic,-0.2753211950334497,-0.6513929739637065,-1.6356454509922336,0.3686610372113525,1.529068789358467
1481,cubic,1.4700106528189347,-0.3782156521720035,-1.190311243411159,-0.5299745179041162,5.409704000258686
1482,cubic,0.5141913896005401,-1.8220551845109216,-1.90419953572538,0.780476573391724,0.7432197027219187
1483,cubic,1.832910705386288,-1.2130671688740198,-1.8584589055572307,-2.2737345309265926,3.1006247562099776
1484,cubic,-0.9256723971233288,-0.1369189671917041,-0.3826623666555107,0.0593217504722556,2.0241669320263727
1485,cubic,-1.9384171354627764,1.8477040770507616,-0.2326547918773323,0.4257688509230695,8.177657231861485
1486,cubic,0.8712917185100286,1.3636666054612063,-0.7595687840311038,1.1492462328975916,2.974579668725315
1487,cubic,1.3667027961983922,1.419569056296099,0.4256653164693427,-1.4533442523070932,2.48681918970688
1488,cubic,1.9480161769926343,-0.0886291212632088,-0.1938328893228291,-1.2940315717331246,6.479032469217384
1489,cubic,1.743910898719752,0.6875105670881734,1.6234689034603558,-1.445417828164021,8.512424255960353
1490,cubic,-1.137853254049344,1.9260272138023995,-0.3176402779006726,2.1083379476945208,4.778793736205741
1491,cubic,1.9655513249308867,1.8586517976872237,1.3640993850710204,-1.9487022365637012,4.17816276890109
1492,cubic,0.1698108853814175,1.2498683121887058,-1.4275811441497313,-2.673113257615828,0.7435881227876534
1493,cubic,0.420152160897417,-1.2448646817216829,-0.0431812471404242,0.0403822835658083,0.9159108970246042
1494,cubic,1.8491027944994487,-1.914262203517775,-0.93681411612673,1.2955078073543982,8.819742543283704
1495,cubic,-0.4762676686996792,0.2382084448616992,-1.916886048850185,0.0462185340002045,1.4989111837061453
1496,cubic,-1.7188406576511723,0.3755657963274093,-0.9006091661631972,-0.8508407838881209,3.729558369683569
1497,cubic,1.015296894207128,0.7031805357386269,-1.1138509595355628,2.795798961952477,1.6381751131481557
1498,cubic,1.0799403946673944,-0.066936482008308,-1.69962896584084,1.2368918719739153,2.418767338249616
1499,cubic,1.510398854648649,-0.9775826570674496,-0.3331295393741587,-1.6411586681108052,3.8158447259642703
1500,cubic,-1.052243128072599,0.9916665981649238,0.9991924617048068,2.8479360385316905,1.5573376679639466
1501,exponential,-1.0505304737701913,-0.1887440228053245,0.678427527859983,-0.5898120113171932,0.0986568865335661
1502,exponential,-0.2397928819914789,-0.1,1.4764880880595377,-0.6682217361290235,0.1157163830320824
1503,exponential,0.7171661024634433,-1.660265302879957,0.3170723531057304,1.9055047948261228,37.86713528724612
1504,exponential,1.1813345909989663,-1.3535770114311338,0.2652071576038768,2.8086122759322114,13.0815498040177
1505,exponential,-1.7720243526794637,0.7068660170528904,-1.803186966851836,1.066217118412056,0.5092384603626592
1506,exponential,-1.0889238777533747,-1.191549269634704,-0.3714175782584705,-0.5208169674078147,1.6633033005229874
1507,exponential,0.300121142596816,0.3125976175416833,1.986440183981418,1.6017979708863432,0.5986961662424539
1508,exponential,-1.601135149040546,-1.6672555531872195,0.8337369145715408,2.764294287837717,78.65270349559376
1509,exponential,-0.4114472230642585,0.3442070301982047,-0.121971404571227,-0.7001626406984123,0.0786431247917611
1510,exponential,1.121652082660617,-1.0307008422402977,-0.1298320333930163,-0.1853937574818958,3.636038981074949
1511,exponential,-0.4050679720264041,0.9675031757155595,1.421872572381266,-2.474363314282674,0.7136140830131796
1512,exponential,0.3068086939779246,1.052174331178755,-1.8284151290811108,-1.7868077215781906,0.3258950070002817
1513,exponential,-0.5970735098275952,-0.5820027194005246,1.8298623930154696,-0.7923750275149715,0.6861305946295728
1514,exponential,-0.855954624442123,0.1,-1.3054256430077946,2.9677178852839283,0.1038210432738021
1515,exponential,1.402716594060594,-1.6329858160973605,-1.6291877915093789,1.0159291887745407,53.07939482437013
1516,exponential,0.4714826513069639,0.1253806812069307,1.4893674105541437,2.195896028351182,0.340227516886359
1517,exponential,-0.3949293106670866,1.6257768288931644,1.0089338363384344,-2.96707618111296,6.446748180384603
1518,exponential,0.8863500691428485,-1.0548587162652168,-0.3669763030600044,1.185310695401835,2.3863797026077256
1519,exponential,-1.3314537482636366,-0.2177972246010386,-0.1155695259320399,-2.948136161880781,0.0296429607712451
1520,exponential,-1.891550688147194,-1.221544475436084,-1.6191757138985512,-2.458280867278546,5.355118560698509
1521,exponential,-0.8862305051983617,-1.5309965192923016,0.0576422738399573,-1.405233347706095,24.21377719572965
1522,exponential,1.9901908216999475,-0.3500757294072953,1.1282429289491946,-0.023327786968704,0.0947753355335424
1523,exponential,-1.4715080549547586,1.4471152237190612,0.7778384890342731,-1.610661651965047,21.24294556118156
1524,exponential,-1.1015161351194838,0.5535840407838557,-1.568002518181991,-1.3070277340373146,0.3648064048505588
1525,exponential,1.8464123603475675,1.360102299314771,-1.7614162379341387,-0.856497431988565,23.524881305260504
1526,exponential,0.5289102065995994,-1.5501642707231524,1.8092645451680247,-2.790293515246365,12.61111707084017
1527,exponential,0.3824271890078408,0.8908647421711713,1.495951128909451,1.928690489724814,0.4255169939275475
1528,exponential,0.2902942556380572,1.7416735893778932,-1.3002605174411106,-2.020041414512897,26.467454296717264
1529,exponential,-0.1857958545100415,0.7830746327040918,1.327759109463384,-2.072735650097223,0.068980128130666
1530,exponential,-1.0478823085233104,1.6779616660066452,-1.5693924218491526,-0.1259797447521338,66.69194326518334
1531,exponential,1.6144378961254675,-1.939842297300208,-0.1908849581678326,2.787434995757055,331.82031050592155
1532,exponential,1.7261110127745094,-1.0754123107900413,1.885900979147269,1.6028583528368658,1.821373112817267
1533,exponential,-0.6562269355801273,-0.9733303413568888,-1.541728206291193,2.9794789719442427,0.389780010498637
1534,exponential,-0.4921796102838218,-1.4315877236375305,1.8905345005514664,-2.9934578456750414,10.124275597956348
1535,exponential,-1.332188855348608,1.8813752417637064,-0.1998596501576082,0.6235177366262761,134.33134039072183
1536,exponential,1.9334499230887645,-1.0247489957127185,-0.5407353468528275,-1.8938913815152347,1.9632405371799253
1537,exponential,0.1,1.6471090436274096,-0.5084751304213362,-1.0508917289450126,1.6505622272812497
1538,exponential,1.5851320739836705,-1.6321761914861703,-0.0593697008941314,-0.9918956636482524,52.244402184520645
1539,exponential,1.3636759624579078,0.6552363909868726,0.7473975772160633,-2.932445070777086,0.8701099903898023
1540,exponential,1.157308471149907,-0.6283450076632366,1.892165373093671,0.6985486371394183,0.355723046067725
1541,exponential,-0.1,0.1048662653023391,0.6840340078605855,1.9551653962373523,0.1279044671811453
1542,exponential,0.1,0.9524883966436876,-0.5571633267497966,2.678925014098211,0.0730486802929419
1543,exponential,-0.1,0.6314525329231158,1.4156579584730364,1.0054991279964636,0.1067301054914939
1544,exponential,-0.7223256707461516,0.7436275916006565,1.2408846102861846,0.953971476577104,0.3598086710279949
1545,exponential,0.4684992214183157,0.6547463453926783,0.6871596369988735,-0.9890179511801084,0.1944428174898852
1546,exponential,1.8194452219152544,-0.4018442371968871,0.947958158218846,-0.9632096788819516,0.1197958352156017
1547,exponential,0.5017370884818062,0.5391779191652959,-0.7716561417659498,-0.5013047839220999,0.0392963418683397
1548,exponential,-0.1,-0.6616992804267348,-0.8191830294818234,-1.3717932876960357,0.129192130677282
1549,exponential,-1.2343188944997283,0.2383277838545034,1.3126918281080877,1.4380290564698877,0.212994773474022
1550,exponential,-0.2676336851046352,-0.1989848598807837,-1.0479238381851332,1.5028605068037129,0.1687891004201251
1551,exponential,-1.9873004203135625,0.980985752885851,-1.3714632996268945,-0.4056450763946424,3.4732570248092305
1552,exponential,0.1979478219012347,1.3554607105940222,-0.6320443153947912,-2.068572206979153,2.830009219734359
1553,exponential,-0.8182243629223325,-0.1,1.908405861670176,1.873144450965305,0.4535907322895999
1554,exponential,1.2504863396258616,-0.1,-1.0763069428779324,2.564731772378809,0.195880374649166
1555,exponential,0.6919438604197063,-1.666675795946094,-0.8236995738488435,2.476803774248421,47.52292543781445
1556,exponential,-1.086756313811814,-1.1592600685336687,-0.4198560200073076,2.1741626609856244,6.803467957346916
1557,exponential,0.480561236401015,0.5564288363750056,1.0195577924304198,0.7191315632212403,0.2084360445322179
1558,exponential,-0.5196072632126114,-1.464469218972646,1.2834606266654758,-1.4274089871066462,4.259303888008907
1559,exponential,1.0366204349545605,1.1232907316377791,1.1357231628285884,0.2281103946420817,5.545833876970842
1560,exponential,-0.853847358458121,0.1,-0.6000387514001488,-2.163949665857624,0.1253998495271387
1561,exponential,0.7895497833091811,1.5473207852548403,-0.1555063088856938,-2.186262548449152,28.65926832132868
1562,exponential,0.5862725320633491,1.7769186686098837,-1.7808124735918427,1.4005903706065892,40.75675235625177
1563,exponential,1.2326153122766863,1.2307285176036262,-0.6288950633012602,1.273264452312841,7.641846459032031
1564,exponential,-0.9544009602216396,-1.6584575159931825,1.2431226626388612,0.7051754453783743,53.39478356995773
1565,exponential,-1.491554106060193,-0.367324879515559,-1.5948256788504316,-0.6134443839992887,0.1960535702653246
1566,exponential,1.952598958710364,0.5139426465591588,-1.4390902407610136,0.340646908804465,0.337676313413962
1567,exponential,-0.6839406281186338,-1.8564751570278413,-1.3063875137744496,-2.77543959481152,33.564452875312746
1568,exponential,-1.9664917720689117,0.6754076116793115,0.9321188573488266,0.973329903127626,0.9299998407327958
1569,exponential,-0.1,-0.1,0.5080473405692985,2.6307205793073987,0.0408645307412967
1570,exponential,0.1,-1.1236960074577809,1.1643885828609224,2.9211199920477258,0.40202667920129
1571,exponential,0.2017125670433226,1.343290396546362,-0.9575012605278106,-1.290753565944968,2.7408863581571907
1572,exponential,0.3402335664795473,0.3018890402844394,1.0947071776519826,0.8095554668214948,0.2656761530400516
1573,exponential,-0.1,-0.1,1.0183552062056709,2.182569587082572,0.2673266689744473
1574,exponential,1.8300623955986848,-1.2257758034794357,0.4775874292021398,-2.069339780323665,6.457028492446487
1575,exponential,1.1848250094124464,-1.9857189256151733,-1.4520840658883456,1.458137339952252,226.09383060122627
1576,exponential,0.3458798515284216,-1.1533171922708747,1.3739294346166022,1.012114254300747,1.5409738931462325
1577,exponential,-1.8553876868851948,0.259841448628697,-1.82745965642445,-2.410872584535323,0.3569307701886449
1578,exponential,1.123963729445283,1.0759480128124514,-0.362945838998602,-0.4490073501779954,3.010149294799591
1579,exponential,0.9970469213752676,0.1,1.927820570580634,1.1548325125518035,0.3267140075392966
1580,exponential,0.6257563126314594,-1.0375795119189737,0.1099580198613359,1.3281311664095623,2.070290887012032
1581,exponential,1.5557237740929386,-0.7646865932743419,-0.8934224068212857,-0.9883322290671916,1.2337425351425315
1582,exponential,1.2111504165359812,-1.1582616000075667,1.1334584161851953,-2.683820851427722,2.9546533780529884
1583,exponential,-1.5833614227907646,-0.1,0.4111219671028028,0.712818937079625,0.0615563093467189
1584,exponential,-1.3772236709783106,-0.3126620141088545,1.4873631588153025,-2.837630203894276,0.348886493752523
1585,exponential,0.2925780363818426,0.9978093971124392,1.3890773429060448,0.4764042732366178,0.4930029182090345
1586,exponential,0.335610412839844,0.4247976833306754,0.0225196732921206,1.6157395938504011,0.055238701724461
1587,exponential,0.5370809277995456,-1.456861193620285,1.772996303758724,-1.6654590172765689,12.568913237045436
1588,exponential,1.5810081161369545,1.3636066723858753,0.8277817377374923,-1.0288058364139074,7.328576610811894
1589,exponential,-0.4548903649662721,-0.9798988215051464,0.3973428515343924,2.868485573398818,1.2355505971184473
1590,exponential,-1.6445858994964675,0.7089655575245346,1.38208731472583,-0.8864434684204712,0.6574011676719529
1591,exponential,-0.6237206743496619,-0.6103183256946778,0.1757296548919455,1.1761076524404883,0.3286686461427557
1592,exponential,0.5266422805248872,1.1820489812623456,0.8294975497354669,-0.2422910285316728,1.880328431642094
1593,exponential,-0.5773191987759656,-0.8302942590831761,-0.6854385328053842,-2.11193806055961,0.3169279876916111
1594,exponential,-0.1,-0.690051831128256,1.7065882891436963,0.7150997799866925,0.2053439794097924
1595,exponential,0.4665555453484318,-0.3754929941278924,1.305367320974351,1.446373991527336,0.164481305762169
1596,exponential,1.0084878729718405,-1.2783964285434184,1.004680756412518,-2.036222450039627,6.887980687424929
1597,exponential,-0.9534485934690222,0.2048807422665763,-0.9701203904278062,2.170594609556286,0.2567376668359122
1598,exponential,1.0408179038850438,1.5584108883928187,0.2283443246264771,-0.4128801848291621,42.64784455491599
1599,exponential,-1.7416843918078833,0.3377562582826448,-1.9278193755577184,-2.8547090147404903,0.4379191610890697
1600,exponential,-0.2897036927885121,0.9635768187189756,-0.2387126076709176,1.4706220120570237,0.6148691297692057
1601,exponential,1.7077898813946115,-1.875019563140972,0.5586103173711825,-1.1289702264808994,78.19315350729295
1602,exponential,1.8684425068728163,1.21751490379614,1.9767110000319748,-0.6616004472070065,4.263659833114912
1603,exponential,-1.8651424928046525,-1.9117410846551304,-1.0557103856465466,-0.7221257197274595,417.5167496030289
1604,exponential,-0.9709506991733728,1.2462196639137697,-0.2130834947489002,-2.3792027536765,9.552150999116977
1605,exponential,0.1,1.769514738728394,1.882155306942351,-0.5722823426009134,4.389874541344321
1606,exponential,1.4086540570409083,-1.653875423071185,-0.758185529980794,2.1626779042819884,95.9220228719034
1607,exponential,1.3319985456920214,1.544003358100479,1.7017214399435292,-0.4638636247922392,14.702041742887822
1608,exponential,-0.3093239386935913,0.6602798916047359,-0.8118733079222662,-0.4903703691893928,0.140608644844458
1609,exponential,1.4408994919630742,-1.8947250358241008,0.0293769985060619,2.331215860935433,230.70214945074096
1610,exponential,0.944003025883803,1.7666422251019824,-1.4117759178498317,2.2138538527482883,24.04386679769055
1611,exponential,-0.5976042437969484,0.1030905441746412,0.2474030096723476,0.3773585890732285,0.0482993370643475
1612,exponential,0.8326741413807164,-0.8907904908146258,1.4450276924993917,-1.2997456110537606,1.0376315497556323
1613,exponential,-0.986691543158758,1.4147261601341363,-1.9064425307694373,-0.4789441587761356,8.453988513921518
1614,exponential,0.9957407807420212,0.7672432101020306,1.865166400155828,0.4716689646968062,0.5538183627058518
1615,exponential,-0.8469702416658165,-1.160508958314415,-1.4515313579932916,-2.472275608466897,4.460014533494233
1616,exponential,1.0849617907875602,0.7786195633841153,-1.558606881865512,0.2934351942322371,0.9046079707479748
1617,exponential,1.9569933545264144,-1.4419259963156006,-1.702099421075968,-2.933688201621167,47.50574498481507
1618,exponential,1.5931620481534885,0.1,0.5527681208567832,1.9999583716303155,0.0539236544836613
1619,exponential,-1.2017818643106617,0.8473568665824645,1.664519432187736,-1.5936966950257527,0.5570244923595453
1620,exponential,-1.7636060405311151,-1.4957803314937437,-0.920056286083586,1.3030977317282533,48.62218456379384
1621,exponential,-1.17882967640227,1.478031959073081,1.8291356883344505,2.7519270666484648,12.387949011905976
1622,exponential,-0.2585600038003952,-0.5770331421949457,-0.1322669965788923,0.5321779575307213,0.046094423136973
1623,exponential,-1.4333470577838514,-0.1,-1.3482245609679682,-1.2075170520698155,0.3147208566043248
1624,exponential,-0.8824437380977814,-0.7750041653080966,-1.9595285980448252,0.84768435571414,0.2827483800136854
1625,exponential,-1.68348001034072,0.8268457972835765,-0.8334371600377382,-1.053479492199786,1.4820665541793294
1626,exponential,-1.369197412462074,-1.353802302773059,1.2111716678820343,-0.2464994377513454,20.52944828530524
1627,exponential,0.5212345905999962,-0.2349454373191499,1.7358022218905045,-0.2060574518951323,0.4058210680346737
1628,exponential,0.5250036835913052,0.4047921324767061,0.1524247086665928,1.051713717880257,0.1369813345410226
1629,exponential,1.1802979486642695,-0.2612276561171942,-1.9780733122416208,1.2010302009139815,0.6148304824006887
1630,exponential,1.383555917778993,0.2155028245918457,0.2989004384376077,-2.254629451861424,0.1251423445000622
1631,exponential,0.7202406384470983,1.3121816739437715,-0.6977025477492949,2.3076067291846654,2.6982991958260576
1632,exponential,0.969468065707463,1.9147087798168392,-1.159600162594678,-0.9528528247461828,58.56828801059988
1633,exponential,-0.8070980853366145,-1.6178868860159028,-0.7790218662726596,-1.096566767489355,21.949969378344925
1634,exponential,0.2738913413075377,-0.6186385915408659,-0.954410508425894,0.3862213864560169,0.1190204642765111
1635,exponential,-1.9480659485872145,1.8427064883686208,-0.254473084831996,0.9581750299730388,295.3431593657644
1636,exponential,-1.4590249018995838,1.386577922014632,-0.2647089166507235,-2.7339625499157973,13.668198333288888
1637,exponential,0.3907099124428743,1.58959881151918,-1.115727561481819,-0.0399529551905142,11.38067804721563
1638,exponential,-0.6101077133159225,0.8491736346356786,0.3333041560980452,1.4313080419661732,0.2105595065157296
1639,exponential,-1.838745694950089,0.2737412025206374,1.1196674621078229,-0.3406653800887174,0.0876985039682778
1640,exponential,-0.5428161714071447,-1.4921207513081138,-1.011036194973162,0.3203607803710815,12.195918939677329
1641,exponential,-0.1,1.013374659800109,1.762139483602489,-1.0891288936613237,0.0778719634921716
1642,exponential,1.6906341230581394,1.4586898793927894,1.6667100965181807,0.9825616791683912,44.28560124614344
1643,exponential,-0.3312112403347909,0.1,1.8730564833253287,2.878196472883138,0.4147442541448096
1644,exponential,0.3865012554515377,1.6783755702660903,-0.8852509242058364,-2.73736628894324,10.387327426723358
1645,exponential,-0.830428072950371,1.065543920371165,-1.171243901512638,-0.2113842109439696,1.9758909560528255
1646,exponential,1.5499566064147663,0.7321297285082902,1.8476198570262548,-1.4066758307568887,1.1756317325721617
1647,exponential,1.1136569176411877,1.221934450975707,-1.670964171815431,-1.3727096184335557,4.201922622404703
1648,exponential,1.3269163550423353,-0.3996285639548094,0.5385213581836163,2.1971211095784167,0.1045054719381124
1649,exponential,-0.7334764874351918,1.2159469665802982,-1.4160214122895591,0.1072196297706771,1.665471381204164
1650,exponential,0.9936690836894492,1.8021118302783208,0.4951951759684849,0.6822040287441737,93.7504767328476
1651,exponential,-0.1627483257455373,-1.6816627242353477,-1.5972952597439196,-0.8002834786937738,8.344447420797575
1652,exponential,0.4555773018355107,-1.205019159900667,1.424306613821977,-2.694604522927352,2.267869216386865
1653,exponential,-1.959768055140292,1.022542416576398,-0.2688153689727826,-1.2371528406607746,6.297944918001488
1654,exponential,-1.278057703159416,1.6200600773717917,1.271441766425601,1.985146577888223,35.881987652819824
1655,exponential,-0.1,0.9928674050154552,1.190671289396764,0.1999707688251577,0.162370453834183
1656,exponential,1.755142458604925,0.5282331426769828,1.967834716464031,-2.989448978878879,0.3539512019693587
1657,exponential,0.6821355433881418,-0.1319705361985743,1.772146835667102,0.627271264353034,0.3617181898606473
1658,exponential,-0.3750484669581468,1.3888893780640656,0.5850846100808065,-0.2512273888317762,4.623809342858731
1659,exponential,-1.429081435734334,-0.5154183660578897,-1.095124486926554,-2.878987384003544,0.134288314579853
1660,exponential,-1.605198337838084,-1.653424408994019,-0.5735319976288684,-0.0299879384595329,34.15112916112632
1661,exponential,0.8711965171911813,0.8850750524160036,-1.9226313455382296,0.8881105877679802,1.2332698906341988
1662,exponential,0.6233674987450337,1.15866740806631,1.4744060203890457,-1.911463431942835,3.9434431178948577
1663,exponential,-1.4623872490664032,-1.2483877623855155,-0.9871585052897284,-2.1301168004410616,7.496004829462684
1664,exponential,-1.8539309716734644,-1.1974919640694868,-1.0410213582648216,-2.173782095984277,6.856553364492647
1665,exponential,1.9694768478599716,0.5786913028020555,0.9423524077245804,-0.0980432698186786,0.3625806482190928
1666,exponential,0.3623864177749674,-1.6506701186932609,-1.783810014087798,-2.899168763595825,8.874200428851998
1667,exponential,-1.336450940531377,-1.5839944575991312,-0.8324807937869774,-0.1554558861367088,34.62122741553248
1668,exponential,-1.7471072670976056,-1.275604193401337,-0.2592899492412259,1.0753435166711842,7.652777388905897
1669,exponential,-0.1389501732759117,-0.9175470366612228,1.968201538986515,2.203486105033448,0.335402759562575
1670,exponential,0.4623623007947226,-1.5616059630893715,-0.1014030144196298,-0.0585699553295713,12.233608133837066
1671,exponential,-1.6069693762912545,1.414101031188161,0.0976557414866619,1.8976720440942536,11.451211587772947
1672,exponential,0.8369034057643434,-0.2496560010584105,0.3480212979127115,-2.85608638867594,0.0275046152982766
1673,exponential,-1.2422540613759736,-0.6806254798902507,0.8860113267765297,1.3149624709171892,0.5294794467776484
1674,exponential,0.9000649120021782,1.7808650386920664,-1.5456949519608116,-2.220798550837821,37.51700199463095
1675,exponential,-1.5791343729114389,1.618851793518051,0.4623193110102503,1.1902742462202998,33.969913949939496
1676,exponential,1.4588158363972157,0.289382664915542,1.1766130240911896,1.7233577700872544,0.1436636466773002
1677,exponential,-1.763026975920202,-0.1,-1.947248371767115,-0.8368037005557438,0.202546675424012
1678,exponential,0.622214541340198,1.511702911121903,-1.4695357963558655,-1.8554261075827696,10.033597269240849
1679,exponential,0.9643988802266548,-0.4392276414650995,-0.1005305283776096,-2.8001486975922694,0.0604824671866205
1680,exponential,-0.1,-0.1597754236985191,0.4058204570675547,0.9370299862994802,0.0704837424258187
1681,exponential,1.3517531116820334,0.8725225385362161,-1.428075941119788,0.4833299176170103,1.6708108488398696
1682,exponential,-1.51751164902656,1.44965061543942,-1.502442005875456,-0.2489887706480922,11.23437470062676
1683,exponential,-0.4433826753131491,-0.1570487595907264,0.2528242696003047,-1.9269732776644368,0.0532399680446804
1684,exponential,-1.772274173747307,0.7012760650214123,-1.7384535776326009,2.946990325241833,0.5644740431139655
1685,exponential,1.8304074446662024,-0.3400109283898649,-1.7193264121738037,0.637966300385088,0.7040402578879364
1686,exponential,-0.942989541972112,-0.2636180284490845,1.2229426987550511,2.467851579097513,0.1514090950241574
1687,exponential,-1.495213788332595,0.1218781511091458,-0.1258940771506624,2.72203594310198,0.0415240134359236
1688,exponential,-1.8231275380439416,-1.7279202200779196,-1.3786652176217653,-2.9080371570043075,49.54961138509356
1689,exponential,1.904305042287876,-0.2857777026751833,-0.5690959481480116,1.9814698520514336,0.181751199265472
1690,exponential,0.3805175275039207,1.2125897421596346,1.8649044501802527,-1.3644166441051564,3.210966474611527
1691,exponential,-0.1964548951096358,-0.8351154710137476,0.6014999069483591,-1.38143607142578,0.3283458712235347
1692,exponential,-1.2543870413361216,-1.041671311287161,-0.1896664849779221,-0.0298323115667811,3.2343363205550366
1693,exponential,-1.7951720521640953,1.7946215485771997,1.3678201809687902,0.5909397680684298,162.69552650568153
1694,exponential,-0.2519727494603914,-0.971623778404734,-1.761261441449367,-1.707320930739115,0.1324906808035185
1695,exponential,-0.1573513964538042,0.9435887947168142,-0.4931734482498959,1.574811494009495,0.2929999332123665
1696,exponential,-0.1260619414214239,1.174503046770946,1.81211799472355,2.9459625181317195,0.2392812098598816
1697,exponential,0.2548021184867624,-0.9355447667405304,-1.7707381372940998,0.0017705574877195,0.6838445810215915
1698,exponential,-0.7185426637196013,-0.2024686468438035,-1.3615042337231509,-0.5814772005086013,0.2249188789906981
1699,exponential,1.440295316888081,-0.7695944602948837,-1.4873445651141206,2.316116473448713,1.006754874502646
1700,exponential,-1.338325790250826,-1.225010559223901,-1.4467923966946965,-0.2534787593402638,5.041619069008217
1701,exponential,-1.6995458440431317,-0.8636545134980973,-0.0021444961214038,1.493735571838175,1.6937569995249937
1702,exponential,-0.3150793420475271,-1.3060166184515691,0.4594292251406777,-2.1182026410214774,1.7054522407007575
1703,exponential,-0.3032998018109749,-1.2306684648943365,-0.7977263889993171,-1.098012438236651,1.7717927637039732
1704,exponential,1.9358498961436224,0.6747203342089358,-0.33289098315052,-0.7120861608579512,0.7868703349390533
1705,exponential,1.8337969205014104,1.4879222683167384,-0.4179120508155858,-1.303837748502714,55.96495988789188
1706,exponential,0.922051685419107,1.5429962586570944,1.1589449998659624,-1.5151903233152475,9.75729750096368
1707,exponential,-1.793885496999308,-0.1,1.02632043824002,0.3085326723839117,0.302758961816965
1708,exponential,-1.4054385865985797,-0.1,-1.7034896866157827,0.3642291210202169,0.3475633325884799
1709,exponential,-0.3872360729911515,0.2017971400041274,0.0181779670701622,0.6917506972834278,0.0124064090115621
1710,exponential,1.4969827310543362,0.1,-1.3974050395006097,1.4862185367931475,0.3593691422916983
1711,exponential,1.250253413806242,-0.9540487922667992,1.6004838117214462,1.2709378929581003,1.8944774794118224
1712,exponential,0.2345323490778046,-1.0449116430834913,-0.9231111355998856,0.5038775279000873,0.2767482587087445
1713,exponential,-0.2269210229664509,-1.974367888878361,-1.8919843773889344,-0.5338305759156698,52.91639284235346
1714,exponential,-0.7753734270008072,-1.4965567233073551,1.674526477041088,1.902579555070764,16.92098985174651
1715,exponential,1.093565659366162,1.11430805052018,0.6053932642647704,-0.73119112095047,4.712715802831607
1716,exponential,-0.9705611922278692,-0.7109794554647353,-1.472191034959388,-0.2097682454445939,0.127629626623429
1717,exponential,-0.2075052843433251,0.2509057980335774,1.1700200193418682,1.3879932438076317,0.2718583524924053
1718,exponential,0.4022381390523417,0.8713383140563331,-1.5925785364769998,1.010651594732554,0.2952727767969221
1719,exponential,0.2141014861572197,-1.4056714894470392,-0.2780174703041385,-2.986299253818166,4.30052260129338
1720,exponential,0.4467756626148675,0.9201646333061316,-1.7495206454876993,-0.0544546850120983,0.2772110937774303
1721,exponential,-1.9691479805603849,-0.3026580506134504,0.3784718261438242,2.875355537241377,0.2701805439223635
1722,exponential,1.2534992003447951,0.1498217641298254,-0.9781055802060644,-0.000872727898705,0.1317175538045019
1723,exponential,0.9479783475774756,0.2467292739976194,1.0510948834977722,0.8716350130257977,0.3200983266089494
1724,exponential,0.236955347670619,0.825004415893769,0.2887483359606064,-0.0076048990739385,0.2887990348788699
1725,exponential,0.98008938759778,0.4909100865642868,1.4122237789290768,0.2474389912034711,0.1451160085957984
1726,exponential,-0.7998335882279921,0.9131628184427858,1.3006013409409474,-2.08576109186376,1.3887440283448576
1727,exponential,0.1570080240923386,-1.350772547470203,0.3171433252424123,-1.4233728248276154,0.4982721606476419
1728,exponential,0.3313062791375682,1.292468895755377,0.9628855238220386,0.7615487348189158,4.204902478188039
1729,exponential,-1.8186297357946604,1.1407976841401153,-1.3878002649518035,0.5570613753508598,8.76779051725167
1730,exponential,0.8543975588004904,-0.7170524794921413,0.1689181532307238,-2.281085422866145,0.3587962303439617
1731,exponential,1.1895659127623386,0.5420936507970526,0.101255280431515,-0.9027965264760578,0.3533961379629736
1732,exponential,1.0511481951197186,0.5778183243809951,-1.20738872378816,-1.0057238932406298,0.0814598274463802
1733,exponential,1.484580300336622,-1.4151791924903048,-1.7390185732427512,0.7755315421016906,27.568281280270696
1734,exponential,-0.7093719659204627,0.6784508989547797,-0.5226921866638805,-0.821986805072668,0.4113240748370049
1735,exponential,-1.9610859197007344,-1.30010429647897,0.2547885475610369,-0.1799634202614584,18.444193390312662
1736,exponential,-0.2226655877141912,-0.2300625727343934,1.2181977309040928,0.2994136840366534,0.1310044011338708
1737,exponential,0.851903926564002,-0.9203235973419917,0.8664849081539088,-0.8223534008210249,1.5941295990978852
1738,exponential,1.0949199604623594,0.7390797747365521,0.8023427599376842,1.2213911115541736,0.5216803274156754
1739,exponential,-0.9352204501469252,-1.2817647576533782,-0.4146362549774789,0.903517899640303,3.8182840888881
1740,exponential,-1.0348766493071513,-0.5880440231425892,0.9661133010769722,0.1341501201096466,0.3386181786565203
1741,exponential,1.564218480727607,-1.304671633418669,0.7141502375432598,1.1277195798024753,14.012046250837544
1742,exponential,0.9696560546885596,0.7863388310449704,0.3607941318457941,0.1290742814572469,0.928260749328483
1743,exponential,1.168116384509946,-1.75234339629964,-1.0972380424646395,1.0175388448745046,43.97672913026032
1744,exponential,-0.5435447262669229,-0.4818641778487502,-1.0013554097138342,2.123394104606769,0.0846844492203493
1745,exponential,-1.5341018507271555,0.4642809592936374,-0.6166740904506036,-0.8084013553767511,0.5246372616659478
1746,exponential,1.3765638822978548,0.8338369404699839,0.8017741665616005,-2.066553742118388,1.5195307308220651
1747,exponential,0.5033340082800581,1.5947473434800714,-1.0022248680638768,-0.1271238162206596,6.625005319420081
1748,exponential,-1.925057291813256,-1.7279577095510867,0.6782987902892703,2.927004217614796,176.6590518692882
1749,exponential,0.1,-0.1,0.940757736910196,-0.7875185103124367,0.1014277952384072
1750,exponential,0.8928231384684246,0.8906019977180248,0.1026755060851849,-0.1074251730460469,0.7741142754932838
1751,exponential,-0.6869587275380828,-1.0673208993480507,-0.917967226138916,-2.5184042525005594,1.4204789440939138
1752,exponential,-0.9850191849479888,-0.4208077588505814,-0.584852614843983,-0.976345735200728,0.0371728139389772
1753,exponential,1.9829191851181516,-0.934661304129034,1.4263391197597786,-1.3060970893131243,2.6706749503639857
1754,exponential,1.886226168378358,-0.4721432614607708,0.909421892859806,-0.2336155331143494,0.146293861027771
1755,exponential,-1.1634592470958247,0.1,-1.0278913671058838,2.299136904192178,0.2553104659781084
1756,exponential,-1.5665509745963266,1.4353712801219434,-1.139646712720706,-2.6984150288263247,19.536489808249243
1757,exponential,-0.5507822496383956,1.0277707170832655,-0.5478868857456485,2.375487005459875,1.7608549703302692
1758,exponential,-0.9487601836472352,1.1526277125948663,-1.308397760318397,2.440379426964972,4.376099359046733
1759,exponential,1.5637882905089788,0.7284552118740755,-1.299380368606987,2.242923839121593,0.8652250885074686
1760,exponential,0.1,-1.250929424098966,0.8085243722824704,2.8027788937880693,0.3724209718691859
1761,exponential,-1.8206367800886576,0.1,1.6664899553988135,-1.4919767897816096,0.2271820990783626
1762,exponential,-0.6640749250099129,0.7038673844176797,1.8649076450810504,1.8448027191779977,0.1145779161475945
1763,exponential,-0.3775172255659687,-0.3455328229918635,0.3386100278228374,-0.7635052293416971,0.1133590818652728
1764,exponential,-1.5391818341529246,0.4055539850541723,-1.342228875798508,-1.5609636441094226,0.178312285966984
1765,exponential,0.28061035138643,1.5056864538930506,1.062528848195316,-0.7081424496820574,8.898127886312755
1766,exponential,1.7548376194655138,0.1,-0.0895078494938301,-1.077136095256164,0.0207988145490938
1767,exponential,-0.2232362452494425,0.1591514036698424,1.2696963273157578,0.3380210645656918,0.1662716174028805
1768,exponential,-0.4818735938633289,-0.825538770344477,0.5465600852008841,2.0148711381117783,0.719984117254582
1769,exponential,0.3418506007598845,-0.6843758684018488,-0.5615514910581183,-2.438061409651461,0.1530302365351391
1770,exponential,1.3805771709686954,1.309171235435438,-1.8476476773712216,0.1669189042426668,17.026735868741987
1771,exponential,0.1,-0.2136033965853858,0.2792693781404805,0.0074289749986435,0.0189243558559764
1772,exponential,-0.4579254192886912,0.1179926716039285,-1.0526414252924066,2.252978910394436,0.2666774855436188
1773,exponential,1.7148765738836294,1.0045937709989103,-1.1901440795467737,-2.855491655928663,4.6667445873871225
1774,exponential,-1.1923395262505498,-1.090085356842307,-1.8075034300828463,-1.1179012090006724,3.111526202269163
1775,exponential,0.2663280416485198,1.2899257062354268,-0.6780354710027559,-1.232438459949029,3.055906079266598
1776,exponential,0.3542321616795965,-1.0752773694330742,0.1415331312027477,1.310406453822237,0.3148491260366532
1777,exponential,1.539558151400347,0.2012483186903764,-0.7183012161886073,0.5198854013831298,0.1028198988304139
1778,exponential,0.8678869291284186,-1.960251504708494,-0.8040796072926284,-1.8233321302306544,109.14589592898328
1779,exponential,0.1,-1.6350734619155718,-0.5414206411120595,-2.2051314945833878,4.917399366104221
1780,exponential,1.9600290553020687,-1.8010073109602105,-0.6794063888473607,1.521239243014315,94.27521615637716
1781,exponential,-1.4073279555496163,0.8634411085939431,-0.5012362037839297,-0.8550673191557889,2.4229775221509824
1782,exponential,1.0443067421957513,-1.6182521042759497,1.2459832519889136,1.7998366774897274,28.07549104883608
1783,exponential,1.4533644876483225,-1.257166416801306,-0.625919318574498,-0.9845585359303612,5.890547291685856
1784,exponential,-1.8774700073945016,1.63751862300354,-1.0957877450275504,-2.6856673218229234,50.22029015999761
1785,exponential,0.1106758140006705,0.1,0.0104539714230793,-1.238774980122924,0.0044475010668338
1786,exponential,-1.5918543964457157,0.3469897997871141,0.667333214084235,0.945225999328526,0.0593012887066563
1787,exponential,1.0075960631265528,1.1438954640918817,-0.9818837020330964,-1.0960389271384752,4.601597379459598
1788,exponential,1.5179269997460016,0.15622179994042,0.3669085936532021,-0.7023515747510896,0.0620980927275039
1789,exponential,0.3215159249393138,0.7822649642253392,0.0132301832113959,-0.9264377179787022,0.1206577241249543
1790,exponential,0.2823832003922581,-1.4234557120652882,-0.783404180125316,1.1435459126789596,4.274546438942266
1791,exponential,-1.5728581334880327,-0.213833959449345,1.75513786344164,1.3348455663511007,0.2851518450508597
1792,exponential,-0.82245253746478,-1.1429301790880566,-0.0274950542086176,1.6239614893439471,4.332168275441581
1793,exponential,1.224127527123387,-1.411657446265664,-1.5435195581876524,0.2908656520443191,10.659114087207987
1794,exponential,1.068703043250204,-0.2922603631626201,1.8225422258035668,2.523649009903205,0.23788851622001
1795,exponential,-1.9616982220803745,0.2912593225433588,1.51783071993572,-1.206318086018673,0.1337685346682149
1796,exponential,1.5908495115967916,0.1105900852961543,-1.692812823940259,1.5293938985622582,0.2255941554475311
1797,exponential,0.9494498536265166,0.5016788053052688,0.4601292917712913,-0.27634644819803,0.3603289722446232
1798,exponential,1.9884669285677103,-0.2191338692799247,-0.659549426715925,0.6248197532956885,0.3164217040800676
1799,exponential,-1.981192951698029,-0.9012345562960128,-0.4165911247451497,-1.444363262318258,3.541773743081041
1800,exponential,-1.4750885064783463,0.1394347284548347,1.448166298006763,-1.2972627402259322,0.3490073049245946
1801,exponential,1.1417488987233275,1.192779510081639,1.987578409937346,-2.7511269306266897,4.833924511553708
1802,exponential,1.4939918078869878,-1.0847037692277004,0.9255359396876356,1.6716631778232234,4.700564297243869
1803,exponential,1.099437227051252,-1.4229537288908758,0.3420935798790379,-0.3305327190820337,18.84074092962674
1804,exponential,0.1892551716495916,0.2377990667979435,-0.8791538642560872,0.8216450622117586,0.1485168473653224
1805,exponential,1.128663946726217,-0.6337609572719631,-1.5558864362756777,-1.6695631938593494,0.9076668181013956
1806,exponential,1.308821373117148,0.1318118761340683,1.7540821040910624,1.8596789112264287,0.1184163597863511
1807,exponential,-1.1824843083595136,-0.1243251909575913,-1.0791205991891326,1.7776894298335204,0.2309329761106462
1808,exponential,1.453670392972371,1.6305343030413786,-0.7632639179887164,-0.0824742591015317,47.58168440398882
1809,exponential,0.5174031709029272,-0.3045680451276062,-1.268661518379789,-2.214800212503195,0.2603516764121406
1810,exponential,0.4239965114370321,-0.2844493072451857,0.4153381121487038,-2.008781161822541,0.065468736783218
1811,exponential,0.7881057800310747,-0.1,-1.986880855133604,-2.4078784050517417,0.1377104264018542
1812,exponential,1.6181915424258937,1.0391768754243893,-1.951586243808768,1.637204250591623,4.813657818242139
1813,exponential,-0.9174437227384068,-0.6632410470615535,-1.544374149983022,-0.6801062515539402,0.1892412550132506
1814,exponential,-0.2975311055831775,1.2216525971882135,-0.4812295358290264,-1.995926486634892,2.34669302318752
1815,exponential,-0.430820770692502,1.9574798199764405,-0.2853915915469458,0.7995599267197706,111.6988277755722
1816,exponential,-1.4430537244228985,-0.5351708690415844,-1.7878892696755,2.781993804468537,0.2071825616218419
1817,exponential,-1.0881331968719707,1.4716148633536594,1.0234213171761954,1.144694477448291,18.197833658311737
1818,exponential,1.13272418880391,-1.7238764476860178,-1.8135246578677695,-1.1087598584091145,54.44630792228249
1819,exponential,0.7371836284350315,-0.4407842666038699,-1.521929536871871,0.0367658409933193,0.5998356347855722
1820,exponential,0.9849142211085248,-1.740174897131994,-0.0909926255037261,-1.580574972183448,63.568327632776885
1821,exponential,0.1,0.6604246096174817,0.9267482075466013,1.0420408098356857,0.1163314506150931
1822,exponential,-1.0003907429316825,1.5693606063877077,0.2605219690430171,1.729587881599841,28.387697255258
1823,exponential,0.7070659530788523,1.4266743515533813,1.0844147630244274,1.2477687078048776,16.417218196736144
1824,exponential,1.9070149228491284,0.7662332643983478,-0.0244689307670071,-0.5161486492307068,1.327500391712768
1825,exponential,-0.1485089008278333,0.5536834843786971,1.749467164114273,2.7551882756107338,0.2429660119752016
1826,exponential,-1.6253053342131318,-0.655435207762971,-1.2358911905564067,0.2923921471830564,0.3297264956575029
1827,exponential,-1.1136855840324404,1.975078877130332,-0.5757441129591938,1.3249992776086073,263.5289453758454
1828,exponential,-1.726003441284406,1.228023302112654,1.731348750241274,2.3652445529429578,13.675000444686647
1829,exponential,1.3035767637527496,-1.0000603949352964,-1.904218634030559,1.5118227665114183,1.6954085713924825
1830,exponential,0.6471570485162821,-1.291719344029099,0.7896711054306138,1.809475728195718,7.637306524037239
1831,exponential,1.121373501467823,0.1,1.065394504845548,2.642128323233111,0.0808946907918203
1832,exponential,0.3317852493291711,-1.5867240307010635,-0.172840535171483,-0.608306042477508,6.458467708698848
1833,exponential,1.7604665799695205,0.4834424395517684,-0.9574383611598324,-1.7408498982255376,0.1425027209020481
1834,exponential,-1.312439735861708,-0.66591423094874,0.5452353775148722,-2.8884012235990624,0.5050332292260925
1835,exponential,0.4353225001832621,-1.0194570418356914,0.1589971405702819,-0.3177236598859325,0.9390776768722698
1836,exponential,-1.324496421279667,1.15589122759312,1.4718167905570705,-0.2109714972022462,5.858234529452477
1837,exponential,0.981712209507863,0.5614173997116887,-0.8014719310240617,-1.336567548030144,0.1427863329956196
1838,exponential,0.3149480387349901,0.860187527349312,0.4271522001861818,-2.010520376462047,0.5651532106429776
1839,exponential,-1.978448252055483,-1.3622116574445604,-1.836200591641264,0.06968938563414,27.09065672898224
1840,exponential,1.556972132703641,-0.5056593845615454,1.4599547074133832,-1.1187687142178804,0.1677537469976041
1841,exponential,1.883796846002871,0.5568122970463647,0.2829282494632363,-2.564441470527048,0.4682933104461998
1842,exponential,-0.3238729236416868,0.1,1.098445235683406,1.2635188896880276,0.1918403197688601
1843,exponential,-1.8289992790879144,-1.2019131354536072,-0.1492692780227966,2.087685138895117,9.59402084436805
1844,exponential,0.8272876441188561,0.953894872282722,-1.497222951102248,-0.7734716635521997,0.5597808798790865
1845,exponential,-0.5160420773613299,1.0835975271387053,0.6269877776682367,0.2825666446199797,1.177718441040055
1846,exponential,0.9339671992670676,1.836669445098244,-1.2745718197035232,-0.9536026476457296,50.921696372525815
1847,exponential,-1.104749199134468,-1.2165195856165214,1.503593020551051,-1.99950527535731,8.890023703902708
1848,exponential,-1.2234873061927225,1.312700698827209,0.6561933212215165,-0.4770338921803536,6.604211298668341
1849,exponential,-0.5414184629169734,-1.4070934215552238,1.2384206363574497,-1.092092996630937,6.744936859909336
1850,exponential,0.1989428964540547,1.1848343355899122,1.5503962128438298,-1.6428203308816418,0.911971003143382
1851,exponential,-0.3519287327339513,0.4344979741688997,1.1815722172549532,-0.5013033779355629,0.2658771902829023
1852,exponential,-1.2018349511915338,-1.080237092546014,-0.8571346603504804,2.25147369664193,2.9564237730565788
1853,exponential,-1.7675331158107506,0.7878600671703166,-0.4891333989076982,-2.6740940604458894,1.1624727718204335
1854,exponential,0.8192923991629186,-0.561944642910754,-1.7747161855120348,-2.940166957081402,0.5219761691177749
1855,exponential,-1.3928231035793617,1.3035090145058388,-0.7477690146346991,0.7938840185505578,9.391276249332568
1856,exponential,1.6388824134015425,-0.4129307851665551,1.5450922774498737,0.0737914222229951,0.0668968284509087
1857,exponential,-0.2491736465119713,0.1,0.2519434718027997,0.4517432518237925,0.0362320648902827
1858,exponential,-0.4849153631717109,1.0606447434592852,-0.5648195469921649,0.6811042421971778,0.6750703060009748
1859,exponential,0.4590037676503322,-1.464230786343561,0.6033607697403749,-0.7503860996326113,8.26645709907789
1860,exponential,0.3536677868616484,1.5433430299643356,-1.2614986032920998,0.4333650206909789,10.684734292745132
1861,exponential,1.3609186987103858,-0.2682010505595302,0.2446698517894434,-0.611292971688159,0.0526566096437025
1862,exponential,1.6756721005884931,-1.6779008944191056,-0.3594078492198354,1.4480513166228342,64.87475637467996
1863,exponential,-1.2044637956177011,1.697374079747307,0.0903448777012636,-2.874710618716556,72.82596374781791
1864,exponential,-1.150035173085011,-0.8789835815409348,-1.4040223614055094,-1.790109541177534,1.675002639069861
1865,exponential,1.3607566391004466,-0.2314854489275268,-1.2455844708256247,0.165077275226678,0.3100317330642275
1866,exponential,1.5430460973068043,1.605576424748842,1.764618152126589,1.6864750208018089,75.65629975565865
1867,exponential,1.34239607154131,1.469372818617627,-0.3501981154272355,1.221475181877902,15.011437253390262
1868,exponential,0.6947490825607758,-0.1,-0.8081396549640152,2.643828716075041,0.1593644094482564
1869,exponential,1.9324817379031431,-1.6496980734090494,0.7835346877136042,-0.3449521972589808,68.61958449345258
1870,exponential,0.1699453055269888,-0.7867631682457366,-1.9519280385861733,-1.4467008462450266,0.2427603665726738
1871,exponential,-1.4281062885648388,-1.4868147450693,-0.8006260506555627,-1.6165282900765243,15.90914336075004
1872,exponential,-1.444454846864744,0.7336467845221293,0.0058087288518895,1.8002950634710757,1.1270474742611154
1873,exponential,0.4633312962112224,-1.7271025469352068,-0.9170590982466598,0.2926172259218074,28.94541808667336
1874,exponential,1.0411058644154556,0.5422214755429531,-1.1172642973416207,2.829725192512873,0.0451570603151398
1875,exponential,-0.1,-1.5134864294871693,-1.0697289089714346,0.1433329741708626,1.824929125102934
1876,exponential,-1.4527316053563664,0.92358407941791,-1.5214096785957332,-2.918928275553692,1.625743809989979
1877,exponential,-1.65538075394762,0.3819609784489479,1.7069528605515027,1.825512988999094,0.2217759976487396
1878,exponential,-1.1533666523031094,1.125384690614743,-0.6026288723227062,-1.9295133980113344,3.00542486466708
1879,exponential,-1.4423341025683056,1.2338799009047023,0.042063819690207,-2.2313828291348905,11.036161188221218
1880,exponential,-1.457188718255781,-0.4869512107941891,1.631842756112471,-1.339083358931373,0.3336795489965085
1881,exponential,-0.1,1.450595936845232,0.4867202131316075,0.496630337091462,0.7750628109713179
1882,exponential,-0.9706124953174712,0.795115665453586,1.65086053628615,-0.568321992203586,0.6323899041226498
1883,exponential,-0.3650553564714278,1.8966547058184204,-1.0303905318834388,0.3138374657395797,56.00793533735979
1884,exponential,-0.6287112638405055,0.7289664134504767,-0.5227098980188996,-2.695055946574106,0.1635133893271856
1885,exponential,1.0003147263966397,-1.5796158816095645,-0.664663940863552,-0.3138498442018838,35.223446840928005
1886,exponential,-1.85001806478926,0.519262410955132,1.0240957357469198,-2.10258332424462,0.3032340561120966
1887,exponential,0.4903647241051438,1.268823528445071,0.1286250156057535,-1.585783719623056,3.2134891198202444
1888,exponential,-1.9184133425117675,-0.5510608275942581,0.4740101154695919,0.6298038159205808,0.6198042302527226
1889,exponential,1.0031874533839251,0.9196546510140148,1.1547390882535535,-1.1701777390646293,1.435071498778543
1890,exponential,0.6400125482990231,-0.5699887891476645,0.1979155126619192,1.7349775229518825,0.0789059617830934
1891,exponential,1.1589588896607883,0.2770614306323824,1.9187139072806705,-1.894503876569921,0.6688745520625917
1892,exponential,0.7714021992759079,-1.107884413546549,0.9706710327890916,-0.5175772090869897,1.3571203883012737
1893,exponential,1.089785859962756,1.0925701118786155,1.9543828769373983,-0.4686714865729149,5.24516233163455
1894,exponential,-0.4190808266704358,0.4134769823342505,1.744079299560355,-2.8162183191070964,0.3960542635627436
1895,exponential,-0.6236622049207403,-1.5877770590463631,0.7316039075754599,2.5456136844862627,18.164742146880105
1896,exponential,1.665892299052857,-0.2020450774429401,1.5365357516553666,0.9542375783545872,0.1566410693194282
1897,exponential,1.806627565782093,1.820105531731869,1.1425462629854226,-2.4635484686312856,231.586389713315
1898,exponential,-0.9398992091350912,1.2702867857845015,-1.7726218447963888,2.357323611481271,7.647697571775381
1899,exponential,-0.1,0.1,-1.2094613124319729,0.9091023581676768,0.319876321838459
1900,exponential,-0.7231335447470832,0.8162714954784236,-0.7245455682737116,1.269036841659636,0.7766249958668808
1901,exponential,-1.9248984052989084,0.1258348781711342,-1.4145672354735574,-1.573939220147735,0.1357853085545417
1902,exponential,0.3477687663021407,0.9629034364210924,-1.175801208608398,2.207593360441969,0.2659556959552049
1903,exponential,1.9284831284110808,1.4266768181079512,-0.2556715369946252,2.1079571034429367,17.75328697951631
1904,exponential,-0.7811925517860443,-1.1290798616683828,0.8429026790384264,-1.08495215820356,2.4028562081270284
1905,exponential,-1.5881652962563346,0.3147924716401773,0.5207483255021841,-2.156712587136253,0.0723603948497067
1906,exponential,0.5701458447433483,-1.1762318008673636,-0.5806562729293505,2.8717671200897907,3.860703752903265
1907,exponential,1.1267062561894354,0.3573844244033082,-0.151839444214191,1.4736554800185413,0.0848529776355339
1908,exponential,0.8086813973327875,-1.2147649016870696,0.7506930650770212,0.2007093312847128,5.259948739999552
1909,exponential,-0.1,-0.5882094663476005,-0.9824808146667592,-1.5912441159918995,0.1210168732805726
1910,exponential,-0.1,-1.7509649179760465,0.4389352351152746,2.7072150187247,3.336628817096364
1911,exponential,0.1351089424801421,-1.5045073857969138,-1.2103575431531128,1.7329299118749049,3.666714422176927
1912,exponential,-0.5223878584264798,-0.2952200870329933,1.9905457556066757,2.0767070372508627,0.6137062602222199
1913,exponential,-0.1858700600435323,-0.7511036566170182,-0.5566363838704573,1.9639039355867185,0.11689341899396
1914,exponential,-1.5204813745700854,-0.1,1.684535801483094,1.858725188763226,0.272173837731296
1915,exponential,1.7480415166025405,-0.8508586007361045,0.2645877666630789,0.9569773838412567,2.061611024685776
1916,exponential,0.4453306455362273,1.6944018845782347,-1.219920954763893,-0.3052739864907043,34.55270940535982
1917,exponential,-1.4524373380680036,-0.362342377045739,-1.6068630709779792,0.9400681641107016,0.1706710713276515
1918,exponential,-1.6163492146857013,0.8651206772457236,1.0442927073505095,-0.856856132351683,0.6921280402987876
1919,exponential,0.4616407730456293,1.1976219591876105,1.4119616988734216,0.6010602428700462,1.9253607340890568
1920,exponential,-1.2468601105902255,-0.1534725817806639,0.4052739977176394,-2.3163977239207574,0.0864252794055961
1921,exponential,1.5952335366830317,-1.5718274905248952,-0.4488738992881185,-2.3365451588228963,50.15161940959911
1922,exponential,-0.9564372800338888,-1.5685832899632528,1.365099298280208,1.3903473920754583,28.470914812359403
1923,exponential,1.7004747288930546,1.7768960725722729,1.1254555463063056,0.7684446192745011,69.65155989171002
1924,exponential,-0.9551669427138564,0.1,-0.0918673716543598,-2.652709130556484,0.0373767585093807
1925,exponential,0.2427756966421146,-1.0372086573811918,-0.1569602504007945,-2.5060790400122777,0.6484758107938982
1926,exponential,-1.6726745034962622,-0.1050979730897965,-0.2280826448004314,-1.3108334419351766,0.011401861190814
1927,exponential,1.0557318522288863,0.3253418518520687,-0.8990076600284467,-0.0176117207676811,0.1190670033674785
1928,exponential,-1.9140650600847635,0.2024523689311794,0.1200797285027546,0.9392850221367008,0.0805346421130927
1929,exponential,-1.6275620859185311,1.8340219191199123,0.1752288249348788,0.3601647404676429,53.11111537670031
1930,exponential,-1.0513135579130282,-0.4378823205202695,0.0351217747953613,-1.4550232899748183,0.2155974176498868
1931,exponential,-1.2600261585052484,1.7401838115041652,-1.5126098121009257,-1.0683591808531296,126.3059886701066
1932,exponential,-0.1741068219119945,-1.8700726344810803,1.9523268076621512,0.1887180029693711,19.395796645612293
1933,exponential,1.4416814668913085,-0.1,-1.0042472061902008,1.0749730214296245,0.0767934075516576
1934,exponential,-1.3375129969983326,-1.5468440390746436,1.779004037408451,-2.4336079956910104,40.637377654169605
1935,exponential,-1.0191210393752854,1.209646134394018,-0.1549055084346391,-0.4499495919681364,6.686053405591022
1936,exponential,-0.2469191667541155,-0.8023348854342345,-0.3742702643058639,1.7217870404722806,0.0694252095685867
1937,exponential,0.1,-1.2249587392517274,1.6173024953100956,-1.587661578768867,0.3487250691942831
1938,exponential,-0.9303921265862471,-1.3578412600907672,1.131118343893582,0.3965873275753697,4.673678304552576
1939,exponential,0.2922001732675885,-1.5851522985571815,1.4690627067916413,-1.7294919867870608,13.983099331639588
1940,exponential,0.1621954897445161,1.1927194937575971,0.4897075405661897,2.768580332560638,1.1517149465487848
1941,exponential,1.6991606793766767,1.7194224071628614,-0.052118792286687,1.9966040948238977,103.6154684280545
1942,exponential,1.624267473299128,1.323687586623234,0.2697233210352574,-1.7180224147554484,5.7701680811842175
1943,exponential,0.1,-0.4886845587048727,0.9092870249022154,1.3232964335067994,0.1610404169868166
1944,exponential,1.7341554294433976,-1.0429043712324986,1.6623334625954582,-0.0031896919791876,3.3249005626319423
1945,exponential,-0.9341445176592278,1.2745724823418336,-1.4273143051942283,-1.4614721474434198,10.09446999814007
1946,exponential,0.1975999280262472,1.1119459728233911,0.5925901335674171,2.186705301807516,0.9783498868314816
1947,exponential,1.4838564191739807,-0.3027306175969353,-0.5948379706003157,-0.6558387035835302,0.2279693974408311
1948,exponential,-0.6245904689042336,0.6639005717865634,1.1381461429766797,1.824107295494617,0.1672814082850016
1949,exponential,0.973738379205206,-0.1,0.6190641211749957,-0.4738199469174269,0.13436032629714
1950,exponential,-0.738842534279899,-0.4830523583627704,-0.0177215923392517,1.9422006279808235,0.0545479458246251
1951,exponential,1.6630476403283336,1.5821278038672162,-0.9743075601499318,-2.8843036898551064,29.47231274091192
1952,exponential,-1.754986056130028,-0.154017570745423,0.7286893324144859,-0.8698900728647936,0.1741260370535561
1953,exponential,0.9185133120807863,-1.0656009269279698,0.1375162299903354,0.0506893436617801,1.8296299486475167
1954,exponential,-1.4176695970852835,-0.3525516615568116,-0.1950967312728497,1.744452869859015,0.1354214621472123
1955,exponential,0.2054795961269664,0.9483585633813948,1.3287160355753964,-1.150970434665264,0.3876053265825809
1956,exponential,-0.7023579848736552,-0.6142404588906509,-1.465282861722807,-1.174070958197659,0.1097964086362172
1957,exponential,1.618610361465787,0.6620106935103691,-1.550709682651382,0.4938391707071892,0.7327866280735261
1958,exponential,0.8012760215345112,-0.2982597690392619,-0.4253295960390906,1.8979219245959251,0.1351270244850764
1959,exponential,-1.963262449601796,-1.4852138032335302,-0.7662967703429882,0.1936732538473435,13.79833327410239
1960,exponential,1.7582804884890662,0.7131317813762039,1.2784762239619267,0.4493472726355065,0.5260162534899755
1961,exponential,1.6923742048584138,-0.1439944796734953,-1.0368225124675543,-1.3618046916408697,0.354393317012871
1962,exponential,1.6596866763740308,0.1,-1.7005863167535558,-0.0240013754449472,0.4096048512564343
1963,exponential,1.0184454575732675,1.3108769306287398,-1.1801978466621272,1.5991040228717264,6.624064784478222
1964,exponential,1.9259503259875088,-1.1313437099094878,0.5866633127060532,0.5866608280066288,9.460509476645424
1965,exponential,-0.8167772850064252,1.112520769260425,-1.5920630031853706,-1.2351113147569293,2.0384851639399484
1966,exponential,1.7288401608683133,0.7308563750050556,-1.6629865571713394,0.6292826334600408,0.9741169832889462
1967,exponential,-1.259403829045506,0.1,-0.4903961445843023,-2.8771205335844288,0.0615293547026742
1968,exponential,1.2084695503565426,0.9345475728434876,-1.6083012135393653,-1.764121267131738,2.390157597779147
1969,exponential,0.9437435703030804,1.7851672047784055,-1.533959824336531,-2.1787015628397355,103.7555856504308
1970,exponential,0.777108562052863,-0.5531538200928754,-0.0930979558354656,0.245406493930441,0.2497349825849322
1971,exponential,-0.1650984345311874,1.0656756601363253,1.6517792027766522,-0.5206396405209421,0.2213816737465009
1972,exponential,1.2385144877067469,-0.7460398965494917,1.8913645324147488,0.295371109636644,0.4774393759722892
1973,exponential,-0.338222579509468,-0.4158694783265955,1.270358411823807,-2.372896811315968,0.2219902372278513
1974,exponential,1.5760736079713529,-0.613849112202423,0.2083850339216089,0.5597173858650732,0.6351255592038645
1975,exponential,-0.2070441095786099,-0.1407318986075778,-0.5818257933490796,2.046979503558136,0.0642162074953647
1976,exponential,0.2171197277239565,-1.810026120923224,0.6698573579648248,0.2010860982719111,12.424502915186292
1977,exponential,-0.3081364586645647,0.4834261517074179,-0.2441368214049384,0.7683286418751929,0.1473351190147479
1978,exponential,-0.1645202444521869,-1.9272013467277267,-1.991199836560225,2.115026020304385,29.421078701608465
1979,exponential,1.1068685045575766,0.7244427859178071,1.399835240551928,0.9416790871435224,1.2736906039365667
1980,exponential,1.1832776843848034,-0.3040308566071017,0.799308774539409,2.8011596866781296,0.0974655024846159
1981,exponential,-0.69725098298527,-1.9093112247159956,-0.812346557366741,-2.098554815734129,144.6663655240166
1982,exponential,1.693709805910412,1.7441135157485683,0.5309142669797815,1.2175021992603463,49.29878212351489
1983,exponential,-0.3882287197129912,-1.893645928782132,-0.8024739911405439,2.581306886564894,59.6482478320479
1984,exponential,-1.3169323440357226,-0.2067173209611823,-1.426533228612306,1.344989545327044,0.2154156540194679
1985,exponential,-0.4047676812633369,-1.3277944352996838,1.4662181366272071,-0.4361087351731756,4.584922775344817
1986,exponential,-0.8927242645226516,0.1661546619104572,-1.284128975962095,-2.157399796819221,0.2069789715518709
1987,exponential,-0.1,0.2127747225016105,-0.8906161697975818,-1.8489249098255751,0.2200739476789871
1988,exponential,1.052892508186131,0.4630126642074925,-1.6695854966408552,-1.9229000757692336,0.1601434302621684
1989,exponential,-1.0196548091101616,1.473678061337833,1.7050595951946486,0.3755905300675071,27.222249485604827
1990,exponential,0.3546944855521827,1.117203916049581,1.054565367906665,0.5200473763182831,2.002949142723768
1991,exponential,0.7372390773237356,-1.6097941165921583,0.4750398106942102,1.9228526210845465,33.105647009691026
1992,exponential,1.2578817685288688,-1.4705023419140573,-1.3372374595712977,0.7424296523021097,15.902486668866496
1993,exponential,0.1,-1.9007550782643827,1.9154242408429976,2.153406182669088,6.712094159619198
1994,exponential,0.6893538381302324,1.259997629524392,0.9406320116316208,-0.2714026716928241,4.278999927612972
1995,exponential,1.5024284615931576,-1.4547078428864153,0.3351173101246805,1.4949922262024398,8.773496050651007
1996,exponential,0.870050623261692,1.6356252808613592,1.9110462517621607,2.993433004102588,37.42195970144888
1997,exponential,1.6652964813670486,1.794648209408186,-0.6884892824756905,1.5933921088501135,93.39680774646617
1998,exponential,-0.1663812336232282,0.4250333096695864,-1.7700813552537462,2.082385158974118,0.3611068422065985
1999,exponential,1.4815050662061058,-0.6648895365889196,1.303216996315265,0.0409079968698247,0.5027290150431517
2000,exponential,-1.5475988027704657,1.4039996180862704,0.143291691094451,0.5934984747409482,22.52560297404995
2001,logarithmic,0.8916424772325531,-0.3698031948606455,-1.2921675820192904,0.0,0.0493549900098951
2002,logarithmic,-0.1011230487370595,-0.261794572269348,2.9861718230444385,0.0,0.0528388109264664
2003,logarithmic,1.0899804421470378,1.9538403950135872,1.9871573788499184,0.0,0.4846809080776432
2004,logarithmic,-1.7409466039919788,-0.9930651388936184,1.189817476978137,0.0,0.1548615873028527
2005,logarithmic,0.7381979318223064,-0.1427768962670197,2.8222061825743605,0.0,0.0347025516447883
2006,logarithmic,1.083961598650998,1.124461858621546,0.50822497067277,0.0,0.0734354692756186
2007,logarithmic,0.2612876024310724,1.0661438459652244,2.0714612536783594,0.0,0.1800581552647964
2008,logarithmic,0.8376961926870572,1.3202397305990292,1.0809300573019964,0.0,0.3243731756696411
2009,logarithmic,1.458331938363204,-0.2479602483908247,-1.6624986858746322,0.0,0.0523297225723373
2010,logarithmic,-1.9738704677759615,0.88466967729356,-1.507950944231719,0.0,0.170218737268522
2011,logarithmic,0.9871254317474762,1.4513461485138732,1.3330307184977013,0.0,0.2031545784242838
2012,logarithmic,-0.1803470412468706,-1.3321469379705433,-2.6734785273009134,0.0,0.1316174813071232
2013,logarithmic,-0.244659295942502,-0.1933519068327536,-0.2348042353385775,0.0,0.0158957776327219
2014,logarithmic,-0.7074750504856246,-1.7261134392201511,2.5415737882783684,0.0,0.1834697702146801
2015,logarithmic,-1.4969691813196104,0.1270487900208583,0.8316703625506259,0.0,0.0204530808800528
2016,logarithmic,1.5917687283884283,1.8113395965290688,-1.5938586328391535,0.0,0.3202917751132612
2017,logarithmic,0.5010608423592213,-0.5892210692567534,-2.3474519028340834,0.0,0.1278376490610991
2018,logarithmic,-1.956304623410388,0.1201634112190923,0.3732044018929983,0.0,0.0704228555331908
2019,logarithmic,0.6270000695871625,-1.9077365530565464,-2.242924361412209,0.0,0.3889416930903943
2020,logarithmic,0.9342691123603566,-1.6266685854550644,1.953057069698372,0.0,0.2494576377888571
2021,logarithmic,1.060856161538799,-0.6953072321967739,-2.329660294421193,0.0,0.04316558950785
2022,logarithmic,1.6608290888261634,0.0299527389049001,-2.1199095425183447,0.0,0.0368269043226235
2023,logarithmic,1.7087049109748669,0.2521522715320285,-2.272961925716764,0.0,0.0737667875576797
2024,logarithmic,1.8310189844702396,-0.8510484863733128,-0.3318426001520338,0.0,0.0641907934109194
2025,logarithmic,-0.7318470809857001,0.6361705828924826,0.8270632786155954,0.0,0.049025891682731
2026,logarithmic,-0.1,1.667256622413508,-2.559930859421001,0.0,0.2647797947213527
2027,logarithmic,-0.6691459594647089,-1.1530988034082008,0.3678348766961266,0.0,0.2997022601459247
2028,logarithmic,-1.3972002265781462,0.9958456445550636,-2.132025458130107,0.0,0.1390357273528958
2029,logarithmic,-1.0212276203997095,1.5287392474623327,1.36383694745596,0.0,0.3567138609164867
2030,logarithmic,1.904697820971169,-0.2646678176079664,-0.9348453283705478,0.0,0.0460389240676905
2031,logarithmic,-1.8403625525640344,1.5625079022694717,-0.4980143099754017,0.0,0.2340904997343511
2032,logarithmic,-0.2369138874260481,1.7864680111352302,1.7444138327599896,0.0,0.4718502895556953
2033,logarithmic,1.9159876957878093,-1.357544118415816,-2.7700685515164425,0.0,0.2589823086430568
2034,logarithmic,-0.1171871144396923,-0.648239821257171,2.908411833906303,0.0,0.0970958912603998
2035,logarithmic,-1.408915697350381,-0.2311449051386311,-0.5517312136262049,0.0,0.0681165442846472
2036,logarithmic,0.3237229107706625,0.278397235038553,2.966027534659662,0.0,0.0461227624732582
2037,logarithmic,-0.7154392509093088,-1.0444544434634304,0.6276070717173146,0.0,0.1768520863906207
2038,logarithmic,1.5825010552439256,-1.2948640047335198,0.110604237956239,0.0,0.1003536109326169
2039,logarithmic,-0.3584600664832571,-1.2994409188153089,2.7300280600323683,0.0,0.3712732856296936
2040,logarithmic,-0.334199775182959,-1.0115839084708211,-2.9030423596825656,0.0,0.105642250067979
2041,logarithmic,-1.7471624190775006,-0.1077792176524914,1.9347050780983537,0.0,0.0200658891318595
2042,logarithmic,-0.4847115046090224,-0.2838452942515275,0.0977319297185221,0.0,0.0541266039095056
2043,logarithmic,-0.5775433807539274,0.0176323485529188,2.868665606465066,0.0,0.0068819008904606
2044,logarithmic,-0.4816246458929356,-1.664061393493455,-2.45008571522106,0.0,0.2242743779796966
2045,logarithmic,-0.6714862263185601,-1.6210156893860077,-0.800251208205319,0.0,0.2134141227440438
2046,logarithmic,0.8415170930263587,1.5874056080106502,2.032720028710166,0.0,0.3369488276031627
2047,logarithmic,0.5358853303467348,-0.4633464023322116,-1.3710259823489412,0.0,0.1075452903670814
2048,logarithmic,1.7442894690765862,0.3729565501817187,1.3905167381134058,0.0,0.0995364594970165
2049,logarithmic,0.5214028489866673,-1.1968997987076988,-0.5289085403816465,0.0,0.249449964662806
2050,logarithmic,-0.1542946683117714,0.0141450214800098,-2.334982843757781,0.0,0.0057826685719661
2051,logarithmic,-1.5940988133870713,0.3424027782393599,0.346426837068039,0.0,0.0680595007781075
2052,logarithmic,-0.5583280225428906,0.3322220605789061,2.70030106800412,0.0,0.0870899508073917
2053,logarithmic,0.3636192800954823,0.3269370644629612,1.4351574844485402,0.0,0.0930640756199997
2054,logarithmic,1.282499083817631,0.4580774467139301,-2.748206064808028,0.0,0.0824855243995734
2055,logarithmic,0.8107232730039344,1.5518234822944494,1.219160975056984,0.0,0.1994267258542947
2056,logarithmic,0.4349557684888632,0.0308315126230662,1.233120847271886,0.0,0.0051607862451053
2057,logarithmic,1.6702133233093095,-0.6943020775505575,-0.6891719013265156,0.0,0.0829996442794559
2058,logarithmic,1.1883469582501465,1.7744469589034586,-1.6487557142215905,0.0,0.3985245276249518
2059,logarithmic,1.6349277912839963,-1.039250700833712,-0.5152096465229388,0.0,0.2287348623260927
2060,logarithmic,1.2835569032962657,1.685949574625615,-2.4017418144147475,0.0,0.2808830225200835
2061,logarithmic,0.8305817792575918,-1.0614011301278912,0.5154411036167597,0.0,0.1379021911244715
2062,logarithmic,-0.322695213045987,-1.468664907607815,-0.4508935172397379,0.0,0.2053713529923295
2063,logarithmic,-1.6414769811906802,0.4182402842197819,1.6309498280529828,0.0,0.0389645668248207
2064,logarithmic,1.660104801881996,-1.4138044477483849,1.6377170807679766,0.0,0.2976473327825045
2065,logarithmic,1.500967886897039,-0.2654792855586714,-2.577305751364921,0.0,0.0860904976069764
2066,logarithmic,-1.956036324760056,-1.7384571142445666,2.026020220313072,0.0,0.5023849856971065
2067,logarithmic,1.1772426660382478,-0.1528147496722502,-1.2053273486232106,0.0,0.0603445462939413
2068,logarithmic,-1.7044710780948176,1.4564585671206811,0.2864630159715546,0.0,0.2481929455531747
2069,logarithmic,1.0285628686467223,-1.898946968467111,-2.3445446498612297,0.0,0.5388661071394025
2070,logarithmic,-0.4456827363191658,-0.0502649479678201,-2.189866208120538,0.0,0.0160578219224734
2071,logarithmic,1.596339440866882,-0.699319185651103,1.671161778493392,0.0,0.1042250941509848
2072,logarithmic,-0.6157607341242186,-0.0505719975294649,2.95121669351272,0.0,0.007194339794926
2073,logarithmic,0.704743951995078,-1.212143308325769,-2.7669959892982234,0.0,0.2562551404430858
2074,logarithmic,1.799221040221735,-1.1400600949127653,2.113259115048793,0.0,0.2364669660154547
2075,logarithmic,-0.1631471785383107,-1.5522669652234748,-1.66737276355434,0.0,0.2026711761013003
2076,logarithmic,1.9939843078107429,-0.2692590195893301,0.363633139770009,0.0,0.0408985741016828
2077,logarithmic,-1.6398124632137026,0.7922924498828392,-1.573442870234854,0.0,0.1377537984163124
2078,logarithmic,-0.815243037504028,-0.389669103816991,-0.8355827243088556,0.0,0.054862060282253
2079,logarithmic,1.476179199834322,0.7038416367026912,-1.8163665312379011,0.0,0.1858062629920363
2080,logarithmic,-1.7548847512403092,-0.997899349079728,1.0779394246330094,0.0,0.2081393225447341
2081,logarithmic,0.5547026998214282,-1.5678918938197417,-2.6160816826929416,0.0,0.4448628203794191
2082,logarithmic,0.5867518052495497,-1.6675627938988955,-2.818274616434171,0.0,0.3482042130136127
2083,logarithmic,1.4655529274650672,-1.4843090147589617,2.6461870648029397,0.0,0.3021633407626253
2084,logarithmic,0.8118041916959151,-1.1184561144189114,-1.6027457527503324,0.0,0.2268387082673464
2085,logarithmic,0.6916749151828196,1.8856943159497672,-2.577023936054051,0.0,0.4872883019091683
2086,logarithmic,-0.7158654451983457,-0.5505544357031518,2.876363979940628,0.0,0.1584172262770697
2087,logarithmic,1.55411372057273,1.0602933010037343,0.6335292801446313,0.0,0.3083603329784823
2088,logarithmic,-1.7909371481960807,1.8193271000311784,2.1634629233702167,0.0,0.408223222097994
2089,logarithmic,-1.7644039983952675,-0.2056259343936552,-0.7567018695457048,0.0,0.0534965903031982
2090,logarithmic,-1.2382873668292371,-0.9002577078760141,-1.4777971260857423,0.0,0.0991879213101783
2091,logarithmic,-0.94557095476536,0.5211810357482047,-1.8493653827509235,0.0,0.1382615799946941
2092,logarithmic,-1.272343380054246,-1.0964751386076026,1.1006665714793291,0.0,0.1056978596390973
2093,logarithmic,1.299997788208123,-1.413574177115562,0.6537603459516141,0.0,0.2009327353172881
2094,logarithmic,-0.142057435374026,0.7778473273185154,-1.5012509722295118,0.0,0.1434691407821952
2095,logarithmic,-1.8096443654415235,0.3157553358112093,2.14830990463674,0.0,0.0827293545820053
2096,logarithmic,-0.4698177288456961,1.2868010079199823,-1.6526789197379126,0.0,0.216280671588064
2097,logarithmic,-0.9102209511342187,-0.3871714120076572,2.577074433001866,0.0,0.0432850402484104
2098,logarithmic,-1.874559061515069,1.6600588333801007,1.3185700898538633,0.0,0.2987833992167785
2099,logarithmic,0.4860988944594027,0.338022303285308,-0.4536780868222729,0.0,0.0385539730757171
2100,logarithmic,0.1,1.063070613235598,-0.3181320863309276,0.0,0.295595473223777
2101,logarithmic,-1.8471809917627264,-0.1866025772821893,-1.1603987119091177,0.0,0.0463486571568416
2102,logarithmic,0.2944191790334867,-0.3579408855395405,-2.4618542735816336,0.0,0.0347752541383838
2103,logarithmic,0.8161444510275455,1.5295161360296283,0.7550960224365433,0.0,0.1343674561685796
2104,logarithmic,-1.3553096061709362,0.0310694722101789,-0.6274964890176671,0.0,0.0463204154961223
2105,logarithmic,1.4190394192681488,0.1861326835777448,1.4712353588472125,0.0,0.0569245504938456
2106,logarithmic,-1.2855855785395909,-1.4361614996582182,0.2217266137780416,0.0,0.1005278364899847
2107,logarithmic,-1.6034199170278196,1.2746667549964332,1.1509667513851245,0.0,0.1244320891815261
2108,logarithmic,0.7698235067188173,-1.0461031770397158,-1.8985716277556093,0.0,0.2120692843741693
2109,logarithmic,-0.7747233729249343,-1.9385245466690888,-0.31853017568621,0.0,0.1887009753445572
2110,logarithmic,1.1484544432065258,-1.2187931535176393,0.2977240862170673,0.0,0.1323822705684097
2111,logarithmic,-0.8192906110229163,0.5575785506015287,-0.9201839486659268,0.0,0.0919891717501898
2112,logarithmic,-1.9663548834979772,0.1227841833207388,-1.1016628215792073,0.0,0.0314413051384734
2113,logarithmic,1.2646067321746712,0.1620055511070384,-1.078688769637799,0.0,0.0296745861710603
2114,logarithmic,1.2470253046847124,0.9878866282688644,2.922611294539963,0.0,0.1139027857470926
2115,logarithmic,-1.08211707025633,-0.8126005980953304,-1.2321699669566366,0.0,0.2051476055262678
2116,logarithmic,-0.1,0.3914507197885895,1.6874744176180254,0.0,0.0718340989085172
2117,logarithmic,-1.402860836842776,1.9585956107308733,-2.8312372457795174,0.0,0.3608306362613365
2118,logarithmic,1.212129893154868,0.1253304315587207,-0.621015707465502,0.0,0.015410502983057
2119,logarithmic,-0.7150549823174694,-0.5419827073964751,1.1411058306062871,0.0,0.1452854778269096
2120,logarithmic,-1.647812628202249,-0.0714356554738864,0.3076699473310813,0.0,0.0756970889290353
2121,logarithmic,1.371731707819816,1.5182841238955311,1.3907428880401262,0.0,0.3670880896449855
2122,logarithmic,-1.476056335149854,-1.3776822216350042,1.0603261400977404,0.0,0.1587930527397696
2123,logarithmic,0.4113258751428628,-0.4690629950647649,-0.1809887019029354,0.0,0.1271053119090676
2124,logarithmic,-0.654276402333346,1.2960030144503056,-0.4982940025739877,0.0,0.1831278278172625
2125,logarithmic,0.3993616284746335,-1.767130285052755,0.612357888749008,0.0,0.4220987134730709
2126,logarithmic,-1.4234430373835858,-0.1538588009540933,-0.7178465178506843,0.0,0.0755135780730012
2127,logarithmic,0.8526756499898811,-1.6921697727024316,1.764090907997529,0.0,0.18479036818942
2128,logarithmic,-0.9875281797496056,-0.1813558149930183,-2.974279143846719,0.0,0.0413550509349218
2129,logarithmic,1.686375269933675,-0.115440782934677,0.7598422453999607,0.0,0.0695526617961379
2130,logarithmic,0.9508670759102862,-1.4953904068550408,-2.211506914392721,0.0,0.1265601866965182
2131,logarithmic,0.7666110888277009,0.5805227861200728,0.4139499714016303,0.0,0.0970829516204966
2132,logarithmic,1.0333933169144625,-1.9451058382208708,-0.4004641157550326,0.0,0.41164951427109
2133,logarithmic,0.2208260295326969,-1.4259511586945115,1.213858745264119,0.0,0.2790537961556107
2134,logarithmic,1.9189992499095692,1.113529117092007,-2.2327121409565995,0.0,0.2698413802513614
2135,logarithmic,0.7511765403723931,-0.3467667636477922,-0.6391533453526952,0.0,0.0972629885663716
2136,logarithmic,-1.6776709405412915,1.684304281830371,-0.4178956566302343,0.0,0.3716826013444023
2137,logarithmic,1.9444392659628436,-1.4760469110742638,-2.1700583995129312,0.0,0.1119754280423902
2138,logarithmic,-0.7603361435595328,0.598329318605173,-1.7889979170460242,0.0,0.0989926833102629
2139,logarithmic,-1.640588704206908,-1.2695980292401212,-0.5861839323194618,0.0,0.1164872228649746
2140,logarithmic,-0.6567949179137456,-1.6539715054395945,-1.8698466254998825,0.0,0.2204981402270276
2141,logarithmic,0.6871902405221131,-1.0817719742653558,2.545795556603668,0.0,0.1972544979542372
2142,logarithmic,0.7106163775709331,-1.239245423615583,2.582758037545779,0.0,0.1286559416575133
2143,logarithmic,-1.6808887183444163,1.8042674608198357,-1.1024543867554195,0.0,0.4029951913370894
2144,logarithmic,1.8955634922157476,-1.714035905711036,-0.5508725941941033,0.0,0.220859445141027
2145,logarithmic,1.1575876643915404,1.3403751885514117,-1.9367811550162504,0.0,0.2416262018879714
2146,logarithmic,1.350957584563631,-1.1103496451415469,-1.9935327122690256,0.0,0.0916183346148662
2147,logarithmic,0.1,0.922461879382546,1.618053211770854,0.0,0.0796257654678383
2148,logarithmic,1.41865804719576,1.6862578037514415,2.5326537643298925,0.0,0.1405666914324537
2149,logarithmic,-1.658892664269657,0.5967799387802639,-1.2117900708011466,0.0,0.1703896982701074
2150,logarithmic,-0.3143582267909317,-1.1008636582160922,-0.2307412389932972,0.0,0.2524338756871736
2151,logarithmic,-1.2648522216505351,-1.0177491725117431,0.5004213297635149,0.0,0.218161589996113
2152,logarithmic,0.743743212548027,1.255279357584257,-0.4312178451902513,0.0,0.2536186945620021
2153,logarithmic,-1.213316243464447,1.1615331274178802,-1.519037488108917,0.0,0.1634526965237337
2154,logarithmic,0.9505748425329136,-0.6643452495311548,1.44710238749711,0.0,0.0670126054370514
2155,logarithmic,-0.1,-1.2937873310928998,-2.0221052371104578,0.0,0.2598720596614436
2156,logarithmic,-1.4527870341083342,-1.469955439318248,-1.2910165781570535,0.0,0.3789302573188624
2157,logarithmic,-0.7459368731068405,-0.1727883166177899,1.3492158970778778,0.0,0.0234182710883231
2158,logarithmic,0.6672156352087839,-1.3080722054554643,2.829420023951749,0.0,0.3122423868409014
2159,logarithmic,-0.1,1.838813001202912,1.464295354150801,0.0,0.1868364759362096
2160,logarithmic,0.312035157432196,-1.1602478514389485,0.4577830328580345,0.0,0.1432654182596938
2161,logarithmic,-1.6323039577578449,-1.7560812659919836,1.3599057726841792,0.0,0.4344306878410439
2162,logarithmic,1.7839513578677515,-0.4929593425238652,0.1845119866064903,0.0,0.1332332521594809
2163,logarithmic,1.5497693026407409,0.2843711138086493,2.061643703359546,0.0,0.0631653980097503
2164,logarithmic,1.9558690576704605,-1.5592148744912846,1.863892601166297,0.0,0.456760695921743
2165,logarithmic,1.5644957674115494,-0.5834856321973669,0.2497321171499642,0.0,0.130613901946229
2166,logarithmic,0.6318359903871915,0.8124528046644657,-2.2329308433251533,0.0,0.2220840667690042
2167,logarithmic,1.975038469011802,-1.9274869143162308,-2.790826521053825,0.0,0.4088065713723467
2168,logarithmic,0.4869378009742937,-0.4196924711368952,-1.227137997250788,0.0,0.0280256104979981
2169,logarithmic,1.2188403702544115,-0.2128897681148789,2.9596624345957423,0.0,0.0523696849909819
2170,logarithmic,0.460077171070004,-1.8933910956893076,2.2411987604307875,0.0,0.1263415342485645
2171,logarithmic,-1.8819871419911889,-1.865068852573541,-2.09072769549359,0.0,0.2085423981171596
2172,logarithmic,1.4606160359803493,1.4331465463838833,-1.799993192086384,0.0,0.2476113616234968
2173,logarithmic,1.5670542196716664,-1.1371802955243857,-2.863948692530132,0.0,0.3270477836279039
2174,logarithmic,0.1056192469680517,0.0807643481032198,0.1064924628564574,0.0,0.0132063990795006
2175,logarithmic,0.1,1.7970959326768965,1.145579709437501,0.0,0.2712632836243661
2176,logarithmic,-1.368907951625022,0.7447788663854857,-0.3496450726784408,0.0,0.1695665311075743
2177,logarithmic,1.8707410882282147,-1.2464728785572583,-0.2547780123272427,0.0,0.264208049223523
2178,logarithmic,-1.4118788567051044,1.2125900927497546,1.1606674708547082,0.0,0.2926965056341646
2179,logarithmic,-1.180261223541435,0.3740612370913654,-1.7771161133771034,0.0,0.1119137731720001
2180,logarithmic,-1.5299599283737737,-0.517499705845057,0.3232003459022854,0.0,0.1639589761155601
2181,logarithmic,-0.9723459105389328,-1.4750103816837543,2.088268618396887,0.0,0.104309280649017
2182,logarithmic,0.519692469503831,0.061485718482674,-2.4730495970020376,0.0,0.018105686005335
2183,logarithmic,1.1183773009851437,0.5482554323175717,0.667113741865033,0.0,0.1502779695933064
2184,logarithmic,0.8919157058145171,-1.0503816669056256,2.591046559348718,0.0,0.1290314949243669
2185,logarithmic,0.8746971703715642,-0.840656555132703,-1.7782626145172955,0.0,0.2317294843300157
2186,logarithmic,-1.7688857628508452,1.0664401532232413,-1.1295655299202976,0.0,0.2166052866070706
2187,logarithmic,-0.23545978844006,0.2213053002902558,-0.5503593351747238,0.0,0.0468531200069109
2188,logarithmic,-0.9211934403641148,0.7790073826889867,0.1249588544776605,0.0,0.2152260048918331
2189,logarithmic,-0.273807535744976,-1.6226148032378398,2.38429524521874,0.0,0.278985347668186
2190,logarithmic,-1.901823845439112,-0.8971059873216176,2.0453467257406714,0.0,0.0803707629612184
2191,logarithmic,-0.3665544063168551,0.9973496636955376,-0.4691200960895534,0.0,0.1204883809095447
2192,logarithmic,-0.8912163755373599,-0.583613332442289,-1.7793270429470245,0.0,0.1731264060632294
2193,logarithmic,0.2118301912000135,1.163604425136112,-1.0380232413149215,0.0,0.3106598615684122
2194,logarithmic,-1.3838971657552013,-1.5620212947180203,1.833618837513039,0.0,0.2478365437364256
2195,logarithmic,0.4676220354068277,-1.9769395183571508,1.4710183483485793,0.0,0.3448740982432794
2196,logarithmic,-0.84498957310455,0.6687619073848765,1.3119133680247357,0.0,0.08296663687788
2197,logarithmic,0.7293496408565465,-1.2736578239797702,-1.7581998080423245,0.0,0.2036645088001026
2198,logarithmic,0.9273397112743926,-1.616276375950072,1.3222483920726136,0.0,0.2898554221524023
2199,logarithmic,0.79274844016224,1.9106663635075147,2.214026670536219,0.0,0.4298770431772821
2200,logarithmic,0.4381521646195825,0.206664213945491,1.976140769201708,0.0,0.0159119461271926
2201,logarithmic,1.3343228286673146,1.4879374702215662,-0.2515594435419022,0.0,0.329460448682642
2202,logarithmic,1.791382213496188,0.8302212610437394,-2.1629863038812345,0.0,0.199977658823623
2203,logarithmic,-0.2955479929186611,-0.4691628337597318,1.5737688886490622,0.0,0.0814681940608822
2204,logarithmic,0.2788958190172907,-1.878367496345386,1.960849166847983,0.0,0.2046059233021399
2205,logarithmic,1.5032011827267215,1.483576669785141,1.5351210168574043,0.0,0.1095931878824993
2206,logarithmic,0.3635286448105717,1.8669217474972049,1.0421818578852935,0.0,0.2376416007358968
2207,logarithmic,-1.5610671867091397,-0.1897801742847016,-2.497547138782608,0.0,0.0688752260288822
2208,logarithmic,1.1103165542442386,-0.9794086964094356,-1.346843494589974,0.0,0.2867744942476428
2209,logarithmic,0.1,1.8466401619663555,0.5464167624068836,0.0,0.3200772191092361
2210,logarithmic,1.4632991218184674,0.3315365264143781,1.9216252221549768,0.0,0.0514858820686674
2211,logarithmic,-1.1822015650944793,-0.086662468204905,0.3085427653171275,0.0,0.0319433633590742
2212,logarithmic,-1.5269529605400949,1.1148949189421504,2.882767520783154,0.0,0.145558480323229
2213,logarithmic,-1.406547205329984,-1.6995711299986884,-1.8788131119585447,0.0,0.4362906041582597
2214,logarithmic,1.026243364856731,-1.0868089364579352,-0.1000118163644865,0.0,0.107830705574877
2215,logarithmic,1.3699023025270276,1.7903651905345457,-1.629531885532101,0.0,0.5229297397158241
2216,logarithmic,-0.2589078797052684,1.0649449304271497,0.6526521281167144,0.0,0.2196473378950155
2217,logarithmic,1.418311211564145,-1.0638551888019472,-0.6476600537673951,0.0,0.0867474498239606
2218,logarithmic,-1.0937091047268703,-0.4505063140047407,-2.162655535276701,0.0,0.1403137830943503
2219,logarithmic,0.4083530001280402,-1.9497710406927855,0.4525593820116329,0.0,0.3848779632164646
2220,logarithmic,1.2057936208937674,0.6020089198430769,-0.5077045211628377,0.0,0.160130003405644
2221,logarithmic,0.3891840834701172,0.985138441625165,1.0523573786755174,0.0,0.2034794086032517
2222,logarithmic,1.2880721107252109,-0.7789092455056541,1.5941111654709823,0.0,0.2231562575750882
2223,logarithmic,0.9242479296382786,-0.4294715720329969,1.5356172199300868,0.0,0.0386413859337034
2224,logarithmic,1.734325043597325,-1.5408614104165044,-1.361624183617956,0.0,0.3326322967680619
2225,logarithmic,1.6050683201077898,-0.3639627123230164,2.5670244940003784,0.0,0.1210740496846474
2226,logarithmic,-1.3604355485259862,-0.750083440262201,-0.9758954144945582,0.0,0.0953707115078951
2227,logarithmic,1.775672037144679,1.2872780676161717,0.4402018770055633,0.0,0.1737724911055979
2228,logarithmic,1.6274452028904791,1.2177304250048286,-2.162504384897329,0.0,0.1667635006177283
2229,logarithmic,1.1212505495844014,-0.6682043922313277,-0.8948983678867255,0.0,0.136157277545433
2230,logarithmic,0.1008057083473237,0.2235623094075687,2.284992839732687,0.0,0.0396216791509054
2231,logarithmic,0.7637534891836237,-0.827829028803766,-1.644297160040331,0.0,0.1155769016697757
2232,logarithmic,-1.462853999827999,0.675802256680845,-1.7438805160490451,0.0,0.1733158263478197
2233,logarithmic,1.6699557883798777,0.4902156019470158,-0.3391852446506735,0.0,0.1580111633987964
2234,logarithmic,1.8050459480350092,0.3741490262990035,0.062327834880818,0.0,0.0899190949960706
2235,logarithmic,-0.1421182177722166,0.4637587364567372,1.7341716886221432,0.0,0.1282803692867932
2236,logarithmic,0.2996996629837696,1.42217885548405,-0.3203147263616821,0.0,0.3523682399717482
2237,logarithmic,0.5215568870100005,-0.7816746273961517,0.1949215829599673,0.0,0.0510640523403772
2238,logarithmic,1.895602665524336,-1.169006390465662,2.4645496727797136,0.0,0.3202863569653253
2239,logarithmic,0.7579408389667526,1.6630324444292683,-2.938944059864597,0.0,0.4656928809551323
2240,logarithmic,-1.6306345979990755,-1.97678136948955,1.929953418785029,0.0,0.5734823175714078
2241,logarithmic,1.6989683001017497,1.560238140364274,1.3046243332171024,0.0,0.2418249499112044
2242,logarithmic,0.973380433216744,-0.7425607088556694,-0.1391803623707526,0.0,0.1923194056295101
2243,logarithmic,1.399805159608822,1.725003572567834,0.4512415342100073,0.0,0.1107992606212771
2244,logarithmic,0.363304296422883,1.8826836768001425,0.6123546199950596,0.0,0.2457970263269424
2245,logarithmic,-0.9329390248658084,-1.70855958632432,-2.6096760203404354,0.0,0.1907596012505411
2246,logarithmic,-1.25546775985352,0.3000586756796641,-0.5296233188327357,0.0,0.0396238685564728
2247,logarithmic,1.540169545236314,-0.8027399841334151,-2.8887893839963112,0.0,0.227442903991543
2248,logarithmic,-0.1,-1.650166845435046,-2.5007284385298822,0.0,0.4114073619990447
2249,logarithmic,0.1168500051178913,-0.9782706227213244,1.1183763060829817,0.0,0.1320168966125519
2250,logarithmic,-1.7796232914183197,-0.1046683139222715,0.0011506295909082,0.0,0.0334608037061733
2251,logarithmic,0.1389506812192253,1.8749412609892475,2.2315526820949207,0.0,0.2567025683098344
2252,logarithmic,-0.4889600877093407,-1.391239679680389,-2.51935849534859,0.0,0.1385869304036661
2253,logarithmic,1.519316404755089,0.0178995038689255,2.0074821006846584,0.0,0.073196328344208
2254,logarithmic,1.362730941079787,0.2017393344479012,1.4224537431012534,0.0,0.0322351425759533
2255,logarithmic,-1.5544568422543126,-0.2019709108858007,0.6349287521779732,0.0,0.0204317874890693
2256,logarithmic,1.8443334780254723,1.7480688264460933,-1.2216367507819204,0.0,0.401688765448305
2257,logarithmic,0.4610258580387154,1.0553107120111402,2.499852620320861,0.0,0.2978589784364768
2258,logarithmic,1.617355047033541,-1.6793190431442842,-0.527853482281011,0.0,0.1362119361172304
2259,logarithmic,0.486998254353554,0.6848455473952537,-1.2044462975363446,0.0,0.1185806583198614
2260,logarithmic,-0.7705306731543398,-0.3062834049098759,2.960199444276556,0.0,0.0196727636676255
2261,logarithmic,0.1,0.9626457904541108,2.438474348200216,0.0,0.2426789572034569
2262,logarithmic,1.1580105540045165,-1.8977282014588963,-0.0267289113009416,0.0,0.2241914567433558
2263,logarithmic,0.1,-1.9171473836192796,-2.9367501181773,0.0,0.4744953342677855
2264,logarithmic,-1.471423282732789,-1.3116679794873465,2.7655190219972017,0.0,0.1349215249070715
2265,logarithmic,0.4158620447567482,0.2400259953718762,-0.3559400008746114,0.0,0.0221931785641793
2266,logarithmic,1.0146879905750872,0.5386185140213731,-1.3544389514795758,0.0,0.1210565051093426
2267,logarithmic,1.3055854807438707,1.027910050038805,2.401216293635664,0.0,0.1047829752679705
2268,logarithmic,0.8025778608934839,-1.0416820599866252,-1.294896290443406,0.0,0.2405612966974723
2269,logarithmic,-0.2400136251867808,-1.0413852264850232,0.963313463207906,0.0,0.2548211719524804
2270,logarithmic,-1.936310103104303,1.0577355415377308,-0.9739832341385172,0.0,0.1865020256671531
2271,logarithmic,1.086712782858672,-0.7854375072786501,2.441280672517843,0.0,0.0923407434828645
2272,logarithmic,0.183352577923852,1.343892592279933,0.0452378346521307,0.0,0.3136499602254831
2273,logarithmic,0.4457394094044993,0.8830393095583307,-2.167469126196528,0.0,0.2160524957568683
2274,logarithmic,0.1,0.7484488522584427,-1.2607612300627178,0.0,0.2073437690325768
2275,logarithmic,-0.8667006365334076,-1.679676556127692,-0.1585304994760905,0.0,0.145985690104646
2276,logarithmic,1.293440254783468,1.4579780794780717,0.907661088380709,0.0,0.1789447964908923
2277,logarithmic,0.927429765479494,0.7868297145940617,0.7256477915387345,0.0,0.0546133974676072
2278,logarithmic,1.4318299760891322,-1.369253450657648,0.2950467225285189,0.0,0.2334567253068656
2279,logarithmic,-1.744431587816187,-0.1054210778270596,0.4746702108767087,0.0,0.0378704845403855
2280,logarithmic,1.3993523053279402,-1.0284783563683897,-1.8439984453400715,0.0,0.0777184158404681
2281,logarithmic,-1.390326925365244,-0.248665687220142,-1.1144446624942388,0.0,0.0355201488315282
2282,logarithmic,1.179871989752013,0.3740243525967606,-1.163699854621186,0.0,0.0482035803794321
2283,logarithmic,-0.3315211134926432,1.4880244419200976,-2.5945036186017845,0.0,0.4081984198441132
2284,logarithmic,1.3642977047359637,-0.1552898239254374,1.78480451423897,0.0,0.0620209112129185
2285,logarithmic,0.1268389301601078,-1.3320902694475336,0.2343126885787487,0.0,0.0927905731462128
2286,logarithmic,-1.9509429479862213,0.5799620506551197,-2.543862552935744,0.0,0.1608183548402889
2287,logarithmic,1.161960314105015,0.4135692716033645,2.779711279149443,0.0,0.0918278084833011
2288,logarithmic,-1.9251897299869485,1.934804385885795,1.7602245247888222,0.0,0.3194169119524384
2289,logarithmic,-0.8337359749877966,-0.2527019997311277,1.0054237380879325,0.0,0.0227639094707269
2290,logarithmic,0.5225404076020705,-1.2199127166647594,-2.9067326086143703,0.0,0.1925367277142106
2291,logarithmic,1.471187060876504,-1.932068661197448,1.7632804564816196,0.0,0.5523361809596635
2292,logarithmic,-1.0834487766572436,-0.0356337109119038,-0.7051200237443336,0.0,0.0356359965877445
2293,logarithmic,-0.5729327499787575,0.8838115807967517,2.1032926159044054,0.0,0.0953512948374398
2294,logarithmic,-0.4397773373192883,-1.0084482836077462,1.3412561818949325,0.0,0.1137430762555165
2295,logarithmic,-0.6676201401446678,0.0765662635799451,-2.3437431010549488,0.0,0.0309112959797173
2296,logarithmic,0.698625007257474,1.667426229748589,-0.083925684531759,0.0,0.4172929160381716
2297,logarithmic,0.1974603761838027,-0.972090285965296,-1.3047332745242817,0.0,0.1261196472619732
2298,logarithmic,0.240674781094818,0.5556115405567117,1.433777459296552,0.0,0.1187700111334783
2299,logarithmic,-0.6895179698457463,0.0325693653122516,-1.4127155456711211,0.0,0.0163143625567751
2300,logarithmic,0.6477367629793389,0.9918210718144848,-1.5871574766774186,0.0,0.1956423932248969
2301,logarithmic,0.3970665812992648,1.8166983803043413,-2.901589565930247,0.0,0.3369568911277478
2302,logarithmic,1.79239280421378,-0.2498838097510991,-1.929536545331472,0.0,0.1071764842449417
2303,logarithmic,-0.7280252475283939,-1.7561063234089889,1.3509608651083926,0.0,0.3856516762877697
2304,logarithmic,-1.869093478512986,0.6152715326440252,-1.2325657312777456,0.0,0.1187252622119365
2305,logarithmic,1.0686308687551662,-1.7476045563930849,-1.6200531895379362,0.0,0.4617532985207034
2306,logarithmic,-0.5157935454143292,-0.167099223572571,0.972866411645156,0.0,0.0339578241071933
2307,logarithmic,0.4953132651835372,-1.3495301894237692,-2.9941044123535363,0.0,0.1618882612430199
2308,logarithmic,-1.9905213262025263,-1.695403587988404,-0.3531573194711601,0.0,0.2174282169794652
2309,logarithmic,-1.05484028438894,1.5953954114931248,-1.2680062121539255,0.0,0.3107601875411735
2310,logarithmic,-0.8337039042672387,-1.956541275896952,1.453430053068403,0.0,0.2651727466290587
2311,logarithmic,-0.1593828410533113,1.2564495258913513,0.7022175145857643,0.0,0.2111959893895383
2312,logarithmic,0.9255986184741009,0.7448455490301278,1.704646827845452,0.0,0.1924697385033582
2313,logarithmic,-0.1,1.3360554047855049,-0.4932300531257509,0.0,0.2078429976444686
2314,logarithmic,0.8410781256920039,-1.866641555867523,1.5550680120176326,0.0,0.1418034307216873
2315,logarithmic,0.6808315624517061,1.7565936817809114,0.8564690739370211,0.0,0.3963892336272223
2316,logarithmic,0.9567696067892242,-1.393905598248423,-1.812610590851852,0.0,0.0978073372355419
2317,logarithmic,-0.4838964311307436,1.7801968849716685,-2.817168220982319,0.0,0.2116338144358224
2318,logarithmic,0.887827369917014,1.8926469558323944,2.1877429886325688,0.0,0.2372351580900487
2319,logarithmic,1.9298224914691544,0.3254250899770694,1.2723558096243934,0.0,0.0381994273350525
2320,logarithmic,0.7805108580880993,0.3311971985343289,2.0243445948022973,0.0,0.0704469386674221
2321,logarithmic,-1.1318188131203757,0.5984598441929734,0.7634466820193193,0.0,0.1659817750869747
2322,logarithmic,-1.3500406346599236,0.8262669274022554,1.2188883125540162,0.0,0.1674059165293525
2323,logarithmic,0.191348858555254,-1.8508271981050517,2.268109866828781,0.0,0.3431547155324838
2324,logarithmic,0.5545943987769442,-0.5884880015343876,-2.6602291890810603,0.0,0.0751292975070669
2325,logarithmic,-1.0507640224107029,-1.3513683058543258,1.899182036312971,0.0,0.2113985190704105
2326,logarithmic,-0.860810434939927,-1.3696869810054744,1.3713341207793937,0.0,0.1534415782854442
2327,logarithmic,1.431331351449204,0.4072782911704791,2.310306008869704,0.0,0.1027764186689891
2328,logarithmic,-0.8421281654952395,0.3473401039779755,-0.0433876327572892,0.0,0.0400745630467734
2329,logarithmic,0.9483808103949528,1.3762018118161268,-0.8398868050466124,0.0,0.1637007212688882
2330,logarithmic,-1.5816361863534452,1.6775020265815974,-0.4037678869470813,0.0,0.1877585153853604
2331,logarithmic,-1.2816681160063523,-1.952759937952264,2.86869843422488,0.0,0.336215643147512
2332,logarithmic,-1.0889028553392213,-0.6746430739310258,2.2312627598702037,0.0,0.0783851845871198
2333,logarithmic,-1.3393724925906816,-1.7974740051842426,-2.5235143321043125,0.0,0.4879555746562627
2334,logarithmic,-0.9319579223335132,-1.856773558437352,0.6228569769714216,0.0,0.3427299442621073
2335,logarithmic,0.1269868752194534,1.3981183400519108,1.92039145906935,0.0,0.2717134534813004
2336,logarithmic,-0.39368109487607,-1.5347233859831508,-0.2463722453616985,0.0,0.4130816775688608
2337,logarithmic,1.6466809430668414,0.7432529409921567,-0.3586579579069573,0.0,0.1224058837702099
2338,logarithmic,0.1840830534420638,-0.3981520804190177,-0.109286673829513,0.0,0.06727283302046
2339,logarithmic,1.905810244204547,-0.8367587163968278,1.1186428889500668,0.0,0.1947342779201357
2340,logarithmic,-0.6033502061647509,-0.728748158143917,-1.279701249202318,0.0,0.1342956602077985
2341,logarithmic,-0.1,0.8450670666332134,-1.3551575755943368,0.0,0.1213383084652845
2342,logarithmic,-0.6683658975524658,-1.7842879276808592,2.448712999975446,0.0,0.1644499999895231
2343,logarithmic,1.7208354230737073,-0.9933079466186928,2.6230165042114706,0.0,0.1112492525376765
2344,logarithmic,0.758910107021137,-1.580261351651023,2.138809850696,0.0,0.1789419078031523
2345,logarithmic,-1.3501743005114295,1.0886732286350589,-2.15358902632341,0.0,0.2526604331056756
2346,logarithmic,-1.5469487279217755,-0.2157305210629641,1.3474843576952216,0.0,0.0343703098186921
2347,logarithmic,0.8964208803910458,1.8363121712266288,2.0742234672915894,0.0,0.3846861948924939
2348,logarithmic,1.9492497364528163,0.906264404845848,-1.8780872700282665,0.0,0.1830433397256443
2349,logarithmic,-0.890088630464398,-0.2859680488844147,-0.9524177400164748,0.0,0.0566285543328161
2350,logarithmic,0.1,-1.6437102024205543,-1.0006460253594514,0.0,0.2060907549901926
2351,logarithmic,-0.7746705788636246,0.7861734333280723,0.9649116806981874,0.0,0.0890705540501855
2352,logarithmic,-0.4949622401329652,0.746138152580988,2.588793533733984,0.0,0.0821337283863143
2353,logarithmic,0.9380322036254404,1.3318791936814436,-0.8713853492276611,0.0,0.3672828193237641
2354,logarithmic,1.8071618508573235,0.7308206646964708,0.6899752101141807,0.0,0.2213852679433831
2355,logarithmic,0.1225550243376947,0.2633792281442253,-0.8198101540200957,0.0,0.0436579292429363
2356,logarithmic,1.419546000274179,-0.0934935676441686,0.4532594441747877,0.0,0.0631446978355788
2357,logarithmic,1.0038834493187814,-1.5388128223929818,1.3826875779544032,0.0,0.4388235697899952
2358,logarithmic,-1.5944285417588897,1.3816562301867008,-1.7393030239117373,0.0,0.3552070522951767
2359,logarithmic,1.5737029838578145,-1.9075494004400908,-0.4103879622126367,0.0,0.4389184852442286
2360,logarithmic,-1.7633907056429714,-0.6623047302513632,1.2925463165549171,0.0,0.096550628856763
2361,logarithmic,0.3157555465390342,0.1295393617801994,-0.0601074806133974,0.0,0.0170911672316802
2362,logarithmic,-1.919616806371569,1.4041021907128737,0.5821247578920881,0.0,0.3332993039420105
2363,logarithmic,-0.498273594374198,-1.2147859716957212,-1.9651431952053624,0.0,0.3007471443742008
2364,logarithmic,1.4683196218328582,-1.554813744277721,2.9330867604463577,0.0,0.4328393449574536
2365,logarithmic,0.471105063825382,1.4407460586438248,-0.4346944336804785,0.0,0.2295845575204738
2366,logarithmic,1.4653579576685032,1.3211480646380047,1.459926005094152,0.0,0.0898735010291065
2367,logarithmic,0.9347285731931488,0.1043743983985949,-0.4429273381598548,0.0,0.0130171454654793
2368,logarithmic,0.1,1.9576348547404545,-2.415454136501697,0.0,0.4255145037027068
2369,logarithmic,-1.4064831464022354,0.4498886495822343,0.0707578003935704,0.0,0.0882202112013523
2370,logarithmic,-1.4273831558615115,-1.6592119566187336,-2.9940051946740143,0.0,0.2173264864027237
2371,logarithmic,0.8190405584649176,-1.0300565503324677,0.2027188410910883,0.0,0.1707136036091518
2372,logarithmic,-0.1218895877581429,-1.3170200121006364,1.9697205930757933,0.0,0.2391919249137166
2373,logarithmic,-1.6014614622536545,1.6809669331834596,0.4023593252460049,0.0,0.2135661070373739
2374,logarithmic,-0.1330880590007259,-1.1107943858172336,2.9281017829865057,0.0,0.1401599032526385
2375,logarithmic,-0.5047657696895493,-0.4339594058207314,1.5612657789953035,0.0,0.0604723720145119
2376,logarithmic,0.5550233811162628,-1.0064974183513793,1.3493178306622449,0.0,0.212068481365321
2377,logarithmic,1.3712109200447982,1.9639427916751544,-1.3031492320817963,0.0,0.4922337394630344
2378,logarithmic,-0.4176502683529532,-0.1666150661495824,-0.4240704244904059,0.0,0.045448825152759
2379,logarithmic,0.7300969717557244,-0.7092359305974743,-1.2978159640835,0.0,0.2016220317904416
2380,logarithmic,1.0880433760886057,0.0367326341087714,0.7732802667430612,0.0,0.0321043142031651
2381,logarithmic,-1.1219722925440632,-0.0221448239824062,0.1140168674698118,0.0,0.0182009493809853
2382,logarithmic,0.854102218169762,-0.4224960991114375,-1.734929945436059,0.0,0.107605887402795
2383,logarithmic,0.8074403934742205,0.3801183223236388,2.4426269319964757,0.0,0.0982557553130651
2384,logarithmic,-0.5297229608967613,-0.1189826612912621,-0.5538597065666484,0.0,0.0172504700723926
2385,logarithmic,-0.1017104244800113,1.2503674658264607,-0.1046440266448103,0.0,0.2552156453889865
2386,logarithmic,1.6664384941087964,0.8305031055543255,-1.3780220007584052,0.0,0.246157096821708
2387,logarithmic,0.7262442917919247,-1.7079896207205851,-2.7373302449772217,0.0,0.193608058040028
2388,logarithmic,-1.418495128915063,0.0201419027639948,-1.4277541559468423,0.0,0.0590464306369692
2389,logarithmic,-0.6430820240579989,-0.8975488681035859,-1.3314149595660272,0.0,0.2431869052482674
2390,logarithmic,1.9153578111967824,-1.4779658377029286,-2.3922565677889045,0.0,0.2499783163596223
2391,logarithmic,0.2725620866554599,-0.2664606153461415,1.053456309774206,0.0,0.0709540126692777
2392,logarithmic,-1.2778730606631077,1.2520636084323806,2.741266863675228,0.0,0.2995065505567507
2393,logarithmic,0.4589604185678784,0.472418618648712,0.0314736396049015,0.0,0.1140672475018681
2394,logarithmic,0.6576594467322048,-0.5557879500228164,-1.012062163106599,0.0,0.1519252740860661
2395,logarithmic,0.4989214665778054,-0.9111822813993607,2.7646887751332976,0.0,0.2644253495851663
2396,logarithmic,-1.705314707201671,0.3193039099091028,-0.9170191458263884,0.0,0.0798944888846026
2397,logarithmic,-0.2254102941816591,-0.1810725354395814,-0.0122307751168042,0.0,0.0326210764528647
2398,logarithmic,-1.459030243892423,-1.2573481815961212,-2.8174390444149973,0.0,0.2577762730317369
2399,logarithmic,1.1712891408529953,-0.7610261127593563,-1.6323117284945177,0.0,0.1086440196128711
2400,logarithmic,-1.4688504356351344,-1.6187716460975945,0.1880182428249286,0.0,0.4359882484712096
2401,logarithmic,0.6408366319423697,0.6950427124597551,1.7283506662806642,0.0,0.1824831461679737
2402,logarithmic,-1.4291745928234612,-0.2009261350137485,1.1804662637130168,0.0,0.0825279726643637
2403,logarithmic,-1.0419666360530684,-1.000394978549347,-2.2012061080380843,0.0,0.0877614702772499
2404,logarithmic,-0.5458117085901253,-1.069714372519721,-1.280538338475188,0.0,0.2357401343033322
2405,logarithmic,1.6835549164184471,0.2614021798860246,2.6480720560331745,0.0,0.0664326511406122
2406,logarithmic,0.8985402486718717,-1.9372235191622469,2.890181541157541,0.0,0.1203283458249741
2407,logarithmic,1.776978192874905,-1.5310406082692145,2.696398726370779,0.0,0.128494504315751
2408,logarithmic,-1.1577928012443763,-0.5457537489763484,-0.587608302327634,0.0,0.1045187979643867
2409,logarithmic,-0.8097198312603746,-1.7140906635863442,2.371079054201859,0.0,0.1505862959432304
2410,logarithmic,-1.9595850240005996,-1.8694384451269297,-2.670593243614669,0.0,0.4620856609728791
2411,logarithmic,-0.9891957986339556,-0.8285506393950821,-1.939331575197452,0.0,0.2087698947247705
2412,logarithmic,1.9623108508946057,-1.0978209594105648,1.3958261777441754,0.0,0.1173594311235003
2413,logarithmic,-1.7602789512531165,-0.1370630375758246,1.2146349324456427,0.0,0.0476336778318292
2414,logarithmic,-1.0986780883264244,1.1400384619959945,-2.7712184387825407,0.0,0.1503791503950678
2415,logarithmic,1.6049805678462898,0.2016954309207541,-2.254595880338096,0.0,0.0593579829667492
2416,logarithmic,-1.003605525523367,0.7972449617579467,1.3758705540075056,0.0,0.0664110434047835
2417,logarithmic,-0.2901043979331628,-1.1148808858569663,-2.539059219553994,0.0,0.1459280049196241
2418,logarithmic,0.6105246868863303,-1.4632339707699509,-2.769138650150591,0.0,0.1006020041122441
2419,logarithmic,0.3503620077413067,1.3428297862517784,1.1295203932404003,0.0,0.3031378562439196
2420,logarithmic,1.266295687816667,-1.5301378279145408,1.0606372991053146,0.0,0.1320613882751727
2421,logarithmic,-1.1578181181752196,-1.7938287185408712,1.5401502127683884,0.0,0.5198619204804611
2422,logarithmic,0.6716938372549723,-0.7325009287100768,1.8874974090517196,0.0,0.1182337037211104
2423,logarithmic,-0.4276404061835395,1.343760227352412,1.376468406467433,0.0,0.3024861119009172
2424,logarithmic,-0.2034172675730232,-1.9654365990990943,1.5272170744862512,0.0,0.285889394178502
2425,logarithmic,1.0647904645222623,-0.3458173944812301,-2.107983499439568,0.0,0.0556251579076257
2426,logarithmic,-0.37651283803052,0.7272068037743953,0.0695437443446937,0.0,0.095941700846163
2427,logarithmic,-0.228685832362939,-0.3747375425234831,0.5983602724438573,0.0,0.0363640448986607
2428,logarithmic,1.49664024298744,-1.804864042319584,-2.1513268694162884,0.0,0.5069121442576034
2429,logarithmic,-0.300743227504058,1.7665961790027471,-2.607372380522736,0.0,0.3835249019534173
2430,logarithmic,-0.1986028400204764,1.656205642591201,0.7343733785783506,0.0,0.3190883450860493
2431,logarithmic,-1.3112949178550726,1.751948137958821,-0.0089654117998279,0.0,0.1596022903503365
2432,logarithmic,1.682063353819701,1.1497686499816435,-0.6242073671829509,0.0,0.1161068198472844
2433,logarithmic,-0.8942950328656933,1.7627533645945332,2.5556634337543622,0.0,0.2449753847191204
2434,logarithmic,1.3952068432416116,-1.4139351103385691,-2.285143595269887,0.0,0.3979091428379246
2435,logarithmic,-0.891905408010031,-0.4745913765684757,1.8692709612960137,0.0,0.1076606349123879
2436,logarithmic,0.8102205475076087,-0.4385367849453434,-0.5011794738331732,0.0,0.1025219170990172
2437,logarithmic,-0.6188218528420664,-0.5997828659081152,-0.4080014897175257,0.0,0.167753800594204
2438,logarithmic,-0.5263514610890314,-1.5019482707277023,-1.538245481293679,0.0,0.1328844199414032
2439,logarithmic,1.6668973946126884,1.6509813454987978,-1.1927250591884335,0.0,0.1800836861283518
2440,logarithmic,-0.5388559183972528,1.833833584313916,1.1093605963067557,0.0,0.4021124455697598
2441,logarithmic,-0.4764088926626639,1.55671342752263,-0.8194088138412252,0.0,0.4526936638639644
2442,logarithmic,1.3608984227689933,-1.2123429052113592,1.4927715993800774,0.0,0.3165830609757452
2443,logarithmic,0.8487977619131342,0.930036752166724,-2.9907969023795404,0.0,0.2146539917024564
2444,logarithmic,-1.1940476514814722,0.4648383188278639,1.8842074466640435,0.0,0.049173951130738
2445,logarithmic,-1.8709900538405968,1.6115579114206882,-0.9868241132679714,0.0,0.4309468900509628
2446,logarithmic,1.4846878088872637,1.772330214308142,1.2196781193488473,0.0,0.1783355085634638
2447,logarithmic,-0.1210385778289873,1.218578664291698,0.0328749236316978,0.0,0.1563328955953976
2448,logarithmic,-1.492607076155681,-0.986939854338345,0.2000923124346223,0.0,0.1282428067613999
2449,logarithmic,0.3466834286907252,0.0283020020898305,2.954518455595325,0.0,0.016710922174761
2450,logarithmic,-1.0706404318224338,1.4735950081624218,1.6095287903622424,0.0,0.2028641941803771
2451,logarithmic,1.5826519268976855,-1.9510051544243807,-0.4433052668158375,0.0,0.2081018498212448
2452,logarithmic,-0.1765530218843332,-1.7271072877416769,-0.6282026854004998,0.0,0.3008786168976109
2453,logarithmic,1.4901430417835946,0.8532954625951952,1.862482525478632,0.0,0.124693191882693
2454,logarithmic,1.3039429592622471,1.9379322099231928,1.9420900863318329,0.0,0.2713159939038283
2455,logarithmic,0.1,0.0940445331732267,1.703380601816067,0.0,0.0220366710122775
2456,logarithmic,0.8179763535992408,-1.397043401064641,2.109896830357684,0.0,0.0914357526877928
2457,logarithmic,-1.8122460299445355,-1.8518663749379267,-0.0687391076917247,0.0,0.2038769172583772
2458,logarithmic,1.197367638340236,1.2423747307675723,0.9239952709463504,0.0,0.2010464956557321
2459,logarithmic,1.5452138694468809,1.4155005619107763,0.5429422269060313,0.0,0.2919929741013937
2460,logarithmic,-0.7280469254963986,0.1710146785821384,-2.65234857720322,0.0,0.0235125984419371
2461,logarithmic,-1.4455222852662537,0.3330714491395472,-1.0801507947144289,0.0,0.034122212590332
2462,logarithmic,-1.9746960150491195,-1.7663954495856102,-2.547360656233301,0.0,0.2804708550484222
2463,logarithmic,1.1666875378423782,-1.87306337514211,0.0533540156791483,0.0,0.1627598552885008
2464,logarithmic,-1.1326528377299914,0.4395919418258653,-1.486336589892557,0.0,0.0479097417054933
2465,logarithmic,-1.9294339808781555,-1.0344331940503628,0.6290568856682182,0.0,0.1944875788288725
2466,logarithmic,0.8000319682787449,-0.3698058520090685,1.33550054964096,0.0,0.0291145812215658
2467,logarithmic,0.46024090025116,0.2091840491232139,-1.93735421076939,0.0,0.0190221837736848
2468,logarithmic,1.977291271245272,1.8237033417067383,-1.9428139301144425,0.0,0.5288887511568395
2469,logarithmic,1.718939063147746,-1.401672130548039,2.1859997857159392,0.0,0.1336923960602414
2470,logarithmic,-1.520767867037879,1.9644830117600895,1.846778074502975,0.0,0.398679249112392
2471,logarithmic,-1.617341448529645,-1.492334717663125,-0.0556288634214743,0.0,0.2250874026379844
2472,logarithmic,1.3865141724692078,1.9023674435650864,2.4826398969172443,0.0,0.1895452132679346
2473,logarithmic,0.1989869716475905,0.5300297476508149,2.6773380569286136,0.0,0.0492549144170308
2474,logarithmic,0.1,0.0388433472437297,2.000439126491917,0.0,0.0060340193347665
2475,logarithmic,-1.2229868296938404,-0.496579349110184,0.1415131754118306,0.0,0.0726513908192671
2476,logarithmic,0.729709011133024,-0.1141546860379696,-2.063690906752295,0.0,0.0374366244454699
2477,logarithmic,0.1760237920870619,1.5089923792542197,0.9659851441180968,0.0,0.171089967473064
2478,logarithmic,1.6882071446373983,1.5174993662624137,-2.036253335518291,0.0,0.2425942158739908
2479,logarithmic,-1.605907899607434,-1.4526588011435737,-2.5364894247112244,0.0,0.2133810142280401
2480,logarithmic,-0.2723357760445632,0.4208750697238961,-2.8641461617780117,0.0,0.0507815213106631
2481,logarithmic,0.3495940785776152,-1.15176647684349,-1.0722771365192938,0.0,0.1490322003614448
2482,logarithmic,-0.428542318521524,1.4906333198109118,0.3509311269218145,0.0,0.2662493589843916
2483,logarithmic,-0.7063214941308917,1.9420713145705788,1.864770908275524,0.0,0.5512697936258281
2484,logarithmic,-0.4754469847963336,-1.8716347116238632,2.615780821037177,0.0,0.2719449347386462
2485,logarithmic,1.361840829314933,1.1164342426178138,2.874691873820712,0.0,0.1944887633881297
2486,logarithmic,-1.4160096746880932,0.0793878493021424,-1.1253201110187785,0.0,0.062401190251253
2487,logarithmic,-1.7651963083489388,-0.7324566491079554,2.172591350932014,0.0,0.1847233807428296
2488,logarithmic,1.84362386075916,-0.4917830305288038,2.975080452466316,0.0,0.0568019115913211
2489,logarithmic,1.9630976972322447,1.2346363458152323,-1.647885347296278,0.0,0.3474160676859857
2490,logarithmic,-1.1835544706960637,1.5984518957504394,-0.3940502526270757,0.0,0.3692793083666986
2491,logarithmic,-0.4194154744339324,0.4951681789157138,0.1898779029911468,0.0,0.0374069054559736
2492,logarithmic,0.959717464095184,1.5677715959714926,2.392965512976612,0.0,0.2378539022411123
2493,logarithmic,1.0918787145312,0.4236213474021295,2.043323029908241,0.0,0.0737941510301864
2494,logarithmic,-0.9434021128059285,0.977130892376986,1.9151219689266288,0.0,0.1427429985382586
2495,logarithmic,-0.1979718547327404,-0.3783902303419046,-0.6439271657565069,0.0,0.089546295472049
2496,logarithmic,1.4691573833149991,-0.5165074636017151,-0.937057438108588,0.0,0.1149605602943814
2497,logarithmic,-1.8258095069426257,-0.8067752074677381,2.365329394054701,0.0,0.0835547475045944
2498,logarithmic,-1.533632088693333,-1.4014597644609277,1.5437959487452655,0.0,0.3739684740695339
2499,logarithmic,-1.4139417281188784,-1.0510912341558003,-1.2327690506936295,0.0,0.2056278210316526
2500,logarithmic,-0.6163834920054896,0.1028101696607937,1.8113111370109929,0.0,0.0321029350595084
2501,sine,0.3342980735167558,0.502165237920341,-0.8312386928022396,1.7217818180329472,0.0049162233029135
2502,sine,1.633795164505933,1.1263755450264086,0.7400269076882848,2.030144241527484,0.0356765328133253
2503,sine,1.909304998631128,2.551225010903091,-0.3650201472118579,-0.9916140093208567,0.0688957776328608
2504,sine,-0.5132447682284913,2.659080932555037,-0.1277127641023492,-0.8899626191006407,0.0195869802099098
2505,sine,1.0763532604375523,2.63559111354252,0.8534430841976195,1.3038613036133402,0.0217635245868103
2506,sine,-1.1541149322176163,0.7777228767084877,-0.3028739420480626,2.8157421218372747,0.0572541505882021
2507,sine,0.2,1.2858429016201949,1.06999194635684,-2.3312721342080147,0.0074503328322513
2508,sine,-1.892184449325632,1.8422212186387037,-1.0393224512816714,2.113193847076138,0.1080193057595704
2509,sine,0.4259622464312085,0.6874165813120376,-0.4033873977886342,-1.638806948907209,0.0121683513120206
2510,sine,-0.8479213804278216,1.0099138323346477,0.6356061428193631,0.6313881231467788,0.0236819927440242
2511,sine,1.4666486230019764,0.5510999482737564,1.4408641070802322,0.9579834702267132,0.0517465199200024
2512,sine,0.5685932657367525,2.767953693899945,1.0818144556769314,-1.0704591774636494,0.0341456266794281
2513,sine,1.8605055641543569,0.6135536466532141,-0.0178529501762561,-2.59914226511009,0.0624865560185302
2514,sine,-0.6519672275153665,0.5912721773888605,0.7706395098177294,0.0903562405699651,0.0099996467997225
2515,sine,-0.4426218980581202,2.305154272610472,-0.9157041480585209,1.157611866089475,0.0196102260592237
2516,sine,0.2,0.8496433807146107,0.0822382549065057,-0.6276723967060844,0.0128238917339018
2517,sine,-0.2,2.6348432393529646,-0.4993535542394911,-0.9452659802445212,0.0133065676729401
2518,sine,0.916009029011589,1.6707730257426452,0.8908663022833414,-2.5109177962309426,0.0523149300688017
2519,sine,-0.6616624217934333,1.4386223173955768,-0.2153492700925781,-0.2284496946530927,0.0244272657285476
2520,sine,-1.742285435358657,1.1901645185255791,-0.0016964471989928,-1.4682827319612266,0.0337015170134874
2521,sine,-0.6394823969585648,2.5571714695576158,0.9549854292111905,1.1827698111137632,0.0241245901929448
2522,sine,-1.8047459615562211,2.0711698101073823,0.8290885503150203,-2.901219866965598,0.0735129627908939
2523,sine,0.8552372886238513,2.280341069240555,0.8231417257431168,0.950889301031978,0.0372165343990207
2524,sine,-1.4417192625068451,0.6140531721836138,-1.3543528806550955,1.0503480141119326,0.024806789428971
2525,sine,-0.5355931372538594,0.791220915508372,0.1426464441566619,-1.820682651981782,0.0216099867313275
2526,sine,-1.997492841771575,1.6533088392166346,-0.0510312799206862,-1.05741319998315,0.1177803300594811
2527,sine,-0.2,1.989863847103525,1.066031445493448,-2.550035375237237,0.0100675624597595
2528,sine,1.1475977877576748,1.2437605530989355,-0.9053210018235538,2.444827164074317,0.0717463243149949
2529,sine,0.6487781070603127,2.6125450455266206,-1.46719235005991,-0.3032858016258348,0.0444124827540456
2530,sine,0.7188927536458318,2.227401298733048,0.5954969121279943,-0.6369805701304267,0.0349198060310022
2531,sine,-0.5885889365956234,2.33192514514817,0.7875950211123914,-1.2612418787246895,0.0409853863574372
2532,sine,-0.2656356425288519,2.9397740290319385,1.1126000663726665,-2.820715766771457,0.0051406187443375
2533,sine,-0.8711662812369441,1.0202996893106555,-1.1526938912436575,-1.924670096717788,0.0174801856215458
2534,sine,-1.3956581844487492,1.926929258526438,-1.0028015638068868,2.4125315118462662,0.0582374035569592
2535,sine,0.4486230389367387,0.5786728704417063,1.0086271001782685,-0.4242601343728056,0.0306732748153413
2536,sine,1.529672660021094,1.116563995615017,-1.4896840307557748,-0.3384860565616048,0.0208430037084046
2537,sine,1.8822318606814317,1.692941458096361,0.6314584494559963,2.869653840252406,0.0359673659434593
2538,sine,-0.9574003421213662,2.6461409301468604,1.028388030748975,-2.0294234270743443,0.0372017240013833
2539,sine,-0.2552463132769422,2.732754758102673,-1.4616666746154865,2.326120757302956,0.0146429750132279
2540,sine,-1.904059319572489,2.0349093561306253,0.498767225301481,1.925656048712492,0.0913939406577223
2541,sine,0.9788686255863954,1.4225261881066764,-0.4355792756312471,-1.4624781346963265,0.0659408437688019
2542,sine,-0.9251383054781286,2.6174910040590444,-1.4999585600436582,2.498958253585944,0.0600483216220192
2543,sine,-0.2,0.680443603343736,0.6076850448371389,-1.5261924851228812,0.0101207281935908
2544,sine,-0.3482865076084427,0.5222681883657005,-0.9205275677628468,-0.389798225898633,0.0182130768239154
2545,sine,1.545464895895285,2.124302292968789,-1.2416647925343485,-0.9245335517212454,0.0715608733970634
2546,sine,1.8562662061516115,1.7950798116172713,1.3662942171395884,0.6035355569840246,0.0269591670577315
2547,sine,0.2519350665800917,1.9911529966845605,1.0962292498543564,-2.2910118078610786,0.0097046166224081
2548,sine,-1.3087866994377864,0.63501154496882,0.5110437837869433,-2.882165967513581,0.0780152790333066
2549,sine,0.2342897973966633,2.2393507165519377,1.3499490161965593,2.4307466202322416,0.0143223020264202
2550,sine,1.3418569103012072,0.9812589901424112,-1.254178969154575,-0.6758737891622992,0.0296246470919015
2551,sine,0.8192738218373012,0.9579675803586812,-1.2917426829115544,-0.7511013429151916,0.016321791191641
2552,sine,-0.2,2.795509366475404,-0.4337893975390894,-0.6018230649205685,0.0079138755657255
2553,sine,-0.9725527964610144,2.3067056315643004,-0.7849902549397364,0.7909628741694497,0.044194209943217
2554,sine,-0.3520953266109035,1.5212577883803349,0.3178728780342139,-2.509606821544509,0.0225731718216407
2555,sine,-1.1123417197778855,1.2374637184357735,-0.3873986776063793,0.4501545125935617,0.0500525827146948
2556,sine,-0.4775345778479214,1.1759173165938432,0.7513673319420273,2.497751664593414,0.0128120028688766
2557,sine,-0.6223270873120716,0.967720060097935,0.6403951937881471,0.2897453409858133,0.0431560814892038
2558,sine,-1.194210579917125,2.0529987917008503,1.289793920469958,-0.1708880409907522,0.0380296026606359
2559,sine,-0.3834568388521173,2.159141056505723,-0.6011514004839871,-0.7825098204025327,0.0063935648607187
2560,sine,-0.9377886668276728,2.193109679944876,-0.4115207961920544,2.236196292244696,0.0267583065064677
2561,sine,-0.4313751627289095,2.23453178663622,-0.1765380392280271,1.8852121690683283,0.0141852893723558
2562,sine,1.2516451343378634,1.9070422188411051,-0.2123997741403087,0.368074776349343,0.0712574043738808
2563,sine,-1.9032348487793425,2.656316947832179,1.1795928628072327,-1.0192592022555662,0.1136542628438131
2564,sine,1.7843644501010831,1.900471481285036,1.367577519572153,-2.0912113499840705,0.0475686096878213
2565,sine,1.180863290158701,2.542825200594661,1.4888822919769096,2.2884076602878887,0.062324895602894
2566,sine,-0.9453906946150216,2.5693259256498955,-1.5190344897022243,2.0921969305696813,0.0675910951287205
2567,sine,1.7525374984884232,2.398476774572835,0.5709623315142198,-1.992746783111926,0.1010532927754307
2568,sine,-1.9840365325348155,0.8170962127661742,1.5267648402027292,1.321118602674261,0.079673811250492
2569,sine,0.2,1.5911304817361054,0.526306805079976,-1.1193986660964677,0.0131252108440284
2570,sine,0.5904775461804679,2.1457210470276733,1.5540608915406016,2.88258113690242,0.028069482611529
2571,sine,-1.7801685641571878,1.568574865470196,-0.7175408323922742,-0.1790822856397449,0.0687808304964473
2572,sine,0.9841981270520472,1.4890615796273874,0.2771219790514685,-2.713212884705776,0.0582761623147471
2573,sine,-0.2,0.8576862936372562,-1.0660781736686786,-2.100990892354127,0.0075270231962165
2574,sine,-1.5982451515222356,0.979040222543958,1.134868855185513,-1.7593938147583652,0.0948229171356173
2575,sine,0.9767636367512802,2.2847405090741826,-0.7881545998720279,-0.5309264491493453,0.0278296666714774
2576,sine,-0.7118238465872109,0.6127149526214275,-0.1429050661647963,2.6840739542839653,0.0284733420617637
2577,sine,-1.4808092553851906,1.189653438502981,-0.6223836863520115,-2.6520228004987647,0.0555385845564766
2578,sine,-1.7877595773251929,1.3408105881541008,-1.4450606401715305,-0.8942497033820795,0.0698321109530007
2579,sine,0.3280706581452635,2.957704487491846,-0.8961410864154514,1.8558355581216937,0.0100834802019127
2580,sine,0.8664749778181768,2.079224737511352,0.4781714483794643,1.1880406540926067,0.0142271521933926
2581,sine,1.3566496744504772,1.985685933237928,0.4530305319942314,-0.6174039583924955,0.0321611109365078
2582,sine,-1.9437777772310607,2.791706578417502,0.0911204337920625,2.031226631351052,0.1265848446196018
2583,sine,1.400599944107181,2.944228827066798,0.5796297268144657,-2.898624834423289,0.0738921980055175
2584,sine,0.2967389694731213,1.5929077947153385,-1.2251855142138288,-2.279322201147258,0.0131529844456511
2585,sine,0.7655074789759482,0.732091720627215,-0.5992642391360329,0.534578859069657,0.0337715693279972
2586,sine,1.3253137608198964,0.5240037716623553,0.1473364537653716,-1.6302740231643391,0.0680000060936426
2587,sine,0.302214023882084,1.4602634899567768,-1.4291756396951012,1.6477004455646558,0.0188841428761663
2588,sine,0.2,1.297032026119945,0.0333305190915016,2.6649539165647296,0.007312664290546
2589,sine,1.470619535655496,2.4985309366381863,-1.4682789474193123,0.7931745310212466,0.1017545601862804
2590,sine,1.389303338650644,2.320950099367953,0.8068498071452406,1.2100569669222,0.0655991506753123
2591,sine,0.3816018791372366,2.939507652928223,-1.180944195134621,0.4757843115564153,0.0190228595028023
2592,sine,1.805389945479058,1.142926840938835,1.3841292926841078,1.8579331270703785,0.0421371325413501
2593,sine,0.5409674039459476,2.9713713861472533,0.693191718949179,0.1172381914813724,0.0133865904529576
2594,sine,-1.395172621316763,1.7281040863420831,0.1227794611892221,2.278324474495557,0.0765322902247133
2595,sine,1.5996035764329355,1.911327276604709,-0.5721425780146625,0.959425785283889,0.0815940251652991
2596,sine,-1.17845225349696,2.374913061170913,0.5211908554410116,-0.9367593581551844,0.0462353137682444
2597,sine,0.9706361575045156,2.25156626677227,0.031550326925946,0.9204762374956186,0.0417623554238261
2598,sine,0.8561200950670464,2.450808206970497,0.0564368111646096,-0.5715383378614947,0.0396910275913218
2599,sine,0.3125145931199515,1.8486147535125288,1.147611315345361,-0.3229211410786541,0.0084052868043213
2600,sine,1.5686915824728995,0.9153555118423768,-1.4710767298091658,1.4078073204191766,0.0416938331177606
2601,sine,-0.233219804330742,0.6184794305228933,0.6775882328148337,-2.1949372160494267,0.01125981851733
2602,sine,1.9591038237037328,2.6410076469916897,0.6717473057877292,-0.3249036356441759,0.0579512246324179
2603,sine,1.688507196026123,2.575425146308904,-1.4889618106919025,-1.651693654839847,0.0322077962444592
2604,sine,-1.7631572253331165,1.1369256240171928,0.9521850135887188,2.8080676542623646,0.0830968563105157
2605,sine,0.2,1.417126526471742,0.3352866472800218,-1.3832748526853422,0.0042930200252611
2606,sine,-1.6417081804726168,2.952944943066169,0.3928843249478069,-1.7188413716502209,0.0948780182136951
2607,sine,1.667209234210631,2.236730975441552,1.0641715349066718,-2.6200108769893253,0.0516915626403806
2608,sine,1.1585955578292908,0.757978354172623,0.7082562129913792,2.269569910078056,0.0578307806199627
2609,sine,-1.1745960584683337,1.505664674822613,-1.4524883432928235,2.893422422421493,0.0314790346087852
2610,sine,1.3948961104756663,1.999009345906656,-1.3989887999101642,2.4473937916169834,0.0754328014814413
2611,sine,-1.2410528112079948,2.399943236279641,0.1411798324167741,1.425598070245404,0.0701009803519707
2612,sine,0.5745764971186484,1.6973835778879802,1.4890232136118002,-2.0371267494241985,0.0331140761817738
2613,sine,1.4057329139689,1.2031113298708347,0.173194230408862,-1.6068679640528318,0.0291684066077134
2614,sine,-1.8825943001038468,0.6779068672102413,-0.3032252502298245,2.913425609406453,0.086388378959484
2615,sine,-1.7661125131025588,1.4906529455254456,1.4684758325083331,-1.7284614426462757,0.0700125665100336
2616,sine,-0.2026464163476591,1.9742122379300384,-1.024289500510708,2.206238297516128,0.0094158090428152
2617,sine,1.2344868837775542,2.048942780575125,-0.6452112049513424,-0.4531282919080497,0.0608704248680362
2618,sine,0.7376085626327975,0.905257955746042,1.3135613247949405,2.8356186921030977,0.0489856310498767
2619,sine,0.9296973665717037,0.9526645348153372,-0.7277802422056788,-1.939328147332635,0.0569123508637775
2620,sine,-1.343454664176079,1.163647635157116,-0.2479342113857039,0.0642177171329665,0.0335812522595851
2621,sine,0.653180019385327,1.1805755922410406,-0.3726658562006153,-2.2421369366758688,0.0183442193764768
2622,sine,-0.3040836010729708,1.4363392836802564,-0.922471433910545,-1.7664610641336875,0.0051115497693985
2623,sine,1.0668152779580595,2.280223798268702,-1.2687518345018087,-2.702747507189152,0.0621145025243858
2624,sine,-1.382972122691398,1.1040061294829733,-1.4762379498508214,2.291388777751772,0.0247347121427001
2625,sine,0.3223827324861923,0.8794924828454846,-0.386021801685608,-2.2476300477917563,0.0183071818369059
2626,sine,-1.5416348793413932,1.296370780902777,-0.3774451155492331,-2.1472043694158973,0.0981853572758876
2627,sine,1.1586891101593402,2.831357751398848,-1.083610230612856,-1.868983030559352,0.0753719729366408
2628,sine,-0.7424532353569502,2.284584453480293,-0.5803821134886936,-2.075744377980492,0.041839000552503
2629,sine,-0.2,0.6075894716549006,-0.2171738118724064,-0.0324296517961544,0.002865333542351
2630,sine,1.4348646472375035,0.9548084312450538,-0.9706831927468696,-0.802136365630723,0.0584285296005656
2631,sine,1.3690835576743066,2.785658084584697,-1.0853506632630732,-2.7174067501804657,0.0943908418207734
2632,sine,0.6571072111130718,2.801765599571948,-1.4478244256908943,-1.4046468580894345,0.0218636625656191
2633,sine,-0.7786811570261198,0.9638183080079378,0.8023855873678465,2.1542384822219374,0.0301232990612046
2634,sine,-0.6506671546931888,2.3011663043668023,-1.1444346942653028,-1.918826473711383,0.0172147572356212
2635,sine,-1.732738720301255,0.7026218398346175,-1.5544490588918125,-1.6817259940832685,0.0310529934570412
2636,sine,0.4284169151975314,0.7686719712115981,0.95767900260907,0.1513571021410413,0.0191994494789351
2637,sine,-0.4235807308078652,2.940205061055747,0.3774213413128928,-1.7429476068525367,0.0166461975492877
2638,sine,1.6488579268607275,1.6300343226249492,-0.244010565814307,-2.409148814904675,0.0258070012675682
2639,sine,-0.2,1.4467729059613128,1.0302218289598866,-2.5318315922188037,0.0042132754942684
2640,sine,1.149238174161341,2.97473935601118,1.1804452794500784,-1.2262180526789173,0.0348988958009617
2641,sine,1.2401696629605323,2.834413591020584,-1.1221014837688426,0.9643728966525792,0.047942772062518
2642,sine,-0.973526297851942,0.7177281044548096,0.1252449339645638,1.1010759270321273,0.0183008181555752
2643,sine,-0.3335076124789387,0.6493379055697661,1.4844334583016623,0.1177957792603345,0.0195577874847031
2644,sine,-0.8855854666030605,1.8188907261897764,-1.3713493437978554,-1.6846801146715524,0.0236540144552346
2645,sine,-0.2849365379595654,2.4762141543641905,0.1714126817943093,-1.9086819900828849,0.0061108622404679
2646,sine,-1.5107133399320127,2.6544472298085933,0.6195681104113828,1.704215861899546,0.0546623512522205
2647,sine,1.1068482093685943,2.062871095602988,-1.410040058632306,2.687426403495465,0.0547513636357287
2648,sine,0.3842704069854097,2.462752650014285,0.1383423143839155,1.019412482456839,0.0077798659224454
2649,sine,-0.2,2.846255550171363,0.5389326374598684,-0.4984785389925514,0.0045615800229514
2650,sine,1.6834248585762288,2.9260289526188137,-1.3726558802775528,0.3338544627724493,0.0532935180328238
2651,sine,1.513920288805167,1.9333349582964283,0.7845330609713073,-1.1269876575740931,0.0827242219578774
2652,sine,-0.3836658031295834,1.919308900459901,0.4685456522947628,-1.604764776364668,0.0105621445649037
2653,sine,0.2,1.767096551962816,-0.9099113957283494,2.5542375485321465,0.006025012031137
2654,sine,-0.2,0.9166254902844526,0.4257904750076462,1.4056245281894402,0.0108494757662376
2655,sine,-0.7381132437330273,0.5904662090057031,0.3219942504157345,-1.8202852125904128,0.0288646825377206
2656,sine,-1.9564058665623576,2.3799146659755577,-0.7597709736229473,-2.0656410767155338,0.0386128907674182
2657,sine,-0.7826802386981129,0.6432925467986484,-1.2803449808690577,-1.2147620476300287,0.0381661516257544
2658,sine,0.2,0.503869997462693,1.1027441919670715,0.2445349461043227,0.0118668815362819
2659,sine,-0.7789136668245185,1.3415098697982586,-0.3324942410146738,-2.9920266442104246,0.026269276483042
2660,sine,-1.3464489963293746,2.5896794053545347,0.9704871207567723,-1.5432294214876687,0.0604334694216326
2661,sine,-1.1606580329816336,2.6654397553955604,1.4528428890190472,1.5528097653017785,0.0665761093948439
2662,sine,1.8920622952429773,1.849243781485889,0.225191889561517,-2.294342986703856,0.1158639899917587
2663,sine,0.460903679566651,1.4162467143065922,0.9079273400959068,-2.7272667546477223,0.0195351315667763
2664,sine,1.2418990260475744,1.2114986759299708,-0.8776845387437082,-0.6663322060401997,0.07056076999118
2665,sine,-1.2067806902694724,2.709278470339524,0.6352361068198631,-0.7011752210871558,0.08079366231521
2666,sine,0.6876708771468221,1.466080782730938,-0.7689384582539003,2.7228484988293893,0.018687994100799
2667,sine,1.896937446247525,2.669688998104303,0.045120901422857,-2.5377687602659096,0.0679350279030919
2668,sine,0.7399155725170261,2.316416978211589,-0.6536262906940656,2.717744375707918,0.0479272536074464
2669,sine,0.7182349889292605,2.542376425933913,-1.468436375781797,1.856448619116548,0.0472446355026649
2670,sine,-1.7632464809186343,0.9810905147508556,0.2159797181203966,2.6157429763355164,0.1209039612653291
2671,sine,-0.7180886643076367,1.817183711683028,-0.2400784209767827,-0.8183242967224116,0.0397461305085708
2672,sine,-1.546034336746509,0.8872646348666348,-0.2865987954448712,-0.1622264726304125,0.0432935889962294
2673,sine,0.9038643960769076,1.1436503686832935,-1.3921125091383386,0.6768727702568498,0.0538942457759354
2674,sine,0.6530188707517737,1.2058533188408591,1.0104702478673135,-2.1698370365652133,0.01544549330613
2675,sine,0.2,1.0807260433015742,1.3219281232527686,2.676981630468468,0.0064868071163211
2676,sine,-0.2,2.4646183945074083,-0.9456850527793452,-2.176978568347088,0.003992614247245
2677,sine,0.4743572669432958,0.7009587094659162,0.7738823416226017,-0.2550415324612798,0.026338635939681
2678,sine,0.998692007037934,1.4293252245419337,-1.0123441941032565,0.1124252267124861,0.0383099251043768
2679,sine,-1.2299655729083194,2.079638959330142,1.515665345304425,2.0456884854776565,0.0729058983164208
2680,sine,-1.6428720229897804,0.5039444084769593,0.1321626002043974,0.0196797826462331,0.1185853690183427
2681,sine,-0.2,2.894385150130409,0.0229227889416394,2.4084764256145466,0.0052911980049655
2682,sine,-0.4018504444714059,2.351521721628236,-0.7598595588735775,1.3749933423274756,0.010271168665814
2683,sine,-1.5350333182287796,0.7018434021999027,-1.5346006803969612,2.9452738055812397,0.0606306548050495
2684,sine,-0.8897210964418485,2.436319369712709,1.1745279261551032,-1.2008373405832005,0.0329128849792246
2685,sine,-1.7774393057626576,1.1022087618184029,0.4831524943534759,1.2007126790614748,0.0508709337017043
2686,sine,1.7026774644578766,2.934324748509125,1.3144379243944568,-0.4599256397231537,0.0837707523032105
2687,sine,1.3972045787300953,1.511006824987454,1.0198744302226364,-0.4720316263493114,0.0331403763437295
2688,sine,1.690067127269887,0.5159036999323712,0.7435743808473201,2.17574671267832,0.0733901202449211
2689,sine,-0.2,2.7813708306911606,-0.3810428475139835,1.2838489321045785,0.0046798226342621
2690,sine,1.4759536530592705,2.631785912530204,-1.5124868384815642,0.3092065680816551,0.0265613012358329
2691,sine,0.3795670043885679,2.8296937009018133,0.4347568027052269,0.0433537316456149,0.0063258740686138
2692,sine,1.208612154591188,2.8671233961909373,0.976202475214304,2.7898291929817205,0.059483691840888
2693,sine,0.8500834428764574,1.2738841768682323,-0.9855171907534376,-2.184057951545169,0.0549333894983722
2694,sine,-0.965105918602822,2.006232218359435,-0.8837989980827018,0.5412200744938769,0.0253819472277075
2695,sine,-1.3980849342192236,1.9547823140612344,-1.3445147916791813,0.6445704090839053,0.0608010234103661
2696,sine,-1.626455699295542,2.593842416154572,0.9846389430072402,2.848441172247375,0.0469115013255458
2697,sine,0.2937629704072027,2.184589659295945,0.9343288074283284,-0.2735440310459678,0.0066944072268547
2698,sine,-0.2,2.096604462356403,1.436855606033498,-2.197137315328232,0.0038405260296754
2699,sine,0.2,1.9482661691411247,0.5493417821766955,-0.0717346163465597,0.0029663016062078
2700,sine,-0.6164102845705481,2.4433333332771303,-0.9088534993035936,-2.559996114898345,0.0419092680309046
2701,sine,-0.6750099526377169,1.3179159337238202,0.6619662711576666,-0.1222134885441894,0.0214498778475391
2702,sine,-0.2191554762281611,2.877330176466143,1.0682867445922457,0.6108666107087308,0.0106688848943906
2703,sine,1.5720819928522718,1.5248934741110405,-0.1345270296383989,0.3314523580682018,0.0753896767496388
2704,sine,-1.6317388854066617,2.4042688713223117,-0.2085015532593976,1.1767436029480614,0.0305552453313917
2705,sine,0.8719805386310999,2.916051920826773,1.1250620134310694,-1.4507425208420297,0.0237454373859725
2706,sine,-0.2,0.7489336304763856,-0.4011526957078786,1.9290453460298809,0.0073656862677579
2707,sine,-0.2612517892924688,1.035152832489774,0.5885032618454904,-1.0123464802087183,0.0064102342237878
2708,sine,-1.1436429158761197,1.3417953525461823,1.1748507068198473,-1.1474568282185638,0.0720170241534336
2709,sine,1.3728615814448544,1.6782820213352077,0.6865715589737391,-0.6335633430028644,0.0795082009742159
2710,sine,-0.5355477385920624,1.7963411689989046,0.6175790689514571,-2.165652966772072,0.0323110463408528
2711,sine,-0.6230963509474106,2.177824429803256,-0.2652635920301964,2.922449313264618,0.0207105966969408
2712,sine,-0.5975621410319962,1.6400081679737015,0.8058924787671176,-1.7550042458827393,0.014789911018119
2713,sine,1.8045766512413013,2.565972402514684,-0.0146894383515159,-1.6799473913645957,0.028108230779961
2714,sine,0.8642321568668541,1.9791064718886768,-0.1076123093594907,2.6526920727902112,0.0553359235892909
2715,sine,-0.7725565821400555,0.8892720847352025,0.0278620452625941,-0.1604665774113942,0.0325033261028336
2716,sine,0.3711922197489161,2.0225357596019937,-1.2256133397461295,-2.6843025439463344,0.0154526942597472
2717,sine,0.758756786017357,2.6285431831111907,0.6906480141190956,2.368238009356471,0.0152059809735296
2718,sine,-1.8216553103914803,1.1440676300404626,-0.6763514304736947,2.4339312267168287,0.087278091685047
2719,sine,-0.7437369680327706,1.7359935217163818,-0.4683306451333369,-2.5539479041465314,0.0474638788674844
2720,sine,-1.0690791337000078,2.811236931639945,1.43494896597727,1.999633677127795,0.0749340319702563
2721,sine,0.2,2.4711854979711285,0.4294054390283923,2.4875001162402937,0.0112622292592493
2722,sine,1.3736026011511375,2.0504217657253005,-0.3338184089120912,0.1189577601654434,0.083418231644467
2723,sine,1.0693772853308046,2.4580081903149926,-0.5958769259370779,-1.661067727223555,0.023715518570383
2724,sine,-0.2,2.575020077644325,0.5191274903395073,-0.61732519790228,0.0104481086653917
2725,sine,-1.9552788662191996,0.6357535877045191,1.2416322864651428,2.717773513319779,0.1012196339836373
2726,sine,0.2,1.255368893492825,-1.243139632592001,-1.5270125706238122,0.0137292105238996
2727,sine,-0.6403844224035495,1.205610631470779,-1.1006225915021397,-2.862031248145508,0.0327180291959736
2728,sine,-0.5605173020665521,2.68963590164887,-0.8721335272719279,-2.789552261999225,0.0255392723354845
2729,sine,-0.3693681651314744,0.5895252946279312,1.00794787546864,1.8925820894491936,0.024257073174853
2730,sine,1.4533037125709236,1.823135436573475,-0.5843377956202835,1.206627450009946,0.0836103401230614
2731,sine,1.8776357427109696,1.6481509991970198,-0.0412352911037909,1.944848474948662,0.1070336385168436
2732,sine,1.1250375700053872,1.3762618884049478,-0.4248906474964791,1.7975411774886796,0.0428502801695935
2733,sine,0.4956618497235117,1.793437982073017,-0.7351730005752709,-0.4685352200431092,0.0270524898343681
2734,sine,-1.974475257249007,2.5755205938598347,0.2750968617491387,2.869270378198185,0.08841657646862
2735,sine,0.6045241171641789,2.036517205245291,0.0573468939507308,1.1887139461882228,0.0302310895925898
2736,sine,-0.2,2.562542924379444,-0.3305405338043774,-0.7755807801666261,0.0072045655734646
2737,sine,-1.166337286310633,1.3523290080002734,-0.370702801342218,-2.2318581778554387,0.0680582652199962
2738,sine,-0.310491123345284,2.6850399521105617,-0.4670256675872748,-1.8749845060939605,0.0087552296468736
2739,sine,0.7805386123618021,0.9356857303492844,0.2440252595223804,-0.8189801983199905,0.0126265623158711
2740,sine,-1.198214774663672,2.824637977925333,-0.5549736593940975,0.4491388618541445,0.0452127747750496
2741,sine,-0.8270061014063064,1.0155471275368888,-0.2417770707663771,1.829717085380505,0.0406934930321622
2742,sine,-0.4095115879060591,1.8617887435604985,-0.7455194405984535,2.539214218218463,0.0241566493914168
2743,sine,0.2,1.4866385823868615,-1.3677941000029512,0.9486845950466752,0.0035752907165524
2744,sine,-1.8218175577026876,0.7758755856896189,-0.7459045313201405,0.97716639762925,0.0694658371112259
2745,sine,-0.2337714885797823,2.882158074420712,1.2738916030155325,-1.719905041281618,0.0145675300235898
2746,sine,-0.8838328364138066,2.2650636162507403,1.000528005259279,-0.8268688544902085,0.0326118641146499
2747,sine,0.2218760045549372,2.402557495617652,-0.998632371331202,0.8939742130442232,0.0089783328995171
2748,sine,-0.8980561296588041,0.5688000744660955,1.0781974441452062,1.8798867978207028,0.0438806559666213
2749,sine,-1.836895262052511,1.0678690984503396,0.380627225044537,-1.039345214748907,0.0693166905214903
2750,sine,-0.2,0.7826076253754319,-0.6068476363438513,-0.0423296798245811,0.0099891643511043
2751,sine,1.06013555377264,2.0361079509980584,1.559670491811664,-2.2245876361716617,0.0171323690771147
2752,sine,-0.2,1.3616059124950688,-0.964608770994604,-0.4542610435878806,0.00442513286797
2753,sine,0.2832290083440587,1.696158342258111,1.4422144788130256,2.5860423829111614,0.0162551731012921
2754,sine,-0.7644355725672205,1.6432001040762598,1.3432677200731995,0.633393004450284,0.034853666928004
2755,sine,0.5478457676869946,1.7237507341725615,-1.2007161905348276,-0.2066545244014728,0.015414657938547
2756,sine,-0.5753294208283015,0.9312135764250964,0.017424786738259,-0.5898435686216752,0.0109985412161657
2757,sine,-0.2551203868945317,1.7642936092705237,0.5286835615274668,1.905311863257872,0.0129101221919868
2758,sine,0.4407422142701982,2.624589816421828,1.4593122907519829,2.0317885330171457,0.0154849627027002
2759,sine,1.136686611226725,1.6569070110101187,0.5631649541005457,-2.50258721379486,0.0561501464008704
2760,sine,1.9078753680431344,2.205214662771421,0.7393042355822379,-1.2818640783422324,0.063903782273535
2761,sine,-0.7175818944990278,1.8845652584700576,0.0116730858235554,-1.6385834814765825,0.029916317356104
2762,sine,-1.0880577878307252,1.4593005507612553,0.7548458220228622,-1.517420199207195,0.0229392686043858
2763,sine,-0.6879681855626942,1.231613118393644,-0.6687742332567072,1.816254726960516,0.0455403692977462
2764,sine,-0.977602806189014,0.5376891234630894,-0.3038349346573399,0.4376647151144848,0.0583455581771044
2765,sine,1.040619423148998,2.4814794063079813,0.7204211843549948,-1.2092755090906215,0.0187747177302055
2766,sine,1.2217493516124387,0.7336774938915359,0.7007289382856627,-1.3027278421717765,0.0645557920562121
2767,sine,1.413750278045906,2.9500038328760643,0.4052567928646575,2.374775244869168,0.0594532020853421
2768,sine,0.8118171471183828,0.5139376262895574,0.6358862517241151,-0.8428131823222493,0.0309720487430709
2769,sine,-1.80078004612762,1.7060611609080292,0.2867546233228371,-1.9930802919489337,0.1210040400300977
2770,sine,1.800170888068616,0.9295474714736984,1.0668520823106236,0.2970604579526394,0.0913788092509665
2771,sine,-0.4100622686173785,1.221150140956899,0.0078838352450454,-2.7023565776226466,0.0058838835513824
2772,sine,1.4205958183001577,1.421721653513501,-0.2754599827121193,-2.274352631460444,0.0269387645276472
2773,sine,0.2,1.881293484318348,-1.5413156833571735,-0.4222129784367316,0.0075568053462641
2774,sine,-0.2,1.6437590363811472,0.0781659478467962,2.61194152681264,0.010527103956074
2775,sine,1.4544955156594197,0.9948387234964516,-1.02078231078384,0.9163636121854456,0.0575831427528707
2776,sine,-1.7919447141371552,2.3866036212778785,-0.1306818205829576,-0.6757903091817985,0.1002205887886192
2777,sine,1.8631751938670225,1.1065878541494154,0.9836040699981932,0.7194330815842864,0.0982201308949904
2778,sine,1.2231937842419218,0.5341906413504733,0.140147060741588,-0.064595311809168,0.0838129331148246
2779,sine,0.7245024439061583,2.5636981895834143,1.420221269613326,-2.265525869478526,0.0225985928227648
2780,sine,0.6653753461690113,2.88112209314111,-0.7011958739614497,2.814472857265184,0.0409264098213863
2781,sine,-1.5642985483090088,2.6604037532542693,0.6301474085447167,-2.486045596566691,0.0385681565008701
2782,sine,1.7784185227435554,1.1585679593659055,-0.6419221235116117,0.2346591389457799,0.0710535635665185
2783,sine,-1.1248455138420177,0.8334422970123321,0.8483698617602355,-0.5134005336110397,0.0537382958842766
2784,sine,-1.6810825689122266,2.192750465821724,1.4056596804750217,2.075475511103866,0.1165884144163169
2785,sine,0.345250236744834,1.1011198131056426,1.299506463997789,-1.5899332286515184,0.0227442781885699
2786,sine,-1.5444595522259683,2.009871729963221,0.1938991139096533,-2.7814562488293544,0.0928771931913556
2787,sine,1.0045051102978109,2.622950686150157,-1.2378017104129984,-0.1026975831894736,0.0562095721204482
2788,sine,1.878873973773768,1.0171592910294918,1.0320348933807653,-1.8736659919500052,0.0747651527570571
2789,sine,-1.2281906296559386,1.0341312268261094,1.0610392392906776,-1.9536490457508768,0.0700581097112124
2790,sine,-0.9531984346043898,0.9967857787840948,0.724970806151731,-1.213706227762959,0.0361905331665505
2791,sine,0.4067924671423291,1.2440851131313502,-1.1001616416099649,-2.7071121478936924,0.0176188803935201
2792,sine,-0.475537712067418,1.1183746019304646,-1.4667616783358104,-1.4779935212642212,0.0065737175403627
2793,sine,-0.2,1.8409130348091025,-0.5312259447624668,-0.4385850622238716,0.0095811915165379
2794,sine,1.032233030258883,1.7602053122862067,-0.4850482599286703,1.474255828138749,0.0633818299799418
2795,sine,-0.7722553445823412,2.1825572712405643,1.4379176876469597,2.546445051702257,0.0157817191762474
2796,sine,1.4940559494771084,0.5429282707851653,-1.2230998360357637,1.583565079998566,0.0808325357707128
2797,sine,1.4033877259144254,2.117141054727436,-0.3878079179388611,0.764224478142495,0.0659295718268055
2798,sine,-1.3510378515452048,1.5954682312134016,0.3360834056516517,-2.3436351036230985,0.0853501117733351
2799,sine,-1.064943794224178,2.8479128686843085,0.445036548356001,-0.5193489479430196,0.058308790908684
2800,sine,0.2301651193828489,2.2382738180059096,0.8322502572969213,0.4605332109654068,0.0147492056080097
2801,sine,-0.4343715583657235,1.1537835623677888,1.3411560302594143,-1.4196646813002227,0.0076527830115481
2802,sine,0.5553374456986235,2.264364023041876,-0.660608996597674,-1.9250954827998543,0.0293259661178147
2803,sine,-1.4404438452347392,1.5537429820490778,0.133357811464198,2.672040245105233,0.0318327308370068
2804,sine,-0.3178076987046374,2.3733947652938383,1.3935594608565816,-2.0896443955635884,0.0162879413317121
2805,sine,1.8799293691513623,1.6967597535288643,0.5894803393455503,2.710268828454745,0.0983200243559648
2806,sine,-0.2,1.2008586365525065,1.303024096258039,1.6072048225746365,0.0121847108710779
2807,sine,-0.281062048658999,0.5485979245008297,0.2732689029997941,0.2700200389394922,0.0100034501430325
2808,sine,0.2728405884841351,2.915652390628614,0.6631522715047757,1.193113036825597,0.0115909751785912
2809,sine,0.9952011800058624,1.6609694182963448,-1.1396610208495466,-2.0561533857329217,0.0511967148440961
2810,sine,0.6846932792443119,0.600792951017439,1.0422566911230478,1.988331202766412,0.0372197063595438
2811,sine,-1.053077149640365,1.3277614235743471,0.1890908309139813,2.3860740878448503,0.0340308937772471
2812,sine,-1.910919371988272,2.220292915538245,-0.199805274358936,-0.9976702858179132,0.0828254042977865
2813,sine,-1.4344790713274445,2.1418060354721176,0.3737504567424579,-2.6249257482254214,0.086907962511923
2814,sine,1.4010472582864617,0.9761252509113658,0.3324826947705648,0.0313669489078587,0.0950089534864731
2815,sine,-0.4264261496548904,2.9278025306619773,0.6182497220443404,-0.996883309846566,0.0068916977334681
2816,sine,-1.273573645921542,0.7826202012354875,-1.0812944713673749,2.783893935146298,0.0282647065757654
2817,sine,1.840020802273569,2.755584231020843,-0.9176233247328854,-1.6263225347669763,0.0589934705970006
2818,sine,1.097338859786829,2.326616063041297,0.8689503287707567,-0.0793798560403846,0.05266379572396
2819,sine,1.8116707781163128,1.8002171471162858,-0.5648992030254385,-2.3903543430954217,0.0758027806983409
2820,sine,0.3390724226745591,0.8696031955843332,-0.8106461341243016,-0.9210887965679264,0.014497309883661
2821,sine,-0.4802856239140993,2.899250006338632,-0.317044498724373,1.4739469978448625,0.0074626479690217
2822,sine,-0.4336380071260137,0.5612206481009461,-0.5442641962897283,-2.1607514065502293,0.026627930654649
2823,sine,-1.2244840200600682,2.8735575610807844,1.0676771356622718,1.6073911879379494,0.0176746988538876
2824,sine,1.7277058624304376,1.6243722758020338,-0.0655349294815392,-1.211429043138145,0.1230358918484874
2825,sine,-1.6537041993494783,0.6747734438067807,0.0096592066437337,0.1462722786315877,0.0333397816738709
2826,sine,0.2292794336025747,2.317875323297085,1.4571932165531345,-1.848265119181825,0.007607390359359
2827,sine,0.9791857408475996,2.2179947910824493,-0.5124194777982103,0.8267925468791439,0.0449782373188286
2828,sine,-0.8724997661144811,0.8512056311643321,0.9831112605024246,-1.2193010220252534,0.0385599928721762
2829,sine,-1.1637537279937766,0.803734249369747,0.0404172998982275,-1.976229512908737,0.0707412852596652
2830,sine,-1.9133081367656608,1.0748740144555933,0.6527847180624815,1.2553308353384391,0.1174752493218524
2831,sine,1.8733269987695729,0.8023827899721285,0.6963668601231285,-1.2085587034500171,0.0980727891412991
2832,sine,-1.008730565823318,1.9310908591745453,-0.4201981679441917,-0.4248561207469441,0.0410232749347351
2833,sine,1.597279746453193,0.59455129522116,0.976670174140982,2.9889767651942067,0.0902488552028452
2834,sine,-1.1354468903053507,0.570925662658684,1.225919980615648,0.8976829818972556,0.0541460415481093
2835,sine,-1.584598766543587,1.917093683894886,-0.0554733888517904,2.877723688758987,0.1096951263958805
2836,sine,-0.2,2.142352569688118,0.1690594677716725,-1.915688949706093,0.0081285086846914
2837,sine,-1.6526552836112969,1.9281994964277285,1.1415771458348996,2.3161656911915234,0.0349384569944013
2838,sine,0.4804479791207332,0.9846486093068136,-1.1047779518744043,-0.7388835818350428,0.0224209710290732
2839,sine,0.2,1.284731153563001,0.3543561272049937,-1.3489656827159549,0.0088823385334386
2840,sine,-0.2,2.089753636635871,-1.4638344205338671,1.9511351494131728,0.0057003605178555
2841,sine,-0.3033141947534981,1.4367956004963531,-0.1065941523512605,0.9648422206355488,0.0056870051945301
2842,sine,-0.3474696756259239,1.4830835685768156,0.1216806444817093,-1.0990142209958798,0.0094936329266768
2843,sine,-1.4457112114260715,1.2555209723419307,-1.1661220587918644,2.9715746448536957,0.0547390159783226
2844,sine,0.6026164525001119,1.421330950421074,0.6398546587081024,-1.5089928538754376,0.0207572652993481
2845,sine,0.5488923366452081,0.8200491706153058,-1.4513068056296088,-1.823736977624688,0.0217382253491366
2846,sine,-0.7306413755758818,2.7158989662370527,-0.5574657221283397,0.7405761293139141,0.0433215785377514
2847,sine,1.4039742607446597,0.6597765709976675,-1.0990279193110744,1.3596202722392468,0.0227791271880625
2848,sine,-0.9084421296698948,2.614329625355236,-0.1339498563067738,1.4372605222766284,0.0273158137889231
2849,sine,-1.7333045321475111,1.5451112573346335,-0.6530575229367469,-2.8831754207631324,0.1123015039482245
2850,sine,-1.5335398888595329,2.080361971112818,0.7987024967239678,2.477630147961891,0.0607871610839458
2851,sine,1.0143287594252173,0.6585734535220309,0.3131570290893732,-2.850077477537037,0.0196893442056212
2852,sine,-1.8740447234903748,1.4109274689092717,-1.3802262059723858,-2.4927381147619307,0.0506565369009941
2853,sine,-0.4575022921845555,2.856846134240103,1.3083234685478136,-0.0313782353229621,0.0162223161092347
2854,sine,-1.948113101720156,1.1176527555810964,0.8627761304759369,0.7592887126048065,0.0274179075896238
2855,sine,-1.034721927317808,2.658262735789724,-1.3081810742217468,-2.4676765677362367,0.0295178001802627
2856,sine,1.679477134253028,2.8847183639550087,-1.5184606880196607,-2.3941152739138856,0.0348449195746048
2857,sine,0.9383533294207124,2.2231726921564263,1.1914408403958747,0.1683611967638532,0.031887109975666
2858,sine,-1.138316836086378,2.616329773555965,1.496953763124973,-2.836829221249072,0.0368013586893459
2859,sine,-1.924646581542392,0.550704080948189,1.3489577381949465,-1.3405792152827456,0.1066642444518954
2860,sine,-1.528889852590238,2.919930667052749,1.39723542341914,0.9099166178322724,0.0615270897777913
2861,sine,1.790726334138594,2.052313706393463,-0.683091694329943,0.3030465320342697,0.0300365061313331
2862,sine,-1.590278401206216,1.262023952198443,0.4990055839620724,-1.6996707368053392,0.0901264729604962
2863,sine,-0.2402094738476705,2.932399229501299,-1.2665075321126118,2.8359284195632206,0.0077998440202691
2864,sine,-1.4246537862907234,2.21181351551794,-1.1320371723369025,0.4079157451441251,0.0674500832593653
2865,sine,1.3238871938955097,2.5027942240172005,0.1188574589011917,2.365604336930259,0.0295347234175352
2866,sine,1.1877089305825317,1.877515214170832,0.6555615938148507,-1.5559573848300323,0.0366254488386678
2867,sine,-1.8155446216933784,1.866948498837211,-0.8557802923259316,-1.418542333059283,0.1201456622983739
2868,sine,-0.6114512219861359,2.456131595128454,0.3669309705427139,2.56014960363944,0.0375946588483841
2869,sine,-1.3822068544628716,1.264765701107388,1.271710565887949,-0.3204422947815097,0.085842996857918
2870,sine,0.3470905757924027,1.5803058146358775,-0.222744883674363,-2.336159063287017,0.0215003051491663
2871,sine,-0.6588063078533049,0.9677459494670756,1.4040243344244645,-2.849664534308846,0.0088984308967878
2872,sine,-0.3631658084436946,1.4293889961993875,0.4352441602377284,-2.4503752684224462,0.0126017495603777
2873,sine,0.9470915589469308,1.1322610302034422,-0.2075650195332203,2.5264155433651823,0.0685646179760811
2874,sine,0.2990587421062587,2.7845615678633884,0.7152648721327548,-2.4038979877803364,0.0138166297482027
2875,sine,-0.8868693580240912,2.36753779578682,-0.9790114217631992,-1.7752060076437808,0.0465457212095803
2876,sine,0.3844665588926341,2.3900324190540108,1.289552411657731,-2.205351970488519,0.0239999959864031
2877,sine,-0.2,0.5220817051401007,-0.1428406641709745,-2.234065801524906,0.0086748897984517
2878,sine,-0.5598847799366986,2.186688160800412,-0.5798305125436758,-2.127080567912266,0.0336694801305272
2879,sine,-1.9592915099119892,1.3295428633666604,0.5956075548149169,-0.2878970995786059,0.1299750007619428
2880,sine,1.2162908988828605,1.8628704180246856,1.3927941018911991,2.24922237872416,0.0363816809199213
2881,sine,-1.789047212247917,0.5812983148376376,-1.568071755904097,-1.822501011726101,0.0554925388243593
2882,sine,1.024592897389082,1.973792016234037,-0.6325947894060999,1.8144765985306703,0.0500969594641374
2883,sine,-1.270466534150994,2.3228223632887666,-1.101991755176012,2.1874082799594685,0.067904009862971
2884,sine,0.920395398382662,0.856402164941658,-1.5577465779817137,1.49659142783094,0.0133736176296725
2885,sine,0.9673500674450556,1.2513707135887455,-0.6451314617487616,0.0198697801477578,0.0650528000456615
2886,sine,-1.5371032604108494,2.7328279307119328,-0.446312672531967,2.354610195902586,0.1058948356678398
2887,sine,1.1697549722392937,2.500488309752022,-1.3699546879949314,2.5215016218026403,0.0327342311006911
2888,sine,0.3560357665313796,2.63236096577122,0.5799886303601047,1.4056494379908084,0.0221140813984951
2889,sine,0.9961310406137738,1.7773164878809742,-0.4373310064767373,-2.881279368770719,0.0600307408249591
2890,sine,-0.5079455715102132,1.470530835166092,1.0495781907093829,-0.0739865482430528,0.0126348334453852
2891,sine,1.3117282638261445,2.299008567179441,-0.1432638152850729,1.2892303405039556,0.0788276979417728
2892,sine,-1.5228186138259012,1.1964124927321926,1.2399054888396632,0.9875564832191062,0.0341161750522793
2893,sine,1.576644512823285,2.271442606578133,-0.832810981314318,1.2985914926052269,0.0757784487750866
2894,sine,1.4846689859009232,2.4361351535580797,-1.2429762394250938,-1.0819743392700425,0.0372138883042203
2895,sine,-0.9891935964062708,0.9141553385003492,0.0513807137046742,-0.1541795582499676,0.0199458380844322
2896,sine,-1.2855056992145144,1.6266421041344157,0.5219861166014041,1.510243254353421,0.0436065094246735
2897,sine,-0.2,1.983286946103176,1.0117476539815002,2.195004010745027,0.0048004578322857
2898,sine,-1.6496768418588794,0.7987516372646062,-0.4934709879624226,-0.0476396224177859,0.0821583055859927
2899,sine,0.2,2.3634043611402187,-0.8063637368672084,1.9458178968566864,0.0122153059703987
2900,sine,-1.675816510050168,1.522282657274442,1.280867743476943,2.7095935572225915,0.1015865726142696
2901,sine,0.7215149112440007,1.8309696690265855,1.4286767177291535,1.8425900658686447,0.0281546804840428
2902,sine,0.6298684919299293,0.8004756542275633,-0.2116645711408991,-1.5137137417446047,0.0246195251496791
2903,sine,-0.4847450042545884,2.125991796823632,0.2270009569536355,2.842462717539801,0.0150175656196096
2904,sine,0.5096634647737042,2.495370376358947,-0.9986054316535832,-2.920183957507681,0.0219282867384479
2905,sine,1.330186911163278,2.826863968138208,0.4896258011360936,1.6451769537265095,0.0704510823770382
2906,sine,0.2,1.4000287638305706,1.2305211043202935,2.364741389083094,0.0142369055602573
2907,sine,-0.4023779553650839,2.306089629539923,1.4082415420599226,2.355379901491367,0.0174170281959799
2908,sine,1.9128041956618835,2.368149382058009,-0.9912444419322588,2.5534683120993336,0.0390514114087388
2909,sine,-0.6688153791407001,1.2207923488311336,0.7729179715771273,2.1737547011899707,0.0277934889313456
2910,sine,0.9707268287994671,2.058056359070373,0.7505149239364965,2.912931016145332,0.0446558580847468
2911,sine,-0.344143814489394,1.4740945981744735,1.157847087296767,1.676600925870261,0.0216932785070589
2912,sine,1.318502027949629,1.1932245691670649,-0.0696572150365324,2.7338364309492835,0.0567041630622779
2913,sine,-0.4610621542904072,2.313771786427007,0.0020039251957122,2.7447361807157966,0.0283367305239885
2914,sine,-1.0214382986222827,1.4327286498250549,-1.1120566612553562,2.2636829272312173,0.0295860559951517
2915,sine,0.7522959607162067,1.3470578464366136,0.6475800722608196,-0.8051373211252528,0.0286733057711997
2916,sine,-0.2,2.445952395996093,1.2770837276645497,-1.8786251944845864,0.0104737689817234
2917,sine,1.109967679243466,1.936454474735482,1.0611650450587589,-1.9724131170897323,0.0723475779078053
2918,sine,-0.8035911308392727,2.358954889877884,-0.705364960313662,-2.0385295274742736,0.0397117427778116
2919,sine,1.8670707304007377,1.730537651138156,-0.4150516405699316,-0.1586265506834849,0.062697899810677
2920,sine,1.8178168079026755,0.571075163866367,0.1087030832892232,1.749388698128283,0.0616766243237241
2921,sine,1.6508123136542752,1.829607724067099,-1.140866522066163,1.54142608312001,0.0838433790558852
2922,sine,0.2,1.4187592740812025,-0.9522251783526634,2.2882453304364354,0.0042809267105852
2923,sine,-1.8625796175160785,2.72666101556971,0.1547862311619798,1.6759723007600114,0.1116804451780505
2924,sine,-0.2,2.544949795631916,-1.44559687881048,2.5997841999100846,0.0130721163517674
2925,sine,1.978002896353562,2.126479226992075,-0.4620511865700345,2.257052185355397,0.0633289261942995
2926,sine,0.5412056661670732,2.17946264862308,1.329470324927606,1.0463313492637978,0.0343332764062745
2927,sine,-1.7173887218395278,1.4086781692749288,0.8284721061364757,-1.785310225954639,0.0709668928468203
2928,sine,1.1892544455029497,2.171448030545029,0.5256674313832783,-2.735289558987099,0.0313368874187077
2929,sine,0.264283449308865,2.96600429738581,-0.3089502772036325,1.15307837185898,0.0180241497639468
2930,sine,1.8216500426154925,1.6387416122509533,-0.4662433633527931,-2.367874265041829,0.0962353079280155
2931,sine,1.4517803887015677,0.8104323950754123,0.9672971247928436,1.398391210627958,0.097328574183389
2932,sine,-0.5841116168112572,0.6287399083187493,0.2817414143512715,-0.4173571327620724,0.0362487872598871
2933,sine,-1.275116080964695,1.941660360340038,-0.1345626016034524,-0.7562791368259081,0.0283005118959875
2934,sine,0.5805594199672108,2.9853126185247985,0.3054967358049332,2.563413387770216,0.038273447517289
2935,sine,-1.9246806360995623,1.017380588334548,1.2960625254553175,0.9670312741041548,0.1083790589784828
2936,sine,0.2,1.209292155709282,0.0056822602394543,0.7338657048343151,0.0058745473423206
2937,sine,-1.392873802936065,2.098692516854108,-0.1909075326134788,1.4690626000031868,0.0819660489149812
2938,sine,0.2410909707513608,2.749181964347879,-1.2822899964509449,2.279604893167307,0.0087649054775283
2939,sine,-0.2,2.8017881345520146,0.573198102523266,0.9425504752916218,0.0085848219545827
2940,sine,0.7099940094481418,2.675635358898123,1.4209089256575678,2.8111512815397437,0.0394610278003155
2941,sine,0.2140689032556446,0.5746179284329207,-0.8925657742901634,-2.970709913594514,0.0098623653388816
2942,sine,1.1760594725082232,1.7310505911326266,-0.8286286284363039,-1.8442582402005565,0.0419476001958462
2943,sine,1.814335591772791,1.390245752378212,0.0811362033568163,2.2856294978334617,0.1006395840416807
2944,sine,-1.9883532947304856,1.9354223621109965,1.2320202832174725,-1.786018528728584,0.0754802757425526
2945,sine,-0.9644660796823143,0.5370796247481259,0.954842018360877,2.282982133308709,0.0289093896042188
2946,sine,1.4500189282289702,2.5229483961759014,-0.8104915034466015,-2.238288137179865,0.0983257908010814
2947,sine,-1.5610852460615212,2.285663593594164,-0.8770006703703309,0.3760247843952613,0.0453903100930775
2948,sine,1.7717710075821458,0.9543316203778378,1.1911385679103257,-2.4563580989229203,0.0975966307135292
2949,sine,-0.2856347897223124,2.7808549977862005,-1.3060342852974165,-2.490415437862893,0.0197694392872046
2950,sine,-1.2646916504586985,2.595353162201241,-1.030363705080981,-1.0498902661030824,0.0204508326002449
2951,sine,-1.308416283432472,2.850349584797717,0.5560459140282386,0.0664208219872923,0.0382137816067985
2952,sine,1.3817365697167916,2.575456647964384,1.4209944715892568,0.2062671561442388,0.0566262147426062
2953,sine,-1.400678446050697,2.643258663181628,0.2831816393759236,-1.815925850766089,0.0395050357761574
2954,sine,-1.531265444608719,0.5722969737505716,-0.1578764517195123,1.7927803411256695,0.1112136903716113
2955,sine,0.8328589850617258,2.536239803658627,0.0031485174721197,-0.0645092899818955,0.0528218821251725
2956,sine,-0.9378403426459436,1.2304303470192366,1.430483487349583,-1.0363228736330028,0.0218377193846785
2957,sine,1.01434176057124,2.460687639148248,0.7468578442771503,2.136268784417152,0.0156593406578499
2958,sine,1.291152649993755,1.5664762979909264,-0.0492851010466415,-2.5613676107134484,0.0660142600635435
2959,sine,0.2749197663110854,0.7767988623642423,-1.3572659334446873,-1.037869347174599,0.0087776729120053
2960,sine,-0.9640564287477744,1.3426441458056375,-0.4421963224067466,-2.9894846109583826,0.0292569954012197
2961,sine,-0.9452944510740672,1.1892581254453478,-1.348387748228017,-1.8263475364330355,0.0541201272647148
2962,sine,-0.544142448100144,0.7512070721087092,0.9828337379125348,-0.6563429453324563,0.0167611904520267
2963,sine,0.2015743278904183,1.849352995743097,-1.37525426803569,-2.75121479880856,0.0129485526242161
2964,sine,-0.4178469676124376,0.5331798744468856,-1.1375973277372473,2.5261312130180302,0.0163515227032682
2965,sine,0.5841300674385157,0.7693110426983725,-0.7296015893479448,-2.9401271558849205,0.0282229476003952
2966,sine,-0.2,1.0668690378678998,-1.323243250851407,-2.673078931153168,0.0074126405747085
2967,sine,-0.8361394785614356,1.8079566925520432,-0.4605469779229285,-2.454234884084453,0.0550530082321361
2968,sine,1.6650643153141202,1.5903549185640091,-1.4381285838523754,0.792198321111135,0.0477285414222114
2969,sine,0.3435673709770364,2.0918376285792566,-0.021932888282131,-0.2284027235977568,0.0049350511970384
2970,sine,-1.2691550518004822,2.418175564202236,-0.1997579893319865,-1.259773720913058,0.0854749725543169
2971,sine,-1.3964192634092814,2.5047500490858923,0.5146307501856469,1.0155710045824282,0.0580176171191691
2972,sine,0.7093583779471033,2.3052394341640814,-0.6777346281114578,-2.612158431142551,0.0303766269773268
2973,sine,-0.2666030057625428,2.590317570235179,-0.2576972113655607,-1.7898636568568111,0.0150147957359865
2974,sine,-1.3286706079321349,1.0142922527891556,-0.0726866048429473,2.1581389807493414,0.0378399098356904
2975,sine,-0.2015991739029883,0.7030841581874815,1.043506638574565,-1.6273073727543117,0.0103958594894982
2976,sine,0.8675767804599968,2.2930406830283223,-0.4513807135477561,2.7494450000421846,0.0283626360609847
2977,sine,-1.2190371799572253,2.469899852419304,-0.0210436595629968,-0.5517928308973916,0.0347578307162329
2978,sine,0.7062371862166259,2.7547807559925874,-1.1761706195112165,-1.25567023312348,0.0230704647556414
2979,sine,-1.7832433511151835,2.4243693236919244,-1.429380044761008,-1.1457753675887303,0.0786981619069693
2980,sine,0.7403248769270889,1.823322711554248,1.1383965376599754,-1.6069332874533786,0.0305169095909224
2981,sine,1.211797439032979,2.9956139587054835,0.8639484123559353,1.8441565101713195,0.0430103253727189
2982,sine,-0.5748762563380883,0.6589202226194503,1.025296445863511,-0.391436678174494,0.0398477221894934
2983,sine,-0.6634783481753774,1.2655713143640328,-1.139629052459597,1.7512892753163536,0.0126269401072492
2984,sine,1.13449726225705,2.9772729216411697,1.1559706057356247,1.9303982721764277,0.0712433312940041
2985,sine,-0.2,2.4848883553842027,-0.5265055242294889,0.584258263554112,0.0029248676243659
2986,sine,-0.8025453856164466,0.5999693435658833,-0.4859416176445383,1.555301601132015,0.011866023706682
2987,sine,-1.8299878026386915,1.7531570842609718,1.5368931477301286,0.2750092970919247,0.062802246140116
2988,sine,0.6291940418486264,2.378304264157659,1.4875237833559152,-1.9617925296200047,0.0209701879800129
2989,sine,1.2674180625317597,0.880906898053956,0.9828820784712916,2.3337238098425512,0.0466736582239661
2990,sine,1.0993676981831104,1.4747942410485435,-0.6945315548094977,0.4511688703276371,0.0157033682139188
2991,sine,-1.4822345064594629,2.839757038494116,-1.1762163842132856,-2.195080096040839,0.0261636494890029
2992,sine,-0.2,2.0075692074528075,0.3849835485983792,2.3271072496267866,0.0134581405409391
2993,sine,1.1375607766030391,1.664972275303516,0.6481800419959698,1.3738322801878056,0.0636248347031754
2994,sine,-0.2,1.4716994450131995,-0.515526325543082,2.9265622513667378,0.0111205008082899
2995,sine,-1.8207644903086797,2.8553233214492875,1.544216877164613,2.131416271328211,0.0883849504476495
2996,sine,-0.8875650292507125,2.4620552964040305,0.5614527423299522,2.7612047725392754,0.0165061458236549
2997,sine,-1.4986947045770336,1.4697036384258195,0.6022545051587844,0.9667833105015432,0.0925924489277928
2998,sine,0.2,1.8238378775426245,-0.7115158813997489,-0.5945836729297014,0.0141167370350775
2999,sine,0.6048426564037679,0.9853788668257756,-1.3790098591013251,0.8657921143145808,0.0318291566957714
3000,sine,0.2,1.408072635222821,-0.4074605570695475,1.5592683115974957,0.006130136758004
3001,cosine,-0.5997056961663447,2.3436006499182804,-1.4933488655819267,-1.3574193117598397,0.0247878418729005
3002,cosine,0.537967644078805,1.9851251540343295,0.8606747281824707,-2.621343633390673,0.0357507097644827
3003,cosine,-1.8148542393565703,1.3311650874953804,0.0132325915026454,-1.2798741679904642,0.0959351453161988
3004,cosine,-0.3599863495226163,1.2208923332365451,0.873377231940228,-2.7816998993088027,0.0126995993031271
3005,cosine,-1.9250943668298968,2.6036960760962606,0.4227602944089392,1.1785106552092053,0.0976013167428704
3006,cosine,1.4188453643809336,1.2025803983526804,-0.5480855256475665,-1.690954204283582,0.0883928318206289
3007,cosine,1.2443660086066823,2.980046921118548,-0.0042618944287406,2.237382721919173,0.0640163725728896
3008,cosine,0.9719307968966042,2.6468479264349325,-1.218375016786998,-0.0554694860919875,0.0616482523873915
3009,cosine,0.2,0.6739244694195741,0.8829852321737013,-2.378234722680367,0.0137312771059651
3010,cosine,-0.2206313661988574,2.7656602117614693,1.1580207305110566,1.3181910906569865,0.0090967179637187
3011,cosine,-0.9807585824589616,1.3745687675682117,0.6877335124070019,-2.054963859398422,0.0623453811566243
3012,cosine,-0.6410879494242603,1.604368201794712,-0.2919208754358353,-1.0002183948680932,0.0294808958498825
3013,cosine,0.9414222941178124,1.6021625460518656,0.6727558918636167,1.1736947051497006,0.0392677798814509
3014,cosine,-1.541311684906749,2.276868872636448,1.4499567091309955,0.4551722242594094,0.0699568422765254
3015,cosine,0.654523566087843,1.4354748582379375,-0.2327138597274143,2.493359762131333,0.0322130683316378
3016,cosine,-0.8261125903279849,1.3133275284578534,0.059602929221139,-0.3389075989730981,0.0147026372125604
3017,cosine,1.5381990813754125,1.73210667930677,0.3071398819686977,-0.8592633165387213,0.0912290843371777
3018,cosine,1.259934891303134,1.4909507964703477,1.534986314130915,-2.224757197158941,0.075787736944884
3019,cosine,-1.7965189837359885,1.3507590192468906,-1.4067570365406348,-0.6570165534068177,0.091189601887974
3020,cosine,-0.5282950226370509,2.9863307265400296,-0.4292832971650737,0.5717684732977704,0.028370094241623
3021,cosine,-1.6274872856787872,2.455248857051252,-1.4470194409194943,1.8516026373362715,0.1116573118661741
3022,cosine,-0.4821255680394403,2.1114276523808067,1.383169388308413,-1.451337918515908,0.011059545257819
3023,cosine,1.7955914064973235,2.5871691922380067,1.2031451145588137,1.7597868373442689,0.0860377560675962
3024,cosine,0.327449766451771,1.0950034670695616,-1.3795200676611463,-2.8057312151431715,0.0049969900691053
3025,cosine,1.2278448958138384,1.31853306879938,-0.8330312892271091,-0.559757015975034,0.0438155990585289
3026,cosine,0.8936424460368007,1.4279132961307066,0.9477175410423238,1.146037216042287,0.0451561982037951
3027,cosine,-1.7124155462032475,2.452525033491218,-0.4401444061619601,-1.962310270377608,0.0782441057974248
3028,cosine,-0.2,0.6612781527210266,-0.1622087512511683,-2.435775521906334,0.0107415370366802
3029,cosine,0.2433594476135576,1.277165929776427,0.3704459515001792,-2.985893747524008,0.0088367957749879
3030,cosine,-1.138611853663031,0.6360617657799196,-1.0910362430557607,-1.828347261096659,0.0572363968386243
3031,cosine,-1.0943363656214091,1.0783032768680616,-0.8532798252165257,1.4166878540942918,0.0558772962091092
3032,cosine,-0.2,1.1763482031241872,-0.6208685674183716,0.6007399911640672,0.0093608619883632
3033,cosine,1.793949806930577,0.5867816106239527,-0.8261416717025308,-2.320672433421516,0.027630472877504
3034,cosine,-1.5586990971654997,1.450128190781356,0.5915528143147797,-0.6173246456592159,0.0810710067004428
3035,cosine,-0.6026539383039919,2.5103339270041447,0.298557453547106,2.066865186261447,0.0289149804172581
3036,cosine,-1.1052560102042936,1.605324785250694,-0.5616359642403588,0.773422859790247,0.0488055153419306
3037,cosine,-0.7919060015000818,0.9835645619107104,-0.4052481199212299,2.13458369131764,0.0385796738778174
3038,cosine,-0.2320725227430431,1.650231465085808,0.3903712658083071,2.479326351537745,0.0087554959964102
3039,cosine,0.879871351471837,1.953034407901764,-1.4447853815774456,0.2114286970367356,0.019293616414723
3040,cosine,0.2574035869816171,0.6486773835388486,0.2346810028724126,-0.1628416471787366,0.0096172950043741
3041,cosine,-0.6074994308410449,0.6600495350980011,0.7781496502232184,2.747967893623672,0.0276782824617809
3042,cosine,-0.3226954956920673,0.603610807924574,-1.3854962124652548,-2.134393380963214,0.0136132886631291
3043,cosine,-1.3466745709594568,1.8376414120135771,-1.2343608062626463,0.4142682665725763,0.0305401079274049
3044,cosine,-1.4619161975764725,1.4964231494614886,-1.020682882207429,0.3461360462797156,0.0482822308623191
3045,cosine,1.044191573252382,0.9694662876257288,0.3521206061049242,-1.3778221499548515,0.030225360318174
3046,cosine,1.9808221910891768,2.839811523632749,0.6328103166018062,2.5831990808297665,0.0816973743128069
3047,cosine,0.8274206249236506,0.991627348190144,-0.0796645735037795,0.3448967072297977,0.0453776254606326
3048,cosine,1.3976882926940744,2.936629855998849,0.1514959196874541,-0.3128872001452816,0.0631353322968844
3049,cosine,-1.4400387287423335,1.1065905932635516,-0.0114313673234707,2.456556750168,0.0432755435332607
3050,cosine,-1.0295947049261542,1.105988301546452,-0.995107949269847,1.928248789378964,0.0156620836963198
3051,cosine,0.6024205982771775,0.5450924529361291,0.2451415561156031,-1.975066246058932,0.0334595243172053
3052,cosine,-0.5480434470462048,2.7040049447726937,1.4739411211576576,0.3058074958466203,0.0166533745671929
3053,cosine,0.2812084938108925,0.9250866297650984,-0.4921914427370655,2.239287730078797,0.0069364170341506
3054,cosine,-1.377686809495708,2.633310576179202,-1.4915236807686028,2.472748121521203,0.0955559363549092
3055,cosine,-1.55771920110937,2.134953988065721,-0.4588075427376556,2.4749496023220647,0.0291759283493686
3056,cosine,-1.7434609075627177,2.7934906868973064,-0.993042203195038,-1.6565188198612897,0.0419325269144352
3057,cosine,-0.5040584106406563,1.8226738571596235,1.3013713552011,-0.6474662648917082,0.0159041076558875
3058,cosine,-0.5363015114503789,1.477951897578926,0.2876732742816303,2.465554134195447,0.0162041484354671
3059,cosine,-0.2,2.777776131372206,-0.683535398872527,-2.3398587747792723,0.0037209209253365
3060,cosine,-1.607353337564859,2.5657371776586637,-0.7625946596851647,-0.4090617594738419,0.0342025781495882
3061,cosine,-1.208466252723785,2.688005984834449,1.0682802132352736,2.041379874629346,0.0207675671127643
3062,cosine,-1.6243908790417647,2.2442314335561573,-0.4438592773174776,0.0008516828415441,0.053867487319429
3063,cosine,-0.2,1.998353225688557,-1.324427844746616,-0.7697126663397396,0.0047345360167371
3064,cosine,1.826848864168673,2.3982140997728045,-0.1848074853132959,1.6082212071859183,0.0455178293031819
3065,cosine,-1.9819962820408503,1.9750326489390189,-0.7433561261930189,2.972998357554445,0.0538759512410767
3066,cosine,0.413643822336768,0.5981542673650465,-1.1856068055354805,1.9621133443039411,0.0200521052931117
3067,cosine,-0.2066345727197509,2.5721004483124235,-1.0546439827569398,0.9729612026212936,0.0082059572370727
3068,cosine,1.8146311908326087,2.111210980251797,1.3252451034367057,-1.685749447594303,0.0862942706308019
3069,cosine,-1.696043120849045,1.9807101704638257,-1.473546571432609,2.9943266244417077,0.0540841366915315
3070,cosine,1.1939330835852129,0.8382764162117641,-0.1857701487029273,0.0213527074854358,0.0607014768011104
3071,cosine,-0.4153976137698265,2.680985427154683,-1.087746488622369,-0.3461464382659245,0.0227284603237742
3072,cosine,1.0998047508464266,1.687487609080275,0.0173434549342175,-1.7940712111048438,0.0377124514579379
3073,cosine,-0.2,2.8393955108809688,-1.3824375309806196,0.8546168444334796,0.0054999513923088
3074,cosine,-0.2,1.7770154650849133,-0.9303351285330824,0.329722269505277,0.0125191190584937
3075,cosine,0.2,0.7289707915984138,0.5366468778219105,-2.042373007188017,0.0091420049785671
3076,cosine,-0.2,0.8310681232966031,1.1320178393178648,2.2916555939287555,0.0073024092116775
3077,cosine,1.7759838721461263,2.7702229296037806,0.0408507210980713,1.7353078398405763,0.1179211929844678
3078,cosine,0.2,2.157610899044193,0.766725568840386,1.60168546972832,0.00310759179522
3079,cosine,1.0569282817474486,1.8481210637318892,0.2031644382867548,-2.0259949059984743,0.0589019393265103
3080,cosine,-0.2,1.6775961964436936,-0.3642319991223421,0.1724484105711461,0.0118390015857877
3081,cosine,-0.3504276244227382,1.523905373445172,0.1851633414056066,-1.128037140669237,0.0159788503652398
3082,cosine,1.485856716936678,0.9190628325859892,0.5008253675075145,-0.568502263450509,0.0205534040067278
3083,cosine,-1.8928502386756945,1.781919255110805,0.8830262937270845,-2.773593367888292,0.0641402371967515
3084,cosine,1.2657587147218012,2.522708515297386,-0.2851694209179085,2.1193041910338906,0.0748655737818418
3085,cosine,1.2479277853121222,2.224058609649005,-0.3008134531611033,1.913740637682551,0.0673219082441538
3086,cosine,-0.4124395603542186,1.6057565874165574,-0.9713342345105808,-2.844896403806708,0.0184643082499535
3087,cosine,1.2020292004205206,2.1282143190723124,-1.2078242712097504,-2.345757480761137,0.0772592501108958
3088,cosine,-0.7429526712300203,0.7086994905713138,1.4034748924166585,0.6580035771909847,0.0170026754493981
3089,cosine,-1.550970012408421,1.0233785164203877,1.0870897618019968,-0.5498264204671592,0.0450562052034169
3090,cosine,1.0958832180869056,1.6789206755970705,-0.4400327538802413,0.6176587483842075,0.0542561971229974
3091,cosine,1.4080910870330596,2.6399916230676626,-0.3244323901904435,1.7203764578603913,0.0454490535051778
3092,cosine,0.959122823942276,2.8057747303701444,1.2353268874945815,1.2283618218033654,0.0315376475450197
3093,cosine,1.175421656903778,1.7854037491832335,0.8693078205432068,1.1838257846034006,0.0796530127464591
3094,cosine,1.2173828456512514,1.4191318992127395,-0.2072261460864699,-2.5457296667833083,0.0259848230443554
3095,cosine,0.2,1.811312310169113,-0.9814995367428252,-2.314820278687403,0.0066685154945642
3096,cosine,1.9824091960021888,1.7551795826008971,-1.01083083566071,-2.712882327326807,0.0348428877566516
3097,cosine,1.4238939230687713,2.071020301986541,0.4246228640574747,-2.647265373589313,0.0938038921490866
3098,cosine,1.0052565903422237,2.170729027517944,-0.4008329968643822,1.746220851446962,0.0538910036294464
3099,cosine,1.518942598304268,2.7694858656262755,0.7683061201343069,-2.1096409049212754,0.1058239749396366
3100,cosine,-1.010722450477084,2.6583355062032026,-1.1237215010843742,1.6753262321331237,0.0626986713360075
3101,cosine,0.2,2.166099156767832,0.4707897014115332,-0.5036765999167852,0.0077078462368616
3102,cosine,-0.5982414116195076,2.7893901274094914,-0.0919067719759003,-2.498388471508152,0.0254865459301524
3103,cosine,-0.4436959367857458,1.235407599902974,-1.04128919764739,0.2475987789981477,0.0184171257953809
3104,cosine,0.6903148067990328,2.429200801047612,0.7716579451526182,-2.432102356650883,0.0255942445264459
3105,cosine,1.6600540790791496,1.9732469945522493,0.7705634862453898,2.453181786920177,0.0605994262433468
3106,cosine,-1.5895975698509033,2.797766453008097,-0.8609803476636196,-1.1106012354664188,0.0939196279985407
3107,cosine,1.7931032475306623,2.38917415480874,0.9501530317000012,-1.227578273420781,0.0917596898924741
3108,cosine,1.5195576887160267,0.5349131017082005,1.373023175879749,-2.8492619052647736,0.0479558379824891
3109,cosine,0.2,1.8494697680515029,-1.0798496447954296,2.251275390123558,0.0121446297067894
3110,cosine,-0.2,2.740818196174147,0.3334763822904203,-0.0803363737072659,0.0096418482001134
3111,cosine,-0.8057790143621575,0.5560809445053825,-1.5504253234128007,-2.008949864719532,0.0155650973041788
3112,cosine,-1.2195999875151815,0.5760938836452627,0.8466476059301331,-0.0277488370455185,0.06896052501091
3113,cosine,0.6377419778903501,2.280414608495509,-1.2693169893980087,-0.5999694891179916,0.0152586139443592
3114,cosine,-1.455893570412147,1.3449674036054162,0.0584638785154403,-1.253107401212211,0.089457693948088
3115,cosine,1.1225596468463204,2.3620624942772643,0.2611863213604355,1.7615157500861782,0.0193341558171895
3116,cosine,-1.0463385311589914,0.6430585460547082,-0.0662282124146378,-1.6157197801166303,0.0456340466414614
3117,cosine,-1.3766940042625766,2.229084321074632,-1.5162222966646297,0.6771430679854342,0.0685941974082603
3118,cosine,1.075943525290886,0.9636578807928649,0.0896930439252836,-1.0400550819161996,0.0251658790351016
3119,cosine,-1.0453392721731092,2.6024186619230383,-0.4842933230654673,-1.3018956708227645,0.0416597907181334
3120,cosine,0.2,2.566625836113076,1.115750507415025,-2.4823179065658234,0.0097894149707318
3121,cosine,-0.2,2.206438412550982,1.379557761950347,-1.75637446759595,0.0125520352497151
3122,cosine,-1.6470156151623612,0.947555432015644,0.8019342170736565,-1.568187536949874,0.0391174732021415
3123,cosine,-1.4204324467608989,0.7770314478556448,-1.1574576899595934,2.3143786717911192,0.020379878728684
3124,cosine,1.329913261958481,1.4467954151498428,-0.7512156263755609,1.0481936211498697,0.0746482984213726
3125,cosine,-1.5691498206698764,2.168952430823026,1.208964521315354,-1.2233582616749303,0.069692686271315
3126,cosine,0.2079199067501123,2.948126413940656,1.4650363804708015,-0.4893439499043839,0.0100540831704874
3127,cosine,-1.935808279239609,2.687700093013567,0.3423006823840848,-2.7568841831572763,0.0933106007859604
3128,cosine,-1.830351617726264,2.374286602391064,-0.9915257651216202,-2.412962779674728,0.100760364418978
3129,cosine,1.1324055774836124,1.7222115395360889,0.0648838100696194,2.273427808507364,0.0658832311628757
3130,cosine,0.2,2.682302636175243,-0.8344958100329566,-1.7460562065006853,0.0073984046430134
3131,cosine,1.2505025563903862,1.961064797501018,-0.7267295259426579,-2.548855727343441,0.0755438640569998
3132,cosine,-0.3541656265900794,1.5597429780520131,-1.3739316329239115,-0.3276481662469104,0.0102977441146233
3133,cosine,0.4468874404099066,2.946018941607663,0.1006427628911115,-0.2483604145077169,0.0174443105681638
3134,cosine,-1.6491440226050966,1.5968938809753022,-1.47533632680617,-0.9132188245496572,0.0276979868487729
3135,cosine,-1.9877852542514152,0.5266146639937365,1.2379523480634882,2.6901520275104067,0.103530268226076
3136,cosine,-0.6338281078704933,2.0805690845607057,0.4966765173972303,-0.4402910774533648,0.0287956554144384
3137,cosine,0.4647070321367059,0.9288162176094928,-0.0798631352390095,-0.701705764584843,0.0240239826573082
3138,cosine,-1.4065221533897936,0.898329868088938,0.6744831309690213,-0.1777786257600233,0.0326068898103044
3139,cosine,-0.417613365574824,1.673945367149957,0.0644182818422227,2.839595224559928,0.0192336785665974
3140,cosine,0.2,2.803081876330015,0.9955234414029096,-1.0461962428418494,0.0089992174471701
3141,cosine,1.2715084862409212,0.7671740672703021,1.0955122112476952,1.2020023688287678,0.0262704984629965
3142,cosine,-0.91567499375594,2.7883788239471965,1.2550245337243884,-0.2864188312091271,0.0340459821008442
3143,cosine,0.2756694763956693,1.51247529319575,-1.5647558210704244,0.547790455011639,0.0181921216910378
3144,cosine,-0.4404758736320593,0.6788884069545571,0.4076134392458805,-1.405236248801783,0.0240046603173778
3145,cosine,0.2876941622216571,0.7552491643337396,-0.8951336513202055,-1.1416516772079983,0.0060249613034855
3146,cosine,-0.2776481394056613,1.2031927006397354,0.5056594419105607,-1.111040881224252,0.0068882281697703
3147,cosine,0.78003983310614,2.3702085310611007,0.0120187840443257,0.7918786744079629,0.0228372865044559
3148,cosine,0.2,0.9004626151959298,0.4505926090663976,0.9363306123790278,0.0133606819313862
3149,cosine,-0.517293468671328,2.3608007200689736,0.3954454608785132,-0.3939385300230786,0.0237406187427237
3150,cosine,-0.6843457749300321,2.971957344451688,1.3018316547402726,-2.930505968356293,0.0279859211613234
3151,cosine,0.4091194103891533,2.380419705848845,1.137877394867067,-0.6655597706705025,0.0239156596146114
3152,cosine,-1.6124347774871026,2.368309741610096,0.284283951399457,0.2516648094545326,0.0684977791472288
3153,cosine,1.1244503460156747,1.8154343422399808,-1.237382009182014,-2.879433059710304,0.0250742180787945
3154,cosine,-1.1846511068983636,1.98457196667252,-0.850452507373325,2.059273976219252,0.0497711625457879
3155,cosine,-1.3896959889293763,2.97469038590718,-0.970199972649287,-0.2497072269951559,0.0483026188827963
3156,cosine,0.5431287665578295,2.8550492820051123,1.369317015457975,1.2064039763764534,0.0373530202342168
3157,cosine,1.8715822542736191,2.578661064964728,-1.3327001034948744,2.031135407277487,0.0842162733668849
3158,cosine,-1.7200145346047595,1.0598980216766256,0.4932529484251695,2.7133025678990856,0.0768657040803017
3159,cosine,1.3080598714102427,2.506925341092219,-1.564905760998005,-2.809883176872757,0.0772994383243574
3160,cosine,1.521680353994559,2.709805704631676,1.3241281577598256,-1.1816614633305749,0.0429068569356755
3161,cosine,0.6140084392889968,2.1246247557948794,-1.2908600228943454,-2.1356545159210825,0.0116098298654287
3162,cosine,0.4370531740130872,2.7396033409683547,1.4042368730849502,-1.952862661982283,0.0212849623212733
3163,cosine,-0.3983398126873823,2.153128714222478,-0.3310187027882094,0.9753076530232409,0.0096113606838588
3164,cosine,1.133008231882429,1.2125452073253364,-0.2244552502626691,-1.459393863794955,0.0658145806340885
3165,cosine,0.2331443042035927,0.6343121495074201,0.3188107997416736,-1.575201064815814,0.0048860863186303
3166,cosine,-1.9903706237070795,1.13597954197578,1.123149620316422,2.30366670432423,0.1424626118057001
3167,cosine,-1.2991786176010192,0.9203710513407986,0.7911804377076375,-0.6703437741282485,0.0293081017830413
3168,cosine,-0.2027156858549452,2.035602728792898,0.0426572053986593,-2.663539118547182,0.0036140935446635
3169,cosine,-1.0357563935977003,2.8080458188644637,0.7364192257232123,1.5841844723709304,0.0621327961575859
3170,cosine,0.926975600603321,1.683447233225804,1.2569912552346691,1.1551436997829967,0.0489198585470742
3171,cosine,1.7983234251134157,0.7009133409566686,-0.0119245954192273,-2.898903949964857,0.1051439612798233
3172,cosine,-0.7671288602010158,0.676419355815479,-0.6631123513222286,0.490111344475701,0.0392302244054385
3173,cosine,1.769757609029107,2.0292182839714936,-0.1389838584485669,2.870416441896115,0.0640696509513392
3174,cosine,-1.125455888853839,1.7779406622451086,0.1784868201632878,-0.4194188054302312,0.0625815857600627
3175,cosine,0.9962343432417882,1.1745432129693585,1.0198433866818015,-0.0479446525070819,0.0359470682943031
3176,cosine,1.837039629603704,1.5955371914358958,1.0863090044439638,-0.5925414282461636,0.0323825856612426
3177,cosine,1.9821315123127332,2.733629961477145,-0.2133289753701681,2.7314525264618723,0.1137842645121526
3178,cosine,-1.090335169999871,2.22062018414317,-0.0387416978115668,-1.129549341443148,0.0261332673286557
3179,cosine,-0.221782405664789,1.4513700316096252,-0.1864828258132802,-1.4989299352459156,0.010127937529214
3180,cosine,1.2368633311068191,0.7735392241015022,0.8684851628834225,-2.881897947930308,0.048627015137036
3181,cosine,0.4807563271813762,1.861468553060226,0.1348988033336116,2.463508172035201,0.0169542236232291
3182,cosine,1.435452409280546,1.5088444779239372,-0.4997656249080879,1.7972205799327172,0.0570491706383325
3183,cosine,-1.7249376411427475,1.4944297502892188,0.5715834334008201,0.2708907128183995,0.0771959797275302
3184,cosine,-0.2,2.7520998632445783,-0.392140944643657,2.524260985648744,0.0107378931633914
3185,cosine,-0.2,0.7690459385896014,1.5416249469965693,1.5016911896896683,0.0073234356511948
3186,cosine,0.5733415332526359,1.3039029021337103,0.0224960608631548,-0.5996238764380779,0.0401590192793433
3187,cosine,0.849481769849088,1.5847201796028263,-0.1998650598076741,-0.8439120723629636,0.0478359527689316
3188,cosine,1.891832970976604,2.821860025029087,1.2511367086019964,-0.6485591043389594,0.1067237031968659
3189,cosine,-1.7610792020336803,1.4449138233885863,0.6226209910042839,-0.3165466477394196,0.0676138589464517
3190,cosine,-1.5723705628260485,2.771889309670068,1.086792800902423,-2.4462173587753,0.0807718440778888
3191,cosine,-0.9445212209076712,2.7853624551322627,0.6716976377157748,-2.3990847637132973,0.0301750214573796
3192,cosine,1.2935944870635256,0.9808267082943374,-0.2161799730081526,1.547077948924997,0.0818916928509089
3193,cosine,-0.2,2.958351112214646,-0.0674648017126879,1.8160268695400503,0.0133084823932199
3194,cosine,-0.5887540038649877,0.8297473330590162,-0.9995951965418868,2.245576328337835,0.0321232419704214
3195,cosine,-0.4148285665833628,0.5841191121145762,-0.6778434808211838,-1.4220366443910162,0.0133185985354731
3196,cosine,0.2,1.261470657710015,0.859118404148782,-1.4680069006297318,0.0098275440461589
3197,cosine,-1.6424836897711357,1.369743218711955,0.2941783916114133,1.293314461449734,0.0369161168265447
3198,cosine,-1.3317201097046918,1.0201269677137184,1.5464797063239613,2.4513194095445776,0.0562358265219309
3199,cosine,-0.7166550014423372,2.1959283786776616,-0.5009935556828069,-1.7896374384967697,0.0434514338926086
3200,cosine,-0.7229033397233819,2.7272386074124357,0.7077848801550846,0.1651569782590827,0.0427828971195358
3201,cosine,1.4000786819636586,1.4471703491915997,-0.8444651241763822,2.615851596569505,0.0822179311242738
3202,cosine,1.8554215122616975,1.9026711862201144,-0.6884265531689722,-2.4641973450380927,0.1119658734781661
3203,cosine,1.282877414562301,2.6171040576935063,-0.2172340422500518,-2.3141950475590107,0.0746934122755121
3204,cosine,-0.5657685570267978,2.716343875903129,-1.121455672368573,-0.150872167687099,0.0084029764713525
3205,cosine,0.5276645672198685,0.8874757645529838,-0.8798889681213329,2.844829171802244,0.0303642384014739
3206,cosine,-1.6872452345808338,2.787740842164974,-0.7424542432991265,-1.6818234624839223,0.1168293005328521
3207,cosine,0.6085135554667618,1.032190535225616,0.7049551381019437,-0.5346094309297165,0.0275881951870795
3208,cosine,-1.8835594851075887,2.268642822436402,-1.5167211577598068,-2.227682726380281,0.0765920398454262
3209,cosine,-0.8391047004267902,2.731844296968096,0.3104879468919335,-0.8536964966373288,0.0485795743696224
3210,cosine,-0.8167187725744762,0.5751615316131399,-0.7342957422738965,-1.00280439031204,0.0403078352192967
3211,cosine,0.5306770498373385,2.948079707589597,0.911552257373371,1.329935588713291,0.0255575297366349
3212,cosine,0.2,2.4864030303061755,-0.7190707233888117,-2.4983985386136194,0.0066597837453895
3213,cosine,1.6288582983859805,1.7201581925096694,0.6810537972880497,0.9751720638833428,0.0673054313618781
3214,cosine,0.2850609410901743,0.8755968306836746,0.0955709384097229,2.485266577600457,0.0166345185511052
3215,cosine,-1.2437188745253818,2.850074028426858,0.817899954573313,2.282304432158627,0.0691595849502305
3216,cosine,1.253109466884145,1.6265771553431985,-1.3394719121408836,0.5000018589014004,0.0226276827865089
3217,cosine,1.21282447096872,2.9157296720763326,0.6120484208429664,1.0940257007308007,0.0399647125411607
3218,cosine,1.90337198492665,0.8866447965640394,-1.180069391306804,0.1572953925209357,0.1309416390584885
3219,cosine,1.3928290170014774,1.345732423863623,0.3573521602803999,-1.5611230276240016,0.0829991621825927
3220,cosine,-0.3603584586753094,0.741587424739448,-0.0427856375898423,1.839479133729899,0.0230916198670523
3221,cosine,-0.5596138381735396,2.4427561504747484,-0.7189044469387528,-0.0763038275390113,0.0085632784935737
3222,cosine,1.914754351067999,0.7923108866940782,-0.8674854632573329,-2.2594989771070866,0.0530567302080215
3223,cosine,0.8814431100464977,1.1936391419392882,-0.9520899029935704,1.2704162653077402,0.0185724855147352
3224,cosine,-1.518184795491309,0.8444499944114077,0.5487620777241173,-2.5057365994178484,0.0269391833901829
3225,cosine,0.4940702690629797,1.1168223676795004,-1.5407554125905056,1.794461261617144,0.0361926842655395
3226,cosine,1.1287488776426988,2.6604497338319293,0.2006833120480839,-2.4298614251821444,0.0435693404757068
3227,cosine,-0.2488452285211524,1.1447490626491197,1.2847087783431514,-0.4207641310245664,0.0085362899921485
3228,cosine,-1.390598292556608,0.9923332867947116,1.3763146413084812,-0.228694204375115,0.0308312133316928
3229,cosine,-1.0049343312274202,1.965132941654572,0.3795342481444066,-0.060472066952018,0.071586471014427
3230,cosine,-0.5186205293471411,2.1473090945099287,-1.42308590035683,-2.880620557795149,0.0181628237500524
3231,cosine,1.3510118468675536,1.9492016298870625,0.1110763299566106,-0.6111892280165678,0.065540181682117
3232,cosine,-1.461560622325062,1.476292628994922,-1.4380951765167158,-1.1348754950292304,0.0996482203386995
3233,cosine,1.558739825356663,1.7795516922108248,1.0439823550833245,-1.2731101763782198,0.0299986826524597
3234,cosine,-0.2,1.4545828404908652,0.4503445857511563,0.6838110183750814,0.0136923585629542
3235,cosine,-1.4347540134869328,2.993135683558916,1.3249660275853898,-0.3011391288433787,0.1025316103419486
3236,cosine,-0.2,1.7412078349430566,0.6805677032086308,-1.929018523590711,0.0036798896219359
3237,cosine,0.2,1.8362029132499167,-1.3224734413231096,0.0236778538807076,0.013800099884834
3238,cosine,-1.367350356387563,2.441193530224475,-1.524254454955598,0.538413456269458,0.0746289142320363
3239,cosine,-1.605377904262026,1.6591788520316315,1.035211901983779,0.1135781425979085,0.0383016042935824
3240,cosine,-1.917145893685096,2.595645484795777,-1.4418981810519456,0.3463863096794091,0.0923546873816296
3241,cosine,0.4783191473823081,1.9205820003488252,-1.527665491623554,-2.201917812804349,0.0291195575473866
3242,cosine,1.256267794439537,1.993021161836815,-0.1889196214853774,-0.2659497079847561,0.058049434352749
3243,cosine,1.4231285322416831,1.7725857043687914,-1.4026931957991169,1.1993424392619998,0.0496789492621074
3244,cosine,-1.2858161237641386,1.9391739126675644,-0.5154855767931277,2.524984247071425,0.076412324000448
3245,cosine,1.0606185634995065,2.319521830894913,0.9445513808936384,1.922657244055971,0.0280134175386386
3246,cosine,-1.896035254739366,1.5253674111393272,-0.6655610985766863,-2.4942406730730173,0.108078481069625
3247,cosine,0.2,1.6041095201695736,1.222608165769537,2.643977366097289,0.0136918332638667
3248,cosine,0.4269129149255453,1.1238425045409632,0.5464149512657261,-1.623797589594271,0.0162650968158244
3249,cosine,-0.4242404927109593,1.328766172251213,1.30025033292168,2.0744462123864524,0.0064675599841747
3250,cosine,1.730287540912648,1.4355482324418851,0.8417299866231094,-2.8681377176739256,0.0959513754986327
3251,cosine,-0.852634382347718,1.587993853287847,0.3037835263397999,0.6367630643132749,0.0441227276589801
3252,cosine,-1.7062180135334413,1.5362365902618418,-1.5554727038705765,2.206726036308273,0.0778534435467738
3253,cosine,-0.2,2.013860818420222,-0.0653621522939051,1.1790213651275767,0.0037108633539576
3254,cosine,1.0546267161940586,1.8166363635842464,0.8928872057889659,1.689628334298245,0.0707425082852993
3255,cosine,1.2837367554866206,1.5890965607909813,0.9331952847343876,-0.6044427657741211,0.0693568858403049
3256,cosine,-0.2,1.151022057027604,-0.5947751057167723,2.045914595954823,0.0065973746441752
3257,cosine,0.9179905256809668,1.606101440894816,-0.7450988834959337,-2.758105934697713,0.0522433095005416
3258,cosine,1.8686133530556093,2.18649590245144,1.010027116149053,2.2261689065737365,0.0498427804264329
3259,cosine,0.5638203384974894,1.250145634509242,-0.3267366800794622,-0.2053084253189441,0.0222040054597612
3260,cosine,-0.8655510767548127,1.0390459731399877,1.104231795707634,2.7923857207253526,0.0537754689155341
3261,cosine,1.37937399475882,2.972762086756571,0.7601694476340928,-2.0840284576925248,0.0234293743726975
3262,cosine,1.2165398616344325,1.1156519479527012,0.1538708302657769,-2.6238801813927823,0.0713342100200776
3263,cosine,-1.3095479012639646,1.4591057041590618,-1.3741970066862592,1.9658738486531409,0.06751752413678
3264,cosine,1.3958945313461282,1.9231734573492612,0.033388908422882,-1.4246764716925566,0.0838931985998798
3265,cosine,-0.2,2.091661722734676,-0.9300870667333216,-0.6778303237745869,0.009666954612899
3266,cosine,0.3179342969338528,0.533503855286432,1.18639850159163,-2.602740577858178,0.0165378478852838
3267,cosine,1.592116206152657,1.3737100350350502,0.4970703228856492,-0.4663675199447179,0.0578204664071568
3268,cosine,-0.2840315438630174,1.6156399382095703,-0.2769449326199698,2.927538769926084,0.015214268795819
3269,cosine,-0.8987362638091376,1.400051568320876,-1.1225008818658404,1.056061133759683,0.0519373724097885
3270,cosine,1.469318396481544,1.2225905611833403,-1.5526990260704296,-1.815088203554788,0.035208465442496
3271,cosine,0.2716260573576132,2.6986779167434376,-1.312840305241057,0.9795613505942362,0.0156605528920559
3272,cosine,-1.317819142227702,1.769582147026426,1.174361205734492,-2.2963841747049347,0.0744579358780866
3273,cosine,-1.5112828142737964,1.846158231401562,-1.0275025180372843,1.7320508324113062,0.0287887480684324
3274,cosine,-0.2,1.4604921875092622,-0.6136733032334396,1.997825168407392,0.0078967888178303
3275,cosine,-1.3253800449448798,1.5779902456660917,0.7422191162395189,0.5336300376761312,0.0234624154601545
3276,cosine,1.1696328481610672,1.4797828197471092,-0.809615855381737,2.9701031670523914,0.0667581214318996
3277,cosine,-1.53857049351185,1.9799061045164232,-0.247184722060777,2.5100011886563465,0.0225688191526898
3278,cosine,0.2806410168851641,1.0159833719319038,0.9354760673969348,-1.5715828874149218,0.0048458258130075
3279,cosine,-1.423919670808727,2.6803874313513854,-0.7821369984215154,-0.6374130124209216,0.0897201891322437
3280,cosine,1.426896193767646,2.1620580247327585,0.9650851970417462,1.542924200659522,0.0570500262083583
3281,cosine,1.957013238802848,1.280993162771784,0.5817881996086185,-1.0719807119381628,0.1330527531420219
3282,cosine,1.5790099692117354,1.739011988261466,-0.1011794636071261,-2.599684167088898,0.1049534101241854
3283,cosine,1.6597151386443092,0.8375375472019837,1.3679256123559322,2.310280525965779,0.0911889814852294
3284,cosine,-1.716030135284757,1.4473880821044585,0.1572350270473612,2.7692544647082205,0.0519044359259587
3285,cosine,-0.6540426403991138,1.3179850558700898,-0.7884966088013409,1.100130119650884,0.0451221582507928
3286,cosine,-1.930674280706861,2.055960501182545,-0.1406129668474836,2.9503776214067408,0.0668982334451248
3287,cosine,-1.7579490239730218,2.240665543929256,-0.4766763857928886,2.3535388564769057,0.0331512492352411
3288,cosine,1.7845530798729032,1.1578459298035289,1.1434149800871634,-2.547932358659758,0.1255083645394622
3289,cosine,-1.2150186799439937,1.1928908266127742,0.4375861885995928,2.807288935102612,0.0421454561689068
3290,cosine,1.5920823471083607,2.0443646296439155,0.5144242352221906,0.8979862372705782,0.0615560646282469
3291,cosine,-0.2,2.86490893685708,-0.8228863957308168,1.7442532835504618,0.0090534369074732
3292,cosine,-0.5015332310449896,1.4087489968351672,1.4761298538875085,2.317173244394348,0.0123250320974618
3293,cosine,-0.5723592240279687,1.32080303564083,-1.2124920947421547,-0.6790334075148583,0.0198232315203361
3294,cosine,0.6011246714271121,1.845099330610677,-0.5773174610241812,-2.339487443105192,0.0416738485118144
3295,cosine,1.3824108673507314,2.1816476786176877,-0.8318803251481881,2.7699229575019366,0.0586941077101636
3296,cosine,0.5365053375993489,1.5823205222421015,-0.0425863249686035,-0.3986218553740239,0.0117171245553344
3297,cosine,-1.5295246759593724,1.021077738782009,-0.0544000426286703,0.6560161929574959,0.0402915873121608
3298,cosine,1.704009387825856,1.0346643552445696,0.3977105065747073,0.6322999840153933,0.0506524794556711
3299,cosine,0.3584163448928033,2.155761810275317,-0.0101328160647709,-1.2935329223648924,0.0090512438811703
3300,cosine,-1.943725397375741,2.3709285022928355,0.1004005219591441,2.680952719315024,0.0740078693096175
3301,cosine,0.8616773437060132,2.2670140612339797,0.829709781062844,0.1665047172284581,0.0469441568166633
3302,cosine,0.9559328039822148,2.7406129674363213,-1.2709555188861557,1.1857135981446474,0.0448223980684296
3303,cosine,0.5845057348441984,1.0477112547995902,-0.9164425798878066,-2.5067366345792417,0.0355970208522634
3304,cosine,-1.0367855567045914,2.286062957075937,-0.8038043620437918,1.372155682423351,0.0359782453706446
3305,cosine,-0.6455806246746363,1.7329535726300878,-0.9485559198738024,-1.058426831898545,0.0346723605404999
3306,cosine,1.2755003818759358,0.9467719553885487,-1.0347484461739311,-1.0332698431948264,0.0757407162341248
3307,cosine,-0.2384060588611212,2.5770560589283344,1.5685722252993948,0.8796008751617759,0.0071120696130816
3308,cosine,-1.8830072576416952,2.373672670928687,-0.0514179861706718,2.213916967602197,0.1015283724639022
3309,cosine,0.2,2.9134056225517244,0.5346864944873242,-1.773557559584464,0.0060409713997798
3310,cosine,-1.6317705880318507,2.195344998060308,0.4764672542309989,0.1098948480095884,0.0856752686090879
3311,cosine,-0.2,1.6551924883482665,-0.8160245571297,-1.579082643823795,0.0069647584136924
3312,cosine,-0.5824826363755555,1.974513555029308,-1.25661942858823,1.151667901742698,0.0273012634569705
3313,cosine,-1.088193302484275,2.187695709136308,-1.406865200531239,-2.8555769193314875,0.0612649638455874
3314,cosine,-1.8086361030286608,0.631152768835807,0.2006940353916413,2.893015996556959,0.0905774771604613
3315,cosine,-0.2794573785202714,0.6505401847847926,0.7805873569908033,2.60999599044704,0.0119291929265902
3316,cosine,0.9509965492598482,2.1365008675755828,-0.7732969241171516,-1.2987895319165257,0.0268549584967155
3317,cosine,1.6939839719913437,2.77310523959152,1.0595400777850483,-1.276009187784019,0.0373682797636573
3318,cosine,0.6986975841055472,0.6036990294994139,0.040876958183674,2.199032950315132,0.0318349398251305
3319,cosine,-1.4989248408885407,2.5965306876334666,-0.8507914697870799,-1.0597719384967068,0.0515358584710433
3320,cosine,-0.2,2.622053886694475,-0.2358356159705064,-1.6719873489498036,0.0121919636403642
3321,cosine,-1.4413985802876792,1.356261142630783,1.1227673651493375,1.7237082612367711,0.0615472682385825
3322,cosine,-1.9626274201922405,1.087412463333715,-0.5816940140129088,-0.9899141997288908,0.0705417530026173
3323,cosine,0.2,1.7907713528752538,0.548343561499288,-1.645345823599584,0.0137125169500689
3324,cosine,-1.2510255106227248,2.5316119616216497,1.162276394692257,0.1805594577483367,0.0581868721928708
3325,cosine,1.53501164372245,0.8509848248745853,-0.3293090098270816,-1.8916880255532744,0.0315752242545626
3326,cosine,-0.2413612366157989,2.690635439443787,1.1065666042870652,-0.5430957009331236,0.0075223911227266
3327,cosine,1.4326255205777416,1.0382286146698123,-1.0330313584273805,0.7510448787736732,0.0547416490473423
3328,cosine,1.6174399041118437,1.914734137346924,-1.3874856429620803,-2.3944382681866445,0.110015578737942
3329,cosine,-1.4907885058384869,0.6449535405703497,-1.4992131254970338,2.0823112228775136,0.0713950822146154
3330,cosine,-1.3135464898726124,2.739147319889507,-1.559581834284531,-1.4175902056897802,0.0383144491614933
3331,cosine,-0.2387143149252817,0.7484102264818486,-0.8098186677518165,2.632009441083949,0.0052421950892853
3332,cosine,-0.2322447658057029,1.0049679846900512,-0.7843469061197909,2.268496164696657,0.0120179827754465
3333,cosine,-0.6426621496159131,1.4723822956284132,-0.1358353938139653,-0.5705949466599973,0.0322230460629668
3334,cosine,0.648680144495243,2.884793337323267,-1.1250044105437795,0.4754723818513202,0.0164790063260613
3335,cosine,-1.337484359971686,1.6141940172774851,0.7419381148415969,1.1695261043123697,0.0848960104381985
3336,cosine,-0.2986807420503505,1.891029759503017,-0.3885080347635334,-0.1339060578054356,0.0125899685430099
3337,cosine,1.5699267252134863,1.7651177707364591,-1.518687103154119,0.5636266477625913,0.0461388152753829
3338,cosine,0.2208025145298791,2.958043136551247,0.8276159044724563,-2.2182796925727013,0.0061923266210145
3339,cosine,1.6109364670573485,1.7099082525286462,0.4906420982751913,0.4973037998445822,0.0807309447122555
3340,cosine,-1.2840832614887931,2.478349818067032,-0.0241996961199133,0.6127819884082903,0.0602614048446194
3341,cosine,1.3794201474731214,2.2659883877184983,1.0108353249914432,1.0335980809991725,0.0645608053628595
3342,cosine,-1.368573171797356,0.764413498548749,0.1744627541971419,-2.3109344895725457,0.0879330240697556
3343,cosine,-0.5686211680640967,2.5802062547501325,-0.6771077117723441,2.0764630170057785,0.0221699878360858
3344,cosine,-1.7241737147557852,2.519962888498465,0.8920374886645028,2.254327006013897,0.0854191188785097
3345,cosine,1.4572149778109011,2.114698852066697,0.2930632173815677,0.6421085980700778,0.0832614960293951
3346,cosine,-1.632389302218169,0.5768795670919544,0.8982634350412453,0.8338255676005017,0.0254769794331247
3347,cosine,-0.3760734512541877,0.5704293637114048,-1.2260689037179664,2.6007377610863296,0.0067928559381651
3348,cosine,-0.2742177381687365,2.3583227802756417,0.3294632634653134,-1.711198072127116,0.0044514391707753
3349,cosine,1.9038753107508928,0.9352741734735466,-1.368234652675851,-2.397804044348496,0.0824794098671343
3350,cosine,0.7772144349368877,2.09193226874374,-1.3820146344754063,-0.3560686588478923,0.0277285064223303
3351,cosine,-0.8639556682600835,2.766801758538992,1.4691392953489508,-2.1812191329901687,0.012608013892261
3352,cosine,1.894945876817283,1.1042011043455515,-1.3306025742227203,0.4240525930014378,0.0405662377494145
3353,cosine,-0.6527293623202528,1.4714032708064126,1.0690128600126825,2.616311315076196,0.0290673675445252
3354,cosine,0.2,2.7321231996579924,-0.2305381170199036,0.3151940173863381,0.0101120405881942
3355,cosine,0.4366194973556152,1.8778906527361223,1.29773490776878,-0.011047194464095,0.0294093029169281
3356,cosine,-0.2,1.006868799244192,1.1960198469397998,-1.7327540275810849,0.0041505013425667
3357,cosine,-1.2905920223816332,2.060594811787528,0.448274181283653,-0.0039407532551414,0.0378402101868012
3358,cosine,1.241825499785266,2.3670807064558086,-0.585488998385456,-1.9980837344668012,0.0262325784686755
3359,cosine,-0.2,2.6343183650533506,-1.3330143792788398,-0.0451861143864946,0.0063125072893762
3360,cosine,0.2,2.531289948264595,1.2436539532118225,-2.813671056116033,0.0133532576963204
3361,cosine,-0.2402985279982434,0.5124082774704831,0.9699699364257204,-1.4018525243531517,0.009611230130793
3362,cosine,1.901022397904068,0.5443648482944194,-0.8753460244433087,-0.5959855984916542,0.1310381038518645
3363,cosine,-0.5115549069861403,1.632317093946153,0.9998992043381888,1.3070399737178209,0.0092261890205862
3364,cosine,0.916778924952118,1.643253757136784,-0.5872204141643056,1.868068719410754,0.020749435961526
3365,cosine,-0.2,1.126009383455586,1.0265134501258864,-0.1170548183501667,0.0071864556061133
3366,cosine,0.530517670715728,2.651716214489464,-1.5173754747976254,2.1036703466013726,0.0118062774303779
3367,cosine,-0.3298084202217439,2.8110886497843204,0.7238039102783689,1.2686326031444146,0.0163787849210935
3368,cosine,0.7893822990743469,1.6358372533837224,-0.0635401389576224,0.9623152936450156,0.0213201865441158
3369,cosine,1.145541858006181,2.102208747206596,-0.1275719097679988,-2.8132935860622386,0.0509742851414402
3370,cosine,1.3382850525575316,0.7597240394163944,1.0112162493187649,-1.7305316362072145,0.0600646489366492
3371,cosine,-0.8685833254518687,2.8408208522832243,-0.218921897354041,1.701586021156734,0.0172793040944386
3372,cosine,-1.20443423210892,0.908359461094956,0.0571053486561154,0.8949988913167077,0.0569129959405248
3373,cosine,-0.8447860962663998,2.2447914294575564,-0.7408779861952653,2.0286667437728703,0.0399269063206056
3374,cosine,0.7854411782191582,0.7418626776365342,-1.084007304618604,-0.6044107487710706,0.0219877289133285
3375,cosine,0.8489525598799044,2.2945455582295,-0.3233783181749103,-0.6395284830485668,0.025664993233076
3376,cosine,-1.7042713470500055,2.190106984198986,0.9801090307669996,2.771911998421924,0.1098067007772184
3377,cosine,1.5620870956097457,2.242872662676042,1.5526407939801965,-0.772367804393518,0.0435007863826456
3378,cosine,-0.3069630659439961,2.3285201466054293,-1.1916676409712952,1.294488212452551,0.0086805351890402
3379,cosine,-0.5790041189044008,2.234588185448953,0.3198902294755681,0.9425969639502236,0.0302743733300617
3380,cosine,-0.9415234748623696,0.6636979517195472,-0.5328515234288183,2.241423557516298,0.0639870230922028
3381,cosine,1.3821185600413748,1.6844788082112694,0.4089551219643854,2.922311486855196,0.0349990412821402
3382,cosine,-0.929681834104802,2.83496956934036,-0.7531115613655741,0.8328365593379012,0.0457992195062972
3383,cosine,-0.2,0.7388790622854747,0.7253550861683364,1.6380452494357662,0.0035481492881555
3384,cosine,0.8146458081286627,1.33670747493181,0.190279961646079,1.5062038488449483,0.0146447246947328
3385,cosine,-1.5555041805430578,1.59064613827328,1.2035037330917429,2.773538049534217,0.0926115468963339
3386,cosine,-1.663479183185295,2.03931802381807,-0.940245048015849,-0.1574825802383044,0.0617089382481395
3387,cosine,1.3476475719865475,1.7297908336773131,1.0596300828060468,0.3602569610412285,0.0351632843561408
3388,cosine,1.1972486852776356,2.707871894500636,-0.1683734794302362,2.6874972085829265,0.0436798594377942
3389,cosine,-0.9324707327462765,1.185432965745553,-1.5382991457704478,0.7926982221980556,0.0287727449239916
3390,cosine,-0.7941716633124636,2.581262861519364,1.1632046797221265,0.9182410165437966,0.0315531351592774
3391,cosine,-1.3412496241278462,1.1814256477715852,0.5879830694065937,0.3084350310082486,0.0391640309716698
3392,cosine,-0.4565159374808711,2.4389922283558816,0.6908653893548773,2.2079114017725807,0.0138218978535203
3393,cosine,0.7321217591222897,1.5678418977083366,-0.5393940789845266,0.6550631866739813,0.021906373617998
3394,cosine,-1.8003921561718377,1.5150875720856636,-0.9078765408061032,1.0870682308783524,0.0527935226292339
3395,cosine,0.5129330727908767,1.7798835701225806,-0.9959424531924496,-1.7193326802743183,0.0273747818536005
3396,cosine,-1.0704997820892497,1.3373373258482868,-0.1350786879266636,-1.213904983022399,0.0295730980746205
3397,cosine,-1.5927480837817654,1.0405269639904249,0.902946754110447,-2.5426961994082258,0.0314153548265866
3398,cosine,1.0366790097810772,1.2478263501004612,1.5451104232888606,0.839690530129916,0.0604354508886455
3399,cosine,0.7870687427618273,1.581357861649913,-0.336699223608905,2.611454174395508,0.0380426801135638
3400,cosine,-1.8572252185430016,1.2229248743139014,-1.1786431711899503,0.4635826375206107,0.1215499950050133
3401,cosine,1.053501402163787,1.524003513952685,0.4912810739387616,1.5221544636013418,0.0402390846743194
3402,cosine,0.2335587599032997,1.105868238080369,0.965500471231965,1.5567063313297682,0.0136946407302262
3403,cosine,-0.6907823462349367,2.5394516492331425,0.3039078074883996,1.998969685157058,0.0425657441499262
3404,cosine,0.3821590331509639,2.3015197530497646,-0.8801824004265838,-0.2738178452148254,0.0058011420586714
3405,cosine,-1.5174032471540817,2.496226237705845,0.9863859736946964,-2.986464541185563,0.0645561009073331
3406,cosine,-1.5587060707175993,0.5261525262709966,1.173065957687237,1.315193527613561,0.0843246884695054
3407,cosine,1.851121596458949,2.303521272057295,-0.0280074698047212,0.7863049203319159,0.0619573047556138
3408,cosine,1.3883837508982673,2.0762637562475903,-1.2776468052043413,-0.330394343250568,0.0847543676081045
3409,cosine,1.2561199251622064,2.3324313158629018,1.3844964401193312,0.6666741495256368,0.0538662471387224
3410,cosine,0.8551954586403507,1.5870082029455004,-0.1635015636639678,1.9131813688892736,0.0218350304657073
3411,cosine,-1.8857324274203608,2.733163651892246,-0.0138311890586133,0.1419174881209848,0.1000785934677462
3412,cosine,-1.27497623045975,2.7114214868604005,-0.9479607629490606,-0.6773600566616889,0.0491271267203031
3413,cosine,1.7124562088727182,2.695785482466435,-0.715385111305441,1.7254918300612987,0.0939535179201117
3414,cosine,-0.7865346172238978,1.972977738599467,-0.5246885568566027,1.1478453137259752,0.0378404899743793
3415,cosine,-0.2,1.2082302535245844,0.3965384665714127,-2.4610886766865088,0.0031135767188676
3416,cosine,-1.6358982898493282,1.4265669300940718,-0.9268063045690036,-2.7741432958788748,0.0712428461013119
3417,cosine,1.9987065958178676,1.5904564496551992,1.3926493938993163,-1.482024672145264,0.0536885590574325
3418,cosine,0.8840877596524681,0.990292953303164,0.9485404342690642,-1.1790077272997874,0.0356146050890213
3419,cosine,0.8194495171387706,1.9332213063958716,-1.0603053783983878,-1.9175458673511807,0.0395104302305462
3420,cosine,1.7469388732673463,1.2697195689692191,0.6381820553976567,-1.0193687721231406,0.074602786286514
3421,cosine,1.275143024915251,0.8586101604811978,-1.442041611292633,-2.535465519987588,0.0312426126213992
3422,cosine,0.2,0.7689808903456042,-1.151404731204338,1.876428746677897,0.0040851975837808
3423,cosine,1.6278034903005911,2.541863074853068,-0.5655073636978147,2.4030329122264344,0.047955169291736
3424,cosine,0.3500739252035196,1.2680082934790835,-1.5303932455464424,-1.0965616524567436,0.0056950440269018
3425,cosine,-1.4602697238414004,0.5331954600762485,1.1890540831527194,0.7944615875971373,0.0456511834602687
3426,cosine,1.0090009975347938,1.67578482855321,1.0344925053775738,1.705653019563722,0.0582247495918266
3427,cosine,-1.2292952771229846,2.470371561109502,-1.095547913133449,-1.3745559874275453,0.0859543477149555
3428,cosine,-0.4851281254171318,2.9308251622894845,0.786167207705597,-1.9509233807747035,0.0221281785617718
3429,cosine,-1.7917580496081098,2.652821048282369,1.2532108969606348,-0.5188694187205076,0.0871733714042743
3430,cosine,-0.3207418933308985,0.7184607597750693,1.1239262036340163,1.1275815732174124,0.0167630583464864
3431,cosine,1.3121676098767685,2.744248849087336,0.5080893494556848,-1.059853489872765,0.0395835229373529
3432,cosine,-0.7959991435047495,1.7014101055475197,0.810222203581267,-1.9652857930272485,0.0255700391765412
3433,cosine,1.4085949942877098,1.1637732552059086,0.9297756087972742,2.248431315839869,0.0566152588063678
3434,cosine,0.3649981737753118,2.260788872666181,0.4172035357079913,0.9472860285704474,0.0177490874551788
3435,cosine,-1.7271305334848872,2.402676256991045,-0.0271033068353754,2.4822668702820154,0.1094093904170636
3436,cosine,-1.3122396860325911,0.5661456873685101,-1.5405231145592566,-2.323660654463245,0.0225133273383541
3437,cosine,0.6808148378117775,2.0438693499544507,-1.503865804290936,-0.1305367007627182,0.0320711343770758
3438,cosine,1.4929533156787946,1.1805088760978897,0.6764993263031291,2.7564421195044826,0.0465171008539959
3439,cosine,0.576566649066292,1.3861214889256843,-1.5497091166343753,0.5436691238160805,0.0110006688854688
3440,cosine,0.2998219209601958,2.946313415671286,-0.0697663509828652,-0.4508247823376576,0.0140838432445918
3441,cosine,0.3265911439742179,0.6643003600801607,0.4400840364107079,0.1806963627038205,0.0178392999752473
3442,cosine,0.9422485993866684,0.8996473199153137,1.3558536866711433,2.051077366417693,0.036674054514235
3443,cosine,-0.9830883556275438,2.7720654200820687,1.5688108038758743,1.9935398505764568,0.0628600848618911
3444,cosine,1.4179888863189525,1.2477472771660572,1.3676203097841109,0.7188915685362862,0.0335206305807778
3445,cosine,-0.6405867006283685,2.759610599653296,0.0005259922424336,-0.0363269171504199,0.0241720527025351
3446,cosine,-0.8617939408609718,2.8090992075134604,0.2368153951598381,-1.8530968193930573,0.0262375709907613
3447,cosine,-0.2050378260908378,1.4110938373191677,-0.8091055545769289,0.661125036907853,0.0066056745372445
3448,cosine,-1.1355282275917338,2.540945406954682,1.1978256306640218,-2.930980892967867,0.0421232101779984
3449,cosine,-1.8782686144461809,1.6187700035625572,1.5030802571714328,-1.225923724683963,0.1332336144512802
3450,cosine,-0.4988279000953732,2.5479383775714344,0.2240263973166427,-0.3191846828246061,0.0320244017173714
3451,cosine,0.2568328760174849,1.3458689402660722,-0.6003220939309677,-0.9151937585603678,0.0092132075555302
3452,cosine,0.862779589233416,1.047944655048703,-0.35465461494145,-2.4538188142007105,0.0478805698930822
3453,cosine,-1.386306073161819,0.5724034494096254,0.6990503127587324,2.5025086573851345,0.0760604694283411
3454,cosine,-1.8251988119417528,1.6424221059670725,0.0746669343565116,2.9840079162661173,0.0661720191751562
3455,cosine,-0.3100201970912462,0.8986144066879255,0.7689834909293847,-0.4960216009353706,0.0130262499479166
3456,cosine,0.2,2.9294548402401417,0.7651543805466767,1.0545120153300136,0.0080955421563784
3457,cosine,-1.873522908827636,2.985414292818375,-0.4338182025410957,0.4591318079667781,0.0492058927200368
3458,cosine,1.2195300161559262,0.8828102037918011,1.2374905707850892,2.588777162616603,0.0240186632112234
3459,cosine,0.7674041892316126,1.628458304396226,0.3616964323596698,-2.1942565522828783,0.0179810699625225
3460,cosine,-0.2,1.0522867360070314,0.7195561245198574,0.5813856687872656,0.0042645236862943
3461,cosine,0.7911654236705901,0.7447439396662798,-1.304470512029411,-2.6517300468662484,0.0484099597028917
3462,cosine,-1.0604781446182154,2.7151349114759893,1.4347181496503416,-0.7504375955527323,0.0577220759260375
3463,cosine,1.4390570159055676,1.7358727406703376,0.8412423618040195,2.8047305085556653,0.0377318851806102
3464,cosine,0.51653544377502,2.2221670788645733,-0.3992753902126802,0.81869150077722,0.0262753345013437
3465,cosine,1.1266571826144005,2.288111538868214,0.0424446537070906,2.898470481132353,0.0760536075292562
3466,cosine,0.8857516243039365,1.6144201109602438,-1.244437948073048,-2.391996002962957,0.0183251189420599
3467,cosine,0.2,2.373431712162426,0.8884655674188622,-2.624777508869236,0.013385653325587
3468,cosine,1.126602269296765,2.3218894902882576,-0.0107848497382188,-0.0138926659863547,0.050245594610124
3469,cosine,1.7470966357673543,0.7610496395244544,-0.9681880936040798,-0.6668931232161004,0.0310257048999218
3470,cosine,0.8331480930530439,2.636961017157186,-0.3585901118246646,1.1186316102626197,0.0324654369462631
3471,cosine,1.6271718094222627,2.533013504881202,1.5123598927991404,-1.3002465408880348,0.0869675996222783
3472,cosine,0.4963237752138809,2.993947698135734,-1.5674049764873423,1.165302874004893,0.0230964097005451
3473,cosine,-0.4794228459454368,1.107251082827139,1.0129521332504057,-0.4414780869355788,0.0225817226443302
3474,cosine,-0.2,2.2123081895715586,-0.5534393299971199,-2.278393656845457,0.004183161598411
3475,cosine,0.3962470624018661,2.66436912587848,0.9331701296428876,-0.9362073804487804,0.0160786676065347
3476,cosine,-0.2,1.817872114002832,-0.6036691757552605,1.5874840364466491,0.0031610875833698
3477,cosine,1.95317776171244,2.724422380500782,-1.2682760917395024,-0.7594900026522406,0.0307813074353045
3478,cosine,1.3707665392317572,2.2533658296674925,-0.7565020594436674,-0.4208155613537361,0.0958145310462381
3479,cosine,1.3856459884711092,1.6701552718019737,1.2928494120997538,2.238700800202277,0.0878728430353426
3480,cosine,1.8078295858100863,0.9610009803358356,-0.0807091353059088,-0.6612852095414059,0.1063985552700839
3481,cosine,-1.4355730815476728,1.2580636690763347,-1.461394976637015,-2.165774919113213,0.0288271097522736
3482,cosine,0.3471096027169875,1.8184312456449756,1.3511730606861527,0.8222321146240215,0.007372199362924
3483,cosine,0.2,0.7365372738151597,0.916867597828352,-0.052220735751046,0.0101271149918225
3484,cosine,1.0715616978466258,1.9362012941343996,-0.8322518451527854,2.808054560801411,0.0645232635603402
3485,cosine,-0.3081206514641432,2.243556966764795,-0.0884100263232212,-0.7283964216756789,0.0132487355692507
3486,cosine,1.2018461307250403,0.5350612419143931,0.5466231183100971,1.9135296442105572,0.0512456099325863
3487,cosine,-0.252579829309095,1.8706233935014964,-0.0266707688972818,1.351506197943536,0.0137522440409253
3488,cosine,-0.6633436440862646,2.3191868141560503,0.5033228579315887,0.22534117778109,0.0443275774740981
3489,cosine,0.8432809963011803,1.2450046537728643,0.1043666429394589,-2.866002351232833,0.0444121918651213
3490,cosine,0.8569313117565032,1.8719344620901672,-1.1906413638806204,0.1181246142697927,0.0268443986068808
3491,cosine,-1.9649316080418455,2.5283224161446665,-0.041205293390665,-2.989580470250374,0.094249062518215
3492,cosine,-1.895816330895132,2.325515038089671,-0.6176450280424189,2.73403459679816,0.0305386508833335
3493,cosine,0.9703959908413772,0.9445753166027308,0.4946236500706655,0.5717865749657802,0.0182347089572064
3494,cosine,-0.8696632852919897,0.7026121638558929,-1.4396307172878915,-0.347933770261057,0.0339108116958489
3495,cosine,1.048536970390788,2.7239737118835885,-0.5386147378410717,-1.172317550223458,0.0609500048304606
3496,cosine,-0.6115112459252234,2.90293622372802,1.3897900731191952,0.221647498650146,0.0227033583154747
3497,cosine,-0.2,1.6133280064688158,0.001320850472702,-0.9948491765896268,0.006486375205926
3498,cosine,1.0129720785357716,2.2912608472444003,-0.5514069273421791,2.388116182371,0.066545967349157
3499,cosine,0.81514952450978,1.9587628342354688,1.3991647814779884,-0.941380279974236,0.0456994417913777
3500,cosine,-1.1953476366837863,1.324843299614375,-1.4500034229416072,1.5052818169953266,0.0392726106102452
3501,reciprocal,-0.4386978369233278,5.188910352339647,-0.3406513283880779,0.0,0.0278352405797652
3502,reciprocal,1.758665290273922,9.088326764151418,-0.2668791172914178,0.0,0.0049619383630285
3503,reciprocal,2.800960824249909,7.460405228356474,-1.371084487392137,0.0,0.0074886574849614
3504,reciprocal,-0.3762799108606911,8.041420139204053,0.5546552899157349,0.0,0.0011274729463093
3505,reciprocal,2.018476643901572,7.979031229866964,-1.182531897484553,0.0,0.0055637486399798
3506,reciprocal,1.5313026327642607,5.170307350632356,1.880038571996418,0.0,0.1105651444061529
3507,reciprocal,2.0858628190731885,6.854659238264049,0.4396517579735093,0.0,0.0058686497156388
3508,reciprocal,2.214077669783413,7.734643945207166,-0.0407151501138569,0.0,0.0130735668469538
3509,reciprocal,-0.1,6.620243172485804,-0.6662872887178732,0.0,0.001
3510,reciprocal,1.0665303272693318,9.072617469589735,0.4819267968344518,0.0,0.0015980593407227
3511,reciprocal,1.4429511263327282,5.314182483912352,-1.6064381973196171,0.0,0.0522299531599345
3512,reciprocal,0.2150808522710914,9.038965232477338,1.435858352711636,0.0,0.001
3513,reciprocal,-1.3274256787176533,9.73222648678056,-0.849030049840938,0.0,0.0022509363575393
3514,reciprocal,0.4039277721138266,9.347328321227394,-0.5895973855347574,0.0,0.0016458343770539
3515,reciprocal,-0.7492799105518948,5.473401060842129,0.3020758717244001,0.0,0.0187877142946012
3516,reciprocal,-1.4316451420516756,9.854063397891569,1.385034396228821,0.0,0.0038651597887045
3517,reciprocal,2.248920092612554,5.497347033275709,-1.0461918026352943,0.0,0.0163358803157894
3518,reciprocal,1.3065618344714205,5.850315715683011,1.9501839588072785,0.0,0.0256827142997968
3519,reciprocal,-1.243360525497086,8.769561774309707,-1.1015173215844172,0.0,0.0015803258850797
3520,reciprocal,2.212287104787971,5.597781097344569,0.8596406064518245,0.0,0.0175968253084041
3521,reciprocal,-1.0144831335601747,6.916138429863436,1.4705280917200652,0.0,0.0087436798731477
3522,reciprocal,1.5436875987601528,7.657807139893353,0.7584759983451632,0.0,0.0081153414124647
3523,reciprocal,2.918720602303023,5.151590325780195,-0.0099578636066155,0.0,0.1627681907750811
3524,reciprocal,0.5846972725336554,8.498204023345568,-1.976849029852016,0.0,0.001
3525,reciprocal,-1.927723038450764,8.892748875376906,1.9965139774482676,0.0,0.0023366033142076
3526,reciprocal,0.9842567423397076,5.846807897716449,1.2994288597224155,0.0,0.0079310235285798
3527,reciprocal,-1.9115284372911403,5.332175790192056,1.1831354923861634,0.0,0.0868318921076625
3528,reciprocal,0.8403391748678763,7.3093244011980865,-0.118966770725966,0.0,0.0060357479934292
3529,reciprocal,0.436408846127077,9.743111993946062,-1.292785663013749,0.0,0.001
3530,reciprocal,2.5891288351845176,6.069121891375901,1.2229456965155094,0.0,0.014667414606277
3531,reciprocal,-0.821841875942356,9.18660179727298,0.3405180566112897,0.0,0.0031172931910365
3532,reciprocal,-0.8843733699453837,9.173088538036836,1.0827629585005751,0.0,0.0013207536417127
3533,reciprocal,-0.1,8.609815687647654,-1.4015088418053856,0.0,0.001
3534,reciprocal,-2.707118953698998,7.486544391284649,1.0815443064680008,0.0,0.0208399578529125
3535,reciprocal,1.5992157572135746,5.351550833483887,0.9140709439477313,0.0,0.028944245534986
3536,reciprocal,2.861830521615139,8.263136223758403,1.0521867927064803,0.0,0.0044264019702102
3537,reciprocal,2.4294492448393408,9.75622979471921,0.5248900647718999,0.0,0.0038096163409202
3538,reciprocal,-2.6052180501836286,5.842970262567098,-1.7366439170551673,0.0,0.0257208219742914
3539,reciprocal,-2.3066729890030038,9.481537352256929,0.3796081700142304,0.0,0.0045010866383148
3540,reciprocal,-1.9482649898612283,5.776252954313099,-0.4318798203553213,0.0,0.0322661804337105
3541,reciprocal,0.8299318009223402,5.150222948836325,-1.2219381053749938,0.0,0.0233055982673878
3542,reciprocal,1.4268840738649615,9.853143644883264,1.019775823341062,0.0,0.004415464312663
3543,reciprocal,1.973985647240644,8.156347098579221,0.0916840742838647,0.0,0.0026642075108717
3544,reciprocal,-0.8061321921812992,8.687197143299299,-1.425429950169666,0.0,0.0021633485920794
3545,reciprocal,0.3790504613919934,7.8618765776886175,1.357119748883702,0.0,0.0019894756339406
3546,reciprocal,2.036399441647287,9.533295474413707,-1.2549884326657033,0.0,0.0066563551948871
3547,reciprocal,0.1,5.199474111024092,-1.8965512594631675,0.0,0.0042443557984115
3548,reciprocal,-2.658337034136212,6.568185714847558,1.87290355152941,0.0,0.0190938474495718
3549,reciprocal,1.2674234063459098,7.694981480757533,1.948077824593787,0.0,0.0092717019905008
3550,reciprocal,-2.5271638837293477,9.59490344185306,-0.370717505007462,0.0,0.0096638049398444
3551,reciprocal,2.838558414756521,7.420541020198115,-0.9146929760444712,0.0,0.0171486495614634
3552,reciprocal,-2.1316857418450863,5.442784653028458,1.054825503238531,0.0,0.044326504305705
3553,reciprocal,-0.1414472295215554,6.469020912181337,0.5366329606037308,0.0,0.0010869620831179
3554,reciprocal,-1.6222082789598102,7.558547746204794,-0.7436636101575052,0.0,0.0116895419366261
3555,reciprocal,0.4079759556728026,5.308887116443295,-1.1073909717399175,0.0,0.0189687476927887
3556,reciprocal,-2.414063770711725,9.105360080410202,0.147644900037839,0.0,0.0075116790726186
3557,reciprocal,2.6416196656720805,6.045669542733946,-1.249404745340113,0.0,0.0123076576473005
3558,reciprocal,1.775413107511576,6.476039006735167,0.194669605222193,0.0,0.0068576451711648
3559,reciprocal,-1.2553666496051652,6.3869600427699,-0.4924261500560276,0.0,0.0048257607323001
3560,reciprocal,2.808429804251864,9.224823166054833,1.3629597928723007,0.0,0.0050441058118284
3561,reciprocal,2.3836785830871667,7.079633208995791,-1.3639439833557585,0.0,0.0098682461915325
3562,reciprocal,-0.3072180856213973,5.21991062510883,0.1997347539234457,0.0,0.0104893410462527
3563,reciprocal,-0.4658479100375712,5.33031564910262,0.4024539855299869,0.0,0.0204884992205607
3564,reciprocal,-0.6661494641731336,6.257538778591588,-0.3295724642856812,0.0,0.0083502311933896
3565,reciprocal,1.5143904662045315,9.965472566096878,0.9513572858761288,0.0,0.0019529742207442
3566,reciprocal,-0.752198469818449,8.85272263699607,0.1877419122932653,0.0,0.0035086167251905
3567,reciprocal,0.3748712858656988,8.115450849759,-0.1988716825557475,0.0,0.0019853495085778
3568,reciprocal,2.96191625905532,7.358660331727427,-0.4701868311356745,0.0,0.0192692443890795
3569,reciprocal,1.0639717996999387,8.907423830279418,1.9879117588156985,0.0,0.0033668884734938
3570,reciprocal,-1.979694180590534,9.092263480117266,-0.1849761198253112,0.0,0.0020598114656394
3571,reciprocal,0.8994651916703096,8.593236397878547,1.9996407617022276,0.0,0.0034264204481168
3572,reciprocal,2.485879181830152,6.497050584797041,1.0732348939724532,0.0,0.0194600430394779
3573,reciprocal,-2.4218801439591537,9.30623114925726,0.3362580678328508,0.0,0.0057071729486951
3574,reciprocal,-0.7672970148106337,6.648087636489088,-0.4188758146351734,0.0,0.0060917680192467
3575,reciprocal,-0.7356557241840553,6.277977261406376,-0.5350434293700292,0.0,0.0079520552672582
3576,reciprocal,2.561357645421068,8.495733308506326,1.58689829784716,0.0,0.0032514721431154
3577,reciprocal,2.760603581688136,8.334362169035597,0.1436418127223562,0.0,0.00875520675117
3578,reciprocal,2.6322754940270494,5.402612868446726,-1.2698110794500468,0.0,0.0807525092026105
3579,reciprocal,0.4443704848184708,6.060656531566342,0.5290196960266855,0.0,0.0059536202547916
3580,reciprocal,2.6615834076580587,6.476303177865997,-1.4282625221296263,0.0,0.0086667388682821
3581,reciprocal,-0.8237808602049457,5.132466167322073,1.4357823521602031,0.0,0.0510966019790584
3582,reciprocal,-2.8939384147065006,6.60774454604951,-0.5918592807235865,0.0,0.0190642971573732
3583,reciprocal,0.3291335081444018,7.161030780681207,-1.1874188949806084,0.0,0.0021325740408858
3584,reciprocal,-0.5840821916113779,9.14664345430322,-0.2502514055623015,0.0,0.0020003626570917
3585,reciprocal,-1.3181637096693808,6.448829633498669,0.0658610092397111,0.0,0.0051637412550821
3586,reciprocal,1.2102378532573272,8.208150857704977,-0.4643829159599844,0.0,0.0069159856459334
3587,reciprocal,-0.7997603418956523,9.419006150394774,1.1870830751006642,0.0,0.001983109815813
3588,reciprocal,-2.394135118892589,9.3278087640086,0.3949541253828319,0.0,0.0059309708850721
3589,reciprocal,2.0164840282403844,5.253805338898404,-1.5155563889600376,0.0,0.043931550023062
3590,reciprocal,-0.4115593196598439,8.723711815121431,-0.0012389670943706,0.0,0.0017686746683628
3591,reciprocal,-1.4700072015543628,5.867992403170804,-0.4287183859081698,0.0,0.0175614747506374
3592,reciprocal,-2.5372787610273946,9.251575139232418,0.7279858013577076,0.0,0.0092301909576525
3593,reciprocal,1.050306484198397,9.678242951695324,0.1118131919510823,0.0,0.0020180139703229
3594,reciprocal,-2.066823173723459,8.380982451340676,1.2943067713438752,0.0,0.0042297911822084
3595,reciprocal,0.3386838283811322,5.2069845687402285,-1.4429114585118938,0.0,0.0182474076274698
3596,reciprocal,-2.966898618963726,5.288242135493551,-1.233344374406498,0.0,0.0798475113237419
3597,reciprocal,2.587620654370564,7.376429649073116,-0.6865743534080928,0.0,0.004590926334613
3598,reciprocal,-0.7744788099022246,8.502652980823989,-0.8271650776166024,0.0,0.0036010257357033
3599,reciprocal,1.8432486847543297,9.118244109069192,0.7195581022252555,0.0,0.0080149383139757
3600,reciprocal,2.1028224231101014,7.907135260797933,0.4660322857800953,0.0,0.0078791478258387
3601,reciprocal,1.5545566569626752,6.527957180013384,-0.6785470695722191,0.0,0.0087181772221362
3602,reciprocal,1.6992972513933573,9.098651556865716,0.4220688087920292,0.0,0.0019921785259574
3603,reciprocal,-0.139043052684392,6.988781562587611,1.9948872936150883,0.0,0.0013467816072484
3604,reciprocal,-1.3701164823409635,8.327370523488128,1.504204506377549,0.0,0.0052101314774758
3605,reciprocal,1.2707220496102094,5.712774302312838,-1.744317704747011,0.0,0.0188847895393014
3606,reciprocal,-2.161407904055685,6.681245717193161,1.8769168863078345,0.0,0.011963139957308
3607,reciprocal,0.2383093101200097,9.421273440822905,1.6476766043695292,0.0,0.001
3608,reciprocal,0.8853298214580301,9.96025037619846,0.8252440226495508,0.0,0.0022998283100627
3609,reciprocal,1.5759553428294115,7.029408775657872,1.6124440054454592,0.0,0.0090883160453098
3610,reciprocal,-1.7117271588523255,9.01116333539721,1.9390073914916568,0.0,0.0058787946336817
3611,reciprocal,0.6235033627612951,5.297267872147592,-1.4383484904347288,0.0,0.0283382501599614
3612,reciprocal,1.637649525986319,7.365011226881039,0.6392080462092631,0.0,0.0105903083266781
3613,reciprocal,-1.437710151668991,8.167900213831869,-0.2751414265984908,0.0,0.0078212724166969
3614,reciprocal,1.3498516150472917,9.55654977806355,0.8623327113746728,0.0,0.0022875366137278
3615,reciprocal,1.438146310946422,6.83205440388249,-0.7371298519794807,0.0,0.0079363163290602
3616,reciprocal,-0.951583428154394,6.5685494829821005,-1.4243955190657211,0.0,0.0045910246204317
3617,reciprocal,1.6304681691923495,8.004026555257441,-0.2956890420693119,0.0,0.0072311483615501
3618,reciprocal,-2.520929369598372,8.238826356629756,1.6186486200488297,0.0,0.0147956483500199
3619,reciprocal,0.7390240393230183,9.270404417869996,0.6804691420942235,0.0,0.0018201282137312
3620,reciprocal,0.269019194968628,8.175487055221632,0.1568373567393903,0.0,0.0014255163230449
3621,reciprocal,-1.994800405124181,5.900886153757697,-0.4843916166387338,0.0,0.0258779803235818
3622,reciprocal,2.3663666974329622,5.282680826266731,0.5930404295164688,0.0,0.0345323071709294
3623,reciprocal,-1.622766858476768,6.437113820384491,0.1356565447448758,0.0,0.0142206987311256
3624,reciprocal,0.9124864523346092,6.670110524437806,1.3605487881498195,0.0,0.0066867778621186
3625,reciprocal,1.9295012854877065,6.3540475146372986,-0.3230939755320334,0.0,0.0096928709796955
3626,reciprocal,0.4108722986373667,9.354623628493869,-1.289217110816463,0.0,0.001602356781214
3627,reciprocal,-1.905498988560588,9.57683780438616,0.6868483907387111,0.0,0.0027225858116829
3628,reciprocal,-0.7297489095966272,5.683423914286748,0.5775038113570079,0.0,0.0040910605156358
3629,reciprocal,1.5557987703080045,6.051889545861249,1.6981156049379669,0.0,0.0156426687268354
3630,reciprocal,-0.123396879565341,5.532431108129008,-0.5645082896785198,0.0,0.0026021736385252
3631,reciprocal,0.4865898512696502,8.75118961356709,-1.026712862204194,0.0,0.0011029426936315
3632,reciprocal,-1.834959960478678,8.90027247793461,-1.3386943650850085,0.0,0.0029325038396582
3633,reciprocal,-2.2035935606283985,7.101765938336884,1.9121411241320527,0.0,0.0105768557671286
3634,reciprocal,-0.2800677657473587,9.710748559843143,1.0287640120742374,0.0,0.001
3635,reciprocal,-1.139133160265941,5.192818113051904,1.7858349314893551,0.0,0.0277953532189609
3636,reciprocal,1.7751983852299285,9.07718479604632,-0.6995015541242515,0.0,0.0026939271948141
3637,reciprocal,-0.1,8.651622689375666,-1.1656133593877145,0.0,0.001
3638,reciprocal,2.403817260755217,6.370014092800436,1.508248527421423,0.0,0.0103768771132964
3639,reciprocal,0.946927234835429,8.062142192505576,0.3237581880087221,0.0,0.0059526349299397
3640,reciprocal,-2.8063722523778014,8.089512318239677,1.4531942289705104,0.0,0.0108593950382531
3641,reciprocal,-0.9301337975075876,5.386634432774537,-1.9069415535406256,0.0,0.0350951511809687
3642,reciprocal,1.6819612001119504,7.455623216188068,0.966040585752197,0.0,0.0081512800864865
3643,reciprocal,-0.2428322846174424,5.9062318732375605,-0.6242604253119048,0.0,0.00139624825289
3644,reciprocal,0.9422443844340512,8.096911299687177,0.3748907141609909,0.0,0.0015827410008778
3645,reciprocal,0.1,6.194071292557817,1.119677037512444,0.0,0.001039678443407
3646,reciprocal,-0.9134237112781562,9.558522531746624,0.322800633756291,0.0,0.0018796935622004
3647,reciprocal,2.041186080520136,8.450075496726361,-1.918564114466791,0.0,0.0063863963006792
3648,reciprocal,-1.9144764786283528,5.799337737999456,-1.0672611537801826,0.0,0.0339334143615935
3649,reciprocal,-2.41072921595816,9.005494418640636,0.9794455096413536,0.0,0.0069024965535217
3650,reciprocal,0.995438903837802,8.65503826313891,-0.0468291398513178,0.0,0.0037432907153282
3651,reciprocal,-1.0508003576401357,9.231785998216314,0.7355018185539799,0.0,0.0020372223706513
3652,reciprocal,-1.8874196169276696,6.9273640225318935,1.036455036284237,0.0,0.0121758869420236
3653,reciprocal,0.2187798255387179,5.147273151890352,1.3008952118034824,0.0,0.0109412422295101
3654,reciprocal,2.826043974842392,7.220426885383382,0.8660501169306296,0.0,0.0110256043604708
3655,reciprocal,-1.2744711080574955,6.20122893499809,-0.9375861939973588,0.0,0.0200203291785137
3656,reciprocal,-1.6028401040231537,9.742604037456635,-0.8030728261706797,0.0,0.003615785195952
3657,reciprocal,0.5645877140218962,8.627684923507925,1.5591655351206972,0.0,0.001
3658,reciprocal,2.622092686143069,5.555237398759347,-0.6375932922178897,0.0,0.0576360742426585
3659,reciprocal,-2.8428929705688954,8.221833360135197,-0.2964165057234984,0.0,0.0132013983200665
3660,reciprocal,-0.716624726931208,5.577491199313713,-1.7076466833118804,0.0,0.0177216156619958
3661,reciprocal,-2.029183405397289,5.838180599582426,-0.0744742108038614,0.0,0.0283596066540969
3662,reciprocal,0.9795765485739212,8.036921986255201,1.8629957395167691,0.0,0.0033382134294698
3663,reciprocal,2.4412106862573437,7.323089244647328,1.4198464671262734,0.0,0.0049138602975782
3664,reciprocal,-1.1636796811116652,7.594252487152544,-1.55408033021354,0.0,0.0036524169398391
3665,reciprocal,2.8601899416532834,8.26928859896077,0.5193890797697311,0.0,0.0051612530722876
3666,reciprocal,1.2449138218242526,5.136497548116613,-1.5352768469273117,0.0,0.0503887315038056
3667,reciprocal,-0.4607084607309035,7.953828817063556,0.4824297569205544,0.0,0.0012335762785314
3668,reciprocal,2.72889052079539,7.583622790451806,1.7950066157296454,0.0,0.0118786156530034
3669,reciprocal,-0.3274052091893269,9.90678131224687,-1.4312228878458542,0.0,0.001
3670,reciprocal,1.8297345467563453,8.146632307350101,-0.9470915356618784,0.0,0.0098633957418785
3671,reciprocal,-2.2019907873893856,9.813957351906875,1.7471535178861233,0.0,0.0047337971912736
3672,reciprocal,0.3814341674275416,5.955987692176973,0.1171664304326216,0.0,0.0032870730148344
3673,reciprocal,-0.5179826801412077,9.900235720198303,0.5940221970655073,0.0,0.0016325940746348
3674,reciprocal,0.9794369989615124,6.364729900221048,-0.3715187620570099,0.0,0.0071168413276981
3675,reciprocal,1.2529827548131216,8.238139556763226,0.3458980447626394,0.0,0.0038290907989375
3676,reciprocal,-0.5618737883736715,5.750540353444365,-1.7691841951846667,0.0,0.005401637570986
3677,reciprocal,-2.920570125247681,8.401472901750289,1.9271320284554283,0.0,0.007394528234069
3678,reciprocal,-1.021069124825138,8.135901315473282,0.8129952510895895,0.0,0.0027812177560156
3679,reciprocal,-2.8115671191101583,7.257677727637314,1.3740111059869209,0.0,0.0215239738900406
3680,reciprocal,1.3717051866296457,9.013670527005154,0.3928901545868921,0.0,0.001473250996293
3681,reciprocal,1.5243122412457986,8.031088205962762,-1.061275383559844,0.0,0.0075461027740177
3682,reciprocal,-2.28929089388314,7.27919565289284,-0.5406293667090507,0.0,0.0187167423388551
3683,reciprocal,-1.7053040836250817,7.336473756253357,-0.4827129201148201,0.0,0.0034390705545616
3684,reciprocal,-0.1937398539718353,6.640284027357655,0.5021853079549929,0.0,0.0017280986786927
3685,reciprocal,2.037842566941375,5.895459746688992,1.625467829022447,0.0,0.016545424505357
3686,reciprocal,-2.214742298621238,8.351293629963527,-0.2205561105088929,0.0,0.0087981012466602
3687,reciprocal,1.9194875184509588,9.985265725458731,-0.6729695647081133,0.0,0.0031902784455494
3688,reciprocal,-1.046449539397195,9.162064525244237,-0.752214024687091,0.0,0.0043270611628108
3689,reciprocal,-0.5144980056881714,8.01828325661366,-1.9786533909959072,0.0,0.0011331414823238
3690,reciprocal,-2.584732310688989,8.441701340054362,-0.482331866482399,0.0,0.0115740810328237
3691,reciprocal,-1.223620601332088,8.95430251227526,0.3476056292639407,0.0,0.0036540482428995
3692,reciprocal,0.2929245862800425,8.219166122675613,-0.3735751386521415,0.0,0.001
3693,reciprocal,-1.5579103526770892,7.302304587092125,0.1884829832160477,0.0,0.0078636220825436
3694,reciprocal,-2.2124822531976225,5.212274818436117,1.2590582264526071,0.0,0.0492658937802342
3695,reciprocal,1.3756090938715904,8.338375329356964,-0.1799303936258405,0.0,0.0020594891043209
3696,reciprocal,-2.8224346834405827,9.084379910503658,-0.2799560361124023,0.0,0.0030512605906822
3697,reciprocal,-1.319532283167388,5.280975130633984,-0.9551318404828196,0.0,0.0609991595761058
3698,reciprocal,2.036600646151351,5.624521279659014,-0.8422555195032357,0.0,0.0385317193937187
3699,reciprocal,-2.2977499784120683,7.259044666812708,-0.5830382623086807,0.0,0.0171065108797887
3700,reciprocal,-2.4804004036567404,5.901678912230142,0.2602392527890602,0.0,0.0174479506877017
3701,reciprocal,0.3779746970160103,8.792777333433587,-0.2913684545649162,0.0,0.001
3702,reciprocal,-0.2728406386491029,6.857048104945856,-0.3836828348100298,0.0,0.0013961407716445
3703,reciprocal,0.8760783186030263,5.753281011137554,-1.0084742211326594,0.0,0.0048921152392711
3704,reciprocal,-1.032775357481157,5.446213914129993,0.4868471854327691,0.0,0.0202271622348337
3705,reciprocal,0.7128486333690836,5.833651954251225,1.591295439790291,0.0,0.0056028565820974
3706,reciprocal,-2.476498196095325,9.47996888327626,1.2861438590823877,0.0,0.0051677531024916
3707,reciprocal,0.7652418272967099,6.120159524644567,-1.0506907574861093,0.0,0.0089337185712334
3708,reciprocal,0.282054061929025,8.852255219964547,-1.5641083280432366,0.0,0.001
3709,reciprocal,-0.2296330667972039,9.67732494590857,-1.6314970212278346,0.0,0.001
3710,reciprocal,-0.5700094212481224,6.313761157848271,1.3078001406916244,0.0,0.0041309733992122
3711,reciprocal,-1.8035416689487316,6.732595747501994,0.5956053662040275,0.0,0.0158528069663255
3712,reciprocal,-1.992660491188967,9.98277149489003,-1.5902633481896853,0.0,0.0063585644040528
3713,reciprocal,0.3907808673056738,8.359001294698546,0.9378697624947794,0.0,0.001
3714,reciprocal,0.1242770242828568,8.450428599791511,-1.4891220701578587,0.0,0.001
3715,reciprocal,1.5021601165300176,7.38223945098739,-1.1347241151482803,0.0,0.0112678026795709
3716,reciprocal,0.5908679868856415,9.679120610865644,-1.3028633962372158,0.0,0.001
3717,reciprocal,1.82419182731272,5.191284097064846,0.6291448532862023,0.0,0.1167099706790533
3718,reciprocal,0.4444515206381263,6.371031618867763,0.1690449511800911,0.0,0.0047421701593203
3719,reciprocal,0.5741662471763673,7.748127915601021,-1.3661146684041745,0.0,0.0035770062790022
3720,reciprocal,-0.981043447588605,7.319117388186697,-1.0449860561631494,0.0,0.0022288375200717
3721,reciprocal,0.6020178762784458,8.446642043305538,-0.5921583661245173,0.0,0.0030376224012678
3722,reciprocal,-1.4590218519672415,7.962221968062312,-1.814746737312369,0.0,0.0024897123228784
3723,reciprocal,0.8243820586345119,9.771436868900391,1.026305018192006,0.0,0.002920554820339
3724,reciprocal,-1.6419260100315276,6.147844947251316,-0.525832847578874,0.0,0.010829584899655
3725,reciprocal,-0.556216162980185,7.980535787801766,-0.4360181376637158,0.0,0.0031425433042548
3726,reciprocal,-1.605323546547626,7.081971011630025,-0.8219004052856942,0.0,0.0127963466433157
3727,reciprocal,2.138545722286489,6.393788636562256,1.3762213336457458,0.0,0.0137666687108774
3728,reciprocal,-0.3372033509884855,5.259964175217161,0.5835628926594563,0.0,0.0084399449815734
3729,reciprocal,-2.874663228822493,6.874231163801467,0.7786644574972308,0.0,0.0254868654226513
3730,reciprocal,-2.130177409645121,9.60824006979042,-1.0980141440721771,0.0,0.0039571735602055
3731,reciprocal,2.7617126919668067,8.098719286893767,-0.8115114742033436,0.0,0.0144794665904997
3732,reciprocal,-1.4847369649199254,9.096574392613007,-0.1541747109571023,0.0,0.004421811705219
3733,reciprocal,2.036329171480124,5.62321910208288,-1.951833007904233,0.0,0.0381752175442582
3734,reciprocal,0.3528490486794959,8.202525588924665,1.937844865869987,0.0,0.0018363207406597
3735,reciprocal,-0.6086973577616366,8.134867359514672,-1.8845563882569525,0.0,0.0030924502472598
3736,reciprocal,2.612888108483098,8.669628659604422,-0.8972686405192909,0.0,0.012022866389682
3737,reciprocal,0.1,6.979230100768209,-0.8891420505519103,0.0,0.001
3738,reciprocal,0.1,8.40674938612297,0.1990924958536504,0.0,0.001
3739,reciprocal,-1.0235896952674486,8.109619276539366,-0.3249915309785693,0.0,0.0030892687234332
3740,reciprocal,1.6788643426847578,8.864156529437308,1.154644086933324,0.0,0.0032793180530941
3741,reciprocal,2.718262447474249,7.618764307848598,1.820504566480289,0.0,0.011821861140728
3742,reciprocal,2.843041413096857,8.803510836322229,-0.8363772461887047,0.0,0.0090689577693426
3743,reciprocal,-2.6323731668893857,8.10307519243826,1.736371992508959,0.0,0.0063958270792929
3744,reciprocal,-1.1294750310080035,7.524404456162189,0.0334654555933626,0.0,0.0018040464551748
3745,reciprocal,-0.8482440058750744,8.539605067805585,-0.7364488308726171,0.0,0.0042295717552366
3746,reciprocal,2.6155827624870955,5.934951062087039,-0.1052449963043313,0.0,0.0181792564806129
3747,reciprocal,1.0948375206774204,8.834638271191483,1.6619608844068647,0.0,0.0024215583382473
3748,reciprocal,0.9851023126066076,7.316073631293285,-1.3665600049432882,0.0,0.0084141358121142
3749,reciprocal,1.786381477193724,6.548777231522513,-1.2243673867237796,0.0,0.0138240584452309
3750,reciprocal,0.4573241445342191,6.379050606019626,1.9341101982706368,0.0,0.0062480896257925
3751,reciprocal,-0.2439633207778477,6.52953026849497,-1.5161687461813709,0.0,0.0013059619189182
3752,reciprocal,1.179783598500796,5.208566064605368,0.5332967274820666,0.0,0.0473101995583287
3753,reciprocal,2.0151883308808003,9.789370845037778,-1.5189475947018178,0.0,0.0062049436183551
3754,reciprocal,-1.6029017442635909,6.979686239347243,0.7423712781143701,0.0,0.0142855023145301
3755,reciprocal,-2.3208173533437098,8.276551193498488,-0.2574556548919484,0.0,0.0057086261297596
3756,reciprocal,0.8045225970136025,8.42609868520368,-0.7887353662478511,0.0,0.0019279169558883
3757,reciprocal,0.1,9.98409899183966,-1.9977010720229136,0.0,0.001
3758,reciprocal,0.2739222062236877,9.567371163967952,0.6187099358143797,0.0,0.001
3759,reciprocal,-1.9383099277982003,9.753263149802072,1.2556999131035695,0.0,0.0071308668808641
3760,reciprocal,-1.6951804982651977,5.620460380701514,1.6247511047252523,0.0,0.013348994988021
3761,reciprocal,2.3723446770584644,5.182069037033047,-1.9489024136755448,0.0,0.0355521223512976
3762,reciprocal,0.5210593588460712,7.604006241975311,0.3307700941138023,0.0,0.0027493498918452
3763,reciprocal,-1.0356779079935203,6.397098198569585,1.998510750089828,0.0,0.0125073185921121
3764,reciprocal,2.0121827476742933,9.681008035812049,1.131600017939835,0.0,0.0037454181319201
3765,reciprocal,-0.4468584734146246,9.428557817251448,-0.6742059529240003,0.0,0.001491963509499
3766,reciprocal,-2.6165628772809315,8.993789374803782,-1.7219851476432355,0.0,0.0042584880286948
3767,reciprocal,-1.255667159131003,7.549558023166547,1.2272337795430022,0.0,0.0058955519478868
3768,reciprocal,1.5058885714868977,8.922611767837532,-0.6858367801373348,0.0,0.0051630287022455
3769,reciprocal,-2.530473660564288,9.796348462729116,-1.7027816030487566,0.0,0.0028363781467712
3770,reciprocal,2.91261329039688,5.951506191204379,0.3672309109253167,0.0,0.0281169923059229
3771,reciprocal,-2.081140078321853,7.244417642557703,-1.3198760481332663,0.0,0.0105591601090681
3772,reciprocal,-2.9349686544646745,7.934686310416048,-1.9445715552754392,0.0,0.0185180998314068
3773,reciprocal,-2.6696736322987435,9.74721419778181,-0.2858700446892763,0.0,0.0089605100950257
3774,reciprocal,-0.386749998326072,7.927182280318247,-0.459599001120373,0.0,0.0023884803955577
3775,reciprocal,1.8485083042735464,5.452184971528775,1.9419309537693048,0.0,0.0229106331183858
3776,reciprocal,1.064215961387772,7.736635963368545,1.1887988279730028,0.0,0.0036052786986089
3777,reciprocal,-1.8543364868656824,5.661783482950792,0.6606988766438726,0.0,0.034269565183884
3778,reciprocal,0.1014749649173012,8.736661772016276,-0.8063749454998841,0.0,0.001
3779,reciprocal,-1.2997901428299492,7.2685721570570845,-0.0980392183153311,0.0,0.0084617384604725
3780,reciprocal,-0.2709427970921263,6.422785420559479,-0.4376464356200649,0.0,0.0018817487830374
3781,reciprocal,-0.1,6.046916033339288,-1.951985697828325,0.0,0.001
3782,reciprocal,-2.823766032264703,5.314378441965731,-0.9201609618786616,0.0,0.1128578180091112
3783,reciprocal,1.1899992269400883,8.685602363069174,-1.9604348941863967,0.0,0.0042647813058753
3784,reciprocal,1.086144272193832,5.690155836599509,1.5643279868156843,0.0,0.0145844464017551
3785,reciprocal,-0.6002737922622878,8.531814092263538,1.845794271688522,0.0,0.001414877573034
3786,reciprocal,1.6188895033376545,7.800937513076979,-0.7115888339685252,0.0,0.0036251059397069
3787,reciprocal,2.827295707675593,9.200896802031023,-0.2475291735794482,0.0,0.0034016383145832
3788,reciprocal,-0.1,8.803238840338317,0.6444561536833793,0.0,0.001
3789,reciprocal,-1.2077290559395153,8.84699550573146,-0.2241297426578716,0.0,0.0037901015066861
3790,reciprocal,2.6707644812144595,6.77604953905702,0.0894054780330169,0.0,0.0248127921769412
3791,reciprocal,0.1,6.032064884204802,-1.147601214270804,0.0,0.0014030626296783
3792,reciprocal,1.1362919558688027,8.781986008917448,-1.629353478944224,0.0,0.0018800026789607
3793,reciprocal,2.5348360360674995,8.495187319748482,0.4932031262527814,0.0,0.0128770850650974
3794,reciprocal,1.0018674012711282,8.524711796522697,-0.1266902498340845,0.0,0.0026180388206986
3795,reciprocal,1.9525358929977528,7.675731955504847,-0.4919166528823839,0.0,0.0075694622075938
3796,reciprocal,0.1380094348235139,9.015568948689182,0.7394956194115814,0.0,0.001
3797,reciprocal,1.6559055063720534,7.536579843396304,-0.2929838505790632,0.0,0.0031151255829683
3798,reciprocal,1.315450718752503,9.647808143664884,-1.445945125822559,0.0,0.0033736442942643
3799,reciprocal,-0.1828850050894717,9.307231725947483,0.2452207610550729,0.0,0.001
3800,reciprocal,2.95572757387874,5.142774986703041,-1.8064928301504768,0.0,0.228300218733768
3801,reciprocal,-1.8248975362066224,9.232995069834658,-1.5942064772830324,0.0,0.0065027085484096
3802,reciprocal,-0.8308846774013263,7.104474315207908,-1.9469731846218483,0.0,0.002789404669564
3803,reciprocal,-1.3861006424474704,7.204099126331347,0.0552273036429569,0.0,0.0095345779993491
3804,reciprocal,2.467873329241108,9.396867628722628,0.6184495735859477,0.0,0.0057909019419635
3805,reciprocal,0.9561026758712644,6.820424483084004,-1.4797236979437969,0.0,0.004009311068104
3806,reciprocal,-1.377138278118651,8.112339734873633,1.092095218473863,0.0,0.0052076670914776
3807,reciprocal,-0.9965193159367596,7.144022351894719,0.2453851253759009,0.0,0.006959695413416
3808,reciprocal,2.511297200185941,9.89807317908618,-0.8968216705250995,0.0,0.0069123847159157
3809,reciprocal,1.3812718111076938,6.233139712344332,0.2230781281725606,0.0,0.0097114751379107
3810,reciprocal,-2.143400328721849,9.425779016580854,1.9101365680111004,0.0,0.0023584571291045
3811,reciprocal,-1.6228802078667268,7.4321582818929395,0.3929060741635544,0.0,0.0101577567893763
3812,reciprocal,-1.3031913432344189,6.311926735474412,0.8268148855434854,0.0,0.0188829941775623
3813,reciprocal,-1.82380270202666,6.793404542606536,0.2773845113669795,0.0,0.0044008752707249
3814,reciprocal,-2.5993189457304067,7.248091856277342,-1.9968173347839036,0.0,0.012416925658277
3815,reciprocal,-2.0660727951459927,6.386607902809026,-0.9569438714590066,0.0,0.018213187432607
3816,reciprocal,0.575838009260556,8.328384423097685,0.8412735016323469,0.0,0.0010193852631431
3817,reciprocal,-0.6351671627991196,5.776075716212435,1.7233711839517056,0.0,0.0081908937750615
3818,reciprocal,0.1,9.302898696084238,1.7214703237253328,0.0,0.001
3819,reciprocal,-2.782388131915301,8.364865609109936,1.686764861521164,0.0,0.0070924162970013
3820,reciprocal,-2.619996444533988,8.242724026781874,-1.848727459222845,0.0,0.0074168875101534
3821,reciprocal,2.3199013974448164,8.222799664484487,-1.593623413572408,0.0,0.0087451609311499
3822,reciprocal,1.4357914490388255,9.036972067236128,-0.2590478481741614,0.0,0.0028904290321412
3823,reciprocal,0.7264799410393579,6.743465850920245,-0.8846537636995162,0.0,0.0079430675858213
3824,reciprocal,-2.5468007737725875,8.073733322764207,0.6652867866805683,0.0,0.0161933992712042
3825,reciprocal,-1.2883050726760286,5.260577443314901,-0.2255958791376366,0.0,0.0189577673003737
3826,reciprocal,0.6400551627734155,6.870770399335328,1.6342802923769884,0.0,0.0047434508646483
3827,reciprocal,0.1562425653137014,5.14939233693627,-0.3026866253544913,0.0,0.0119941534765345
3828,reciprocal,2.202988321752493,7.256608393393643,-0.0020074411876067,0.0,0.0142369478436094
3829,reciprocal,1.825185976459376,5.282883908759361,0.4408829204572217,0.0,0.0819101430732973
3830,reciprocal,2.409569673475362,6.093406749731006,-0.7860597853448903,0.0,0.0160107172001389
3831,reciprocal,1.2545107045007944,5.778462589230793,0.8919629444602517,0.0,0.0170157107120875
3832,reciprocal,-0.4934183615581258,7.906907195657443,1.8121125842466363,0.0,0.0022297521465659
3833,reciprocal,1.785635195170948,7.145982514041963,-1.423027753684285,0.0,0.0097120796673798
3834,reciprocal,0.2673867704714352,5.643902804472777,1.7397733903444834,0.0,0.0056498976767518
3835,reciprocal,-2.443117978753388,5.191869564382914,0.3362795924031152,0.0,0.1061082901954282
3836,reciprocal,-1.8931600603356145,5.667206546233291,1.7520418053253182,0.0,0.0207806137261559
3837,reciprocal,-0.4691528914754448,9.77262368365869,0.3521625076253314,0.0,0.001
3838,reciprocal,1.7970862397189888,5.3950725196467575,-1.9435008294993552,0.0,0.0427498609669968
3839,reciprocal,0.7615121744548943,5.642680054646866,-1.5884441513832068,0.0,0.0165576836580295
3840,reciprocal,2.2647803901995767,7.241803490084749,-1.3500811067553573,0.0,0.0075720351984366
3841,reciprocal,2.5068877453716665,8.612283339836877,1.7707784698868347,0.0,0.0129080835702373
3842,reciprocal,0.4028721954184604,9.13645713748937,0.8999452004452713,0.0,0.0010077148683694
3843,reciprocal,0.3247441883904685,9.633714687089336,-0.0718079850078554,0.0,0.001
3844,reciprocal,0.2678629035613262,6.791853199325907,1.2610899553179062,0.0,0.0010221920812903
3845,reciprocal,0.3236872092324891,6.5195436974566405,-1.614745457056765,0.0,0.0037365402302794
3846,reciprocal,1.988187870867324,9.58675056528353,0.5896124530664357,0.0,0.0057162257285434
3847,reciprocal,-1.0712970660222498,7.006258704421186,0.8552754483668621,0.0,0.0061965953092557
3848,reciprocal,0.5596544075674736,7.365870892783768,-1.588417797176534,0.0,0.0012261641202558
3849,reciprocal,-2.302293245828449,7.274440449169891,1.940684749314523,0.0,0.0061797389696325
3850,reciprocal,1.0869707188787707,5.565707361630029,0.3592212659515055,0.0,0.0137280926373179
3851,reciprocal,-2.0960127450415333,5.789054979492736,0.7008801734913601,0.0,0.036970754609681
3852,reciprocal,0.9501256844332696,7.9763329728366195,-1.0326232838605671,0.0,0.0040436245770586
3853,reciprocal,-0.1859560992704594,5.582421560227146,1.9141027895137244,0.0,0.0048127716203929
3854,reciprocal,2.856781746373345,9.120379788446275,-1.7708332999961676,0.0,0.0075549689561123
3855,reciprocal,-2.0836364563877074,5.589523428105801,-0.2032169811923756,0.0,0.0287250157607993
3856,reciprocal,-0.1,9.547545435107406,-0.4264742231046412,0.0,0.001
3857,reciprocal,2.7467413037870667,9.2374920067742,0.8981680662705438,0.0,0.0098907681338238
3858,reciprocal,1.5470595577395816,8.146364500815942,0.3849688299322937,0.0,0.0059063828468841
3859,reciprocal,1.9104176763981917,5.451229936144647,-1.6154195028627356,0.0,0.0536386229495848
3860,reciprocal,0.4810862592851017,9.991032858933496,-0.1391858635478025,0.0,0.001330369550878
3861,reciprocal,-1.2920925245644577,6.152825995515412,1.5190129001550936,0.0,0.014520792946956
3862,reciprocal,1.4386075241176952,9.89738371380269,-0.5495174406853565,0.0,0.0025103843015092
3863,reciprocal,-1.3091750183550384,6.818399496549791,1.8955587577924116,0.0,0.0056540130784338
3864,reciprocal,2.3119256918226974,7.11700988977724,1.1949399128879206,0.0,0.0186461737037364
3865,reciprocal,2.478582702546756,7.0940035075194325,-1.4118590201671957,0.0,0.0166731661516347
3866,reciprocal,1.0755395777814636,8.737750176765111,1.291509002777393,0.0,0.0011143994790516
3867,reciprocal,0.5557662158091912,7.415889163882207,-1.589433525787853,0.0,0.0041832557489622
3868,reciprocal,1.170588254206848,5.784762155126586,-1.416435011904047,0.0,0.022417986104327
3869,reciprocal,-1.9866076700777464,5.8487372941429046,0.4467434176189715,0.0,0.0263012757638325
3870,reciprocal,-0.4331522914880485,6.20356706535627,-1.2708068864054949,0.0,0.003729371133693
3871,reciprocal,-2.1664914093340326,5.1552668020090096,-1.4023584565678164,0.0,0.1644539202207408
3872,reciprocal,-1.5802536810311394,9.998714586539792,-1.3173652818685184,0.0,0.0029429619063945
3873,reciprocal,-2.444709788328728,5.475838285150328,1.7646026718645245,0.0,0.0239917273046412
3874,reciprocal,1.767663393855777,9.926089278354066,-0.0947673966007101,0.0,0.0038505695572184
3875,reciprocal,-1.3485832304467813,7.952360216205225,-1.1891000942167715,0.0,0.0027468648170691
3876,reciprocal,-1.272763102584625,6.585753274577984,-0.9676913611225912,0.0,0.0150905753310702
3877,reciprocal,-0.2014435133848788,8.899870482627668,0.0157120480131922,0.0,0.001
3878,reciprocal,2.672946611728204,7.482294269113032,-0.873862661739591,0.0,0.007850224293686
3879,reciprocal,-2.9166123397446517,5.331532496563377,1.6717956697766825,0.0,0.0796513479157885
3880,reciprocal,-1.8647584080110908,8.013678840114052,1.3141987066199396,0.0,0.0051935614827696
3881,reciprocal,2.1074538178486257,6.82206855540841,1.904209501067576,0.0,0.0160666175372015
3882,reciprocal,1.0429827072539457,6.495241516503064,1.4501007545680462,0.0,0.00997117114538
3883,reciprocal,0.9083967972033716,7.362987803422438,-0.53104196279532,0.0,0.0074177950610737
3884,reciprocal,-0.7912006213372931,7.505920093467022,1.7306930685366524,0.0,0.0022087212593061
3885,reciprocal,-0.6132523987240548,8.721220258567643,0.1927682853917307,0.0,0.001990405744871
3886,reciprocal,-2.792226266998429,8.404107745316814,-0.8861127781012166,0.0,0.0102564810013316
3887,reciprocal,-2.0234852607844065,8.371966978152964,-1.3607087288917477,0.0,0.007961734570246
3888,reciprocal,1.7170027104523875,7.236185327548771,1.552944342758004,0.0,0.0035429270910682
3889,reciprocal,1.1355664674182746,7.819812686191589,-0.5573305495527641,0.0,0.002087070151987
3890,reciprocal,-1.5202604431238171,5.550509758152613,-1.5000231616189277,0.0,0.0373807098310479
3891,reciprocal,-1.3082029388707272,6.802180254651376,0.3040636197928181,0.0,0.006430703559548
3892,reciprocal,1.7228435614426267,9.500375784703792,0.9049025790405048,0.0,0.0066678940907207
3893,reciprocal,1.9646547545022652,9.162779823716232,1.6483879080281074,0.0,0.0029575945977749
3894,reciprocal,0.71916656183812,5.40219459518276,1.0086236638020547,0.0,0.0107185694986666
3895,reciprocal,2.722914479642528,5.952187092018355,-1.1193763338509428,0.0,0.0118742512379984
3896,reciprocal,-1.1003119377160957,8.310015085949729,-1.8251159875174852,0.0,0.0031469657426516
3897,reciprocal,-2.1556078810847863,6.129627712436378,1.851080088906237,0.0,0.0264149563823477
3898,reciprocal,1.0732019145073617,9.015303043220634,-1.917136133270073,0.0,0.0011052652568981
3899,reciprocal,1.47298090314011,5.4671793611395,-0.8202345715437391,0.0,0.0113266942922195
3900,reciprocal,1.7306922543965806,7.659215333464266,1.3903619896645738,0.0,0.0080964109058291
3901,reciprocal,-2.391504649645628,9.844732926954403,-1.458214460223215,0.0,0.0044766131400217
3902,reciprocal,2.5593765920558447,8.548330432744702,-0.9919367829192643,0.0,0.0042268825700924
3903,reciprocal,1.947318448267341,6.9554188585772,1.8349196394217957,0.0,0.017564266861541
3904,reciprocal,-2.020641567027173,6.9327647271984665,-1.5610395376341448,0.0,0.0134145520174306
3905,reciprocal,-1.4185644162305486,9.155042977059908,-0.7106342652461919,0.0,0.0026251384986813
3906,reciprocal,2.084624312502605,9.618703814223608,0.9804765483958257,0.0,0.0032846458573274
3907,reciprocal,0.9072964158173646,7.97989736486754,0.1719260102347783,0.0,0.004533877824797
3908,reciprocal,1.5901545762778513,6.546701634406418,0.277573820377119,0.0,0.0051057685283367
3909,reciprocal,-1.89200602792087,9.272670806907636,-1.548407169746362,0.0,0.0019092883790508
3910,reciprocal,-0.9132701867490276,6.351425757743202,-0.8406533543551693,0.0,0.0087307521285649
3911,reciprocal,-1.5206216431946429,7.958589658006899,-0.4689676296139198,0.0,0.008391692306016
3912,reciprocal,1.4433329892419966,8.609792494136027,-0.1015609087909439,0.0,0.0019407252573057
3913,reciprocal,-0.6421755380929168,5.562557356304351,1.806503350874576,0.0,0.0155738483744386
3914,reciprocal,-2.2445743216852887,9.290976583913045,1.0955603903026887,0.0,0.005744622900514
3915,reciprocal,-0.6015208214385588,7.220411901962475,-0.7034218128832967,0.0,0.0036943486313031
3916,reciprocal,-1.014451350955418,8.335630712673026,0.6273544678965699,0.0,0.004399725388508
3917,reciprocal,-2.918837604943148,8.196174573706013,0.0269090901156912,0.0,0.0152527514840276
3918,reciprocal,-0.1142292811566338,6.987952355524583,0.9628271140268172,0.0,0.001
3919,reciprocal,0.7650215005813203,9.40533283948154,0.4754321219637285,0.0,0.0014731487568404
3920,reciprocal,-1.6199989693145964,7.325045313898506,-1.864542998286588,0.0,0.0033209416013989
3921,reciprocal,-1.6420599884693037,7.270350338340146,0.3675061956255323,0.0,0.0137005747473002
3922,reciprocal,-0.1,9.333139723069344,-0.9486665491887608,0.0,0.001
3923,reciprocal,-1.2324238356917738,9.566601098628126,1.156341231700368,0.0,0.0026662519898397
3924,reciprocal,-0.8272913720700901,7.35518764526689,-1.3496066553599049,0.0,0.0022191605228751
3925,reciprocal,-1.5377528911021223,8.031905734861677,-1.328888579043246,0.0,0.0034750381775876
3926,reciprocal,-2.1267711101812776,7.310456216876709,-0.7459123315219904,0.0,0.0116886165969871
3927,reciprocal,0.4789852836191075,9.359061969156476,-0.2003260560926354,0.0,0.001661665022475
3928,reciprocal,-0.8674712212829094,5.858749925718364,1.1899033598620656,0.0,0.013038688618246
3929,reciprocal,-0.3136592946550598,8.662437301220816,-0.1962125003708688,0.0,0.0011330801796601
3930,reciprocal,0.3491612335857263,9.343391152682836,-0.318829462102395,0.0,0.001
3931,reciprocal,0.2649493468841637,6.368357354443169,0.9088998210772758,0.0,0.0013667090012141
3932,reciprocal,-1.6877234225332476,5.195134437411891,-1.235518636562336,0.0,0.0923423974035246
3933,reciprocal,0.6256340147112516,7.269415361394774,1.7265816132048846,0.0,0.004776195187635
3934,reciprocal,0.1959943781819824,8.954033525731155,-0.2352461238187655,0.0,0.001
3935,reciprocal,2.579208053505072,5.641774070845049,0.4692038606229203,0.0,0.0521278440149008
3936,reciprocal,2.3134872376327937,7.533357525276328,-0.0460253885567745,0.0,0.0106816205509391
3937,reciprocal,1.3647325161072963,6.334952605086564,-0.560574410290668,0.0,0.0182395835407639
3938,reciprocal,-0.1406284179964951,9.975215848217804,1.373374972966661,0.0,0.001
3939,reciprocal,0.9484368806617892,5.4213433068078585,-1.607119237248968,0.0,0.0149665014631172
3940,reciprocal,-2.4566396776753407,8.901135623437984,-1.818191036830881,0.0,0.0091926541480386
3941,reciprocal,0.2140536425453381,5.8591079852367605,1.0460467150135755,0.0,0.001540067483737
3942,reciprocal,0.2908383077248921,5.333507738581603,0.7381639592511671,0.0,0.0079045791967744
3943,reciprocal,1.2307960409801009,5.994941810778687,1.4582335887614883,0.0,0.0158949601021073
3944,reciprocal,-2.910452660755176,5.254933003068743,1.225141053801953,0.0,0.0656518151627187
3945,reciprocal,-2.443388581909989,8.175601358721401,0.5262721863230251,0.0,0.0126515395304769
3946,reciprocal,1.6798726081433086,5.14727914410919,-0.0931928602486111,0.0,0.055314627976932
3947,reciprocal,-0.8064093858927386,9.551529176178656,-0.2602836627924123,0.0,0.0032331134436022
3948,reciprocal,0.1608477541175825,8.520865123770335,-0.2275737269097519,0.0,0.001
3949,reciprocal,-2.2901546195118367,5.227838231695692,0.6992349473138808,0.0,0.1393161759104408
3950,reciprocal,1.8371063913441408,8.483034745802517,-1.9007529474920333,0.0,0.0081330597752583
3951,reciprocal,-0.2317211785700248,5.185704952763609,0.9523735300978616,0.0,0.0163950696479141
3952,reciprocal,-2.551170228762988,7.749530278335561,-0.2703964013026918,0.0,0.0074830137141084
3953,reciprocal,-1.8554384735556504,6.460880120995276,-0.4167944385654789,0.0,0.0152491653775127
3954,reciprocal,-1.2584372274999067,9.47588065935517,-0.1116736409902414,0.0,0.002132261429324
3955,reciprocal,1.1402386932642194,8.258579214070465,0.4802059759124764,0.0,0.0041767250125184
3956,reciprocal,2.2246263067005883,5.710687337525873,-0.635718283173369,0.0,0.0185711108355774
3957,reciprocal,-2.290466119939749,6.213430686576455,0.522242667839635,0.0,0.0118274388226956
3958,reciprocal,1.1382761514798467,5.305391012763338,-1.3704433390842343,0.0,0.023317102861312
3959,reciprocal,-1.761460154683835,6.402999796511686,0.4035047393156801,0.0,0.0196397549205927
3960,reciprocal,-0.8886273510281897,7.582275689810286,0.9737242429234204,0.0,0.0050030829744771
3961,reciprocal,-0.179327142777371,5.343718461009643,-1.9744241011478687,0.0,0.0055513579993079
3962,reciprocal,-0.9893521699654726,8.48439289547056,1.1192134219808674,0.0,0.0042748086083134
3963,reciprocal,-0.4599849271705052,6.403938086769298,-0.3944801332435004,0.0,0.0051805733842947
3964,reciprocal,-2.4744921273868856,9.796228162903953,1.3529534311309233,0.0,0.0051234055516781
3965,reciprocal,1.2181622694089045,5.44143702329751,0.3328363383250012,0.0,0.0292724757654811
3966,reciprocal,-0.7112559801333318,8.937859242933484,0.384081223092795,0.0,0.0020695966947382
3967,reciprocal,2.173227196925362,5.4074017930392015,-0.2669767484935192,0.0,0.0236635514154487
3968,reciprocal,0.3209941526777196,7.425110875297652,-0.5063434437441288,0.0,0.0022868458151044
3969,reciprocal,-1.5224748094856837,9.255754593911064,-0.3955426333540179,0.0,0.0038420628007934
3970,reciprocal,-2.87794477529138,6.620970473025947,-1.323065854346383,0.0,0.0295248587514667
3971,reciprocal,-1.3920882884765755,7.309539832107458,-1.532849484207207,0.0,0.0040300140850137
3972,reciprocal,1.03827781748549,7.075831212447276,1.5185314013358813,0.0,0.0091744618658693
3973,reciprocal,-2.7285403561477404,8.333058611812042,1.0928535628220408,0.0,0.0045986931334193
3974,reciprocal,-0.7483206489847336,8.70424435496706,-1.88989904969092,0.0,0.0028193977580588
3975,reciprocal,2.5419319246320446,6.624167916193127,-1.6970384797685587,0.0,0.0284108770962105
3976,reciprocal,0.13791147576657,6.145451017459223,1.7054247803028564,0.0,0.0010751045939324
3977,reciprocal,2.1079196546683825,9.17880057835232,1.179504677202881,0.0,0.0038184812304375
3978,reciprocal,-1.528428964809587,6.401819436988253,-1.906683879759676,0.0,0.0129996421931517
3979,reciprocal,2.78059279748228,6.592194911061254,-1.9744430032257203,0.0,0.0124276681125714
3980,reciprocal,1.1504766632126309,8.862263154304133,0.8084607921093299,0.0,0.0055306342430435
3981,reciprocal,-0.617174909884473,5.853644905534935,0.0092657870364667,0.0,0.0107878180559948
3982,reciprocal,2.642927727084741,9.130788266536154,-1.3592840580640932,0.0,0.0082683566573089
3983,reciprocal,0.5206978346523874,5.423443904601951,1.434118721209528,0.0,0.0066045452191385
3984,reciprocal,-0.9342890696503908,6.487076701745614,0.0559366798725888,0.0,0.0068507536819129
3985,reciprocal,1.34837077387368,6.009627182677028,1.3408826872382615,0.0,0.0180550437615064
3986,reciprocal,1.989770085934638,6.858699419583818,-1.1625121817806034,0.0,0.0077699410091828
3987,reciprocal,0.4241114573357665,5.293489582590993,-1.4753640595421629,0.0,0.0142337790939902
3988,reciprocal,-0.1689242822544492,6.750778130112691,-1.9354252145059216,0.0,0.0016513982555549
3989,reciprocal,0.5797988806452565,9.011351495295168,1.958012326849531,0.0,0.001
3990,reciprocal,0.7846589910300583,8.878818657162736,-0.8278446065424143,0.0,0.0034620991328581
3991,reciprocal,2.722277898308654,9.541510598023844,-0.3845126991493348,0.0,0.0086457427575157
3992,reciprocal,-2.425476735160271,8.23427472680596,0.0230235081492149,0.0,0.012184791015316
3993,reciprocal,2.599827758362044,7.462319708799518,-1.8670051027224128,0.0,0.0047717756179563
3994,reciprocal,-1.364605808945439,7.4418738798132065,1.277555679887895,0.0,0.0053645547873315
3995,reciprocal,-0.5908007947549061,5.488846473836189,1.0637100541462456,0.0,0.0057472986692713
3996,reciprocal,0.3401387648447826,6.443527720197057,1.573721628593293,0.0,0.0021816872704111
3997,reciprocal,1.316829955741632,6.375411047495584,-0.9814162885597844,0.0,0.0137180800865863
3998,reciprocal,-0.6828802868105126,6.6731147188408,-1.784930046500704,0.0,0.0031965401275762
3999,reciprocal,-0.5251486917761641,6.122300045151434,-1.287712058764956,0.0,0.0042316250181327
4000,reciprocal,-2.061353995071519,5.733436095263362,0.1505435926371161,0.0,0.0347990593533247
