label,y_0,y_1,y_2,y_3,y_4,y_5,y_6,y_7,y_8,y_9
linear,-2.6861728005152488,-2.55788625628856,-1.9903529809983331,-1.3259045417520663,-0.8939667370116983,-0.3697835509956966,0.0135009392758084,0.7154693722935841,1.1898965911027837,1.5886248864881307
linear,-3.124747875243676,-2.6344886206045905,-1.945079015883397,-1.429697153769769,-0.8643893867367599,-0.3218051827510435,0.3717660467281022,0.8589145312167236,1.4154846400860777,1.994077464156294
linear,-4.293362523101193,-4.343122255356036,-4.416289402358985,-4.476033705414596,-4.536853613952206,-4.588158168301409,-4.6445013521202,-4.710495262429851,-4.773649262665303,-4.832725769410441
linear,-2.0749550686905063,-1.6443077666172754,-1.4331926050620687,-1.063881716368571,-0.7706629278479085,-0.4611104896714799,-0.1101950668788318,0.1430411378536906,0.4791292216137422,0.7351066541187037
linear,-0.6826749946672274,-0.1894588738533156,0.3017640414048644,0.8525735574143725,1.5608296580460328,1.8066190128395208,2.522043083818392,2.735323654703339,3.396324012555946,3.962124477827064
linear,0.1592082938967195,0.2530828974434875,0.3643434446737341,0.446873741264676,0.5289784470649823,0.6259572292907486,0.7238021332880572,0.8362300898765744,0.9271813821061812,1.0290785848800978
linear,2.3761353397454625,2.493845344314855,2.5714058702361338,2.6791627749118647,2.7801552704953423,2.8642042085794763,3.001441054904886,3.0824593690547704,3.194114959699234,3.305479914969749
linear,-2.130421766398067,-1.7640204809347373,-1.496361838312728,-1.1351911161387096,-0.7798810531931303,-0.4143971224343317,0.0053148127598466,0.2882748966147727,0.6639743841684271,1.0978747710498498
linear,-0.0774656786189114,0.3587953429750797,0.9030095603543778,1.49248538923129,1.783565469916922,2.451276473385623,2.931170078835152,3.360478745064135,3.7881929011468127,4.404653268510718
linear,-2.3087906023283886,-2.0634426129236494,-1.734960344720846,-1.2502038163481266,-0.8568446701085307,-0.377088993294931,-0.0281521262012865,0.3243898318469029,0.8015689526634591,0.9831357993280556
linear,6.732501932281706,6.371874184420548,5.69038115890833,4.965138927849178,4.430434715327764,3.993455344571466,3.4665105481568177,3.010465351107269,2.527416135226394,1.6622885470841209
linear,-0.8512447912557454,-0.71770567767676,-0.5931693388211705,-0.4585134876461028,-0.3127168537875739,-0.1989687583978951,-0.0762341740644868,0.0379973337057364,0.1558338954996188,0.301351866620929
linear,3.355730419872315,3.0412419125404715,2.522926854061733,2.074144799142798,1.7044203041446433,1.3364475818079533,1.1966876913995268,0.5502163077956798,0.3062233116119742,-0.2347384754649714
linear,-5.719786451252463,-5.001543264936802,-4.040569182088225,-3.362953309527536,-2.666875432512725,-1.869128181912678,-0.8586611942244265,0.1455747422048446,0.7498648405906713,1.5155810537467802
linear,-1.9948117013457105,-1.949340293103009,-1.9211487062095975,-1.8789070378740864,-1.856029816500864,-1.833587056635852,-1.801192392535402,-1.7438963632654625,-1.709797705789044,-1.6912559998811492
linear,3.7667499618290337,2.857662980679436,2.514089666835561,1.790971433279971,1.2781680981853063,0.6846514532428061,0.1882815304630465,-0.2242683402123037,-0.9884891937228636,-1.4771478821905226
linear,2.910848823070072,2.288243842383324,1.6953045520551309,1.205350323850323,0.2059649065179988,-0.2683812975787137,-1.0157740053080528,-1.6652433720542568,-2.143468787352997,-2.8835447788671598
linear,-5.82947253430123,-4.917502778408036,-4.121920629389964,-3.587644303053943,-2.520749776037389,-1.6806351002921465,-0.3700740042985488,0.2998435025219605,0.5128820794881334,1.4466093645535396
linear,3.1128851808133886,3.047991431346168,2.9902706071571328,2.926953553658518,2.876048095545906,2.814848771673425,2.758762611142444,2.6995344554228367,2.64433916072783,2.5804142505145835
linear,-2.162831930383028,-2.217904436931311,-2.2900754559823984,-2.4094006259023577,-2.483998978517807,-2.5594544187992367,-2.628701773890409,-2.735552078945861,-2.8107162904481027,-2.8833046865182594
linear,0.4471268761932536,-0.084797586380644,-0.6809637356172524,-1.24808050265164,-1.8861181811343335,-2.4241007933666947,-2.988867237540724,-3.63075352944212,-4.214537123943198,-4.825614083714265
linear,0.5069029633034814,1.2720559005907175,1.9153618166191164,2.528649804327884,3.143673359688848,3.794642701090039,4.564880315518216,5.189817461611692,5.866266423953158,6.432923495629743
linear,1.196560017008342,1.9342418509891643,2.5085859358533478,3.059911107552666,3.7032723421236073,4.288447246764524,4.9690592731724506,5.807469007691527,5.721398680745374,6.734257413395204
linear,-3.4909098838846178,-3.196471980482872,-2.917263820058519,-2.741620158612107,-2.44022756307024,-2.218610887671011,-1.96456081700969,-1.7384825413602174,-1.4744052353100376,-1.1899717911666634
linear,-3.478488167813784,-2.6099597461037654,-1.9981488532150056,-1.219710264718144,-0.5901556851397771,0.1857373337723371,0.8507620741485172,1.7568824773591891,2.283807812353319,3.21684601329308
linear,-6.469085777870309,-5.691549613241796,-5.18908850686391,-4.841120355044028,-4.008138643421253,-3.507611343142288,-2.7830675617345007,-1.883290174271051,-1.353294562040739,-0.8822420469845279
linear,-6.137110642108891,-5.193688423774437,-4.271671829578495,-3.562392258328992,-3.2133497955614985,-2.0231102532488543,-1.2657351857299015,-0.4204720956481613,0.5564971913220721,0.7862417302135658
linear,-7.157105381502463,-6.4620904326366375,-5.6645215975681245,-4.989549947627336,-4.133359670169081,-3.350245689286682,-2.6376407569705043,-1.8709000770574589,-1.1019335132179744,-0.4086061793271956
linear,-1.9092560059454955,-2.301205501806308,-2.6029416680533703,-2.884386985364724,-3.2813624286912444,-3.613618769614765,-3.9126101656408503,-4.22313426269104,-4.578134666637861,-4.868291990083927
linear,2.846161018256021,3.1502691871757507,3.4784514509388345,3.983837226554383,4.303379376938725,4.709047382314229,5.135565292384741,5.427250668620782,5.82587242217321,6.201541460744446
linear,-1.5116321388081024,-1.6606910146537406,-1.787951067444692,-1.8254005135560771,-1.9424396867156613,-2.0193536392542244,-2.115227412549198,-2.233301388421212,-2.318730818972184,-2.4359019381206286
linear,1.1911646210167042,0.4009981086566797,-0.5281583012057085,-1.2963078035116242,-2.193154848678334,-3.01927498160992,-3.7849931138199455,-4.835768745997947,-5.620427478059974,-6.471805182696785
linear,-7.265686396692599,-6.572109855812858,-5.817216817034176,-5.160273198848281,-4.7486375201739,-3.914045460365194,-3.482103894607125,-3.000369327847891,-2.342746285381189,-1.854503037974404
linear,0.3703770046323966,-0.548815477344021,-0.8808695493980236,-1.599102112813484,-1.9624232994646515,-2.581042812603527,-3.33134650987215,-3.544937543380048,-4.275197791142056,-4.812343759199464
linear,-4.292985067495913,-3.334584862028174,-2.474458937021526,-1.4266686468655785,-0.9105929257623327,-0.287172861520694,1.0820851229897732,1.651842981559056,2.798453894114332,3.503563224860752
linear,-1.0213458954475825,-1.0114572504021262,-0.9963835524279828,-0.9792707315136124,-0.9691703309174848,-0.9514084376124556,-0.9374460290761653,-0.9217571606702548,-0.9097427063224393,-0.896761918917782
linear,-2.539066353885228,-2.3590614631103146,-2.210650221336989,-2.0750021516330097,-1.904497283876804,-1.7552971338284011,-1.5970419429065852,-1.4352062736692277,-1.2737404832502417,-1.1266417492790974
linear,-1.033289211723036,-0.9876821392281252,-0.8790323501352454,-0.8152602211362943,-0.7192881270642915,-0.6431327674862413,-0.5577632260362391,-0.4811069075848755,-0.3724632914881148,-0.3076385107381192
linear,-3.7934806417822577,-3.8046142480151577,-3.815681878791642,-3.82535651511447,-3.8365340043850167,-3.845704634839697,-3.8588864386850688,-3.867805490604664,-3.879875545867361,-3.889794645338156
linear,-2.508671850577256,-2.800673494348439,-2.9202748203646287,-3.015773446150605,-3.3310177182042158,-3.6022602079516832,-3.783858149889375,-4.100900891101713,-4.271888471185225,-4.48136181591618
linear,1.108289824514164,0.0282980206775086,-0.5957936355099123,-1.352348725850283,-2.6248063440202527,-3.481850440676291,-4.007215318051512,-5.1136094605245415,-5.736310329113617,-6.8921581197442965
linear,6.096453330801464,5.123891702059815,4.309353058972139,3.62055244813921,2.979651311872122,1.9963442120917825,1.5082103000469569,0.6236546925666144,0.0749167364460201,-1.0871575428999585
linear,0.8097655948887047,-0.0088970823291717,-0.7620240674412083,-1.4838745669935565,-2.1558627961130963,-3.120376152483799,-3.541025973042558,-4.288585352661255,-5.0795162500729045,-5.787004697527324
linear,1.3456996650349022,1.7862821676298652,2.2407555295629797,2.700739039659549,3.2077586557728845,3.753081002892325,4.264184076919944,4.718291510754624,5.128208719127382,5.743735490063649
linear,-2.2032403435177583,-2.8049705471760604,-3.595926940167178,-3.939460727651465,-4.438768291874862,-5.159357797587992,-5.545999765737948,-6.338226673873462,-6.472476809523038,-7.033826848625066
linear,1.82194400431616,2.3761322604132245,2.7602122214021803,3.4101840124328024,4.007946433250901,4.143688000650808,4.643615542281837,5.2196092688781,5.826988571334904,5.99802028072016
linear,3.995037159952141,3.512335824112548,3.167920280145048,2.8656143730786914,2.480741570225449,2.219589772951335,1.7937157489058109,1.242779095210299,1.0644310828315924,0.5933993137116587
linear,3.9726179623116873,3.274094129381611,2.479819916392846,1.361001694410903,1.0196690430290911,0.0010142098411246,-0.5105507865397887,-1.5446699491769893,-1.949091624043568,-2.9107515430667634
linear,1.0753107983638055,1.561354225228354,1.9316908868402376,2.371170869767417,2.8037512819172044,3.2034241614904304,3.660976394164651,4.057257032030195,4.486474955613483,4.964012878173901
linear,5.789929083960675,5.134185826057114,4.569643493168068,4.207490287169237,3.742660028043533,3.282446640625318,2.756877316291632,2.398992146236464,1.9290786559393356,1.3333027634677528
linear,2.504835051723949,3.064782280606287,3.6632872793802376,4.048864846125596,4.725440944698125,5.233914283241451,5.934041117925531,6.341845410355538,7.014784742252495,7.371152611118781
linear,-2.42395603764843,-2.8651450498936986,-3.526497257712736,-4.173453544261821,-4.559908377202987,-5.165484152530457,-5.647345598528692,-6.154835252452445,-6.823700849971788,-7.3458107205659555
linear,-2.846954975692221,-2.2047072213603838,-1.6410201475957995,-1.0137759873509502,0.0704012081871003,0.7169631076448266,1.781343619882056,2.1831621477766388,2.9050017398176102,3.540259047238877
linear,0.239150838091909,0.1323068856719699,0.0214024319078737,-0.0483491023545084,-0.1357175673816309,-0.3065693930170143,-0.4150376782701835,-0.5014262483461103,-0.6285006037969014,-0.7005105895595902
linear,-7.77502357321138,-6.883474677274526,-6.06344721200195,-5.207032975339135,-4.317815598935893,-3.5746821995665803,-2.800262517471005,-1.9296445511510611,-1.0517954182535818,-0.3451328052944661
linear,0.4144664377878713,-0.1573530564357159,-0.6230616068538604,-1.2778007071148338,-1.7197897416773746,-2.25595274926249,-2.854296814602923,-3.40194493050629,-3.749402700069573,-4.350175163262113
linear,-5.30813599988263,-4.638984335298989,-3.986617330597092,-3.1897961507964983,-2.6772576826928915,-2.031994199739941,-1.5776173104265552,-0.96938716566294,-0.2377359267427533,0.3377650919773157
linear,0.0372332910284853,-0.6335204960805554,-1.431869541086527,-2.7610205509744183,-3.701278087738884,-3.80378936699164,-4.568264975492583,-5.850188143666932,-6.836222028149154,-7.217551320548883
linear,-1.657911853192885,-1.060765549837943,-0.3786577931942017,0.2310419845890736,0.8166064901425074,1.6273628045857602,2.239870533633265,2.8294080701744626,3.3350694989677434,4.069088962845769
linear,-1.3501513264116336,-0.8122512711132994,-0.2861935184565065,0.2288623816113215,0.6397015463554732,1.2780733637993944,1.7735376530926363,2.2642230935768737,2.9649797541976475,3.49960420393575
linear,5.363728896274053,5.050690185296492,4.643927261581185,4.412807889281594,4.066531121437035,3.655559821378103,3.4093761493277133,3.0825167619959397,2.8757785896054275,2.493780883048036
linear,6.922784350080813,6.107991430657681,5.605176799148259,4.839391576284962,4.089254310542167,3.7294592660096506,3.0455219980008748,2.00703170813107,1.6304369545895114,1.1598403630598604
linear,5.841919362963903,5.3510010811478415,4.952246383880396,4.4764400351918034,4.048921342881397,3.56083947440516,3.0149890259005643,2.475785975131392,2.049209852682583,1.6011396860084717
linear,6.783221024693489,5.897462982669833,5.174861979908514,4.1987015051912575,3.4310905085857493,2.568834082887929,1.4854204523800951,0.7196641626293057,0.1473152138905925,-1.118214715054492
linear,2.576972308005112,2.521217490005875,2.486068813969141,2.3782742187091035,2.367304090706336,2.32984057333262,2.238719399316671,2.195443873232106,2.1365632233437144,2.080906875320513
linear,0.1905136260797909,-0.1568789970284548,-1.1718593273767035,-1.604174211322691,-2.6155012586425337,-3.2904188939102745,-3.9637026467034393,-4.218134496015074,-5.307512769251283,-6.271994055622738
linear,3.566724722474377,3.7214760191312832,3.9097930517101513,4.082831610434708,4.273389556312997,4.4569594482227926,4.56742160634259,4.826033838075945,4.957779264777633,5.124979236424071
linear,1.827773089252469,2.1595953280244005,2.6614178473999863,3.102361625713358,3.5824752752940685,4.050948976703081,4.431251092374956,4.976658434735148,5.391167839624074,5.7349266151321965
linear,0.6298662923630788,-0.0557009857168596,-0.7258377906335391,-1.3553809913149768,-2.2258485345215067,-2.923224828983966,-3.608513995150415,-4.180863635002647,-4.790138866054591,-5.627470509379477
linear,6.60255923755764,5.907386156819565,5.254684440664111,4.4882093876192375,3.965950935083257,3.00326085774326,2.2601922286539717,1.7350951487534316,0.731142193926009,0.2894012178943649
linear,0.6132198360908602,1.2056271300741073,1.5569695703061988,1.9681942180401997,2.4957980410550307,2.9024335618464585,3.380427020995817,3.8984165149915375,4.368358334903999,4.7734613124734215
linear,1.7383815585379068,2.256287444157362,2.710609933298296,2.771035991563937,3.295756914606149,3.6164915456383313,4.085515776049244,4.392576274504291,4.8054905278099085,5.377097681369569
linear,0.1283446078486552,0.1806460388460802,0.2372064435436567,0.2960516706915177,0.3529429674192504,0.3946962230537944,0.4499059065948561,0.4883099257795837,0.5500333007971439,0.6114670216166999
linear,7.26051812272807,6.646225209029272,5.887767443587465,5.152964262957441,4.5370700006882725,3.5690587317944447,3.1864225892742333,2.1503661126660627,1.6442008305304336,1.1603016698380069
linear,-4.880775726240585,-4.228567800400486,-3.340085233792279,-2.7080039574094954,-1.939011611494002,-1.128819939070194,-0.4575964763351935,0.2318046120910383,1.02568834712315,1.7773610510178337
linear,-6.079847696432936,-5.258707700403591,-4.401571139617559,-3.513363661375649,-2.615552910807404,-1.713692535506277,-0.9382625763700762,-0.06379672960685,0.948289838712876,1.7299783877027517
linear,-1.1445344144119105,-0.8812713803674885,-0.6793002859522083,-0.5197170110304747,-0.3298912713562608,-0.2521736096962057,0.0098730763964027,0.1561401395540343,0.3245707858411518,0.5679496104574331
linear,-4.936760944489316,-4.057567893338207,-3.187112893172239,-2.508174243199548,-1.7108229855392834,-0.7899679917226495,-0.1539303389859471,0.5206061145688508,1.373117752230158,2.358199223593428
linear,-1.141789479659268,-1.6483903256149512,-2.366552021935492,-3.2580932100267743,-3.547869332592995,-4.485606784667974,-5.312732138706009,-5.89240662906462,-6.55427288910828,-7.068989948638519
linear,-1.7980199041664666,-2.19891639592513,-2.5940495916690853,-2.9836685532248106,-3.5168892956244475,-3.8311784838037193,-4.319887869121152,-4.611010056313444,-5.012733024822089,-5.360999304355062
linear,-4.723995447596491,-4.061864759976691,-3.1196182085450244,-2.0934964846994686,-1.5279449336918736,-0.4334280521128296,0.3896836236186927,0.9391724859438836,2.1365285303210566,2.932885801448857
linear,-2.7308573031305534,-2.46699906283684,-2.271959202511654,-1.999750326033635,-1.8095425591301533,-1.54682049550155,-1.3034208809657806,-1.006061241928514,-0.8730539303162466,-0.561979924298204
linear,-3.2519919689236043,-3.012512767020981,-2.706757771258156,-2.50669619842097,-2.201512877936676,-1.997428169210799,-1.722424171681188,-1.4953610519251952,-1.1920318711450355,-0.9048314489379922
linear,5.624337683851627,4.9076966447216535,4.301462230922543,3.720068158975733,3.1361110547571487,2.5736564447875647,1.7472097892636371,1.2134824561965678,0.5061321516289926,-0.1581803936492916
linear,-4.674618532909375,-4.291155816692019,-3.7939012917926855,-2.9809336026646256,-2.5894066294743814,-2.115587220715875,-1.517230801853351,-0.8943665534980044,-0.4603322479804694,-0.0561995711775285
linear,-3.795951709416425,-2.874349063602537,-1.967592902488126,-1.0876096061614084,-0.2360881463043961,0.6506636696110274,1.5329832853067444,2.306966094998,3.3214571028200948,4.064485044204599
linear,-3.291631111750281,-2.8524849972839315,-2.3474513223721707,-1.7079882934767552,-1.111226126721916,-0.5418773714331211,0.1083016979230354,0.5672570035154039,1.191831982460171,1.6623590183596069
linear,-1.4468366751625668,-2.2353701569496525,-3.0411594922564062,-3.5802147565913223,-4.609650510338863,-5.422896038066416,-6.45029664130166,-7.094448554708347,-7.810329202586622,-8.65834510613846
linear,2.212906485738804,1.4848950166119357,0.7401962437059102,0.0314228111501273,-0.4107405498404362,-1.7983611707469385,-2.4700827312246494,-2.9544171009700286,-3.586759637926555,-4.199731304929105
linear,0.1491646718529633,-0.6477358428709352,-1.3277565952260195,-2.113425827531625,-2.909462422915428,-3.5549027444050174,-4.333176169536377,-5.0770684083211535,-5.707235372534015,-6.725537497380091
linear,-0.3594234771983949,-1.0491161539611995,-1.5366676376117323,-2.0695302960600683,-2.238634901533436,-2.860331382303624,-3.6594463425876382,-4.2009817301488654,-4.837476879386297,-5.470931822911004
linear,0.947079242606409,0.6035078522411774,0.2670822945745872,-0.1377719911657622,-0.5590487341515202,-1.156993455777819,-1.3685550103550732,-1.9582980371636156,-2.243135078494227,-2.733012347451278
linear,6.311471269196698,5.720538057785008,5.385249907474312,4.8185130906745455,4.173831167202462,3.768383596215383,3.3815712704093133,2.872875761844771,2.0254746178323133,1.54572560369831
linear,-1.747118294943664,-2.207020182516566,-2.743194587030166,-3.280732327111008,-3.790274913512482,-4.30059011612191,-4.81779300803206,-5.157353418638738,-5.7715325177040935,-6.248362902766997
linear,5.864065486164195,5.521143703499194,4.935974972282584,4.349875520093527,3.9758230712937705,3.809885011630364,3.091719994182873,2.7575011802436906,2.108875253092242,1.6378778599909312
linear,2.5976224313061747,1.9086916133564529,1.0990466482115224,0.1694519254460468,-0.7021631111741424,-1.519076025861454,-2.19363855605586,-2.9782911932832894,-3.9082915224464014,-4.631108354968158
linear,-1.6036296287288407,-1.9805255313964047,-2.229270909512191,-2.6045218059812014,-2.8819027410082136,-3.225196332295431,-3.555663634316614,-3.909767228435798,-4.185591631343687,-4.539495665872016
linear,1.0752687535952508,0.9736161571428672,0.8879671482433398,0.8209096390918278,0.7223079472954628,0.6605913802935722,0.5419352228285539,0.4759964067258194,0.3761293966764629,0.2990419350200349
linear,2.0431549758274983,2.1740348176483035,2.2852987208233606,2.3959798274726727,2.519653237478273,2.629932579405694,2.717650970537797,2.8387857704541624,2.937255934011545,3.0570781167454704
linear,5.4624514597504,4.858336655096483,3.5225887592166965,2.726195695372247,2.336290098718052,1.4032665285246255,0.6120000842776844,-0.4499313913731361,-1.070665418647035,-1.580551723836536
linear,-2.821512273611692,-2.7247521168189275,-2.5830050607289383,-2.4608945337271706,-2.371627465428623,-2.245954632554192,-2.13567506591769,-2.0178840318784994,-1.891069129725248,-1.7987106523844805
linear,-2.92670077091277,-2.220325788631578,-1.4368762502845662,-1.2989866238939014,-0.4947277803442888,-0.0280258921302164,0.7301039404288527,1.12985129222989,1.7943054517753765,2.363836471536241
linear,-7.929933142512965,-6.949238129060548,-6.513604028629175,-5.824586695733794,-5.095659142378935,-4.611686982325554,-3.735119091442992,-2.9826060553197844,-2.396593353126315,-1.9528192548521908
linear,-0.3262519095286866,-0.7962473185724542,-1.489960098733089,-2.118219789502807,-2.6322794832302496,-3.3946089653644504,-4.018717590087864,-4.479830989627172,-5.376299350858357,-6.068055515094819
linear,-4.112428473465959,-4.161126617777098,-4.32746360795732,-4.473391527613338,-4.559512050159929,-4.704687703132715,-4.830393872120423,-4.934917383738839,-5.098408067319864,-5.184610463031104
linear,-6.17450623314975,-5.569085706425805,-4.957267728149221,-4.375522580605254,-3.64160431531515,-3.330910255702025,-2.457361220870136,-1.9955809472434296,-1.3193444637115637,-0.8857082948592078
linear,6.678277218551776,6.3290943064959295,5.540473560998913,4.500100167098327,4.029807855557285,3.3702650194396035,2.67940255680368,1.897997251580943,1.1948205659864608,0.661252148925946
linear,-1.8190551614268229,-1.548731680783246,-1.0754415204205046,-0.6430379440124027,-0.4169213079769741,0.0313469605230374,0.3214853776417625,0.7000599276890725,1.191261745453456,1.4360200525226932
linear,-0.0986438440472626,-0.8421319070819311,-1.3209868515538947,-2.2702917631621853,-2.434593851848409,-3.3017838127286336,-3.890067716265413,-4.548231383109691,-5.172340086321798,-5.562490785061647
linear,-2.8516572447415927,-2.255978036090529,-1.131825898556392,-0.9590889179976042,0.1916721971570472,0.940702457984876,1.3462803016008702,2.5343179927721726,3.0854635027975115,3.815111748929985
linear,3.696599518767645,3.5199752987917563,3.255702141209423,2.9964239567103887,2.8482971742961496,2.6357598530879445,2.40894994527741,2.1961813993436627,1.9399026457852508,1.6977059404540338
linear,3.1076766726875498,2.365551886671253,1.3568950337867194,0.8696672581352536,0.4638963966068377,-0.4546243124683102,-1.026176279732255,-1.9404764141651096,-2.289309767772117,-3.1828037636627062
linear,8.36675902484179,7.530423249590964,6.767218550507074,6.07891780916367,5.199248249885543,4.362468481183031,3.809654443483826,2.8025079159691986,2.322434958631506,1.232510105102679
linear,2.802341011697301,2.5241302600680475,2.328672117112688,2.0882059494623824,1.7630063902837358,1.4161033678909754,1.1410638222148937,0.8664250714497428,0.5760913675854867,0.4129654294411082
linear,3.65615645532378,3.1237386647106717,2.865252129956555,1.8931002742987368,1.4882029545557856,1.2097910983175568,0.519727156590403,-0.0022073875268564,-0.5931594232514373,-1.102566080913569
linear,-4.984401897471757,-4.52642912989385,-4.164102928544446,-3.83512682665772,-3.4343954737665747,-3.095333884044039,-2.748485502945338,-2.3413219620391943,-2.010038137110689,-1.5662539866470715
linear,1.1267530975820506,1.5634999906145222,2.142286776543194,2.512786988864637,2.915318315643088,3.406443518682575,3.6629858629453698,4.249858261508366,4.83507468524199,5.1440135150876
linear,2.174551228824589,1.5446317639313956,1.046237931543076,0.3129050764489834,-0.174292530267016,-0.9661588178835316,-1.7573711527313738,-2.357993826529609,-3.1377256035254133,-3.584181062521773
linear,-0.2121265736042496,0.351844116218495,0.8451609476991877,1.898143720737176,2.6172103722258253,3.314436717739828,4.12060593576234,4.592325099846389,5.69533877541967,6.069528623598272
linear,1.360263187559451,1.6163532955543802,2.301270251834997,2.7323276986900185,3.2022813539133184,3.942027120275063,4.224453832933105,4.515288425235452,5.181830416646903,5.904534406190007
linear,-0.4307080110761358,-1.0087476228199406,-1.6377416755381635,-2.1937125535175293,-2.7848985617672524,-3.3096079172994104,-3.895068855118357,-4.521757043147717,-5.119007176780576,-5.683932740927555
linear,1.7007073576825156,1.9980107187326248,2.3606315486667317,2.696554728056304,2.9308670264669523,3.303587179246042,3.6108807470419793,3.94658510995048,4.25002545782016,4.515201908905964
linear,-2.8746542427352315,-3.138355010746113,-3.567220228852818,-4.206537267596244,-4.6489414983382265,-5.27965618927614,-5.733564585991618,-6.388175479570276,-6.967893618860497,-7.161602841476855
linear,1.4085909586655183,0.9794077430227704,0.3876432732531555,-0.0532066926361928,-0.5877817440241955,-1.1410709669858743,-1.6898743751080465,-2.1097089145929755,-2.891070374996514,-3.34052989781072
linear,2.8768865783091373,2.285507464221703,1.5075357698471092,0.7693346103523216,0.0237207605892653,-0.7036202914962719,-1.3689145867845,-2.123977958963936,-2.823490474962271,-3.5295633451420505
linear,-4.6828323473065545,-3.7130503138564457,-3.0173794209912965,-2.1132943952728813,-1.3700028276467748,-0.5194711101253038,0.3051016894426052,1.0094744920707026,1.879311866588787,2.3691200403107
linear,-2.467577554634443,-2.9033640075621867,-3.2661029615108457,-3.770521228652355,-4.217371597448694,-4.601898113292804,-5.440319570201528,-5.583975166895689,-6.188163416205136,-6.698683983199369
linear,1.2008405578758323,1.7468309503875776,1.9680903255879425,2.557678733682632,2.9755773626421536,3.5394994193981986,3.839929837255303,4.223568597335736,4.677456390426569,5.290419370729615
linear,-0.229529400495755,0.337036053507058,0.5970526662062731,1.205146289330195,1.579083210365685,2.168257631299743,2.328271152962881,2.823264357546459,3.3857438170225547,3.76089655422938
linear,2.425944954646393,1.5206807610240012,0.9123661212750016,-0.091525830006021,-0.4899553329608208,-1.1532641878280403,-2.0019031054097147,-2.983178188320333,-3.2190494875292046,-4.057709147478918
linear,-7.457165657724127,-6.840352151660771,-6.142598243975743,-5.674894701564916,-5.007938307046903,-4.496594534505464,-3.86087485561114,-3.2995737633097613,-2.6494092434668546,-2.152583092879554
linear,-4.482100736889454,-4.119866544849047,-3.4869539937946974,-3.142806873292138,-2.3753666242113463,-2.399839006046922,-1.734797999572558,-1.4425444424518636,-0.9263476183072672,-0.4101201401651451
linear,-1.6686464148421685,-1.1832564770693477,-0.6941125903203207,-0.3463896222371694,0.0571977091408175,0.3683058415153347,1.0131737999162331,1.392359557301907,1.761025079956176,2.2772494677901656
linear,-5.150229262636353,-4.22785546491969,-3.654433118450191,-2.8513005857026816,-1.9144831624532237,-1.2219136694554362,-0.5462589620596856,0.1287901573943896,0.9085378861460244,1.7021036608480389
linear,2.764268965580151,2.9386738865269675,3.2153784118180355,3.5161088512387453,3.6403703538716794,3.929110518673555,4.131900150993873,4.408872478745622,4.617849050270321,4.939242659571419
linear,-4.535872921153923,-3.901894818399121,-3.177251220762639,-2.674494804973532,-1.8852636296827905,-1.4952308030553625,-0.8667583416321634,-0.263528740837233,0.3564637614591165,1.182348709629566
linear,0.7646709715700377,0.8821868278176543,0.9549107685101744,1.059023103706113,1.1583453535397057,1.246705114057008,1.343313320529338,1.4571368309272652,1.5331839871626836,1.6689716049053271
linear,2.897709036156832,2.791104568985,2.6922973515882185,2.571280451334908,2.5015812394612214,2.389735569644564,2.2751178169553827,2.150854679245344,2.0641940570621933,1.943591346385638
linear,-6.362618963795088,-5.832427742953325,-5.2860248923011,-4.824763785266727,-4.4102196787240615,-4.188644601417782,-3.625720269302708,-3.150429990075867,-2.926824383915099,-2.381962782521593
linear,3.227955707157393,3.106926270326527,2.990841137085428,2.858498341053026,2.740806291616853,2.630847469224061,2.5230445990268464,2.381638840026132,2.257776499679176,2.150516126033038
linear,6.215761699184162,5.812988698979757,5.093721246382307,4.613193795908148,4.3199137278020086,3.817934794369802,3.353775373185555,2.8227944205437545,2.436977757213288,1.9803284633988265
linear,1.1854245211210708,1.2385144834403,1.2791046860352953,1.3081982551961049,1.374653312550358,1.4245170723437182,1.4805908923139155,1.498628561619395,1.5541120151427017,1.6135295854255352
linear,0.0989676384318803,-0.3483637973375444,-0.7489014984940827,-1.1952999549825014,-1.4751267222448607,-2.0644417157127197,-2.451313260830192,-2.8167598966704657,-3.16193000658285,-3.7510461974820952
linear,-2.316349934415193,-2.395596217382233,-2.467928263356588,-2.5922844154848548,-2.668450491226779,-2.77570113143262,-2.849682730439802,-2.9495437970410374,-3.070890837021295,-3.154798853663349
linear,-6.156350419217312,-5.748662788398597,-4.823824985466042,-4.251154361671359,-3.720686997292986,-3.1168017983339893,-2.5414279708133254,-1.8130307817401676,-1.321018610704958,-0.6269416384152121
linear,3.836181779398496,3.323182478622039,2.704397227884673,2.478798848061422,2.078139630481913,1.504368497685694,0.6148512574726844,0.3647200302908929,-0.081130492834041,-0.8318788848144703
linear,3.0572356894877157,2.423281716106396,1.2574946113878922,0.771422839162377,2.0277733539214585e-05,-1.1740070907775972,-2.0923299864403733,-3.127668578580469,-3.651455712393616,-4.56299669752662
linear,-0.5083090870443466,-0.5843996098501038,-0.6518052583798499,-0.7356751325356944,-0.8216251642130228,-0.895923485235254,-0.9901050927725176,-1.060911652560051,-1.1401956681747254,-1.2252352875837138
linear,1.533117292537614,1.7943713221975368,3.06104913972953,3.220265067098155,4.264547955724341,5.203970561000513,5.747402561493601,6.3165438852667535,7.087572997628041,8.090593052653155
linear,-3.196301166222434,-2.509897691379881,-1.936514431446841,-1.112092620622901,-0.5061795028739734,-0.1513301466642943,0.6115787032734458,1.182201500152288,2.0362213957633,2.3702710819911563
linear,-4.2040821304507,-3.584984117733417,-3.022306360429083,-2.161479326692759,-1.7363091964680142,-1.251217479088079,-0.3206053278149359,0.0883117714021541,0.8975578509527026,1.511380872363698
linear,3.2262385496141883,2.108563263647288,1.5436643198716586,0.9342561669060632,-0.0459481942021652,-0.4684151164494606,-1.6017355793699684,-2.202869383294101,-3.0177885367434087,-3.6480991134955274
linear,-3.499028683283377,-3.515959337378252,-3.535479093424949,-3.555140643562772,-3.5748284029252035,-3.5917457763429965,-3.612652931653277,-3.631862172061468,-3.650219819016023,-3.666492835036644
linear,2.5276260317751404,2.328247394639521,2.083644831676198,1.8532589473174,1.6152310104687582,1.4016737699537378,1.1719342366931194,0.937554240234606,0.7222319540192011,0.5067645312440494
linear,0.4628266996130372,0.1904037964877053,-0.0924161827124189,-0.3519851657648394,-0.6473199768260884,-0.9164224427737704,-1.1942357500534115,-1.4788700872706635,-1.764479258942811,-1.9793865128596464
linear,3.148134745822573,2.087689301344298,1.6506727808271622,0.6557530785799326,-0.3093465203467423,-0.7802982397366368,-1.6778077389803925,-2.773055110515608,-3.133448163133045,-4.113693350839228
linear,-1.5014449712499371,-2.1913569478231327,-2.9614427817959657,-3.393706994097476,-4.068815879735597,-4.808209192414588,-5.609375991471948,-6.099717247987993,-6.791854693785033,-7.675749757191287
linear,-1.7863449287929536,-1.894313082661448,-1.944564738638772,-2.0786642415243604,-2.143717084678656,-2.260399522092236,-2.340461841808188,-2.4178969058764723,-2.5379209281459927,-2.5958192602210346
linear,-3.735221278243934,-3.370141812288155,-3.1751867137648158,-2.8910191335928954,-2.563609450475518,-2.181312638637995,-1.8775584216872512,-1.5838806750008745,-1.3260555143475623,-0.9336001142030425
linear,-3.7170264075171215,-3.7263925680804215,-3.7371514923159914,-3.748170502182505,-3.756469066305172,-3.766596817601084,-3.7765779613709536,-3.782762670144245,-3.793924060979153,-3.8034085620742153
linear,-3.487252693067031,-3.4215413444667417,-3.370949864573515,-3.313552433671604,-3.2669241643480373,-3.2145054535490347,-3.135275323139115,-3.0724358574282595,-3.0290650850106795,-2.955280797176981
linear,-0.68022358183414,-0.8849175878862838,-1.1308330718839914,-1.2994077053969575,-1.4801320448147013,-1.6909292935403022,-1.9187251556255605,-2.132975028438381,-2.3414959590349618,-2.515898115942008
linear,1.4261071936058969,1.8070677502128036,2.3632427065341144,2.8445924587497062,3.1077110459288937,3.454050882247257,4.339965598804734,4.651217559549527,4.8776899116921495,5.472341584716034
linear,6.7081277215951705,5.391212266128505,4.612827660465993,3.986262166056004,3.193888644263524,2.3869042754115437,1.6416147793107407,0.6712030430754549,-0.098861620049628,-1.076447725465698
linear,-5.194936521193842,-4.558964091463356,-3.9750263457362793,-3.451788167231152,-2.6218491279627427,-1.964302115460528,-1.2505804960306244,-0.2191665827462263,-0.028655043306963,0.8135624796107773
linear,-5.085096384234387,-4.395929444216826,-4.001319215764509,-3.3532843727245405,-2.6805268337045423,-2.0082677740391124,-1.5175145456821464,-0.7899521882687467,-0.4326549866501128,0.1049048813108286
linear,3.6111597105699778,2.889126541989509,2.491870879139467,1.6091741843742813,1.0001221223429475,0.2868729110890832,-0.275887825228827,-1.2009114317169,-1.9199545961329616,-2.40564967449568
linear,0.8176605457134487,0.1066664864297122,-0.4277122508771546,-1.0313692474996243,-1.3483953176471182,-1.9784126314926112,-2.5397349910281863,-3.0289951136982878,-3.4190534791522404,-4.463205459279616
linear,-5.551977851427661,-4.670375903420183,-3.976270649432987,-3.009076151053514,-2.244877978831361,-1.401839991330514,-0.6033431283138394,0.2027402642764516,0.8902671696586951,1.961770951771381
linear,-5.436084526771567,-5.025770016617521,-4.7599998263059735,-4.510039072660662,-4.044747221062103,-3.8797709086282377,-3.5899029555391007,-3.439802511282825,-3.168617106032861,-2.8133083615836454
linear,-2.11743921468286,-2.3257139014655936,-2.542791594013245,-2.739065345425864,-2.9332202695434217,-3.129641827418022,-3.320187104774664,-3.51163713266754,-3.74724934097657,-3.953915889827533
linear,-6.697801830548528,-6.160303945682385,-5.612792800370153,-5.051062648688746,-4.7444413323169226,-4.150638581463943,-3.628767405942808,-3.1155914484958966,-2.6384114755510484,-2.1844590283467595
linear,0.0507913123425987,0.2638602283828572,0.5636891953608723,0.7885181215778662,1.0404262889457745,1.354681565754249,1.482927806473119,1.7231643212795535,1.8697159564717456,2.0878790551140787
linear,-4.587744376208738,-4.226934249127988,-3.887895865611079,-3.508534301662176,-3.102378783313745,-2.798321120069891,-2.4528579231077217,-2.023766694742991,-1.6743742172315197,-1.3439305042661338
linear,-6.368374610067534,-6.014570081300109,-5.5857332047248125,-5.1614729271053,-4.827986423567123,-4.340561878789788,-3.987089958711758,-3.544875542379369,-3.1407148985206783,-2.7145935413233127
linear,1.7725225957523767,2.462478061388678,3.206206806512222,3.930643704225029,4.628740217988166,5.292522589077222,5.91303425768912,6.695164681337027,7.449546695234766,8.076754612857528
linear,-3.4854859932152347,-3.621266917658776,-3.729118430148013,-3.9503622457863066,-4.151445434113767,-4.258180385010368,-4.45489333103714,-4.604736482353686,-4.793469023786247,-4.961747970817462
linear,2.2109051442383496,2.4257234160898724,2.8604306858628843,3.2311558884031166,3.571450563954159,3.830552601213895,4.244345994473777,4.570308042904722,4.986657757731321,5.16443807867818
linear,-1.5196414038509751,-2.346751184228038,-2.957809511632609,-3.6472476877898985,-4.422406189864595,-5.028288959114621,-5.857936994480842,-6.523016676348071,-7.306765983754898,-8.008500303261954
linear,3.4657203781294785,2.6418253592505523,1.7087258596251051,1.05608867357207,0.6398537747396096,-0.6782199989164914,-1.3315658786443163,-1.954022463044896,-2.7753660363487618,-3.807076438007813
linear,-2.3300329843526746,-2.6503955597926003,-2.838955443843429,-3.196515742478072,-3.476665218528753,-3.6044129759795744,-3.8625379353455553,-4.1307819146582565,-4.335054099306022,-4.409013860340512
linear,6.210197697892927,5.301191515262813,4.380507251720252,3.683077111778856,2.933834500305629,2.018126125554927,1.256503418000006,0.416560120315834,-0.261265082813287,-1.1154004876357255
linear,2.158954827132996,2.275768080328596,2.407657224108296,2.6714525141816603,2.849783204106672,3.056226419740594,3.241993111014837,3.4133982152863807,3.4833701986522034,3.6803479626207594
linear,-0.4222298787797724,-0.3639096176333199,-0.3000609154114476,-0.2243686505639781,-0.168137777704261,-0.0968708002320115,-0.029639431196004,0.0462472604636422,0.1021609950607546,0.1573264583921677
linear,5.356033313449567,4.560084848493512,3.958498562658261,2.830669102628462,2.22159540861032,1.6412946177065568,0.6727220196055829,-0.2487142365244112,-0.6617995164711593,-1.3580785457248392
linear,2.8564362391649114,3.3962923556593227,3.8002538582154703,4.243884658526272,4.730036531168711,5.196466551908792,5.632002146737746,6.140265998921766,6.551161475115658,7.067727211282154
linear,1.7991876533682507,1.97789354186444,2.19000133268343,2.5396778368073605,2.75867652615152,2.908263945808276,3.2527939218503144,3.4859552905552365,3.862868606213664,3.948681422050496
linear,1.342207112866237,1.767339592362118,2.284022779781599,2.46272731164374,2.916323361216221,3.459787349195421,4.023422357179991,4.2793486459052,4.7386502273003,5.2379598928011655
linear,5.525535558269429,5.169816805000564,5.044312442722492,4.73930609271659,4.557986888050556,4.319412081312004,4.066373727371466,3.840297804242736,3.6643971750067914,3.4673894665285334
linear,0.3205119485533439,1.3015422448158387,2.06471520958911,3.0554886270120787,3.410176788172724,4.151769354246718,5.068141368377881,5.827373888266354,6.399102042316253,7.169254552379203
linear,0.8604256302212487,1.7708357127775516,2.328415980531902,2.9370514900293427,3.709453379528715,4.584795369911726,5.360076658498229,6.305984036911502,6.943263350453019,7.79452971262398
linear,-1.0263327145571162,-1.5938897152874485,-2.145483616701528,-2.64928647280884,-3.0836968172345776,-3.5658610306381258,-4.213484906991835,-4.63056389846671,-5.332733122658345,-5.626845708065794
linear,-6.441988667224384,-6.000041816744059,-5.685192814930766,-5.3525952323612005,-5.0152549344417885,-4.655779545270796,-4.247472258146579,-3.859008494909603,-3.6500838901503,-3.234564760925437
linear,0.8925047616384894,0.3924407523692024,-0.3585607898209342,-1.090501288746108,-1.5524461701406935,-2.00454474692471,-2.635341368611764,-3.23891006225918,-3.765154776631188,-4.384716503719597
linear,0.858940727791024,1.0943125585657856,1.245415896613269,1.4405041847459528,1.7602841856075924,1.8980597718549417,2.135454054932553,2.3120099889941645,2.4871709848562737,2.7249879713134457
linear,-2.1871445642526024,-1.3742502857849856,-1.025110409240446,-0.6284285228600093,0.3814100725073582,0.8217573729395193,1.3153184112506509,1.8612512317609475,2.611001167012221,3.003310594945644
linear,-0.5820537542622584,-0.6755208424043541,-0.737653478926553,-0.8634596364614548,-0.9657937786649432,-1.007273389828425,-1.0938826631733385,-1.1839036599291548,-1.2723288616239317,-1.3740873146162504
linear,2.879088821358706,2.8137973981009816,2.7182149675665026,2.6524371145791155,2.5646994938517493,2.495618532451419,2.417102850145666,2.3319897451918528,2.267402515526679,2.1866793372159714
linear,-2.9753760556173274,-2.9885274877566297,-2.999547400989336,-3.00641249067284,-3.0156946024286277,-3.0273290571911,-3.0429393641984084,-3.050167099143985,-3.0597515255184886,-3.075815156750381
linear,-0.8529731087768834,-1.2659342297510234,-1.6491945968733888,-2.0120501495880934,-2.4223293749872803,-2.80248333313092,-3.1143546130983726,-3.4872156106802183,-3.9309854150603303,-4.250637457430663
linear,-1.2136596915470037,-0.8592169910115357,-0.2401205559273258,0.0919689553104391,0.5913698039136873,0.8812984514142768,1.697132405201783,1.959711605344823,2.450649622021117,2.6384865805544524
linear,4.622784593895328,4.575624261019813,4.472209267498637,4.412679627045212,4.310293414697108,4.230136587095759,4.158437613213126,4.048888959767749,3.963919541983816,3.890013386364521
linear,4.291047589625889,3.347099811115363,2.6094051215777645,1.660685336748585,1.0448037100779135,0.3651336322862391,-0.2809639815847344,-1.2595392190320858,-1.7178734360881265,-2.777103779742884
linear,1.1045405873707408,1.65856325263238,2.267644207888301,2.8076083312304814,3.228860347549644,3.801584036324199,4.342512342692065,4.8235433364951135,5.404005485260596,5.941387342584932
linear,-0.0471660783198969,0.6913978332230177,1.5666114569083416,2.504942001443008,3.2672601889623367,4.230042323103336,5.0397554637856965,5.832514857322908,6.699233270675721,7.76377048896303
linear,-5.820766800665121,-4.981374163693544,-4.516164293388369,-3.8750606004361248,-2.9626764561221552,-2.407373175435909,-1.655290566247451,-0.9956368595759372,-0.2403204358832963,0.3752871417162561
linear,2.9740341648463757,2.996953060805966,3.0155142341042955,3.0404190004463527,3.0639111427458308,3.084183298314444,3.106419946904314,3.1290312589655147,3.148946393219911,3.174885950965185
linear,-0.9638296962986248,-1.2296554756079194,-1.4668399956533753,-1.81265432929414,-2.217415157672194,-2.40517333173614,-2.662637364382905,-3.0275722478684948,-3.263941649781855,-3.6400065506445225
linear,-0.8050538894631317,-1.1903985313899954,-1.9991054000854185,-2.464793463883632,-2.964793665133557,-3.400145344835164,-3.949431976926293,-4.313422160596306,-4.875471917064245,-5.43880230793274
linear,1.337399293710836,1.3584096940295125,1.426358025237765,1.475171835353987,1.5080941762400648,1.5480655819914322,1.5995848975924187,1.605104934183479,1.687630219165244,1.7272596632550763
linear,-7.79182026247341,-6.944347967317747,-6.222390502764089,-5.526109754076779,-4.829891452735524,-4.001703663600372,-3.6507008009616775,-2.761446036231137,-1.8956314871896447,-1.6875110330624037
linear,0.27744411893603,0.6640556739525194,1.129571884780627,1.278585246554831,1.6255798252825104,1.9585233682512095,2.4870461973482585,2.692718261797902,3.0608613302015195,3.3786605114745107
linear,1.395474767958227,1.5090958337412446,1.96550789610212,2.149225408996542,2.381837800712782,2.9568021446716783,3.288753070770073,3.5974008791227683,3.777748559161493,4.124572220588455
linear,-1.0682671522773035,-0.4589034260694058,0.2812442706908438,0.9874485490369944,1.55034248999814,2.295061317639961,2.945017518644643,3.627060920822831,4.295984317632389,4.890272850833153
linear,-1.5314438277219966,-0.6981194837860223,-0.0017821377049457,1.3549048885450805,2.079386828131079,2.926226570390688,3.80869381644464,4.608451142747273,5.347807431236734,6.213803574380533
linear,0.5404943360740396,0.1582034244798152,-0.2907780591440547,-0.6290991872561431,-1.097187178764247,-1.4730227439544912,-1.8654158103648364,-2.2923537031043044,-2.708454646499515,-3.118827307724004
linear,0.348394103652225,0.0527281855890758,-0.1954758164856887,-0.3943477589969556,-0.5230236963074089,-0.7580710909112776,-0.9769922884999128,-1.2325219519542991,-1.402142207082676,-1.678466093907444
linear,-3.1028038937972764,-3.251274797556844,-3.380498526628124,-3.4947167565664627,-3.72974889006598,-3.830724366017476,-4.02010329409435,-4.154438718512336,-4.299612666302788,-4.452275159762443
linear,-5.229560577975619,-5.166979282590066,-5.115485600038403,-5.063418807535794,-5.023440675674589,-4.962826792788773,-4.909358936677075,-4.866074403752802,-4.809365681997621,-4.7583529759562335
linear,-2.2517989848310287,-1.9728039525613088,-0.7965380125723788,0.0573436932241862,0.5803947963496797,1.6878326959113108,2.441818725955077,3.4093658828712505,4.210226686855345,5.229157693791015
linear,2.4896520612976705,2.283869133324925,1.9850044672047933,1.7472228109861525,1.5610520887108428,1.3429700574211114,1.2126958576371587,1.0092202429219863,0.7263091737956942,0.606801293902353
linear,-7.271746963721509,-6.868870876423464,-6.212855558948037,-5.647479683837051,-5.093821862486922,-4.544142998376911,-3.622391202982616,-3.188958582329664,-2.025471464560031,-1.9709107215284132
linear,-3.675960654235817,-3.4924256381165515,-3.400457410269141,-3.1963008068878143,-3.041072869881911,-2.8991668055344038,-2.6685124673874148,-2.574790796427306,-2.378320636386098,-2.1860986036009584
linear,0.5677032898215381,-0.0341645320345299,-0.5881039553997319,-1.2805483891963587,-1.8419997475771348,-2.4122561085398377,-3.0347882341296195,-3.6726071438288623,-4.255825622281711,-4.8887837823597895
linear,-2.1826391953505477,-2.794112052819849,-3.4037796948443177,-4.051754258530919,-4.508753746949271,-5.181290558558164,-5.856701282595531,-6.349831675720117,-7.055072562170651,-7.723830058827699
linear,2.2295879387312527,1.7949493962639145,1.1011442273622998,0.3960816044618285,0.0362093871536616,-0.6466782896318999,-0.933143590694218,-1.716270951865708,-2.539587564890115,-2.800475239637948
linear,4.213650649437817,3.6016552801326696,2.805096004582672,2.1420887350438838,1.3526150791574376,0.6731605067615687,-0.0404677123280087,-0.6709455908826101,-1.3879920268694568,-2.1270896637331105
linear,1.772473118034932,1.7258446420275615,1.6770234168443403,1.61959134311579,1.5612791869008575,1.5180346137163891,1.4860823399596157,1.428592801767148,1.3786114222581956,1.342606978039229
linear,5.859998848057753,5.145958749136193,4.526450602364499,3.669081856212524,2.9498468574393577,2.243638601002861,1.2779588823320778,0.7098988616246492,-0.135518473401984,-1.090247436006414
linear,0.9140409259374038,0.8686688473259301,0.8333643104874182,0.7684591733895385,0.7300386995270534,0.6862177124199311,0.6342490820399753,0.5929967933515717,0.5375403527450012,0.5096159396762836
linear,-0.4488594261968738,-0.1056761014831818,0.2612056672810587,0.6157254210945958,0.9972179318989276,1.367884780709662,1.710619415540596,2.091168656703324,2.447153169170352,2.8760163503267093
linear,-7.080230132948218,-6.617269041782019,-5.806015966869593,-5.025504693251723,-4.143147664075009,-3.649452369978135,-2.797418239936333,-2.21561512223408,-1.3884181695630653,-0.9404661634028566
linear,0.4278288395811417,0.3240040987091025,0.0485067118819253,-0.2148267093905916,-0.3851756343348304,-0.6283867561796311,-0.8090886652987376,-1.1526204714339647,-1.3331852016352044,-1.5640230462542817
linear,0.2177512219375584,0.452999463889775,0.5866457026935991,0.7823132673304181,0.9922305425547808,1.209856583529537,1.3706798557199182,1.5664332553355882,1.803276170013962,1.9846256928539765
linear,0.955558919842882,2.081260376887151,2.562414633235243,3.032649368752263,3.7986986221502312,4.4959894043597775,5.284059164081785,5.597640243671548,6.351143354121077,7.20515282464587
linear,0.6445806516929036,0.9197397928157686,1.150062748869275,1.3889918426776142,1.631694440502478,1.8575243878864147,2.133634262127718,2.428788914747748,2.633199899800297,2.857964939003478
linear,-3.662553870121373,-3.35302493094195,-3.0313314555584463,-2.703402547955486,-2.411096560555084,-2.174408412591617,-1.865132532863168,-1.5263500298687511,-1.232108043741317,-0.949406763110479
linear,4.593398859446655,4.478821917525698,4.338481209917915,4.232011447942877,4.077899722437803,3.9429612153158833,3.815884504514888,3.688371988150757,3.560092875951729,3.447049363168059
linear,6.511677969093124,6.107254545169953,5.410331502350624,4.297740817623966,3.656518291824732,2.6086751262619328,1.9069358928128053,1.4969695745107994,0.4811489107695691,-0.3964089683028345
linear,-0.8413887712160247,-1.9945809707872624,-2.7061298460082126,-3.253282181004125,-3.850406966054977,-4.559421068479127,-5.713055977845876,-6.14905303960106,-7.265491885383976,-7.495160798965767
linear,4.111797349877937,4.241156399386836,4.363243543471133,4.567737167971234,4.803985221784283,4.999759580269056,5.1408284820563335,5.330480961810473,5.543599796602996,5.704153580829941
linear,-3.1930399078012464,-3.207700372393199,-3.2236803392379274,-3.239293120265708,-3.253888489304308,-3.270486215456956,-3.285026117676732,-3.3008294829252574,-3.3163701240454984,-3.329769929029572
linear,1.4494922804314243,1.2554169683844638,1.0469705969013008,0.8551235058065659,0.6381839610670924,0.4564121164848514,0.2620966662853119,0.042024702892443,-0.1456376272183501,-0.3552820407088604
linear,-0.8200724130643811,-1.5650222969274437,-2.121548894706672,-3.0232634168300807,-3.4083340578731507,-4.415427655347794,-5.063337418156956,-5.820258764719892,-6.440583786311613,-7.09035889803824
linear,-0.112718542917314,0.3006545660945999,0.817577873826035,1.2568472818092935,1.6993514218905872,2.1544939025133463,2.7590139071073216,3.099865873535197,3.512659679584427,4.006091615697684
linear,7.535035096228563,6.775687888005516,6.201542956623967,5.450623789614692,4.817959500875587,4.140777914480703,3.465795055245984,2.993396647821044,2.309990327140633,1.679866068394353
linear,-3.146265448544373,-2.6015920022162424,-1.8418762199830503,-1.2141203677489618,-0.7983845404994635,-0.220585938611647,0.6027355091032178,1.5190029917178904,2.217229575871843,2.502164176786861
linear,-5.93049870321132,-5.585342424961751,-5.201728816350611,-4.800181780634377,-4.525323744567315,-4.114648914143364,-3.697591948900452,-3.4864288254999414,-3.0739748720614304,-2.6536066463596693
linear,1.546432997205022,1.99558761312447,2.317151036337427,2.6328260620355626,3.04600938126578,3.3991484138109263,3.804864124775158,4.0717699769172615,4.470704292353804,4.827299977517079
linear,-3.456442449245239,-3.6360891402248927,-3.720785132334822,-3.838524406578502,-4.00602811449908,-4.137005338255926,-4.306919027648019,-4.485764019666805,-4.6301353754822285,-4.724219358476158
linear,-5.292035054388787,-4.694515513003899,-3.8160209381256895,-2.850197352609594,-2.299944063858601,-1.3353733180972207,-0.6725674051910501,0.2083639936193461,1.045488527092882,1.7996089307401324
linear,5.80939480245796,5.103926941036147,4.328685836144261,3.567741867829124,2.7832979455242874,1.934151792141397,1.127282570084573,0.4913655581657499,-0.3268109855541281,-1.0415958495510471
linear,-2.822594742952713,-2.8088371339662985,-2.8004535059298186,-2.781708582488489,-2.7781607491028213,-2.7649501860999006,-2.7520372622117315,-2.744317293287563,-2.728316644509696,-2.712762220688808
linear,-5.999978271561202,-5.440674534231731,-4.892120613799398,-4.231794424750918,-3.725164982298782,-3.146211245015578,-2.583450457822225,-2.082951374399598,-1.474441583716088,-0.805141105538262
linear,-1.3981527362093604,-1.4076237923489248,-1.417618513384193,-1.422854486959785,-1.433923027138799,-1.4393263146299908,-1.4508770024948947,-1.4552613158728929,-1.4654853811909714,-1.474429948776698
linear,-4.8057269142649846,-4.590974927904794,-4.278835660286636,-4.024185330366642,-3.7830589818523808,-3.5368273167165016,-3.250090370790696,-2.9714350764074746,-2.646471575766268,-2.431113345001855
linear,5.418304821966228,5.061588034479927,4.507513480342356,4.186103475954683,3.8006219165738857,3.5393397827071134,3.076285761033044,2.729070079749482,2.446896347066944,2.044865472410721
linear,6.353192696203025,4.974964993906797,4.429691961512641,3.699736153116665,3.0003127161196854,2.1915802376722024,1.2110827690248525,0.4409156919407273,-0.5157525179777451,-1.5216004192037558
linear,-2.619342651953363,-2.5837716356612264,-2.553279381688865,-2.526672126502284,-2.498237805070554,-2.4663652608441247,-2.445794054881096,-2.420225281205767,-2.3856765820085566,-2.351950717587945
linear,0.7857146307132994,1.449883467676704,2.0659111996960795,2.7192925196671367,3.218594904145986,3.924544071991692,4.577388619207861,5.234467925249074,5.718936256285574,6.380694811034954
linear,-6.431680394516731,-5.60210737510933,-4.664107411185032,-3.81687936193172,-3.0975227518966792,-2.076315169335086,-1.2885976027328088,-0.335833080080299,0.4116392344263858,1.357812106423565
linear,3.080239540268979,2.70384095320902,2.4174445382624614,2.1870744283797228,1.935367552102284,1.6047123949416378,1.3971850428863193,1.0460828967511089,0.7096640611940951,0.4654324060175918
linear,6.6630513048762445,5.892290598007508,5.108367471639335,4.194074359981906,3.275983631719141,2.2794025030010814,1.5694887456137343,0.6396304884731352,-0.3025946780814731,-1.0272733301375303
linear,0.9334475125078698,0.8486171714973957,0.731854744856694,0.6572842568589007,0.5760104343195676,0.4880790742867926,0.3721717501509747,0.3033134196462826,0.1727401840383513,0.0825596845049392
linear,1.023915124165885,1.2903098862953888,1.6054358699738511,1.79788014739333,2.166474608165408,2.684848077905748,3.003478191306237,3.302408880818662,3.7465793449336977,4.105854778003206
linear,-3.6923951687954304,-3.0773436343640133,-2.3076007676894625,-1.920426197513468,-0.8404353357980562,-0.5003263630747522,0.1300284717898601,0.7768493832833564,1.567059049180322,2.067983569513066
linear,0.8340679983412292,1.378492867506229,2.666596523262212,3.2596777342846743,4.302228387345537,5.0801438802227326,6.462296082742169,7.343081272468907,7.75951480243288,8.631030884270801
linear,-3.3774371789470545,-3.482130636604834,-3.6193631340590056,-3.734089825966276,-3.871619775247315,-3.966434114923117,-4.0729487716105695,-4.206865248398528,-4.318914253150908,-4.464970972202896
linear,0.9244043130982118,0.2023166549393081,-0.6554575112491524,-1.2540867828871802,-1.8790387569720808,-2.192331556068032,-2.5538781762358407,-3.2809564652489693,-4.419080111032429,-4.500174790508499
linear,-1.9669039193452675,-1.8814406276164608,-1.817950346453048,-1.69128177998643,-1.6426478112182807,-1.51606548233516,-1.398742489855827,-1.3228824655955853,-1.2369551679192188,-1.1191723867061498
linear,-0.4326307725305121,0.3340358701745837,1.075162729214481,1.878866732401962,2.6501934776677505,3.282272486427081,4.178990844104077,5.165107549229776,6.119044307595609,7.218146723435047
linear,4.3919574422844665,3.985963427442336,3.5264163269419893,3.144217681847567,2.689559014763608,2.198218054776713,1.8091447278736728,1.424401682122397,0.9329636745590146,0.5206247502029547
linear,-4.333064539495137,-3.692125869222698,-2.9288649459908918,-2.4828763409784607,-2.029319729871996,-1.3906452272977294,-0.9168119288418212,-0.367049735948817,0.2576379117893851,0.6164246978594106
linear,0.3073498805362327,-0.3240781381986335,-1.3249014302327842,-2.3785192451882065,-3.282096736961115,-4.020201700046656,-4.733645076718864,-5.791249733352471,-6.522759037455248,-7.500605248385908
linear,6.056752957215895,5.814341024398843,5.388207931543573,5.13258184475731,4.824799124780685,4.473503443014531,4.190233063560386,3.828400443401184,3.484987919087486,3.310083972782888
linear,-2.826492875523238,-2.0554817923665745,-0.9479505578908564,-0.4673426903475848,0.6923597892100711,1.370077130617316,2.2022046650701665,3.107710433150305,3.956315740884381,4.605198500993871
linear,6.125673788896343,5.499294282146765,4.734947087467203,3.8327723428964497,2.826400339751374,2.214280459690952,1.4570674478578218,0.6465271073034264,-0.1437549351272966,-0.9868732923842212
linear,4.438483681235228,4.314320388166783,4.165259638975982,4.02166649425278,3.854472466884058,3.7276538702565634,3.5948687128512318,3.4268315478738405,3.2779110880546365,3.1343090374725664
linear,2.2037904065564624,1.9626786166909749,1.729216977057336,1.5238696347352645,1.289040658959147,0.9977481240065244,0.7229619820089093,0.5636358676074463,0.2233520552641389,-0.0301442314945717
linear,-3.047239556183773,-3.0772119515433936,-3.0950497913509145,-3.1206109243655797,-3.1422992239346605,-3.169803779188463,-3.1871526558941814,-3.211425633775246,-3.2359609244923857,-3.2577439333943343
linear,-2.963164776146288,-3.2586484553114463,-3.607823828690358,-4.007046118864878,-4.340016791741142,-4.710437340708607,-5.053669079001927,-5.431792365553313,-5.794154704782851,-6.107177676204413
linear,2.757324083750376,3.4448853775277963,3.8410194104829007,4.310532179391897,4.81901857578311,5.082936031834342,5.597975203622518,6.052618601277765,6.39329498948556,6.961508163307108
linear,0.1894681028882288,1.2676410663857112,1.5582418830506004,2.0384667695114804,2.665975841027993,3.0439141004243284,4.071402745268277,4.352339885529527,5.199393669486912,5.55953552627079
linear,1.2056919389687488,1.5991436676282802,1.9812013617205808,2.343877408695749,2.8797326622471338,3.100163884730877,3.5575199815552225,3.957722301725385,4.381846508087233,4.728586659729453
linear,3.437578968283893,2.5676281948594,1.754278417862887,1.238620921144718,0.5423039253838557,-0.1911129454938806,-0.9243327913556748,-1.9594223262558448,-2.6295287264092457,-2.9712967542163806
linear,-2.3968725909293136,-2.919764469881759,-3.2389688041714826,-3.731093844883008,-4.240333783588624,-4.751369429049971,-5.0574249330603225,-5.662269853729833,-5.933918343095369,-6.145903316420542
linear,-6.016302915780623,-5.600920235638444,-5.018113040739685,-4.829122853672806,-4.45802177755188,-4.049615601507506,-3.761603197014813,-3.4119900450795644,-2.949474512860947,-2.656802911364104
linear,-4.380371408881553,-4.025622768449221,-3.637285910180879,-3.3194088796633423,-2.9734888840493863,-2.586399491862049,-2.2249424689539232,-1.9106145140446855,-1.5477648699468858,-1.2356294070263738
linear,-1.7076074923831834,-2.0447519387326025,-2.38314290273464,-2.703213845335514,-3.031804674280679,-3.365831876691667,-3.720317095692823,-4.023047261513578,-4.380566138641386,-4.705736302057764
linear,0.172727463976258,0.0285543862757944,-0.2430245676308055,-0.4275319921697559,-0.6349122355042128,-0.8310011825681992,-0.9778219816958994,-1.225585661063199,-1.4159574072046923,-1.637498816048091
linear,-1.8795852511364992,-1.5141849458527874,-0.907708607455874,0.1982604285435835,0.7625170034422191,1.7986696280824177,2.368809879257091,3.09803879183138,3.931077284101157,4.826361392391174
linear,0.3772324422250496,0.5745783910945464,0.911810049950609,1.0562861233685212,1.3771932544716723,1.6911410087445466,1.9220434463145064,2.190150150146452,2.411094750119454,2.726607765463265
linear,5.342835429320038,4.751251708655897,4.182124962059547,3.8229491566506377,3.3348670670048017,2.8797213382300724,2.222296766697909,1.726675024050763,1.3361934034030194,0.7964401711625635
linear,-1.3192624054903774,-1.0357826770054053,-0.8078393384317984,-0.6868959108814118,-0.4463738841240869,-0.2215117797926793,0.0449656219773596,0.1892486028572961,0.4032689370533356,0.6784861970108275
linear,-1.208626747913054,-0.6514496098376612,0.1586366875968955,1.124693342863902,1.7542985361762424,2.4588274912036554,3.1439647555341312,3.944857062362556,4.744984993911563,5.564455094353304
linear,-2.853161441492472,-2.6236689047125727,-2.41452326368646,-2.219299002608756,-2.0129004861679403,-1.7904515975726638,-1.5325148916410738,-1.3790109422282109,-1.1441943389887028,-0.9228679935424836
linear,-2.329381215401129,-1.8833728477120109,-1.3286023781840464,-0.7711213015659273,-0.1955033863233512,0.4782788089254463,0.9879578780890088,1.557047731666096,1.99692295993728,2.5805413634067964
linear,5.502602324844031,5.19575911747534,4.930509251304614,4.636126712225691,4.357153570230817,4.087666803002254,3.7789862049789935,3.5424637929256697,3.2797347282791414,3.050681990997289
linear,0.5563958201359019,-0.0266323677287975,-0.5926491865206945,-0.8912495163364715,-1.4273800256587394,-1.900867233890896,-2.2339064496108025,-2.616060001400759,-3.2069514563643997,-3.5645192480331085
linear,-5.1786203203148045,-4.310665348714228,-3.839430040884632,-2.8784069088185738,-2.5585979993236663,-1.8259958359483304,-1.0014649024668438,-0.204206382689286,0.3239123371671016,1.017596894313347
linear,4.814131770060488,4.150577663919036,3.6254688183149937,2.846379059547908,2.302433762204903,1.5157017336743828,0.9840755068328444,0.2636091600721971,-0.2444767548331674,-0.988541946407611
linear,-2.117185963002005,-2.619542728709768,-3.141597720127876,-3.692787300051567,-4.245202897036222,-4.783808732460821,-5.356898289949759,-5.825353622386181,-6.27484670886243,-6.909484761421296
linear,1.1182030996600485,2.069245668786962,2.946121372475837,3.279781677770901,4.469780317356427,4.999947849669256,6.8731485002948665,6.749495045988359,7.756154706622122,8.629835335829119
linear,4.648119939239528,4.369896849424323,4.089615328734909,3.892708053214279,3.636620627562284,3.3730055827798107,3.143997574079629,2.8949614944884163,2.6388788494985222,2.366543929163769
linear,-0.0267110924269866,0.087798385569173,0.1741494292291946,0.2898022925761219,0.4146630829475651,0.5264754614409315,0.6664287712121115,0.7768660069768839,0.9026486381053936,1.009105626069146
linear,-1.4978263529527738,-1.0996036017717097,-0.914930268980113,-0.6575456952596889,-0.4089226885240513,-0.0008208528749723,0.3298743271026637,0.5205163361940345,0.9145990628850162,0.9522233066792956
linear,-5.385208682668998,-5.232569328214734,-4.8234468867695,-4.320024145819573,-4.116139906612688,-3.514278389167793,-2.8515763833532275,-2.597017428728771,-2.1706695311064865,-1.4598834856483294
linear,-4.908043899355371,-4.38349455869026,-3.7946482416971934,-3.18156870714396,-2.48666791439088,-1.9366765254840432,-1.4059915599577113,-0.4778778058862267,0.1463465297022847,1.0199860653258528
linear,-6.497955461206815,-5.661410923551893,-4.9290353686936745,-4.248214014725872,-3.581956301562441,-2.8638808938461127,-2.24362679957351,-1.454072570025328,-0.7052183797841182,-0.0302281967085602
linear,4.113724933266854,3.6442927512417937,3.2805167334156216,2.8592034177519454,2.5244922574939443,2.0569633011174964,1.7428090855373624,1.2764830495030728,0.854215996718287,0.4216339783474609
linear,0.6938413592110182,0.1167340154954464,-0.5499080341228149,-1.049993203576905,-1.4730871334772229,-2.0982929555348444,-2.404043533541931,-2.9807306857285427,-3.4899443730443576,-3.947494220271551
linear,2.438216617212065,2.8046075973765303,3.117528780369755,3.5459731056074006,3.96468935398049,4.381705523423069,4.663870845903817,5.055680581205425,5.507658015820334,5.907232961619903
linear,-0.5850952220443248,-0.0808777128341309,0.8807593551775006,1.9023641825556148,2.7058337813847766,3.2312470365947754,4.218773397037462,5.447426684259242,5.784932921629547,6.445252745904773
linear,0.0103600369378733,0.0271067917867715,0.0460123282937459,0.0652970428840568,0.0836360581912138,0.1015360103827938,0.120337034639779,0.1389656818805268,0.1582676212150011,0.1754973220836387
linear,5.703444126822408,4.934387683049479,4.081051139022098,3.231339510593686,2.3078447041516164,1.5195392059762152,0.7935754088776289,-0.264835942029044,-1.0950805411937974,-1.8221896682592988
linear,5.352769557089527,4.838973988634351,4.564077470645262,4.176989197535294,3.786114529292676,3.4868765235888723,2.9434616934950677,2.575458777702436,2.08102759632455,1.813999258152175
linear,-1.6692688028377392,-1.235046697012543,-0.7668085665955082,-0.1108033981324601,0.2966379516060845,0.7292572642618109,1.1517552953790835,1.7953596425927527,2.4309277224160595,3.0996617535184
linear,-1.313865618373027,-2.2221679634472657,-2.615677813287104,-3.236776792432051,-3.929989420496793,-4.653713584616149,-5.217322058927319,-5.9119318506368606,-6.668236278233741,-7.026892421244152
linear,5.476633936274604,4.960523270307454,4.374480126240423,3.8728018087256246,3.348436348480825,2.772580739146232,2.299238939190781,1.716761700654588,1.2009760277148969,0.7510330791668393
linear,3.723228367989416,3.130866124569376,2.324582751840232,1.730739376912551,1.0704294084049928,0.3258656391434507,-0.2857460384149279,-1.0632680395728211,-1.744185746290678,-2.483818888238037
linear,-4.06348608284195,-3.91338908024258,-3.714825363344029,-3.463606868836521,-3.3203029306043703,-3.1780054040993204,-2.949827370382218,-2.781705170297301,-2.475795159728928,-2.400089634085856
linear,1.0250449571617988,1.6877248177538116,2.013636182307517,2.380987325053673,2.996416971895368,3.6549260078890384,4.067506121499972,4.468626682387564,4.984659022576074,5.498334351613922
linear,3.217601202595619,3.265077362604895,3.3197703659221705,3.381946520422224,3.4290558044495736,3.4882455812948745,3.5450576884158025,3.5939274172838247,3.649062041539058,3.707487325808886
linear,3.774117699126368,3.610151342424408,3.462448053870463,3.343804521844935,3.237011063127171,3.0975651333626915,2.880498375795769,2.786626721690992,2.714957267464256,2.5409585577118827
linear,2.320875003643014,2.0640859498936086,1.7897437490741248,1.5245368197084244,1.3313370973064769,1.04911148612115,0.7879143621756146,0.5252727231824691,0.2327003143995472,0.0267470609920079
linear,-3.6263396666567065,-2.868674427735172,-2.4173769688637745,-1.9707083938476488,-1.1980498911805708,-0.5088962490659621,-0.0227252050453322,0.3829240577447652,0.956675260926612,1.5842651763654825
linear,5.662545171164672,5.399808205495725,5.084584685882292,4.808434861829318,4.615291266837629,4.328908739643498,4.011164353643369,3.803605927981566,3.4091903178130583,3.2444891596069128
linear,0.7743271843370406,0.871802861573226,0.9620319435044348,1.0623605813326469,1.1359313197276395,1.23639073975541,1.3284101840316516,1.4158408963581737,1.4955238926031988,1.6010858671286168
linear,-7.010466947645148,-6.416941529232071,-5.7852254147225,-5.203063889736872,-4.630968947739286,-4.033537194478322,-3.4175902174300514,-2.7763802501224464,-2.180776128856431,-1.5668519325998689
linear,-5.8410921824768245,-5.2574640200408345,-4.62709568603497,-4.1365209511576975,-3.500527417205643,-2.8331744572034,-2.3598690567430483,-1.6456955637450914,-1.0378972078757245,-0.5283803808352653
linear,3.453952731584088,3.852075576553324,4.035854204431879,4.331892949596687,4.59454269439284,4.952037982398601,5.288366337749096,5.48489989514186,5.697953350175311,5.993667837031581
linear,4.8551304850960815,4.3371977820496,3.6895746911621514,3.0940314603106325,2.4719713363149305,2.0269608307208684,1.2025949716184288,0.8158679884644549,0.1528700920194022,-0.4311270374461091
linear,-0.9464249753485025,-0.5329903276864373,-0.1763359275193424,0.1691120441261716,0.5891950743029424,1.067637168527525,1.410061313805683,1.816684856357332,2.1791470778432283,2.5543623214327424
linear,-6.720814341853464,-6.378245709713504,-5.9331178771478985,-5.462834701314885,-5.024958742163862,-4.572890031658789,-4.037940901686264,-3.6920479241454887,-3.396686933746676,-2.815768813650553
linear,4.715329062197565,4.261974248170586,3.828145644033993,3.4480287354434997,2.92609243268875,2.4625356818155395,2.339906138437173,1.6166638402626707,1.2482571257832842,0.6919967068802886
linear,0.3070013938524379,-0.3600746693500336,-0.9994560558115326,-1.7396128845433516,-2.2337188007091866,-3.002385567445607,-3.533212990147282,-4.197557122084834,-4.859303040763699,-5.5619259192105135
linear,1.7670590919353293,0.5724264971634905,0.4247660609735003,-0.6459326150514898,-1.5475636707755316,-2.3797722436421536,-3.0016371622577718,-4.082770290415303,-5.187005004789335,-5.440034529923565
linear,-1.00041343123579,-0.7746570148278669,-0.4726615694442835,-0.1768229794034778,0.1694940745640135,0.4085361478515513,0.6905196067109528,1.0677770468246952,1.291666056933304,1.5763987074298802
linear,4.425400219592021,3.7424820418860714,3.041400323310808,2.453905983723029,2.0074902663252234,1.024163868001684,0.593266848834354,-0.0940614722371366,-0.1952700388864221,-0.9418905635921576
linear,-4.249513245643078,-3.558666461321157,-2.166648129431917,-1.6085601145800676,-0.7451517743239774,-0.1078810079164449,0.9685477787926446,1.6167288185305224,2.4690461163557567,3.457010388123524
linear,-7.761553176276353,-7.128544398453089,-6.230451750564892,-5.373674698004778,-4.342444778418759,-3.4799171279438865,-2.65395957415301,-1.83003744832404,-0.9747177840033018,0.0360032618412108
linear,-0.0647449493624215,-0.2222210190780874,-0.4375481269421084,-0.6055532569543328,-0.7933259120015048,-1.0056987675977114,-1.1306605558551286,-1.3415914841970176,-1.5076984110434608,-1.7174369058962875
linear,-4.641629835496888,-4.171738917390399,-3.6681775286812033,-3.2075542055642736,-2.7537390714763608,-2.3645689790101443,-1.8705485612060484,-1.4137536194717248,-0.8835473193029467,-0.4357027243162009
linear,2.9998613599265505,2.58718715312437,2.381427059477664,2.0480640099093725,1.8065534503709524,1.423505302866194,1.0289424783916523,0.7716390179589998,0.3254382457182824,0.0241010715415627
linear,6.553985305512132,6.205570536838498,5.750893644291859,5.420049671740927,5.001128421271738,4.664698122455206,4.200109712470542,3.7640775899023806,3.3879582813756537,2.9370546680444707
linear,5.6916997677935655,4.931624781172177,4.012074184707212,3.356508067882469,2.5519959763722726,1.6018269306399144,1.03101551979564,-0.2246697104751318,-0.683836382498852,-1.6370433453922475
linear,-6.4604060763477404,-5.686070678466584,-5.115985100566688,-4.207481631925448,-3.623292964515681,-3.102027293280102,-2.320515319793764,-1.6755269536918915,-1.0795848542739142,-0.2901559140936157
linear,1.3373850400225564,1.6324810029746608,1.929243041339864,2.197868605457248,2.627665817582026,2.7877381571398203,3.1720378795799062,3.438126680478304,3.8543821143029615,4.018764363293806
linear,0.7445793437551433,0.2541878232368703,-0.4523192512906832,-0.816638711393604,-1.4446212349098606,-2.093404970627521,-2.442504303290493,-3.209548834786924,-3.5981170199079457,-4.289826894727263
linear,-5.002867425898597,-4.145967741753252,-3.618051382597177,-2.957890126136296,-2.1121413338738546,-1.7429047657035874,-0.979948288788451,-0.2137781839096923,0.413554263227475,0.9275947852981568
linear,-6.992196148765283,-6.544188579535033,-5.6379307265733445,-4.99253585543099,-4.251813146239935,-3.404012576119968,-3.010859039386304,-2.164936915789067,-1.3939962890556894,-0.8108133637854111
linear,3.224435984069993,2.8491867720482738,2.606799416799826,2.3333895783749425,2.014020955868434,1.763971761252002,1.4410928196839723,1.207202398972938,0.9336041161036768,0.6279926943698171
linear,3.7348296626237776,3.627927439221572,3.624845695578985,3.5430560901086765,3.463614493298205,3.4274014712834013,3.336773096846907,3.272077600972984,3.223890239137416,3.181569375928184
linear,4.216648772128695,3.2457190437254466,2.7177505984354933,1.8219926560194533,1.1988533312028786,0.3964376840377532,-0.263025271407767,-1.047177824332676,-2.146259349474604,-2.522732594371118
linear,7.2178330632227,6.353781619298024,5.962302066027377,4.937047566885436,4.212054964566567,3.5860826687872613,2.6945446950351504,1.683751718904701,0.6153192009277316,0.2684473322034995
linear,-3.816916706763221,-3.035075867465008,-2.615436562962238,-1.8836839284239555,-1.248322692103167,-0.4855883623556817,-0.2821237562753914,0.5142033232529437,1.318338888704378,2.041384283707551
linear,-2.7431946454820086,-2.864468808775714,-2.9906965423103973,-3.140463652579012,-3.256530687138896,-3.369782533463314,-3.4854988751408627,-3.63385163066136,-3.774309820462813,-3.904223160195204
linear,0.8444018413722103,0.7762955232619462,0.6543078447473181,0.5676848663089453,0.4790563879089161,0.4057606949175545,0.2840380514859637,0.1867178354759909,0.0934288110606618,0.0236897026386864
linear,6.26290845437856,5.6129875879489495,5.258851716526632,4.802437310029754,4.417726300002919,4.056017229235421,3.4324419656076577,2.86485510900257,2.53887420470353,1.911615004895085
linear,1.602579877276563,1.4942560315914908,1.4319632699231304,1.2916609114690132,1.1401485866037235,1.0936653940847578,1.0075055191687243,0.9030190826127772,0.8571908812989008,0.7007750704951466
linear,-3.551438641840095,-2.679908661860375,-2.0056837830603835,-1.1130619401939743,-0.3989160377978334,0.2750341107424273,1.3008950183487231,1.993914848861901,2.645708433433397,3.492884228169353
linear,3.398410989902453,2.50055390031077,1.584350107274867,0.7688189032463844,-0.0642643283093914,-1.0107320268726463,-1.7251129588355112,-2.690937284057294,-3.5502998579930853,-4.457755869631875
linear,-4.770531142205767,-4.1679418087123405,-3.3627608300721064,-2.769625022044645,-2.0967445972132457,-1.2853883290570465,-0.7722215860570296,-0.0553256017380523,0.3376776085885921,0.9685130516027258
linear,-0.2209175894086695,0.3855707658976677,0.9889723049519183,1.5429235864529685,2.131189047449042,2.8658468924527614,3.4367446384072946,4.209346258712576,4.740233972164926,5.346719410071646
linear,-1.3076075182808249,-1.0571899698406657,-0.6322271608196359,-0.4047859761695639,-0.0139873521713002,0.1948326918539016,0.4001288450518834,0.905004381714088,1.2669431240941773,1.5754611381636665
linear,-0.2599783602407489,-0.4196489696575415,-0.592720472980932,-0.7244782426205532,-0.9131716850567504,-1.0662414890791303,-1.1894552801406308,-1.3591145845025054,-1.5359051703772666,-1.6835956266655927
linear,0.1395520826873071,-0.7550300994512547,-1.575813437401681,-2.373984698202884,-3.361497420236637,-4.291000301449402,-5.048589232243332,-5.971223750932612,-6.827154996023737,-7.707938247860771
linear,4.699734427654129,4.069394359995689,3.755293126909402,3.2138250205528567,2.5727363713063767,2.0137287701996014,1.5038128842093514,0.9744027988175128,0.447468091988693,-0.0969660675363728
linear,-0.6225440331328396,-0.1619705692517099,0.434633086335595,0.8985646323338039,1.398262261136125,1.8080451939252251,2.429267014480881,2.8202009499279286,3.341337758594892,3.858742906268468
linear,4.236051477973232,3.5565148693216617,3.156644818849464,2.6332270434837968,2.078162332635874,1.4854709145305949,1.139462597487114,0.4598162234888122,0.1898543995315816,-0.4059992857433365
linear,-6.676661032756603,-5.884769851800992,-4.893284637455629,-4.174392865723441,-3.3353904357679016,-2.3133101446692623,-1.413772256871633,-0.5665382646721229,0.4924867707734333,1.1558790378828945
linear,6.179121945303621,5.777141851073003,5.455311581202799,4.710196964316009,3.851706464295325,3.108735998802474,3.0222335970262346,2.3490215527018243,1.9353065659096,1.1123390970430476
linear,-0.0837846385845793,0.4785659250759221,1.0916874476317218,1.7126099483802928,2.2066643242086776,2.883192751697689,3.273463988469737,3.730978503267222,4.681103375014794,4.936092838397195
linear,4.253985110572658,3.903078312238547,3.522152403238488,3.159388451346276,2.5860428826399224,2.5317496280306453,1.997052544080572,1.673641385637496,1.1442677530000998,0.8345936476165047
linear,4.099523055035339,4.225980824232985,4.401265785060291,4.576832445320994,4.7925942196851725,4.865394811321606,5.052120926777277,5.202193082336263,5.397601081458771,5.575260085837464
linear,5.639277158805199,5.288797873223968,4.778426034462467,4.298848251444404,3.767614417478389,3.2712168603549925,2.824147921614024,2.414146552073874,1.9943583336750548,1.5280540715931517
linear,4.909131750507412,4.095804669444311,3.638118358812228,2.166742377496999,1.5896798370966585,0.9990345394179182,-0.2840431833013597,-0.9795056313359878,-1.793746735214832,-2.5759121688494755
linear,0.3394690499738405,-0.2151604434864437,-0.6616329790448434,-1.1980730459363913,-1.6626073349165982,-2.038267616457058,-2.6243408799524346,-3.1745467706426043,-3.6019880362666905,-4.163720253546012
linear,-3.513263289160764,-3.3493386810262344,-3.180465720098835,-3.0371616870831195,-2.8582830339042573,-2.6752307209063404,-2.520148643059368,-2.3446593933902764,-2.1631346759123176,-2.0062540648054568
linear,0.8600007786711438,1.1031243459792277,1.2896854501796524,1.5724196979556238,1.851271025704508,2.1184700256192825,2.4172661318582844,2.7136652097598573,3.007473923249928,3.2374478927865016
linear,0.048540494049391,0.8246778772444345,1.9425307510788852,2.520776220745262,3.1783694592086267,3.586063306900633,4.41868214590302,5.245316211680281,5.859371220719709,6.851957346202631
linear,0.9519808615238288,0.987747627427356,1.039443891980894,1.0850337568879944,1.132253457642964,1.170385799106225,1.219756431342497,1.2609278230864405,1.2981889139106426,1.3418147249992918
linear,5.536708589054637,5.036251248773644,4.538781149898053,3.986100504776709,3.624886704297048,3.0902704024059653,2.5679882020314024,2.074609327512194,1.635787031420215,1.0680651815067534
linear,0.2033522499609321,-0.5676905837667893,-1.3947102262333366,-2.140480088970891,-2.7776157777752477,-3.605518630257533,-4.47271544171126,-5.291318849329756,-6.0166439498666575,-6.785553747334383
linear,0.462086612456045,0.4005284781096414,0.2692408710865298,0.1327083936456991,0.113842275329954,-0.0062013311556025,-0.0844644043954053,-0.1377317144344131,-0.2305932020716259,-0.3322848157682848
linear,3.5043549615329197,3.369025126260248,3.23123739953047,3.0654686295037017,2.8828219204255405,2.785727396622254,2.5444667228766336,2.444782409011541,2.2871000568596087,2.151575114888332
linear,1.0587612458919933,1.5991669174882008,1.9743518885826088,2.9508351798829264,3.1700198832212547,3.955439979708826,4.535198386943282,5.105720059384166,5.604787735822293,6.331766695767493
linear,1.5996848240190742,1.859161541152218,2.09378915375092,2.2159683303766986,2.476417196667119,2.636077674361501,2.7842441222003087,3.018113699499406,3.215234436104543,3.393030764797401
linear,-5.026211479104261,-4.902064212542518,-4.826997695200338,-4.717042260965087,-4.61653594035285,-4.553486053151048,-4.462148196578923,-4.323056119040564,-4.24921640558907,-4.167206149458156
linear,5.694319745425868,5.048563735425482,4.74543534113283,4.115789497662367,3.5687755291397227,3.14402134535966,2.4460817453288897,2.204396472869237,1.7149687113215342,1.3268810484368465
linear,3.1341181842501302,2.2989761857876974,1.6503677253047804,0.7223770877444705,0.1616850703550443,-0.687572143114349,-1.4893208401250102,-2.180355236722177,-2.824003898746029,-3.621787434101652
linear,1.1955669499655888,1.4426219688219837,1.634040415245021,1.937870397103872,2.240808757111475,2.482927195178308,2.737388249733544,3.0374941768843047,3.233680974799426,3.526851955654471
linear,0.2495753259384168,0.2570002502875979,0.262794384970567,0.2731684881196545,0.2778768406914935,0.2865456747394987,0.2939103466378303,0.3024155860526103,0.3060324094845392,0.3182175239755113
linear,-5.2321499023226,-4.774612693834826,-4.602101490335603,-4.175198606909465,-3.934664157219848,-3.585974076008841,-3.2868154459602588,-2.91057355421272,-2.6929288887965668,-2.3905490592213483
linear,-2.134891972259795,-2.697138356090466,-3.3764211830980826,-3.95301985724446,-4.568054168500289,-5.013380992853842,-5.670076341529323,-6.249392544935551,-6.9099269467272215,-7.441862942811286
linear,1.7881867487057324,0.7373381571818948,-0.0895114824142109,-0.900928509641268,-1.5477428958259791,-2.4089830899083693,-3.313423596174196,-4.122887847876227,-5.004478691509756,-5.705985425578992
linear,1.7372712002295745,2.2672672489139183,2.8207967850993207,3.417709715625558,4.019961302146915,4.468375132732666,5.019675058308896,5.472742174183137,5.965651583988492,6.608986206460565
linear,1.50992731469809,1.0479184394953796,0.7989881117909706,0.2864044243122718,-0.0592890237978682,-0.5813700315390198,-1.0217586235411724,-1.535759083492698,-1.8765924851928568,-2.300852227257066
linear,-1.575975789522446,-1.3931355199088753,-1.2410678447153387,-1.029944399681891,-0.86682325385903,-0.7611702294477121,-0.5123836691708569,-0.286770320964933,-0.1831843421109942,0.048941847123114
linear,4.634456787003418,4.630324366751754,4.6057053132594605,4.589209408942338,4.577911345951001,4.557784095365787,4.533930592747853,4.5178689385963615,4.505840598514042,4.483832180581431
linear,-4.961173562696649,-4.225454002391024,-3.4578018160528328,-2.575067831014741,-1.8171332489400336,-0.882293990703801,0.1709624196153804,1.1438072949013165,1.8736414511275608,2.6648300357554566
linear,4.242868522087342,4.429924434359128,4.56625436078882,4.662154100912786,4.828602189235486,4.976983333420451,5.135291680752238,5.284052032441145,5.483714899820951,5.563873837939664
linear,1.0336339872811968,0.6169694264176994,0.1774226769192242,-0.1591352544622717,-0.5290234309212041,-0.925200935728144,-1.3023372943768974,-1.652688848662758,-2.061898812983555,-2.4885258766864906
linear,-7.484243116668472,-6.880368161373947,-6.260439016208831,-5.628470619093973,-5.008869200165563,-4.278870622258269,-3.7046061273247584,-3.0302458030030825,-2.3478087442047486,-1.7563491311229114
linear,-0.2992555719319646,0.2911832815245518,0.6521091679849368,1.1349830246179051,1.8290252895378167,2.2867841955186856,2.747602715239246,3.2709820295113303,3.4616202163817205,4.295056406721838
linear,-4.287756199450159,-4.017930355069616,-3.6717708279993455,-3.4299502766286603,-3.0413735350889444,-2.9397491597452903,-2.561812304756834,-2.0621507398697747,-1.977627710460565,-1.651608534864765
linear,-0.2331347196056875,-0.7791907191022184,-1.8381127395054515,-2.294212947680723,-3.0390626567328947,-3.74436481419768,-4.67751577648904,-4.813168788888122,-5.999029884187327,-6.895483447136267
linear,-3.7746930258882423,-3.4681936336823997,-3.1950229473718466,-3.0190910126413195,-2.5701639773087384,-2.371700194312913,-2.0662732009293334,-1.6185144417070263,-1.2748396243732143,-0.9242284547461418
linear,4.656023805171444,4.556288387184876,4.469913317774729,4.431326794596025,4.330240029618436,4.275159116259349,4.19958133390853,4.09504496262004,4.033828817637341,3.9363155669512926
linear,1.2111432972604226,0.7968606330273239,0.0962070310885702,-0.3426006157631036,-0.9404736349369376,-1.379555205898248,-1.9402636016218595,-2.467539329081284,-3.0628255853818174,-3.585339206280965
linear,-2.156457281986888,-1.7200615797217025,-1.2614085376902593,-0.9180307550013894,-0.4784209664717151,-0.1318337935109925,0.2905072378186087,0.7118925469991706,1.1101922039978138,1.4839020056313432
linear,1.906109617369141,2.5025522598619885,2.882615372576649,3.397673629182771,4.145320962502314,4.639183362354363,5.016354185393842,5.574955215136663,6.307527980177269,6.797938719030257
linear,6.30074697435903,5.113478417449835,4.807944015376089,4.220122976368114,3.201246764561377,2.6831051434998976,1.993795531360971,1.4741147964439745,1.074879264190005,0.4795211897950874
linear,6.960356134221044,6.382960569232053,5.794506075688097,5.35950611483615,4.720227456332841,3.917279760283442,3.5312552124584067,2.9627094498676465,2.324229417112532,1.830364162990343
linear,-6.142865129252773,-5.4362426769756,-4.964400802708599,-4.486084049185761,-3.716007430842789,-3.2759529034599586,-2.7991086954593025,-2.3223512784181075,-1.715831380327579,-1.1247150073955807
linear,-8.687362909147955,-7.943532551024473,-6.9608443538024245,-6.092938173154247,-5.190998473495645,-4.322892182245573,-3.403415408809961,-2.4254420725778445,-1.6532233109142045,-0.7349513952664329
linear,0.3376843649677175,0.0822132281995579,-0.5081029387875232,-1.028236863420604,-1.53998213351329,-2.07386604686858,-2.457722748527976,-2.8270640984669693,-3.4029262851910835,-3.9064171654799273
linear,3.636540708784164,3.4587579716759715,3.3170387544599333,3.178763953395789,2.98791840851374,2.7277799314518125,2.5839928715457168,2.383353399080307,2.2284080880854438,2.115005923635379
linear,-2.0667386253199767,-2.149435859159709,-2.244365676744817,-2.3473745192665665,-2.4359756926284155,-2.582064247383184,-2.636063858602378,-2.7596650128870404,-2.843492216468828,-2.9757623908986406
linear,-4.178465197623301,-3.587564853115211,-3.23775336343522,-2.649083521648344,-2.1768117012378063,-1.6835166459858488,-1.396025844019224,-0.8186934994886148,-0.3321297600981392,-0.1489417464304187
linear,-1.8649132206640968,-1.4801709504672054,-1.2567697863393257,-0.9145606077846122,-0.6055093611481964,-0.2732707061608343,-0.0198149219384834,0.2818689155215601,0.6151529753084668,0.9530928765511496
linear,-2.924444240221264,-3.1167651712607847,-3.4050489719605657,-3.640865787758648,-3.880899302787437,-4.110830477839627,-4.343446717159602,-4.5817057115772135,-4.835317357525486,-5.108643923079536
linear,-2.388297007048935,-2.775999308539123,-2.9479845241744806,-3.140839983923966,-3.5496056294131804,-3.890541141569918,-4.25863549548561,-4.337786392349359,-4.891283311553633,-5.173986736464706
linear,1.583550448680977,1.2383626645546972,0.8485262658474685,0.431289448861519,0.0008073908449786,-0.2974213993463,-0.7230582255608307,-0.9822785113903324,-1.324162927486731,-1.64072823953629
linear,-4.587306609563883,-4.516905062576037,-4.473388378955648,-4.407382700479145,-4.370842562873902,-4.311900385388758,-4.233114993968604,-4.173108808614849,-4.1446095035801855,-4.063758394849294
linear,0.0814790067765968,0.3508341321643413,0.6534201304537721,0.8459120045420134,1.107277171981423,1.3847696418107371,1.6682865901561583,1.8759268016746056,2.209074360253621,2.468809893584704
linear,0.8259907630545241,1.2474526149143097,1.620742782640194,2.0464203120064117,2.4125806660255456,2.863726133760138,3.291557720402064,3.733275004235049,4.120563943950151,4.55087776723907
linear,-1.5763473645073562,-1.4753341997942768,-1.405521291416967,-1.2693470994667786,-1.1521723490997282,-1.0405926802568377,-0.9162944155010604,-0.7686037036613672,-0.6735826615777725,-0.6103716763476549
linear,-1.195615312665156,-1.67238278717808,-2.173248398198172,-2.36180210000504,-2.761261826352752,-3.181416978068334,-3.537914801011232,-3.981833054178361,-4.224125074286203,-4.665230649448924
linear,-1.7183512730525303,-1.2496122931650937,-0.0721806612241171,0.3166351875498846,1.2463215092138404,1.984319975403156,2.721096284533708,3.1048152700616085,3.9988231774461,4.996195547984689
linear,-4.274392247489001,-3.5113484108757858,-2.913592320176092,-2.2144407891624645,-1.6368169813668447,-0.954105368448403,-0.2792012080901405,0.379497545337096,1.0487041693279664,1.6339844139555153
linear,-0.1544046409111442,0.3172886854370463,0.8102378762032788,1.4857196360259428,2.218700697771257,2.9162856944016355,3.3477207221588747,4.065472076908528,4.722833331252144,5.407578403772981
linear,0.2192230017323531,0.8759237667393907,1.6186590857967822,2.2919888216391118,2.9911230396650117,3.804116769112333,4.489667491670606,5.212865654052018,5.982190336214892,6.5703986767931015
linear,5.871429291922848,5.111092361115857,4.359244445451035,3.7030346585148046,2.9978757487173024,2.3265788501400317,1.5882594154406011,0.8812240366724712,0.1634692255824136,-0.5731551508409979
linear,2.5608051805477268,2.871844447992033,3.1720389672646734,3.4858746446560667,3.793352423253282,4.079640423008824,4.432433047650599,4.763417038231284,5.08871887460459,5.4173794519048
linear,0.5988071631285574,-0.3144069430279669,-1.3300907816416443,-2.038433473673978,-2.8061179454000063,-3.546202799029889,-4.221043146531469,-4.551140233026025,-5.818488173527304,-6.486580678662273
linear,-2.371755062575036,-3.00268613066082,-3.2877817211706475,-3.706900897793731,-4.30704202880117,-4.646457491256828,-5.259838554463268,-5.592422657248126,-6.0884252138876,-6.633372393218918
linear,-2.97987386460684,-2.934997772408162,-2.8915602610281117,-2.8354165130203097,-2.784019355557451,-2.737948712861295,-2.6998049587085333,-2.6502644202746994,-2.6001019115966857,-2.5544338679809986
linear,0.2406812496569057,0.8859072786021742,1.371050829389714,2.107016548381119,2.488861296867005,3.429100397675358,4.159146324731883,4.859867246153154,5.568609524177426,6.2206434514812505
linear,-0.0333208481241174,-0.2029605503967021,-0.4058667656104509,-0.6072063441430703,-0.7493962020072954,-0.9731412587094908,-1.1236133124371552,-1.321226746699674,-1.517907650723482,-1.7034140071563748
linear,0.7464208412721464,1.099629529002369,1.3397360981264186,1.795267995307233,1.984799395179184,2.27501503709323,2.5865470160393493,2.862910160642175,3.365946334983413,3.6750465427726526
linear,4.575482781436613,3.9739666398642353,3.485313308638592,2.823942458867481,2.3238823644977824,1.580899491330255,0.9287459186898804,0.3065515420639514,-0.3865764088373511,-0.884814683205897
linear,-2.809283177364025,-2.8483049833247867,-2.890300708462779,-2.941630537878625,-2.990789900168446,-3.044723375443561,-3.0807271499539626,-3.155371118404782,-3.178748172913332,-3.2111812201966603
linear,-7.7062673996242035,-6.948264830364185,-6.343850706261064,-5.721286884964209,-5.026866390256882,-4.438578769524698,-3.556674078806246,-3.135757374987953,-2.486086128525814,-1.981575577018477
linear,-3.227164618180588,-2.7529743774158097,-2.3435551557760785,-2.137004161902539,-1.8581956112978872,-1.6664025899117572,-1.183017570886875,-0.8595146796098612,-0.7377569103072782,-0.2083085535655428
linear,4.759633009174749,4.175014941406368,3.624140426237013,2.860226095800722,2.307242011219611,1.7856597794090627,1.2529261400851943,0.7139991721409195,0.1342600996423249,-0.3854007171928772
linear,-2.9707081110195688,-2.044921205938925,-1.1410125774322455,-0.8574862006987978,0.8232520922974684,1.3826476980528506,2.041924286185385,3.2403355975516788,3.736828156077552,4.636334995978841
linear,-2.713308915032552,-2.038722138037364,-1.59441062482549,-1.1529683393786747,-0.4631796928412527,0.2628587325270425,0.4866005626783382,0.988447463943698,1.5253279140784393,2.211684109813278
linear,0.2271196712439373,0.8474759335760756,1.4400264953482724,2.218192353569113,2.579948348009809,2.912431327860362,3.467159820682812,4.283140104184231,4.779012822011252,5.1591008185310905
linear,8.593287674969952,7.959704855208121,6.961605581470333,6.063808982422043,5.366088403738788,4.477579170113689,3.58503232979034,2.97125665626777,2.2025169457524094,1.2633767543203964
linear,-7.193516962305382,-6.66132479637575,-5.9065701150958665,-5.43925112586698,-4.870235965545153,-4.28760210530678,-3.733079694163239,-3.249723222378006,-2.642212217022052,-2.116189821520216
linear,-4.638538461955956,-4.531184003753723,-4.455366899854496,-4.402616715310551,-4.279329902560926,-4.1895547014754015,-4.080689411332842,-4.0492420123662205,-3.969919055772601,-3.897905043936274
linear,-3.544515972747964,-3.0780128116776444,-2.440681609416948,-1.9703082517410668,-1.4116661144322302,-0.9302270863359337,-0.3676553593565348,0.1752686801857318,0.7169424803841156,1.2666963688259951
linear,-4.076335771523532,-3.6017968532029188,-3.0941439815247365,-2.383839905195534,-1.7939713109532456,-1.26399910323474,-0.9399303391657404,-0.2826922148594726,0.3688350224055076,1.080200784474478
linear,1.8611321074021083,1.6415299320465115,1.3007753970790297,1.16269510520598,0.8840207216987043,0.6079659718440404,0.461372105357499,0.3282791870486581,0.0617889483514902,-0.0742744963215999
linear,-0.0475349169731671,0.3788302019361891,0.9072250216900272,1.325000180245285,1.7833394860669056,2.298975156432491,2.7579201092570096,3.219541303083699,3.6405898972194906,4.111535332446916
linear,0.4231042335648601,1.3742117326134309,1.860141921172964,2.336663149752386,3.1936355991355136,4.018327912829879,4.74166841306707,5.273744617422284,5.745201882145779,6.375883268522372
linear,-1.0484529855009856,-1.4554306380264408,-1.8609899689913516,-2.2341296528933685,-2.599429555904383,-2.8882900996437084,-3.3877410805932984,-3.753352343127452,-4.190953937176194,-4.479854052432509
linear,-5.517361596113664,-4.925620568809018,-4.278073868053943,-3.665987794679338,-3.0555506717744745,-2.431842276879528,-1.7988421609213363,-1.2078205478544977,-0.5852141787504894,0.1125482665696829
linear,-3.1619091880470185,-2.4426241905832664,-1.7128873639458504,-1.0769834875905744,-0.4493353089233039,0.2341784791271207,0.8041130552494548,1.4941812735073527,2.168130626031183,2.71336883827199
linear,7.03126107824101,6.292940276737717,5.335332807684862,4.596263152714161,3.996616929108409,2.961837044397182,2.50673923524067,1.502631410705388,0.943463039827379,0.0418203053001924
linear,4.324137104128627,3.3061983589576047,2.924449153490753,2.157577373909142,1.5209511082317315,0.6993107778862186,0.2446978299248417,-0.7363674895530062,-1.0570196478943417,-1.9604808723176887
linear,1.2017346632741153,1.981875337146829,2.665610528926432,3.5469446112219374,4.391608180040466,5.322988793614125,6.074024223946527,6.884900670402998,7.687465273682341,8.5280284817613
linear,-7.92666367100671,-7.28057341612369,-6.673472853897361,-5.998291281021412,-5.250625216211947,-4.682406139679236,-3.9954564766180782,-3.4943243314282038,-2.710428057199013,-2.0979417082320246
linear,-4.279492770171,-3.7170420640332713,-3.353014107869132,-2.9824736895994217,-2.617008305578743,-2.243629625960119,-1.753210075110773,-1.2789931733890063,-0.9539026741640872,-0.6381679777240403
linear,1.5531479250199398,1.6930897936516558,2.0848864233752824,2.297087805546279,2.5492569019571176,2.8598147510061613,3.1479642935388656,3.3423827319690105,3.692257179041245,3.961290970069688
linear,8.47870425765754,7.1138919863497705,6.722292194284058,5.606355093889695,4.737684562004524,3.548924032751261,2.9642516312215874,2.227098599746736,0.9740500027046268,0.4414706440539663
linear,0.0779821557050517,-0.0378293255392892,-0.1916036596630764,-0.3885782345201662,-0.611452027941243,-0.8236570261340742,-1.0252314008520802,-1.2069644476333476,-1.373411717475977,-1.6052368737035625
linear,0.3061249332619279,0.7115024323689908,1.2181771306599836,1.5836422130314327,2.033752643892696,2.371805169026961,2.842334919820873,3.200513696126596,3.5784928885125984,3.999714599625917
linear,5.2260735503078815,5.140260393928184,5.06268809302937,5.001603154298973,4.9469125986957625,4.85565099281692,4.780122548047174,4.721609444509113,4.654656201802688,4.597600368117411
linear,2.937199487538154,2.34982629166128,1.721154617265953,1.0754861712344457,0.7460787458221056,0.066178504901225,-0.5744721277301363,-1.5428054740557902,-1.536685849257396,-2.541963329359808
linear,-0.3302355325884487,-0.3571924078087125,-0.4751433069716516,-0.5594005155002371,-0.6510615325514564,-0.6873949574113505,-0.7737788181332849,-0.83381420437062,-0.9751295872306084,-1.0395932946624111
linear,-1.9822918562739484,-2.4801528333217324,-3.0574647490451965,-3.883064567575112,-4.203943152075203,-4.920867677828667,-5.5331386628596775,-6.159610286026252,-6.712953333611162,-6.970525523007945
linear,1.267667840402676,1.8280672294859603,2.254037535764589,3.055684371552986,3.7983903979515543,4.586773529358476,5.1918057225900975,6.098643497848531,6.9862273916031095,7.299861111742905
linear,-6.966914186357328,-6.46575671278492,-5.93247288033193,-5.438563440513169,-4.904067592285556,-4.408677431992951,-3.797047341896051,-3.271742305062816,-2.709308879031307,-2.2252537671803103
linear,0.7012690297625394,0.3598348305582227,-0.075954092878962,-0.5207105934130256,-0.9650794228837328,-1.3147343959629454,-1.6759796521897654,-2.080447074785204,-2.534157673198932,-2.8946882124409354
linear,5.82510358220838,5.144459329956953,4.270232328762858,4.146569483285376,3.1857608727657167,2.5056090915810847,1.7907541241950102,1.2907480115220942,0.9481707543103284,0.3457771768150051
linear,-5.014962611679293,-4.708452520104763,-4.422702023251381,-3.983911159554661,-3.663173179802848,-3.094760900672237,-2.822523038293758,-2.4387000032153803,-2.3792398150239342,-1.7631553690009805
linear,-6.862533357858294,-6.325525055864117,-5.307880282242374,-4.844057841183946,-4.322728014275162,-3.5719971981371703,-3.2567267551356576,-2.4148881016071826,-1.6237596055398775,-0.8721083995455354
linear,-2.2795627377440897,-2.461542228885752,-2.761890356168459,-2.9459389272313588,-3.36064106922266,-3.646753979667543,-3.8707229453366745,-4.300626334129653,-4.519529856212412,-4.824476612336766
linear,-2.815971576988508,-2.29818513958626,-1.754029803657964,-1.4168093291046222,-0.8938910572263242,-0.444999904867319,0.0302670270236627,0.4099467012544637,1.0491189605943223,1.3940352786553547
linear,2.874665275332619,2.293784930779501,1.980995889936279,1.4326408627506932,0.8194975476445396,0.3594824372986566,-0.2839366902548614,-0.7751221891368743,-1.3731596925900929,-1.7171922760518972
linear,2.075560244790519,2.4976874948263,2.807329581028416,3.14851543750308,3.5347277652866924,3.971029205821389,4.217917809130697,4.624650485132363,5.000832028583675,5.431823114625174
linear,3.9084979581613433,3.26674693040235,2.4417948589898346,1.832272882383266,1.256926776121687,0.856949885212798,0.0284695947764736,-0.6915890201466293,-1.0848133831382465,-1.687575939275188
linear,-6.3022500351085045,-5.747505750786316,-5.012162181100166,-4.023066231896989,-3.152299401694822,-2.598599545664427,-1.642621964831242,-0.7008653615806733,-0.2334220244828046,0.7873615411995474
linear,-3.0858963636795096,-2.794987162440557,-2.475402173002705,-2.0935599144344472,-1.826875942521777,-1.3919099634692589,-1.009909336046073,-0.7439577171593779,-0.4120621876751887,-0.0377344240663097
linear,7.277245230723999,6.582775589283671,6.004809233377253,5.4321303399739085,4.646278971622803,3.5268278290667583,3.2005686472145225,2.777970489414868,1.8186723068892785,0.8827574921272334
linear,4.578641256038026,4.066870629123537,3.3552911508143213,2.7703245554863467,2.360637301032541,1.6031653932980976,0.9190156807646236,0.2426697451491266,-0.4479782363029962,-1.0014698148391392
linear,2.0483972621047597,2.0623192955302194,2.081846013051853,2.098697391422108,2.1214458270656413,2.142242843986955,2.1529827838950686,2.174405383525249,2.196223469743656,2.2092874825646995
linear,-4.394775542536562,-4.271011964873841,-4.1393464116101,-4.016131082455698,-3.911069036610785,-3.7932877942845233,-3.6748226120083167,-3.537488654147596,-3.4352211119677207,-3.30431077170732
linear,3.623781704986442,3.114555539229158,2.669682442277101,2.272675812348244,1.8152717247440784,1.4114566630381944,0.940519009594495,0.4929521173580336,0.0149437645831017,-0.4169682165893071
linear,3.4829103280976867,3.611534249258889,3.759519391244933,3.9008824298828886,4.084306856604584,4.208829547612237,4.358719528382212,4.556551686228672,4.693149016778439,4.834718059205563
linear,5.04336356429878,4.62443429313301,3.915760440075269,3.457502188895737,2.7961906156772125,2.2782976354529803,1.704476237000203,1.1560593541153354,0.4820539293491624,0.0123164821985918
linear,-5.96704245851943,-5.110539160286118,-4.21257522882167,-3.2085379967543988,-2.4737104294783614,-1.582226157340716,-0.5502635894237224,0.282090734388931,1.2544310282210605,1.99742754191287
linear,2.3787364696181177,2.3952813963393798,2.4043822796813683,2.413431570556135,2.422608122878894,2.431331835421313,2.4456688202266004,2.4507123498765564,2.465209058483094,2.479387923037472
linear,5.491156727639052,5.012300188579141,4.504254908003722,4.1047481905554255,3.629251836715477,3.234611842153309,2.6973415975711066,2.2851648111190594,1.7385690700129164,1.285186261123383
linear,2.398388098319863,2.259186757761564,2.1742988614113976,2.085613283557161,1.949200029195572,1.8431697106941147,1.7149080206619625,1.6150366588539014,1.5552859792663087,1.4102588082789445
linear,0.6393481712361145,1.959983434880916,2.48537475314955,3.736011622509365,4.162286506835761,5.008085391794508,5.980535130073735,6.134557700388651,7.558364584916602,8.339906247661357
linear,-2.092648128286912,-1.874505447208283,-1.5847592869769902,-1.1502229724578172,-0.8403599101441032,-0.3527070272217383,-0.1091045700845935,0.2227556209181819,0.6235319699154291,0.9825606419056816
linear,-5.707819560227135,-4.999716292014915,-4.420368614540389,-3.7630568084055582,-3.021884718982296,-2.3765711845041064,-1.813309009673688,-1.1865306077145064,-0.4331136695861684,0.1820104435746782
quadratic,-7.58418547461268,-5.529602330848912,-3.870730301774991,-2.612595012345822,-1.64242532882336,-1.077884686082473,-0.9110178199087005,-1.1511596067014798,-1.6642917230269167,-2.617157812602717
quadratic,-2.4239098832161914,-2.440615742044965,-2.3186233727765098,-2.0536389168741387,-1.7134461834765715,-1.2276781602145008,-0.5419769140954628,0.2672843355972484,1.0680659628354416,2.16253583477352
quadratic,-11.619568489116451,-8.148152035594604,-5.466696640369057,-3.103143143653201,-1.6028661573359624,-1.048379391148354,-1.0574872114982503,-1.3677730565346629,-3.2356783110137863,-5.662916225076733
quadratic,11.248815601430609,8.128490304182197,5.869909211967783,3.896289179065332,2.6657617281073587,2.175626956117343,1.8964035418297336,2.3917561310344,3.6568996166446888,5.255173141953917
quadratic,-2.9732908345382607,-0.7412496025658906,0.8377732659079851,1.783706234420425,2.26546955374119,2.166017353427549,1.4911249832020763,0.2927703509355343,-1.5509438622326963,-3.9176993224116416
quadratic,-2.626850211385348,-2.560555438250238,-2.54333625229669,-2.527746393039231,-2.670479965101814,-2.703345175829365,-2.8302462903174206,-2.95784167778399,-3.152324898501636,-3.4769127430795512
quadratic,-5.7677171052746585,-3.54476538465255,-1.6680491661302643,-0.5462913152329529,0.0038241391633977,-0.1780208219573864,-0.8199262390167561,-2.0864835180372,-3.825601476873968,-6.6147029442391645
quadratic,4.130893952782872,2.144411634543062,0.8289201163962734,0.0348381855034905,-0.3723095082668513,-0.1726819785080909,0.6185608486976737,1.9343244292964816,3.587970105759647,6.196570934722538
quadratic,-0.4246562251250937,-0.0324877212727119,0.3503380283867808,0.8722185702899539,1.5337482123339603,2.1751969720687736,2.7381470305355338,3.5376154601125576,4.388894944817221,5.321852450057572
quadratic,-7.217240269296325,-4.400069064116547,-2.265118965613348,-0.8734421710366921,-0.0717120042465085,0.2875986799865663,-0.2248259426400821,-1.4218222216627514,-3.03677173553963,-5.331795593793242
quadratic,-0.0456231400463627,0.8397534700767797,1.2691972908256242,1.048568522239631,1.224852702593839,0.316311483372701,-1.203996153924114,-2.583595107729743,-4.718086220828904,-7.023989464062423
quadratic,6.724848416617552,3.473543381786134,1.4413496096753695,0.1068940210342847,-0.6002588448766807,-0.3420784425444618,0.2853347825598715,1.7515104295416095,4.026402952753381,7.232066339054728
quadratic,3.7391974879501513,2.6285592944707967,1.9480192640671796,1.768236444746676,1.9377557870855835,2.327588276956275,3.107326574839113,4.248478600896087,5.837530448478609,7.619031491045226
quadratic,1.929360503639616,0.9249622907993504,0.1821797264354573,-0.3524115495907202,-0.6366124303832957,-0.716804857247783,-0.4978886384575056,-0.0327046004316614,0.7709929142513653,1.8477043273503149
quadratic,-7.810372081338476,-5.699861871796168,-4.022927501587577,-2.826306882402542,-2.015555971013862,-1.7231037051247162,-2.0715338870356463,-2.794973392075522,-3.9424484115698526,-5.812312757864049
quadratic,4.633090371571102,3.10150314268872,1.9219155731091784,1.20794034554305,0.7577303172412413,0.701380263048225,1.1193880376082013,1.921115918808754,2.973430929241337,4.482928702788754
quadratic,-5.919005187341112,-4.68521537320727,-3.694319446486599,-3.053942962883001,-2.703730031996791,-2.51842844341439,-2.5531855316404743,-2.8760698822443542,-3.5162202517250005,-4.250933219280819
quadratic,-2.7679876821442746,-2.2977676392288746,-1.86734712601623,-1.9043832784122008,-2.1780636173207872,-2.632227720405013,-3.422134302925096,-4.462876071909214,-5.700716791228547,-7.408140253176048
quadratic,0.6737263514689328,0.1288808372911744,-0.2975753174540517,-0.5987297024490079,-0.8021055486533278,-0.9183895672893644,-0.952881876928401,-0.8394884829342742,-0.649433213840483,-0.3386802406802813
quadratic,6.485425793794903,3.748741276090653,1.3779751792464774,-0.5096755167406255,-1.5120171965929303,-1.3061520110012408,-1.2219915865780262,0.7144371374696499,2.507786990736339,5.636871593530152
quadratic,8.16535901626801,5.484674007221923,3.1307420238332555,1.69146386537697,0.5787639922722899,0.0067544454731057,0.3823624168934597,1.4742371352640642,3.920156169042644,6.045586654562059
quadratic,4.184290737159552,3.054714609161234,2.448570258485915,2.073571003624103,2.106644566459527,2.646470131061525,3.3939075481457883,4.537108353079308,6.244075433136318,8.144545851285526
quadratic,11.126628259404708,8.115204977519076,5.693799082660175,4.06043736926792,3.238875147259344,2.724554780454214,3.008174928264945,4.223180415331479,5.644203365147366,8.092462217743893
quadratic,-0.2127607792106046,0.0184756295289134,0.255931627272726,0.394400686425907,0.5300125675725751,0.599803434214854,0.6870827681827815,0.6885565549073898,0.6391507195672763,0.5511652461940555
quadratic,1.5598998340263783,1.298018590469877,1.0846479503006226,0.8604974661702592,0.4634044143539559,0.1261111523908867,-0.3478062409873856,-0.7610316359508549,-1.156503510099164,-1.812805420330064
quadratic,4.151703336538235,1.981808687424804,0.5602152178718944,-0.5407952364767471,-1.4052432209687884,-1.3956924217782636,-1.5158084144883657,-0.6427361773034909,0.2149204776231968,1.820783814602647
quadratic,-3.3760892631720805,-2.0064194351657547,-0.8938200827485625,-0.079589610937569,0.4168167415919676,0.6612483248983597,0.5750026498228918,0.3272118513516832,-0.3502563425560582,-1.3019994680668114
quadratic,5.035992543762349,3.4217121949052265,2.225956516442803,1.666122798717082,1.061093247550513,1.83530109649716,2.754453573170029,4.409230343241772,6.370566484197318,9.52634752589349
quadratic,-11.21459537100094,-7.780687401510088,-4.763378414469626,-3.0894062862540426,-2.6220501493418182,-2.3533215580647875,-1.4590802093086737,-2.6466443541968547,-4.4079192683832265,-7.711682925204797
quadratic,-4.262804094145928,-4.212459991880296,-4.177812050422501,-3.861691557882494,-3.43358524839305,-2.4900395886529374,-1.7228493291394538,-0.6879142796564699,0.6173200184219425,1.9490795506775391
quadratic,-1.7475203343593582,0.7338609730872809,1.8612541978392816,2.71281702650838,2.605135593552129,2.6539814066237195,1.0866196473433605,-0.5967298587001841,-2.9092978284050552,-5.975024975870393
quadratic,9.05646041731398,6.218154957369786,3.8459585635858096,1.9484426344488963,0.8890239560356109,0.3985661805952949,0.0273824438960454,0.6132549436408421,1.5195267424036758,3.4707453667214976
quadratic,3.6007807733849586,2.070975223532087,0.7380901829209986,-0.2450758289441358,-0.7479381201457895,-1.4764279747444282,-1.588823739359488,-1.7097718875485832,-1.2568435067112491,-0.9073325790177909
quadratic,1.5039300312874255,1.2031597385856565,1.12298291132354,0.9220676389115076,1.218790441379965,1.713540918011315,2.3680999255630604,3.248904229376216,4.272436140344696,5.738238806838942
quadratic,-1.4024296630778428,-0.6413605193114364,-0.1227997811116853,-0.2181867681339453,-0.5559241484732295,-1.6170422025515474,-2.644108649555681,-4.435215800505673,-6.553722127939237,-8.951600815651727
quadratic,4.445541095024701,3.298494337014989,2.3912868729980032,2.02048817777352,1.88105824429904,1.9154507644899943,2.355712527478744,3.0496809808720315,3.8403742066902553,5.087759358856605
quadratic,-0.4555985964974705,0.58386133057612,1.385431864921868,1.8761470256816488,2.1375279246162577,2.000626766490506,1.663620097141907,0.9096793504154508,0.1633087378805213,-1.1581236267702382
quadratic,-1.3982041203460318,-0.4087963816471111,0.2968450658095611,0.8932816231270259,1.434403083246471,1.7287283235592636,2.0124983348403287,2.200702304043676,2.102065221791812,2.066343214586411
quadratic,5.003301076756625,3.509651162185787,2.3185063545649705,1.805087550337959,2.062975227298727,2.1806532331006974,3.48968725321512,4.6065835239147965,6.389517571810294,8.918293082845958
quadratic,4.569619813855099,3.284032692754311,2.155673340694788,1.3709776469841657,0.527753837948723,-0.6234258469101877,-1.3300825596833474,-2.0442857072995992,-2.65089926672316,-3.36885404799717
quadratic,1.5761387469795014,0.0333090352228438,-1.0635410385224913,-1.9042699837667585,-2.458419624597444,-2.675568607650808,-2.685719015986951,-2.1932567720593723,-1.6151818707733705,-0.7579138662610053
quadratic,-7.584708932074408,-4.725644179949792,-1.9765590425760349,-0.1704799038194459,0.8574637626901123,1.439971656817415,1.7062793241515757,1.0719211619892604,0.4087212408683343,-1.5920954208618037
quadratic,3.803514684985519,2.571373867258433,1.1183634216206828,0.7155723516248423,0.7042582261899003,0.4695370898507298,1.8581989468263524,2.665221373807701,4.397032536940171,6.561200760165134
quadratic,-3.4118940153713364,-1.9017396075659536,-0.7016839991895238,-0.4191821631630011,-0.95320967644456,-1.2770052252602773,-3.1152348534306507,-4.962048113042125,-7.8473707725074515,-11.06361733527847
quadratic,3.798551320286286,1.8077421461041936,-0.1899536887575391,-0.8419585829080052,-1.1903004215071669,-1.0963712077458987,-0.3124079660003915,0.7008953161114757,2.530195384169105,5.017666996248816
quadratic,-1.2220205945420366,-1.8227144628953056,-2.288296708799139,-2.615302364625113,-2.6859208418172678,-2.619173047668635,-2.4124300854546687,-2.017487646803153,-1.4226865348595368,-0.600100298579297
quadratic,-2.202476619820596,-2.109185037845469,-1.8058041709004744,-1.9848907845436528,-1.203753211573853,-0.4946002944734612,0.5524021045627735,1.8644258269804577,2.699919544902074,4.62569993885994
quadratic,-5.999501525753769,-3.923078563174021,-2.573233746427854,-2.30250510173183,-1.7053775680670888,-2.2636844961018343,-3.79928236745523,-6.184478335109212,-8.370456247677371,-11.509463489096852
quadratic,3.766439092734825,0.5472732559592572,-0.8707079329251862,-2.178531473874563,-2.454757639225821,-2.3692890475879613,-1.3836303827849237,0.4865936131569698,3.176470224230832,6.719274956137548
quadratic,-1.991665283658175,-1.6696699438192646,-1.3617631841181226,-1.061485154522286,-1.2215866056770337,-1.5014687293744415,-1.772178418855391,-2.383162741931556,-3.0047135276605257,-3.921268424477357
quadratic,4.249802195791857,1.7058927298308373,0.3579294328089068,-0.4322653579124477,-0.9885405472960548,-0.133872047815979,0.7025167534505191,2.302169977534178,4.76251904531309,7.861754716764167
quadratic,4.994906867157,4.460971614299431,4.015873715586308,3.4276388372090296,2.753618681306972,1.915393089097719,1.6011460958284678,0.6360837758612172,-0.1290769404472376,-0.9724885942780558
quadratic,-8.668097551244589,-5.568466826458235,-3.238069312406283,-1.3981995269003162,0.0428423031041958,0.7082534648813894,1.0969128504705088,0.8115245285093671,0.0652972948508553,-1.512758816873888
quadratic,-2.4792541226181704,0.0770991112372769,0.8921809887427576,1.6683561912380909,2.252086932849542,1.1731401504589805,0.0427971918811423,-2.057687686595609,-4.085687676717579,-7.251951542923367
quadratic,-2.0564589232800854,-1.139854376152568,-0.7433542106856763,-0.6837808521037463,-0.6238901263426121,-0.9160465269166036,-1.4971099371865195,-2.084039745522254,-3.112170126588152,-4.3704591356081774
quadratic,3.257200265988394,2.560238199480071,1.978966470964817,1.932395094589746,2.0992661465707547,2.6608440062053456,3.774194745002886,4.999081717912825,6.970462261164648,8.936942749063432
quadratic,-5.352802126989046,-2.995397938663537,-1.1098365057299169,0.3024465198183469,1.133492744575497,1.710677562612685,1.6001714268583265,1.24136864806281,0.2240753434790383,-1.0481597222911363
quadratic,-4.215399023817078,-3.554215848235549,-3.172368135909234,-2.7105564462217027,-2.165952881702943,-1.7862024700522166,-1.2736143421693655,-0.8845672076321214,-0.612721278243056,-0.0768637496115576
quadratic,2.6065206368409006,3.0069154241720604,2.9615047197529925,3.063676604628152,2.777608718065376,2.1448550196997616,1.5992761070666648,0.8422697054131366,-0.5281585940156597,-1.9044784107541408
quadratic,-1.8759870672351595,-1.1990601150479892,-1.333174315267018,-0.9407185474781072,0.0634010745654972,0.4778051486288214,1.5455074171395573,3.0017683288587502,4.073849700836067,5.23393332692972
quadratic,-6.6950697097558844,-4.115746041258303,-2.308867385475699,-0.7456071658939403,0.3062325452543272,0.7070296224366849,0.7916236719116586,0.2415092065209967,-0.7761160567739442,-2.2740764968585645
quadratic,7.816023781801893,5.318812371466562,3.4416664177839813,2.1735901026004165,1.684465166920772,1.5499672921841443,2.4104442548796725,3.8626518802300063,5.865503192914196,8.846444042469768
quadratic,-3.811027127756786,-3.628784088886533,-3.4984009803467147,-3.2565935640680777,-3.1235783943503868,-2.7638301670096213,-2.306104764877743,-1.9714534777905983,-1.540732656674699,-1.091673867548549
quadratic,5.449039062736576,4.805493123584421,3.307343567154257,2.790570189379354,1.5629267065593837,1.040958986425682,0.3921439105711085,-0.7246166564870582,-1.199599247810777,-1.793328609444026
quadratic,-4.87357705605442,-2.9273943266628346,-0.8138282612815655,0.3627748438274769,1.38196464289957,1.8900890037090967,2.04257525903054,1.5309619041255622,0.5349958195947444,-0.4386817753246016
quadratic,-8.23662678008785,-5.594534114156162,-3.93561290305454,-2.3789059532932217,-1.2292183552517293,-0.1131015788069219,0.0720324663376042,0.1556838043289509,-0.2485694290897155,-0.7492139263621538
quadratic,-3.521247925316477,-1.392186154708494,0.309843303708431,1.4741590090175736,2.212680003439755,2.472373517146518,2.400019115029444,1.9329934801000843,0.9517993720103834,-0.544200262304164
quadratic,1.8635715494937024,1.6608704308250242,1.4925855616722803,2.000441428415182,2.328605326520677,3.2302961586190717,4.062496536522078,5.387250554902924,6.469391170368279,8.25390237259669
quadratic,-7.408043078175738,-4.577657770180599,-2.823791895414424,-1.1639257168061363,0.3461942000805013,0.4844665589714514,0.2657106197072941,-0.1297209906127599,-1.4914114937828895,-2.750670387682191
quadratic,-5.599269521825639,-3.923116677621586,-2.49397295668784,-1.5527883047665487,-0.8250563328566033,-0.565297477620732,-0.3643117108237105,-0.6749245958633415,-1.190620727315734,-2.1340554111706846
quadratic,3.3457965873831856,2.2079268030044057,1.1804946698766052,0.9807368068885296,0.9971199889776295,1.3550231531346426,2.027450087333437,3.179432957657155,5.225597383393928,7.250756523979116
quadratic,5.033987302554823,4.415468795646663,4.2313390295070965,3.958165071714235,3.1103537524320584,2.541218921149354,1.5955429890848578,0.3028530511625711,-1.381018883082514,-2.4310526722943155
quadratic,-0.5304022031270632,-1.3622898813815798,-1.9373786231277448,-2.35030304581162,-2.661957152297889,-2.9241526786535244,-2.94877268041356,-3.077996657127422,-2.8935239742080903,-2.637004135370906
quadratic,-3.444906551755049,-1.0032202057103747,0.4128324246320634,1.357154865909486,2.041880144466619,1.3857260174876624,-0.2654904543012679,-1.922499773290398,-5.251096701383317,-8.210054304833275
quadratic,-3.143748954036553,-1.9991254173982131,-1.124273705588437,-0.4208644954368135,-0.0949105337097503,0.1451649278976197,0.0541053920535024,-0.0140714482893691,-0.5117155870177377,-1.1706304755999994
quadratic,5.196410052545701,4.009083284236656,3.178273529817175,2.487261360305717,2.168669834690128,2.0937949266604217,2.282508621161204,2.7121891365236097,3.4067917985575247,4.417043012066815
quadratic,-7.849812968078474,-6.129582402417283,-4.573166236055507,-3.553816482367899,-2.557288014733208,-2.096757542978237,-1.7179004396238475,-1.961283195073068,-2.387249960994226,-2.5557214679131723
quadratic,-3.747987719380224,-2.788914843997193,-1.9733564753216248,-1.206333404363207,-0.7233941537844368,-0.2460516206582504,0.0991354500172621,0.5645660601234223,0.6873672940485271,0.773797402128702
quadratic,4.182429199704776,1.788991768939982,-0.0921240992294178,-1.4252424424241108,-2.249204157870056,-2.1779819157413085,-1.917490250374867,-1.026174328477061,0.5605181998519156,2.5997071475044486
quadratic,-5.907278933881255,-3.5122388812189698,-1.734415124923736,-0.3160232375941047,-0.0455522877789458,-0.0350175651137161,-0.7827121298138325,-2.3153213580560803,-4.382468366094267,-7.007296293645837
quadratic,3.544758291659749,1.4259479926142866,-0.7173008993557468,-0.493353085957593,-0.8345502009042586,0.0590934266232705,1.1891703040883712,3.033921601265804,5.588026992996601,8.775804933141591
quadratic,7.560416669448744,5.63651255199205,4.656626786995739,3.5478255861195964,3.0984362708831776,2.696420576237573,2.814997323972654,3.661263217137521,4.20219889267711,5.6521923993977365
quadratic,5.884471936278136,3.780524753555158,2.2149650029779084,1.109622442970029,0.2817274313279549,-0.2042114417706974,0.0093162680840044,0.416721759972743,1.262766543847028,2.651909476206147
quadratic,-1.276366125325721,-1.7520054841880932,-1.7687788830285758,-1.9960967858911909,-1.92216305072768,-1.3922460562425325,-0.5025657649923627,0.2782711138419679,1.1958949826977283,2.676250088659885
quadratic,8.478470632462804,5.0272917043161724,2.15428683040013,-0.5559830775095339,-1.741697897534292,-2.602906768966377,-2.4210995234922965,-2.524227384318534,-0.9047481417102836,1.0505550817282048
quadratic,1.9590124878619708,2.7121840647387216,3.10254078395414,3.3128608670061923,3.030870324326848,2.622338347138972,1.9716829110238216,1.0022050516938317,-0.5070772803088324,-1.8850376268465452
quadratic,-4.131753074144852,-2.234236857666146,-0.6538835760641458,0.3945231671549286,1.1158614348435814,1.561587284022388,1.6089199929600333,1.2577551831585947,0.428986982064774,-0.5562694142985566
quadratic,-1.4923438363639254,-1.243274991058522,-0.6951079646612864,-0.114289019929724,0.2163131952401343,0.9258436039410798,1.583760181995452,2.1671891988314087,3.059158654127084,3.8253874321625463
quadratic,-4.734402818643397,-2.046083948529371,-0.4768330163635506,0.0648722144065185,0.5371980731035856,-0.2113785928510372,-1.1083837353617167,-3.132484950075308,-6.041935893883203,-9.907251361074476
quadratic,-0.7135560923101718,-0.0901838532815835,-0.1786682830746221,0.075591704225776,-0.7534140109545779,-1.3496655903376942,-2.788394653303245,-4.281156012307702,-6.652566508004122,-8.477668710007999
quadratic,-2.622578352145241,-1.617941817007434,-0.7790883404490255,-0.0906063056562116,0.3827352062410267,0.6011239024770706,0.6934704137312864,0.5905348133385895,0.3815302910955073,-0.0830538517631905
quadratic,4.423503562482361,3.961693130466118,3.637350650156706,3.356890194644649,3.0311150342836592,2.824444358016218,2.6000406596958463,2.3950863870633787,2.286365124965859,2.203049256963705
quadratic,6.555130982800974,4.608332998673592,3.2831502315963754,2.4651923756546146,2.0285983351955665,2.239850878519464,2.6995179424240123,3.9884212252413502,5.420213458157934,7.684475853858443
quadratic,-4.209440075997352,-2.757228685617052,-2.2190394462320726,-1.497149163917132,-1.4797701211155434,-2.0508479374484656,-2.862648873776452,-4.291486135476236,-6.240588975607052,-8.734723920876094
quadratic,12.078396045219838,8.507207865420181,6.028053319061759,3.5515686894077416,2.5525434679650303,1.695990455748161,1.8250861584197495,1.8468980320505968,2.9656730625696426,4.930835860143535
quadratic,-4.866646738689911,-4.387989299889477,-3.890335886214904,-3.3689957998507323,-2.788815038865922,-2.1714345908696413,-1.5492919587673628,-0.7142158308454337,-0.0753371308940502,0.736328453478485
quadratic,-2.267349476932783,-0.971233160712289,0.5401392708804529,1.077936144990143,2.07051117379829,2.708658707166627,3.7345361590637776,3.641386884370636,4.158707414126636,4.3045042789544485
quadratic,-7.528534405059512,-4.927350404426827,-3.2915979069009493,-2.12316182043494,-1.5649374880497788,-1.8853359153302047,-2.5071432334580224,-3.3559847726978824,-5.392915190754787,-8.162673182164735
quadratic,6.760779738135307,4.345163819311078,2.4074547500197574,1.5289070620680465,0.8072875569398418,1.3474212777655012,2.57098044828844,4.311610632812769,7.101555780282095,10.212491258219636
quadratic,-4.518109485616084,-3.2023034639636583,-2.030607621477452,-0.9525863557395532,-0.6853514950415144,-0.7657502905917171,-1.1643606414050642,-2.2685512529693144,-3.2482737774609785,-4.947722277977249
quadratic,-11.572008097007584,-8.014881225470852,-5.435024709221089,-3.4234851678293925,-2.030063331747831,-2.0241542302282274,-1.879951138189164,-2.6520771291238474,-3.884838677604307,-5.94299193802004
quadratic,7.35676508350272,5.2475724940186215,3.5206998249827315,2.7926150973674275,2.4873501492378867,2.7414119085507287,4.034383033367972,5.526928004031356,8.019489106236497,10.748418702580436
quadratic,-7.598371622955869,-5.198641151940144,-3.873690292984124,-2.513201014253004,-2.3672198883565443,-2.214171680664885,-3.12759996977696,-4.145740253540717,-6.641622121630357,-9.22023438972279
quadratic,-8.09326103666532,-6.113878627301569,-4.525665299620743,-3.4303100966058686,-2.505560656894172,-2.579128623178392,-2.9001789685007453,-3.363013045836169,-4.648675436518847,-6.010580004181709
quadratic,-12.841215061560224,-9.029128963166093,-6.265172513157194,-4.58282939771389,-3.168873402305546,-2.8108887639603863,-2.2691519207674165,-3.2408443156806945,-4.741761242010938,-7.286471464149141
quadratic,-0.40976708246137,-0.8119664344436412,-1.1812720484143486,-1.2822309257931477,-1.3218228185751004,-1.16702531355984,-0.7838855290747966,-0.3230665332010182,0.3880529604437011,1.181959236092125
quadratic,8.556237618959663,6.528720632509667,5.162978248281026,3.781947011533252,2.926138271780028,2.469190901242966,2.284003441491179,2.424472148731425,2.798859273365645,3.646936291481334
quadratic,6.190872968422269,4.980357981934612,3.865792482430522,3.067557583504977,1.8807483336937976,1.4013080323319094,0.4965412364210396,-0.1070904214157473,-0.739029056981156,-1.346183214797421
quadratic,0.6449101292887202,0.5339540061863288,0.5100493744282943,0.4167847557047509,0.4545388706686455,0.4529438948156681,0.5411464385638088,0.6697604565098275,0.8014790256309459,1.0350324205514752
quadratic,-1.973070187239606,-1.103953363549841,-0.0329469048110245,0.3924862305594672,1.0357176915019677,1.3115577515391796,1.260121688902619,1.330882012123893,1.0518946920403245,0.514161952153184
quadratic,0.0203604371032712,-0.4347994341701514,-0.7898565615320359,-1.1444613478760368,-1.2406341451596423,-1.6279187465521212,-1.7180789808174988,-1.7816000301178505,-1.664299141608535,-1.7680452772918451
quadratic,3.624292655160736,1.982923402777914,0.3156661681929086,-0.1640475895442577,-0.5768294111244596,0.5799465410885551,1.7694242332772023,3.9652047300997344,6.361209527728205,10.230219964711791
quadratic,-0.8989434596465196,0.3517209058567729,1.4139034851616488,2.205772225012792,2.561448542401197,2.9510839599318777,2.7449915777533813,2.609440834786816,1.9923969159246144,1.1660351171320895
quadratic,8.449569269860042,6.3812624427845615,4.713759944820725,3.5297626793302594,2.749871293787407,2.4930027532905155,2.445979711367761,3.1511966717460678,4.09387976174184,5.708087745323446
quadratic,-9.993039046599383,-6.41886100696841,-3.6116243352997888,-2.3708372980201995,-0.5586502020689141,0.6736816955721825,0.7915700614282889,0.1718857981784523,-0.8033065338418062,-2.663674031233404
quadratic,-8.229809091790315,-5.534031156800946,-3.628066638151548,-2.7687182896360665,-2.360925123369812,-2.0886808320901453,-3.134437138905984,-4.781014414972812,-7.288920190123044,-10.087879763261038
quadratic,2.3203041855435917,-0.4134086775063346,-1.413982470444926,-1.58164715111537,-2.362925486219271,-1.3708223606659904,0.5359333966037396,2.559068033289488,6.040259607499036,8.873699278731342
quadratic,-2.081209188431544,-0.9427549046037308,-0.1675966373656579,0.3394800432628024,0.5269870152805504,0.5642357693177138,0.3828703003838572,-0.4079388623895618,-1.3348401776338126,-2.5868302163484995
quadratic,-4.045560858625694,-3.2108052903491915,-2.528157223073196,-1.97244836368635,-1.4775031872690372,-1.1971297923209907,-1.0569280162496637,-0.9668381861308212,-1.054408725809208,-1.3531341613541106
quadratic,3.2016519876817355,1.0485141137114438,-0.5701150402896487,-1.2783524560033686,-1.445196797576021,-0.7617458474839225,0.8428982941318583,2.9929966114920403,5.975199651475241,9.539634381263218
quadratic,2.6821458034381616,0.4522911457643204,-1.3436997523648506,-2.1082694016122105,-2.0044741051122195,-1.6107940917485046,-0.1858957283324193,2.235595895860862,4.968340951675144,7.988089381022148
quadratic,-3.968079093653534,-1.7214348633766754,-0.0093327883909072,0.8749690680752598,1.4033856290949318,1.2323823559528415,0.4224545673211159,-0.936620346245853,-2.950568702477476,-5.614480770949228
quadratic,1.6885650420527607,-0.0450789487598969,-1.5718733480471077,-1.9363923237582583,-2.033394097976638,-1.54957285600911,-0.0363534564454726,1.2606405935465252,3.9335212025454296,7.147033792871766
quadratic,-9.166336237017816,-6.32583324345046,-4.068236650013426,-2.379865569609401,-1.305227564007811,-0.8044821970256145,-1.0776591186018043,-1.7814562623272885,-3.0887984697925277,-5.038990867472192
quadratic,-3.27185341992928,-3.006977163107525,-2.7885215450108083,-2.542332940223947,-2.4317029716043383,-2.285077398113584,-2.21425271747482,-2.1686659091397744,-2.1509039436995456,-2.2099347772325078
quadratic,-7.32631394243935,-4.426348336368688,-2.052279907710846,-0.5286137391420136,-0.185228475549219,0.3341623138961777,-0.5567811457101626,-1.4457685628919164,-3.7887644834726215,-6.650500795739013
quadratic,5.727280322007141,3.7518900447014287,2.0443513054112814,1.124254763607185,1.086786874596011,1.1940851005960529,2.116583439009528,3.915365443248126,5.995052589790186,8.466775253486063
quadratic,-2.2531211289942683,-2.2456188365641787,-2.4699971324189,-2.021209798572536,-1.3108604785242404,-0.4244885353554595,0.561701517249531,1.940214995054578,3.48087711763339,5.255974981476312
quadratic,-1.0256755174060126,-0.0660605166113935,0.8515421305088141,1.708936199535855,2.4231647970682166,2.883108766423176,3.257956073266063,3.5716245955474304,3.652236314510434,3.811807031073664
quadratic,-11.050249200255408,-8.13861032546341,-5.620982220281388,-3.646768926499756,-2.3639592604876287,-1.4440170839470197,-1.1429445786959669,-1.5478291894450953,-2.2011973962152687,-3.576693931633085
quadratic,-1.6911604034014052,-0.9626042974752418,-0.4030102243101008,-0.0546514255819754,0.12452115976909,0.2010959075799369,-0.0338145632551488,-0.3607829702323665,-0.9225190269870672,-1.6352431023591063
quadratic,-3.1690549896275297,-0.7420561230694814,0.9981379173434348,2.1252174896770377,2.329861350395538,1.369491171311512,0.3957053684129222,-1.994608239113565,-4.621864067696397,-8.376421994583046
quadratic,-0.6253909815186932,-1.196090307624024,-1.658020654814628,-1.9569288912185232,-2.071212416773967,-1.9342267031726577,-1.819156975710409,-1.372251907463179,-0.8408963203563988,-0.2275679693496064
quadratic,2.9895866535328297,0.5527409785901198,-0.6444223470782209,-1.2565847354942936,-1.662316813269075,-0.9827503048465076,0.5715014479884919,2.6272935254610736,4.810847524529611,9.146728845720196
quadratic,6.135145239425997,2.736439091032193,0.6306711395454172,-1.1775441944569487,-1.959174366469707,-2.348456245347605,-1.373252967130639,-0.5297677919941909,2.346597565682187,5.150338567324164
quadratic,8.816810684172513,5.125808407317006,2.6520197387601154,0.5016528485810694,-1.0277076900991606,-1.8514536772474952,-1.7596116794269685,-1.1691740573661302,0.5807796659438493,2.442268186490306
quadratic,1.2134579356768065,0.9705690689648432,0.4853769217411513,0.6187983432216995,0.6760220459420667,1.2375651634422546,2.5876243370333967,3.634125748718471,4.5846136410876905,5.928509173009181
quadratic,7.89050978235865,5.188113226606441,3.2296004609608,2.0491599833814336,1.0968710581630057,1.2913506746031989,1.663681789461975,2.95707237854167,5.005659808174549,7.144463346877187
quadratic,2.69178448778726,1.8473777968865992,1.2349245196306713,0.7499591389811304,0.3324055314539247,0.0962246136565026,-0.0075840521371955,0.0095255946186662,0.185841748583455,0.4519195284208168
quadratic,-8.223411840673636,-4.7336020771287,-2.4183330059753,-0.653978048467579,0.7353159602059659,0.8894656886979827,1.0916747158404847,-0.0118202834959265,-1.2023006610645366,-3.703765472710169
quadratic,-1.5740159144574273,0.4461930547177631,1.2273461050894103,1.8444445293592904,1.7452035285784675,0.857023708338909,-0.3172000797257595,-1.7045313505209023,-4.098799374495749,-6.61507424073137
quadratic,1.402197560204819,0.023323321091091,-1.051405420594288,-1.969763353633203,-2.4986810589963926,-2.805616450869385,-2.796344739608401,-2.4156263992699625,-1.8735177840786068,-1.0823374717578729
quadratic,-4.90819854691145,-4.164839463580079,-3.6401019700560058,-3.17640684837221,-2.9698840596934604,-2.928792538413189,-2.968728263950566,-3.239428997866347,-3.716849270598311,-4.318880293521211
quadratic,1.4004407002233212,-0.7429433801311992,-2.28372522573294,-2.937152192046437,-2.534434250127923,-1.813929419142568,-0.1492835790707756,2.191628240661456,4.950684999819824,8.547293927121126
quadratic,3.966861966736556,2.9612858095091794,2.1356220657328397,1.4767588184252305,1.1288874717822068,1.1264655572866682,1.331381300996492,1.7397241590492691,2.3477100717268216,3.3113898592807978
quadratic,7.026582879539802,4.561495170781901,3.230069771188595,1.924710509016879,1.028426160997435,0.3984193744996667,0.2253885927691073,0.0022775495606843,0.485430976000148,0.8140965575657052
quadratic,-9.636669552628488,-6.33529638664709,-3.589841006895432,-1.7085645673268834,-0.437552596949853,0.2028369341598087,0.0888915462547365,-0.9104030805430148,-2.6598314536863907,-5.152102351862643
quadratic,-4.547025305773114,-2.5522178313669253,-1.5163454867666215,-0.4902264228403211,-0.6648182086416125,-1.7260672173935865,-3.0594837682760048,-5.32918514718213,-8.422617669346426,-11.738102256409343
quadratic,-0.6907189388896392,-0.1944117337704957,0.3024521952677191,0.8513730790258761,1.2652973377527152,1.812034634145801,2.044627903186428,2.390112702186409,2.856386071532598,2.914021581494061
quadratic,-4.883446643590836,-3.3985676181792077,-2.3340765289675103,-1.455359364932607,-0.8467021362036582,-0.8688984353000451,-1.2578396722639642,-1.8454943066965743,-3.0374890651438,-4.333186641340466
quadratic,-1.360469575879545,-1.4536051363457976,-1.1053575816120509,-1.00963085475172,-0.6816271327155111,-0.3392219818137483,0.2494132174442148,0.8289995046850629,1.2080027058250342,1.956932985776513
quadratic,3.0888700395969395,1.7213283581905034,0.816342461977123,-0.0160718864708498,-0.4295994175818725,-0.5174438216819099,-0.4446611975453471,-0.1924798223552499,0.4346125783080762,1.268828642501122
quadratic,0.3342968202021839,-1.2797884547403453,-1.7268201204678817,-1.7417054171301776,-1.5556155079011118,-1.5013295026958025,-0.0178936388896768,1.354595876452088,3.383996922398512,6.104733298159514
quadratic,8.179063540245782,5.847618737182924,3.853348625923168,2.559711642200424,1.6574981884937985,1.365492596499099,1.6210203095410818,2.4706782274454038,3.927402675739837,5.814957824900317
quadratic,6.32589024392439,5.44147481072698,3.843869538485753,3.5000221158498688,1.860190405711637,1.2391029098574515,0.3335959845126521,0.3571642009717469,-0.8648347408087078,-1.3961057915196111
quadratic,6.076565986120275,3.966099454048072,1.874963500415697,0.5874962056325623,-0.199333414771037,-0.6557542094937343,-0.0673733616505509,0.658174948629819,2.6437822168707776,4.718518473345668
quadratic,-0.469705049068631,-1.2051735722537107,-1.6346693308769824,-2.1284430549204,-2.388163779587252,-2.5839489339071786,-2.6500041928566853,-2.6506222042551526,-2.572228189091955,-2.2582135716122056
quadratic,1.9169214355327728,1.8837468246291773,2.0352624479014514,2.191309315836203,2.59077231821908,3.133242793484028,3.9356893180520753,4.634779718204451,5.492755340342543,6.602831719399234
quadratic,-4.017991774950201,-2.7296615185774145,-1.5357842948541638,-0.5571582845771174,0.2688685783268181,0.8969414374526351,1.1907283094130825,1.578013030564378,1.709181868308097,1.5803468425818157
quadratic,2.796568859687051,0.6813547581548389,-0.9561960864777456,-1.8288475682422696,-2.4654539857993094,-1.7699507326688035,-0.9767090838425312,0.7844374143357371,2.9131667949263624,5.728330951622736
quadratic,-0.3633200411752196,-1.152538891262864,-1.6659425494437483,-1.7833546128444575,-1.8001617435895738,-1.293709869233404,-0.5072566184311423,0.5671525270059092,2.1069975149426767,3.844230369956218
quadratic,-1.6716772367022474,-0.1718446576888551,1.0068156384521083,1.7703075246457398,1.8599171003756567,1.7052002435106852,1.1497048606005869,0.2276848362397555,-1.2672380378641808,-3.0880203704021856
quadratic,6.136308971642208,4.473825966044326,3.085738094966255,2.205952165258473,1.655045507193029,1.454196184511555,1.6378980349664345,2.376416517937916,3.331253875960969,4.713535001074195
quadratic,7.696187982101265,5.155352054353209,3.7314691693825455,2.7434515380232467,2.599478283565895,3.100403580815691,4.367944174782662,6.305639360191293,9.235497877287068,12.78391762318477
quadratic,0.5231416052441593,0.263623705119453,-0.0456022383488857,-0.6360054897109344,-0.7853997925413873,-1.504339822932555,-2.23604166776794,-3.2365686174673334,-4.049290925730393,-4.788276888306595
quadratic,2.056674523537959,0.9016167238794246,-0.0382107640662775,-0.6023805481197294,-0.7405279639424582,-0.6944422604869209,-0.2237266731786734,0.4580615391352256,1.62358057894395,2.9837540636636994
quadratic,-9.649742938743682,-5.607396675330941,-2.922079349873223,-1.0083441823965869,0.4324095620660647,1.1656773889992291,1.7342027896093806,0.5730018221732265,-0.5535148313616454,-2.808635144458453
quadratic,6.473081810171057,3.590961517083053,1.375352302488723,-0.3938575784827497,-1.9759881180077865,-2.407553061270336,-2.535490279640991,-1.4806475993280954,-0.3056485846497355,1.452189784764156
quadratic,-11.704090298476451,-8.389226569222943,-5.481345098840772,-3.55452086406056,-2.606480449495453,-2.272070529041822,-2.3978486168997004,-3.4828559937421053,-5.90931463719705,-8.555102403685522
quadratic,-0.2472533581091252,-0.9976205747157229,-1.1899215602974376,-1.738215971325705,-1.4373116217267774,-1.1090196423675676,0.0036925851715316,0.96874941088137,2.9806803812739195,4.8114177102984765
quadratic,-4.934958583287863,-3.558981709651464,-2.60853804432687,-1.3786922091246507,-0.7388341146417171,0.0885060238979333,0.5236524542198284,1.1218198738756953,1.0982670297415595,1.100313531347576
quadratic,-0.2252358073336404,1.1692570677057148,2.155771617060784,2.837967336627093,3.0835292252334026,2.9070262770913744,2.280723106626372,1.207955232217905,0.1377185547433774,-1.4319247783306177
quadratic,2.721910870866776,0.3842291741343975,-0.5015121577282492,-0.376309352347029,-0.5366178360973665,0.0200764909946967,1.9896846223656544,3.597122074293029,5.8236815582495485,8.633754610753309
quadratic,8.667729979078329,6.479841966780675,5.018497153525385,3.594747914460078,1.9586949489549264,1.7240658138723637,1.3227657919116602,1.2601508648771365,1.9693471197461991,2.545711601205665
quadratic,2.007915380443741,1.673921561351418,1.4814021996809068,1.2346272757199666,1.0924829272439334,0.9069222333356846,0.8045814269142252,0.8151372012334892,0.7458299858618079,0.7904784710350027
quadratic,-0.640497590098062,-0.1304687219783069,0.4090102096108406,0.7499344937584926,1.108857458299876,1.7537311659572292,1.7816195839958429,2.0965036779193813,2.537144449278587,2.8568661454562627
quadratic,-5.676989147506644,-2.9078795339359456,-1.5653237118677734,-0.3078449827876568,0.6743506420582542,0.8916027329707641,0.2510676433306616,-0.5890836973542987,-2.1087735702019743,-4.300799177984967
quadratic,-8.801498406695767,-6.076587295970842,-3.407388379708718,-1.8282377432249908,-0.8542896755143369,-0.4049229278337777,-0.7002083573071741,-1.2908578926140546,-3.206082278192194,-5.2837578521726405
quadratic,-10.303248905784956,-7.0703868805072565,-4.947125059017991,-3.3494894495025767,-1.8635697137724647,-1.2871563200951934,-1.5367342804896469,-2.960576379632927,-4.292676726500905,-7.378957894479352
quadratic,-4.487520283421742,-3.2794584922521466,-1.844615188582357,-1.2072984597173515,-1.260511938667686,-1.4821469611161864,-1.624062036136293,-2.817437060537369,-4.420898700814993,-6.13529723729671
quadratic,-5.5048196521665,-2.865093367186306,-0.531598270017887,1.3676294097458523,2.371340511857961,3.329972076838296,3.23219852060359,3.0846962047573263,2.005796636665865,0.5819740925078521
quadratic,0.601473021897566,0.4570402992816711,0.3745139037339954,0.2917696203752244,0.7669570678809561,1.232009066619498,1.930188784976845,2.564439548639488,3.398476897820709,4.636146705625314
quadratic,7.0211792516244005,3.919610116838568,1.6862581435146609,-0.0206885754413852,-0.8433114913110961,-0.7564884108124211,-0.1997651278210425,1.167385143436351,3.192287577567807,6.093314831476193
quadratic,2.8604063220409994,1.7297427514174304,1.627801185407912,2.4708360898835315,2.336281639204092,3.3461996150485005,4.827720589515393,6.648124638401098,8.266785286602454,10.616634842075516
quadratic,3.502588288639059,3.7281651796103694,3.2121148546734597,2.898318395507891,1.952888479669902,1.4305017504627031,0.290559277766057,-0.6531385578400797,-1.8990623675972893,-3.463817780963266
quadratic,-2.866114143398034,-2.039417691190364,-1.1556065511906264,-0.6913467376714464,-0.3072672975105792,-0.092488845302256,-0.0961747221350436,-0.4294149035841086,-0.8326253471653688,-1.4362615643678354
quadratic,1.7257858926327112,2.2724364469594365,2.680224099582077,2.8842679414375763,2.959647148546465,2.8346718314397794,2.520235844787844,2.1050220780685422,1.4115422405575004,0.6167251358060176
quadratic,6.440870162020747,3.8909562915772113,2.2016762517955297,1.084384254027402,0.669853156618903,0.6980180435655865,1.624748500914425,3.274731489435921,5.283963738564378,8.349492981702426
quadratic,4.873602120181118,2.628078668525489,0.9587632439518688,-0.1141372036258906,-0.5686275604787603,-0.4616951369336923,0.3575259293519096,1.51331706306024,3.4290997532131766,5.839045304238861
quadratic,4.1524071444634085,2.2021654844385,0.2673700069501344,-0.7320545673373534,-1.5169693253579342,-1.62179583623554,-1.243616502443415,-0.7454636077593941,0.4329637033573161,2.195801173568752
quadratic,-6.402807634225625,-3.530270649395283,-1.4492166594200555,0.5854366920716236,1.8482370866279685,2.723990029912769,3.0291816537549,2.7272643156031044,1.8477289021980996,0.7276467415703237
quadratic,-7.248448730362445,-4.279803283509551,-1.8970105689748933,-0.4472481622782525,0.5242264592249498,0.7738682148441215,0.1511049090753133,-0.9970255115999492,-3.004309497090998,-5.627437118114143
quadratic,8.483032366371605,6.003920401907417,3.607273438535532,2.149446144867753,1.0514952704126757,0.5646174079678025,0.4152172696557391,0.8072877417362204,2.2545324998502454,3.918516042620364
quadratic,7.142973018499266,4.315296143398855,2.365087316302024,1.1150905313868522,0.604957719947263,0.8490240668888579,1.8103066398158725,3.71208415507763,6.269961007440141,9.56774494886194
quadratic,10.505450464395468,7.863798916050619,5.320104493821503,2.8947001544990347,2.1281982596561155,1.0310958457434587,0.5015791032648305,1.1412706376806907,2.696281124990887,4.34983167257855
quadratic,1.8356696328292883,1.9903385867652936,2.1307756328319503,2.253103637621466,2.297105497988979,2.3420793950549506,2.291601674912891,2.255371699157873,2.1836249844757045,2.0588052522933284
quadratic,4.156679700281175,2.8126094960283425,1.5725632266791951,0.7815802284958469,0.720366028067214,1.1953287780952695,1.6910476740133529,3.098693107588074,4.597486273232232,7.100676193376275
quadratic,-5.5403939690473765,-3.3370760447476107,-1.1981129627707738,0.8034023802883757,1.616682365721939,2.4703436799833725,2.773256787349381,3.169480652923696,1.99717890150402,1.724479369388187
quadratic,-4.440192858621584,-1.6200340056405735,-0.6502747524210399,0.8816372187048749,1.140589372628634,0.9160179908096484,0.2557318139552687,-0.925174809789246,-2.7023404088424865,-5.300905234432266
quadratic,-1.4613241419171654,-0.9887255397417992,-0.403960260460276,0.1619891491950052,1.0479537165485453,1.4191331214625984,2.5885052040282743,3.5377527339851453,4.716122871302448,5.901720832579557
quadratic,1.5294133487448571,0.8483024275062465,-0.0018784674489885,-0.7790379845135323,-1.4587674846986811,-2.098503237833948,-2.598367763984128,-3.016044021440907,-3.634337121083008,-4.186484080938638
quadratic,4.111839017461584,3.304044106321488,2.4538129052050315,1.8243898266104368,1.2998126307979134,0.7912641349165586,0.4474945782140737,0.0249307637879499,-0.0459890793561617,-0.333348580251283
quadratic,8.360478963854906,5.437522973094397,3.24101020959388,2.060966582749647,1.4294744225654208,1.8440066920343676,2.726474006243779,4.456828871089976,6.983078000669683,10.563374212259893
quadratic,-0.6078878136255265,1.2240170213799109,2.509354641530071,3.0344134745797597,3.215544161368828,2.4293452013409444,0.9842891761625462,-0.9467923334708224,-3.86872630776228,-7.23467678289006
quadratic,0.4228653707205689,-0.1889754709020813,-0.7705567839190567,-1.2153540836710996,-1.4035125166631277,-1.5403666749005769,-1.5389323031293662,-1.3290115134742395,-1.0189183252860603,-0.5570208010526929
quadratic,-7.228866674642782,-4.429611532534436,-2.2723883675522933,-0.8673556751581566,-0.1276555950038704,0.0008792103766364,-0.4451557707120748,-1.8175441498017528,-3.4452734838244687,-6.103586743086487
quadratic,9.691405189419829,7.567177518806214,5.3361355546607525,4.418650295974162,3.1952199594168347,2.4016575086933285,2.224126196676354,2.002926401255991,2.5669451098668405,2.494588341143678
quadratic,3.0664615215726103,1.6042053919182813,0.2686240220972352,-0.8661814701972828,-1.7670502266095014,-2.457909400918359,-2.9880518434238743,-3.249227796122685,-3.355801117138565,-3.26048484775172
quadratic,-9.25607512980478,-7.006773449407633,-5.231268354349845,-4.016315144936553,-2.813389062096374,-2.396815732616778,-2.223251999247041,-2.5067510781668787,-2.622665991769956,-4.2284042973330696
quadratic,5.099851036741109,3.405387109121702,1.5016153136182375,-0.1514362723230683,-1.279679584116307,-1.95914953418456,-2.246030157271217,-2.4533649665368698,-2.4537507708203656,-1.772677092880303
quadratic,-2.185457512432809,-2.05665633616983,-1.9665680545694928,-1.908561933976252,-1.897595717354229,-1.9282849668731183,-2.0023966708881265,-2.1001520263135536,-2.2493428023778117,-2.436394151983493
quadratic,11.457057559339388,8.701314378254226,5.421927451120329,3.714376379017993,2.8681912321851923,2.4521470150928164,3.3478863697965675,4.326493335912248,6.626814543891974,9.005295269755033
quadratic,2.700260479341875,1.706980719366185,1.1714077455569682,0.832460204229197,0.8829934190731946,1.661555155342575,2.3191513604885072,3.6555219333528495,5.313526890032791,7.42719058985545
quadratic,-7.077863879527049,-5.674097279642843,-3.8271311851304426,-3.199188440243909,-2.36474409805464,-2.1392419954149275,-2.0849156055391225,-2.26952635772738,-2.8555390072327045,-3.6669024545309385
quadratic,1.7507682760095058,1.2765150726686434,1.1449588755556444,1.3867703986935225,1.6597885385571145,2.258861987320426,3.0176439967306945,4.232701918321045,5.673993310196387,7.694708054663881
quadratic,6.641585849854568,4.252103857660931,2.8588773511172447,1.932296156075024,2.2606396254600205,2.888380392158945,4.434191554613543,6.657956926191233,9.596189448507111,13.637747166736698
quadratic,-12.464721409042774,-8.48526710726035,-5.787966298438532,-3.1152372003848043,-1.7816750932569687,-1.1042716605252625,-0.9632960400459324,-1.742347084939354,-2.9090280641604127,-5.269331585021508
quadratic,-2.0756358314655428,-1.376530347271716,-0.8166621637313902,-0.5488805588922633,-0.4493963545524073,-0.5195058780787359,-0.7542613720041176,-1.183137035597415,-1.8134416436322296,-2.5953160273114144
quadratic,-1.1669957248416982,-1.4358001684105837,-1.6905413679296295,-1.1929330796355069,-1.088845839170845,-0.1677711254592317,0.4227899713844415,1.6571080089961443,2.6284441695725125,3.5706763039215
quadratic,-1.0789986369243545,-0.0430704038034045,0.7117322949978935,1.310607357130914,1.7075074752062802,1.9365675664345336,1.892694307957124,1.6247327761556836,1.298710449280351,0.6041827515555619
quadratic,-5.121886739619765,-2.94391945017475,-1.2319995462308275,0.0194933665965438,0.8399234514629397,1.0779284202572723,0.6876096932307921,0.0339925325208653,-1.384914170985137,-3.237765547701772
quadratic,4.65109803600962,1.6921779772080323,-0.1775308436386393,-1.4379471355274287,-2.661755822133796,-2.853937374221476,-2.2698146771850185,-1.6732225285314903,-0.3283706236351912,1.8523067098782005
quadratic,-4.00885991664893,-2.2758542076723542,-0.7846669719752539,0.2908370964176859,1.0024058303483308,1.296343501717498,1.239724680554784,0.5815053906152668,-0.3309583791302574,-1.5966262533551074
quadratic,-4.264033992954438,-2.239286478166018,-0.596362466347282,0.3535992453786228,0.7999027639524446,0.8989598072248297,0.2973916184015652,-0.6197248512836435,-1.9737523398681132,-4.02143252648991
quadratic,-8.61825675560535,-6.498953953255055,-4.846903704038699,-3.608176242204969,-3.080525082672046,-2.752498871074566,-3.237005775762481,-4.022295743645871,-5.145988520567381,-7.082903910802605
quadratic,-4.220431249009255,-3.337744988402515,-2.664345546155068,-2.004228103043646,-1.3505707429187424,-0.9104158997638956,-0.5549170612496962,-0.2430105791995523,0.0715916209106448,0.0281469433734533
quadratic,0.2721724612392188,-0.0381063881616539,-0.2828298464980637,-0.4824514532068389,-0.6240050003972655,-0.7161165687199552,-0.7493258107404386,-0.7471132172942976,-0.68701808430063,-0.5492201454306352
quadratic,2.528263184458815,1.0943702059248952,0.0736888997223325,-0.0124576075484209,0.1614283465325156,1.0762345394399189,2.438980257871432,4.421754110049659,6.844954919257964,10.006406057479774
quadratic,-1.8267284770724472,-1.5012236371676546,-1.5271938641535805,-1.7022323255622551,-2.0611754404555227,-2.69687423945586,-3.56625753611554,-4.600800579126429,-5.90175656223923,-7.304736484496575
quadratic,-12.45446176125804,-8.464674802044152,-5.504996438957136,-3.9958897913723455,-2.745499442397735,-1.5585456437699727,-2.543749042033065,-3.0319055081928004,-4.56736696874968,-7.214835791646147
quadratic,-7.937796325076547,-5.691936173044282,-3.479625866422964,-1.9122040939400244,-1.1588903345948032,-0.7610712772636318,-1.208529609253212,-2.1258963763394005,-3.689919727034791,-5.836437763928382
quadratic,5.838494294884272,4.127948926450912,2.5219356662364136,1.6834409651349098,1.705517003049767,2.4262326657332585,2.966679476329189,3.99216922224048,5.959914035083653,8.338049325866823
quadratic,9.69269557226899,7.019876761178348,4.122496687546322,2.040922642593366,1.308334323488853,-0.0095662759630413,0.3170947512261651,1.144308980768257,1.9893883571962456,3.682548039949094
quadratic,-1.3908684072901147,1.1350494388193677,2.3439946637762845,3.512906828095307,2.968741873091165,2.724795434159538,1.0809131561766283,-1.2425407829526658,-3.9976021159191713,-7.6881250167307025
quadratic,-4.831816209119137,-2.480089418461927,-1.2892923581646245,0.0816172502965559,1.0670001256163968,1.5758168305696418,1.2367664998146195,1.2872956344076458,0.7816566724270828,-0.2502015318984589
quadratic,5.183352144839649,2.3210003993420685,0.9245439863885896,0.2580778495862224,-0.5694910985497911,0.8627732556674351,1.4325373565999449,3.778165669458636,6.363556828192753,10.353058444251827
quadratic,-6.153157089862562,-3.136145224913226,-0.9546737332858812,0.3005114546419044,0.6188193219724976,0.5342060119594323,-0.6728493705296612,-2.170166704131552,-4.969442358499197,-8.208723546459366
quadratic,-6.98976970835524,-5.032905234195263,-4.097239606717564,-2.602719437047679,-2.999963136672268,-2.7808477922246877,-3.6931635764908286,-5.626338256316509,-7.66490990398101,-11.404419755378605
quadratic,-4.955876262998399,-3.1565962891074184,-1.4165022558206724,-0.7602579304185882,-0.1516031867888985,-0.4025668026650684,-1.3902186980821192,-2.686335582929157,-4.721563447841072,-7.208127795246183
quadratic,9.103794412690522,5.484588808455268,2.765773839629404,0.4538650155314935,-0.2381747146913356,-1.2354983473483527,-1.0269672138347492,-0.0878737032315038,1.8185813402350937,4.175045598312759
quadratic,1.035612978504826,2.054589625686821,2.7857283359872467,3.0989162708882603,3.137213819621629,2.69635315642228,2.093510726113196,1.001278821368632,-0.2531724622192752,-2.08008846432442
quadratic,5.537675544282021,2.970051944421123,1.4518593290268726,0.2927195498708568,-0.1453104979840919,0.3412632796196962,1.2511171438571442,2.7041704405642366,4.825775470889732,7.458763531431732
quadratic,-9.888004084063716,-6.299892453834259,-3.753904866303169,-1.1032961668741037,-1.128126138221624,-0.4808081169756299,-1.2245681275909068,-2.130690040044233,-4.04208602473974,-6.41538360950029
quadratic,10.317086330489904,7.476256750270819,5.323344850797247,3.8436850311169097,2.9144970370310035,2.728642696471046,3.077078271958839,4.4460573728065045,6.157356889705873,8.790589763044691
quadratic,1.6625367396402568,0.3138455281939568,-0.6814233352208309,-1.2871490671953103,-1.5999766730983114,-1.6042747417725056,-1.288233306626562,-0.5058427001909502,0.4889355880069518,1.9044469955042156
quadratic,0.1862422005241266,-0.0293878614426811,-0.1066238774923746,0.2769422598885528,0.6803642269041558,1.2606667150911168,2.147220345333625,3.27359931434226,4.585140978133241,6.033142220633585
quadratic,3.286880768938738,1.479803178023582,0.0871332569069998,-0.9726152302329656,-1.17585377037383,-0.4690727020036062,0.9883384840724512,2.722207713344954,5.639775314661311,9.424364953467544
quadratic,-3.425901398091756,-2.3515673450432666,-1.7274450505975416,-1.4673533107582992,-1.9411396161737065,-2.6618450426188023,-3.689221276808473,-5.468184828350329,-7.569638533437972,-9.902645299287286
quadratic,-5.57610960326682,-3.1868008407374777,-1.2651208963252147,-0.1789642177412556,0.7968890819107763,1.2012262164147478,1.131001155723763,0.7292720185452566,-0.2055925222263799,-1.618876640239185
quadratic,5.435953116214982,4.282292744031493,3.4081380206079928,2.739343511980635,2.4549248195582725,2.4196570553688894,2.65254281018888,3.1395531293667607,3.970383470088674,5.009560180816263
quadratic,6.572801860288314,5.584800005550831,4.69147759692225,3.8279633376340674,3.223837170655496,2.342775476785601,1.473188224712989,1.2771481198266093,0.5088056718732941,-0.0367376988415083
quadratic,6.476985784887548,4.844836105222556,3.0713272470578894,1.9705181173914883,1.3847659522844848,0.9328842411680116,0.9241232777927376,0.6382423917554619,2.0497398282950403,2.930491925587629
quadratic,-4.721854404242187,-2.614632749095203,-1.134240334613993,-0.3325069234127875,-0.0845313381694599,-0.3947446958791975,-1.3816411016429,-2.937396127572732,-5.025132691600676,-7.77085770024296
quadratic,-0.776370154762871,-1.1782366861209177,-1.490858931547594,-1.676106430433793,-1.7801717006564506,-1.7635574815800206,-1.5944887885610872,-1.393115242356198,-1.032545706899321,-0.5641002894321524
quadratic,2.251076332457331,1.4020561467260324,0.6822553478878588,0.7771350705200428,1.1738805910451968,1.5266635858731157,2.6940953898908564,3.623628471853286,5.12380381304275,7.06263156551598
quadratic,-7.2048830667411465,-5.675524944313386,-3.912611370906903,-2.517070900704496,-1.787719357716662,-1.0553734550090574,-1.4140644822476118,-1.6433335260199422,-1.8020029145273744,-2.707224132288169
quadratic,4.363055686961533,4.4253205469605,4.275006108797157,3.382412101648196,2.9327527131001148,2.101135430769187,1.2382480293787743,-0.0217735809102165,-1.4797825679165344,-2.63865511904758
quadratic,9.469761210644926,5.720950248112361,2.781821003470915,0.529604910450302,-0.7428444077437284,-1.947683328495833,-2.114766830307172,-1.3242584215512074,0.1693130749401988,2.3053768079958634
quadratic,-7.865127167717025,-5.264312541945744,-3.17061923011905,-1.425432531707271,-0.5809003986454342,-0.084092281185062,-0.154021807264063,-0.9116107316250572,-2.2161188219031027,-4.150616669534264
quadratic,-3.163205259927845,-1.0531770424023854,0.6240923419694431,1.450394515089852,1.457963561186968,0.8189355697642604,0.4274105737623097,-1.3751091148716603,-3.1660524378235357,-6.177729056804609
quadratic,-0.6386330189855884,-1.2780995423689931,-1.859105937273676,-2.1479832015845104,-2.363875426226635,-2.154447966522931,-1.9838133355423089,-1.6901877129559757,-1.1902215574264126,-0.5901607691599694
quadratic,-3.7334438644374974,-2.4698996116771585,-1.6221143058408625,-0.9195601407484796,-0.190977921893462,0.3333587004903041,0.8203225898191516,1.1265992110653351,1.2370895864966436,1.340771883589988
quadratic,-2.9254890688487336,-0.4415767970979519,1.3120852171258748,2.4956045361136625,2.386011269151744,2.279007907698941,0.4600381983013238,-1.1914278144565569,-4.414341450613838,-7.865102918104521
quadratic,4.106148249367582,3.4426478434790555,2.8913148469680565,2.488151349108049,2.092380859721089,1.9333728635390512,1.724602419847437,1.6315338304034956,1.709408395068199,1.853598897798717
quadratic,4.707295164530347,2.9297519114045945,1.3557556257157,-0.1335213801889165,-1.2914276931762927,-1.868142730443631,-2.722935340283968,-3.046661442539862,-2.491674666614821,-2.395716866408084
quadratic,-6.9159449407604505,-5.395939942320744,-4.26301583042287,-3.392373666654953,-3.0406652329206696,-2.959971245860038,-3.012417593101464,-4.004112044228321,-5.098532132713534,-6.729766723701828
quadratic,6.920341753418058,4.358406652602333,2.2599982279051924,0.9534983949623452,0.5863879035548838,0.3969227364485492,1.2513039099126748,2.8772830123309867,4.763169894003364,8.103552616970441
quadratic,-6.043931665712604,-3.6117539974238975,-1.7543309957749342,-0.2634206286936736,0.7117575459787759,1.1508401201949954,1.1272315495091072,0.9818434924884204,-0.4467987732226745,-1.5301880920239537
quadratic,4.347259577615478,2.473279499329028,0.7371553695006814,-0.7318076611009678,-1.5922930516269802,-2.019461310529469,-2.4857453933682483,-2.229690325591877,-1.7378514274303725,-0.9409918929714444
quadratic,4.165059807811445,4.015386889778477,3.788058474428923,3.44894583006566,3.15023576491364,2.7569085377516123,2.347801049054793,1.996678727963264,1.454738303046419,0.8625083106534746
quadratic,-4.41311451215635,-2.5919064450089366,-1.6298458046109092,-1.1983769799487276,-1.062501868414617,-1.7656928865387638,-3.239827499040651,-5.512524195748615,-8.19413029772506,-11.98896329885226
quadratic,7.589787845215605,5.801207448992052,4.144698305374896,2.8538349440710244,1.694905289355195,0.6987162594559819,0.0545788453293979,-0.0933179411709314,-0.0678373481996595,-0.0430046115747125
quadratic,-7.182871747447094,-4.383102392272189,-2.41817816550009,-1.0581230930010117,-0.5097952161866701,-0.5151313186183576,-1.220735867273205,-2.6123422660399886,-4.586005177774847,-7.665510228205365
quadratic,3.753149779617672,2.504780723031108,1.7337458159609032,0.7445627722606198,0.0283229383341579,-0.4379825472070164,-0.738889367618797,-0.438381530519871,-0.4011215080552324,-0.1988560643405034
quadratic,1.2448260550192,0.9247634669736904,0.9442680899075008,1.0557396727823964,1.2516583603089204,1.8695220341071903,2.425428516559152,3.2896105414649544,4.320914158301296,5.7193197328396
quadratic,4.139863620385476,3.706456892975507,3.0180988200547114,2.652404910577099,2.603743865701815,2.787972893323638,3.3576850859937024,3.9050719396172826,4.905132488293844,5.969889714146338
quadratic,-6.211942894822905,-4.929749186877739,-3.777607249409592,-2.872858161345948,-2.3073685883985275,-1.972590613443829,-1.8097773628489888,-1.8763452275270165,-2.165385783033828,-2.720790221697767
quadratic,2.5554997002398947,1.8209212497085645,1.1741940943802531,0.7979454245991285,0.4422068000680496,0.2311980992642589,0.1988314056602437,0.3499419213084185,0.4764311845502189,0.8465213369602178
quadratic,-0.91299434702439,0.1446179371518468,0.993357975481529,1.5549729356929425,1.8441701592006177,1.801385912979594,1.658901143726748,1.1188856053754876,0.362410457761507,-0.6199790559061991
quadratic,5.324898287576251,3.5525945658657285,2.345976932991743,1.7789675023318436,1.5381411070605204,1.7122162115075752,2.773448321213349,3.948684366220328,5.998403784870771,7.996089258888864
quadratic,-8.670535860324748,-6.54750130127146,-4.871673902400183,-3.784627265959732,-3.064178386014657,-2.72219447069485,-3.179450903377497,-4.116948239381187,-6.063318859062629,-7.826290007486179
quadratic,3.104316260132622,1.339803033616539,0.0787032056711876,-0.5094065480067624,-0.6881625240330813,0.0540117361458401,1.037765041755136,2.7268455579946687,5.152910256223667,7.914351424049197
quadratic,-1.5681447097569068,-0.1869943888030781,1.0241305467858306,1.8157488107070257,2.669517621943877,2.713748183721304,2.691205787630403,2.5012743919782023,2.178328316817093,1.235425450231583
quadratic,-0.7817251913769678,1.0744832406879117,2.322900414103544,2.851873281443644,3.138797670415628,2.585674495670569,1.8882365642246324,0.3087643611223721,-1.4896830505606833,-3.9795208307151126
quadratic,3.5797009449119237,2.2762757444280948,1.41614458030055,0.6691044326562253,0.3080748675163358,-0.1296670588930977,-0.1400978328445652,-0.1001628380466225,0.1447777945359817,0.7607944303947739
quadratic,-2.772154229270331,-2.503822879066364,-2.3766366650779216,-2.1896572167011747,-2.184406756797153,-2.249407509483333,-2.367968611259565,-2.501088293927451,-2.793803370351055,-3.1089606222941457
quadratic,-2.5557762710892264,-0.911274327922012,0.6469225104186257,1.561063496252412,2.211094057063335,2.802344348210226,2.916144604174592,2.738707096129324,2.1752986074335707,1.380950946212595
quadratic,1.9331243045786417,0.936595378526208,-0.2112430286429925,-0.7213763304819494,-0.1943254565318797,0.5327544495375309,1.4562558349214094,2.9449441357618946,5.450677905581074,8.053461262711268
quadratic,-8.843624713102434,-6.237192050489111,-4.366528100340906,-3.0739471839458816,-1.983215289424329,-1.7647611855542975,-1.7192042287001483,-2.8800745729009094,-4.218401736171426,-6.237065857072343
quadratic,-4.524161344691656,-4.283659202943381,-3.997074190957823,-3.5900838943812388,-3.244479561830932,-2.5046584678449464,-2.187545271012773,-1.5002087561610236,-0.9693815027478336,-0.3350550414626466
quadratic,5.400861244182744,4.654131840042604,3.77041540522739,2.443594258605739,1.7738341849786252,0.8588009363750833,-0.2101396879209637,-0.729123846367624,-1.255268133102854,-2.1785262657165547
quadratic,4.283017252057224,2.4847521531674777,1.1677600854759609,0.3841431492402709,0.111064465734726,0.1481724109553419,0.5353105120052923,1.5505291015156464,2.897388334422351,4.589796116908869
quadratic,1.4081387432136208,-0.7055113681441011,-1.5288820382228516,-2.12056083545395,-2.442998708511796,-1.1963337854317468,-0.0197255731463324,2.337972394397041,4.852546975281945,7.936400108963797
quadratic,-4.018956578521112,-3.411233687802385,-2.831529014401788,-2.4800733202210674,-2.1439050317678867,-2.1038903439517576,-2.007845905020792,-2.0618119140675133,-2.3429925557096456,-2.6572046398022584
quadratic,-2.323285274626026,0.2384214278864501,1.6910342340466125,2.386697649970364,3.100307840528929,2.442269654484193,0.644497150701189,-1.4855687154738146,-4.1972916403349245,-7.339471282381893
quadratic,-1.1080742932918768,-1.3076195536666322,-1.3781802633004934,-1.4253846969180808,-1.3322438197953477,-1.1464604983632387,-0.955983256482912,-0.6129987089079789,-0.29621564774503,0.2104869726221495
quadratic,0.1893163929614849,1.3394666259179495,2.211018668296732,2.718507866219246,2.761365225189807,2.548443540878669,1.994912343748079,0.9616383087951784,-0.4397613648968013,-2.171109444743716
quadratic,-5.44188237716492,-3.955291613420897,-2.797463075678285,-1.8848875378699848,-1.2352901427494791,-0.8928696811219525,-0.9293564327024812,-1.1078590623474185,-1.637250395088057,-2.518782325111774
quadratic,8.733053928295968,6.659866966770371,4.964677910507114,3.174802214362877,2.266741112228362,1.3843262340187334,0.9603712778011838,0.9713279387540068,1.1762453516139302,1.7568500393248472
quadratic,-4.970017523227224,-3.904756618659921,-2.876817522625542,-2.056564350259424,-1.5221705052648284,-1.0382734085260057,-0.6101768936970957,-0.5562361344971342,-0.6536149506861331,-0.8513959689119488
quadratic,5.984833995707349,2.773266012425517,0.3584767344123521,-0.7116501496275882,-1.4811096621716222,-1.6992271581132017,-0.5940520501513455,1.6588155274047631,3.589434019102044,6.705118518371
quadratic,0.9763889453462729,1.936892130069353,2.252205525006768,2.554686458244122,2.437797894783072,2.0903274126153915,1.194143206793498,-0.0191894595549269,-1.3957145105482545,-3.348505891342912
quadratic,0.5090002477712682,1.3804764092850696,1.7665042629935437,1.8811853880096328,1.429629103013989,0.6468075648362148,-0.5303969164804146,-2.19511092332349,-4.043358231352494,-6.621932791737666
quadratic,9.408499435898726,6.443586770914504,3.722250927686021,1.9263688709569724,0.3809258838536258,-0.0645461233810055,-0.6857861338924389,-0.998280257199146,0.0107709237275807,1.113114165121178
quadratic,2.876435285349672,1.5552793927681332,0.4217158654572228,-0.2522933378875436,-0.6469695057942634,-0.5899768591816174,-0.3078524528353007,0.4510746563572207,1.4983100293533012,2.953207432697102
quadratic,4.592380235757105,2.3636365487514834,0.6932604988759768,-0.2434949970486568,-0.3321827037168257,0.3593885105845523,1.3710742800218094,3.3574292711665645,6.102020086026887,9.81164628181105
quadratic,0.8632585775557461,1.9842107922409369,2.806932788740832,3.0219768144061225,3.174320065397927,2.504270537588164,1.5449580945294392,0.0257903434307354,-1.8033796686256545,-4.151501162999233
quadratic,3.221995946023447,2.079592321658098,1.182220898270215,0.4663631287926051,-0.0667132480925079,-0.4743203109677918,-0.7445329360863936,-0.7958251593016895,-0.7229300821170938,-0.4817947447228189
quadratic,6.776473967511292,4.221955615777631,2.561658975277457,1.5214703200183597,1.23734948898575,1.437994693859039,2.324050213173724,3.832216410617137,5.751990795821588,8.506180090253343
quadratic,3.194664924989697,0.2793678589104619,-1.0586610527991274,-2.406030157450363,-1.9873690635710812,-2.117678952220084,-0.6310781842628839,1.382370988426746,3.522328338441671,7.172839563240483
quadratic,2.5411508679417896,2.39478303673732,2.293910797757152,2.0125835511258536,1.492053315317023,0.8117718480886755,0.0437604760570655,-0.9028112456676668,-1.9215657278665743,-3.3394087648499604
quadratic,-7.439526437697136,-5.241192650931482,-3.494364078950001,-1.4291593103149602,0.0630624842138751,0.1607424110197833,1.344519217373994,0.566280007411324,0.8698510089465891,0.8257678193318545
quadratic,1.4864679536443,0.2459528135635848,-0.2767453301078479,-0.9580861359263824,-0.6409358804437769,-0.0253577630119784,1.1295026083556694,3.062581403109521,5.0506483803839535,7.588168076698905
quadratic,-5.575376804826607,-3.091802262945506,-1.2973831896546315,-0.0411394069803426,0.47624394544135,0.2497596483320239,-0.5245037893067778,-1.782648249095777,-3.9215722096232337,-7.01588511067765
quadratic,-7.50998208168998,-5.487333951913057,-3.9918085493663824,-2.5856215309462787,-1.5134544256633056,-0.7766746968935432,-0.1270830765181151,0.0094515693232958,0.1493674949021099,-0.2616002316994908
quadratic,-1.258205231891159,-0.9024713378703804,-0.7127425283002654,-0.1836929833229887,0.280239926741505,0.7916600721217115,1.6183016231987524,2.5846735180808293,3.880874268074863,4.81667653173672
quadratic,3.986316361928077,3.170827166259678,2.569488505547181,2.2927149137637475,2.1352953276502884,2.3284441557639664,2.7534570583454125,3.5574971167130838,4.528255614295369,5.805180318459042
quadratic,-0.7743593225536536,0.1344350275234144,0.7487301516792172,0.8361787768840174,1.0925099655965784,0.7133522339119477,0.6692937791172348,-0.0609019564247318,-0.7077033225948328,-1.7355842994944448
quadratic,1.8311992766748533,2.993033937570171,3.2633598371054857,3.112602982684737,3.0095970752731747,2.7864791556428115,1.735144646477036,0.206768373728589,-1.279118658104809,-3.2130416654958003
quadratic,3.204378072002167,1.3964231448924953,-0.1246757350384711,-1.2413161392186909,-2.338846793195367,-2.939968644765685,-3.426933792889689,-3.4970333179241817,-3.282336617335523,-2.845286066989794
quadratic,0.1133166640483084,0.9150818426940668,1.6339206671635442,1.7366280920346495,1.533926261254659,0.826594049545198,0.0383765283916091,-1.1948029438184051,-2.7463957535461425,-4.881504678281662
quadratic,6.583366380225893,4.105722527633765,2.0507399129897013,0.6848503057792599,0.0197907337818521,0.0685612080580453,1.329195934123775,2.751485946860333,5.017574374639216,7.938984609286028
quadratic,1.812101163822071,1.0429788376324396,0.376214448905238,-0.0823441186260414,-0.7567006794666522,-1.145857217502139,-1.616962485653996,-1.959006211835331,-2.2245649451296,-2.859574785699813
quadratic,-9.284167917030697,-6.650031398201046,-4.557298115859809,-3.187289772792877,-2.1491019475374986,-1.7967711086723157,-2.172770447211448,-2.9769002868861256,-4.481572192337227,-6.706186376037303
quadratic,-10.359393187405509,-7.601531885005389,-4.512929358419599,-2.7573060646391543,-0.8560321837099807,-0.1752940811660938,-0.2716724345230522,-1.0810958209450394,-2.4750688624624777,-4.301943805543298
quadratic,10.519547681869703,8.188896428798612,6.1983895800334645,4.64892115039613,3.40525790618514,2.488765234485858,2.235884607328481,2.275986077997599,2.619390593668814,3.399138454497112
quadratic,3.86299724680867,1.795283692162805,0.065792871793785,-0.8379024500048614,-1.2889508085318289,-1.7163186370949082,-1.0543045238562776,-0.0949252164605005,1.36328065905505,3.453766466759668
quadratic,1.7406463643508712,1.585455034821303,1.3369835861424153,0.9574359416677783,0.46948009858013,0.1043033382837621,-0.3442737157024781,-0.8745617979182252,-1.279202504936594,-1.8359211846271632
quadratic,7.05538076653919,3.659666802604221,0.9297933705249002,-0.8540659996573212,-2.099413687130613,-2.6346252039403515,-2.5959866114003094,-1.8054742026383084,0.2507722731060835,2.4651969902476907
quadratic,3.729375639985025,1.263600613982256,0.0417983152310022,-0.6227723698013189,-0.3429195349840013,-0.0186162995761845,1.7645602310619288,3.803241117156454,6.591661028250247,10.423152906403578
quadratic,-0.693219442241318,-0.1554827709991853,0.6789944387419138,1.49829529641155,2.374187379962192,3.436603071133186,4.159189649695214,4.737852547517724,5.907358125621748,7.09181010365359
quadratic,-4.96646578822445,-3.0873844036053173,-1.6009708329257777,-0.9306452284607692,-0.7425277604214547,-1.0613861988644235,-2.3336277641871424,-4.142276870371465,-6.437593536792581,-9.48156937772114
quadratic,2.1164795164627703,0.8753705690605592,0.6731499509909995,0.0904297075684779,-0.5995943937520989,1.828357400790251,2.517434367375384,4.428157048607993,7.030551689723398,9.75596627434866
quadratic,0.9958033860583836,1.317881297863562,1.5917238852742186,1.8207362285332949,1.3643537639736667,0.8286796625280083,0.0173265332245419,-1.0379957566407942,-2.5736886927513227,-4.096040272404609
quadratic,-4.685909987920929,-4.129368180385313,-3.56209975789543,-2.9189113399725546,-2.1672726728816625,-1.3806557982833638,-0.5750154815449546,0.2432272946023455,1.0672603493058042,2.0329407612878634
quadratic,-7.128001297467296,-5.130853221704275,-3.5124416420428606,-2.5400069400023253,-2.4964042642036266,-2.444310078886724,-2.942952010724305,-4.313386716688695,-5.743803308228597,-8.080343929775472
quadratic,-2.863536876078097,-2.167172564452253,-1.9692574946541324,-1.9936607484871829,-2.157482415039687,-2.463091377240416,-3.276721328967457,-4.126050162435457,-5.111747469452221,-6.9742596471173846
quadratic,-7.758485857570398,-4.565671670021393,-1.7863619558754944,-0.2902379667824946,1.0674037244525816,1.7875965091935797,2.3908207019242127,1.8155466197730252,1.195739523564931,-0.2683218892402231
quadratic,7.36373563541547,5.451538165137447,3.836518754992816,3.040201592619919,3.0250477930078827,2.933616136896941,3.379725269087274,4.982416932201382,5.985389464785886,8.41316370159426
quadratic,5.543927691565759,2.7354826829708774,0.871983989002245,-1.1839333269056862,-2.108635132519902,-2.598695065465244,-3.2195205725270517,-2.5946268686956286,-1.4247765153691605,0.2208175107999337
quadratic,-2.4316265757850983,-1.7271158913315137,-1.2809251331569744,-1.1113763369420138,-1.2070141792882756,-1.650554205225435,-2.342874910938059,-3.265199108391601,-4.64319102785005,-6.085209546026411
quadratic,6.123148247526114,3.729325284352304,1.6572160500054176,0.0304425352120553,-1.1807225326976782,-2.0674286727067246,-2.524438181459128,-2.626388019200025,-2.3037735651482008,-1.4933007832704464
quadratic,-3.087880217341921,-2.749304685580512,-2.543582057260257,-2.4654581920399155,-2.653590574674528,-2.955268214702768,-3.4097886118605976,-3.924040073652805,-4.684513541348062,-5.676137941380632
quadratic,-1.1686057434376824,0.7255617901008282,1.59195031852392,2.3375342724886043,2.644477307608025,2.7548945485741045,2.2166543061254256,1.6321182928871996,0.7309491908743965,-0.8951067593950826
quadratic,1.460853335288122,1.0319626346823374,0.7546991342873576,0.4447991945163081,0.1653305775804844,0.0275778834638631,-0.1209898175534682,-0.2100346855138294,-0.3004946937333903,-0.1776316134407735
quadratic,-4.754325594799004,-2.9402329296628675,-1.4236637938495291,-0.844714813297548,-0.649791736242857,-1.5991465589836074,-2.2537114424363027,-3.839273799601529,-5.688886656817158,-8.911560144899791
quadratic,2.079638537717593,1.195767462351264,0.3008494209073518,0.0871552388325215,0.1318219104927751,0.9970755089958449,1.8180737429675176,3.034358053832265,4.379385075958298,6.288725598287934
quadratic,-4.704488902527381,-3.49358085153358,-2.7539391506150577,-1.9278368627215448,-1.1610623644035936,-0.6612817507293755,-0.0478857605187088,0.2111771903478694,0.7808931019879275,0.8754680100570937
quadratic,-7.339994120225152,-4.536745596480312,-1.9365843305493016,-0.3935415199360502,0.8018524338341835,1.5140763038465583,1.7519187656169877,2.1275260426847105,1.4789365181404857,0.5365539477015997
quadratic,0.2010773163274447,-1.0788181594499142,-1.936734488553684,-1.51324367368179,-1.30480263558907,-0.4146557186492162,0.657295653151732,2.8211674804199,4.833568693382614,8.164308766174509
quadratic,3.5155064233016646,2.110377922072606,1.3909347331552913,1.2603085432559795,1.3347782091935363,2.2339852185084603,3.5270532589223547,5.501450567576733,8.145123381238514,11.207317519761638
quadratic,8.783663731246614,6.597210823061352,4.902149179886772,3.6561884487007066,2.4849541066731926,1.790637013183631,1.3134853161644626,1.3216294428051838,1.5066719548219578,2.2362184291846927
quadratic,-4.345502678841482,-2.200632139161549,-0.4364636589008676,1.052556640026535,1.7822029533255532,2.4101581540619863,2.330309999576437,2.093055737032189,1.314249480138119,0.0259572594717237
quadratic,-9.794174954519452,-6.849476216595221,-4.96343932896969,-2.9229279502563066,-1.811943700756708,-0.7282634517935711,-0.4294344821421463,-0.6481476951746903,-1.0601877369834274,-2.107638776575618
quadratic,6.356014890298916,4.429956895398985,2.305871853171355,1.2251497761480596,-0.2965984361439714,-0.8133053768919972,-1.1135230084356351,-1.248099162935335,-1.237621967148104,-0.4752287462830352
quadratic,-6.360291121263383,-4.560751486801068,-2.926862657488956,-1.8767026655921997,-1.1091761957825397,-0.9488926213431768,-1.179321669567008,-2.0281393997447945,-3.2662208896866654,-4.763884526930486
quadratic,-2.42728103888337,-1.7991753736897782,-1.3250954390036809,-0.986875012460106,-0.5782366428246273,-0.1411722580358958,0.0287780632588595,0.0789742518247642,0.3033735106525581,0.2701298740344049
quadratic,4.0199014896998335,2.781696775735753,2.2632291463143024,1.6392261324047364,1.4926455310170008,2.971674432827293,3.5769377349196185,6.009659958703683,8.63691460466157,11.405218877881817
quadratic,5.424570792288817,3.9268914196748095,3.0593746941532647,2.2442439616139085,2.079583392219478,2.049527060843249,2.3983702600468697,3.2908309961636397,4.446361381277836,5.931160029763641
quadratic,3.0631490829934447,1.5296880493315774,0.0334082035985753,-1.2640462807453836,-2.074106802218086,-2.56482753870125,-3.511872870673057,-3.935694684804509,-4.210254567120085,-4.029330309153185
quadratic,-4.1839455659307205,-2.195966511584972,-0.2224608758012986,0.1150639538255597,-0.3741859666154297,-1.231566378227679,-2.569545798450485,-4.829893342353378,-7.984568040015446,-11.39733599384502
quadratic,4.828057742020937,4.209716047317132,3.680029140891277,3.3114460749690937,3.048714785179536,2.9103774336771444,2.969733224763515,3.0383692940437483,3.2288440062684103,3.633602243807791
quadratic,4.110530566351173,3.388366133357273,2.86141890495017,2.6539179400749724,2.661371930628451,2.952937539922727,3.4816794786053658,4.401243252857022,5.51876177918786,6.822090691332962
quadratic,-6.23768399532712,-3.7557173266496657,-2.0718365713738893,-0.7941755195278724,-0.594911166932661,-0.7302196694324989,-2.1948182306471304,-4.493551407333868,-7.048773225763846,-10.707240116392702
quadratic,0.4845626230096705,0.3253151133844791,0.3442212001305794,0.4489345327212588,0.7001403705326147,1.0246813849998817,1.4926907927822646,2.1204517226708743,2.807270232220087,3.696520866385795
quadratic,-1.1196925725454965,-1.235777391128689,-1.4346686203728647,-1.5717608464038766,-1.8429722195777127,-2.1794060498269743,-2.403488360118017,-2.8301315829206017,-3.2750439423598205,-3.707429568086797
quadratic,10.620220822693303,7.450107252200024,5.1288001832877175,3.658131855862913,2.9172037392834995,2.463585639204081,3.53060619695149,5.132103812163825,6.829474399535899,9.675998236922302
quadratic,4.638604765837153,3.047098048770027,1.705151756975978,0.8083932354162796,0.0955524026750418,-0.3445761940245175,-0.4673227353621617,-0.1851245510186744,0.4106311505767417,1.245085582804
quadratic,-8.799167376346027,-5.358650976697854,-1.4526748762970425,0.1111777276640909,1.7319333663261998,2.556714046645232,2.28500027968744,1.5932119089575187,0.0297506163261842,-2.5207900794858134
quadratic,7.346852645384002,4.167239326756103,1.9365631501740632,0.448597243719198,-0.3618051581099383,-1.1184864925471911,-0.97784174424451,-0.2521671384046325,1.008391752481527,3.20751410887914
quadratic,-0.2015074490884529,0.803326111091257,1.301423724194481,1.1381353739638829,0.8635574140975447,0.0542702785998275,-1.382249345335512,-2.9041354943490845,-5.19145969019557,-7.445898639526764
quadratic,7.7976295011204435,5.007104297941877,2.460086229997513,0.976407091996024,-0.2789548190866365,-0.8051257668813051,-0.2905415297804588,0.8036521555110485,2.5573012942756344,4.736447234835841
quadratic,-6.04659357524702,-3.754005763206588,-2.0698150785143894,-0.8279268466763029,-0.303156876142626,-0.5464581013367239,-1.153557925032862,-2.453169105185139,-4.511744883022962,-7.264382173179801
quadratic,7.462294399968048,4.30355388259111,2.080006769007825,1.5390022340043463,1.698431523257142,2.152335118827441,3.188064237146155,5.236447003066103,8.352038863349769,11.77204258252202
quadratic,2.561674858243736,1.7559793427251558,1.3461782049041229,1.25226614291057,1.4672098218515628,1.9228291766829804,2.900378356467048,4.224352162134681,6.192962252265249,7.665664858236652
quadratic,-8.272436423701574,-6.039623957851997,-4.202073626492436,-2.867927797218452,-2.1787621590335307,-2.107406251500849,-2.362315223159786,-3.114089408088822,-4.36325958794404,-6.225369119144891
quadratic,3.702926319320125,3.160419033073522,2.79235095952429,2.300103128578033,1.82280307904932,1.354637045848495,0.6570044666290459,0.0629148294634511,-0.680676079355919,-1.379753129364707
quadratic,-6.817727197194267,-4.741443438539254,-3.396087306309751,-2.658361343236165,-2.158412449586483,-3.031944326486019,-3.849230529893142,-5.587483239887102,-8.245591356430836,-11.098051357966236
quadratic,8.044006159627035,5.979015066320471,3.9561307026362953,2.914284262497436,2.40666789504695,2.6911471491491925,3.9561036513178367,5.224790168597134,7.834360881370374,10.739349538271512
quadratic,-13.041397200730817,-9.163949000758112,-6.244713407667008,-4.208294196114812,-2.257725466588357,-1.6829428122686596,-1.4311390642563908,-1.9514981198791852,-3.0209953464262624,-4.637697717898562
quadratic,5.210355492415915,2.969207836645907,1.236732168099475,0.3100042103576096,0.2857088960310189,0.7329112546192358,2.539827181300114,4.608791445392211,7.700099885540303,11.833123882516253
quadratic,-4.3234713497339,-2.061855591613396,-0.4508145498556343,0.7692296527133821,1.3762233188762745,1.6607388276427169,1.4783098417905096,0.7289203750576363,-0.6017438456200537,-2.2932253121381287
quadratic,-6.971856681618394,-4.391425055198903,-2.152229811627128,-0.6119435788823334,0.5009903171066385,0.6570810037803237,0.4220590572717952,-0.448891061703318,-1.9208789586821096,-3.7529131620136034
quadratic,-4.239429945298895,-3.403038551724345,-2.8801924942148127,-2.546757796468447,-2.31453825411314,-2.40229987898127,-2.40052956020622,-2.7842398571631537,-3.365838649629423,-4.039364008170393
quadratic,2.029927179774451,2.191409860082969,1.6984303293820169,1.2437379491681866,0.8256306845181394,-0.097870163595192,-1.3829976487996054,-2.5157302218924427,-3.879217565748526,-5.409416246701296
quadratic,2.273484342604504,1.1825319781798935,-0.4349396463941846,-1.364130783003622,-1.8517960434853564,-2.819633765730283,-3.2690344818746584,-3.602798516051958,-3.277114444858634,-3.439798185219012
quadratic,-5.3639877780230165,-3.490522031012426,-2.0800647682554034,-0.7495086884600369,-0.5729122876634265,-0.5901735524464036,-1.2134084754329832,-2.5189524704138107,-4.707984798329486,-6.673186399699844
quadratic,2.960374449066572,1.6355522371867848,0.7724471594312964,0.0558067800434749,-0.4072037773590055,-0.9333334365956384,-0.8503382897485595,-0.8270425447911947,-0.6799348836917518,-0.2578769502483774
quadratic,3.804201138937771,1.463989208994885,-0.1559449032021455,-1.3915632580354211,-1.8813992514619176,-1.7566510942636837,-1.2271135085417089,-0.0248876942123408,1.771978331948015,3.960209886932849
quadratic,-7.35934418440347,-5.221708181850356,-3.914890148004869,-2.9539875996139267,-2.6637435354492167,-2.777898792370737,-3.6189454401161214,-4.696581157601178,-6.505829458197447,-9.031236922083355
quadratic,9.370649202299488,7.322359842009216,5.5538189885479845,4.3380076354546935,3.372519051644573,2.6531048057472826,2.307853054938257,2.269464110557297,2.560722199427899,3.2916974292786656
quadratic,7.747532683763414,4.773953524837404,2.902455536409829,1.3935904500566283,0.6001684480903121,0.4469252549543849,0.2010279468511724,1.3141256254892482,2.347487108847109,4.613076320218725
quadratic,0.0372157199795534,-0.0072366775869971,-0.3537558525703285,-0.98190510157352,-1.5507181912251289,-2.580245237072605,-3.4803581533800343,-4.646413821999073,-6.046544696659383,-7.650013463921941
quadratic,2.6682933041680266,1.855432666105002,1.2580031516244277,0.9993680264099448,1.6426635892686214,1.8500103012766576,2.8623213706657458,4.281728955867189,6.042557677316785,8.572652635419455
quadratic,2.4261245646309533,1.954515135443244,1.4484234083141632,0.6927518615574174,0.1104994156805629,-0.7380942023569828,-1.5653807112807887,-2.2666643006186558,-3.355916613346978,-4.261305285332805
quadratic,5.260837257830514,2.7857810216611085,1.482002432190644,0.4639673868540469,-0.0616207418385705,0.2915050442338533,0.649502002103141,2.378127768845037,4.223251194677318,7.49067207887773
quadratic,-0.0566175452126243,0.3114598924928451,0.8874409029634958,1.4155367147593318,1.947807263670352,2.455353866874304,3.0832949582728686,3.743594829204282,4.4467830785202365,5.187774147906224
quadratic,6.272961634402791,3.5276692444915225,1.6804782617310652,0.7646671821910559,-0.3030051206924932,-1.8142382973430664,-2.064461186401326,-2.4141931035754856,-2.2971282312043897,-1.760995696135165
quadratic,7.0763881920385305,4.326020655055697,1.898573499081108,0.1551998463827422,-0.9453620900292626,-1.5554608461086346,-1.4668755341168416,-1.0231826266494015,0.1132652308408193,1.962891738196103
quadratic,4.617595078234922,3.1807774566483027,2.376513239326245,1.2205601639112784,0.7339141014391177,0.0491403720719858,-0.2412779835271306,-0.4356383020778068,-0.6947950112214617,-0.2040977142654378
quadratic,-3.4618414967298383,-1.502512625130734,-0.4960798876858098,0.1969691990094887,0.2221774355647345,-0.5400852283621277,-1.617602170549155,-3.648315689282862,-5.1729481042288015,-9.01439443678559
quadratic,5.972234814089296,4.422402949704417,3.636611737545864,2.7121825153308023,2.3098644871345893,1.824812116887735,2.0383844971829004,2.2920583286073133,2.9701779162428155,3.818856122198889
quadratic,-6.238802110906671,-4.326797181318527,-3.004798020557059,-2.187079012212241,-1.482603204105989,-1.0859155455069942,-1.5249975002103342,-2.821340360448807,-3.67309169454265,-5.211066281897639
quadratic,-0.7691008959232852,-0.4776262689838647,-0.9279528769860608,-1.4423336087156111,-1.5790505034624047,-2.6545003888733323,-3.2284981606020944,-4.102115790253376,-4.633493434681715,-6.243656264337231
quadratic,11.96039510445103,7.932923101072453,4.643455223700555,2.15213654656199,0.8839624532311662,-0.1577429854874195,-0.209000166153664,0.5859912320477391,2.029567394315532,4.45368820998839
quadratic,-7.258440966889021,-4.586439335166265,-2.850770910396957,-1.927568954718209,-1.7147240503347454,-2.2075461186231475,-3.4588776447538128,-5.750235860557648,-8.554656888486415,-12.129954256011064
quadratic,0.893334903354236,0.7888585882283576,0.8636545905901003,0.9230178920359604,1.3132606331804335,1.8504632955302496,2.478004144514895,3.141508356221812,3.829883623442056,4.925429680083048
quadratic,5.819618005935076,4.768411889006569,3.836213687558797,3.185373710538435,2.748530983583789,2.5792136159211725,2.6427581882329103,2.870625405693627,3.428305201990888,4.326959601116577
quadratic,11.335788991106863,7.927521001929175,5.007898883738678,2.8661838859072715,1.255109945022073,0.4776943375912578,0.3002154351280955,0.6216229990224241,1.4742477921757096,3.4995671256881278
quadratic,-8.751327167774125,-6.852482132274803,-5.579035244409491,-3.649448915944036,-2.772555465845387,-2.1782921627508465,-1.969780004369437,-1.964455653936773,-2.553367396528394,-3.7465245476405618
quadratic,3.3892340175363427,2.703530712531656,2.3922617305754184,1.7873172493309986,1.234585735318134,0.5671195121334454,-0.0143816007437356,-0.6181422617404715,-1.3090063310635862,-2.186838795181078
quadratic,-9.297042481358796,-6.437292820889391,-4.045722947095227,-2.4016430156744413,-1.3269332402686869,-0.5784362453601577,-0.6426298915702973,-1.4802448118981444,-2.636359285077754,-4.245294965758369
quadratic,-7.32638822528625,-3.898995488268915,-1.858186117450092,0.3016687531833625,1.0387029470842633,0.9647920778925,0.7194602134142982,-0.3030275995926931,-2.8335723406185385,-5.466323755362022
quadratic,-5.75050790100131,-4.609375853374567,-3.778563300897946,-2.844535463682577,-2.0071184879284303,-1.3910255967752576,-0.810430522826985,-0.3575766045466583,0.0187426347652306,0.2648865940121951
quadratic,-2.427655963524507,-0.2275376598835436,1.3778222153496529,2.1594926587641896,2.268422223523429,2.019350512265172,1.0770368234662524,-0.8771025316224642,-3.457937550148867,-6.479529758675717
quadratic,2.790267144347794,1.2627854848847968,0.1690175321285738,-0.5861559506593982,-1.0355971658642042,-0.9962226704196034,-0.5812939458760903,0.2760326010472882,1.4452724965394164,3.0301388801711098
quadratic,-2.5860317050606585,-0.9462563696571892,0.2670740100244667,0.5533638392749939,0.6912975315631481,-0.0764082618434158,-1.1946848337864868,-2.6469475226106023,-5.0060179690672095,-7.488336831359174
quadratic,2.84088678810791,2.489281615184373,2.063901448129932,1.8323035348885912,1.618553702863046,1.496564028499983,1.4395095268548437,1.4353172265674468,1.5757720831685142,1.7185980353393262
quadratic,-5.409982512034244,-4.13580730723086,-2.846045053637865,-2.144364323623257,-1.5860424222420664,-1.439589141771221,-1.581835303644699,-1.902619382655795,-2.6249856118156667,-3.7973037321721215
quadratic,4.148162268334416,1.5753172299872418,-0.4323530418283302,-1.1732390146701477,-1.2241929386429198,-1.4182156623981412,-0.2902161434516178,1.315981987312882,3.302233326069969,6.169742665001014
quadratic,0.6675555926121364,0.929084442054877,1.2602539007413658,0.6287141068120239,0.4169445986514041,-0.5838278897111666,-1.4054883634166382,-3.160032481291636,-4.543600515474038,-6.491200948201024
quadratic,-1.2334196292277513,-0.151583712390818,0.8869412732782926,1.642007082596202,2.2156787235620063,2.5400465246229857,3.068035164851096,2.9526988296421828,3.0945284643535778,2.6588291079402486
quadratic,8.0029158974085,5.887329910288828,4.4070413822450165,3.130995624876953,2.151176303526888,1.527673975778089,1.2896975841467606,1.3524621771666958,1.4199552614535456,2.3107236341918185
quadratic,-0.5649069282317275,0.6528508554456587,1.1601446553807735,1.4466629319719135,1.6433488882965137,1.1953018822336952,0.4748277054678436,-0.7016670808002767,-2.237903838749632,-4.040397397304827
quadratic,0.5078092484843303,0.0350501887032159,-0.3855184407313362,-0.772350685024503,-1.1660444969629866,-1.4537284678436615,-1.7249833400840944,-2.0884993354933665,-2.1341127007342418,-2.3134564007875404
quadratic,3.446419388716212,2.771443576676769,2.440278859777359,2.2108261299237872,1.5495984004397425,0.9720936688122456,0.6657478999169256,0.0505523754994973,-0.6479584042200227,-1.338401540989166
quadratic,10.574246635672155,7.704372163082775,5.527567146797513,3.934209778740001,2.8513547089456472,2.5599428183989903,2.579394415406445,3.3258535193916923,4.98257017249957,6.938829909700211
quadratic,-2.9873599330080243,-1.397469345899688,-0.2720092911057756,0.4385943561836386,0.1997206935577118,-0.993954375510408,-1.733718625509704,-3.6509135197229967,-6.0680810824304405,-8.985664594430984
quadratic,4.172051033661676,2.480230268341351,1.3774415255959982,0.4562040955074292,0.02399762909481,0.2635583648400619,0.9845820593667768,1.735076640590448,3.1247853202002056,4.636245936600484
quadratic,0.3189895494377712,-0.6917324891525732,-1.3591175037215406,-1.798487337858314,-2.074494501772961,-2.0744273078113955,-1.7783420484323946,-1.2224250920504216,-0.5332956519230706,0.5455213782561587
quadratic,0.4308478850123848,1.0306238876069094,1.6433527120321132,2.139747088141005,2.481003655075668,2.6983146062827705,2.86339318112808,2.9387954359138524,2.922139696199076,2.784591997761864
quadratic,-3.203631186704807,-1.3326478999436588,0.204765325807185,1.2718680837801295,1.9619388520994872,2.074873553415842,1.7144948286726291,0.9525176711907192,-0.3186757162324188,-1.9856160918414067
quadratic,-3.481942373250946,-1.958052861345316,-1.0609189958255107,-0.6899356249149309,-0.4663960461833639,-0.9411983966902208,-1.6484511501196772,-2.895499594786858,-4.56267344827682,-6.679917804634115
quadratic,-8.183170420383421,-6.20193461806767,-4.8068321325874415,-3.8756801136570656,-3.070984236174486,-2.613458218644305,-2.8389003435844264,-3.2017202235956663,-3.8510928184510185,-4.75003821650776
quadratic,-2.6114301879460653,-1.2717695334792252,-0.1092826987987023,0.6301113389350842,1.455739326709289,1.9382134897508123,1.9539110192545144,1.9306141300322623,1.4666233811728533,0.728068039495544
quadratic,3.3073768244312034,0.9798537709285836,-0.8923713303554748,-2.0983558511492686,-2.553346112398733,-2.175571139343868,-1.1322524939225052,0.4247415558484055,2.8134794630303475,5.762621744126011
quadratic,-0.8140852525888562,0.6408347351915424,1.8260839320719344,2.503318395779725,2.815745620944231,2.618073033589754,2.02024129488718,0.9192096355135304,-0.871155447624818,-2.735351884263869
quadratic,-4.731651648157713,-2.6302265297203067,-1.1511194317449267,-0.1977267276846837,0.178805557109994,-0.0924190607160012,-1.0476998110619116,-2.1837388951584065,-4.243866578055007,-6.805015520311713
quadratic,-1.7482736262409095,-0.4139843655005006,0.5175178937335623,0.6750651797345302,0.5811887326664634,-0.1742244622820662,-1.1228627138305702,-2.529856147850069,-4.5496040519117935,-6.844530911224382
quadratic,2.829521656322035,2.496285176104332,2.3231770812522887,2.229839914925493,2.2289347642720028,2.355526768817045,2.5819680097086493,2.9082987281965247,3.315163629395555,3.877019994499296
quadratic,5.006341306335782,2.8680689095379326,1.5153837335278542,0.4098100953028274,-0.2432328945870303,-0.6214350187332364,-0.1554526524642837,0.0373361103058839,1.4938092941013354,2.79055457504133
quadratic,-7.848684481206363,-5.307466320564641,-3.741050835566309,-1.8324076691947475,-0.8405638694684846,-0.0271086420883462,0.8595645263974049,0.4932605514472394,-0.6648948045043583,-1.2476283659924496
quadratic,12.07700650516962,8.660065777735044,6.189611463955773,4.108560598029427,2.5562439128024006,1.9076475138878453,2.1803363105078657,3.240736593862173,4.52017633689455,7.202478349266137
quadratic,-4.298557334668233,-2.3316434060567484,-1.5496001813535507,-0.1737874436010934,0.1897299601149924,0.4894171173250483,0.4897050324351621,-0.0197119198571604,-1.0190986185699644,-1.971758930916617
quadratic,0.5699706814453436,1.1432499250103278,1.734155855729793,2.1574601021376423,2.7107198936504324,3.1495687726651087,3.496237610575215,3.939389282262174,4.194650655312088,4.437097111865239
quadratic,-5.266435530461146,-3.7858863590120655,-2.7805699695107933,-1.916036099877397,-1.4177601707478988,-1.39032963315227,-1.824347210238402,-2.4262236296633204,-3.69693015999202,-5.137974854804937
quadratic,-4.500876207840459,-2.3964046350307195,-0.1033946656211737,0.737856114345263,1.4083686556956645,1.754732915276626,1.3892455787237097,0.3890032092266102,-0.4882446188523421,-2.889774998159308
quadratic,-8.294716923385485,-5.137610513996256,-3.0209593270659223,-1.3138928955853035,-0.2567258173017231,0.1790119093518256,-0.3436391134738562,-1.3359698530195363,-3.1072082276527024,-5.420031627211183
quadratic,-0.477762032474092,-0.4370794839694047,-0.451475917338586,-0.5180590479069817,-0.6164048715596299,-0.7413007574557187,-0.9069139674134722,-1.1367804137310582,-1.388281873445521,-1.709678895803941
quadratic,-1.2998201494732176,-0.684921247027879,-0.2274818077872737,0.2231006186612749,0.4925496402115421,0.5702559938950607,0.6664308596463073,0.4653500924613634,0.2314427136907652,-0.0852885907016298
quadratic,2.8500605539795294,3.213592400694663,3.202633594706443,2.8937171786735587,2.417185216096583,1.959108355890095,1.5163157260995928,0.5442568499633857,-0.5666096548061643,-1.6327056063339105
quadratic,-6.155679077019549,-4.672516748684421,-3.528646800751926,-3.0366009615035607,-2.480191910563981,-3.720751994659316,-4.213561505342035,-6.665312297541439,-8.590479513189317,-12.119161206650636
quadratic,3.9602944434229537,3.3587330361411234,2.985433555667356,2.795299538723503,2.785256319732414,2.9477562790395515,3.370195801294701,3.989998092099336,4.754374389305379,5.733703992886184
quadratic,-5.93558904088988,-4.079470234373032,-2.319622010997829,-1.1553842388049835,0.0312229410343253,0.9004813956192701,1.2507265841354651,1.6256104111685084,1.514399923822423,1.4820492692366338
quadratic,-10.165726048091187,-6.6064878482976415,-4.20811079242194,-1.688341553749834,-0.6356772213574918,0.1815423415260275,0.2558243110337849,-0.4993348394320705,-2.1996313187010124,-4.830583321141929
quadratic,2.57680665121719,0.5574333389638229,-0.5302166875669307,-1.2334856118037254,-1.2049782126007882,-0.6889827162438449,0.7198042448366111,2.3342229475671368,4.742617175774656,7.59755679393887
quadratic,-3.832896476241753,-2.9001438086627,-2.289831779259753,-1.5564244600146109,-1.109644207795582,-0.770608642606808,-0.4524760093764045,-0.1580094683571091,-0.236966410033398,-0.5846698665492731
quadratic,-2.587348420858916,-2.0698379034373224,-1.503641648224072,-0.9929945385127183,-0.2500628402014786,0.451158630803145,1.246440232819818,2.4135447827087324,3.566374460778996,4.282946911577553
quadratic,-0.6793918287302249,-1.2393271502009084,-1.6992362367501097,-1.3813394967679231,-1.2447840499573035,-0.5577489298836849,0.0682357148975038,1.1554693794749995,2.365026024084809,3.928624423220381
quadratic,5.04910674032831,4.671958264375147,4.493415619901747,3.8619291995389418,3.198533891222807,2.404261200716462,1.3752550422006935,0.2957033728278156,-1.1186522355802369,-2.4630439102806463
quadratic,7.137529896071283,3.726152581203921,1.040751845344485,-0.939577413737186,-2.4629999879239555,-3.3254361810650703,-3.669497890310677,-3.205883871542724,-1.7802124466318066,-0.4759848945566129
quadratic,3.61321442279732,1.4602229062829013,-0.2717650818673292,-1.5071248151066308,-2.1977839107207493,-2.2395650875212403,-1.7335225748755254,-0.5541447000704145,1.0726612162115932,3.1461698285386386
quadratic,-4.23872564688214,-3.260237777118169,-2.437119273252049,-2.179094025490108,-1.9318087528336976,-2.5425913583006325,-4.158002835528469,-5.958804235289054,-8.246145570464213,-10.825501978035014
quadratic,1.926399651377084,1.2864410207383012,0.690557936181,0.1483820093879201,-0.2521287846316325,-0.8485982019790177,-1.0000261855735633,-1.4172288546375011,-1.6537171551511929,-1.8610096702486407
quadratic,7.118651958559372,4.303245458655871,2.562915471690013,0.8631141250344917,0.62521068634542,1.0100269463943343,1.634227699355597,3.0539701664400445,5.292700947248928,7.824914671808731
quadratic,-0.1241655392816111,0.2572524653336744,0.6259300631435206,0.8383295673308137,0.9478631831753752,1.0566757723154143,1.09585466333317,1.021067525898283,0.8876955027452837,0.7554599476628018
quadratic,-3.804027808735273,-1.8131119784406644,-0.0931147847827424,1.279938411034229,2.304335821284208,2.8319693402749,3.652243832989132,3.685740603134208,3.3090476600128285,2.96652970938863
quadratic,-11.352427359386825,-7.813227934594858,-4.713454677108787,-2.7180189653915163,-1.291769548023968,-0.493192716673832,-0.6521303251023662,-1.356412751949991,-2.7140354751060807,-5.075324407618947
quadratic,9.339980433983532,5.84460831266296,3.8710471854198367,1.8596874347818144,1.0351400446235035,-0.0422374465901324,0.2815146743104535,1.725923811134801,2.884016213042076,4.687840380482832
quadratic,9.974816672587082,7.02252044939643,5.344307117389274,3.6071826352880016,3.0430679609044877,2.8450901349775157,3.930211461602395,5.645744630263164,7.860199989774402,10.909129068436888
quadratic,5.055928725528342,3.50173199402577,2.076791929331499,1.7533804355821982,1.96109660493046,2.9613199273674207,4.4688362370782135,6.389799373489988,9.257351963419268,12.24619227344974
quadratic,-2.7529233396138326,-1.975085947278484,-1.1958807944449834,-0.8567424151346081,-1.0464330442522267,-1.1468938316251618,-1.9909637615217572,-2.852255801791908,-4.077408855865615,-5.772292596929725
quadratic,1.9704999370647969,1.5989160496498918,0.8874415018006219,0.308459448982091,-0.1440779592854351,-0.4217015393019394,-0.9166208891805148,-1.3301148295433725,-1.4832636493975,-1.8396526957951995
quadratic,4.327840272830326,2.8760412823359465,1.91177346609608,1.8498605603601683,1.8001271296919652,2.2917911305376504,3.049370180841551,4.753367348257289,6.958808638949143,9.749353164210218
quadratic,-6.955970759068587,-4.744680629706262,-3.5430552931154207,-2.7384366277653758,-2.7182372205196788,-3.312698008877207,-4.4360209533869766,-6.314955337431137,-8.894657540140699,-11.988417342660854
quadratic,1.7253643300445445,1.4283947024839088,1.550768195981823,1.5924353288420063,1.990472867992543,2.949324418227272,3.880289733145914,5.283038210745061,6.819287626587831,8.88347706333754
quadratic,8.789052608805482,6.382421159673414,5.079093862820256,3.551766678974298,3.083108170549223,3.3495908806101165,3.3216611816073507,4.390403681167639,6.168361100367967,8.62235842757929
quadratic,2.8974069193638474,2.4430081571667346,2.031104155974928,1.4909044142298358,0.9024558184269555,0.2898806887129913,-0.3005831198783358,-0.9328005073701662,-1.6198920253929592,-2.4700061648453557
quadratic,3.25372048539585,2.7513602735606884,2.318399008543031,2.1535937196467194,1.7965443472032765,1.7001621345656082,1.5874379559513865,1.3187551733737837,1.418370761379711,1.4921653453635204
quadratic,0.2947974372264872,-0.2710910031785982,-0.8270196521787736,-0.5927445520429486,-0.1921222173246061,0.3327800570567437,1.202513076451086,2.310659743259279,3.687191126807768,5.508021095312023
quadratic,9.385016664415607,5.847899383076325,3.007807475820604,1.4389413932898214,-0.0255137031938322,-0.7218752264516486,-1.2828217114853255,-0.167532939593695,0.63887812509022,2.071590999771767
quadratic,4.363693291694113,2.9293048619493325,0.9753412550081058,-0.0050977720686866,-1.4753112103499513,-2.0854386206290547,-2.408848960701132,-2.626928032585107,-2.4546175699626134,-2.3843275361530267
quadratic,-0.4209219316826497,-1.201573815357388,-1.6269095995578466,-1.715409289632952,-1.273226971658211,-0.4374992057802184,0.7439130040216673,2.503091349043294,4.465181205232958,6.817642980493484
quadratic,6.692301586923558,4.498902471990502,2.719946509018776,1.450023485198067,0.7864578290042277,0.6360932682653744,0.954566087813001,2.015073005414567,3.232250750193024,5.046753170100667
quadratic,-9.756316065857035,-6.410490022236425,-4.431538032103785,-2.782344704610107,-1.8432670451620656,-1.458406232226241,-1.630843233472662,-2.089167165264532,-3.028475198589435,-5.1771917173249
quadratic,-0.6871765320259635,-0.7047424506756959,-0.6140509930335654,-0.3123732367987836,-0.14062338097672,0.5092331818702052,1.3870856843945063,2.2512536841310293,3.459819911911912,4.705802367963787
quadratic,2.9761229486640595,2.435338066992055,1.965896756298104,1.7907628652971774,1.570074093834771,1.4478413928663407,1.5579025235852992,1.6275596735286932,1.8427231804704125,2.346803241021969
quadratic,-2.9868469440832355,-2.310968071518392,-1.8810407141992396,-1.8906814324284695,-1.872172481094076,-2.4904577707297206,-2.774838843256229,-4.090140229163156,-5.177550917010239,-6.794543296397015
quadratic,6.735663890113816,4.55915936689278,2.9926116924484547,2.03670767274242,1.3081077062848672,0.7964441620772572,1.106741609015282,1.9811023643833188,3.1379916932449423,4.576630937874535
quadratic,-3.2784225673450167,-1.7897300459015366,-0.508003836509705,0.7110215593683721,1.6747801401239872,2.436142400395963,3.1314783823087167,3.92173036078932,4.334785653009393,4.616264458625539
quadratic,-7.752467798000061,-4.347167552249242,-2.0088238326038885,-0.4022484515639103,0.5819729284833203,0.6692744139165687,0.5496172127803184,-0.6408552540765123,-2.641365820805468,-5.328990931336266
quadratic,-8.96210601435619,-6.624682948623424,-5.035461790109316,-3.725478368727128,-3.515377814025513,-3.081587681465869,-3.1198376012000253,-3.526620142098602,-4.527151460221844,-6.52911039679475
quadratic,3.08223509591365,1.558288113152333,1.0806155078750304,0.4713027881116545,0.1449729096038071,0.4806067747344962,1.0661744216782143,1.812356769869339,3.1133709735606887,4.624402210988567
quadratic,-10.12159809856171,-7.25372050977519,-4.7970450511403895,-3.098273943333659,-2.082884668532349,-1.5833216607764746,-1.7676095961393676,-2.4646219894369814,-4.00829238304409,-6.048180585891857
quadratic,7.0698326486296885,4.552668022032835,2.8403335699740957,1.511938100750994,0.3563326917731004,-0.2195818068869139,-0.4921291933289782,-1.1861894042653771,-0.4827724380699751,0.3206097612403851
quadratic,-3.02598540443457,-2.9514596544045983,-2.404192193787084,-1.5793208037447142,-0.6785632674136223,-0.1359066858383222,0.5784143218396873,1.2715579573447138,2.8722032651444,3.679101882834389
quadratic,6.9496706690276095,3.626202517579314,1.509471223058144,-0.151556060419801,-0.5097480227549378,-1.2308862093007271,-0.1309750013271498,1.4198390911898453,3.535584913294684,6.851979954801884
quadratic,2.079895240806527,2.547677154734889,2.4957845753654637,2.167557901978598,1.632129754665729,0.5008082023150369,-0.4576552721341927,-1.9011826857850231,-3.794001449171413,-5.58137028674514
quadratic,5.108371401414533,4.250944691335544,3.407597207097968,2.7598445012067723,2.0235352200598893,1.2688224887430173,0.6710942686164667,0.1125398225895603,-0.4810437542779775,-0.9913155340646272
quadratic,-7.520813455468186,-5.661322627664308,-4.361368923836944,-3.3665527273187337,-2.5770586737087475,-2.4373230464260525,-2.630208943080196,-3.311049127569641,-4.219466679794355,-5.483351500383225
cubic,-5.543117677065733,-2.5379200026740496,-1.302706324065858,-0.7814041445016041,-0.1350758684411137,1.130838172530612,1.6392768943433094,4.493520970402048,8.704675681980056,16.484667181089325
cubic,11.751195121508015,5.396687256640805,0.8359627299637209,0.545195853161534,-0.190291741255958,0.6387410884935243,0.3831716802120445,-1.520119217168675,-3.240209045638544,-8.18257315829863
cubic,8.633192359932817,4.834124826973095,2.347003071965576,1.1733753332474577,0.9596800796575842,1.136753186897253,1.3543418621841556,1.536318252372876,0.3176348549456811,-1.409042959039144
cubic,16.11561920883141,9.084027955697769,6.363332752210184,4.253400679363602,3.768000428796762,2.938703442430133,2.3971807045813027,1.399398275444515,-2.166140433840547,-7.166703884360167
cubic,-12.159850717037347,-7.850539003778621,-5.450085512419353,-3.73822785598851,-3.0124516543453206,-2.7687324996330824,-2.7276205971145915,-2.622068205651503,-2.1258972072733857,-1.1846191852356145
cubic,8.472955725519139,6.567928504261976,4.798929499808471,2.9979934473238123,1.7836605907783367,0.9906931518187831,1.0086793067266198,1.8583685753217771,4.903394454357504,8.759357682149806
cubic,-19.840821916918053,-11.250466582646125,-4.802860826669464,-2.903371018625667,-1.359722538288564,-1.4655125308887935,-0.4233047271893368,-0.5444346237796809,1.2206003916092738,4.82017636506966
cubic,-6.312103322714789,-3.1531649110521918,-1.1894006950758398,0.5560459911704704,1.1523471911903818,1.5962970815319748,0.8496831096540723,-0.404977349386079,-1.4487687949755887,-3.0012620862849677
cubic,7.290665190914051,1.640918745490873,-0.6690256635294487,-1.555766287802273,-1.5764641862305837,-0.8160324782516275,-0.0481939946516774,-0.6153531264316527,-2.5196291503152444,-7.054799831161248
cubic,5.619764777374972,2.6012201596167346,0.6972092843189016,0.1107511136395984,-0.0263342229723394,0.4745418063864498,2.032046130252588,3.402907312859229,5.310659032099743,7.333073361764448
cubic,-13.021733165637189,-6.922400131921096,-2.761737798019062,-2.2145360560688028,-2.158993231223192,-1.6772163261436073,1.2978982488984443,3.6082720843897023,9.966171444333598,19.97514130679865
cubic,-6.633502251028283,-4.438555103900468,-2.842179525438168,-2.2466065320398125,-2.999258955572694,-2.5567897966517177,-2.743050786934912,-1.3127560564120038,1.489584706225767,6.180265265710507
cubic,10.97387821693207,5.333455049681882,2.0883187356268538,0.29967990106653,-0.0152879478944232,0.5556417129475005,1.6041559891773158,2.3630027905124487,3.659005307198522,4.027368148115134
cubic,7.917628308375792,5.57461604577106,3.9150511413693194,2.640035109351152,2.1125739131359267,2.055631791875668,2.2350068067858686,2.95801726683721,3.644461884112616,4.793810755708244
cubic,-15.94978908999765,-7.344567604527355,-2.8244365465203383,-1.4027538793852012,1.143897172109673,2.081504519062253,3.4844428239755696,5.1008949319727135,11.427093390499277,18.446496617032025
cubic,1.897108462665004,0.2094888098922196,-0.8282271058569373,-1.0152317225050134,-0.8427494354426469,-0.096631429106492,1.254259615450346,2.947450453589725,5.267093163591372,8.083588965219823
cubic,-10.095079381298696,-5.858013289044186,-2.4240725105116887,-2.228994280034387,-2.7467978726866527,-1.312927874166935,-0.7374899633874641,3.646787298314319,11.07393568279137,22.352403593642627
cubic,1.4550231128391924,0.3034625084352392,0.3019210109242262,0.0862060906840097,-0.2467902422989654,-0.4863443410908921,-1.183828588967094,-2.981385063685568,-6.000550024901071,-10.052853499629412
cubic,4.296974055972601,3.797897858928039,3.178451309909573,2.475943529023186,2.183890857607256,2.0402391076885067,2.2312038407373262,4.157488980338396,7.103572488033905,11.41912658495754
cubic,2.577030431402012,1.8280475880683,1.3403388432680152,1.1373571679248269,1.4972534372137227,1.668176020479378,2.5213236055830084,4.038647116209617,5.481066532559903,7.880842643184218
cubic,-7.364407725257361,-3.376851313854694,-0.5696868662485077,1.055218867767547,1.7821045373365514,2.474169134109484,3.3888837185777323,6.244850556589929,11.31153988481483,19.24010702585765
cubic,-2.0668739919359727,-1.590176469293456,-1.4321121852050465,-1.691924642681639,-2.174326866291354,-2.654030538873187,-3.5561003579307298,-4.5024128021652725,-5.60006675673266,-6.608974634345734
cubic,-6.93221197430487,-3.2247356002123624,-1.668451437149946,-0.4258122625794457,-0.2333233252759901,-0.1669218333849036,0.4044588543264769,1.1425582225679152,2.997811342713198,6.573662465032495
cubic,-3.6192043155666833,-2.123037111152597,-0.938055070382912,0.0415511503727618,0.4349290201579873,0.4957983638310794,-0.1991633326980028,-0.9933712644092912,-2.844111559445934,-5.287431274481323
cubic,-6.822718040038777,-0.6259155556147399,1.810192183489844,1.9806107885370243,2.4684101301047923,0.9642085428608448,2.5391958153549465,5.112249677223174,11.931948639508253,21.783359856721614
cubic,-10.74233982023501,-6.076467174088458,-3.2680353728529865,-2.028866657421605,-1.610657843310306,-1.3182964919048012,-1.473916332182149,-1.4115423882298814,-0.8018930143370244,0.9971062127007256
cubic,2.0521335150516613,1.8803437977828317,1.3690447312695675,1.0590874755105526,0.5977753907493278,0.502204969292466,0.9235312798278468,1.9474275492551447,3.802876779082775,6.143281317429942
cubic,1.363043845570359,1.8532161774196596,1.4522850515744758,0.4670786015770747,0.2087852771753341,-0.0619884074516264,-0.3432376024485759,1.2851882550899525,2.940813755184627,7.679179302004348
cubic,11.629887435048332,6.622406569433141,2.778962230098536,2.4502744289208733,1.321553956576639,2.1159337425529663,0.3233524923489693,-1.190550401115262,-5.633437280920362,-12.31058447634476
cubic,11.120471037931416,4.441020978840339,1.0334308087683053,0.1687398954295228,-0.1223426343051198,0.8145491771351735,0.8969744836333935,-0.4972097510408149,-3.809026868856636,-10.45882773353598
cubic,4.155808432658516,0.7147239359550542,-0.3887883928172864,-0.5249815457848507,-0.0546579495371922,1.0927745690871102,0.7232510197478472,-0.0334425016925449,-3.239888208183726,-8.902808860335444
cubic,8.765049216445671,5.2401430178161466,3.681205484563145,3.189440348807062,2.8789249602934843,2.2601379924121963,1.097665098819627,-1.1597777957582436,-3.973339927434618,-9.031862925334098
cubic,-15.556555352817153,-9.461152239085315,-6.131704040359864,-2.696174496527449,-2.7911847619777355,-1.3616649793528135,-0.5747445809393585,0.5512954035064284,3.880365618717237,8.94924721970525
cubic,5.299317235727716,2.0240998334390885,0.9993430655716644,0.2395368968076494,0.4935209507710875,0.7560600466593935,0.1918907918706996,-0.7722669998333894,-4.621159111742868,-9.898647689747076
cubic,0.4407506016938491,-0.1904949018335448,-0.7670420135771032,-1.5997711174360283,-2.208765810109496,-2.7523259209430435,-3.1386066187857606,-3.098870510537897,-2.799987248376272,-1.7899348810638411
cubic,-0.3948683369290007,1.574922439169435,2.1878081931842006,1.749741807307294,1.1851703600129189,0.6733651129351284,0.397802326264072,1.3488712714351905,3.715463237168909,8.149882641000067
cubic,0.8250344714900887,-0.4439199220977935,-0.975832379919238,-1.1276100567528358,-0.8196936388389886,-0.0368957293124869,0.6298085158188429,1.2210499452692571,1.4887972939983292,1.3834641967845889
cubic,15.151129574973227,7.901222779145349,3.1401623684057944,0.512702431398924,-0.6752690753785633,-1.042903393698804,-0.49922158063259,0.1984954062512156,0.0047280972979522,-1.0813388956788244
cubic,0.4250787454714088,1.347546949553734,1.5197525828705365,0.6722244044693861,-0.3443010453927723,0.2119120623051979,-0.083082438229407,1.8112240601646632,4.881991605962444,10.099219242541448
cubic,8.450636441176131,4.894125569535302,2.3258777401845827,0.706186786196366,-0.2467385323962531,-0.4954370799896011,-0.3879339747749578,0.295646329042167,1.1094883756508296,1.3362204851657955
cubic,-1.094050042251774,2.2220694938171244,3.3887803883365284,3.3295426766090057,3.027435346704531,2.3064409796055614,2.122866115934055,2.687452521463148,4.536411379399798,8.459716823711924
cubic,-5.758120092487555,-2.2732229503624857,2.000879304921259,2.0346369331575014,1.4377618855313772,3.028527893468429,5.239129443097092,8.269325148286354,13.921792804701266,23.96306562191921
cubic,6.096970663874041,2.8217274813206523,0.1539293865034135,-1.0652312897474103,-2.50607216093866,-3.156589038531482,-3.410706525193896,-3.9425667530630553,-4.513368611190072,-5.52731701057167
cubic,-7.145536358326605,-2.730057229051861,0.0866434224691656,1.3124969769252606,1.469411879585107,1.0014848734592516,0.0051462518793835,-1.025153859013788,-1.7164734292280677,-2.0832014487539947
cubic,3.6979604264447152,0.4005950222489636,-2.820138282663045,-3.632210690703281,-2.626054001040942,-2.8158344254947427,-3.2464863838538336,-6.488375416634964,-12.93224468464056,-23.801496800138278
cubic,8.70910630271259,4.409686732999452,1.949083550374468,1.1656884391496491,1.275569418734292,0.8775233379921554,0.198588109031726,-2.626316300209928,-8.472307628737003,-18.85649452642991
cubic,-7.157099139563074,-3.1282646201338338,-0.6559948225234451,0.6069152049801443,0.9434914208315494,0.2339753702802758,-0.6609027126090087,-1.9438060919899884,-3.0040806673171336,-3.1486652520363325
cubic,2.764715318540089,-0.1078153301428134,-0.9645151354582672,-1.0209957410305517,-1.052004873194175,-0.8209789445118958,-1.4626937498628567,-2.82114265391516,-6.52555362532061,-11.361994671192663
cubic,13.251703146104536,6.587029174611967,1.929756691252554,0.0924118920761947,-0.3723573806730993,-1.559875640713037,-1.7403142550381168,-6.797357847829073,-14.179010730909637,-26.2162532300934
cubic,13.413691727372688,6.697999166064402,1.842242701200263,-1.161540450533448,-2.111365671498356,-3.5109422187617256,-4.262137169979516,-4.050144355698809,-5.399502088434001,-11.1985999943869
cubic,-16.378900308691314,-7.738874808698095,-3.413170058334607,-0.9870739990203838,0.95502756213051,1.3982304946090578,2.4488812199652643,4.676922904772133,9.283937456927593,17.978240165303777
cubic,-6.845063772565008,-2.962812493543032,-0.2679236552567392,0.7856689454044794,0.9907904502514862,0.2051237680419792,-1.0769733633274832,-2.6382960566007854,-4.5181737659991805,-6.446045093653228
cubic,18.88608181342373,10.386820433314368,5.693327697008071,3.5647131012316,2.532477204292371,2.9352193865277574,2.077898031161621,-0.2765959702418522,-3.8002706632582206,-10.429194196328275
cubic,-7.854711032259049,-5.189577900826231,-3.550931021030721,-2.8226523148607017,-2.5007564342028457,-3.2784369860567657,-4.947823698134762,-6.883719143273201,-9.562495568987416,-12.744610365581044
cubic,-6.851681357838687,-2.1022598603015434,0.3573359260990245,1.8652328829967892,0.3365237620534388,2.2199091314607813,2.1621662471157848,8.207519528298151,13.322200580878617,26.688951363054397
cubic,-9.902392430974295,-5.054400001121242,-2.5823638728994576,-1.389306830523814,-0.9612158507952716,-1.9608447012595376,-3.045793804595032,-4.361683629588075,-5.821906924308132,-6.665542196435984
cubic,-17.281729516345795,-9.067218972629284,-5.136897667275757,-4.646287560291527,-1.2399352349149682,-0.6963902073390258,-0.5843014078895605,2.8653884187210688,10.47824519970104,19.94060671021437
cubic,10.211631128619231,5.741459654297506,3.464636161567144,2.677612375513991,2.6268067160351727,2.974930872129529,3.122479475220277,2.617511510572535,0.5850091799050653,-3.333308486171678
cubic,7.853638276767012,5.689298170725358,3.893938136982398,2.9919756048933075,2.9861151884675925,3.3082193233917523,4.3802222005020734,6.400389981927543,9.44562495186663,13.379243418503428
cubic,-3.2106375595680987,0.48703362468604,2.33585408986991,2.6233146945724197,2.2791573087322816,2.032279082159152,1.8288369000929583,3.033831916892692,5.351818100762912,9.161829407079193
cubic,8.34965502355219,2.213635625552908,-0.9047989394589848,-2.454839288622847,-2.638295968986957,-2.6467467976009083,-2.729653465172696,-4.505304021324002,-8.35671078830112,-14.877488844931191
cubic,21.22336113207364,11.016975304735723,3.814201004955896,0.8666723781218582,-0.8171524809187478,-2.368083183238884,-3.040001440268617,-4.218667957011789,-7.696570415667265,-13.068871046532587
cubic,-13.658762177624917,-8.194085934764018,-5.175675787103679,-2.6735020917291683,-1.7275590740768132,-1.4680457166691971,-0.5060680316527325,1.060411135742619,3.09555623778019,7.65107227267324
cubic,-0.916587110042196,-0.8915144316219118,-0.7919935000947603,-0.3284873573181207,0.6757555493205418,1.415976699140291,2.356248556009855,3.1372781010769875,3.996223213103566,4.330132700484844
cubic,16.28169590392196,9.612269869574272,4.682240837129068,1.4183596253867157,-0.2456333500006907,1.023132320598889,-0.9271384427845252,-3.2525121679046145,-5.576011107053786,-9.715398882607454
cubic,-18.45660415604003,-10.2541253575896,-5.214736011322118,-3.430830430765018,-1.9563440356886164,-1.1605330099600315,-0.7404356526512377,1.461217981393763,6.4830995823573865,14.430460891098743
cubic,2.005759326511008,0.7663837674739941,-0.5331501538180529,-0.9376683199643148,-0.7624286275152843,-0.4912416015815369,0.593169740269576,3.0508036359832857,6.012994115212176,10.11532458426838
cubic,15.98338282970209,7.887247427884991,3.373541366263765,1.022834926744052,-0.2010632332702318,0.6571242868025222,-0.7302051118064198,-3.578881149063668,-8.457514803780239,-17.45630185538041
cubic,-20.89953018899471,-12.610615939679176,-7.950497142648427,-4.273488706696823,-2.328909299519292,-1.9245927772298068,-0.9542498920151804,-0.0229550033914726,1.0430597686978746,5.518118094521439
cubic,2.4848141194772517,2.3026108086989368,1.670642613440139,1.7656336488896909,2.394651450181692,2.129661064519236,3.936869522165992,5.313388048194574,7.314590308915245,10.441566508950237
cubic,-2.7800012158299183,-2.530384196495652,-2.4926607811545343,-2.4585606382076564,-2.9543945273953898,-3.0548577388710108,-2.5825137692523263,-1.1389728736952478,0.8815286309412448,4.334739377537601
cubic,-3.53366736702329,-3.4209839307664915,-1.9617920507037292,-1.4124298975158611,-0.448402534023862,-0.8045327365868575,-1.3734257830938807,-3.022809328213138,-6.510765538846532,-11.802499473161564
cubic,-16.363938278244405,-8.929620295063538,-3.768799313125018,-2.322658132559537,-0.8072190402295725,-0.7218903661670085,-0.7290260588209827,1.6979781315408249,3.874519760958214,11.39163491549828
cubic,12.125277982526374,5.682853734119535,2.9767530758293828,0.8810552845792383,0.6794120031158879,1.384887081919441,1.1811272620600866,0.4945309521161123,-1.6846607812331726,-6.878966857414642
cubic,2.4546371250440995,-1.2112007815012336,-2.9304758062496434,-2.657816596928253,-2.6818063426166696,-3.493182763765267,-4.690662104102833,-7.064206631040182,-11.35724295961332,-20.98313945769028
cubic,-20.87430741227232,-12.731766050373585,-7.439732806474712,-4.223562637030733,-2.553609086536919,-2.104635246593071,-1.9281130387798835,-2.056182201376837,-1.69416904517715,0.4591033381549025
cubic,9.805396011294569,5.341979859861022,1.9087291972412097,-0.3516294022190741,-2.001217700043997,-2.577402653308285,-2.918431939371532,-2.883342316035731,-2.523540562450738,-2.590802762531611
cubic,-7.061701885889181,-2.993323034834318,-0.9148130906402012,0.1384066377338401,0.6213615842316098,0.4075741889435088,-0.0428888514104021,-0.1835056713656275,-0.092733829635325,0.783697723288373
cubic,17.63255293323991,9.81059127792258,4.537761590640965,3.100833947194781,2.5939875676337314,1.965949621709664,1.3936746056241631,0.3446202729519284,-2.7690965206131954,-8.405917468520055
cubic,7.802700040992875,3.2320420580240765,0.935300171704422,0.4167742777066224,0.7390898727004187,1.34655097261119,1.7927650539416815,1.3579938377974408,-0.1977780679747381,-4.026211492227537
cubic,-7.64404971952337,-3.48979085040991,-1.5114554939005076,-0.5388044216468638,-0.9547108913480676,-1.333133982286009,-1.711406627984455,-1.8765664207315635,-1.095227882998958,1.3800136087894792
cubic,-14.079605219342048,-5.3283924644394345,-3.503062520452917,-1.2365703317278127,-1.0277015509973628,-0.3716002008403043,0.4773647003136312,4.791288907047304,10.28144565300955,20.653952964336675
cubic,-3.3308367882826784,-0.4375663346519491,0.7243489478721676,0.7654258485682652,0.1707696045084579,-0.6272324493280418,0.8122438783668892,3.0079294939868166,7.889679243359298,15.553750224362902
cubic,9.280499897356624,3.94792620077536,0.7847231696987382,-1.1331410607721757,-1.811109844142507,-2.058575727882724,-1.7059017847354134,-1.6975120173035887,-2.0553561221934618,-3.468760962171191
cubic,-15.87075060272844,-7.17145088449997,-2.007593735044946,2.306100139260474,2.1853138779907764,0.9919514081000286,1.4967181735796338,1.78006636963483,2.2146662103915555,4.591348490108086
cubic,0.1573489697008778,-2.965334582783983,-4.286948749462875,-4.356885327466361,-3.673521838437684,-2.326548119711628,-2.826435992384441,-4.41682914048592,-8.31879545916735,-14.934502559520343
cubic,5.939815939756345,3.1755036799157383,1.852673494477718,1.496066738106025,1.6070823987283347,2.6920915818254603,3.4684217277822675,4.248035333143958,4.281774261885636,3.1637446749832714
cubic,-5.64143573100094,-2.9140320603853525,-1.141071270943168,0.1822033119527853,0.8327206958268875,0.71928062125162,0.3612070926497335,-0.7650785177801267,-1.3312599306901174,-2.841851407798425
cubic,10.003029387157714,3.984746934927904,0.4345671663088849,-1.0556057013908378,-1.3139409765307124,-0.8343625858999286,-0.9256873754010196,-3.800809453391007,-7.4546687685274735,-15.72550923767825
cubic,4.562069146324348,2.620362843546752,1.4900876352089816,0.1649679115308314,0.6400019501699685,0.6048609195898067,2.2303172600247096,3.902961513724606,8.029077799302168,12.173179464596878
cubic,-12.186731301631374,-4.553973047729168,-0.0870375389084088,1.9130883809756136,2.3706289206652,2.564969126409661,2.537899299859141,3.3922318896703763,4.688332506184374,8.951267691787692
cubic,-2.7066642318872542,-3.015833914559355,-2.9762547999831828,-2.6264272404033955,-2.177518690536215,-1.5995965441939672,-0.918879040576576,-0.2354647063749704,0.4790777508210767,1.154290492817872
cubic,-22.119872039567813,-11.749895809208171,-5.4475175285995086,-1.8260488780116424,-0.6929699675229442,-0.4827178343895473,-1.4062877992660954,-0.5202096348422565,1.4950966636288463,5.692459818276904
cubic,0.1230240475176146,-1.609709922626082,-2.472560476410981,-2.584756195763042,-2.222583740907253,-2.144290956194496,-2.1895300681170795,-3.2230575831580435,-5.48001934941082,-9.212624276253836
cubic,-22.837367537748605,-13.626699374040236,-7.053465228203975,-3.510380771381184,-1.9391019107734424,-1.0357726215552174,-0.4877976192596948,0.2734345656252376,1.8637565448142044,5.447027297178988
cubic,5.952293851136854,2.5387379694106427,0.8053773425235362,-0.5325998902618061,-0.3620852406376054,-1.536411828553305,-2.30775727209087,-6.4397340205110725,-10.53951845409284,-18.13501487790092
cubic,-7.028583828289937,-5.051890164637653,-2.0878718558796123,-2.1101020171356724,-1.3920086958790523,-0.9881141781568892,0.2033293291089163,1.9934467553636916,5.060142299648252,9.463591022226254
cubic,10.948576316064154,5.331910462558035,1.7502472611448576,0.117839820266437,-0.161944729009494,0.1524501527898922,0.3829816866196154,-0.2138361229714139,-2.354681933210846,-6.093345607443779
cubic,-6.575844581880114,-4.590749352148531,-2.9523687947335278,-1.813304480804485,-1.6538756781821435,-1.262151203311498,-0.3794964556100209,1.5083971175458604,3.729309116334373,8.131240390320144
cubic,16.655856849659287,8.532856653472031,2.7160552147371027,-0.239933063983976,-1.8905666426103065,-2.143170639203833,-2.0222173735750437,-3.2563976499563787,-5.4001378609567,-9.369781703194136
cubic,-0.5135126827813489,-0.9679981071009292,-1.7273541113394346,-1.4000485130836844,-2.0536897692955063,-3.0977107171716898,-4.603343854995068,-6.751819810501447,-11.448755952267788,-16.892234493236046
cubic,15.005316559872307,6.199555281458183,1.066439195266021,-1.2755578253649125,-2.1301068743574403,-1.1425808724412,-0.240430581951722,-0.2235804895384608,-1.0408357941415904,-3.884570378719557
cubic,14.058069151603991,8.3196592976832,5.847331025740963,4.339030704486471,3.006633003827721,2.3881462234531,0.5648134481739961,-2.6849600439447907,-8.62012986323368,-17.610636943119463
cubic,-16.208194497321777,-9.287966187818064,-4.777011034816365,-2.22605423471452,-1.2564582322604474,-0.5532020261511126,0.0521612129029122,2.195350123752364,4.730174453526866,10.785510918076229
cubic,17.909677568638273,9.94814101936356,4.981840654849809,3.2545538387798665,3.270775123730675,1.36790592304934,1.02529783143193,-1.5281551045612298,-5.478649292778454,-11.789665674802292
cubic,-4.1638405499865305,-1.4414791875179374,0.7326038847680167,2.093378035849352,2.5844420946839763,2.74588972657746,2.090878340594056,1.5357411383688544,0.3659627924749272,-0.9660066222997952
cubic,12.407970495837734,7.851860234719782,5.1212459428296215,3.112370941930372,2.416980976070931,2.072606000331322,1.4200658910833457,0.9961082334441158,-0.5156699317111633,-3.367994178840487
cubic,-19.4735276414046,-10.49783141691473,-5.136735667345683,-2.16303762921697,-0.907347869858119,-1.9400568321203413,-0.7960555113372474,0.7910320472158807,6.320154854569295,13.566583270686834
cubic,16.296429921623112,9.110603117682148,4.492258205937365,3.1178246936793736,2.5898073336702097,1.784044336695186,1.2773255913519377,-1.2051855410731973,-5.627113961231906,-12.852381765459748
cubic,4.500649795233985,2.7249191152316907,0.6712029749673012,-0.5741523734663865,-1.3481486233781608,-1.9628268373982196,-1.885173200804928,-0.76985832990303,0.934218126874333,3.9152312004064616
cubic,20.942924693122283,11.030672840077822,5.057169384436583,1.7536527563132949,0.6320732856507562,0.0390565225573524,-0.9265309460844712,-2.844987627442173,-7.240938862216907,-15.141561139776726
cubic,8.977089542647063,4.445929302552794,2.2380313849614546,1.0850595146152204,0.0146948756908747,-0.3553195988099812,-0.0320874357157684,-2.848568614369232,-6.969486171293221,-11.551261233265675
cubic,6.010989870595146,3.095908493806513,2.0164497337637792,1.7920647771330709,1.952031688515032,2.499460002246112,2.1212493973502338,1.006129603361373,-1.7894868315883403,-6.50883540478066
cubic,-23.22562078470093,-14.460124011138143,-8.321091937209438,-5.044039767716925,-3.1964530184143918,-2.5284878944830926,-2.2314317307751024,-1.4134905464503416,0.2798836851489928,3.8846583156852503
cubic,2.854655304858829,1.499794985952619,1.0775410598182258,0.4104629980489247,0.8956964472701721,0.2288390304455017,-1.43254136398247,-3.720871471517268,-8.128207551033565,-14.521262330000354
cubic,6.373637803316901,2.338696572217769,-0.3355891073077601,-1.2947907023937784,-1.435520397211384,-1.0150995335993838,-0.4824710914680737,-0.5179486868504896,-1.1126897499039348,-3.003032278970348
cubic,0.9939199566373068,0.930945076327301,1.3178232787062758,2.023537186064097,2.641739317720805,2.991813952780623,2.458470971899128,0.6596471477808996,-3.0804085477743617,-8.383553545319684
cubic,0.7824223049115127,1.8920512201650568,2.2497127687457787,1.988279312492134,1.9850014789999169,1.807613864472487,2.038947441669249,3.143478760493964,5.15739470525756,8.516553930259787
cubic,-18.11899816638487,-10.2592278554066,-4.399840162507098,-1.5256231541018064,-2.405739730414689,-2.056076246993948,-0.9987437832743328,0.1094994067863032,4.036175571411673,10.14254934219318
cubic,-8.8865509006614,-5.6218440804847605,-3.707246261184547,-2.8252594786707608,-1.8993398357309348,-1.006052528620682,0.0056384638532077,1.6434648007665662,4.198754527738325,8.267152077890325
cubic,6.997391783999689,1.110414619369417,-1.5525843651224829,-2.758098673976064,-2.290771446425093,-0.3498325543876951,-1.9730134998761044,-2.500416455697154,-9.361951286208914,-17.911532814392565
cubic,-5.738723305852842,-2.177821597091703,-0.5426274474589795,-0.4055271467488719,-0.6770627418556516,-1.6192322407607913,-1.8005864244249716,-0.8362315030426601,2.1521932714656447,7.002796421123536
cubic,-5.544289621605773,-1.7774151547816806,0.4255198879524121,1.2715816228234105,1.2380434755309255,0.7737698347558624,0.1326336399543158,-0.3592848132980656,-0.2999054772441937,0.6226939767733662
cubic,-4.931296220830315,-3.9018420044043935,-3.082013152765744,-2.716745466509124,-2.46433850933166,-1.233199712426435,0.1510620226195742,2.315304468562687,5.031775150827185,9.450799978237114
cubic,-7.965267885582336,-4.408518557861396,-2.3358726453177328,-0.2213488102356218,0.9907214436623,1.6295269251044648,1.4498033398177157,1.5608231830846668,0.8770642715992492,-0.5207125080922187
cubic,0.923332091358156,-0.0098865340988563,-1.330686521689521,-1.7014395873942798,-1.8709440379507367,-2.141530366526092,-1.1161675922237346,0.1019847897437415,1.7632300357336086,4.122678837458238
cubic,1.0278394205975978,-0.4671904528520829,-1.4613649435438252,-1.356170321519787,-2.009338422864372,-1.8005802585332114,-0.7410293596532568,1.2359313674947905,4.02368448405594,8.53143986396795
cubic,-17.932389090513528,-9.268798828120609,-3.5288749664613897,-0.495090335747323,1.2558609788805366,1.066322239358517,0.9914926426188688,1.7531397109750344,2.5820642930533184,6.236680033187464
cubic,9.96610140802156,5.05071436994897,2.122443462900504,1.1164202687873392,1.9289437845990067,2.7211266320555643,2.441005906901664,1.829424275095948,-1.6252212118411649,-6.786073859081229
cubic,2.946789624864821,1.4168291395306198,-0.742392169180699,-1.218850525626503,-2.9549498541720167,-3.624430871770538,-2.63523775164308,-1.6175638522691358,1.6635568061790966,7.094500952291322
cubic,21.613106772791596,11.925969266032114,5.677847463586097,3.91099503246322,2.6831743284503777,2.915881538388888,3.341812386134188,2.781330782534966,0.2625530263392818,-5.197043805222148
cubic,15.26386349171934,9.08726788293196,5.166908411251389,1.7286248054968478,0.6061675456116945,-0.5070955383018639,-0.2195822770358994,-0.4094376141738607,-0.3144647400426356,-0.3262793941216354
cubic,0.3009920502881807,-0.4482057842504668,-0.9510118400631334,-1.242880029140872,-1.345965741877065,-1.426072061307856,-1.4554637425747596,-1.488641341630201,-1.5936017412470385,-1.8370528107629711
cubic,-10.69904821715656,-4.082537407333877,-0.1663591233851052,1.8220125531540696,2.621583081741308,3.2242774517192148,3.637675006938211,5.522761627935421,9.174334026549111,15.38774561174212
cubic,-6.421042062369131,-5.137756488551084,-4.28247898149881,-3.566633148176582,-2.936998692069197,-3.1077518663579733,-3.5817008765508795,-4.479644432814781,-5.97908474249903,-8.49320344161061
cubic,-16.995966961615714,-8.852183648638853,-3.3714036267636605,-1.3328655545648298,0.5357960618312858,1.7424405714898712,1.5572745859412738,1.5887101799778864,2.458249946593858,4.266674326065272
cubic,18.182861111106988,11.306948085745187,6.994870106604906,3.737767459244768,2.290813488184397,1.3185551581422763,1.4859525278582018,0.7798966876423141,0.7483008133636642,-0.0748230971906692
cubic,-3.896440269454183,0.373690604983716,2.5854998898409707,3.130891305696588,2.146035533833551,1.5030248539833158,1.866552935330688,3.4044647998767306,7.270700771629698,14.153778600254618
cubic,-8.788794008839576,-6.885761608938894,-4.742893140462759,-2.906564051070216,-1.50595938042608,-0.8801932962356981,-0.7356854317192825,-1.3520597300300037,-3.4097561052092016,-6.506994754369926
cubic,11.855560092064476,3.9428265081643024,0.3830536310386285,-0.6120238687858035,-0.3328772789018588,0.0106248195441254,0.3407471337693739,0.4560043082419159,-1.3920690117703003,-7.573449211440118
cubic,12.188041093075002,5.530639710497052,2.0774101226257287,0.5389326852710391,0.7155947457502563,1.222421592786132,2.267025348768452,2.0419046077905003,-0.2016597306163812,-5.341587617809318
cubic,22.122815798064067,11.985559749264215,5.145792870668553,1.761064780984662,-0.893800822875418,-0.4546692214198131,-2.5330578989647803,-3.7291831713514,-5.284000765259388,-10.53412863064472
cubic,-9.551169917143662,-5.785598143243744,-3.5849612400818547,-2.743117092413841,-3.1366085090620417,-2.496187346835056,-1.0255421412036747,2.7537403104498543,8.66658216471628,18.299952692552772
cubic,-3.02212731070284,-4.347859823986735,-5.125959034740945,-4.808167881485311,-3.1679652127422497,-2.591214074503322,-2.908811425688277,-4.729839050629855,-8.157765616877963,-14.078875081945307
cubic,19.770700563050724,9.741853526661444,2.610608027182455,-0.7651045554139486,-2.511188578448388,-3.073579066750831,-4.135012091709965,-4.64310241559662,-7.092425329062958,-10.79917161063259
cubic,1.171825189508244,-0.4988563310266729,-0.7540597677921475,-0.4941335578522287,0.218893772150149,0.5522574187185603,0.3766269752990532,-0.6793607453672694,-3.823313970349988,-8.378221942432585
cubic,7.558379740540891,3.213398305586178,0.4288152869106253,-1.094556473870207,-1.5005231937984218,-1.5350281808224844,-1.07831095516574,-0.770081912672262,-0.5923143576781261,-1.235885784840478
cubic,-19.2578332434212,-8.73571258003092,-2.2436937956396443,0.5263724887455346,1.5498787296808347,1.1470594175165565,0.0556273348518359,0.1533161889883853,2.041512837818919,6.533660705495107
cubic,-2.6674634367628856,-2.7304124192337373,-2.1175123800837823,-2.1111151541119586,-1.3647749740206934,-0.678972697563158,0.2633047626439797,1.5407507703542662,2.3439824731107963,3.314877321692777
cubic,0.396731681594309,-1.3499493288969275,-2.0288401009674786,-2.071318041091043,-1.7031617362491691,-1.5660765026453085,-1.1998780093623025,-1.6016062765598933,-3.1103296106144898,-5.716606560701604
cubic,-14.551384883986872,-7.305253865301749,-3.5145904308426816,-0.0794513868454973,0.2914489007066236,2.5929234405167847,3.601378470060269,7.695384234947491,14.074091822215308,24.7151876560869
cubic,-13.73298257525312,-6.626074632204774,-3.158481202996954,-0.9613916402803518,-1.23115258886323,-1.1810066845228608,-2.0272722259053904,0.0435183761559243,4.376432921831883,10.90092435400151
cubic,-8.74104625138754,-3.3630340563082486,-0.6114177178442969,1.7217000072489226,0.9675200461858504,2.2680489520982907,3.688898160308157,7.585791854075802,13.614946147305147,24.21526088263741
cubic,12.303880629083688,5.303274900010222,1.9941077874197324,-1.7463025299173698,-0.3796100811263847,-1.6612894056049368,-1.722998363762307,-4.528975234436545,-7.855724671764268,-17.21167059397805
cubic,0.7021260291706009,1.4740035886679308,1.9255756521584488,1.8851960782843435,1.2175665789389345,0.4743388194471188,-0.7229529146217915,-2.065618228639266,-3.353835642176548,-5.104183146579859
cubic,-0.4752366278664803,0.0825351506206505,0.5352201218560597,0.7328867978310597,0.8073959104044846,0.5378296175145075,-0.0305303242434285,-1.079721296970119,-2.444277912643848,-4.35498402538475
cubic,15.890600508761064,8.436331643094636,3.9353884208400647,1.7404900811587996,1.696628484955878,2.262186044328449,3.4148206340843483,4.519234625449204,4.71058925069645,3.636639579909728
cubic,-11.955463734048736,-5.038523428360064,-1.8102293058415229,-0.272575115478276,-0.4958175754302,-0.5395189885912313,-1.4327340104542352,-1.1983563126104608,2.028889603332264,5.667090493787966
cubic,8.332522382165909,2.481797456595129,0.2260723191731076,-1.4836390066436789,-2.425090369477678,-2.613850586032192,-4.071678206422527,-7.2586996036316815,-13.472720141791193,-22.124858237864217
cubic,10.033780767106885,4.645890502591572,1.0900326894470278,-1.1032406473535237,-2.0727640103318192,-2.581202391472835,-3.446854547779219,-4.71035679996018,-7.182158349702798,-11.668134990516624
cubic,0.9571774147262488,2.6652526023754057,3.29226618245765,3.373995892952788,2.86683050027143,2.6750134191548964,2.377428530223777,3.363989317521946,5.953509362423496,9.60482357177144
cubic,20.16795524778567,9.55800433305312,2.7415908640378976,0.149988693068167,-0.6587570102553246,0.0754935070557391,1.1539514697361124,1.8928284601741048,-0.9606289241066576,-4.519989705946872
cubic,-21.353332454843933,-13.110201945092944,-6.946710588879866,-3.41570387748423,-2.884729741884709,-2.783517841407837,-2.751079513836346,-0.7573618928168437,3.270729554580797,9.97319972831731
cubic,-3.460766244042962,-2.637455199772821,-1.737751888504226,-1.2091564434012712,-0.7109146908649966,-0.2432951510451264,0.6797681456771631,1.3343047638819006,2.3325599075186307,3.464777288052718
cubic,-5.107387965856104,-0.3206416586701767,2.5324662014949237,3.383795114252033,3.22938857127644,2.4474233683276623,2.227502843192661,2.795143901394596,5.638066601526108,10.540829757199749
cubic,-5.499897894968486,-2.7549264619356943,-1.2704007552004928,-1.1221738627475684,-1.5199388593205128,-2.310758202845716,-2.970276041312803,-2.958312502573324,-1.912949181523824,0.4262347696191011
cubic,-9.70326173083012,-5.460278252496528,-1.6082408005773283,0.2352459224758382,1.696249081908368,2.3632872987422124,2.043131133242127,2.398054641475622,3.8930186374453584,3.962045172828073
cubic,-11.722166966865016,-5.008814143534312,-1.4222410230453484,0.7354171419137145,1.3907416737281542,1.3948373099697675,1.2622255359480516,1.7208891034694993,4.200039435165139,7.882573006003809
cubic,-19.60394269082099,-10.524610764850822,-5.339381856008177,-2.6814275253042608,-1.9829256358689424,-3.155319599216714,-1.6615069592926377,-0.9721667067609064,2.287927036530581,7.688904699874279
cubic,1.6214850197666448,3.7604408095474273,4.583511301828109,4.58382144702738,3.2599043844879554,2.1506257346402133,4.183056827772657,5.59541433409288,10.45591900359861,19.575101284655744
cubic,-8.29554649589906,-4.343471166459259,-1.9923397778419767,-0.980290138286072,-0.9661688893678626,-1.9124186355027064,-2.99681825684521,-4.626873838763902,-5.384251189465706,-5.852057288983684
cubic,-5.914491645393406,-5.778363840632025,-4.611003313725302,-3.685158993364485,-2.834873370364193,-2.838836547261379,-3.5326244778064058,-6.065177233953159,-9.38932445824547,-15.382069997932282
cubic,0.2633038002746687,-1.8776370157981632,-2.724599662418253,-2.6870532493041743,-2.1731704570166244,-1.426190045055735,-0.8060670357065612,-0.7061976711105004,-1.3085352902418563,-3.163806564695716
cubic,-9.284940097601652,-3.5264805684709035,-0.4051027919929442,0.9813039594624616,1.3945700266059242,2.4884922950489137,2.50543880869174,5.714985170872037,9.959421002584078,18.262662420007967
cubic,8.237907528726952,5.233845245651973,3.845874251257172,2.439145430708427,2.0950939402743893,2.1409043635138465,1.885835426671767,2.15550881061937,1.4626887050776085,0.3904723480374047
cubic,-1.5784344670513313,-0.8745091902126253,-0.6534467235978797,-0.725190390714424,-1.0114862657550696,-1.333730489266412,-1.6527100771064571,-1.807142843303964,-1.6727884738766836,-1.0539039382851083
cubic,-6.418095248825448,-4.056833567152761,-2.273898001099705,-0.4779177235947754,1.184245871220288,1.630342865182422,1.903942830473301,1.1839099800773858,0.0431753061254958,-2.723717899190321
cubic,16.774551211971254,9.5955960929274,5.412440981514466,3.1027291864240976,2.8817060831633645,2.158666056632832,2.298161800298073,1.664293304922987,-0.1685868642479593,-5.070921394513604
cubic,7.53725949943756,2.407174276268295,-0.126674227465208,-1.603038146627899,-1.886894901275764,-1.6395750831202227,-0.93030536956815,-0.5471792727974684,-1.098101968496889,-2.588165176971218
cubic,11.513591406847466,7.034194188094484,4.307583412151463,2.8605773944568607,2.6405250283603388,3.1171297941311966,3.669209089807416,4.228834725665274,4.018309579259123,2.6103668372411564
cubic,7.07372432306103,3.504516603167318,1.0951910314790732,0.3437490932357246,0.1748037182497369,0.7403478789063171,1.5006989494604128,2.600708049879438,3.486485859789238,3.6015505373970527
cubic,8.607207173129769,4.755973300044908,1.9805067052676053,1.1376831813357544,2.741253875440792,2.513238235479942,1.8912634175162744,-0.4350281065166613,-4.716035977916846,-12.466509518976236
cubic,9.366444721791822,3.4945975174909263,2.218218754931427,0.1681737706254288,-2.3514724233008257,-1.8052230885507023,-2.2564501096514187,-5.945377666799068,-10.294526755162698,-18.92923576347772
cubic,0.900554494755493,-0.1248945855161404,-0.90996225833858,-1.5533717223194854,-2.164139552074157,-2.6921393928342017,-3.2909582441019305,-3.8564700236417098,-4.616489221023846,-5.519869733741752
cubic,19.178373054190185,8.74207040669763,2.9359595866205823,-0.1995055997821849,-0.2722634005846639,-0.1062535858292386,0.4802680369018238,-1.7005629737966237,-3.012069769985121,-6.628333297944505
cubic,8.242507319121625,3.4832491707458955,-0.1836157169781611,-2.427254192484974,-2.41238753067222,-3.3336632318016006,-3.740018291667388,-5.475655099184589,-8.044305439426788,-13.474910503597194
cubic,1.360001145112908,3.3347851429410342,3.6076866162975447,3.464179291797974,2.75589562520095,2.337285409860835,2.1190399137712514,3.175360972037195,5.385049373515151,9.95240606700143
cubic,-2.394435968535835,-0.6497526457930476,0.1548259299384502,-0.0944274603639074,-1.353437729502859,0.1064297299232204,2.5153918869938763,5.361167972604132,10.739554101883792,17.075024653135564
cubic,6.454596677338661,3.432413186120308,2.008550156442075,1.1674110588198034,1.3352008882108306,0.2271493756652055,-0.9613105964074904,-4.324772408950294,-9.378645828903691,-16.4475800425941
cubic,2.254049338696887,2.4825648737351567,2.180351216183083,1.8868173465683495,2.023177692577357,1.7869050664546873,2.652029737182914,5.531808313717475,7.968722170194146,12.864654493465384
cubic,6.986099292157695,3.562538084357418,1.5774737442556916,1.0385863299749227,1.048903209524186,-0.5294890185483583,-0.8768207106322237,-5.73174975215094,-11.867010897542444,-21.693796390187504
cubic,-9.778699240344976,-4.205549560738296,-0.3805889700459335,1.6094711815447158,2.384875925993012,3.1683359883308437,3.6879492082723,4.358274883910371,5.681785456991971,8.487223258536835
cubic,-19.041906758039364,-8.921670301485161,-2.4922539960403167,0.0166673382008419,0.660649503864071,1.011447346793766,1.3889690199229348,1.855352214984064,5.923707073732039,12.39733118536004
cubic,-16.0634959311728,-9.421404384949916,-4.945577670150942,-2.0885335230908626,-1.0430187121387855,-0.4163609091423434,0.1704129481028377,2.053297674301059,5.553521659474775,10.8188996917113
cubic,15.653036081360828,7.537372892802606,2.117369559620028,-0.4521898922458461,-2.1267009184951418,-2.0167765033225,-2.3329039516592163,-2.4655656804125434,-4.3413379208379,-7.554767555323435
cubic,-1.286419387814466,0.3769872464012526,0.8790122894962715,0.7247215952981977,0.2372448711570119,-0.3380775081189568,-0.5887914551670436,-0.4833775200029817,0.4328925995988655,2.519729590817768
cubic,18.938430707613996,11.263368436316425,6.55185203262915,3.73929415258896,2.7043193145688864,3.164872162427042,2.4962260187651486,1.59860253415628,-0.1608527372373824,-3.7368263494343
cubic,-6.263359362542808,-3.1186354200627147,-1.3773830336664024,-0.439347481969489,1.0867725148416063,1.3167477411850914,2.019680429098885,4.621272769835718,10.393839863092865,19.53244771936115
cubic,-5.359623981487632,-2.732757110962733,-1.8884377323249864,-1.5135100788401834,-1.3163862014452534,-1.3319015547027553,-1.194758737962975,0.4011386441161496,2.1590338692758886,5.835898164219105
cubic,-4.572901984907896,-2.5306641381617423,-0.9928210941477712,0.6478814416596063,2.2724066953041397,3.0583833929698407,3.0102184893061725,3.0011437767165328,1.3517239329041182,-1.453241765275637
cubic,9.81624635481359,3.704639258879366,0.7662756563714695,-0.5877702171968485,-0.9089463108483556,-0.804994380616569,-1.1859220211035442,-2.5651760038835376,-5.712583677093507,-10.92013715574886
cubic,2.0686278373030293,0.9045720978438871,0.2194075456254098,-0.0876869157184935,-0.333908848720623,-0.4563667886603693,-0.6382449695315757,-1.0415628490374105,-1.694421022334018,-3.095022867328036
cubic,-16.287593842314642,-9.768060858694955,-5.620649645797056,-3.2318106687934094,-3.011066418048961,-1.4323250937088363,-0.0513957725609997,2.5257660658764234,7.402020052360354,16.85488680874439
cubic,-12.368368429177556,-6.11353575952521,-2.3264539512660902,0.793328558078531,1.7906996748002435,2.303387966477179,2.4578016372957765,2.7715744182148345,3.6104669241715386,4.98177184258524
cubic,4.00070300549649,1.8099680548259016,0.3415555604083343,0.1236767837856938,-0.4072417886874516,-1.809814490002144,-2.5659618671251305,-5.555026088048335,-10.710544198415349,-17.73984674448092
cubic,-13.66277983065882,-5.477635973008022,-0.3952539409188393,2.035247851097451,2.199388799553668,1.9909756564026544,1.314130997433085,0.8399964002481184,1.962538444949844,4.543917539241829
cubic,-10.145406870391431,-4.620876051914766,-1.5452780221776834,0.1901004898769266,0.7917249054487222,0.3363859993909077,-0.3932811790887382,-1.6056080203432144,-2.268639201107158,-2.464905226916437
cubic,3.06050601004851,-0.0916305077483414,-1.2256553882819854,-1.4544796539611902,-2.249625956052043,-2.808103862083797,-3.7091156587515055,-5.9923777257623705,-8.358352119253793,-12.153089592451195
cubic,10.245124144275437,6.449540087354713,3.787195237337331,2.22903222939137,1.3418234987435584,1.408778076937388,1.863502612341282,2.732809971117859,3.756051054690685,5.331373886770883
cubic,-1.2520965942208098,-0.0382561366336278,0.7821061993073481,1.2319267422366456,0.992270873894018,2.220441514026972,1.836475962771705,4.870243085955752,9.114607343019056,14.015569613769154
cubic,-13.846639456567592,-9.153096336845438,-6.088457571825444,-4.183293833328451,-2.1141088916995576,-2.3276513008167785,-1.0716794383136523,0.4601792420041649,5.051868199732322,11.67538321532967
cubic,-4.657862513481192,-1.2020951462300151,-0.0493850430124152,0.459699122066373,0.466923570480137,1.408929180536143,2.7416624217558754,6.5346441106794,13.206897156985455,21.14295832722108
cubic,6.001817150744167,4.031408164147391,2.327510742529103,2.174332798969475,0.557326431209765,-0.034517099401801,-1.6290932908098128,-2.769674034517801,-5.306197957544893,-8.895425519000518
cubic,12.796816675165545,5.580508902038072,0.2570099513027022,-2.0349829600448164,-2.5881778659982766,-2.5848961415338625,-2.5901624594494352,-4.387910080884035,-8.717768155914104,-15.259440786145388
cubic,7.881542362704822,2.2766955676865788,-0.8471950697757016,-1.9370627208071476,-2.476837060263612,-2.192253527350578,-2.3206448131695927,-3.2459365288081385,-5.55647113820958,-9.85988887756433
cubic,6.809393138534244,5.627111517528576,4.434312279616582,3.290510354825147,2.1113418355200846,1.1815498755675922,1.2450246836357035,1.8374290788200016,3.6495499517859065,7.191483213486448
cubic,-3.256378465416007,0.4540803685096665,1.4899303910638984,1.5332424109948757,0.8633100141354625,-0.437605087406066,-0.2998899667999564,1.3061965667232085,5.015383307649174,11.403109396821158
cubic,6.95852039615093,6.533681910333016,5.412182576857,4.022615620548155,2.5319413290574366,1.6753305534391871,2.4268921478958565,3.977051285633983,7.277575960819687,13.238958821877862
cubic,14.064647657484269,9.436865175555855,6.191574726965986,4.125216285025797,2.32953357222128,1.3936428547581294,1.3808583541145447,2.77329427709302,3.654806010923169,5.18710779621817
cubic,8.778503934792006,6.069099483786117,3.386444762277788,2.978832053488174,1.860199303089554,1.2991140435639237,0.5689988296543206,0.1078181975981432,-1.7639792599461732,-3.771987599476621
cubic,-14.753023663427014,-7.662713086579613,-3.320508451674544,-0.7130401005726942,0.636642525374695,1.7980932250959356,1.8187075668041248,2.2470240463050564,2.526692524691684,4.314416582206411
cubic,8.147591937154282,1.0715142336063983,-1.945029067760322,-3.753170864736404,-3.37372885548086,-2.741426503341338,-2.3461796727402904,-3.553248057972323,-6.879185561339316,-13.594990590382348
cubic,-8.86720955992147,-3.494588753768742,-0.2218147556619581,0.7989904422386132,0.7310591775321429,0.4626650623930415,-0.2756820080279649,0.1632602308173762,1.3847476609441132,5.758904831989178
cubic,10.820227740404396,3.91993693287029,0.8922985589905106,-1.4915767213759028,-1.7491005394159689,-1.4025801614348978,-0.6791401205324954,0.0943226463302001,0.0095485344833013,-0.8635166474460448
cubic,-20.441207490057103,-10.418200502607489,-5.8726092875994125,-1.65307452010715,-2.7205850590007863,-1.0353756747732568,-0.8235817143758056,0.081292726438815,2.326135231443017,4.722474265539755
cubic,-9.110068037036118,-3.47860621071642,-0.3289811097756021,1.1917260503084652,1.3939434424330788,0.9972281787295448,0.2890058542374515,-0.5672206813878082,-1.166896364568381,-0.4307884726799588
cubic,-17.64189093382807,-8.854879638414435,-3.8658560648975526,-0.9605774996631664,0.0667527938537641,0.3433748362108654,0.5584833792095893,0.1393888257172638,1.7867768061315918,4.499051680870728
cubic,5.546177288033439,2.617077609233404,1.3330433032557274,1.2668336083105227,1.9342826395834432,2.6901688210521897,2.9390949801246644,2.148337457645316,-0.0135196301471782,-4.241853145840532
cubic,13.298227395721456,7.589607002530254,4.3579412004592255,2.938163930317627,2.081944728374052,1.4063458923032512,1.0895298294854487,-0.4205206893693121,-3.5462364858785205,-9.158816018772292
cubic,-15.566712264811995,-7.201624901591914,-3.559436572411025,0.0731277584494758,1.9292263075095997,2.3126537504230598,2.2384433361521223,2.5386930190109136,6.663309236681087,9.651320007609336
cubic,-11.718184628025671,-6.119941994481297,-2.6397213966354998,-1.9984911652177813,-2.107336237777832,-2.3909905697503304,-3.3569969908670854,-2.8237970889808466,-1.487246060901596,2.0783722991366256
cubic,-4.322429886697063,-2.5501769056626133,-1.8632544127317927,-1.736690428400382,-2.0458004661871056,-2.4466334720335734,-2.1488570800712763,-1.3362026398662794,0.4274029618028098,3.749230625276999
cubic,3.0317755263533925,0.6251378478004285,-0.889350645627918,-1.12742763627957,-2.722019571877475,-2.745061804281157,-5.19317172126912,-6.138233695062544,-9.077471486342468,-13.36402534860617
cubic,-13.825046068385976,-4.501122271412429,0.5153595229020678,2.7618802645298137,3.1008580124476035,2.13772368534516,1.777894338453782,1.7692432632118145,4.315741645363044,9.374176598110708
cubic,-10.712026382616369,-4.652657199025774,-1.4142417326006518,0.1050568866093261,1.1791849872152196,2.101973873426724,3.5481969018926383,8.178948705192859,14.281961213001706,24.7217274322223
cubic,-19.565955671916317,-8.82362019035057,-3.2589854506936806,-0.3728159123990033,0.0324206504071368,0.8920706989934397,-1.3986626493990724,0.1251690251799734,2.1294535258814213,7.923326898414679
cubic,1.166816944443304,1.862870725694128,1.8761090060003145,1.4066039992141366,0.7715918828361923,0.0964303964479145,-0.1410782664247881,0.1833565865998726,1.4159363363457018,3.790222218321433
cubic,-4.856825064766579,-1.3885321496000926,0.4847727665220414,2.1467436766095425,2.7020907132991696,3.247055164942354,2.56928644601009,1.9393854572037952,0.6080145509384726,-0.822051165262508
cubic,17.976383656887627,9.96247462410287,3.5253486686207287,1.5330674707550371,0.3325729875896953,-0.0778549738250823,-0.2618182747512851,-3.7004179328249673,-7.502751105494746,-15.06232132889476
cubic,-8.599223566418852,-4.709806994595448,-1.4580458524134832,-1.530158952433376,-1.5220867646797096,-2.655116158797842,-2.736658494278202,-0.7679680086112418,4.621675003571588,13.086588831594629
cubic,-0.3838691830303908,1.992699778739416,3.496908390022974,2.8308708886394207,3.094774951786372,1.2532599637318669,1.493604029844096,3.5031807023976578,8.194812371748258,15.130564122415214
cubic,10.03977101400365,3.451508617462277,0.4774183762177866,-0.5027736416727836,-0.5160892212578554,-0.0887953948844175,-1.031867725028679,-3.6146388482712863,-9.22179603838424,-18.948303805884706
cubic,-4.946091529070125,-2.9791630375458507,-1.9918339755666676,-1.6691464091803931,-1.6894769959215648,-2.2825800074355653,-3.065299532157471,-3.833047930845472,-4.443592945933491,-4.823256250573819
cubic,-1.6992780484559296,-0.322804045475529,-0.0474181225488687,-0.4066964042563858,-0.8696844965788887,-1.0486396922403995,-0.4069219800655628,1.1395596006043238,4.733637417216049,9.46953907237633
cubic,-15.983406675701392,-9.740032427026035,-5.989526433291228,-3.2912396193206384,-0.9752578619558876,-1.2196855059552545,-0.9610924066955716,-1.4450602665388217,-1.4123992108101249,-0.3415555869450398
cubic,-4.198692416569522,-1.1377504888176786,0.08448633418409,1.1576141779924736,1.248107339628853,1.1634148511793374,1.7597738112922818,2.7332456246776777,3.978917984664793,6.038615987139222
cubic,1.5499744046234996,1.4126668759255423,1.1186212630039234,0.9047324100849072,1.095774791599874,2.0089761441672143,2.730712191402859,4.184355380066879,5.9931566205939575,8.897472181520635
cubic,-4.924279504559081,-2.483940566956786,-0.9686888057170374,0.0788683084661054,0.826146944516038,0.94310303641827,1.2218288605745302,1.1231992998356644,1.2594060108088876,1.7022527113037038
cubic,9.709034998035074,5.49356495140255,2.4976894542529258,0.7316412775904317,0.0966128456295637,-0.0638175135946326,0.6228018781051441,0.9553010933575932,1.0158941788902291,0.7183945231497195
cubic,1.7872268630688763,0.1101702799649184,-0.3643720187753758,0.3090981710159547,0.8999813064322677,1.3648790195280105,0.95690813917902,-0.7968143112547086,-4.52017472422023,-10.54337285751284
cubic,-1.7111213840261192,-1.6082545153650292,-1.1557609297697276,-0.7482709054189155,-0.5251297823639273,-0.8527443964135756,-1.7931480757978584,-3.624622986607875,-6.854906196781701,-10.975770037908235
cubic,-1.8872791546200196,-2.928715409301979,-2.5543143089699845,-2.5679084224606243,-1.8160655433831536,-2.2883877539239776,-2.6289197421503703,-4.176392393945453,-6.15474165438581,-10.419636783977152
cubic,16.737549780568926,9.08278660966756,3.389954508373877,0.7202147285050575,-0.7236631655642513,-0.7500682210815405,-0.5934540878970791,-1.2271424777354585,-1.4345457758796738,-3.9600073912534266
cubic,-7.88550080580766,-7.164266402463251,-5.569292889805565,-4.181168968899963,-2.856865257387502,-1.8305192439476847,-1.863273774819536,-3.2651999290785194,-6.197645758130984,-11.008094882976302
cubic,17.82928324861003,9.676178103004348,4.828566762858345,2.043258111947073,1.210033508343497,-0.4570887411864143,-0.7205550016143052,-2.3869342449205395,-7.350488300224284,-14.885046608182533
cubic,-8.683015832649277,-3.9593944199154607,-0.9829591943466484,1.4753071076922963,3.12139626592033,3.500954089930097,3.746484899238207,5.659783358790151,7.656943795401583,11.186849579760558
cubic,-15.377068185619052,-6.980684955184702,-2.206274601082473,-0.2140106780297215,0.0015097252671276,0.0418652228838873,-0.6631395209500355,-1.348757738953373,0.995408695569376,4.499541222737983
cubic,-0.4823088354850766,-1.9869334179379372,-1.9167608493119164,-1.7057317623178414,-1.8719960802069848,-2.067259329972056,-3.337820505017186,-6.00132789521561,-10.323236156366615,-17.454888462094683
cubic,14.361071009683403,8.838969291600563,5.500473456537149,3.1514742295321247,2.19415363009552,1.8772378249376127,1.3612277553211558,1.240151529844047,-0.4424634698763069,-3.359144631203717
cubic,4.901046066343671,0.7054903345517697,-1.2879746838467885,-0.6760000658968589,-0.2960794259718783,0.5920460585152828,0.6445808374709736,-2.282266818132469,-8.866464581326037,-19.712640662392943
cubic,7.830041299452716,5.482767227462951,3.9059693405187335,2.9462873971332897,2.562833368737295,1.5896959450222343,1.7937860721148535,0.2938710363373313,-1.017102306723436,-2.1620129733104867
cubic,-16.889194405594058,-10.441923940131852,-5.6279955679670906,-2.394515370837749,-1.0710483112347735,-1.1356413813561816,-1.421541846196286,-1.3972718428102482,-1.2602629042893467,-0.3619870008737542
cubic,-23.81736995076693,-11.822088917226036,-5.292003521438086,-1.892340163016052,-0.2020163600816475,-0.1585722272984651,0.4228269222709985,1.849886160985158,4.861808684111049,11.083077902069869
cubic,-6.41478865552381,-5.088429764173022,-4.055378905802222,-3.098227225150094,-1.9528043383098608,-1.113178562995362,-0.615276480387235,-0.4319998590293543,-0.7601448296188292,-1.6726302140153029
cubic,1.7840769280277236,-0.2128326376795634,-1.3751356396714225,-1.329094899896274,-1.336287817505306,-1.2902840303098595,-1.4294807641601883,-2.549729587042009,-4.759381274575284,-7.938675473861513
cubic,20.73622310374476,12.361916531680729,7.247910051054697,4.26381488374874,3.603481577331392,3.0259893329074354,2.22596306358088,2.592278595303087,0.8034421245772693,-2.179727425343498
cubic,4.671686820832444,2.0123085925880133,-0.0152965293202982,-2.068907874053035,-2.7295061698638765,-2.669230848354898,-2.5644180743189597,-0.9666175781688116,0.7540003250149887,4.006762874867519
cubic,-2.258533712747769,-1.866087241062084,-1.3545361464350285,-0.4675406376465991,0.3235335695750561,0.7401619607249467,1.3129901943447515,1.3895318829096348,1.5248884296112204,0.9645202595505517
cubic,3.847360986555585,2.630539357014646,1.8834951111377864,1.4777998599345503,1.1822577839315536,1.078633712814142,0.72574976523264,0.4261620940486321,-0.361257707156722,-1.6213326149382783
cubic,-10.844331429109854,-7.082107671596983,-3.09767398376778,-2.907110061980486,-1.1400173219047944,0.2106821544631167,-0.5202303562983293,1.1554641967706063,5.467371139796961,11.582271694326655
cubic,-10.53403439103721,-5.120280210482051,-1.6604381043349077,1.434550165416777,2.205267235364007,2.8078981624347623,2.584679036928048,1.877925162789654,1.6090370808812522,1.6989975465087246
cubic,7.532828453907108,3.4186202134891563,0.9873386045368036,-1.046933961170562,-2.0871732389988416,-2.8518332972588047,-3.496840995968027,-4.585020524308896,-6.458300029561165,-9.151830920265754
cubic,-2.086532185896091,-1.1843878060875557,-1.2495929155653152,-1.5626214762440425,-1.827912133577172,-2.260051566847162,-1.6843329408978025,0.0623056160022418,3.702210541958707,8.722197564588594
cubic,-16.394787369077463,-8.793549160584037,-2.791450680653872,-0.6088368843685651,-0.092529121797602,1.2387463203536249,0.8844641365904589,0.5598357184978975,0.9234726605847244,1.7997443321900537
cubic,-0.3157511163383727,-0.2778570092813031,0.1948934782072752,1.1979949578333928,2.1403318167952303,2.8676407591416657,2.9963603375053256,2.2345024369943527,0.5961327248527503,-2.817437861505891
cubic,-7.105089882209906,-4.931934621233817,-3.094862105557435,-1.26000742757955,-0.9566293472061947,-0.3008748589759684,-0.7125439377609006,-1.949593572001434,-4.199872749649517,-6.439663694523947
cubic,-7.259407560166332,-2.593692375268952,-0.4589743568403972,0.8182822030694716,1.0211259195909748,-0.6326885685451876,-0.214115968780378,1.4629673316861995,6.229466352853043,15.643619427112275
cubic,-3.205758735364026,-1.4039005507028566,-0.7256371946219864,-0.8429919114784573,-1.1772638006902312,-0.9735442813846292,0.1458973679730813,2.686748203048534,7.229363565302512,13.968256109720578
cubic,3.916781920615304,2.6670905523960893,1.3397279873066794,1.2238051501661642,0.7378927920180415,1.3560830672801356,2.2991340962744222,4.468778750726825,7.320358580517809,11.376200970210494
cubic,-7.000218528847158,-4.258670520301336,-2.7642257699732005,-2.318583300763586,-1.3951882744744613,-0.6801271806664533,0.2320187494930576,1.8953135578453133,4.276239892714743,7.720622737019528
cubic,-11.597938257028918,-5.8528576375842505,-2.9107718796577924,-1.8393583322941296,-2.283275141199655,-3.328017987209596,-3.116304946078816,-2.8815977990665997,0.2421202381659818,4.895144683142742
cubic,-7.41829557110597,-3.5950641292675325,-1.3863231062441628,0.2410457308156022,0.8746320082661777,1.040179995317272,0.685085274518839,-0.0817181433726107,-0.4468402453593492,-0.7411626076552977
cubic,-8.274487550579538,-1.906673588719189,1.5638771971648604,2.647617285566582,2.3079371073594923,2.1567707418629074,2.0960338721774265,4.155289774539798,8.184268624133392,15.430849647482134
cubic,-11.705502355046912,-5.827886069905654,-3.755888011808227,-3.0419624041603988,-3.2434461618792687,-3.302283296920867,-1.1784204248454972,2.440597301395462,7.438688018361801,14.799281724981158
cubic,0.0362294969674568,-1.029838907536431,-1.345247478501698,-1.0427885680018787,-0.6153952874837351,-0.1323684046957619,0.2652281353924505,0.1457757561226939,-0.536414740887641,-2.234294630537252
cubic,-0.7596305840131902,-0.8226731084011677,-0.5452224260027043,-0.0905723498575552,0.5222954545856715,0.9591065891989786,1.144415994362458,0.8400753417898771,-0.1065220547524444,-1.8280748740905255
cubic,-4.219047863597823,-4.139992506214157,-3.6053202158885744,-3.2416245534670254,-2.4378623257736574,-2.112455896346608,-2.419197297077871,-3.8369367439685593,-5.926320722188194,-9.589724614335948
cubic,5.033141697021292,1.639269486251111,-0.2160813815195775,-1.030998396206555,-1.227981082808978,-0.8481376956027722,-0.3331619763310852,-0.0422244953635846,0.0859140080848161,-0.4214795038911365
cubic,13.18352598701086,7.2121840855529715,3.2926129715374928,0.0880026163064158,-0.6030138359618493,-0.8927160700948846,-1.719763339409711,-0.9057617613424892,-1.1436127467410475,-1.3860034982324585
cubic,-9.08643251002967,-4.875134323558403,-3.350999489597796,-2.586475050343589,-2.011918782007592,-1.7060524699872568,-0.3636094154966118,2.4517402251127707,8.2081624199776,16.776724068807038
cubic,-5.693506724609854,-0.5163499280903224,2.3101315159410425,3.38937861720448,3.379058995967984,2.440748912948452,1.4682287366466382,1.143248552617791,1.9440030011269955,3.883785383258511
cubic,-5.426600615378898,-2.2288623861316017,-0.979757723903066,-0.2233392686085919,-0.8239388957465407,-1.0949031502574638,-0.2078521113852899,1.7127896448042337,7.321405870598496,13.976540571506204
cubic,-1.7546883039435583,-2.60696797443846,-2.700569656916271,-2.704895147950939,-2.733342805781993,-2.8489952567032564,-3.499831636141775,-4.828968136254289,-6.988553103825372,-10.157164812213535
cubic,10.274918014249083,5.801487884311133,3.375568403752354,2.215564843584912,2.411142731953392,0.8512039188841942,-0.8837262605895245,-4.596897837845108,-11.58609651134268,-23.293678633367936
cubic,-18.57928490744272,-11.325041434917448,-5.969034082042622,-3.028157782011623,-2.789903833649084,-3.917479719345181,-3.6238676945054302,-4.199106787446909,-4.088109842814036,-1.628182218935936
cubic,-5.392601333236944,-3.595414021616153,-2.068790943243271,-0.8166193264374874,-0.2302519668353114,-0.3162047572491684,-1.0964739940811796,-2.981311681029909,-5.790653258886007,-9.649402622610063
cubic,4.851182770510876,1.5520150424749322,0.0868978965095059,-1.2681432472180585,-1.4021031927963994,-0.8719460674801212,-1.3169380750071562,-2.3004824239799597,-3.8738959040122816,-7.429090285589621
cubic,23.43339477912516,12.525082868093495,6.127058381745088,1.96512238568574,-0.2194516626994538,-1.4849386159145703,-1.5647230653866095,-2.552284542990035,-4.528409761511013,-9.419742110757715
cubic,-5.277314037502284,-4.944247777703415,-4.344770413687362,-3.6080401531293926,-2.941580665276215,-2.6052879345573543,-2.1276636934899744,-1.944124322127708,-1.8226946197042808,-2.1223132928916977
cubic,-11.100176567788274,-5.710804186935476,-1.8845939512354128,-0.2173990658633601,-0.2840740645434006,-0.2624340208479158,-1.0371098833983214,-1.38880814351667,-2.2663184595939825,-0.6765981088647797
cubic,-18.46303074311721,-11.423064707829608,-6.247955477151431,-3.2816189230484416,-1.6544694435104152,-0.5936025106067163,-0.205338907968467,-0.0689672577384163,0.3416832400039634,1.560683532245039
cubic,22.311063970472475,13.179937496288636,7.407899027100991,4.460420972638487,2.736346127601749,3.17751734249632,2.0808620160651263,0.9225476250311836,-1.537777495557412,-7.37960081334495
cubic,5.752522483640415,1.1429982097531584,-1.219848176792959,-2.478504209071644,-2.3473422325744195,-2.0575473688484625,-1.6138481857028817,-1.9740860706243528,-3.085602404626022,-5.4972021588370605
cubic,2.603365047397729,2.931972562969835,2.56593131356411,1.8577861465955976,1.0334891354338476,0.1604216564014346,-0.3007914258136326,-0.3411315038412391,0.3322242088878959,1.8908945014560867
cubic,4.418710050320458,3.9814507689560745,3.461896345738908,2.8433787158484587,2.529952584794668,2.543154289713465,2.733869578077475,3.3762394855423605,4.784356995731788,6.177623008843723
cubic,13.602946113359376,8.382213113518874,4.252948127024098,3.2181366973921577,2.410128588299125,1.5464801616525676,0.5544706927831802,-1.55679866389185,-7.955171481467055,-16.13219952361152
cubic,-11.07806561930595,-6.618083195702422,-3.9578354641170415,-2.7543984619050903,-2.346892070765493,-2.264957209525956,-2.583650431196394,-2.326348113956471,-0.4638106286708226,2.1695044729501083
cubic,-11.20330938961248,-7.334740459088373,-4.795087419903269,-3.2310523354744736,-3.069704608514816,-2.155405241674976,-1.637028144690663,-0.8417578395864337,-0.1514979973258216,2.546951939249316
cubic,-12.264377720714132,-4.064406312446377,0.9822378439006818,3.080486702021384,2.997539641126993,2.7961068964810543,2.2040750404992844,2.128738068958576,4.365028682463018,9.071770690475605
cubic,0.2607410022227394,1.1447019489617265,1.6542802135337609,2.055431596007231,2.3177046082777943,3.237314624307254,4.020623240642451,6.965113248533898,10.186059794267306,15.58137329417328
cubic,19.82753972238645,9.92151906073364,3.970505648920311,1.7787455648400228,0.0087747934567357,0.114804646944363,-0.0024768281350719,-2.9233418327087417,-3.676736429467448,-9.157917826449165
cubic,1.1078746298352191,-0.1409657485110077,-1.0882894681750888,-1.274041680667305,-1.1425371784142868,-0.6237555484613967,0.1144833843693648,1.0603432865601898,2.0284266270841984,2.9774976799828163
cubic,0.2148739565848739,0.1057831628188512,-0.0647957230592342,-0.347694520972202,-0.8112989704723256,-0.5428607849501035,0.1647693415430152,2.617719152612572,5.828778490004779,10.708754204087084
cubic,-18.519085179832004,-7.903479703723401,-1.763105701810648,1.0487128140378277,2.2589190792039826,1.8754608989349568,1.3482820224972512,2.8305541471081823,5.520687446974563,12.07950954941474
cubic,15.95378067152452,11.34258586098896,7.043136576538562,4.2869531333226405,3.5163366361962924,2.6422922892006446,1.859615869683778,1.0199528985343624,-2.827361000841016,-4.647742104682736
cubic,-8.710560888420154,-4.2960607775110615,-1.5835604708375106,-0.1156492919175189,0.7086307307000583,1.2787330580245233,1.8916617113213048,3.934860739158517,7.186093619889935,11.817464033534907
cubic,3.645493965913688,0.1797820735649124,-0.7678793046942332,-0.7797916863604432,-0.7942809744442021,-0.3223996045961839,-0.3111204342748527,-2.0299571708951376,-4.80445576636212,-9.593181869661914
cubic,5.205339742869423,2.657222272142826,1.1519548039159302,0.4485800233449453,0.0068764912180636,0.0545153526159033,0.6668251130606998,0.8381379993719855,1.0980960857204158,0.7735967006743885
cubic,10.970982911202649,3.99488320480473,1.1575169575168909,0.4562982330954209,-0.5015818977687909,-2.0587896299512964,-3.3747029293574373,-8.144196514214645,-14.611137034089651,-26.189025218990277
cubic,10.956774354524196,3.493427967021286,-0.7622942992854803,-2.2775096895072293,-2.3184959015608246,-2.8609461966079803,-2.945171282822989,-3.3517177809562098,-6.534933057314004,-10.804287516261862
cubic,-6.780242169700132,-5.1924624105447625,-3.674149828517527,-2.397750719267201,-2.2338718542721367,-1.932201861656476,-1.067993809694265,-0.2932187954093703,1.287582533602226,3.9575335172685935
cubic,-16.00296906348923,-7.919755549298634,-3.7650768356790407,-0.5501914330803811,1.047288926362823,2.331237126279615,2.441216303481404,0.9952737122345608,2.898424170990951,3.2242024441029726
cubic,-15.153872590656391,-6.796904156433891,-1.5518061946502448,0.0598306509027045,0.987237048638151,1.2658467888297564,-0.6504213282873186,-0.1337136394304253,1.2693679558621016,6.251280376680982
cubic,2.4843700112660287,1.9277599497969824,1.2363042236698605,0.6584639890875734,0.1443685643364571,-0.0737668119507181,-0.0337762034732748,0.4812071041833932,1.3320330705995354,2.782418672319894
cubic,17.58923859274595,10.04640663190006,5.578674748719596,2.566640556191634,2.2227358551986067,2.2749377796154118,3.165483865085711,2.584343478815609,1.2048018315950737,-2.6247606211440364
cubic,-3.917470944098149,-1.1097166972632058,0.7842582714969292,1.539594195863467,1.865552470765964,1.898969090459631,1.9900537994750491,2.7040739171387957,3.9491441306515696,6.586446312828048
cubic,12.483009341806282,5.833296506415032,2.3331575137964142,0.2251091451811363,-0.2094352037160833,0.4348416068208619,1.315579563017243,1.841605964376288,1.6914845696723912,-0.008402194109388
cubic,-0.8969726111041759,2.105098015656803,2.73873065195269,2.552234764700008,1.727591920025986,0.6494098810141653,1.116088705388684,3.295395074210419,6.489770879944507,13.562430744203777
cubic,21.23119736558445,11.182925925520893,5.163888462868377,3.129528894969939,-1.3685375548656973,-1.7877833682780035,-2.8659730829025567,-2.2640990381993698,-7.874871245767421,-14.22815655352286
cubic,13.632198578562448,6.223541879115454,1.8000338883306544,-0.7125700289021724,-0.9840671041234224,-0.98489196293847,-1.622330592024368,-2.5894430443689296,-6.005453193599785,-11.598084427557453
cubic,-13.484442059367572,-7.179143099816202,-3.477412860673064,-2.006788657186443,-1.6090084819484225,-1.3265799982361028,-2.0389025048256384,-0.3144655588416857,3.5794570953658766,9.5365943835919
cubic,-3.2371786472739523,-3.913944655136328,-4.680743957847832,-3.843698849806946,-2.86713023065837,-2.8334162492687054,-3.826226876461949,-4.774349384566923,-8.43479945924038,-13.79647852105057
cubic,0.9535614273181342,-0.1592402391607146,-0.7869732415628987,-1.263515060728124,-1.9339279240362828,-2.7480903766533005,-3.9733773951717,-6.235141413698452,-9.510201357182044,-14.172711565064436
cubic,-0.0813068272978008,-0.8480711958996499,-1.748393066217206,-1.9475601367826227,-2.4297741047417163,-1.7152395168352148,-0.8642715536142869,1.208583685605857,3.899042332935084,7.926100032674458
cubic,7.526235867121723,4.455339518074713,2.604436383688183,1.7680004233083189,1.507697373371418,2.127438559779841,3.2825683863704898,4.703360478304371,6.199521027484971,7.883614382671542
cubic,5.204488397748089,2.4926353000222568,1.8212992803560597,1.5125826991443132,2.225131866978258,2.804400963697354,2.708002362717023,2.4871021073486865,0.9323978791712676,-2.220402519769445
cubic,-0.8291211638131096,2.267340005781917,3.462522425082624,3.700069921357189,3.175541948563113,2.4357851040508773,2.4668188331734373,3.656386690454213,6.454808520410748,13.06429219863537
cubic,16.298509016559166,6.930055905855163,1.2965968821031244,-0.3897805593312844,-2.557079323147865,-3.988118113506397,-3.915114718261201,-7.137125243744131,-11.111414698892906,-19.36993204576753
cubic,6.758908289188051,6.001628022799146,5.027138035219832,3.7542490893547016,2.7279827156222964,2.1270794520032377,1.993817566543651,2.865241682822779,4.463921348640916,7.373373025082243
cubic,12.458774358661426,5.727066745749194,2.501943075804788,1.1310169830737822,0.3608565929462901,-0.5744020568499788,-1.5111182145391229,-5.122469502464886,-11.29190819931762,-21.266684424076814
cubic,20.59875193114524,9.731140057122248,3.785720814216363,-0.1224657330876053,-1.1079213337549323,-1.7335131861891864,-2.739866848489634,-3.5223967446449937,-6.047244916109261,-10.902049784242491
cubic,23.1796263438472,14.226348813301223,7.703068482845955,4.780210691321424,3.528759687468773,2.3693842443293605,2.890948707855571,1.7396872143270783,-0.9310311933049672,-5.208670949504033
cubic,14.56459378789716,9.703621153140997,5.449861346292053,3.484852866061213,1.7890500160883556,0.4323847627604392,0.5351189106856676,0.2211848385860947,0.0819354339432743,0.5476604257981619
cubic,-9.83930712178768,-5.219286409231448,-3.769989284452026,-2.4022273499742344,-2.279118770205645,-1.996886562953467,-1.6337480445205357,-0.073365857103896,2.5945523243896904,6.955636182961621
cubic,4.390491752882924,0.1993970692019412,-1.37939811843281,-1.4081409996498655,-0.4249355761726582,-0.3823365480064281,-0.6583695572195416,-3.905061416622144,-10.208347105323853,-20.60530668608437
cubic,0.1148297830058125,-1.5300107484266208,-2.498280194512133,-2.945772001162734,-3.0383630147642213,-2.9075069495651293,-2.376843065688547,-1.9303007819773697,-1.2767425776650203,-0.823883353549945
cubic,1.947295230244652,1.8915754930006787,1.6770257915585594,1.0323521335376926,0.1665823654039188,-0.3360385157761094,-0.5226162752188755,-0.3204624022357695,0.6992185367070064,2.5742987627039478
cubic,-0.0306678058255798,-0.9550230614547704,-1.6539870450594896,-0.326444943571099,0.6110299651096732,1.5605907741234464,0.4356075254575957,-1.7826587880522011,-6.652403307785702,-13.66670044112262
cubic,10.204465315364756,4.8898575077310005,1.1880113380035386,-0.4833615357084129,-1.351026364501291,-1.1734778010975635,-0.715532903331364,-0.2125113201706829,-0.5153649090941408,-1.864995303045052
cubic,2.280886941521932,0.2056713056730364,-0.7226469988622768,-0.8749751641966304,-0.4351858371840619,0.0883203006736433,0.2067895492498184,-0.1795306713133735,-1.631494587902764,-4.65548062194618
cubic,5.18812100091224,2.03099703686052,0.8731114048245914,1.247117140495403,1.6034135117368755,1.4908176393012316,0.0241131667337353,-3.5481780670765777,-8.906166859546873,-17.944464130824326
cubic,4.519446678526421,1.1690361941787082,-0.5970620200619112,-2.38713320339621,-2.545644962733736,-2.5055364321265445,-2.028552976667732,-1.2288458316578728,-0.2718267150229523,1.2191503198357176
cubic,7.0062327022990525,0.7707975411603041,1.1741040228518582,-0.4856209909051543,-1.6097155512798442,-0.1739163932580699,-1.0762696178948188,-3.741219885762021,-9.261390348962149,-18.93175706550456
cubic,8.821411019886327,5.887890064619574,4.409977766171434,3.6134609408559815,3.1102207493037723,2.639287056034472,1.587733211685529,-0.5351290735740704,-3.6616803905396673,-8.966436585630502
cubic,11.747311179320173,6.299273297764011,3.2497337081294053,1.869115059630409,1.7194540167846464,2.448733006015974,3.2188616195003084,3.770860667311593,3.2780618219057813,1.6650427560049823
cubic,4.561149433590151,-0.4232184706503183,-2.1874142108116006,-2.9990466098164874,-3.0472066861085163,-2.3313991511138985,-1.899830385159844,-3.1580112045882016,-6.607481204520395,-12.496576823706077
cubic,-13.693755130934044,-7.39352698128357,-3.818729835816195,-1.4199799384914902,0.555103716141959,1.181452814257602,1.4542538955562714,3.4065496291080115,6.330012366360895,14.489536272372604
cubic,-4.355248383468194,-1.5740660393355848,0.4631137613302272,1.7859495910986252,2.108391373526397,2.127986573141292,1.8299466685427743,1.3217851117562138,0.4380397977625506,-0.3236856469599837
cubic,10.829842681721049,4.568630181836136,0.6824873432711628,-0.857220010606306,-1.1660813664323462,-0.5571253905422027,-0.1427808908641459,-0.9840271227521952,-2.9206503083025863,-8.66759062834283
cubic,16.213850855691124,8.866012191945378,3.257436851547605,0.9521518459667896,-0.4397709067369608,0.507405998124778,1.2270374415883425,0.5151305181987245,1.329941432158774,-0.062025147917533
cubic,7.702963255421295,0.9929741745040708,-1.6487522265832697,-3.373485573797448,-2.3597045618874994,-2.665616843665897,-2.901922100573087,-4.292354727088439,-8.213210209351368,-16.134517804467954
cubic,-9.207042699603114,-4.364062972009128,-1.8794496795231632,-0.4534541636730606,0.2588031931279669,0.908387282644511,2.3061055185275743,4.779759472391548,9.621797618712607,16.991317624704973
cubic,0.8334477690310569,-1.4377881141391702,-2.448901527554275,-2.4498504448473857,-2.0549679316445992,-1.3068011729539175,-0.6184226733611567,-0.6566328562189815,-1.5279197433012528,-3.5629245089136936
cubic,17.701365045647172,8.443996063693156,2.965901460913687,-0.2986198073130069,-1.68218413864769,-1.7999832119217447,-2.693002981874692,-4.363901811227874,-7.905976080698799,-13.48607817316803
cubic,-6.707103527725474,-3.958656830082676,-2.325048208345034,-1.8593812329455448,-2.0036726518751458,-2.369455747715981,-2.6086457774957323,-2.245701622604699,-0.9533967896219953,1.6478467461431916
cubic,-7.493549841653476,-2.083292996468197,0.5573082081988712,2.3686107212283445,3.183918353334636,3.665704736352251,4.908696791732224,8.78241083215379,15.425910786640856,25.53277176285276
cubic,-8.347467458970796,-5.549869872201802,-3.3197999187113285,-1.9455530579138356,-1.3083160593251508,-1.0704408091771551,-1.4374632178425255,-2.322090790727444,-3.218749478373428,-4.8354436279059225
cubic,1.4554473000706611,2.263275477035541,2.3284513061072967,2.338850719385616,1.8427331557441315,1.708661425186466,2.002539751034344,3.0910302156945906,5.492427714474252,9.189053863730896
cubic,-16.790133988016304,-8.41069957630802,-3.1675254226821865,-0.5800072572506652,1.4463507251699033,1.8482134522527616,2.3023686991485746,2.417126335535501,3.9372607713308656,6.595479962473879
cubic,-12.781053969456648,-6.550176222510014,-3.228728773042692,-2.112779632364228,-3.274730560765589,-3.0680445460273376,-2.4773033745756647,-0.9504845565203512,3.593900533020371,13.391891796991038
cubic,11.353480962162555,6.8438177853573565,3.798670223443484,2.2320243389930594,1.641321074889183,1.874140488596552,2.7452256256186134,3.931634755843792,5.222496977431867,6.395650685397245
cubic,11.203041408145086,5.269059410586022,2.071798018154521,0.2072131890137249,-0.327621167741832,-0.150404807967091,-1.2973812990366669,-2.745742031337625,-7.013853123758121,-12.7675872377602
cubic,-14.269470639002844,-6.544816908267568,-1.5086275429835374,0.3661985959778304,2.3296408665925066,1.3131483901921552,2.002256229115001,2.1459209036421174,5.167473375580959,8.625678279365507
cubic,-9.610685818964212,-2.0804863728928136,1.8654917574140095,2.160569829372475,2.455726591699995,1.5820075579580726,1.3729143861458606,2.543796603818439,5.894807685173574,11.548496257127947
cubic,6.199161288235471,2.3096955818063742,-0.0844630822363186,-0.9450899409040644,-1.711539802649913,-2.2585805699622363,-4.61047503750558,-7.384176230085791,-11.76402214683582,-19.616784430714944
cubic,7.198835959220041,2.59156125808868,0.0638395765158697,-1.878491862338558,-1.5402607287975931,-0.0470162827974351,0.5774918391988115,-1.0758689042412182,-2.178704396735432,-6.225592983938754
cubic,-6.252637919297629,-2.1527226489793505,0.4482029365904552,1.610426465561746,1.7169042539199382,1.9751986333222045,1.4067854870081828,1.2321175601914818,1.591647697273796,3.1166087184918725
cubic,-16.375119802991044,-8.537985063662155,-2.98305867549603,-1.138478876233212,0.9043371239082512,1.567036357993954,1.7074080357271364,4.698818101055505,6.8858652489492425,12.100584810227204
cubic,9.377693203039817,2.336966407409278,-0.96827727741879,-2.852218091318803,-2.2476635539541405,-1.8542600987234457,-1.040000009392532,-0.6123636048234118,-0.6327986487789286,-1.7342286051176508
cubic,-16.485877434889204,-9.099124759676611,-5.205138516533159,-3.077787976109325,-2.7687234849747138,-3.1215196027497485,-3.486876044787003,-3.493171570187916,-1.838143399898751,1.874438592132092
cubic,2.764747709659066,3.2543824015030216,2.984230733085389,2.6147260200412337,2.138343788027093,1.63974536992995,1.6239702415460906,2.330788843637723,4.04555910834619,6.817912261592311
cubic,-10.019756922523756,-5.676031794343279,-2.750685713621419,-1.1775506381147145,0.0362700415330502,1.0692574703719329,1.318696520448238,0.716669597109326,0.6173541548373122,0.2724524460391764
cubic,-12.115001405277033,-4.831229044192913,-0.2428701863116119,1.6244168654011055,2.1592025312417724,1.385037251447798,0.0018955421038733,-0.7262528433318738,-0.9388582839725624,0.3366383648629846
cubic,12.340460349827463,4.639163947921518,0.2891900932833425,-2.183032204357377,-2.7809562997831816,-2.8769173440179965,-2.3056052210178075,-3.2859806636869395,-5.11977638733817,-10.36040132071671
cubic,22.07501502301595,12.463362801368891,5.175751565943449,0.9893114839198338,-2.8986327841091475,-1.5224356987520529,-2.1914814754093395,-1.5935614140265058,-4.042599415331678,-9.44609086659716
cubic,0.0590594029710691,-1.050459636416933,-1.5279317683100249,-2.0289682019844264,-1.7899694666629478,-1.2105730269839394,0.3050770626679818,2.872771668902166,6.53769749560713,11.226719427970613
cubic,-5.866136839188688,-4.46337915882825,-3.47363371388164,-2.857734584835122,-2.6670101958009385,-1.9971069836751365,-0.8035664104701592,0.9135889654946712,3.683438637264104,7.982267796245097
cubic,-10.600406482732442,-6.357772130870303,-5.049010241940941,-2.130443219300375,-1.0706687748748818,-0.6700236794649848,0.4202556900241841,3.635988529670189,8.473110157375892,15.406329013230176
cubic,5.122831853657328,4.076681094601521,2.4697108959969616,1.7954620817927105,1.1442641319892726,1.5452274579218122,1.9626227801469835,3.3640088612167465,6.31143343085403,10.168628217814886
cubic,11.502529270362556,5.665741959788135,1.6506274673431909,-0.4520909194894125,-1.448987328523572,-2.2989125195941527,-3.0372102755905384,-4.136239773849727,-5.657055953964755,-8.47035827757894
cubic,-8.846700776694291,-5.885275584883741,-4.057460016613175,-2.976800302838301,-2.6364818205850185,-2.581097476279536,-3.260173089643127,-4.000988202153822,-4.854822059564717,-5.783566407603291
cubic,6.196134101038751,1.3417332733619869,-1.5830292115374434,-1.9537824958467929,-2.808892439798909,-2.1730309467572435,-4.136930363102134,-6.201838513907066,-13.91923470016449,-22.752789970933616
cubic,8.232098892354436,4.302907058678048,1.67212703853657,1.2261609729642482,2.1288312745964797,1.8288649191078865,3.520599985420953,0.7510583149862835,-3.0729328996817307,-10.9901175333828
cubic,-4.529009628419357,-1.984209229999248,-0.6194600664819605,-0.6738874410035689,-0.6462683065350922,-1.1848449179721448,-1.3799516062855528,-0.6336582054321717,2.3495497886742385,5.727203162059748
cubic,8.981530689749304,3.841513276097708,0.8433042517453887,-0.2472315388103341,-0.8153795282645452,-0.736115163073854,-0.4391949245573414,-1.373447590336908,-2.664514511697452,-5.976332767031664
cubic,2.7008077237748127,1.8277409529889583,0.8018010494360542,0.8337338405642043,0.4980951023612623,0.5538352891629135,1.0090691938772682,2.4732111677531097,4.143045835726648,6.856388999738782
cubic,10.425153835347396,4.310252357387091,0.4092389307516807,-0.5090186020723775,-1.079188746507903,-1.9101344606455608,-2.602597391957317,-6.393095658745237,-13.013448358801991,-23.64733418251685
cubic,-3.764646892929989,-1.5013139485102616,0.3336534104546222,1.6129701338399092,2.3461404479393093,2.7434478537682057,2.3363102258977326,1.2520011382763023,-0.2655749999043419,-2.830139418969568
cubic,21.12906070674457,11.730297824889432,6.712959117574423,2.8860070411781944,1.578649430954286,0.5345162039317505,-0.4408173350719953,-1.9076317490676349,-5.597256149821426,-12.152798907196312
cubic,-7.632537749029387,-3.675146142637101,-0.7019963919759601,-1.0715068398207153,-2.2004185480808536,-2.0534827098550177,-2.1911487470616207,0.1041597731229438,5.579120479084593,15.671122883516524
cubic,-15.56262584886912,-8.21132571912447,-3.712823328664304,-1.987292609415025,-0.5030071755130603,-0.9133484492791925,-0.6055533962485826,1.7144078021160818,4.882518951086863,12.420524929837784
cubic,-17.342318249093907,-10.421757207615649,-6.0470384789583,-3.470755861040492,-2.5076705356131117,-1.6124264416639862,-0.743906077723509,1.4990716890146047,4.689632867056678,11.065458789648384
cubic,-19.77491370544529,-10.559707174523307,-5.368263965949097,-2.2327213394660568,0.7739438870253663,0.5907102193056217,1.5173815382839,2.8161983698067745,5.62124376851862,10.477455846845618
cubic,-2.0641278163402217,-2.5142957744045886,-2.324040187874962,-1.6172194712089398,-1.0780946074264948,-1.178659558613672,-2.114915350087762,-4.618955427693776,-8.409680976416876,-15.17792654011631
cubic,-2.8409418666619866,-0.9213831204919084,-0.1739026924287114,-0.2363467098167156,-0.9524496329543418,-1.5459357166027152,-2.1262766758545903,-2.038913941096734,-1.042922465187866,1.1705285830626662
cubic,-6.214181955120285,-5.220115543239893,-3.948083703406221,-2.726962197415919,-2.231308379998908,-1.64317892386598,-1.1604698784341048,-1.815932478441781,-3.2768253965594294,-5.231965900097492
cubic,-1.1655061802293123,0.956139379085214,1.8438857400442967,2.737814016480036,3.0072663346171558,2.699281924170082,3.6094002776234775,4.070898244488592,5.968643778830347,8.713251075108264
cubic,-13.679577082603052,-8.403861394751077,-4.659383872712789,-3.1500619540523207,-2.977133073626763,-2.7267971401302997,-3.6934951080658265,-4.614102682999094,-5.180207656709047,-3.950715414464789
cubic,15.701051048763672,10.227446299347973,6.163186485942836,4.287496871347683,2.8060961780457223,1.404499894449461,-0.1014607358993936,-3.340151736503901,-10.826546284722642,-20.39693825344578
cubic,-8.778179953481503,-5.024435059499464,-2.7424489464574053,-2.058263624545678,-2.448269287562904,-1.606822540984587,-0.4701801644666377,2.925001780177896,8.660999742722147,17.559720840098585
cubic,-7.28011509621149,-3.812129253649241,-1.224698154774795,-1.0546554022013537,-0.5690328448465612,-0.3642543062334105,0.0198380052127033,2.12227620489246,5.786641001838326,10.954253523134527
cubic,-20.53451903878227,-9.64469046676284,-3.033811667597977,0.2405005882454732,0.0973178279194961,0.7964420907899247,0.1586192229356936,-0.1191566702904694,1.975550537724315,5.8697801926574735
cubic,-1.3538082542093717,-1.0190156589377524,-0.6120205773139463,0.1273302342856532,0.3792274109698426,0.7292388208511792,0.9891634061104372,0.8695910013741144,0.4542099366462733,-0.3306796069888458
cubic,6.34575702806645,4.733710004375927,3.433825509234813,2.494629825536033,1.5783806267356524,1.0532876576756205,1.1178382809259175,1.843365855575127,2.8433553238218057,4.351880647610367
cubic,-12.939904349617516,-5.652504545648256,-1.4623903351939462,0.9485211088551204,1.168910944285864,0.3424375183024625,-0.3542154603605799,-0.658378884237646,0.6117364838921979,3.170370873772692
cubic,9.250971800914662,4.170216740264208,2.208541144721604,1.2331448698074845,-1.4071065115248231,-1.4779398575871094,-2.734720596811951,-8.715293498084383,-16.168815253079806,-26.83074645694402
cubic,6.133629963443648,1.9666698113218095,0.5775068101101277,0.3858555656370652,0.6866808252944429,1.1747298704155231,0.7212721037536458,-2.8412180274436616,-8.239739558869887,-19.41351816380956
cubic,15.156977041271576,9.280478172711648,5.67460816010088,3.6738635847852654,2.792680297414233,1.9623290287271893,0.0365149758759164,-3.9080808636735176,-10.849400507301214,-22.481186331923418
cubic,-17.783596862059888,-10.622247425669524,-6.041284489447709,-2.208795413890368,-1.5129838000247404,-0.3956587703824505,0.0015602846084477,-0.0813098693354531,-0.0074713840015311,0.8940896862454748
cubic,1.3195037393286548,2.642888472095935,2.389936248689658,1.714314604420467,0.7031144922833286,0.1035001596591622,1.0456780645524637,2.871923552718555,6.879352046435369,13.779711913594507
cubic,1.294937939715639,2.1166469311305023,1.5687548114017285,1.1179996248813773,0.679687338821549,0.2143087173248346,-1.8821110109505947,-2.9867872855805584,-4.592175092838435,-7.461233424073454
cubic,2.796531408444572,3.507908835865873,3.688231351763811,2.929597629712569,1.9676722629034271,1.3084651267438472,1.448143214200344,2.809557788699206,5.980313036798228,11.163043597445249
cubic,3.883217129114581,1.5843263067396904,0.5091031786211604,0.1335014512370396,0.5256332650730884,1.487012227856636,2.3868895923214377,3.260092367232967,3.907432259992999,3.922602475961961
cubic,10.662587696889627,4.386297038691659,0.6245231974343176,0.0103937341733134,-0.7341686075761424,-0.0279788192452348,0.172918342153901,-1.6653152791577086,-5.271100382340167,-11.258058312940843
cubic,16.226230760230166,7.358718244141492,3.7959798548288015,0.8134021850635149,0.8277658619469375,1.4420714591886934,1.9271960803181456,2.20178860875216,1.534345446963241,-1.0060748768002017
cubic,-12.041658103374226,-4.594678966846902,-0.0544671783733042,1.5888433967680515,2.314007368734284,2.9544333393557327,4.388511977646736,7.728302691646077,14.06008167996544,24.773174752016494
cubic,-10.14024116651914,-4.877714598103725,-2.7051559980389346,-1.77815691225808,-1.0831822685487025,-1.6350396064287755,-0.7327292550317756,1.4862128909730057,6.126377766782419,11.944415314835624
cubic,13.760688635609538,7.613176740537124,3.455086348080831,1.0941654835507186,0.6553790190034687,-0.8438252226453288,-1.529342081266917,-3.063465924950575,-6.979764955721211,-13.329305155550488
cubic,7.20114862799367,2.40088485375192,0.0595810273220048,0.8074876332186403,0.8125003342135185,0.7156408923693862,1.228795990017972,-1.0034444739884143,-4.907737083489319,-12.08406597531338
cubic,5.565934595720611,3.880078801414773,3.211493555727361,2.7247518385423266,2.459511511067818,1.8399414509767875,0.3004745348128259,-2.164659906794314,-5.97912219389161,-11.643981561512748
cubic,-5.281845509892044,-3.0813558386927373,-2.0749415304321785,-1.796339463406862,-2.367469853642877,-2.906072773853376,-3.837174347901986,-4.32711308137924,-4.4068315510255,-3.686457924713305
cubic,-15.37586966367514,-7.746332690113173,-2.808126692470973,-1.2183710903530036,-0.5144511970250383,-1.9280208870215527,-2.5487077879492537,-2.690006707415177,-1.3278211680333007,3.407406841292923
cubic,3.418250761991463,0.5825429079422231,-1.4850055540210745,-2.6797529933742954,-2.436024561809349,-1.9668702505253248,-0.571427505257624,0.8274110313072228,2.817987076015108,5.1598202638235255
cubic,-6.610887703077729,-2.804173867575622,-0.2872440421564428,1.5622404698017751,1.5687376765961187,2.1723187831585102,0.6552901677050356,0.0322724912116013,-1.4264827976244336,-3.849235323433784
cubic,9.10455298776766,2.2653984601835475,0.3742449286211294,0.1750779460715794,-1.2451781506764488,-2.698520847923431,-3.792546731071991,-9.601713849221236,-16.127162289202577,-26.766863252902205
cubic,-19.47419657156247,-11.373006046881814,-5.836199517670943,-3.4145258941329533,-2.2426135856084226,-2.2827631293697226,-1.1074347895336187,0.9776451823335196,5.146219448370155,12.462384914724224
cubic,-12.21445547926734,-5.355366218266767,-1.2776276802631523,1.2098418866510658,2.383823289157129,3.5994115774302293,4.479555351486368,6.640458468757955,10.749067277478709,17.650976306023185
cubic,-10.170426918072213,-5.283616201592453,-3.087852556345639,-1.5356841597116573,-1.029434829416266,-1.1073935211367396,-2.811217448511561,-3.9874015177986943,-5.505415398305583,-7.147270456710209
cubic,-19.25198692237617,-9.450275694203688,-4.852448388052868,-1.1829739119103349,-0.1743423620381826,2.3334835548222435,3.127356895619872,3.718916744804063,7.730697518896342,13.813805837662615
cubic,-12.21319665861231,-4.684962486013979,-0.5954738999674781,1.3114778498493718,2.5779303009681587,2.446153684780599,3.157637878588009,4.019047380558964,6.859254484092349,13.162400683385364
cubic,-16.162314982492965,-8.59436992162235,-4.068975832967832,-1.589232228252467,-0.4448629795329131,-0.0032665910847844,0.5780123071095236,2.5151360730255723,5.451849720734225,10.99364396683849
cubic,-4.430052903259351,-2.8030275323324254,-1.002296411133411,-0.0082964348275434,1.0265831152816975,1.3921503327137172,1.1010511774351346,-0.4307474563445282,-2.737554594177974,-6.526755855059606
cubic,3.263917145063937,1.5932429977563978,0.3203289595849707,-0.507152343747879,-0.875103253741509,-1.1237028482850808,-0.9808112982597824,-0.6937108554557998,-0.2344408228753221,0.1971240830022443
cubic,-17.86475645310983,-8.822242738375085,-3.534610320153236,-0.2133259783901208,2.5383103602230843,1.763032640454369,3.281487466909453,6.949433320254599,9.07590520840113,15.816275947834333
cubic,-14.077238602104556,-6.773943277968998,-4.421223228145288,-2.709810650917269,-2.9412592703631724,-2.896591848424682,-3.4965785878958773,-3.5259374960539365,-1.4350470165198033,3.202748496381081
cubic,8.887277617823564,4.584969115888386,2.208351846961273,1.547673759068946,1.803998963123532,2.401835736885173,2.5354769868577494,1.6925887200395673,-0.7809910732159556,-5.321984733610637
cubic,-5.639808336151039,-2.5255869756701896,-0.817683061892321,-0.5872156269577863,-0.7740526356196389,-0.864137676023202,-3.235094899763603,-5.426848295401352,-7.788464728296687,-11.059049958850611
cubic,-11.078881756806393,-7.530124699149045,-5.629114078618964,-4.06399561878016,-2.8327799214137848,-2.300346644782272,-3.08658374487574,-3.39248175970918,-4.40611292622053,-5.104260965428845
cubic,-0.216901188517353,-0.4009386534158624,-1.0420682137561192,-2.0976021033587733,-2.2431024472994165,-2.304860734497521,-1.590636035915197,0.4126689269735449,3.851182090985684,9.3860889139788
cubic,16.733141786406367,7.410687421704628,2.9421169222398245,1.2531621244316369,-2.017665127817787,-0.7808214026901341,-2.830976281903278,-5.162940667980598,-8.599114173238537,-12.88088272320948
cubic,-6.6842419651671445,-1.8367731617677616,0.5661640461833084,2.049193190154356,2.462774528543833,2.687251210065431,3.491596813802853,4.83625390263128,7.907233078517818,13.490220257081662
cubic,6.625317066910192,4.44399477434391,2.069730705497727,1.5060230424217087,-0.3491917051364021,-0.8643945644340725,-0.9950489075467148,-3.042214313818284,-6.0315678368740695,-12.6601951237973
cubic,0.6400967483215424,1.784342120030506,1.5893339462044782,1.0000555138148184,0.3847757926703624,0.0741126104407805,0.7278372673627362,2.816815751620778,7.625821130754173,13.883280241196456
cubic,-17.263741431902115,-8.560107448962713,-4.764716386392139,-0.7284604736702471,1.1276395689269236,1.698136202493555,2.967517793290525,2.206653363093728,3.9784783848731937,6.968789816477602
cubic,-7.228812428403784,-3.3968927078044238,-1.080834408999315,-0.2456243600010742,-0.2565409359740604,-0.4481792979781627,-0.7085412607447974,-0.942008325429955,-0.2117597831579221,1.2566968982248667
cubic,-0.8393594385056503,-0.784145177854001,-0.39171371704016,-0.1258247176140947,0.7180331118966208,1.4592248512009112,2.411318420640133,3.474025892897277,5.53027043183769,7.632560708678364
cubic,5.744529939116911,1.8197999400096807,0.4643600452597709,0.3001260431680063,0.5194681542604905,1.3594755137937349,1.133786151077279,-0.7345104081852791,-3.6572748348465,-10.427911440930098
cubic,-14.078641212365568,-8.413591837844644,-3.606589863420732,-1.1890205097196898,0.8580085993343833,0.8177260995158858,1.747235633586974,3.0537945138609164,2.2720771570061107,3.516805303538016
cubic,0.816080943040028,0.7111855908825031,1.408908005148347,0.748782804263062,0.420461407408227,-0.1842862796998257,-1.1812906691795833,-3.668018650247346,-5.881686591944688,-9.06758644115652
cubic,-9.645989965884112,-6.03273261322519,-3.618257091745881,-2.3250412690847986,-1.7857765403995436,-0.9880968365096932,-0.2868456646328003,0.7460948815501894,2.8791571521536405,5.574678854346294
cubic,14.531222316375644,5.260520938489505,1.8718029995513483,-2.153229262152087,-1.3302314850499497,-0.9765944854599046,-1.4048672386110663,-1.1509266484771288,-5.022012385833014,-12.38533165723518
cubic,0.9072240431183034,-2.778479652491276,-3.788034371993957,-3.5529118017794823,-3.105967565121027,-2.419308601654924,-3.1364813636896347,-5.143737467066423,-10.626004352770476,-18.944337937354533
cubic,-17.005826913485716,-8.9989059443297,-3.379234255611229,-1.1547943819347628,0.1102163357909169,0.0887037250959136,0.8792727729383639,2.8843251009708166,8.51634180111823,15.84052936784408
cubic,9.303888249986011,3.0521358808481667,1.127679765769192,-0.2963966745698343,-2.465831618348432,-3.6694773227821686,-3.029358449333818,-5.878400274662623,-9.155503245482514,-15.245636918485328
cubic,9.452607938922442,5.979628764240342,3.4680314163857475,2.8734215915901915,1.9803849700429936,3.415460994012939,2.241986148170811,1.1695497622290372,-3.0417880006409543,-9.828978865004984
cubic,-16.583438825604155,-9.30192155467936,-5.210589330420808,-2.3907419124577345,-1.333137194769014,-0.5183971273094067,0.5175419650651766,1.944618266050531,5.457936885027317,10.65608596114284
cubic,13.498602355721932,7.452488893565872,3.5851996225399745,1.9393061450435212,1.113281958796409,1.2187299212090248,0.8417380325550103,-0.2278232090141278,-1.9937083810833776,-5.5577804040334655
cubic,7.187303986467422,1.9811177973160268,1.39550964475359,0.353398846836803,-0.862391353170358,-1.7799020430560022,-3.8878461810794502,-7.241238318546987,-12.226407388207283,-20.64075640802332
cubic,12.992505746716612,8.080879267611712,4.399608491822421,3.1125002508674737,2.3597308459081527,2.8840236106742863,2.854809604863368,0.2070398492757916,-2.656651523472399,-5.861191176876602
cubic,-1.2041266071852654,1.1567598013226437,2.2372893426023976,2.78405725503239,2.519661084430047,1.6732667503811085,0.5732480967232544,-0.4615572155457381,-1.824909140771678,-2.4666574565824675
cubic,14.601659309294517,5.458705872079678,-0.0437524502914677,-1.2765831590712262,-1.8756371968126409,-1.4977435864940842,-0.9855888682709092,-0.9828063592074764,-2.854752974315434,-8.181275796985597
cubic,-12.40964614015467,-7.651313477772484,-4.257698525471444,-2.3234782319342964,-0.6134685095514418,-0.6444461141623528,-1.2744151215709274,-2.239183216105186,-3.5192550710932404,-5.140070462591055
cubic,-13.2243337670989,-7.725957562422499,-4.40012592357002,-1.6052349928329288,-0.0161416417433917,0.9770976243681152,1.2985606907441278,1.7796890888440215,2.436250883462491,4.086427007105954
cubic,-14.946164677713556,-8.847382816804428,-4.772174432025429,-3.099378929926336,-2.999232612102332,-2.0110228656933797,-0.2894462008147415,4.3752681991268485,11.014652146920072,23.920920728735595
cubic,-2.8892866288641805,-1.6702309771874078,-1.0445770985036824,-1.0296428592010505,-1.0602954187325184,-1.2387301733748253,-1.1391339269825382,-0.2742422272334612,1.1825364878739697,3.682740957439712
cubic,-14.71514730161973,-6.541384379262359,-2.481741943506536,-1.10233230739976,0.2972350606211379,1.1554978128908313,1.9734471284466093,5.468299393549382,12.207580885941628,21.57778541916764
cubic,0.6632616912451623,2.03184657362141,1.7667003402482773,1.6253993277548353,2.036693516646197,2.478684087981925,3.679632055132759,6.273150055308191,9.918567846101247,15.985441080887233
cubic,-0.5181152903598772,-1.6349426973326953,-2.4876999815368297,-1.4279325368660276,-2.091667784416764,-1.2475774379019255,-0.4058790693593815,3.236646040253424,6.598316942089275,11.602690369945046
cubic,-8.28051064634866,-4.023947785174533,-1.1067353888855171,0.6027833543326142,1.7397689700043593,0.9532380842987702,2.6461486513167096,4.811330167360223,7.111673997315688,12.614722728755185
cubic,12.715095283419362,8.71193713785828,5.464753277644553,2.9803823065325026,2.1795143390942093,1.7927705032532466,1.1103070737537415,1.3158235287110098,1.667529072646595,1.7047784268404966
cubic,-19.679029284349195,-10.416787659730629,-7.294126437674882,-4.84732572815343,-2.332209215968052,-2.3400653330013967,-1.967590300566584,-0.2279325581651859,2.261552030224417,7.198734219882128
cubic,14.17393260154826,5.370386989587948,0.1425236497264684,-2.2558536769469413,-2.661714675481551,-2.266143421893984,-1.7022022396370775,-1.5438426016033686,-3.769829040530981,-8.045933813504641
cubic,-9.520827334405626,-6.302931949340593,-3.475060018355623,-1.8301552067157365,-0.5402001637853309,-0.4160984070500196,0.1615122524132804,0.8673165972329622,1.1417008756248734,0.7600076274165124
cubic,1.6795325735247002,1.72270086294514,1.6907582123433498,1.6815164691147857,1.4573152690744091,0.8940288891984582,-0.1615578567278274,-2.24998213189018,-4.908050432978122,-8.92579435089672
cubic,-14.54733184780889,-6.830724046617843,-2.670238102462473,-0.4160081830658604,0.122656973888986,-0.2054073925021275,-1.1380427530126849,-1.5799592875347437,-2.1033346307318155,-1.4025179791584028
cubic,-2.31514232769257,1.184107395619706,2.760759787619147,3.171148279251103,2.8716320736593337,2.272941340158664,1.891273722353995,2.3625540691523006,4.5535060407106895,8.297674226689885
cubic,14.212904149815577,6.625781782580126,2.768482016264885,1.660223190641647,1.3589555587287625,2.258389864518149,2.714650723765877,1.681182639881375,-1.947747365607928,-9.144514346454237
cubic,14.03523913857956,7.701639627229502,4.179770456518856,3.2515211194684595,2.275225006955231,1.573690585586209,1.1815680768600263,-1.5217178254459942,-6.114856187133674,-12.67090217265675
cubic,-3.268933868874072,0.5762362392078959,2.478399738801357,2.5896586456981034,2.165307134246657,1.2404738494096288,0.8377158244192962,1.7487433302926547,4.123847011856365,9.162596141148915
cubic,11.8776296181877,6.8904256819602505,4.237023349310869,2.72229601262182,2.22858114149559,1.230734345746746,0.845471901988836,-1.3988120420909729,-4.362628026340128,-10.15787219608762
cubic,17.824020461221682,8.32875252458134,2.7671141972970696,0.0926060196810449,-1.1073121191204358,-1.7536683007490383,-2.5736250305159465,-4.223609982181881,-7.990578811801519,-14.429786215507855
cubic,-18.20784862038321,-10.350983087040788,-5.133901912039411,-2.709748124964689,-1.5897986779407276,-1.730439425082595,-1.7163176550623704,-1.594312083854328,-0.9400818186063372,2.1550270465760404
cubic,-24.062208943015463,-13.602251881428762,-6.746730331340548,-2.929766750597951,-2.1042989697848964,-1.709775898452225,-1.312614116615363,-1.0977025919381855,1.0412962205893843,7.07210123626688
cubic,-1.4933265448090818,1.1443626722308295,2.852225574859304,3.260320297234742,3.4372151596607035,2.415824764180783,1.0555293741357097,-0.5455876699863839,-2.586214319967286,-4.839782242946426
cubic,8.643393480297181,3.828801816305461,0.4470121937081819,-1.0402282791950113,-1.4356514884554554,-0.5598049422520924,0.3094864398399644,1.87816096925084,2.9882622286936367,3.34989296516801
cubic,13.920643294571956,5.593980259721762,1.5640685520940465,-0.4268820812040018,-1.3361658849237008,-0.9864610098560832,-1.4671659508873467,-2.2899498645339893,-4.925938733486031,-9.429576412853296
cubic,14.293548302232114,8.429720791815631,4.319274789369406,2.603751229588557,2.379333017603847,3.083365202430627,2.196120316645135,-0.0973937819471508,-4.389705962058698,-10.981422427992957
cubic,-8.62592596826379,-3.6679178133573314,-1.0360858481205932,0.0071029857748918,0.577094506988971,1.022427951118244,1.0299770017944554,1.2402482038102456,2.5509151846373284,5.207999402198305
cubic,-15.429253476293828,-7.923928080562361,-3.24201663798534,-0.0714864807697249,2.50026719821317,2.61838745533121,4.020086935996006,4.111243745331074,5.879649732441609,8.162609098606918
cubic,-1.2471670000328448,-1.556665395962764,-1.6464780380435595,-1.3482065236594087,-0.8050428043635447,-0.1144051632089931,0.802549657863124,1.8740645654895305,2.7676350396949334,3.7818493378682367
exponential,-0.7040718518811557,-0.8285166436591525,-0.5814238168041699,-0.4357894128419581,-0.5738759557221451,-0.9317207211448992,-1.5553474552798547,-2.8060981800965163,-4.542434994618941,-7.026181100263619
exponential,1.4743496906016162,1.424943143520042,0.6998849767213156,0.6006173509325168,0.1487994394970492,0.6500228207339531,1.1165528140257748,1.799216807920788,4.386447644855846,9.062121784817109
exponential,9.16545719124596,5.7346956131687135,3.6168159721302895,1.9059091793452467,1.1014378130552684,0.3743157008485012,-0.4219109683200194,-0.8899380716860203,-1.3722904906138098,-1.786984784237025
exponential,0.3071032162624109,0.152309088579738,0.1616842161178441,0.1004041270234031,0.3010166211574764,0.2000219189686884,0.6159838874577657,1.0206759900454965,2.379055816482589,4.640632397466956
exponential,0.0141488299187195,-0.3033467334619484,-0.4714238168142606,-0.4494351707740496,-0.4437577480669572,-0.3346424421829116,-0.1665564681214996,0.0032985048320132,0.2444223647861456,0.4326192448927841
exponential,-1.8058516682416128,-1.0085480081297142,-0.5983766852906609,-0.4145774299093978,-0.3840483393024181,-0.4772433617679495,-0.6129749859493445,-0.7635539058810682,-0.9417325771399008,-1.1394813374123107
exponential,0.8462996359045957,0.7948402394863348,0.6346697149248806,0.4983631532088168,0.3404091067877763,0.0157268234513684,-0.3735793720995662,-0.6129838326932269,-0.7863249772133702,-1.4056118794217023
exponential,-3.00392010648866,-2.6760355658026103,-2.434506796167542,-1.4232791487194414,-0.9507101141200802,-0.3357849220369795,1.0808494458579163,2.796277046359384,5.032852352345712,8.674889155979324
exponential,-0.1867028128940727,-0.153273033726776,-0.1164842656487513,-0.0987005091806064,-0.0991740272901065,-0.1077954129854175,-0.1292030037167469,-0.1723695174435335,-0.2568898167751932,-0.3340182975471756
exponential,1.329510863345214,1.109189185629916,0.9275880275159096,0.904076377684786,0.6536216903131173,0.491819769034734,0.3183644064135165,0.1265785058246994,-0.0156670293714048,-0.1601953017477242
exponential,0.2589329665549608,0.2300990273438528,0.205483202591323,0.1924382159839426,0.1332415914807353,0.0832349399732567,0.0605709656170304,-0.0050446830956055,-0.0706350321358283,-0.1200601213281494
exponential,-2.5777506166146877,-1.8086646263387625,-1.3869692421229782,-0.6795185193094777,-0.2271545149850962,0.4941709643717671,0.8645500953272094,1.3215600741965123,2.1471376370146977,2.722474281138467
exponential,-6.84099526136274,-3.663933319890997,-2.117403444667612,-0.769688451816729,-0.0075986779364866,0.2406390719045747,0.1938374997176835,0.167736421147658,0.0225261825382744,-0.2938178517255339
exponential,2.7657180976325035,2.58247674496861,2.371554453129401,2.1889795196926936,2.0466532605920347,1.902792182513611,1.7974087750326269,1.6655059962708114,1.6000637972167069,1.557983805735318
exponential,0.60366722745422,0.1962603873436786,0.2364169421137453,-0.5205934835908124,-0.5207581068027951,-1.1186272512036664,-1.7658416976365334,-2.7520075487153592,-4.315598560732265,-5.686927930300641
exponential,1.0785943518852246,1.0642644114756836,1.0563412458337385,1.0493683736898471,1.0456099333890492,1.0473747272398302,1.0515637770397812,1.061818465979527,1.0740934351025184,1.093393538100295
exponential,-1.5765316439010502,-1.4930906425591082,-0.9346481732243336,-0.6236655582706052,-0.4190419773588598,-0.1153371692366536,0.1298650268910551,0.5433569838641732,0.8604367883407219,1.2442999517790434
exponential,-0.9914348929269096,-1.0259267117148776,-1.0231728656880772,-0.9710459339591664,-0.8933362290405037,-0.7661244076082399,-0.635729560659715,-0.4686713411125263,-0.2801650531418023,-0.0857251469710487
exponential,1.2145056474632203,0.6069067146303355,0.0147490581403006,-0.4209067898541792,-1.0223403099073405,-1.364133035680838,-1.5426638580874532,-1.9001103548237928,-2.314528169667875,-2.6271176463654395
exponential,-1.207575474710677,-0.9756845457123008,-0.752061347754366,-0.5555089144900224,-0.4065326009896448,-0.3214335884018734,-0.2536412992286687,-0.4316444570516682,-0.8634271315007542,-1.676337068172393
exponential,-2.851062473756232,-2.7257420027702706,-2.656445704769571,-2.537611888726763,-2.446376457581191,-2.377212285921608,-2.323306421399752,-2.278293215804265,-2.298121459328327,-2.242051022266116
exponential,1.286991159218839,1.239790170342468,1.167719865740932,1.0056516952475758,0.7588330380845468,0.3122960095665478,-0.3662525770161233,-1.1979503186477845,-2.620399924053262,-4.944792590214739
exponential,5.716910984530963,4.206173029238764,3.150415925621572,2.2367352210742446,1.6386361140445254,1.2363706258285572,0.40714830036856,-0.1838974224268253,-0.2510000967699066,-0.5792814785691698
exponential,-0.6140564922822899,-0.5167614088998982,-0.2706735256127001,0.1075478129774872,0.3162152469190749,0.7939890559152224,1.7797726502580384,3.004682325762584,4.854649274306824,7.006010761570758
exponential,-1.4793033430442373,-0.944443448830046,-0.918140014169888,-0.5548019651153473,-0.6567443216413131,-1.3323805473502637,-2.5541413630605176,-4.161295646508716,-7.813790481975368,-13.504554397349644
exponential,3.042077557805793,2.63287915313813,2.193217080771846,1.6397578469961291,1.1568974537796988,0.4904586951003041,-0.0376498829771226,-0.5557691257637921,-1.1509301840467467,-1.8929479137481071
exponential,-0.3825108578617905,-0.1439065148733173,0.359792125642406,0.7785874500900869,1.4218821313320966,2.21239092474123,3.3543353422993074,5.847424003293347,11.41355194763127,17.64035957246549
exponential,4.346761352643669,3.196947918944969,2.4470566914322625,1.587571357528136,1.0059660840019995,0.5893806052630117,0.2125444056562301,-0.1911974511909201,-0.4474051141262414,-0.6771623063393336
exponential,8.969533329056071,6.169999341199323,4.890036691388612,3.5396185235475315,3.094545401311492,2.6063395179056097,1.5299826064735125,1.571334363639255,1.6272626807092023,1.073210878997181
exponential,-2.3927181327910425,-2.0692951934727297,-1.7911699767738292,-1.570134854499011,-1.2878329031982123,-0.8692254357857406,-0.5312694661991735,-0.0856072321083527,0.391554285074051,0.9521852496579112
exponential,6.368163330759626,3.571164639878952,2.1862440504538663,0.9839200968364928,0.3879150461188896,0.2705078564225782,0.0537000275870455,-0.052071750310404,0.3994939169893811,0.3532122159634698
exponential,-1.3698581815561868,-1.1781774909762992,-1.2484136371651853,-1.288101889346711,-1.5265321101093827,-2.597193707263381,-4.95584571654498,-8.512136086229047,-15.274496968436512,-25.58990618672832
exponential,-18.06956275895721,-10.813475889399111,-6.699549924039228,-4.0544849551417,-2.459870321146508,-2.6892249664721257,-2.0972905913669924,-1.971700791659707,-1.8029089720919167,-1.9644791503795789
exponential,5.27016880431591,4.525738606775862,3.740523839035963,3.1941937638554228,2.5321058295836423,1.9351382796884091,1.3821634882317178,1.0661867795879312,0.6551220668616375,0.2200360237796519
exponential,5.774138278807048,4.131318417304186,2.8324124283682823,1.9351408078787675,1.5628051105412384,1.6158079828569851,1.4673086665220252,1.6298480817294638,1.7847236904412835,1.9387336944173188
exponential,5.415860453573902,4.72112145825652,4.388235354065154,3.737011144108969,3.366350500044073,2.7753125692478458,2.443881916923449,1.9728176884369204,1.5969491549602373,1.271802167729985
exponential,-4.1885244046274455,-3.924924796547242,-3.7803439597037247,-3.595887010543104,-3.431040695349987,-3.280428886508324,-3.014786169640522,-2.83517844664895,-2.705205673255292,-2.4879022945512954
exponential,-1.7013638073004271,-1.4042846397162212,-1.1238157025987716,-0.8934656595603732,-0.7862523134361927,-0.8036309320823773,-0.9976127174012064,-1.4795861163361763,-2.4540245022281124,-4.099444271299187
exponential,-12.813305132961103,-7.633977023796065,-4.700056962652899,-2.600755623736002,-2.075188309972012,-1.8938241818015704,-1.5192103064274032,-1.8153537156941089,-1.5758645052588496,-2.139846132483207
exponential,-0.1119892918888676,-1.1520819367750057,-0.9519990825021458,-1.959691355422989,-2.0788209545716154,-2.388950465057192,-2.9735493402934527,-5.413571598045615,-8.414687200752489,-12.974956793882608
exponential,1.6079651234063594,0.7156174130165749,0.1112266885948814,-0.3237034301757368,-0.6860287483513539,-0.9214145154167346,-1.0450468410551177,-1.2452110979440048,-1.4517330643196826,-1.4148803572353967
exponential,-2.8984669963582874,-2.644457494897821,-2.429320504677784,-2.306854500341323,-2.039352121116666,-2.0726418632702326,-2.3632123974271324,-2.9563391458886343,-4.344770166779474,-7.29476419970654
exponential,-1.2066547302835418,-1.129657009821314,-1.0928035897014026,-1.035795474354862,-0.988009952850776,-0.9595413256425832,-0.9147278869933352,-0.8518530811110292,-0.8243963886400008,-0.7887013522954933
exponential,-0.0432638357176017,-0.3324383017859124,-0.6737497696108294,-0.8313937519412867,-1.2922622113094713,-1.5251837602582408,-1.9220392191511104,-2.1803066317241178,-2.585815592839317,-2.908123585734645
exponential,-2.7871386450746947,-1.959227157080834,-1.409394161044328,-1.0281955188999174,-0.4148444168822063,-0.0380125827225041,0.1857566130089221,0.5619878142442992,0.764550950655186,1.0978830418472654
exponential,0.9282402038730442,1.060034510442475,1.0281044257981042,0.9737478343477376,0.7826967561958553,0.5619263447174411,0.3155679754700483,-0.0607793744792317,-0.3758452383099718,-0.7107280858648
exponential,0.6210394359477394,0.8874084213360843,1.5067139916725358,2.149272005932355,2.141734529382477,3.41142019716035,4.7549615030339405,6.625824233065578,9.758214633900328,13.86272906125826
exponential,-0.5872640295285725,-0.4233808173127435,-0.4975593486949327,-0.5180325498524012,-0.6151487671532776,-0.6135199405356226,-1.0313705176086707,-1.4294741956804509,-2.1182209115605866,-2.8718471561714654
exponential,-9.590724596384844,-6.531828818648966,-4.569619776248117,-2.309047558099385,-1.575238143269626,-0.7414365752719948,0.4641288175895922,-0.1373331166240208,1.4215012399113982,1.3191355310795985
exponential,3.421286582515749,3.26447846573099,3.1405372940523484,3.068699560735004,3.006598333965365,2.9786085005875265,3.011642407091732,3.116292166012176,3.3045122872848003,3.5616121376770047
exponential,1.0187338299120203,0.035033659240149,1.0017126784268666,0.7673336246258134,2.0452695333159867,2.697816646370666,4.342913863612274,5.747243601839398,8.28250307079482,12.63746417182085
exponential,-2.856214837770758,-2.205453256371131,-1.927955663683152,-1.7884740361915894,-1.7915740968122993,-1.9390581506992464,-2.102097628804218,-2.392682679109853,-2.599647507736809,-2.8779296782702004
exponential,-1.1406030673147227,-1.0288499532831368,-0.8559505406700817,-0.7112880892780733,-0.6392712489932606,-0.5708123268476719,-0.3665946634799097,-0.3096502081943604,-0.2225273968019201,-0.1684193206982557
exponential,-0.4333526546694517,-0.436640372340324,-0.917132483107176,-1.5466628373384024,-2.140043782512252,-2.53324641507217,-3.370084573742662,-4.254683796495958,-5.472724580087361,-6.860992202536544
exponential,-8.923678345461923,-4.9011953328042175,-2.701235187896448,-0.7636978046047627,0.055664868510575,0.2751276550469018,0.9665387907516614,1.3819389917455218,1.870152707839224,1.7375291065328728
exponential,-21.542322310437136,-11.537181172219324,-4.691108726554292,-2.403465462307896,-0.4040397252862331,-0.3680510580330604,0.1590833659695835,-0.340224383296935,-0.0510511667986497,-0.1523500094508897
exponential,11.029799137245336,5.032730583292772,2.0099109897270115,0.7091256385158989,0.0658029597973998,-0.4345608016004501,-0.7452388536822752,-0.4941091415256672,0.0472400570893632,0.1177475812763297
exponential,-28.329839254498875,-15.804015522410465,-8.551696216831333,-5.128015975570463,-3.1949166956809973,-2.9500373859425184,-2.1789534340032235,-2.0191539810971872,-1.857227715289816,-1.82483540555482
exponential,0.107648219706289,-0.3122702622006762,-0.7113180784163089,-1.0489308243448467,-1.5007915081985093,-2.0033423698588537,-2.389460333640677,-2.600723628299828,-2.9940338127741324,-3.386109448188545
exponential,0.9566582716137548,1.179736734204324,1.558869149868081,1.5818848932334035,1.752623115593222,2.3013856773195918,2.828110855730366,3.557754744729777,4.722362479007,6.09116412511179
exponential,-2.134938384342181,-2.1653119879445577,-2.2080200404603976,-2.245458268961652,-2.2780532060130168,-2.3324983322833504,-2.3720252101779327,-2.410775264668451,-2.464302423521992,-2.513705921773899
exponential,0.4354659066671006,0.326507904472501,0.2422032747881974,0.1271198321485429,0.0909671824712061,-0.0021976338362289,-0.1070628916175296,-0.0858909423632558,-0.142735060939537,-0.1621721517066709
exponential,-0.0192465234683913,-0.4650487525848569,-0.7083656176701016,-1.2770831079705696,-1.811935202434332,-2.4394184533783245,-3.367000929397304,-4.588357527814364,-5.676558440546559,-7.942485232028875
exponential,1.8095642292179728,1.7048540041443527,1.6572413739155174,1.557439755775156,1.7621909329732648,1.844659778408687,2.09629310064088,2.531154168684117,2.926979888392606,3.621559371100488
exponential,-0.017730457150665,-0.0827973345534943,-0.1472559589774287,-0.1938461495553148,-0.2661989295735362,-0.3304324992657508,-0.3756530061584231,-0.4306379015523448,-0.4861983816366813,-0.5437607961147655
exponential,5.451183446928383,3.185996947407641,1.8826327897809785,1.1667018994572247,0.5495142774649578,0.1320764064184668,-0.1608585475938342,-0.2927127547273178,-0.5779696595873014,-0.4882494113109249
exponential,1.4104132377962664,0.555768444054786,0.0182216687512729,-0.495411732338848,-0.7668080250135113,-1.1282983980949384,-1.3457074145084276,-1.4845893012797289,-1.745476452359465,-1.7667852241154527
exponential,1.615591649326107,1.4342363520205903,1.050907853254378,0.7704762839438244,0.4457458246542874,0.2652089161384863,-0.0451771935900582,-0.3135868800739075,-0.6611382614498343,-0.8090789861094103
exponential,-1.0555269385243615,-0.9871927475128034,-0.7566091653987135,-0.5296770920881876,-0.2245609810992987,0.218906001349225,0.7100387448408528,1.7258445521453378,2.8515156423867727,5.047884686569773
exponential,-2.658713269851168,-1.8340542129274056,-1.2709459300624573,-0.9544770153608186,0.0307704026013419,0.4321476226714171,1.6537299892238182,3.197764657815783,5.25927797399499,7.927153718002578
exponential,1.2469926394506272,1.2433472172068754,1.49382676560221,1.756411060366165,2.1627783720981326,3.0230928170135103,3.680482248947621,5.038160557358293,7.872499684026061,11.838395408495614
exponential,-1.016505181674647,-0.4669109238700802,-0.1319386019335887,0.3777050054350202,1.1365484781469342,1.5051587120878045,2.2887981205569976,3.1812190299566057,3.909883200985841,4.990530080246223
exponential,-3.264878138307829,-1.6590459588103783,-0.4537530840024197,-0.0103841886181666,0.3363970388981967,0.485326263364464,0.3905129994076684,0.1863320499646922,-0.0463461997183079,-0.3567778277017387
exponential,-3.694192485645005,-2.5851269638745267,-1.4969352966351128,-1.0403690999042492,-0.6003718818185462,-0.2239478504088846,0.0271628943551752,0.1128421116090839,0.6256105477602579,0.9669416537514534
exponential,-0.2009459212062451,0.0303556986429047,0.3366664870238353,0.6556824219637644,0.9881844880665316,1.338310559052566,1.6714756915879647,2.1154769186132185,2.674639831746344,3.256166210797729
exponential,0.94165794570367,0.5656073312455137,0.5449352163869136,0.2129696233729715,-0.2028995928265677,-1.0021766142747623,-1.6557838771793518,-2.754797372444664,-4.052592750828953,-6.1213553433137164
exponential,-2.130298269118631,-1.8851075597583935,-1.75929584976037,-1.688689606142237,-1.6331324016364834,-1.683395369855998,-1.687202413945091,-1.7439975338403413,-1.8285405470397853,-1.9034080483481368
exponential,17.02904566684027,8.442110252812075,3.3281181825189234,2.0648495944955143,0.8211709440700146,-0.0900713158192753,0.4140091200796782,0.4900365219440437,1.301564572162084,0.8253253359768394
exponential,0.5651276364371789,0.5700479275660862,0.1759124874666595,0.2957462689857373,-0.4289852266910107,-1.878618323080896,-2.7911978328616174,-5.467572065014507,-9.009404079615551,-15.981054282752504
exponential,-4.953185854372706,-3.8946606276473656,-3.144847337684695,-2.4553252002214703,-2.226443639025799,-1.9681732340111624,-1.824814610147844,-1.6087781632886795,-1.3814009393240907,-1.346854505322408
exponential,22.191149846458973,10.963173809591108,4.309643790862585,1.0654768448104956,-0.6201131889282999,-0.4713163626965931,-1.6311545812333157,-1.505361229825874,-0.0515982113408537,-0.5650664780661817
exponential,0.3472656527304972,-0.0281469269855718,-0.384451179246757,-0.8047349842230562,-1.1853344821010776,-1.527257062378398,-1.882516436280515,-2.2926374395997096,-2.436644138200704,-2.9135473042793145
exponential,-0.6914804776502566,-1.0317817022078708,-1.208183147310112,-1.3054281920496376,-1.3326393275167518,-1.327442510014675,-1.2602073786159045,-1.1963646536012884,-1.1172583417833066,-1.0167885500145148
exponential,-7.023671802016507,-4.860441003118178,-3.699460445342793,-2.7561347577563486,-2.437429509984509,-2.170310849358228,-2.195986558896432,-2.436760382140322,-2.342688760373567,-2.8387752363907057
exponential,-1.87955710222388,-1.578086311269864,-1.3566033543214304,-1.091492943864927,-0.914465424447036,-0.8544588251912543,-0.795020680138949,-0.9155504050640249,-1.335995696194897,-2.0497569785827503
exponential,-2.717993883164461,-2.3919084004921,-2.251793221583651,-1.896025274067899,-1.6787761924750384,-1.2702034257187234,-0.8084045696330634,-0.4402482009332442,0.3772599669511824,1.4048672362232468
exponential,0.0702862307344153,-0.1147151951589662,-0.3159838804830797,-0.47821659469416,-0.7045741942732324,-0.8726250702311138,-1.0777273033089176,-1.2974742474799477,-1.5431019550299558,-1.724457072656582
exponential,-2.886685278432822,-2.494706195135348,-2.197764217983637,-1.9622513192447613,-1.7840588329096054,-1.4868934418354751,-1.391358599892322,-0.9367054458409676,-0.6066301353663544,-0.4247937636871112
exponential,0.3553443623150357,0.2932084902735956,0.1518399831363266,0.1100448408092197,-0.1182211354678987,-0.215567175365472,-0.4984616319500845,-0.6215873850355247,-0.883344479225236,-1.0728247709646426
exponential,-0.6645532908055318,-0.6625452933284184,-0.6656394458482581,-0.6692344160841255,-0.6565578457132856,-0.6130853335939905,-0.5644148373662596,-0.5223928270168542,-0.4239184231047718,-0.3336482744594524
exponential,0.1182993430797777,0.322568742819266,-0.1933566775348606,-0.8350727253153523,-1.691181197521725,-2.7060002186188266,-3.9278155198205615,-6.045573494697271,-9.378294706069926,-14.06560592070262
exponential,3.108612726217044,2.7488667387509644,2.351375752096436,2.081628525260956,1.84519983616466,1.4933402969468244,1.227039459789958,0.8667916542760936,0.6723974507730007,0.2952635369940615
exponential,0.4096085800417544,0.6753719190555657,0.9177652388755908,1.0777463283900846,1.252899271828674,1.4130832461097915,1.581940707795764,1.6425673021105935,1.728100600469434,1.669738561218816
exponential,8.367642350088243,6.421785397423318,5.060637491134623,3.841856549518218,2.846897464399457,2.173475285617364,1.609111214737453,1.0334627509189485,0.5982026561213358,0.0659923331652621
exponential,-17.85506629712353,-9.953684778663098,-4.879156011266344,-2.015125775021434,-0.792190081971058,0.7440656344373497,0.7784636932806093,1.5009133601768745,2.2723128843253724,2.701669930395141
exponential,-0.1921151373839514,-0.0363569389932983,0.0586978710392073,0.1305346858959403,0.2738101857235951,0.3108929357463326,0.1761236831584206,-0.1353704445234639,-0.7455415193888306,-1.779606929857394
exponential,-2.058043146091343,-2.0644042902908706,-2.14110852962833,-2.143453762523883,-2.243882955242197,-2.336817161800773,-2.510452430702792,-2.776800407167056,-3.148175427961551,-3.6418738683867193
exponential,0.0826813527951621,0.3762677533983694,-0.000507915849485,-0.0842237449317057,-0.2114764402933666,-0.8431361368289332,-1.556359036899842,-2.4321252661299986,-5.115993240805402,-8.924734718030097
exponential,-4.938072522608589,-2.7506062167791594,-1.5379477727819355,-0.3897940986538084,0.2079534688894234,0.7402293020379018,1.450770475138756,1.647565349095501,1.9565560700598743,2.312337632580101
exponential,1.0247372001499848,1.3078054906372172,1.8560921161843185,2.2341919315508045,2.7438458575865803,3.3800853337692405,3.854655806214752,4.362146519353975,4.702717810276813,5.250048397819763
exponential,4.936357209959681,3.788732085109906,3.038064761080028,2.385818322423131,1.8955508529610312,1.2326167464893876,0.9246397659740802,0.2990223159889962,0.0601007488342211,-0.568323368838192
exponential,-5.105976528437104,-2.881427921929271,-1.635868770842943,-0.7774314975505223,-0.3718368507807842,-0.1649996450174813,-0.0011685807216253,-0.0870172695659932,-0.245101649251712,-0.5287598304996299
exponential,-0.3822755046320278,-0.6412040615815378,-1.17123432979648,-1.872667877858498,-2.8299074089168603,-3.57168890546571,-6.123138665289045,-8.877256091322584,-14.17529558527193,-22.612018889986736
exponential,-0.8139765438725306,-0.8737273315786241,-1.0870226770343767,-1.013497407643549,-1.5790960185940657,-1.956559645416054,-2.8014284812338173,-3.845956342092301,-5.8518844053368895,-8.393555274627388
exponential,-0.4449851030924957,-0.3958468968147269,-0.1725258416422613,-0.092902295598864,-0.0227181927728133,0.0972402777215991,0.1809956714770713,0.3345844995117224,0.3829913468521163,0.5249011125600669
exponential,3.38920614153381,1.3642115678900828,0.1414174273486108,-0.4833291825631428,-0.969349260908702,-1.2084311229791254,-1.392094677408519,-1.477149363337812,-1.6133886763575769,-1.6758730379863225
exponential,1.6460750813154177,0.6721780937840932,-0.0334590122793309,-0.5139966705842512,-0.9258568700876344,-1.2252088121763376,-1.4736039385666575,-1.6246263554142186,-1.8086727550953063,-1.9770986457709965
exponential,-1.9499216037885003,-2.005655687877584,-1.9323764999378945,-1.936320006763544,-1.6769419586250836,-1.5822688195656278,-1.364007737387499,-1.1665392484790722,-1.0071317887397095,-0.7451089691185154
exponential,1.7121650105424586,1.7265197010609727,1.4085596127984994,1.4342768948390914,2.419416948740301,3.2893559475536422,3.753245020874128,5.0534113967943135,7.622833820099998,11.47251013078161
exponential,1.09101610185319,1.217895964296786,1.3400104674294395,1.4889875598414464,1.6206594901470015,1.7136894842393706,1.90255794336438,2.0233803335995386,2.1704415035165385,2.3203824298368403
exponential,-1.7771702587250706,-2.7292086696795845,-1.3023396642954588,-2.9502743279761066,-2.516813998123761,-3.9947804968411114,-5.274611586606716,-8.922715476652739,-15.654356789349158,-28.15814429719709
exponential,-1.6164987662734898,-1.1275504002248993,-0.390864642358824,0.5870381134048994,1.1161915785575212,2.493427403030828,3.741812227185633,5.166502857217664,7.228211736735062,10.88787075431378
exponential,-0.2000388260498242,-0.0974144879595056,-0.0096893573509585,-0.0475351555619214,-0.0337999575964564,-0.0810712521422072,-0.2602785793428731,-0.4254398622770448,-0.7092900574472675,-1.1394898525142223
exponential,-19.499884931538595,-10.39357260474572,-5.178732414728568,-2.226164962779566,-0.9986930091304952,0.1593019755713427,0.8903366480646981,1.2339207296623962,1.6986282294000128,1.2108374374291535
exponential,3.018731062541105,2.5665651461242187,2.095828270048719,1.63090460594014,1.1679180536598104,0.7964585628671051,0.5554591110106247,0.0745986579712009,-0.3647477796311668,-0.4812243574133254
exponential,-6.075947238100702,-3.499375039590188,-1.6339210001032685,-0.4235081614977721,0.2566745209492994,1.3471554254886025,1.6527757212466885,2.1974360092274017,2.832045702217964,3.249502457902877
exponential,-3.338195506813232,-2.3913677742442494,-1.3974959417024675,-0.738422878451133,0.1113881386295674,0.2943598154630681,0.8024219037571937,1.3104813214194173,1.5596708977052822,2.05519539612476
exponential,-3.38933122632561,-2.8259007949710195,-2.164811403712342,-1.629674893989243,-1.081957726700357,-0.5440406447340687,-0.2050399577678453,0.2481438218969062,0.5742053293717257,0.8824309736339806
exponential,-0.8971932093873511,-0.7425585952107188,-0.598466621225611,-0.4935293261112966,-0.3994822916185082,-0.3468852300224326,-0.329757619313014,-0.2970909804594376,-0.2889670637892084,-0.2969133382422803
exponential,28.540466913084217,17.88646805653629,11.016237828718324,5.388797177798718,3.673115202339369,3.220510818955796,2.177954006396713,2.0872712322802505,1.2024936576492344,2.6588806870852544
exponential,-2.0063150370746703,-2.124196194791278,-2.281552043603481,-2.3873630325374977,-2.4786807359097707,-2.6066753703599503,-2.734614130035386,-2.8333767030062784,-2.988868744836996,-3.108645375832966
exponential,-1.7040747713171305,-0.8585598075630775,-0.4277835584001997,-0.5806119767838926,0.7465325492520273,1.5160719286216116,4.014179156725337,6.305738547555721,10.169592639741992,21.176037639147918
exponential,0.5962085986055091,0.0521189563090183,-0.6426503295454195,-1.0805882438084524,-2.0786796039061786,-2.919517316511277,-3.95412422945646,-5.296086462920234,-7.2035372567834175,-9.451013694366935
exponential,0.995144451791912,1.6605973431909342,1.7181588452422818,2.101035708225922,2.3222261726543345,2.684487167221614,3.542178789316001,5.264556052653707,7.967653743258437,12.18474595521102
exponential,1.6929708730736832,1.1665596343094204,0.6582451861034637,-0.0724572912633201,-0.7437298998339095,-1.3254573129791742,-1.9731089357103249,-2.8812565554953764,-3.756420692859279,-4.595963916241916
exponential,-3.205611274491469,-2.937609708030195,-2.548309943921286,-2.3076466955535424,-1.7363653815949902,-1.3352607182494534,-1.2548932651275306,-0.5265681685676162,-0.3792876736948535,0.1283647117335641
exponential,0.121900307297287,-0.1265513063078049,-0.3457223276230808,-0.541262186388424,-0.6906155958874741,-0.7841171636086178,-0.8182189167591896,-0.724964601050355,-0.5037793315342339,-0.0677863803443763
exponential,-3.606106835764181,-2.980959096845172,-2.7061310816360007,-2.1620763499750377,-1.8044266223946024,-1.1489412732932962,-0.903941256218446,-0.3616235976557607,0.1885183680597956,0.690563035898208
exponential,-2.2056209754756524,-1.9932293145666045,-1.7825084125634587,-1.5556012093639633,-1.35540665646272,-1.1531225222116464,-1.033440049020385,-0.8401892393753817,-0.6958717056404531,-0.6129778034256932
exponential,-15.611355403050538,-10.620290071529976,-7.102810561657908,-4.539629093446276,-4.568764764314849,-2.2735072439968027,-1.803278361652946,-0.9041866514438806,-0.1012141331079763,-0.4977773888504548
exponential,3.7580953443525447,3.43230682075142,3.133418591359879,2.8266663286503118,2.6244863749557275,2.4903638552502416,2.4326577627361186,2.5473665900716123,2.7986621640327782,3.323044022155023
exponential,-0.0510393898462072,-0.1192028839997645,-0.192410905684881,-0.3105028224509249,-0.3749455876472606,-0.5057813742792658,-0.6024151853881925,-0.6931202353126538,-0.7657737248758035,-0.8659548054333644
exponential,-0.4530073446881708,-0.3679450044695497,-0.3197315473670218,-0.240713140083121,-0.1649407840856415,-0.1265855664179881,-0.0607951722415398,-0.0240675231662111,0.0488269445528139,0.1028075270214019
exponential,-2.80307622325998,-2.395977066283103,-1.9814664200094336,-1.5911774742925542,-1.2387095920597695,-0.8703030811162411,-0.4845825906989287,-0.1292699346351318,0.3012391035758063,0.5669616650786736
exponential,-0.2103509388995051,1.3310613929313229,-0.4280299455550225,-1.9775782460856492,-2.050058459646032,-2.295134017622186,-5.326453148784662,-9.255181025639647,-15.522383038158704,-28.33792988702148
exponential,-0.8518713156806497,-1.173844930904016,-1.3344639257921245,-1.3745837829491574,-1.331037031116975,-1.2488345003936336,-1.1304022535824734,-0.9683235081888956,-0.808040242733827,-0.6222526145851337
exponential,-0.0818620380029673,-0.4114279575386328,-0.6423827503077199,-0.9574324979784254,-1.2624973513034676,-1.4824683703336368,-1.6864439769482993,-1.8995604816315876,-2.026983193749813,-2.1248146030613384
exponential,-1.890227315325671,-1.700101753609201,-1.4719787767067845,-1.2560070746356773,-1.0095682943314328,-0.7645706936338206,-0.5059134986307886,-0.2547001546341677,0.0609997917437804,0.3467346550119439
exponential,0.3929911886773057,0.3756827476534325,0.4385188368206313,0.5390800522009895,0.6760200159925521,0.8815635775501828,1.039259339018839,1.232074211914534,1.4107608116923982,1.5837235918479566
exponential,-2.802957607299841,-2.501057071120396,-2.7900518188911074,-1.959693808004864,-2.686633065707136,-2.7863569110069912,-3.583343641457121,-5.532084099274521,-9.322222506887636,-15.263494099970696
exponential,-7.947016680682685,-5.83816673869312,-4.074433608662337,-3.0147624901073917,-2.0963672979630754,-1.7848163316370085,-1.6437744165514363,-1.3430907913088297,-1.0011334455336205,-1.2337842605113136
exponential,-1.1034619185854482,-0.9408809350134208,-0.8505268020928265,-0.697893069961661,-0.272625456556387,0.0991104511914362,0.573171032304363,1.3188039427628448,2.2078561777711845,3.5283963729411143
exponential,0.9547753527238588,0.8280356937890065,0.7041952177437076,0.502441082784331,0.3058574616767522,0.0636652198275708,-0.2682529046518839,-0.8168176053840742,-1.6036535953443307,-2.908364875294212
exponential,6.508512830195016,5.1200271234152925,4.290552169699391,3.4568324992847126,3.3432835710362223,3.0235123817361056,2.79167103029945,2.812183710444544,2.874780693009233,2.74661906436266
exponential,-0.2908896639993071,-0.27897166754895,-0.2552204617661365,-0.2013986740243722,0.0359911219407354,0.2621294969526108,0.6380950495026511,1.2521013656459052,1.8656118543559517,2.7678770292940253
exponential,-0.3858527702669401,0.3507919670483684,0.5522214785855467,1.4200933765871395,2.103336329040493,3.258791567588655,4.895032934644217,7.562648915624066,11.339909925244973,17.06035082897697
exponential,0.4309791087623398,-0.1233790450933515,-0.4300877426353808,-0.6315247941539547,-0.7062694596395994,-0.7346929209110892,-0.7547266476419103,-0.736794088322559,-0.6946210373420345,-0.5883865110692219
exponential,-0.3730500972113746,-0.0614063708231489,0.0264310749594876,0.3125461508605224,0.7230494513077395,1.2755971738257532,1.8031077265748372,2.2460337519958853,2.910238729376117,3.940064639496624
exponential,2.731470087214144,2.071921645817448,1.6258656707748738,1.4152974817316633,1.3737862243002403,1.3789126815700017,1.512944100368725,1.7132173367816508,1.9495378094649136,2.157989101950412
exponential,-3.2633363888133737,-2.8486381238305167,-2.4404108561091378,-2.0580552744007967,-1.6744177750386573,-1.394709903079074,-1.0457028197935838,-0.8267148093258848,-0.6885165623237722,-0.6555877803319967
exponential,0.4166115230606596,-0.0872271510606261,-0.5303584095330656,-0.8194557989953131,-1.6083507725070023,-2.6700386725584533,-3.7087064052847327,-6.389424752495401,-10.868469762141984,-19.42969357248594
exponential,-4.541034608060303,-2.1512607678704394,-0.7021924571447428,-0.3183744897297187,0.0699461242845945,0.5123177331529257,0.5266405486112992,0.7246817584263894,0.8494923117975667,0.8357470062422186
exponential,-10.774300588774064,-8.020700909002876,-6.22362769839875,-5.054598714123188,-3.4758745019030566,-2.620435829781876,-2.5137131598145084,-1.33856869936168,-0.551613001594264,-0.6484236076984822
exponential,-0.4458697236144522,-0.3167656899239379,-0.7062355683811338,-0.804900083359684,-0.9840769767457,-1.4184324999022773,-1.6355235915760304,-2.465119329778585,-3.379765204548668,-4.40150193883706
exponential,-1.3266706514514408,-0.8343902467358386,-0.3803869652788182,-0.0967820869726875,0.5243310222125451,1.0775155556419052,1.949306000452932,2.8037440938302924,3.762824801113875,5.227252152242414
exponential,1.6021196112144511,1.3411948266071323,1.096647461392833,0.8992689042250095,0.7605982648683618,0.6829009630133093,0.7500940974376117,1.1024846616879342,1.9955763224909853,3.862770535017257
exponential,-17.95343851510464,-10.334407264356972,-5.697131905227369,-3.093013003365534,-0.6471825390566631,0.3571155414596852,1.4459728732280746,1.434036047911995,1.705542027826284,2.8055156977093128
exponential,-1.34359397260471,-1.037041180704477,-0.7453787752927084,-0.4600491637381322,-0.1873141969904629,0.0539195774355841,0.3368350304436427,0.546073803926299,0.7131824469174117,0.8833949219918418
exponential,-0.0522903201225208,-0.207676317106337,-0.6547397840841086,-0.9999805925899454,-1.3631063162418016,-1.9847496998100935,-2.524690821733229,-3.353368884012778,-4.807486302411737,-6.96792104547732
exponential,0.5690208314718486,0.8489104386619778,1.0455449084243102,1.4742630890329012,1.9348511961244692,2.2530080850291574,2.6258183157120816,3.1270349063980336,3.817527861016954,4.329875228128272
exponential,-7.47671883607946,-6.008505075489687,-5.021307620631257,-4.148303405957493,-3.565317025706297,-2.89639966323057,-2.721563365604484,-2.1273281954160823,-1.6888979951310346,-1.429113653226068
exponential,2.3999471616040178,1.974459340766206,1.423318499458456,1.116853818564942,0.5642936318020279,0.1664811061937498,-0.2999195207120724,-0.6930839020846232,-1.1553688659903474,-1.571847314917175
exponential,-6.658530407458072,-3.4265750567450524,-1.9786375003584329,-1.0907257499819545,-0.8578337408502085,-0.8677725571430377,-0.946301567858152,-1.1382995626987382,-1.4316855373321773,-1.642491120055673
exponential,15.091325268627577,8.532874927028704,4.639798863618465,2.171938720068241,1.1628380751118217,0.2737201187290102,-0.035062939027373,-0.1861961696486602,-0.1643669833070009,-0.1223220020448197
exponential,1.5120787646957552,1.3600493376803793,0.350269575789877,0.173203051077158,0.1827496026489898,0.5002841897662993,1.527355110844958,2.877557961731596,6.726992560999905,15.06098388971593
exponential,-1.7213959092469455,-1.392437446475611,-1.1651104343202388,-0.4793868422603963,-0.1022808757581686,0.5470917360413798,0.929670367280668,1.0722007115459231,1.8001677130827256,2.158282583287519
exponential,0.0563651737204162,-0.3383357032733783,-0.6328146695880942,-0.9982435478042564,-1.384542035508628,-1.727431581275625,-1.990483772742124,-2.4098090705084343,-2.807674073537582,-3.0731853586498685
exponential,8.764118215424697,6.564237667531531,5.045049431769349,4.1332399337944254,3.40642953588246,2.7771674568037583,2.7652571130885737,2.6357151844117395,2.5156288668231115,2.7436731352877306
exponential,-4.478894823520303,-2.942082327999398,-1.751825859763627,-1.0304850015560223,-0.6715603275295418,-0.0386366723700855,0.3927963466491636,0.6056916269644252,0.9386316417381612,1.2791658909078507
exponential,-1.9652082666052495,-1.8087763664761307,-1.6927666330481013,-1.4632935910029383,-1.215202268953836,-1.1031413734960418,-0.850003762761205,-0.6394655539436555,-0.4599021658989979,-0.3186500514948978
exponential,8.192161790110775,4.775227862346533,2.6564017072849846,0.9140963154969652,0.0468768425456508,-0.3476393773312304,-0.4479623377508732,-1.744776850265004,-1.6916182429386224,-1.5576806730921655
exponential,0.4873598523128019,0.4544653900944964,0.4614620818120329,0.5113506663244117,0.6200924475032131,0.6532476201328117,0.8159275039810656,0.9377009804925988,1.1275138141279388,1.386720348122407
exponential,5.696657269437067,3.852052828739992,2.781739516783946,2.004329572104687,1.9582864330968,1.1343358061515874,0.7709939503405316,0.6806138815435165,0.4416467821311373,0.6144240072737505
exponential,0.4575678124616127,0.1307496718843259,0.0200201759442542,-0.2286145857198708,-0.5578661879606991,-1.028038699228606,-1.3740958579403373,-2.1670525392553386,-3.027754905177591,-3.981699010690383
exponential,1.5138724683652671,2.220579456050749,1.147000212213246,0.6916821649085724,-0.1130973888495957,0.3339248897847408,-1.6051072312430146,-3.865698200940163,-5.394469903666288,-11.776063866327254
exponential,-0.2586326050648725,-0.3938102191456547,-0.515100567167805,-0.6409370334284927,-0.7932608723409464,-0.9181772730077756,-1.0789145001543683,-1.2446062203919266,-1.4388785220143516,-1.6097542758325585
exponential,3.041635998657877,2.622961215557158,2.331051162815225,1.939175231569892,1.549952364405306,1.0924538831148132,0.7056544338392559,0.1295622637624518,-0.4455203466184275,-1.014655150727817
exponential,-27.626552732318704,-13.99435211098296,-6.4967270444183605,-2.94772308041526,-0.8919137447916854,0.63735790559626,1.0704148601016386,1.2141023913456457,1.741194447236444,1.7936726156222893
exponential,-4.5697417988141815,-3.810173028548701,-3.2918576904617627,-2.6011239896035288,-2.399318512753223,-1.8826418819113733,-1.4840421154073655,-1.3137459967239842,-1.0732763726364556,-0.7298931809114384
exponential,-0.322109091977202,-0.5436240800992718,-0.9985742869338626,-1.370901991184993,-1.8907400670222945,-2.3486465027889576,-3.0006724523913992,-3.745467286656389,-4.679245808177503,-6.0334394038993215
exponential,0.9254761492098874,0.8376701150755514,0.6487311175450571,0.5495238393035397,0.4453454065722084,0.2928756721571025,0.1506364887945719,0.0830284468158905,-0.0722249704800293,-0.2153296050875511
exponential,1.294521412187055,1.0056877108584428,0.6543928157302673,0.4148085520155264,-0.1212011585446418,-0.5652315002005721,-1.2341082105058063,-1.901420238243761,-2.922593349347545,-4.151375364514378
exponential,2.74896559193739,2.210837827499754,1.7528948097080432,1.0402744542221591,0.0236227091198321,-0.7303113194893831,-3.166840306191436,-5.752742268355137,-11.597438840246642,-19.023996986513
exponential,1.1177090890038863,0.7994893728121617,0.5685692857013137,0.2985822742466377,0.0564649796614217,-0.3015870312419667,-0.460008281591007,-0.8615830160445951,-1.0833177890755228,-1.382453428377932
exponential,-10.800881428882082,-5.603242246009878,-2.8357150803708056,-1.405734823928955,-0.6590957928534599,-0.3372880143186351,-0.1649878180686014,0.0074932374234365,-0.307999367303305,-0.4318919704265063
exponential,-1.91819392976107,-1.5626608875757184,-1.1788960932708656,-0.998003041807734,-0.8945251296169687,-0.6858803362107957,-0.5243103311920491,-0.517587970692407,-0.5380434321314445,-0.733932128017954
exponential,-4.647366766775588,-4.107791289502773,-3.019052657267444,-2.3572634167626587,-1.5994160099822714,-1.0408379098285456,-0.5676679276595107,-0.0576011082884915,0.5484657302272029,0.9735592765686718
exponential,7.355966920856926,4.737789310942141,3.5923290539120507,2.674364610047171,1.7256476279082549,0.9005439368216062,0.5543651647818162,0.1348750828003861,-0.106384821556291,-0.7410928080001352
exponential,-0.3839348248259234,-0.22501305577861,0.1321148209152389,0.647807906366831,1.233549892735262,1.833164335464192,2.806956821888342,4.185932367552176,6.545823827146968,9.931057257764015
exponential,2.9763233460512297,2.9365788083609146,2.8706378842736218,2.9103181523647725,2.9991864391333483,3.1898002659652795,3.423571430848008,3.872073660537963,4.411845433126909,5.18811285952025
exponential,0.4987929891556716,0.4931886280041595,0.4918563840133554,0.4918956881147664,0.4898332095719035,0.4935080247412498,0.4978070087244234,0.5060510674550245,0.5138451873448766,0.5208375187918806
exponential,2.198031219063206,2.2004003585933045,2.203082313305323,2.213258730694126,2.225639847440535,2.2357779146911456,2.2533927393729187,2.280131737347866,2.3037500172635537,2.3279600831799936
exponential,8.348261423377854,5.585383752253844,3.614945199885234,2.084205362774407,1.0956422683582387,0.7498283794468859,-0.266768430039381,-0.5735783436148083,-0.9528833363493092,-1.4006336968259363
exponential,8.118356137695775,5.424182650515473,3.7084522055559295,2.7461718040311376,2.0823073477709397,1.8254461009231544,1.6630653084291682,1.6148627043667965,1.6771839315018109,1.9658742493846129
exponential,-0.4078961757128986,0.0268088029777964,0.4334825079209125,0.8357749625615005,1.244008462891007,1.6943347149154515,2.1397433814097293,2.5997805656315567,3.112652096181872,3.684190371460416
exponential,3.4245076350041157,2.972328854523295,2.4879178411184624,2.2030553395377543,1.7739012616271137,1.1216845882599038,0.8887524982729491,0.5807709020038148,0.0945981130977244,-0.3119534503226666
exponential,15.505054004778495,10.604939205424024,6.7969422844298695,4.480424870877938,3.809658995966948,2.176741254897768,1.8741110896424853,1.055037098741115,0.4973671783664944,-0.0130832749246816
exponential,16.760526320678217,10.05609905121633,7.352812096736159,4.513786726420664,3.0112893791749777,2.8847651508799115,2.3444026837354923,1.9902279999819723,1.8950052483928024,2.08761992134467
exponential,11.129847336052622,7.86225874333232,5.64217083043336,3.913579981786981,2.652392127166795,1.9700173129201348,1.3245113622305495,0.4660521648010957,0.1038559877058315,-0.4042193320154444
exponential,-5.773646531766364,-4.796230532726473,-4.12635660380252,-3.679158011630309,-3.441594226404024,-3.260285065948492,-3.430571384274365,-3.4759966624611427,-3.6479532358853577,-3.968320742795622
exponential,-10.159498527170388,-6.261868922708933,-4.097640142077662,-2.992521497233864,-2.486219668796484,-2.328475770979081,-2.221770127939348,-1.959511600216134,-2.480552522112077,-2.013935588373019
exponential,-1.8824435236238948,-1.6921381428784,-0.5567306163331849,-0.8435379983770275,0.1128471835375525,1.5959964419732229,3.1911925652912907,5.276308122545321,8.665002704837429,14.363454691479
exponential,-2.0977956193886698,-1.7460354809813523,-1.4313257492081983,-2.1407560263033583,-3.3122139135772963,-4.388509781642126,-4.663191361310648,-8.843739399990596,-13.435251426144797,-21.28376154570189
exponential,-1.8334141964598984,-1.774526293880257,-1.4119447613091198,-0.4399885916306899,0.0342125102839256,2.1014456224934017,3.963836890028124,7.349257241141886,13.437009957890409,24.28537111000213
exponential,2.264556802929647,1.7341204949011255,1.325372187473166,0.863868078676074,0.2878986069894589,-0.1987226080330458,-0.7644987203173589,-1.3002605457629488,-1.6278154132460605,-2.194563943704969
exponential,-0.473403796528028,-0.3301613910559277,-0.9415045304951796,-1.1611896902685273,-0.9989638680724058,-1.8626553174389573,-3.018092555882697,-4.562239845888271,-7.171789799492318,-11.236190130506468
exponential,0.0486181640394298,-0.1611389811876027,-0.3159943498849613,-0.4598402687041773,-0.5406563655861016,-0.4890518579402575,-0.3951214614393363,-0.1741873434419268,0.2250360972720214,0.8643766332614585
exponential,0.662100615906815,0.7833412916426158,0.9639002410728142,1.0646056032431412,1.1896020342165086,1.32208197909656,1.3386875440615549,1.40617663792798,1.398209536552004,1.3082290508197878
exponential,2.352793341126426,2.1094649737043505,1.7869961195043933,1.443208517075589,1.2785089548152353,0.948536961504709,0.7560422561725091,0.4636455683868075,0.2400772512051759,-0.0943742736384678
exponential,3.6616729014659097,2.602139012032455,1.8139973876743625,1.2991046931277823,0.8913768577213699,0.5445819465782605,0.3684073746961577,0.2320705351086495,-0.0002456303967354,-0.0076056444459847
exponential,0.1772414817829315,-0.1267168409564733,-0.4328251395755805,-0.6331689731389976,-0.5334690863057838,0.8725583427568665,1.4604309423731716,3.614091595273076,5.9554896162109285,10.748744757999654
exponential,4.284206123135792,3.9714630108590665,3.6450291504958896,3.247591399062996,2.95442929234256,2.703198043430345,2.492653447505166,2.3107287094427376,2.132168930910386,2.0264618767572453
exponential,-0.9140559340079116,-1.0387051458660457,-1.195081789734999,-1.3329785771684484,-1.4651170020940243,-1.4800879177602722,-1.271509583642882,-0.6723274560213329,0.5423551351739122,3.285480612123337
exponential,0.6378101873874293,0.5195592060563652,0.4128859304848347,0.2067799306986338,-0.0015586075727943,-0.2880519588024133,-0.5601399417302091,-0.8509397986763909,-1.1401428560681148,-1.458772630500195
exponential,2.4888086022277705,2.4794957120821848,2.47700614558825,2.475169627744769,2.481031932634895,2.4935712824471143,2.5041601227322428,2.519300463797812,2.5401388137992638,2.5616838680721146
exponential,-1.8133086459902577,-1.659971079735614,-1.6390413520313538,-1.5495967723126634,-1.790502848580586,-1.98501933368503,-2.249784057135529,-2.898107249515757,-3.7395482272977536,-4.989349239350071
exponential,1.868463357636151,1.983427895909348,1.659923406961554,0.7725918058702035,0.333225554084786,-0.5462135746210959,-1.1953555051740723,-2.9281301075010786,-5.575588969421585,-10.631484896054308
exponential,-4.452837087424975,-3.4491016323372783,-2.734775394820397,-2.0395162027906344,-1.5363676138461455,-1.0819230110913185,-0.6225920029812728,-0.3606065451617417,0.0506617962102034,0.2652419167972071
exponential,-4.857249992192806,-2.401735052957734,-1.1800700115712563,-0.3952883280928639,-0.0903255112805751,-0.0631083511726442,-0.1892657975837745,-0.3795920070364137,-0.6328183717084813,-0.9667785372444542
exponential,-0.3985010295495447,-0.5487092285779124,-0.6940383131676443,-0.7568007241362495,-0.7860223974367895,-0.6954641795336759,-0.5700637510665423,-0.2335368404321137,0.2577196497674344,1.126050290157776
exponential,25.147112062983677,13.652887898249949,8.003083829339152,4.274396521589238,1.270506039562332,1.1095802287376282,-0.4254856411512799,-0.1564670437395468,-1.1394958210363373,-1.1660426892671962
exponential,0.0889322464877803,-0.1451340848853193,-0.7868783084533121,-1.0317610121786704,-1.7423406884076496,-2.2190938917809406,-2.8038491473387808,-3.5410513237791754,-4.646718785791848,-5.700891018450778
exponential,-3.4418577049453587,-3.2727904586613588,-3.1166597743439,-2.993578497705771,-2.8304205675447576,-2.6434807081636094,-2.5334267107346733,-2.382933166938253,-2.2684269900108114,-2.088156551983296
exponential,-5.554185158683245,-3.8997253872859616,-2.381181170844198,-1.46055427218111,-1.0363807172466526,-0.8682091649609835,-0.7100096997533247,-0.6884910121325339,-0.9712232859623062,-1.4335993495280914
exponential,-2.2226097595502843,-0.6617537461912685,0.3675657058413437,0.8966612303592871,1.2101418951527805,1.4483936058293934,1.4697052343759187,1.4109556091125472,1.3577386826975542,1.301156658310338
exponential,0.3720510405771563,0.2067554911588408,-0.0491940380681715,-0.3851516144096791,-0.7373377892469347,-1.0490834445985475,-1.3778955574244942,-1.7046409771512352,-2.170007490680813,-2.5193510048742422
exponential,2.3762139670479137,2.308681231252975,2.2763064445114347,2.2637146377856183,2.304026101123429,2.351644015821888,2.4933369249488875,2.68252896393958,2.946169864785237,3.36045835434482
exponential,2.8009386091838966,2.364939069275162,2.4273186377177094,1.8362466312912349,0.5699944045639677,0.0615743328866387,-1.5597592549378412,-4.69638368581382,-9.089660642645768,-16.565491198983445
exponential,2.939949219933643,2.42423556979237,1.9494110123072936,1.5156556151107188,0.982411813943698,0.6134145089763816,0.1574935786724708,-0.2571952584257185,-0.6200667687933791,-1.0155888467958714
exponential,-0.153139027370313,-0.2592049267753034,-0.4944905648770051,-0.651180135609967,-0.8080404934427396,-0.9902435618495098,-1.0964322388183765,-1.389562907143176,-1.490337657200714,-1.6120808920332597
exponential,-0.4420424083660154,-0.7044539834827356,-0.440306753482432,0.3420535416653935,1.1034887475309474,1.6985580511776075,2.9433496689926257,5.619218742351314,8.111336900057536,13.222786088025083
exponential,-4.582434109862224,-2.85485581796504,-1.547358306955696,-1.0437315187044334,-0.1743637635996456,0.403638065773519,0.6651375847840982,0.8908336888395695,1.231059485703668,1.4072167420148078
exponential,11.367100263990274,7.781653765146056,5.48528336734328,3.810616485447572,3.0430196371284373,2.4718993346878344,2.099372108904879,2.2006437333313587,2.042009254286784,2.2729283120805763
exponential,3.470956563739521,2.4780415671130784,1.1652014885338164,0.3594520523126804,-0.4508586790111476,-0.9836025007663806,-1.4748570345388257,-2.0449854478406766,-2.7704548286935595,-2.933169878480235
exponential,-2.7718471143027874,-2.6866572282956875,-2.599528900526353,-2.496736872114636,-2.4346725994344114,-2.3254853022233783,-2.2801160321817098,-2.211645285292867,-2.1386710492081256,-2.101899306966565
exponential,-1.189501067910963,-1.3789502752236282,-1.2572955298807138,-2.0441299902979284,-4.708554872320883,-2.9257982851348228,-6.766447017261992,-9.695318947942033,-17.140794816573646,-31.28601329360567
exponential,-5.40964077855697,-2.6789384793135063,-1.5568910190717011,-0.9130870805315496,-0.6657626350377801,-0.7096280160485051,-1.0835543687194322,-1.216433598714836,-1.5119021051200616,-2.077547692745801
exponential,-10.936005493323703,-6.886527958947593,-4.206279846716908,-2.595290604487944,-1.347509223114317,-0.8080744198100849,-0.8219032689630601,-0.3918499463125963,-0.1416527370036579,-0.0658985479711986
exponential,-1.9476381786968209,-1.9141958844982192,-1.7891480026925122,-1.7626923464682216,-1.8171510478452209,-1.7998746577323328,-2.2734544481104044,-2.873852166357546,-3.903309455252887,-5.98422769572277
exponential,-1.619911156558307,-1.3264576083714827,-1.279415352740907,-1.5828802429471287,-1.9618621804860263,-2.7822183356415744,-5.013923681029838,-8.855511778790216,-16.185807964567427,-30.663478629397098
exponential,-0.2483845178683799,-0.41716487423784,-0.1774328363185569,-0.4508550590230845,-0.6144553006352766,-1.184589544400495,-1.7714969895367427,-3.681045532033082,-6.064059252229302,-10.376009822166075
exponential,1.6648489049363615,1.3325871767590471,1.0666443249427608,0.8992336414932539,0.6855412948865834,0.4050989274867863,0.0650503523380562,-0.3222704946452538,-0.8668912672566983,-1.6921152744682313
exponential,-0.8746253231787863,-1.1490463707705447,-1.5330632156659247,-1.6787362668568375,-2.043746323974104,-2.5779267958744074,-2.9552856002353254,-3.635008607792407,-4.516757584202463,-5.736791158504681
exponential,1.5757683764266446,1.2677881879056403,0.8406599623919131,0.4184011115589102,0.3432709269737645,-0.3596830365343837,-0.5453392862114459,-0.9424315696775428,-1.1130957818735716,-1.6075870312993352
exponential,-5.373514379397179,-4.244529329575082,-3.357683083022602,-2.4954300381605234,-2.1179452117143835,-1.5164742873245896,-1.107474945547771,-0.3667444433382387,-0.0227348718099841,0.4827795669039942
exponential,-1.601676887049573,-1.4860733795773446,-1.441011339537283,-1.367861433107307,-1.3355778125693905,-1.3386223498459593,-1.380024402087091,-1.4582280385575517,-1.558642064213331,-1.7502017119686792
exponential,2.860522398276625,2.5230441470772185,2.264140084078427,2.118022038718697,1.913694090386656,1.675760615544437,1.478201637806157,1.2646867058021936,0.9844336830747172,0.8508406433778675
exponential,-2.2979492207598646,-2.2258197478295787,-2.067915108205929,-1.963893341983752,-1.8223903498914076,-1.7025235893281208,-1.5977922123508774,-1.4710219868535082,-1.351780041763551,-1.2611942895587531
exponential,-1.1140686423843067,-1.021997197586799,-0.9046590171450176,-0.7969974201080888,-0.7245775948430014,-0.6318810821680177,-0.5558931507393793,-0.4679955222701739,-0.3898700909470453,-0.2990373779344237
exponential,-0.019229842609574,0.0588967608655637,-0.0181704786746869,0.0339526084844588,-0.0629156065608352,-0.1937460506373529,-0.5386499197581346,-0.8635278071529446,-1.5842524297953364,-2.612315411002512
exponential,-10.87605373204065,-5.416165690904975,-2.425263666238407,-0.4732433227973803,0.3261233799993449,0.3634933119588407,0.7596815628046202,-0.2106804222666486,-0.2446097639111423,-1.1806235597480954
exponential,-4.269308381703597,-3.721946636095921,-3.179168237565265,-2.8486727286837823,-2.3552115847975177,-2.130247289160899,-1.4822432414936508,-1.0454630595979606,-0.7608173161920266,-0.2872896235444847
exponential,-3.5388254318654955,-3.2716329022423305,-3.0285639206021333,-2.8237678775516724,-2.662712173147721,-2.517840031903497,-2.450724668586453,-2.445613647815612,-2.520110695630844,-2.6835769537638914
exponential,0.8034376874025944,1.0042915932157133,1.3474861234903723,1.6471999199670253,2.146135153559138,2.538233011580004,3.2101041143609783,4.0288198198136085,5.230926259268199,6.497870856249492
exponential,-0.0976974351907647,-0.2980672587278366,-0.419530704817135,-0.584078605612157,-0.8140358731461177,-0.975520844160278,-1.132976988700631,-1.271679222539401,-1.4872936129073375,-1.6278078394752509
exponential,-1.4071484628779145,-1.386831371827335,-1.3670562584375765,-1.3528463600631888,-1.3316953802874063,-1.322117138861847,-1.3094570129827812,-1.3007564683788082,-1.2958224867865709,-1.2875339616821089
exponential,3.816120851148046,3.4054441306641534,2.698621272950405,3.0102818764270296,2.959061578474675,3.189602553757013,3.854187319806768,5.067224417714194,8.246040681788015,12.97823839264766
exponential,-2.7463932336395347,-2.413333777017467,-2.285612885137947,-2.052990644302652,-1.8999814480018749,-1.901293100627242,-1.9348273910590152,-2.074969768534404,-2.353030424274722,-2.736705264441221
exponential,-0.4372105515289606,0.2121456727810667,0.6550320039202217,1.3424205675359104,2.2279965848276544,2.9335347621487733,4.139112089436918,6.386287227265281,9.385509058726742,15.056352234801512
exponential,5.14904885845841,4.42610570204117,3.893887781262792,3.4412329669205994,3.0156304215611005,2.7022801153881484,2.512336339091104,2.434362338488337,2.3299029105389355,2.275962891235273
exponential,1.1722735786337648,1.7299895812627497,1.8347397561159653,2.2934590848322,2.8352582266935507,3.1955650492978407,3.9286820997571006,4.647324497004748,5.324824885977167,6.54614548664221
exponential,3.64327344797578,3.4136751043110984,3.2126691859425813,3.0576727537587485,3.00998198361848,3.026594130828116,3.102009328099158,3.4590845442140603,3.828616796717815,4.599969570911524
exponential,-3.236813729651392,-1.9161873238222744,-2.688523628977578,-2.2209568354516,-1.7588427731396885,-2.7780391395655566,-3.554768625717085,-6.695608389021511,-10.241207478151871,-19.25955376390187
exponential,-0.1513300002881756,-0.6771741767641157,-0.4578877427187794,-0.5253705720955333,-1.2197210455899514,-1.8608672440431075,-3.001963250645637,-4.937806452461694,-6.494728822080222,-9.597714242836114
exponential,2.5971100263642706,2.6173459010219755,3.2276564594120543,2.9406681386902345,3.645795318788514,3.7143041743926526,4.790419332981308,5.898448008901895,7.774308151436142,10.195662934166098
exponential,6.02421697870616,3.995967097234597,2.9547002364672155,2.2512715150690754,1.0221729386576006,0.6392862138245424,0.2815883925949916,0.0421209777390063,-0.6638558562054445,-0.875703405680407
exponential,0.4387697322998128,0.3408625853372313,0.1486942657911873,-0.0189885203458376,-0.1273636911106935,-0.268531163905072,-0.4816314493828846,-0.6543294243375847,-0.8988325139707788,-1.0697381059620112
exponential,0.4122645913647086,1.0300347555967804,1.4711883675099076,1.6156555880603567,2.8306318016980003,4.191480429646286,5.1648824777338245,7.856226071516689,11.64641893717272,18.153828923212306
exponential,2.344592424675457,1.8294149473247456,1.3133818687031078,0.7958846274807523,-0.0426030953298757,-0.1941254158010364,-0.8404958238580048,-1.28808506562905,-1.956066368231724,-2.3089802427366406
exponential,0.1220747849225247,-0.1771381051627945,-0.3952707248417581,-0.5863496297159646,-0.815316685789536,-1.1730093776500965,-1.3616574272913071,-1.7399421651261828,-2.0297134869687525,-2.3369502977330554
exponential,12.263455720488276,8.334867180083169,5.914626380210478,4.407306027391635,3.546138177326551,2.8377456618589045,2.745853850219244,2.5767743758144315,2.3340150219117577,2.4001145621254905
exponential,0.3850254318055707,1.025382647673729,1.3388141977454393,1.4948886630498333,1.5046527384370991,1.4283487009847289,1.3016773555237382,1.1349492807022843,0.9574954915926568,0.7559928013194585
exponential,19.092968048934,11.243646426202517,5.519968138437545,3.0906760452264552,1.8929055118652351,1.114189508605271,0.1760865794444853,-0.4550199066670276,0.0583379597339978,-1.3650912265093234
exponential,0.6319296748662513,0.6805755898429552,0.7686995275290374,0.8883741501591593,1.0646616925036572,1.1792049745612465,1.395465923734521,1.5900039342145498,1.819865546555268,2.0380595317116854
exponential,-0.2952845743159752,-0.5408141112375828,-0.6562505843131624,-0.3654043852965462,-0.3359591543452271,0.5629496195151494,2.139481396711229,5.922753833296579,12.522331110988556,25.793277701872604
exponential,-27.667604432833198,-15.70149862948358,-8.942700088602113,-6.350795077366114,-3.8822084078099537,-1.901629496053428,-1.2700685322188827,-0.4260143881166354,-1.1364763623426055,-0.3859999303196288
exponential,1.8548108584685163,1.5077329516631846,1.0520823777845592,0.6987450202178789,0.305848496048167,-0.1552936827822046,-0.6958773525068318,-1.2657303616001705,-2.026300985828251,-2.8471675076684395
exponential,-3.105175181488246,-2.5111827661777157,-2.050177036704321,-1.6882999839430284,-1.5366011090181444,-1.3913386396427254,-1.344107565515018,-1.2673989451680454,-1.3172349647082993,-1.39173361508065
exponential,0.1897710840441379,0.8536048732738979,1.281034870609348,1.4997999401682962,2.181243516627644,2.8207149037131654,3.478351512614991,4.249829769677031,4.941686874163029,5.746855654813513
exponential,-0.998860036221627,-1.0273502920993145,-1.051736701212581,-1.078762477292022,-1.102065551022526,-1.121617045518525,-1.1407563556962983,-1.158372107686577,-1.1788362284021174,-1.1909779721686369
exponential,-1.827301594464705,-1.9720990299023773,-1.2410308404340007,0.2888686923706857,1.4701441895990548,2.057092655391114,4.183413416110664,5.56959415975135,10.052747168854042,20.012255569897647
exponential,5.18214571653292,3.698857527040389,2.668196780840344,1.8011096275256386,1.1954240411239292,0.6484923935838189,0.2663903007218688,-0.1296374086965759,-0.3974110056629673,-0.7278661144360421
exponential,2.2629970626065403,1.919891481636248,1.5216116073957555,0.9285194327002968,0.544857996629,0.1842073873288524,-0.2835584383843719,-0.6209661411471372,-1.033348334279287,-1.4786136631345574
exponential,5.793142146637367,4.402527008757814,3.589393283629518,2.822372241422252,2.2223954915787787,1.6856917976186934,1.0710344476180913,0.8850558654769279,0.4927435338691854,-0.012010031771337
exponential,-1.0114134433402908,-0.7522477545037222,-0.2593908741325308,0.141247726028167,0.4980863470932122,1.1272150354001027,1.7245777766326449,2.5022513247385723,3.2277064300537504,4.289135184701644
exponential,-1.898754366205817,-2.0989937139877277,-2.3676934340632863,-2.6356308788351304,-2.884117679864532,-3.052941520256171,-3.4107805000603206,-3.8225005043785054,-4.081592184898978,-4.594116251190286
exponential,-0.03552547584048,0.3067384706635808,0.6624431875563712,0.9509500339510067,1.399138595054802,1.9114016018083824,2.6756391827609884,3.577866679673841,4.584898083655085,6.233322103647235
exponential,0.7727508240759376,0.6208240681963031,0.4914323987693038,0.3843977515821128,0.2808999474733254,0.2263051665595774,0.2104996874518271,0.2595137740553191,0.3348464408724398,0.49100242947835
exponential,1.907929243971856,1.8703965541662717,1.7357520564293376,1.8268693524842328,1.9327335207491976,2.6121493752147367,3.252931268600272,4.291922360251911,6.573192409101782,9.67331482501668
exponential,-2.858576827434809,-1.7217636347512952,-2.057167121578854,-1.3618328746528932,-0.3362172452643384,0.1814085341320041,1.3616755908596292,3.517403049381404,5.801038829089628,9.330194624990604
exponential,8.087669348010227,3.780788635815765,1.9806767560387617,0.1463771945179744,-0.2499087023931682,-0.881005953970387,-1.092721356072225,-0.6235788603023922,-1.583781932664427,-1.5526372022746562
exponential,2.461233713816681,2.3451396153060298,2.2881181060649656,2.225112680561068,2.165294613435873,2.29594108858941,2.5548906126332547,3.015366051871992,3.8409528193959694,5.400472355564456
exponential,4.832312476313602,4.592519864143081,3.586454144479555,3.42845437233379,2.9718677323126728,2.515995274621124,2.159988039151659,1.6939565763083522,1.218038632630282,0.8345302283812821
exponential,0.4091902485888885,0.0201734375906871,-0.507745411000983,-0.8706399879401006,-1.2915653739747632,-1.8856763138735075,-2.204345675314801,-2.6233306324148997,-3.0284834380166594,-3.4829474379368124
exponential,8.19355538593333,4.853385524347993,3.132285382622386,1.8217808869711845,0.1067109960771853,-0.6314782632889754,-1.4960163718370747,-2.149662056193446,-2.4388383309531787,-3.122653509228596
exponential,-0.296101097427171,-0.1305771661892304,0.1825177725361069,0.3090375592197784,0.5955041918889872,0.8257006050236483,0.945395164418651,1.1643525369444074,1.2132946540517668,1.3844324801638677
exponential,2.934001447643879,2.569724153921296,2.1750093116858293,1.7706225864888356,1.374491478503491,1.0303824987523635,0.6380911555616656,0.2807292589205522,-0.0771887223064634,-0.4355550269673009
exponential,-3.548337626132095,-3.1183812961543915,-2.7884888198259272,-2.4336981650794005,-1.958972764668424,-1.76727618220544,-1.3310592169461486,-0.965523091266763,-0.5745916323677381,-0.3200053179540427
exponential,0.4965550554990897,0.5772801384329189,0.388299519325372,0.3126901035396345,0.4773906898344256,1.0172207382755698,1.2673837708071898,2.64649559708756,4.277413977006481,6.660733797249506
exponential,-3.702531611625594,-3.5867469000068346,-3.411870791896612,-3.2970512781712062,-3.134555108456389,-3.0669138926580266,-2.952101841724555,-2.821656301937105,-2.7165704231421355,-2.609749217078591
exponential,4.428351532454363,3.425180633904533,2.4139819237503346,1.9103595267897129,1.0546879901173614,0.4968599069386333,0.0807034234143208,-0.3951849821878243,-0.8632505078533662,-1.2302986039222554
exponential,8.325103724671084,5.117762710061821,3.0448275091244463,1.538061276463636,0.9505679983584172,0.4141488590223229,-0.4416995321542468,-0.5910810098233257,-1.1511371481784818,-1.2944852889055718
exponential,4.009501749808733,3.045003426663587,2.273584429506153,1.701319157643358,1.2550287771004562,0.8653990580560856,0.5386022217222328,0.2372348307782635,-0.0641598580433836,-0.2846015640011481
exponential,-5.249006293279056,-3.663348562658311,-2.2454727536677423,-1.081254366515096,-0.3130014943725704,0.5793614004486948,1.037226431364941,1.6089647973143857,2.0168574059062587,2.5208170652332225
exponential,-2.8170459421842957,-2.462350577691227,-2.312934664259513,-1.930305863514484,-1.618529067337793,-1.3663987913623614,-1.163247343994615,-0.9864462140329128,-0.8275154962580369,-0.6122602676642829
exponential,-0.8983213810181881,-0.8643263284991523,-0.835917663238464,-0.7456446632300282,-0.9700896671604592,-0.9367625799826164,-1.2094949299926143,-1.6532487722574545,-2.155876032788273,-2.9470058980906697
exponential,0.5123998423932429,-0.260552039957765,-0.6274318428120695,-0.8205837588400379,-0.7435776482228863,-0.5115359556577806,-0.3234634426696346,0.0382205121034606,0.2544559121410634,0.6817978167340902
exponential,-1.09483564899712,-1.3552626457753154,-1.9083866296407408,-2.344145167546053,-3.176204637359868,-3.537850773300615,-4.061868077616719,-4.9271973653061,-5.858665881327765,-7.085777183481544
exponential,-8.826713555551843,-4.897304199285184,-2.7599408543751136,-1.6227555485655754,-1.2633569909375937,-1.3114762076422413,-1.2041299877509726,-1.277524724900104,-1.3977088470470156,-1.682024426260302
exponential,0.1850391988781852,0.3610009378568873,0.4856832005795249,0.573325690469779,0.6221156986100549,0.6452909628760596,0.6589704065257759,0.6555625057088689,0.6480170247632966,0.6282902795205338
exponential,-1.5741841712356373,-0.5416970630646651,0.0684470547641263,0.4343074365846823,0.61769974164852,0.7034078453606923,0.7126200221499103,0.7175500723701757,0.6748822649998155,0.52722978609131
exponential,-8.838073941560959,-6.367955448894376,-4.5482691345474136,-3.066122820879243,-2.348973569361462,-1.5381631521813288,-0.7378368344672028,-0.6224094632022601,-0.1623352805225362,0.1928709326702027
exponential,-1.7529616764810008,-1.2896189346191538,-0.650935849999522,-0.2736650580762733,-0.1314776196881943,0.4371617635054725,0.925088255578138,1.44878263952438,2.05217944620617,2.659986397465574
exponential,-1.1419109493602249,-0.8278149319177949,-0.5335623634564417,-0.2851993973106639,-0.0087744322672087,0.1514930978636892,0.2621276166698784,0.3175230952131357,0.314001902087463,0.1671384009773614
exponential,-2.153955881390454,-2.372452378047451,-2.598165786062232,-2.8659239558295133,-3.1040613223842377,-3.2773992833172336,-3.4727491737867835,-3.696841513354197,-3.9436077835771313,-4.213595214470509
exponential,-23.15418468882501,-11.317506894444476,-5.620323680152233,-3.152816748190549,-1.5171619331209132,-1.3835795081472195,-1.182428834235382,-1.2743464624629297,-1.456124249674884,-1.6281760314724414
exponential,0.4641794876436291,0.1350862154878089,-0.26141356686669,-0.6486691594944912,-0.9527264127461,-1.1878723931518629,-1.277844989888106,-1.0497942549187478,-0.4308093334466736,0.8114281534963355
exponential,-0.3580793005372242,0.1100564893546529,0.6487174866719272,0.576548161248538,1.170497934213914,1.7468816267874014,2.8852727964792937,4.42848069964916,6.886549138039786,11.41886279918179
exponential,6.961537020363786,5.002657568455197,3.6811786754564593,2.8164983285396734,2.27775507539732,1.7463642194355893,1.5597038580229796,1.4588802793638715,1.0652147571378103,0.914206515793298
exponential,2.24350978889685,1.7169046798000078,1.3031905788567846,0.7575319793052678,0.1775363642902525,-0.3405858722470777,-0.9791992956471892,-1.596839962849362,-2.4055171150046406,-3.226632124740566
exponential,-0.0270343132233011,0.3989218641649097,0.6633061574272788,1.0633187248330938,1.345162400603089,1.620196501580439,1.7911424586863844,1.8411314607352207,1.6629099145423811,1.4245322603672357
exponential,-4.183769163295889,-3.9291786535264186,-3.6205569488792646,-3.3352124564818992,-3.0189464739043355,-2.72010285118512,-2.3728426358897927,-2.167497653852401,-1.9356801923853069,-1.5801685145864082
exponential,-0.8501864821263764,-1.1045163895692098,-1.4755845988194192,-1.750933056441259,-2.1021307618043736,-2.40384740969398,-2.6863925886665267,-3.0448788245342877,-3.291184860455165,-3.624847815876679
exponential,0.6457706779732825,0.4749686190924321,0.3505226833782109,0.2652584435868706,0.1332648476898366,-0.0213152794744126,-0.0502017705263102,-0.1887547804831869,-0.3317385053749448,-0.4065016068972579
exponential,-1.461506970273493,-1.4309164022325145,-1.2765306384067463,-1.234479758551494,-1.104189890284811,-0.917810078286712,-0.7559316354541015,-0.5868595553898487,-0.5191803709963292,-0.2646657412147857
exponential,-6.415463142821068,-3.2343842582879474,-0.9519957610103774,-0.3287338272777097,0.0378208868911089,0.5398656051912973,0.6750626475126174,0.8557010650652548,0.4355965485493642,0.461852172460155
exponential,1.3726131689412646,1.283757198139716,1.2219625985514002,1.184014924804026,1.1424258698913314,1.1222997737575788,1.123509788834215,1.201262518821423,1.306011029826012,1.5099895643607617
exponential,1.6414556207109092,1.5482602511625714,1.098725247883514,0.8043707755565237,0.5886561745873611,0.314961196382049,-0.0768180274520652,-0.4319272316778509,-0.7484258310946944,-1.0822962788829391
exponential,0.8066161827120212,0.8751574484744604,0.970193883586948,1.044849326868988,1.1319824756307888,1.1955487139147485,1.308066963615279,1.3588575046176214,1.4636436636045125,1.5877031917884257
exponential,-10.647094347416424,-6.660854609605869,-4.143645084342288,-2.5973436080871526,-1.6038995836543524,-1.1409923844045486,-0.5617019696532182,0.1976670419341067,0.724116715906923,0.6807411244413751
exponential,0.1924871598496656,-0.2801114641522808,-0.590803313495886,-1.0275758093054206,-1.3712054583642772,-1.7317816468517224,-2.250605684526719,-2.731445320662012,-3.1661929432143707,-3.366619872851488
exponential,-3.25656783476314,-2.780644090771618,-1.9895287161824933,-1.5156488499904026,-0.7742461430777196,0.0328242036655158,0.4929248134362016,0.8566836576017826,0.9205682111441128,1.6854832584331692
exponential,-1.094193755125602,-0.7954502566702214,-0.5336730148058131,0.3678178746799151,0.4363960984872713,0.7230756673182253,2.265716307941192,2.7911607701887857,4.470410453859338,5.998080405332766
exponential,-2.179275853074964,-1.9493701839378577,-1.9036324198029264,-1.4540841267721905,-0.7613959365386368,-1.5663500851778815,-1.5693552786043532,-2.475894905034979,-3.789364954537113,-7.296333559224519
exponential,2.0166924121556686,1.6634020243566212,1.4132824886202564,1.1202922146879206,0.8890845053370742,0.6662584767260419,0.5028745420361711,0.3433421398226038,0.1093317834763971,0.0095483695532071
exponential,-0.8716612265018094,-0.4828894286454809,-0.1820981105512469,0.0527946741693165,0.1518030394075762,0.2249854516785124,0.233190730705766,0.258739704247232,0.1933589341900778,0.0721422392028931
exponential,-0.29875795007134,-0.286519698464972,-0.2799785085064817,-0.5058502775110012,-0.7036344903669888,-0.9949949549225364,-1.3932816494105236,-2.102973453911714,-2.861804266973823,-4.202966942657988
exponential,0.7668278608747154,0.871863727482094,1.040598717574306,1.2477295339543768,1.339541901516425,1.4168744725934015,1.6560589603812783,1.898303353149484,1.996704514687183,2.100338163237941
exponential,-23.276762506880026,-13.964064590652184,-7.079536891659199,-5.349187297737895,-5.219194412632199,-1.8854034506312731,-1.517497379961941,-1.1424357170554895,-1.0290797826914428,-1.2570189767387636
exponential,-1.3008316803488666,-0.9214351863503352,-1.0250447167755956,-0.7092088098865625,-0.0848451798829466,0.4270300679742663,1.0896942843371145,1.8105903301978516,4.1258117381857335,6.366832941263854
exponential,0.0860572835824027,0.2797568214186224,0.4136533322267609,0.6050488665511389,0.7186656653900614,0.8536287628316682,0.9287498961430434,0.9328507329288352,0.8643383284880057,0.7846172342825969
exponential,17.833991345652887,8.907335740247753,5.6019853591870445,2.835036278490525,2.055324666334656,1.6680273457249726,1.788475518272695,2.214929563955855,2.4879882492553125,1.8784451345930648
exponential,2.881135313053864,2.9081722605275058,2.945451140978782,3.007806888914861,3.062196706549116,3.08632463765504,3.167699245908213,3.214662530049207,3.2625158919449664,3.344916674813132
exponential,7.065940156750784,5.433998458046605,4.531019558288888,3.662440725498619,2.991143383522332,2.437142498573877,1.687757757684461,1.3244239069765908,0.7010576181932651,0.2753041262770364
exponential,-1.4540124331481363,-1.320732289081322,-1.2173727400629053,-1.0989407290330102,-0.7013618924669525,-0.0679455210506882,1.0626185435552395,3.0427344815035897,6.549160567384432,12.608455952872063
exponential,-1.7261409416221638,-1.5192445700804995,-1.387544776150022,-1.2288153336864345,-1.0282873574979652,-0.8365226985255185,-0.7080892252903422,-0.6008531112078489,-0.4000501777839772,-0.198559587891526
exponential,-6.0927465105030825,-4.760749642568912,-3.698969176329387,-2.861237257582611,-2.237405431407297,-1.8644408920825677,-1.3817017002801484,-1.1241212027567866,-0.655802582500437,-0.3192318319290693
exponential,-9.999716055127957,-6.178074601445805,-4.121900495400594,-2.819839655286903,-2.290540704909769,-1.8574346027487187,-1.889645465901574,-2.0313440478902414,-2.2357655565102856,-2.340529334123905
exponential,-2.8272026804919177,-2.5195485175351457,-2.35004101790908,-2.1366023332119424,-1.950167719951049,-1.7553766531641652,-1.620698551471199,-1.4348439521363183,-1.3253132025784649,-1.3098846036590337
exponential,1.586558219544491,1.9219533654403436,2.2394942817294394,2.693364406255584,3.074477969318317,3.315828888056926,3.776258836081904,4.1300515703221725,4.620153928391944,5.2075628053602685
exponential,1.0614310600882138,1.0338340012676592,1.0203596481942954,0.9934696976811908,0.947616758894937,0.8837910083017383,0.8531464357246135,0.7594239948824255,0.6775714495001731,0.5680322442171206
exponential,0.1696024726206415,0.4133875576458519,0.615643229497124,0.831914379134326,1.0405238683340168,1.308899825553724,1.4332667284533929,1.6084197983455368,1.816109727034099,1.993553151559762
exponential,20.146896777409744,12.36258447136011,7.369296289299492,4.504550565526517,3.182318651080378,1.4874971551552618,0.6794349656171331,0.9501429570841132,0.3058375871764007,0.1672956955807604
exponential,-1.2146328504222534,-1.5898692302244302,-1.7244695800577834,-1.7206662281514316,-1.672193197916459,-1.5695778585576274,-1.3348827797372798,-1.1080435687367125,-0.8696631974389144,-0.6406530557041051
exponential,1.63181234002052,1.3873848534688986,1.1515109357143307,1.1418146461521506,0.7397215066025465,0.3547405604717887,0.0661121684932425,-0.235767589282187,-0.5926626055221826,-1.0631796292603504
exponential,-5.155530622989319,-4.566445701835476,-4.078107239005751,-3.640748460487591,-3.151569934307748,-2.7349312166591395,-2.3129849427213207,-1.9490672764106185,-1.6170443802933734,-1.3195437884684695
exponential,-1.1103524451525544,-0.5820360099273776,-0.0869960563386589,0.1564424342407821,0.7378614142987535,1.3425836006601275,2.2681208892327023,3.5086734279131866,5.440624132375601,8.641559909910878
exponential,-0.5902213305307443,-0.877268387751199,-1.1813593412482852,-1.47737829312785,-1.7591691248936243,-2.142715810642664,-2.4957146041643723,-2.8363860522764472,-3.156869913547581,-3.4842165293423637
exponential,-0.6686057428010457,-0.4817871691932865,-0.4022082236986566,-0.2949094259060298,-0.212330723064373,0.0827391279236021,0.4360959372824995,0.8675289580548204,1.5221604148422765,2.479342705915718
exponential,-2.7231180837560705,-2.6526409841801577,-2.592085688573894,-2.5395625008858693,-2.4848014802453413,-2.4400418442756093,-2.4025085390562912,-2.351228331320917,-2.358492059097382,-2.2995619029291454
exponential,1.2797528897204735,1.1343958255536886,0.795271297833472,0.4112487184957863,0.3073294403780677,-0.0790302551581841,-0.5122253883477323,-0.9686952321699872,-1.4516045270301117,-2.184027091913384
exponential,-5.796918599010416,-4.916663775604043,-4.079028824103063,-3.1887339707932134,-2.6135741373002874,-1.916762230432016,-1.4638951346723603,-0.6957728082684804,-0.3537609844953134,0.2615136265671746
exponential,-1.3325230211267574,0.148257300693742,0.9045208724594764,1.2406501601876154,1.3884665918963297,1.43345255619969,1.3917048870752151,1.2657818358074644,1.158185164546571,1.030613236113574
exponential,-1.540243974926049,-1.406579762912931,-1.2884342941088884,-1.1664382627652907,-1.0370558691052902,-0.8864315378530693,-0.8032075007723268,-0.6515106695899711,-0.5429668092402289,-0.3735931378195034
exponential,2.6342220576132798,2.5106170022284333,2.551813467455877,2.292294265872297,2.4190666563344,2.6658474989560585,3.027537125783374,3.821802269026546,4.958955654044526,6.837669322274524
exponential,-2.1805446792756484,-1.9119486816491529,-1.7688444286979086,-1.6697445577149894,-2.1841312604197065,-2.615670406018165,-3.108689518343212,-4.003541983203193,-5.662506064517488,-8.383934530131729
exponential,6.062870203999979,3.985226874195471,2.574963914737177,1.8937510859363087,1.4576965327824511,1.2100351422334308,1.2996011273620618,1.4263080351772224,1.6440769683551513,1.9524272866444952
exponential,-1.3612815160884466,-2.4193981538582072,-1.070353940628644,-0.982196198525147,-2.216419974438231,-1.9666681952998275,-4.03792872115496,-8.753912988718339,-13.899072958143352,-26.74697967724524
exponential,-1.4074946326513524,-1.008129599160399,-0.5868614976498561,-0.3102065888365201,0.1085705148368626,0.4385734844593775,0.8159233092576216,1.1194620422385289,1.3882752167318204,1.7085839309689563
exponential,-0.6034919640110328,-0.3814921433293046,-0.1021239045162653,0.1783986585966902,0.6503392532565643,1.1428300607082829,1.6696910252127466,2.3815179878157395,3.4300318663461047,5.148408193354822
exponential,2.494661471908539,2.570835151978578,2.525100114142924,2.508140090096917,2.5839242553628865,2.7769031260496577,3.169364277423793,3.582650832643348,4.2785318232586125,5.1514249221654485
exponential,-0.5441096284679118,-0.0205991267340397,-0.3936735668824775,0.0705348355119661,0.2807675935842372,0.5543698698203852,1.9563572820302657,3.256039439130521,5.825555529061409,9.8736961717582
exponential,-1.9533176858007932,-1.8579851691905207,-1.8952553437337656,-1.9934218411921925,-2.131510996349176,-2.347582313951857,-2.567516133722378,-2.790913981256454,-3.081806377420804,-3.360231980659128
exponential,-0.789914939066088,-1.0423789640895156,-0.2397636089913757,-0.1169859706831833,1.0595741541257608,1.5860038285857765,2.14124991169554,4.405376007946964,6.382551314931364,9.536474835994602
exponential,-1.4301201056815505,-1.41038523243116,-1.4763469826588544,-1.3855356896280948,-1.0163786207189365,-1.0884604574616554,-0.6329392676968755,0.1212532557041217,1.2570655949959215,4.087830026933327
exponential,4.757025691823212,2.934547209618245,1.7665716704564256,1.0664852195617915,0.6862718871923418,0.5325951335161832,0.512583736652773,0.6144924838180537,0.7163986901882295,0.944924787969163
exponential,-1.221446516229006,-1.0834889223246291,-1.0860563593421235,-0.8478053202209727,-0.4872566468662288,-0.2541954616651434,0.5133252921552084,1.9156811228826365,3.388394462023386,5.920775410315161
exponential,-0.4293898480660759,-0.5366021161724996,-0.7384295401052776,-1.0283436803303132,-1.140334190367146,-1.5600109556399375,-1.7992550129822902,-2.1442850849689856,-2.447280015328498,-2.7263375263187792
exponential,-2.0769465303606736,-1.6318996382298798,-1.328913102043841,-0.7963253461221006,-0.4298571270114511,-0.0066573740260266,0.4838480208733124,0.9507315149013515,1.3717306028511662,1.7890852472614016
exponential,3.656153075603731,3.0245103986117647,2.5176204363436225,2.2845889051289725,2.034589985902984,1.917687030152353,1.9747309269859228,1.9522362340374,2.03898227940138,2.1083393554858927
exponential,3.531784707883098,1.9566100973562448,0.8072764023985091,0.4337777619485215,-0.0147479309197346,-0.0650119202631349,-0.0048537774773002,0.214987343821192,0.3784539940296187,0.7153429271982976
exponential,-0.4718008373509488,-0.1386230821030931,-0.0581798448657685,0.0828472325781734,0.444956633546664,0.7459638448565469,1.0182833948717225,1.2246213828336878,1.8064254185537427,1.890925035581064
exponential,-1.4810205991519878,-1.845638072309792,-1.9516538051990373,-2.125773328662283,-2.684267205383579,-3.500370573703192,-4.201974326782947,-5.9871948503011625,-8.209999052363136,-11.835062393283078
exponential,-3.9335352676613793,-3.59626649637108,-3.3746065389788806,-3.2727981376874435,-3.229637447917571,-3.2846628655614163,-3.4121274700180764,-3.5001332052178653,-3.723865219965472,-3.933354001152789
exponential,-1.889247538570127,-1.1099386821911432,-0.5546205520127534,0.0061154439663097,0.3247823016053727,0.6228724474493519,0.9416671520055144,1.1755644379169814,1.3599518682939182,1.5830383875060468
exponential,18.143702072935564,11.12303001220274,6.768617571805573,3.3138337940184512,2.451764468211909,-0.1542506220560306,-0.5310954846534138,-1.5804128773184951,-1.5576708995371185,-1.663155301514213
exponential,5.391654302039732,2.9474301813756747,1.580270910319752,1.152120714229848,0.7048570670939982,0.6988408320203722,0.7417042072707019,1.0019536792892714,0.9781947143487038,0.9165528524752092
exponential,3.26322251874959,2.7331781437436944,2.12615508359338,1.803613337584272,1.3239876734803715,0.787394961032069,0.4623804156239292,-0.0412597634869548,-0.4427190898327244,-1.0322136619485902
exponential,1.8454204606323827,1.962772674459351,2.0039355691519223,2.1217235999590014,2.1829460211705403,2.36362468604967,2.604034167336148,2.914294233724705,3.335342162721891,4.164449686207057
exponential,1.6431945817333424,1.8015133028125208,1.7688608622792446,1.677348744390737,1.4162568375301174,1.1861863114596207,0.8227861135343838,0.491532059228543,0.0894871117588757,-0.2998144579757828
exponential,-1.3005448910253803,-1.456476207078249,-1.6518408851920947,-1.947829831637339,-2.164933405130105,-2.580720394253873,-3.0001580117346225,-3.606579491057496,-4.310881569968292,-5.295603459833242
exponential,1.5633203523186057,1.271247542830188,0.9063300927544836,0.7183950323314626,0.3835642455654311,0.0283980200375346,-0.2274987424846151,-0.5077920816032154,-0.6681730958865422,-0.8764844441983416
exponential,6.041403494312006,3.777387192511094,2.5564689858303717,2.0199351201714104,1.9572012236475256,2.307725036684157,2.159603041552669,2.7724121535531845,2.801519262986139,3.383007654616625
exponential,2.4299840070972967,1.661687284754031,1.241782032459189,0.9948236387956176,0.8603169651694977,0.8605796691259985,0.8998637850238845,0.9085616291681192,1.002710402072049,1.1358991549972102
exponential,2.0335285062185022,1.9894666094195157,1.9683350432458449,2.087910001280787,2.2871619712744784,2.7722525242899385,2.899016833985906,3.4404019381468016,3.959418965101341,4.838374583690097
exponential,-2.157628454981729,-1.9825153093391887,-1.641394721414186,-1.5090767194176309,-1.0895865640449374,-0.7701288307849089,-0.2335305342340816,0.261630347459532,0.8311212258725102,1.7175743897628115
exponential,-0.4226444152879386,-0.2763061401727447,-0.1656330325632333,-0.0533950439554424,0.0741518433715833,0.1519748486116182,0.2191107860328455,0.2922198572688717,0.3495863653752049,0.3733746653041952
exponential,-0.7338913825365876,-0.4252754251481433,0.0073793191191826,0.0668894827243175,0.4086561955602339,0.6953030337284505,1.1541362957497148,1.4878251414040649,1.703519185343937,2.234762875114194
exponential,-2.7977736610444595,-2.5327465394970883,-2.680418522703869,-2.6473690907178518,-2.7906360511978403,-3.0216121582633653,-3.4209172036178934,-4.026488779360532,-4.819406757782256,-5.838747247719167
exponential,-0.4253707182128859,-0.7191162254678959,-0.8820031413071205,-1.1211711949372556,-1.481759437508691,-1.6692243937622289,-1.9626316625577125,-2.2827302922390493,-2.553083364563603,-2.805243558156278
exponential,1.300243577245328,1.1570739989072665,1.1507162028051643,0.9393030850941904,0.6272740468019926,0.433337180412897,0.200072982414777,-0.5108045542211744,-1.333343116926689,-2.6896842869790496
exponential,-10.97666446111244,-6.476342288984539,-3.5971203502059192,-1.2241441060483065,-0.6172097541097902,0.744574621546668,0.8468780385862669,1.1096661961182632,0.9288393986169337,2.3218301508607557
exponential,-2.21661785571805,-1.9960604785636664,-1.7295123226511473,-1.552842817769036,-1.4508187320331445,-1.4632189878740502,-1.7044980738888134,-2.106520149799406,-2.7742732451439127,-3.928285928071588
exponential,-0.8159694948282417,0.2892561531308652,0.8721193436374872,1.2121968101932294,1.413866633131542,1.460823256743128,1.3000105667282482,1.206949786122664,1.087228282164458,1.1406310786406446
exponential,-1.441926030158261,-1.3210493997365735,-1.1584476803360235,-1.0480613817647166,-0.9355033495093728,-0.8080208580528871,-0.7094570340301716,-0.5886020026261563,-0.4994866435706264,-0.3887692525479607
exponential,4.346659656224613,4.045155035972818,3.679657430710731,3.306102793373874,2.952019723874306,2.542116149616338,2.214505641894178,1.766904311603228,1.538638480722501,1.1352971118064308
exponential,-5.303707566140479,-4.350940092151409,-2.9170534605385,-2.364190835632156,-1.2850749744670231,-0.6761270282787941,0.6089698152761307,0.8595410142453751,1.6533546448747587,2.192383845866514
exponential,3.8190129585536745,3.439527408276163,2.8740030081188386,2.359370779640092,1.9619618056184125,1.533619541471554,1.112485259080042,0.6893580998011122,0.3099300478248078,-0.0949468814442079
exponential,0.4631642216190147,0.3144842512486016,0.1987280237759877,0.0702673446582129,-0.0309422910039007,-0.1195564704550709,-0.1917344185293073,-0.2246797747137537,-0.2228472409111858,-0.1749686832707786
exponential,-0.0235032437697591,-0.3714830177857678,-0.6047630272171136,-1.1317553816516503,-1.822826906189828,-2.375046944054971,-2.7649693104094584,-3.9683578088364206,-6.049040088208968,-9.008514172093689
exponential,1.890014744820823,1.813937231878037,1.6111320820398969,1.7918189632487505,1.5932961755464008,1.8484675668271675,2.223247028016144,2.7343063148544893,3.404011580234578,4.380013913817531
exponential,10.629343825095582,7.09113062939844,4.652435896637883,3.423036348603669,2.314911536079632,2.0203156624437244,1.7844774033050954,1.7116968907857972,1.531952550726931,1.6968991419051644
exponential,12.25256235772336,6.16636174508644,2.67389236453258,0.8671209605735966,-0.1219796112393011,-0.7668347857501884,-0.9995630181442324,-0.8967763664433644,-0.8094153619946233,-0.5658828938776956
exponential,-1.7287675979760773,-1.258130589039364,-0.8783127929309487,-0.7832883545712496,-0.5366975870622801,-0.4052251461002453,-0.5066479309064534,-0.3458641221422263,-0.3563716530006974,-0.4646564348986832
exponential,-0.1404827238790151,0.3663266918295473,0.5021411259594957,0.8149919647730476,1.0732184132692248,1.6381080809435635,2.211966682243643,2.602261262394421,3.514598702856287,4.459112884761954
exponential,2.768125080192328,2.7318504955560297,2.59871036356126,2.5368548500024786,2.6793887277430173,2.8129725948430027,2.98881178731991,3.459973500081783,4.514532896460212,5.909772461691794
exponential,-2.056536093824572,-1.3935170742233007,-0.8524684403471761,-0.3867200797536749,0.2916999116194241,0.7055701200352482,1.1463959268891537,1.5991654274181109,1.8688968002445157,2.3590157830821323
exponential,-4.449425013081841,-3.655661470343632,-2.8846527424446595,-2.36864078818696,-2.098000364326,-1.302309034090332,-0.8296714649488606,-0.5768439745646009,-0.4498817278219043,0.1611257552045345
exponential,-1.3593295750678005,-1.2037561026306385,-1.0291628230613084,-0.856432440497043,-0.7068565691376822,-0.5646940424036292,-0.4171125165770474,-0.2689029756143952,-0.1373252978094847,0.061718187179816
exponential,-2.295175037675946,-2.1660775387494704,-2.017935496168499,-1.782532709513151,-1.557682614414499,-1.3460157611585972,-1.0280120128841506,-0.5214830599848654,-0.0254005059861226,0.8385909015983734
exponential,0.0343322225946088,-0.0338755349116264,1.1558332427189404,0.1026280978159865,0.6074069061002307,2.0261828490299925,2.7248594497349887,4.311395848544363,5.750306946946091,8.828784531738288
exponential,-0.8035272813218364,0.0883418656239568,0.5166661851628419,0.6872983418993588,0.5864729771531954,0.4628296409235404,0.2218397109997692,-0.0514922124639492,-0.3046073804050301,-0.6151677996922105
exponential,0.0533910784130466,-0.243159387165463,-0.9103216876120802,-1.4984998292194882,-1.7323340891158905,-2.303805361645596,-2.817908179150451,-3.284519482157554,-3.811137737179301,-4.611370259131269
exponential,10.138553549014452,5.433094819433147,2.681379337397922,1.0361450839625514,-0.0918391377914435,0.1755322330348048,-0.2516194925536432,-0.0743550141980459,-0.8835160152224103,-0.248933680150355
exponential,12.83816539891848,7.844549913952164,5.06569578327845,3.639338221173872,2.3849873128516546,2.0341216925811465,1.659684992885449,1.4976121482691118,1.345509538268468,1.2201788935930338
exponential,-1.40151017411943,-1.4720932689730215,-1.5449173042753894,-1.6279738630163842,-1.697682127224503,-1.7762306165190138,-1.875840754289408,-1.9588239373833125,-2.036663811320985,-2.1320195620816844
exponential,0.1067239505336273,0.4659526664162198,0.5867345614443384,0.6767965878117663,0.5942711286698202,0.4135543603435607,0.272819754558909,-0.0445231809825304,-0.2874742005922025,-0.6094975842860505
exponential,-1.5091675935253137,-1.4382716125276709,-0.579319205167823,0.2080512898028202,0.4516108796645934,0.7409694166846426,1.5921615397377653,2.124800922864129,2.475241028818288,3.0744761353626098
exponential,-14.184767018688802,-9.18200920477016,-6.430533395490861,-4.746737492730173,-3.310984235497758,-2.0569702432665387,-1.692505183071429,-0.8685147377055136,-0.2186103947146655,-0.4389811699871455
exponential,-1.8358637623619487,-1.6899842869509067,-1.4672857811069362,-1.3685294662368843,-1.177085534039364,-1.015905277797431,-0.9009608129809958,-0.6581334334104084,-0.539803106921094,-0.3208157936010461
exponential,-2.7707643345374326,-2.5110849115417246,-2.222035222226781,-2.0659880106313486,-1.936527996423073,-1.7988858816902316,-1.6407297079652017,-1.5867786181130648,-1.467616409304862,-1.398919348824089
exponential,6.259958744209523,5.475863357130003,4.611213843010258,3.996199201924652,3.449706338043016,2.8058164698849755,2.1650235786816903,1.6473591955997475,1.075805994656848,0.59756975911025
exponential,7.544813224509375,4.998662358808138,3.329757140765484,2.2198523052928008,2.006356156191024,1.7257179425526843,0.8547563261578288,0.6591673882775002,0.6221663319857049,0.1404222190960306
exponential,-1.0723373119051045,-0.9304012995059936,-1.335192281800159,-1.7709092511083555,-2.3053690124328594,-3.2586979328558843,-3.868656076727555,-4.8645908390953,-6.38204357114439,-8.374381910493417
exponential,1.0876552475805477,0.5610901016244524,0.1648542577856814,-0.0046588161825602,-0.4096399225357292,-0.6208273585048524,-0.7133936742538528,-0.7587559733308876,-0.9159914682427758,-1.098093927228768
exponential,-5.715935616301771,-3.553689759770585,-2.339096706139305,-1.8250844464506173,-1.6540586954624223,-1.7496610360508906,-1.9256942124730656,-2.219471330264768,-2.601543291551422,-2.884547538874075
exponential,1.2677394949369023,0.9322503536322536,0.6399064093506955,0.4660805717258112,0.3095817827809997,0.1137326104426187,0.2112082302402204,0.3698615075809601,1.0209923180693743,2.399910188183197
exponential,-2.02046235522632,-1.789855187279337,-1.2580104222979536,-1.003361310832216,-0.2938280150152549,0.5135364207118296,2.00699122411245,3.611231596337752,6.471751584308919,10.988382506155435
exponential,-2.62375615407044,-1.3417965325957977,-0.5947410439668506,-0.0658174846688561,0.2679947333951226,0.5387338220932945,0.7257001350821234,0.9402370956729794,1.078174991770855,1.231970945686096
exponential,-1.971189109653337,-2.206835719292699,-2.318079734834431,-2.5242707096517942,-2.661585375234133,-2.7846971898112973,-3.1154189596189985,-3.450508371178951,-3.696805699347624,-4.1175573543978246
exponential,6.152563466276368,3.866353514372636,2.4597112214257035,1.8345496534457175,1.4809538262442374,1.3470441875876862,1.4954279390416791,1.6228403716468178,1.9385051969622,2.2280824200051463
exponential,9.314080582405886,6.170608072340713,3.9308287943088462,2.25959215140372,1.5531620857648982,0.8267815389086873,0.2441070331593453,0.1215142256045271,-0.6396940860090374,-0.775845613061772
exponential,-0.5732575609316818,-0.3578934017086301,-0.0745622008124689,1.0265195116716934,0.8765874291466809,2.1641203780766345,4.658252687731853,9.222347920216864,17.364682528703444,32.127450848877274
exponential,2.2315769087171744,2.1002883654003504,1.994986422699458,1.7862097539056887,1.682855543129018,1.536248184210845,1.4037934838138542,1.318564320868422,1.2252764593860863,1.1217797843666917
exponential,2.274359170673325,2.5601294016962317,2.7531667457358515,3.0609309473863178,3.3317867125394662,3.593046816641309,3.803745463113789,4.101158837619532,4.389701264245717,4.672340517628522
exponential,-6.729044486274894,-3.3372286021965505,-1.2434214202491003,-0.4695370001313007,-0.1085515480980749,-0.0219736384022556,-0.1681662613579896,-0.3480711896857442,-0.6207902514830822,-1.1254327880270023
exponential,1.9957737290586628,1.6839074547324664,1.318708018708781,0.6843811176235128,0.4222536572694726,-0.3067105825467151,-1.0751492148090016,-2.0088276644474807,-3.84046443564703,-5.857794256084815
exponential,1.3133693956015988,1.10341373057266,0.9026810428690868,0.7489435073902375,0.4870472651468846,0.3151697232754592,0.1706410516041934,-0.0864198207163887,-0.2371382872054014,-0.5150014162496542
exponential,-1.6457746075601942,-1.150509673089899,-0.8469941564585309,-0.6148037102394805,-0.4621050865245306,-0.3687543903103066,-0.6321961854668958,-1.584625394020131,-3.276958836805661,-6.602675756842236
exponential,3.117132239982247,2.8592065463302623,2.640183475461493,2.473238048159122,2.333992405386369,2.159848035792796,2.068090568523256,1.9691174713231887,1.9852185205149904,2.091248794717796
exponential,2.376613988722419,2.2581252046936067,2.1529451288852077,2.071485335637926,2.0127865629906654,1.9745112525532016,1.9674098832282605,2.0127512004597063,2.1181531598281147,2.301971808961685
exponential,-0.3937319638103831,-0.2312113041453774,0.0714216634674687,1.2885602820360758,2.966953865421511,3.6648640115456392,5.5413823673105815,9.698118187505086,16.250832825410356,29.293579219646304
exponential,1.8783389408076263,1.5681509511823577,1.3531684146000182,0.9881270595076784,0.7955894425605186,0.5047449093030112,0.1215930529089457,-0.1797107012990892,-0.404469137768571,-0.6947155961697561
exponential,-1.7378074645917736,-1.6499491390409031,-1.2149130581632792,-1.344913395410816,-0.1280569870567929,1.1828725397279871,3.535898424836562,7.64513980124567,15.196742337857652,29.212500093073988
exponential,-6.773983193722823,-4.526498403084361,-2.367346169877157,-0.7998217788228381,-0.3220188890361635,0.7165378799063031,1.9234067621541864,2.2602813910607176,2.9285601481247223,3.597346210863576
exponential,-10.039815824216708,-6.670294338744612,-4.885404158974824,-3.467072229812433,-1.5577943265355323,-0.9916530702995264,-0.1973134379218684,1.1247232540159116,1.6389818710085702,1.81912032364036
exponential,-6.459974380776326,-4.443530863772184,-3.22004143660346,-2.360060826958972,-1.7576108054472697,-1.4921312656772354,-1.3222421769968755,-1.5602776542535095,-1.6360578113509032,-1.5760098416823791
exponential,0.604264821017594,0.543081561338713,0.4809077620601959,0.5782211897589753,0.5762583885692745,0.7004559541765658,0.957288665545598,1.4785805422682174,2.417936409984187,4.08352797087502
exponential,-3.609851272726295,-3.313794089340316,-3.0704948506831298,-2.793064549098132,-2.687638900935256,-2.622075172725377,-2.6928464082308428,-2.979765576583673,-3.532156754406718,-4.501996823178437
exponential,-1.1639776193103886,-0.9550694990537776,-0.3161715372344753,-0.5289635088218586,0.1153738261004447,1.2972356895746484,3.0492598031102736,6.360425828741355,12.695811943249431,24.837158961352674
exponential,0.5217283819798019,0.0622852225220618,-0.3725486154721174,-0.7698484837877893,-1.1566866291342015,-1.5766016290260054,-2.0942303105068736,-2.655300244184206,-3.216592623390115,-3.989307364714763
exponential,-3.268858698844128,-3.0912911983096443,-2.9337269244853417,-2.7867991490706894,-2.686480979236651,-2.6363592958370194,-2.616735947830976,-2.6267247436151595,-2.714483083027332,-2.8362276045514774
exponential,-0.805964490358572,-0.8518693712221054,-0.8651360967873534,-0.9379531058732304,-0.9546976760691676,-1.0294151321171074,-1.1275061777882478,-1.2153784223806952,-1.28727232872288,-1.3975939149423091
exponential,2.819427285841928,2.593022155339401,2.080138727981356,1.8046473885245469,1.406829494231666,1.077561950814806,0.725866345722763,0.2900031511703178,-0.0858944697557103,-0.60140972188238
exponential,-0.2771937585631361,-0.289446951961278,-0.1256350626992001,-0.0548641529955683,0.0906774896598246,0.19326106862115,0.3916814771831329,0.5836829016951436,0.7715207168062335,0.9080042202455424
exponential,0.8018460978273467,0.69718678014489,0.5661739090920059,0.3649371250359491,0.2592858950426824,-0.0021239820290775,-0.2701316884588334,-0.4677101044529684,-0.8189063512856135,-1.1086174914595428
exponential,1.495351143372563,1.0145044155057357,1.060922060364124,1.867398296119513,1.131632068217321,1.156088739948869,1.6884697915217486,2.664378572559171,6.428115244864607,11.317887762349566
exponential,-1.6002843499681938,-1.563678611913902,-1.5181729386088236,-1.481117377420337,-1.4522580100335296,-1.4190996513030487,-1.390494730022944,-1.3774753134920867,-1.3524328486340076,-1.3463604185563955
exponential,-0.9290475918329376,-1.176033589928847,-1.5976110327589894,-1.8723022392409807,-2.284733405784464,-2.913948997859055,-3.3139031113286443,-4.029533210255846,-4.734013211231481,-5.41563335132146
exponential,-1.7678768711366082,-1.984630306702926,-1.7702151357522076,-1.72243903829609,-2.030666304570053,-2.348770852980827,-3.2619032572685844,-4.134328619197389,-6.2906191264192906,-8.618569165460347
exponential,0.5845477127665951,-0.2916094802634427,-0.1088593397836895,-1.153496629372455,-2.004958067877081,-3.437173080389767,-4.707459575715723,-7.019032351321561,-8.461360771482942,-13.034733374730228
exponential,0.5350948008717697,0.0353383355319835,-0.552684589076279,-0.8038123089646514,-1.311130540208746,-1.7464766512913246,-2.4969476614222894,-3.011712640118452,-3.507168675906068,-4.265695772019449
exponential,1.6767518658454907,1.1794519160933803,0.7007232708379456,0.2860369158847997,-0.5799736484506927,-1.1179537666960917,-2.199897915994711,-3.243184681576388,-4.414991807228302,-6.482685641707057
exponential,-9.504098157864492,-4.1651046071046816,-2.112175753308636,-0.6491798058017924,0.6186763822849731,0.1966120428711428,0.4646122817727425,0.5968172843974547,0.4068005380675183,-0.2506432371404608
exponential,-5.024606302037973,-3.5150614099584554,-2.9396229907616003,-2.107771924005803,-1.610756507254024,-0.9479787058646908,-0.693701196669555,-0.3239884810195506,0.0302919170450589,0.2595042774720522
exponential,2.2230647409202997,1.766247474905182,1.5853886084984734,1.2053231872809578,0.9943733537586976,0.722554693686268,0.5889679663397561,0.4221641890627076,0.4395468111830724,0.3036280320998454
exponential,-0.8726843387303113,-0.6891186216918767,-0.5120778893378247,-0.3726406958783788,-0.1115942940518927,-0.0417357761300552,0.1387970979354016,0.2896647552999417,0.4859532843728618,0.6938642227877774
exponential,-6.986552750442125,-3.9651851585750975,-2.0011877292459026,-0.9678970675566844,-0.4161735992321091,0.252052808648718,0.4760771241503204,0.9446948041457026,1.1584460014249778,1.2286384803909347
exponential,-0.1638855814833783,-0.8225978301806259,-0.3872958435927677,-0.7020752764043875,-0.5266925392774741,0.1424314092570972,0.9992088444691032,3.285350812407166,6.664595410488579,12.702451147697545
exponential,1.9566115635636625,0.9869436336666872,0.3427629225009649,0.0234675900203156,-0.2320675899974804,-0.3048425468383459,-0.3111747085463865,-0.4394576656681273,-0.3335242588851855,-0.2814887575150331
exponential,-5.612304168689227,-4.232075935059009,-3.2949648481126443,-2.444846068718427,-1.9106330532526736,-1.471508794424886,-1.1818749320762856,-0.9023698645893198,-0.7362135623710355,-0.4991679739991304
exponential,-0.6935734458151115,-0.4377377443599056,-0.1125678296385688,0.4086138808309889,1.2424823990132372,1.739801275599974,2.717324131833064,4.947372929362,7.758976723188076,12.981914119540328
exponential,-3.812301313286882,-3.478751170730796,-2.382536364195887,-2.422952622764426,-1.6107810317556015,-1.2807109014864817,-0.6600679535924656,0.4111998625098179,1.6254255969407532,3.673762956082967
exponential,1.975129675748847,1.2330873846487445,0.3733636235567784,-0.2604031885395992,-0.6296338349391987,-1.235165789836509,-1.6484916588979956,-2.1203379056910987,-2.453572726246698,-2.985530385501336
exponential,-3.425217504952599,-2.7226904531588136,-2.1834469359531234,-1.7548868281168593,-1.3927949493063827,-1.1961228439990852,-1.0609110144875016,-0.8055072475324309,-0.6858561500338228,-0.5719790703500208
exponential,1.753651098810226,1.432050916516146,1.029934638599214,0.6475317733075405,0.1522412090022508,-0.266188883826061,-0.9373437330971596,-1.9878714548539624,-3.514627309495445,-6.019513982839035
exponential,1.739778543280014,1.4607715708163318,1.1605083790815631,0.8521321336190347,0.6116652746955168,0.4081197379326171,0.3018143591529077,0.3225049151640043,0.5704767619616139,1.205746127116609
exponential,-1.0771529453679147,-0.8471696890183228,-0.4335253590740162,-0.3644126371182062,-0.0801896641315158,0.1183372006111143,0.4439396227342364,0.7225656212193807,1.0637609253158788,1.2371624142554034
exponential,-0.7601608941949686,-0.9145008587860728,-1.294619094821394,-1.473359987502743,-1.8494179778137965,-2.126078809000187,-2.569058220053738,-3.100250473531043,-3.813244505148609,-4.221119544429948
exponential,0.5783604411563389,0.3518217620888875,0.1162463874862436,-0.0947363184097876,-0.2934256246154019,-0.501355734338662,-0.7133764585693437,-0.9555366570176468,-1.1381297913903832,-1.3321776785466182
exponential,-3.455956588815717,-2.986363505531495,-2.5102393712407878,-2.0460825243605623,-1.5215786109311735,-1.093208509144174,-0.6631621713141482,-0.1690359464174004,0.2223389692836637,0.7652193709057734
exponential,1.8722761112854496,1.619569110749647,1.5053934965350442,1.3551324518751051,1.1987088849189709,1.0751010859978216,0.8102252037865609,0.6467118971671073,0.5591693195438265,0.4169073678965643
exponential,23.189806298256983,14.35522994830157,8.473813995989605,5.749829533222496,3.3013033971292427,2.3815174408564235,1.4395389731545003,0.4074672860220776,0.0093711632460087,0.2040064058518443
exponential,-1.665023106249647,-1.3534898224101886,-1.0515428214250566,-0.7939639833795042,-0.5831260101175493,-0.4618304057903049,-0.5331937785783671,-0.8143722949518613,-1.7105768591272217,-3.505826083649629
exponential,0.3312332499303902,0.7281468443785627,0.9723144757518448,1.4164091746282008,1.6537446113030014,2.040614412422459,2.2901435497216323,2.8089026685038183,3.075564188852976,3.4308865256948526
exponential,-0.3346664268742993,-0.0334008178884045,0.2249280200326704,0.5286242123886394,0.8367571420537931,1.1216367329473655,1.440461830252284,1.6480792078442683,1.9353047603471591,2.209914594082856
exponential,6.859152846712036,4.27061475698602,2.7660580528002305,1.8912681164857013,1.3272429348779495,0.7605576219235511,0.4541047039582327,0.0733658220504413,-0.0392529145980877,-0.3164560523214215
exponential,-1.1888713126557515,-1.4740637966815464,-1.8518122757874025,-2.296979074662207,-2.7508963082859745,-3.297363251820973,-3.998239258022667,-4.784078928108068,-5.711749927503804,-6.971146854807583
exponential,0.1084843585606872,-0.1491969834401428,-0.375008119374295,-0.6262971695249525,-0.8779061005439737,-1.128150530293168,-1.4095562138464166,-1.6092474006306514,-1.86702073764104,-2.1619029148289504
exponential,1.5128301711369123,1.0409016673661091,0.6047679327474617,-0.2467666061242452,-0.7668930138747464,-1.625617696119896,-2.401867314007786,-3.420896421862667,-4.957702572413053,-6.9276286684151005
logarithmic,-1.4844030835966704,-1.5234768354537778,-1.5520600063285814,-1.577352380708533,-1.6037173242865623,-1.6257500195601255,-1.6474727557366748,-1.666659794536285,-1.690930417288728,-1.7070922641522737
logarithmic,1.761851742664241,2.116126576099017,2.391411309393964,2.589865855674568,2.8165491955642152,2.8482843320240643,3.0821354645620263,3.29665389033918,3.341188199017798,3.455100104120505
logarithmic,1.6051415300222889,1.695676023420464,1.7864206950414443,1.906426469530784,1.9691069398202317,2.0954787620043587,2.140649685348114,2.210599411412712,2.269504867021514,2.3435526179262665
logarithmic,3.4135951178343698,3.5330846889131755,3.698363315181601,3.8172288260203087,3.913484435349716,4.005661457942149,4.056596128310059,4.174620440360482,4.258436626821204,4.327533067623077
logarithmic,-1.6289593370707869,-1.7399711319044449,-1.8390702079285657,-1.9165986508161497,-2.004254344696516,-2.0786163638037074,-2.1580616528762016,-2.253088374209972,-2.2763788710784527,-2.3658443099245594
logarithmic,-1.0717738785264692,-1.0856681542332334,-1.1062449131813203,-1.1196507867763308,-1.1326793772124155,-1.142959816809474,-1.160854435168469,-1.1657071393514076,-1.1825783795845808,-1.1949793806690174
logarithmic,0.0414602482441944,0.0227694424328062,0.0061524410292322,-0.0149634206516147,-0.0300023550077153,-0.053577042840643,-0.0662201265684713,-0.0904134085271169,-0.0980170283019424,-0.1104983265188313
logarithmic,3.181529703572312,3.331232303500975,3.4202322165379018,3.534900458277934,3.620753173700511,3.75613287557675,3.849116077715712,3.899062743431694,4.062665549181247,4.049915962744199
logarithmic,1.642113272793814,1.7244112626742016,1.8202688355820216,1.8407121015828565,1.918257415368989,1.973339638539487,2.021161694409686,2.046524762031998,2.135288031258892,2.170101820159722
logarithmic,1.6406043186526833,1.5754593612142478,1.5300880367086849,1.5010984749931964,1.4823341135122374,1.4616660538130737,1.445098215148217,1.4331455396365678,1.4218001032770675,1.4095668153240737
logarithmic,-0.0026662052603847,-0.8480991976330579,-1.118941481915725,-1.5258562482760858,-1.6010902036542138,-1.9463208839069857,-2.0182259602521406,-2.363169506894767,-2.390661270236772,-2.5525995070107466
logarithmic,-2.298703295565954,-2.360965067035713,-2.41690004481121,-2.4620862608751994,-2.5493437215613954,-2.562512632633579,-2.6048166311853245,-2.65267304188046,-2.710947739468524,-2.733897020648639
logarithmic,0.6298179493474904,0.5767162903529277,0.5067915151783839,0.4373539201414795,0.3890754842415544,0.3465021195218093,0.3002598067689574,0.2483821355186507,0.2244685658707363,0.1716158400775388
logarithmic,0.969041302508352,0.957508672953334,0.9463975136102966,0.9356895742232378,0.9249987482724592,0.9173397085052988,0.904279085947635,0.8919156320741053,0.8822906851926987,0.8809671574371583
logarithmic,-1.351380249893319,-1.4323581650635668,-1.498748051034148,-1.5694624538842856,-1.6311343284455877,-1.6899234596194264,-1.7374173540122635,-1.7814888764061043,-1.833635206185702,-1.8805079684349848
logarithmic,4.632904048656669,4.749386696042423,4.822622955921611,4.950628148816691,5.041171942277528,5.128850789033906,5.238636273368557,5.339419787017686,5.403582495307075,5.4723216036657325
logarithmic,-0.1721741507933953,0.3503854201947505,0.7551526099674049,0.996254636360129,1.1712250471833994,1.4153119920935804,1.5154432319099072,1.6321067428372742,1.6759263210040285,1.9401246799714
logarithmic,1.7354509623449366,1.872631666097527,2.0592569225368176,2.173808210256849,2.2790411727088014,2.4148519716629715,2.507527367629934,2.6103185383898966,2.664136279737898,2.792367897636824
logarithmic,0.8817147450024955,1.076355908892051,1.2159094247016835,1.3165023936262203,1.3995836628725593,1.4798856323796945,1.5308463989970285,1.611265400722076,1.6268135073242818,1.6928686805205535
logarithmic,3.939969565668929,4.021876405138973,4.143189278542887,4.249051568608194,4.364347776176313,4.467425959195105,4.547874711699368,4.641595880869112,4.689020489723651,4.780994304351625
logarithmic,1.6170142216823256,1.7699875607141156,1.909884796804308,2.0565078399543126,2.189383899149313,2.296876883511566,2.3902517137092736,2.5087213454751947,2.59290344050061,2.691802878695904
logarithmic,1.1824853234655923,1.173811658313804,1.166525982169495,1.1569217442860993,1.1515652253447175,1.1475826807329204,1.1395861890015395,1.134278227356501,1.1286027471041604,1.12552600502087
logarithmic,2.981337094291539,3.132009941808592,3.28382851092848,3.4038089703421983,3.534337816974575,3.681677882870256,3.69631402871864,3.872456837983456,3.948661444079371,4.0078022264080015
logarithmic,-0.5266589098743091,-0.5020938242158062,-0.4773606059881402,-0.4625301764455914,-0.4448147639191231,-0.4362763768175043,-0.4249995518692133,-0.4114505141304322,-0.3989382375824827,-0.3921645532596663
logarithmic,-4.192306154753629,-4.320665483373737,-4.443852406607483,-4.572663958622582,-4.670630173254117,-4.781330141217357,-4.893951502729716,-4.972494129068347,-5.05419875768953,-5.175910119951684
logarithmic,-4.436369205502069,-4.52808502711166,-4.634029853234559,-4.697780782705387,-4.763893278675506,-4.860510885436534,-4.927843518704086,-4.976093974778381,-5.059311256258568,-5.113107915342334
logarithmic,0.866308202207148,0.8527729197414612,0.8333943148904347,0.8174793318819426,0.8032615109296217,0.7935932849724869,0.7809435785772605,0.7696058384631537,0.7535512101981541,0.7442061743382941
logarithmic,0.0453094957484827,-0.1770908691441191,-0.3948077846416505,-0.5658827610769567,-0.7139507669421015,-0.8631872505534209,-1.002105693575977,-1.055327841976322,-1.2122133897578748,-1.3132289587142143
logarithmic,0.2818575401396506,0.5444331038803886,0.750846359535356,0.9394113521512548,1.207827093663965,1.3155758321601756,1.4152660221745466,1.6591774131917183,1.7033851497572203,1.8954418116319367
logarithmic,-3.995446567623645,-4.190696057322679,-4.306292169427316,-4.447801003193665,-4.5653066998244825,-4.637125006835247,-4.761523825512011,-4.874025935632845,-4.968199988180281,-5.098195241112085
logarithmic,2.287858864851672,2.3944829740825893,2.528202730633631,2.6350078548193627,2.7223131106346368,2.8582885981902506,2.906627268488622,3.029512785447587,3.0612006203930733,3.1711452182610675
logarithmic,4.034808919745165,4.131103042385684,4.18560700865593,4.257699604927281,4.302189863046063,4.361221823056685,4.418120332340702,4.496170412154208,4.531362436835993,4.567734579170982
logarithmic,0.6961032186720248,1.1115372632753613,1.301899044166977,1.51986140238211,1.621260272659644,1.6922286795057144,1.779093751046263,1.88348535038148,1.936949532528452,2.0338807629886926
logarithmic,-0.4495214604639581,0.6302321592979266,1.2767663982715332,1.7244817630118716,2.18338740700764,2.634754577561879,2.59357662417608,2.9510202853508205,2.9667636384035867,3.2764048586429726
logarithmic,-2.752669914458329,-2.8251132632295657,-2.8999625986104047,-2.956091222286773,-3.0195144043736803,-3.067421631773917,-3.135300005227161,-3.1732507021924827,-3.2173531257562917,-3.254507095050488
logarithmic,0.4647550207740804,0.3627317599299494,0.2765970326456891,0.219450757290645,0.1440849969823379,0.073480338436689,0.0086419326815905,-0.0425037740703021,-0.0968442066955824,-0.1459890770475465
logarithmic,-3.2727445734389278,-3.3186053450487067,-3.3895316336172856,-3.4305164012367837,-3.4785005153496806,-3.5256834949984386,-3.574057741201444,-3.613283418578261,-3.653153116182239,-3.701944694734681
logarithmic,3.5853064173193427,3.6833928882481497,3.737001525327917,3.851503522055562,3.913447435143921,3.982825751636076,4.014457645694473,4.092199000899076,4.181102045016969,4.2193841385029325
logarithmic,0.0908517200096038,-0.043639121643313,-0.2059437933979713,-0.2836794496727078,-0.3789946531640814,-0.460052411800157,-0.5318491243885193,-0.591001922367112,-0.6376371439177838,-0.6937229815473243
logarithmic,0.8435998948537519,0.8272265778829121,0.8123315713749288,0.7998889083607948,0.7880892948031978,0.7783971329775872,0.7701230436515591,0.7615924571711447,0.7551863681252107,0.7464561002279528
logarithmic,0.838882628264033,0.8775841960335814,0.9114319718000172,0.9457004647928696,0.975910840123332,1.007696991073347,1.014445032239497,1.048448775636351,1.0735027013103493,1.1204696359266368
logarithmic,-2.319046541795227,-2.392220624015717,-2.4289892367483965,-2.4589378436196534,-2.5135071824606543,-2.5276480889246224,-2.576277210615581,-2.600669544300637,-2.64132540055478,-2.6766328559066546
logarithmic,0.0055505643443657,0.0244610880489894,0.0520052194997719,0.0752694001749174,0.1005603218333728,0.1216873188031582,0.1331273579427667,0.1459648397262163,0.1601973710591885,0.1808644142260604
logarithmic,4.014813809354952,4.09995158069179,4.195921192963101,4.306363039173776,4.387587877117171,4.494259385065,4.591709256847844,4.686192904876629,4.766119457752473,4.830392393196866
logarithmic,2.446707925609914,2.4670477172940544,2.495562339003964,2.508616519957808,2.5387832290581707,2.56239148363893,2.5682994129513497,2.605729922220961,2.6110761232790485,2.6372389088241164
logarithmic,2.742381981228234,2.7684108033225634,2.7985540874656936,2.825913581575715,2.854155637530814,2.8738082311908117,2.9024156510928103,2.921844299281285,2.944708621932352,2.964714355737234
logarithmic,-2.1475636781729324,-2.350964988374022,-2.5827674566513896,-2.7676239331200696,-2.913658556191937,-3.0963958794371105,-3.233007588982572,-3.321885949089779,-3.443811609119946,-3.488452701346932
logarithmic,1.8493744975819923,1.295084754769499,1.0521454498414855,0.8418351820685774,0.7054582279959365,0.5882789043892495,0.4919200221401984,0.3880993982157663,0.3099414065378396,0.2254549589810123
logarithmic,-1.2291573745952935,-1.3254054065018948,-1.4356082393391112,-1.5295697335367766,-1.5737950204527584,-1.66179836447098,-1.6940872291717568,-1.7674012650304027,-1.812144783295088,-1.8406787511082767
logarithmic,3.178746002984029,3.383202118653007,3.6739805623758666,3.9579821780198814,4.246862831178263,4.4668710190805365,4.596978608689916,4.801669839678804,5.049037873603587,5.102450880366985
logarithmic,3.4214118053335154,3.534967089045619,3.609937379576778,3.75877704199034,3.85486356708114,3.9336159264132986,4.0283433573373335,4.108273752298679,4.144962655508466,4.257083290964553
logarithmic,-1.0225015873501928,-1.2362929932828843,-1.428462528437359,-1.5952268241599783,-1.7485387744263834,-1.898815644137468,-2.0105196549744546,-2.127393053226481,-2.221588285710328,-2.317151533932985
logarithmic,-4.353812260703529,-4.62372091521819,-4.6899068407460565,-4.871744737763115,-5.043094181799761,-5.178287209477807,-5.290773901212217,-5.414656385608489,-5.519388160613798,-5.540553533723691
logarithmic,-0.1505966537183051,-0.1694297402185281,-0.1901358629465209,-0.2065323690169963,-0.228868865508275,-0.2448049875210263,-0.2621115587732239,-0.2816102177979436,-0.2977714151903165,-0.31409981382204
logarithmic,-2.6584315577356654,-2.9129294541173536,-3.0238152471356425,-3.210556265458367,-3.309615803783476,-3.449604031344074,-3.599323330121317,-3.667185710885103,-3.77362534940949,-3.8820801484760943
logarithmic,0.1499970752819159,0.6887970394719756,1.0233639400308834,1.3893142766558175,1.5892550687118885,1.8002068301418466,1.9845584591919565,2.2099554706943287,2.3425541144324757,2.5838232059197743
logarithmic,-0.1003498288416634,0.7556109400759613,1.220692771324265,1.6526364528800828,2.1843669573585567,2.4476305078761,2.6124712180706267,2.867843364034938,3.042570915570864,3.037254862452521
logarithmic,0.5937381594958593,0.6243098893633866,0.6629504923308717,0.6939006263202703,0.7266698716014393,0.7569757582231436,0.7900002995339692,0.8176775350011327,0.8299351908292709,0.859882525253091
logarithmic,1.0665533284891533,0.8753340869028589,0.7633262959934928,0.7028995475050495,0.6322762315728219,0.5983393465639708,0.5364464259869421,0.5086442532896018,0.4821230725045126,0.4611229091402492
logarithmic,-0.2569109190966077,-0.2681612129554263,-0.2722154483104874,-0.2776485793941098,-0.2842166604695226,-0.2942323490286169,-0.2977347906525899,-0.3009979218252202,-0.3059908350274852,-0.311389933540153
logarithmic,-2.281973632922353,-2.428544311722296,-2.5402665592283173,-2.69007821676917,-2.809668164721125,-2.895117033772129,-2.9959183905444022,-3.080111002500171,-3.201474985680058,-3.219529640406597
logarithmic,-0.6094932222638992,-0.7834652046926824,-0.9122589588693631,-1.067361276172424,-1.180834312273651,-1.368479851090344,-1.481210305396668,-1.5753158494684547,-1.6918400770668698,-1.7952837929908192
logarithmic,2.2072388267304834,2.3958819710482566,2.5490051744186872,2.690755131114836,2.780569449230556,2.9042572980557373,3.0185235959877934,3.147072699244794,3.2198942432845623,3.3206643777022475
logarithmic,-2.8259093890694493,-3.200151958889337,-3.4739703674005438,-3.6936570597385288,-3.9088788027133297,-4.163578160284646,-4.371119023348658,-4.469072322742172,-4.644495546520094,-4.822936570254032
logarithmic,2.171083850616831,2.2065070155171846,2.2548829437335063,2.3110580617705265,2.3291990355416825,2.3599294027515367,2.3902845461163205,2.4242229340294146,2.44972126160124,2.46291572411176
logarithmic,0.3804868881279905,0.3947899535590671,0.4100387679885462,0.4219754966655445,0.4323269422879556,0.4470882996459145,0.4560887606067655,0.4642388564922722,0.4746311527424758,0.4866295994399246
logarithmic,1.09931652465297,1.1496746306331125,1.2061394836007548,1.2538226348679054,1.2978078831280395,1.335477718491336,1.3846090639428064,1.411504502823708,1.4641517449907506,1.495580032262873
logarithmic,-0.3904390174258882,-0.1399678074265671,0.2659781790470153,0.3805995581660656,0.5506164128690182,0.7627983117909688,0.8931333025030014,1.0305445604091843,1.254061485074991,1.3585868250461066
logarithmic,-2.9514669113677523,-3.1334272841662427,-3.2372127072302472,-3.3392797107245547,-3.4494137406392302,-3.5965269826137467,-3.669393472326646,-3.734011121980151,-3.8370135823707754,-3.8711650672606823
logarithmic,-2.6441563654181235,-2.772672358288228,-2.8637428196915526,-2.9917803806171217,-3.0633393943076155,-3.1923608579351863,-3.2792389382507103,-3.3401557413642604,-3.4331579644098285,-3.509379053382058
logarithmic,1.1312284797989391,1.3181490273815393,1.4877851448156356,1.6614184309248188,1.7937576539097928,1.931614546306748,2.0603756340797696,2.183335111224874,2.302864702123813,2.3898970008889617
logarithmic,-1.2216083829217,-1.4628984088234942,-1.622692594782548,-1.7957285938994734,-1.942874373391529,-2.127414008738908,-2.27093766999105,-2.4155132978789515,-2.528656639188282,-2.6136138159300315
logarithmic,-3.308405013319567,-3.5068433235441345,-3.709351482304145,-3.861035840426927,-4.021352026827553,-4.185871870638231,-4.301440217070359,-4.439939218989645,-4.551753961172387,-4.686187267802116
logarithmic,3.3408568479406298,3.481610514573527,3.5720362277528124,3.704641449430976,3.806898757553797,3.9126114303083983,4.025839462830857,4.1199301908623065,4.174386369760449,4.259841948873133
logarithmic,2.3996843351231023,2.510831594665612,2.5329808314806157,2.673335973251182,2.737477683904433,2.8031237232735635,2.8840658521512155,2.9595202392122246,3.039098427796182,3.1007149727607843
logarithmic,2.239627462474668,2.976186545026064,3.151691157463413,3.679318437347327,3.932399592188278,4.2152516719398525,4.617245486224,4.7230908414109045,4.788039689016036,5.1127734988663045
logarithmic,0.9914389621122548,0.9821143303078468,0.964930776244954,0.9587129811142104,0.9486610737743068,0.9373615327431714,0.9263238642034658,0.9198981703388336,0.9102036093993848,0.9098159261903837
logarithmic,3.259330653322692,3.352709595500086,3.4672263339902853,3.597312245615844,3.6580614605535966,3.721202598225469,3.805293395281294,3.888184720536638,3.940819573904249,4.005108868452838
logarithmic,-0.6983598050661419,-1.0046644444499655,-1.2525341377704422,-1.4793055801717694,-1.7237135149876095,-1.9240471555793737,-2.033833263316566,-2.2081193121439275,-2.3659878456594616,-2.485591216728783
logarithmic,-2.4649462182752955,-2.62568384644588,-2.8184825879522237,-3.0052698354504708,-3.1448610193312905,-3.2515272842884277,-3.422006817662653,-3.470333865075658,-3.588742898960209,-3.7013183852808735
logarithmic,1.1249671425475871,1.1090494406310507,1.0886058606092353,1.0831234317241056,1.0615225071437715,1.0513991055111402,1.039247527053681,1.0286911557739806,1.0169454372952105,1.011440626961651
logarithmic,4.896931224953797,4.967819653804739,5.133666215802431,5.196102711821642,5.332890121219375,5.4102816330006425,5.538331134295672,5.620116755395743,5.7106122728382624,5.768239880674335
logarithmic,4.57126143270763,4.651806415209323,4.755342751133425,4.7830601256370375,4.895624488970476,4.929217943339754,5.04776068980248,5.094218882445701,5.164257823978831,5.1916661199099465
logarithmic,-1.2309149822731524,-1.284381169130148,-1.315752424948502,-1.3668625708710145,-1.3913048911913592,-1.428456389181529,-1.4668293791146405,-1.4987362737272276,-1.523714514792876,-1.5564296324684768
logarithmic,-1.0149465876151056,-0.9745060297593712,-0.9366628766389676,-0.9051383607358836,-0.8772644596314675,-0.8559220184920486,-0.8327953358886999,-0.8116880166969563,-0.7958208330928626,-0.777452033207556
logarithmic,1.9516326687226295,0.8884180635326188,0.1183744067148262,-0.5200141168536088,-0.7465492787165288,-1.055300887363142,-1.266924982622367,-1.71028462676659,-1.819240445414693,-1.922438065906368
logarithmic,-0.6137310792636431,-0.6969893994631424,-0.8161840416611937,-0.862878122468964,-0.9510062458827978,-0.9961233997403192,-1.0815248357307303,-1.1144381523890454,-1.1987474346557048,-1.2819581252138474
logarithmic,-1.6232336602257096,-1.725144422537433,-1.7815067122845,-1.846176555498759,-1.9320068096652383,-1.973185968965801,-1.9939656712765328,-2.093472641974848,-2.122888966331416,-2.1968693840433486
logarithmic,1.7527812914369336,1.8002082607088197,1.8585008225488115,1.9111015251105687,1.9467702394936464,2.0029146669608,2.046586093508409,2.09197520900343,2.1180269943441,2.1557983706673483
logarithmic,3.8517381969897104,3.968450964911733,4.137800757507582,4.25698432694182,4.418052128897616,4.500685385530306,4.662006839438941,4.748545430193162,4.867154516366897,4.878054660083877
logarithmic,4.137054173938063,4.245255654466562,4.338426691342862,4.438530546288291,4.525545359000622,4.60953683451738,4.702726834337374,4.764745319042724,4.8389601018019945,4.920367305095724
logarithmic,0.73448015074902,0.93128941154,1.0816516248007455,1.1969612116987252,1.4155067657281826,1.563984939072246,1.6523404849351375,1.8401960526425003,1.877644520187114,2.036638926509482
logarithmic,-0.7717875554375359,-0.7343798980063204,-0.7234117543397095,-0.6921241249660123,-0.6737803618585569,-0.6635152597906513,-0.6600277227579644,-0.6391949257041326,-0.6299682586246529,-0.6113039201587441
logarithmic,0.9123571460125954,0.923327670442585,0.9359254692376944,0.9445070426314444,0.9503022392162128,0.963644834863855,0.9711086643485332,0.97759773892069,0.9831986978320228,0.9899750365228204
logarithmic,2.961107738154156,3.058615430806936,3.154045238784948,3.2202540082193307,3.294293219383176,3.3575457589598425,3.4260821155811705,3.4903213215907525,3.53005851261984,3.5911664659557534
logarithmic,1.6238336318270157,1.736118617779648,1.8389605684191892,1.9395161922538264,2.0286578181855925,2.115302493089767,2.194209610208652,2.2889406260690097,2.3479083475890894,2.430911423002049
logarithmic,-2.165551970501943,-1.4922587757514183,-1.0070576430978988,-0.6314760665286168,-0.3526517131771566,-0.1045450429888953,0.1110274786185748,0.2525047764730839,0.4211283618296728,0.5079635074524378
logarithmic,4.8361743051635,4.960137600150106,5.049538464688172,5.127521348288972,5.3109413996581,5.392449349502306,5.450103158028687,5.568057553395708,5.6595573583014165,5.704574255417446
logarithmic,-0.3785651590969744,-0.5098228264856498,-0.6611029811509629,-0.7846980790711617,-0.87337413372016,-0.9104697091520196,-1.0245441118974474,-1.070929950477774,-1.1437940123240642,-1.1726788678985165
logarithmic,0.9598528787464724,1.0254404599761853,1.0733759347102163,1.111575877595743,1.1462060556769995,1.202106609738437,1.241139263121069,1.2777892110496265,1.301569276323194,1.3451777882628098
logarithmic,0.9786886788803492,1.7136314539275834,2.2484914844281487,2.6568626641415354,2.9101222117489467,3.193679447920541,3.4443998311586714,3.7081749427562354,3.771954703537223,4.031058860568514
logarithmic,1.9035158451471232,2.098362689289436,2.2195282586312213,2.339320061993056,2.427929002342164,2.520486283374206,2.605447157883217,2.66747526759187,2.74261800257257,2.8000918345259485
logarithmic,1.9404615166634176,1.2320583885864442,0.7397187542110997,0.2779395996780267,-0.0265139177765732,-0.1918809866717622,-0.4086717874651951,-0.5587913525085528,-0.7465282629558428,-0.9939782910469116
logarithmic,-0.0453078123230443,-0.1642425253774654,-0.2660662158836723,-0.3213982911944743,-0.430000743592524,-0.4919401191468323,-0.5623575160088062,-0.6390864513309218,-0.6939160599736371,-0.7690895048223331
logarithmic,-0.3738454334136121,-0.4049512389654514,-0.4114578997344352,-0.4359243044303704,-0.4498985315560334,-0.4663010071002589,-0.4727583412085953,-0.4843025514019548,-0.4858700686307133,-0.4986730223288818
logarithmic,2.366067868922634,2.6177802050852987,2.8070349621861705,2.9864062009415338,3.1301982365276206,3.2944532764329653,3.4026028033169204,3.5490856431745885,3.680123706816265,3.768556436944568
logarithmic,-0.0399957169594415,-0.0844318772637184,-0.1047582348842818,-0.1557596808797462,-0.1798662470057623,-0.201576536790917,-0.2242790744996931,-0.2531308919467996,-0.2773852446848229,-0.2883065417769357
logarithmic,-2.6833765242083274,-2.814844996715264,-2.945455517831774,-3.062034159599267,-3.165953869943249,-3.2620755642768584,-3.383291124953506,-3.4416420200243025,-3.541811478309097,-3.640008793902258
logarithmic,3.691624939407604,3.728245668847629,3.782746487292268,3.829236950424738,3.8637593866586784,3.9228612554031126,3.967526938998504,4.005168937418984,4.037946244341336,4.080460361929234
logarithmic,-2.405122495806254,-2.762642482798598,-3.0346102668136177,-3.2873900337695274,-3.489239389142576,-3.7288376233464384,-3.856570663184968,-4.075151821872957,-4.133541976491033,-4.268153714657884
logarithmic,1.270412492965311,1.3003048022869863,1.3210500113956234,1.3469925480015408,1.3502914473564367,1.358935420868076,1.3765478920694008,1.3836043179983182,1.3959288725019805,1.4027516129024142
logarithmic,-0.8286750720364999,-0.8023104722676141,-0.7724428958550882,-0.749940135139722,-0.7202670040999322,-0.7001162737238018,-0.6814435822825722,-0.6565394798827728,-0.638021749059056,-0.6193661930298143
logarithmic,0.9100207695066916,0.9456293211483984,0.9745571328470276,1.0020307689304686,1.052160127375498,1.073165179410328,1.1092447911241023,1.132818841028136,1.151162453631116,1.1678423130313855
logarithmic,1.5354303592438934,1.6062597412535469,1.6791598647533272,1.727838211394561,1.7914689836507054,1.8431470318627177,1.8985980404779856,1.9300329411000183,1.9538143242978945,2.0226694286326548
logarithmic,-0.8368450517271304,-1.015835437380486,-1.224918828454264,-1.344304374999763,-1.3924864972602622,-1.5259844598222672,-1.6141351705805125,-1.7293475892359362,-1.7755324232281469,-1.8554807235609465
logarithmic,-2.283405048443037,-2.3548604494800784,-2.4398977247636835,-2.5069856460465134,-2.569911790335845,-2.6014663766039794,-2.661923281858245,-2.7207517409252384,-2.7587459617398906,-2.7817964028872755
logarithmic,1.4024546814667989,1.450527273425232,1.4856040030200697,1.533526865700728,1.5673352018124758,1.599033444643126,1.631574161986722,1.663668318512398,1.6983692633878371,1.717379147927501
logarithmic,-0.0087555033728557,-0.8666024696382555,-1.3787056556027106,-1.9328120107088425,-2.0823296799951123,-2.327878151974565,-2.4760210405914167,-2.664973817725489,-2.9384884582446924,-3.033664054368788
logarithmic,-1.0727650525263004,-1.1431304134728726,-1.176631778869878,-1.2372535372234963,-1.2816423280243014,-1.319718615563084,-1.3614047660199295,-1.404817442638398,-1.4404724222523335,-1.4621468188639395
logarithmic,0.2737897080451144,0.3229275987358194,0.3464486911331119,0.3832328786974475,0.4194300687096209,0.4300288049867856,0.4630506125433699,0.4958236586388996,0.5152274447456471,0.5332787812178019
logarithmic,-1.5874667727867164,-1.652053594647915,-1.705969286965333,-1.775756501978936,-1.8109974315177104,-1.8672262334975052,-1.920228954835424,-1.9574270373018527,-2.0001332719546587,-2.028616432378767
logarithmic,2.92926493123317,2.973127541562992,3.013535102755228,3.0475841538051225,3.0883528528273407,3.110413872744981,3.129192088133665,3.1629353139033327,3.201150714710468,3.223652045815781
logarithmic,3.594392580625117,3.7828507562316793,3.945826434457871,4.132696164894377,4.2762838481429215,4.376382672886986,4.528117949915235,4.646027474216734,4.747279061873975,4.879559791375199
logarithmic,1.719273440560848,1.4752496271155255,1.327873096136608,1.218727186481609,1.1030624118258752,0.998342159144652,0.865953436057798,0.8042012849197393,0.7889534239752043,0.7408091173233485
logarithmic,-3.5124751056747074,-3.635570396134247,-3.72021672903887,-3.803775352737938,-3.89861100540466,-3.978603290333033,-4.062624931428608,-4.136874007889275,-4.200188646728914,-4.281061338396448
logarithmic,-2.915930434830449,-3.2054979346250034,-3.395854190189967,-3.6890365655069393,-3.766234691605598,-3.907785415803043,-4.080210523010202,-4.224810617028687,-4.318748846853921,-4.418115188625451
logarithmic,0.292941701457096,0.2571659417062519,0.2028113110872104,0.1603705304413065,0.1195771098069277,0.0855868696032951,0.0528707249264727,0.0063792051424433,-0.0175239499617004,-0.06018523693651
logarithmic,1.3365663034766964,0.6410931042991093,0.2034863412108604,-0.031752597983071,-0.2627599398191608,-0.4883418308801895,-0.6905308421003297,-0.8078061540828007,-0.9428382963340216,-1.0763470977707084
logarithmic,-1.7408782784460954,-1.8114849479932944,-1.9004045333022523,-1.9704088943492308,-2.0445541124810105,-2.1111477368185376,-2.181855376767777,-2.2413822925747087,-2.2996361146910287,-2.3522022336044417
logarithmic,3.102488136182929,3.3276429541339096,3.533819875143445,3.724330812480905,3.8769578048708935,4.0336139185796345,4.187763573366806,4.314423573521161,4.445035816600112,4.561845392428393
logarithmic,0.1584909858253443,0.1523783354668398,0.1460529298703645,0.1396812020670403,0.134848694133894,0.1327982497266081,0.122197302108806,0.1211936912005224,0.1150677623180412,0.1101220398925781
logarithmic,1.55435636903231,1.5437735213079868,1.541471872360361,1.5342956716772502,1.525996165899511,1.522308541112333,1.51957052224599,1.5153692300509949,1.5081752544160971,1.506358665954116
logarithmic,1.8217814092870668,1.8514077975180852,1.8802163705192243,1.9028341827681543,1.926793870221299,1.9523140787307165,1.9691519923199965,2.00014659927325,2.006314585455789,2.030837315245334
logarithmic,2.598092860990156,2.672701425753194,2.7531961559689,2.8219169631511862,2.89494432706411,2.9427508534107627,3.008689644483583,3.079398350733021,3.118932306462985,3.1577481499347257
logarithmic,-1.4624488153524662,-1.4836436139518177,-1.5015091180104132,-1.5167642823115657,-1.5324003989262616,-1.55081173290457,-1.569248866941438,-1.5814582828397978,-1.591979651891034,-1.6090083499701715
logarithmic,0.9755680134619552,1.0545217240789502,1.1515810266015671,1.2387499181684531,1.3300075431000955,1.390878316337393,1.467482537143881,1.5264778365998608,1.5882412796799616,1.6480425704064892
logarithmic,0.5046201462760377,0.6472644622176007,0.7884573228506648,0.8886380670424479,1.0029042518222644,1.0851191829476217,1.1811513002378151,1.2676758736844231,1.3301217007121673,1.3985157819400185
logarithmic,-1.557720328549055,-1.4076966361806462,-1.349064767508788,-1.3049464034948723,-1.2634115153509056,-1.235474347036385,-1.2095420298781212,-1.1871372139409198,-1.1770593836346388,-1.16445956341285
logarithmic,3.3006964143433564,3.4177637251838435,3.523144700875207,3.612475416976325,3.710649354084106,3.795666553319444,3.881886363629868,3.967632352779109,4.046475016064952,4.107799010600353
logarithmic,2.9004692409860606,2.93876831996852,2.9877462394699226,3.0231998178300583,3.059556333175644,3.104643593321761,3.1513999664335577,3.1704688704314745,3.218796734181822,3.233259069591688
logarithmic,2.007957967806047,2.090847374244026,2.1396159687341374,2.188418032709769,2.230515394547194,2.2927452207151577,2.317831870040022,2.3542470092572327,2.398318330492646,2.436984900463019
logarithmic,-1.6915016240634235,-1.8003405480999402,-1.8750833476037323,-1.989197901712535,-2.0468398020802905,-2.1591856075690754,-2.241570098616716,-2.280724573588191,-2.375732114562189,-2.4445200644222385
logarithmic,-1.6935863257261958,-1.6723150344823885,-1.6522826630543823,-1.6394010254381763,-1.625228315775265,-1.613700343584088,-1.6075566507257848,-1.596158042732352,-1.5858150802172044,-1.5776730986055978
logarithmic,-0.0075572277754999,0.1377898768402161,0.272420690132131,0.3397650585549067,0.4258886839548271,0.5061860508769099,0.6200863845305158,0.6594934253466508,0.756085283582233,0.8057780175904614
logarithmic,1.4860082692388206,1.504557009275921,1.5212642135191472,1.5373031443542158,1.548792375815238,1.5579908463336938,1.575577586835882,1.5880997118661109,1.5966111412511277,1.6070346393148338
logarithmic,-2.1593667043666267,-2.2004875532287818,-2.240832970352954,-2.274497925092469,-2.302696121279677,-2.3410130700310554,-2.350470190331862,-2.400369628054308,-2.415745297127436,-2.446106572400798
logarithmic,4.106257161104061,4.196727748784332,4.28025626334779,4.356572001018181,4.427643988533879,4.514215102186,4.580305076070008,4.645031960141806,4.716087168460856,4.7751987545952685
logarithmic,-1.1771862158140904,-1.3583717303235,-1.5919870805439218,-1.7293730022308964,-1.892070419589478,-1.9150990884553007,-2.171233859828139,-2.2801007815197405,-2.4375118541677274,-2.480987116194702
logarithmic,1.377462752364187,1.5505909064984098,1.6885597489095383,1.803478676179848,1.9061448242736263,2.005876125092033,2.0947874156333595,2.1573260759111186,2.217605177523058,2.285843198707603
logarithmic,-0.2156150509309708,-0.2657254013922921,-0.3043986464944667,-0.3564032966783627,-0.383924140836605,-0.4249127803752746,-0.4442704246452786,-0.4663682851495065,-0.4973058432310777,-0.5120405441928433
logarithmic,0.1415829272972334,0.0866413197809093,0.0603841754556686,0.0166983973985003,-0.0074101742258657,-0.0547994677722853,-0.0723563240993915,-0.118268641203204,-0.1251068082258939,-0.1553761727271469
logarithmic,-2.913544819533175,-2.978042656789857,-3.04794683598732,-3.127887825605737,-3.149652936026376,-3.2275665627656074,-3.2954565438790966,-3.3335586495449627,-3.386284185086925,-3.4407045359508306
logarithmic,-2.1751767279948173,-2.3955453258474693,-2.578611537063197,-2.734326200960105,-2.9373481174644493,-3.039263597471845,-3.1669329619614746,-3.314961876931369,-3.4401712979688206,-3.513903104161726
logarithmic,-1.2424931132080688,-1.4483183608155783,-1.598760062157641,-1.7807277944454003,-1.9189066543017888,-2.0348944112169742,-2.1950242453823163,-2.2577323515320646,-2.439105937973051,-2.4711903438140395
logarithmic,-2.301220620809286,-2.32963080717022,-2.360333193770191,-2.380325542779863,-2.40262648606307,-2.4244105101828133,-2.4491178821692263,-2.4647679712517974,-2.4808373694487926,-2.5000268412778293
logarithmic,-2.197628066754445,-2.297386834483344,-2.454623103218782,-2.529892593206413,-2.606186380646613,-2.6772407928916224,-2.832381827727364,-2.867380894538669,-2.945406844454374,-3.0120905394108384
logarithmic,1.5897402230639224,1.669856072642932,1.7787152772801886,1.8714575175026729,1.9795454301309408,2.0991448495054725,2.184674860732758,2.2555595102104573,2.292504582307755,2.3587712229026474
logarithmic,1.0148145331025682,1.0431368969673127,1.072713048797997,1.1026266441265409,1.1222997534624335,1.1540079830962318,1.1694577940393227,1.1932533532943228,1.212520946237441,1.2347087745931884
logarithmic,2.412404772019278,2.520300602092622,2.6371564840853527,2.726721205484212,2.8145768041163257,2.908454366763241,2.9821174191030506,3.0655962716875917,3.139543313689283,3.218996821667916
logarithmic,-0.0245326428516037,-0.1662771735110877,-0.1874949423319772,-0.2475060427927011,-0.3099081932716647,-0.3574980220445066,-0.4159056516199555,-0.4595794420295175,-0.5237729105279427,-0.5819583515426606
logarithmic,3.228129848543356,3.313454515424649,3.3981303597024985,3.463127047811412,3.5623832854313657,3.624075197739111,3.729130295023786,3.7380982599059434,3.8369524834703927,3.859611049531856
logarithmic,-2.1208994722740684,-2.182151915825606,-2.2258221168142343,-2.300053190647876,-2.3471032506432885,-2.402411582816056,-2.447320250952666,-2.4979692855064664,-2.5359482822352515,-2.5946426779774123
logarithmic,-1.2923317721542018,-1.3495258027167911,-1.3775926465737744,-1.4379947401462414,-1.4804878233173675,-1.5134089566908466,-1.5487422326300198,-1.5803271782710957,-1.6257387584974836,-1.6447571137882848
logarithmic,1.359376057017995,1.584482320121302,1.8100544846179392,2.0269674985500687,2.2100742967439486,2.4217340688384548,2.4979118338434643,2.6629548387664674,2.799000205495848,2.891494258227441
logarithmic,-0.0504850650080555,-0.2426729479113869,-0.3783710913479894,-0.4948588295349544,-0.6088063714552,-0.6575746740604361,-0.7714922369610971,-0.9103022149472078,-0.8931400860192171,-0.967170678632722
logarithmic,-2.121217960181271,-2.4568756548747714,-2.7136672374609754,-2.969803063537097,-3.147336312915669,-3.35853981528627,-3.525470982934324,-3.653434924551175,-3.825423666418893,-3.970891969072919
logarithmic,1.3617352640814326,1.381659196070721,1.3992487110184817,1.413615630915083,1.428140534837537,1.436522040209881,1.4497154382164414,1.463900248497188,1.465127014847559,1.475849761874847
logarithmic,1.0178656462339486,1.0983745294721683,1.1723973870854438,1.29761500982401,1.3683273340669595,1.4093014189217878,1.4824574597636868,1.543171233634434,1.5817126139877202,1.6794481827171042
logarithmic,-0.0530917013418777,-0.6279331474091205,-0.8939291527973394,-1.301874706798217,-1.453033663118241,-1.7848605656129868,-2.0001080108075704,-2.104489415990698,-2.269167213223769,-2.4092513846943526
logarithmic,-2.2660844644116387,-2.620536084620802,-2.903441899809001,-3.11941731311711,-3.225207543745477,-3.3612259006484164,-3.5626375395498244,-3.6405796845555134,-3.767912383285937,-3.8346466190530575
logarithmic,-0.3430022676555477,-0.4101991422934994,-0.4677508848944038,-0.533850124299974,-0.5956624232883572,-0.6471944425747652,-0.7024884155905665,-0.7248550905455864,-0.786480787370111,-0.8069075633808189
logarithmic,-0.0557730491002547,-0.0886581196786693,-0.1141753931321305,-0.1343647125926922,-0.1501595079695739,-0.1683108536573168,-0.1928440737737006,-0.2022628839595919,-0.2164400899730841,-0.2357186157776414
logarithmic,1.409760273581111,1.3618438229430354,1.336494832937523,1.3094925491657436,1.2830703322956658,1.2669625819069592,1.2502679375482637,1.2303040718496123,1.2167998485254945,1.204998665318228
logarithmic,2.975620742797606,3.233919638000017,3.4263834120996,3.608101749976648,3.789095013101882,3.933478450135466,4.077621701425738,4.26054546325146,4.398241039120355,4.4486703467851285
logarithmic,0.5460633816837285,0.4776788517469796,0.4052566748243218,0.3293456030616207,0.2660285190166618,0.2175177760603225,0.1630609304299805,0.1153535830043877,0.0588312923155435,0.0206246717650699
logarithmic,-1.610921944556055,-1.8122920352967329,-1.9768871524997491,-2.1350861796028853,-2.2914021878325226,-2.37864573892866,-2.5040209430247065,-2.6414349329356974,-2.734531055626434,-2.8146413946924587
logarithmic,-2.848051028507335,-3.0011712312920684,-3.1446162563490527,-3.281540121637476,-3.4066760881378912,-3.5325922575493545,-3.626272464010084,-3.7345531830521983,-3.817467618988014,-3.918012049294221
logarithmic,-5.439526988787323,-5.549808634235308,-5.677816802474026,-5.776884787362041,-5.86709400558267,-5.968877904514895,-6.082697642580183,-6.156554293564534,-6.225026545564602,-6.313766127697021
logarithmic,0.1459399496228625,0.069661505433294,0.030617575409519,-0.063686976575602,-0.0920026747368457,-0.131178433547278,-0.1831410734246403,-0.229150282553217,-0.2752430480359509,-0.2827376937784114
logarithmic,0.2366705152242467,0.2431750284015757,0.24919502499552,0.2543447219170484,0.2609934564512471,0.2661944271855572,0.2699946226464513,0.2746055686200332,0.27828444374502,0.2838181052770064
logarithmic,-0.6891570637785452,-0.8229669037693267,-0.932419421328218,-1.0192256445736496,-1.0808436308846392,-1.158841859632591,-1.2271649386077932,-1.2877838114452838,-1.3439246718748905,-1.3905757520151936
logarithmic,-2.361622649620653,-2.434392774226501,-2.4956224365081803,-2.565192725797814,-2.62363144727768,-2.6750973806919665,-2.739657759539924,-2.783586762198746,-2.851831413912811,-2.893965288075444
logarithmic,-0.5489456141705259,-0.5207413348479695,-0.4957805769165504,-0.4591595272279633,-0.4299497022378789,-0.4055592062417824,-0.378326325546612,-0.3554337415312444,-0.3305819975359041,-0.3043908797165839
logarithmic,1.1927595408288276,1.3026901656261929,1.3859194832105792,1.4899738008179142,1.570858973195407,1.642756583764083,1.723546566828673,1.7871150513018592,1.841440306693559,1.890777738139219
logarithmic,0.493117506104689,0.5385035502339478,0.5849713707462337,0.6231233893572741,0.6600783892313585,0.6816493503614341,0.6995622936519525,0.7212688557130181,0.736591832101568,0.7586102152781843
logarithmic,1.5514425349086685,1.377814361486693,1.2603931103002997,1.0838665314951388,1.0040370614770655,0.9123556559331176,0.8353287425129752,0.7820170885859081,0.7036898724507779,0.6090561451628257
logarithmic,-4.315441734856937,-4.408204212636816,-4.496383864156,-4.598569909724964,-4.675335616972717,-4.743443941557578,-4.816371413310237,-4.894472053212784,-4.959575141285286,-5.0299693077744205
logarithmic,-1.6223941999378295,-1.708487303014801,-1.7595441300666383,-1.8256804827430249,-1.8730791064074896,-1.9307130413971585,-1.9724949279902837,-2.008200664300084,-2.044472332974607,-2.078648627584101
logarithmic,0.3730134723090271,0.6263574625992222,0.7517422992509103,1.0806549128544778,1.2470539211824003,1.2843374757835435,1.4668860677810196,1.5819372982304083,1.7867164735642231,1.9160979870826864
logarithmic,-0.9539087115741692,-1.096675297865684,-1.2090047012748268,-1.3033647998373163,-1.418057551666586,-1.5053561819016774,-1.602303581009075,-1.6732533317495866,-1.770115877743691,-1.8352480861220772
logarithmic,-2.4572486898196413,-1.8076919856469669,-1.2369829635358205,-0.8742670876545804,-0.6100063665676139,-0.2638204222011276,-0.2108613492825692,-0.0770843198228608,0.171135718599876,0.3640079163886685
logarithmic,2.9848047040247345,3.049426114665445,3.1226870305406296,3.174900544751895,3.224398256983379,3.2883926386184354,3.3338050306619653,3.3688029324473296,3.4011967835142407,3.458664108607445
logarithmic,-1.534820911389328,-1.8332803158549604,-2.1166194393179896,-2.330742307071432,-2.5588767003120685,-2.7355872328551527,-2.9203719118257268,-3.0232064550781077,-3.228004424498312,-3.307121979421745
logarithmic,-3.523370314001396,-3.6133211184097886,-3.7200549171566255,-3.794785804185901,-3.88290855594363,-3.9685822220575937,-4.0334290392083885,-4.0911055738726,-4.175576574723885,-4.242226894450379
logarithmic,0.0831726400368464,-0.0163240565852736,-0.0874531506609886,-0.1657035210441856,-0.2490950025169244,-0.299612080946904,-0.3767655793392816,-0.4279794729698227,-0.4924072242278966,-0.5283701016163382
logarithmic,-0.7820996913724839,-0.7682961756868645,-0.7626292822762806,-0.7492900439262448,-0.7417808375628144,-0.7332757474374482,-0.726424149195206,-0.7206000213948371,-0.7115058673799204,-0.7049471007928507
logarithmic,-3.4834799226984248,-3.546969094001255,-3.61919294958992,-3.6860414280588607,-3.739583615162818,-3.808275316997511,-3.853465012535221,-3.895726222362603,-3.945951001141746,-3.98764167116086
logarithmic,-3.001350294934777,-3.0734681171321707,-3.1586067434850267,-3.209046349547384,-3.29936943474956,-3.350307473528819,-3.418099086882441,-3.4666548803219763,-3.528131466768274,-3.57607546445551
logarithmic,-1.905906888938104,-1.9191124081869573,-1.9282151429538168,-1.939067700127889,-1.946327582341742,-1.9550508413068683,-1.962260211250288,-1.971102790437844,-1.977663841498436,-1.9810356049465816
logarithmic,1.154608813530997,1.1409382691925278,1.1282867998372803,1.117650740329189,1.104603081379254,1.0951756908764794,1.086541923120239,1.077625340739607,1.0679852052301702,1.0591171301302575
logarithmic,-0.0287518217119425,-0.5823945309203782,-0.9226888212314508,-1.301555516584441,-1.548366201199386,-1.80743809639886,-2.031288891785079,-2.1909239547647794,-2.4882763902166607,-2.6196860780273923
logarithmic,3.098741523320692,3.1668464572587194,3.2275558122353445,3.317834249813129,3.3543835855790403,3.4067471187338483,3.459976952752507,3.480868944968311,3.5408350436299045,3.5963589008175605
logarithmic,-1.7131188148289922,-1.9432759552189385,-2.0873561723179788,-2.217735972377523,-2.354375421973709,-2.372590298369051,-2.4382615745453373,-2.493808561004612,-2.5605970372036557,-2.5852007166325888
logarithmic,-3.887375180435914,-3.978803954604024,-4.0346218928479445,-4.116008287152313,-4.174181429890143,-4.238646555330724,-4.301364345603071,-4.320796388346654,-4.412324905198937,-4.48090327053084
logarithmic,-2.374730365603249,-1.6634785835669637,-1.3023067152018275,-1.0318082217986737,-0.8091259958497616,-0.6752195181801154,-0.5182709175325705,-0.3694843600956959,-0.2865724303744919,-0.2007171420210478
logarithmic,1.99598901351211,2.068941740397644,2.127381626834994,2.1923813540034347,2.239701042409054,2.309403757084279,2.340414327933046,2.3948584884982616,2.4542385115724072,2.48067477829752
logarithmic,-0.4544035575404864,-0.4270193780771923,-0.393551862551376,-0.3667794308092965,-0.3312708218176957,-0.3130812326424139,-0.2830973892675152,-0.259223594077497,-0.247319292053818,-0.2303046892239342
logarithmic,-2.470216898487645,-2.702699018005685,-2.9147662949960864,-3.0946227958333057,-3.190112178784844,-3.4036536239819326,-3.488208045122781,-3.657604802533563,-3.8278552474331113,-3.893361584175525
logarithmic,0.0043587460447511,-0.2677207929048357,-0.389768253061562,-0.527387477747151,-0.552291231127119,-0.6972596604279567,-0.7926565825513449,-0.7799041490846007,-0.9073411354033646,-0.9826552497116025
logarithmic,-2.1469563780549428,-2.199785341922911,-2.2421428146219333,-2.299732054462245,-2.353298366806,-2.393710603035259,-2.4260564973884056,-2.4569066214420467,-2.5167261648064283,-2.532809187550654
logarithmic,3.625746958464461,3.671732983491013,3.729905192823976,3.772869908388262,3.839767900451703,3.882902515863049,3.919212063967253,3.974700872349776,4.006853880529081,4.060152310245202
logarithmic,-1.0602069736263415,-1.304098531905604,-1.5234390809516076,-1.6304316958035985,-1.7321388314007704,-1.821014478193598,-1.860116829675148,-1.968575518407868,-2.053325381024889,-2.0843120830843973
logarithmic,2.3251717175737423,2.404046483248786,2.478276270062836,2.531282871686665,2.5935693799102166,2.6633903589823533,2.7022054164886806,2.7571705203501327,2.805222285762216,2.8387033846744267
logarithmic,2.0242277688282293,2.134469783087225,2.1811698235807606,2.243365545656596,2.319846692987766,2.3689920762331496,2.425820313923626,2.4873736031884093,2.5066626267328216,2.5694584338001696
logarithmic,2.8538372281927797,2.966235378209181,3.027575902269777,3.1349230580732645,3.2302808935436333,3.318971319964196,3.3640830452906334,3.4545863565759687,3.5479430229436746,3.6351317380766615
logarithmic,-1.112066695730994,-1.2068136647071248,-1.284151649481604,-1.3332748705123296,-1.3875539178240646,-1.4454416102150027,-1.48087229916867,-1.5225124847218978,-1.5526030250401617,-1.591947746534691
logarithmic,-1.2861192891390076,-1.719916575282507,-2.0208112278509143,-2.2492487500858345,-2.499556858252152,-2.738934212912333,-2.8877439624913497,-2.998380464464776,-3.1405897251208668,-3.3496277932109617
logarithmic,1.1999774650746526,1.7467176386614616,2.003073224723426,2.3444853999545816,2.6200065887321555,2.850280181682736,3.0294664777452835,3.204231945898479,3.4328871209304648,3.5348260174257984
logarithmic,-3.959362421124001,-2.397330881509851,-1.334430943633344,-0.7032172941843865,-0.2969195720536206,0.0510931729246632,0.3087547354969113,0.7379794893600155,0.9362942205061116,1.1381420924600547
logarithmic,0.7192953231907949,0.8289637413599451,0.9398544584866644,0.9981118237235058,1.0400570469672357,1.1177986213896414,1.1655643705900278,1.2217616767469972,1.2523252847447384,1.3110305651930028
logarithmic,2.665227585314787,2.777142764522865,2.8842671636543358,2.9863894740026558,3.079098377408548,3.1749932697726795,3.2460528767186005,3.3324602005055706,3.4264208131728213,3.480005310405735
logarithmic,-3.909366018702608,-4.025982384002552,-4.137577234415495,-4.2353378849139975,-4.345004222116688,-4.422500838390654,-4.51075966803843,-4.58979101397984,-4.669593698707191,-4.746572456587379
logarithmic,-2.4885837159399005,-2.7955953477922995,-2.9744990069003188,-3.19967633006814,-3.401021413643428,-3.5082150276795474,-3.666750892206307,-3.902324097321079,-3.955306424880364,-4.11768609074586
logarithmic,0.8435242931536356,0.895959487583746,0.9722322105540984,1.016014193425442,1.0495523234971609,1.0935704822136485,1.1205881739579016,1.1746293660941889,1.1960192858005163,1.2428981195176023
logarithmic,-2.069522900483064,-2.0921873805584936,-2.1163897092057806,-2.131909295792125,-2.1508839411509197,-2.1709627478095403,-2.17767682909607,-2.1907141232628704,-2.206662143647834,-2.2199470446732423
logarithmic,-1.5715587814045118,-1.377999419021668,-1.234302349920089,-1.1486845591941188,-1.0841964061720253,-0.9921689405470384,-0.934959864322382,-0.8611053095269908,-0.8322957802895703,-0.8342443335062012
logarithmic,0.4771677490932881,0.344129206404652,0.1728644594893399,0.0708946656708725,-0.0300198699971693,-0.1001414305621591,-0.2167820661154256,-0.3078579115331574,-0.3218276828268469,-0.3849501758615065
logarithmic,-0.5219697053419694,-0.3818238483914595,-0.2545328445850123,-0.1154968725171587,-0.063070284082957,0.0082933340850882,0.080964746351047,0.0754912404280959,0.1891587198786764,0.2538432290390583
logarithmic,-3.449955158284804,-3.5528001522092194,-3.658955342936121,-3.75785768780798,-3.880198009311812,-3.968627015900121,-4.054239234897506,-4.136912938343301,-4.212695266918707,-4.280258125447775
logarithmic,-1.3685460727019705,-1.3749789902521448,-1.386212300786729,-1.3917892713616418,-1.397017714779611,-1.4029505385933865,-1.4067629075956725,-1.4157995857152958,-1.4201704478007724,-1.4243113929028588
logarithmic,-3.557271725016514,-3.749649167084858,-3.847430879488932,-3.9589714631915145,-4.102303697641805,-4.189636941008929,-4.278249161125856,-4.369553158842198,-4.458426660170434,-4.550501810458778
logarithmic,-0.5272818321255842,-0.1563392070089986,0.1804836106547643,0.2991640180215514,0.5544848243135588,0.674878866789903,0.9929089445669704,1.0840083358043229,1.2147530123440615,1.3679206488110711
logarithmic,1.1152905138769649,1.120308809844615,1.1264966829288316,1.1330758945063517,1.1396578977265228,1.1445844102725746,1.1481441391514635,1.154531041213001,1.157230796257929,1.16192700115213
logarithmic,1.1244978777665289,1.1369566684090386,1.1429248715635318,1.152074975236896,1.1585509049993783,1.1656215533548209,1.174980893076138,1.1824402204531557,1.1873951679802874,1.1899193929669976
logarithmic,-2.0994969120470643,-1.261484047077126,-0.8718449458695688,-0.5592071013839812,-0.2362060209522109,-0.0240038903162538,0.1991396114061689,0.4207505700156518,0.5708657970204664,0.6945145249754899
logarithmic,2.0216860583219027,2.154875308581752,2.347546164312765,2.425247293349325,2.529641006392698,2.607199839225585,2.7047249222991354,2.800812078906512,2.856470325880809,2.956991071297139
logarithmic,-3.1979111805406046,-3.29486524515952,-3.360211425165366,-3.435755832604379,-3.507083688365241,-3.575260484525536,-3.63300784403109,-3.705632067115116,-3.744360509759694,-3.811420689473776
logarithmic,0.1104385180433521,0.1378712836544495,0.1487202951905925,0.1576020487844774,0.1761855583863031,0.1879662003229195,0.2011083723310913,0.209070999891158,0.2242265727647835,0.2320770073727821
logarithmic,-0.7424929437331332,-0.8919588526538966,-1.0038060368286137,-1.1185755452497552,-1.2112948442874505,-1.2901859060540528,-1.369467456177234,-1.47090567070275,-1.5279762951198357,-1.6077511317425848
logarithmic,3.812652771454095,3.871047694319852,3.966807943976724,4.137533791939311,4.269427331136567,4.342482589391708,4.45992151068862,4.608020780261497,4.642800765844426,4.810730486678227
logarithmic,3.142264012766469,1.6563105574688328,0.8322278100681586,0.2545985315552367,0.0675121419157326,-0.264859173033118,-0.6945357037586342,-0.8002105032729919,-0.9315934299620976,-1.1111317328415535
logarithmic,-0.428389181031219,-0.8216969929078966,-0.9508099980891508,-1.0864930661945402,-1.243922046845939,-1.3389969378477518,-1.4286714384905723,-1.554931037249266,-1.6374403598915528,-1.754879997645561
logarithmic,-1.053395690135579,-1.117414056183006,-1.1782657919115307,-1.2161625452577247,-1.2789216669417174,-1.3204017904352787,-1.404087092104777,-1.4213564344978362,-1.4774833038578,-1.518593433138801
logarithmic,3.036306213202982,3.1303579699043174,3.25880101034441,3.367396286923063,3.4744095715141974,3.5425799729804024,3.635082068187864,3.71848533090136,3.804859132144709,3.8737571329262175
logarithmic,1.5753829279592009,1.6275909851734764,1.66017394196678,1.6900155522488935,1.7450426676346922,1.7751530644125408,1.8042892976148328,1.8471133015557,1.867462447034891,1.890219691293882
logarithmic,0.9565633255936474,0.0327653482893492,-0.5275323455699296,-0.9651741567338974,-1.3222245162677435,-1.6236671518136647,-1.8199484876193248,-2.05926159802702,-2.2829863069526364,-2.4535655249913764
logarithmic,1.7813398512151803,1.8591329533111507,1.9348204325024556,1.988303593036876,2.046551396549561,2.115799387593348,2.185339283632429,2.22673863397057,2.2703648751356007,2.3411838715933544
logarithmic,1.1766894215009542,1.2365708012729268,1.3083182724537017,1.3676447942680654,1.423707804038666,1.482050204442657,1.5489514094315084,1.5985227570084777,1.6309766954461902,1.680587115979403
logarithmic,0.4965977940598611,0.2699946296984478,0.0746821128364711,-0.0699324132076427,-0.2250390176740783,-0.3701016679536867,-0.4831627504753537,-0.5933431396321359,-0.6590384112563334,-0.7462178830815493
logarithmic,3.0146136405593387,3.1364939371565024,3.261483228480362,3.351920699616185,3.399876269348904,3.4456740757988986,3.54357867585996,3.663414538630741,3.713720495608979,3.768315108296809
logarithmic,3.6370688498559502,3.675616549087007,3.742868408942007,3.86533246782356,3.937104409415809,4.028078941983517,4.104315776031367,4.130567918875736,4.24745740224851,4.276570381189546
logarithmic,-0.6277415588956966,-0.5351537496334645,-0.4508819017540222,-0.3794601067387068,-0.336696603772404,-0.2902332613266903,-0.2450133303432586,-0.2079761863220036,-0.1777075713639158,-0.1400842090231352
logarithmic,-0.3075002854017163,-0.2728236536411916,-0.2391135977279318,-0.2113972968930791,-0.1729946831934798,-0.1549664970101279,-0.1212447054582001,-0.0969711607998015,-0.0701101657964169,-0.036577591254644
logarithmic,-2.079445746393736,-2.113754134340952,-2.158897085685848,-2.197843170765083,-2.236712487877952,-2.269248638335064,-2.3035049100132965,-2.33090995423084,-2.3612135185269207,-2.3890955744131355
logarithmic,1.754072034109665,1.84185897407561,1.9131557452897736,1.991336032499358,2.0490435769770112,2.136346391184155,2.1831024994201624,2.2614931914911027,2.3163684127873827,2.4002120300048007
logarithmic,-1.5951126432620018,-1.539970787910523,-1.4922326936347894,-1.447750567597499,-1.4095193434513398,-1.3699197674379366,-1.343125424495767,-1.3107920614332529,-1.282487996232589,-1.2568070580375303
logarithmic,1.0012556460333282,1.03023396989899,1.0571933549570829,1.072106980284531,1.0888119765892863,1.105174565398278,1.1179227800956766,1.134249805263492,1.1464072048334015,1.1547419961616756
logarithmic,-1.0436353631340722,-1.181482933524744,-1.3260096978615146,-1.4123509722577643,-1.5198500325682591,-1.5895946998816477,-1.6550363523763785,-1.747260644202686,-1.821705747738808,-1.8352497845521103
logarithmic,3.661686817297025,3.728058739063231,3.805786677795495,3.872538789245449,3.895824474577188,4.002052453574692,4.0561777353651145,4.112892272687039,4.159686170162644,4.213069064903583
logarithmic,-1.332610642596188,-1.1525503545985776,-0.911941768767975,-0.6392035706982647,-0.5601147913493253,-0.3777132708220397,-0.2907651129620828,-0.1980879712677073,-0.048924681713927,0.0207063326055235
logarithmic,2.6538162261073817,2.785482997319317,2.8758077191990994,2.9689465260826897,3.0827662649636918,3.152511972983126,3.298297241046852,3.3584871319419958,3.418643855038688,3.5031783501591973
logarithmic,-0.9239327374201336,-0.8189498685830238,-0.7403293397894413,-0.6603366756061503,-0.5893656688551939,-0.5541385830829326,-0.471985144575266,-0.4349955805822566,-0.3768243378748084,-0.3266226873087971
logarithmic,-3.521370537581361,-3.612849509090269,-3.69410106082868,-3.8028550616619694,-3.8639049318546617,-3.94197329611079,-4.006274332724648,-4.077622612673208,-4.1202244393971625,-4.191750485701513
logarithmic,0.5274537253268745,0.6184963569630676,0.7692706628334046,0.8905674875942546,1.0256542229671055,1.1247253643353,1.200995372243757,1.3113354356459237,1.3789344660079592,1.4611130274731567
logarithmic,-0.7791996931029236,-0.919798545602704,-1.0409159477725922,-1.1709362659565594,-1.2358573004097415,-1.3676679559166258,-1.421292091748942,-1.538354606608317,-1.591392453121271,-1.6332638221552551
logarithmic,-1.2389882932067695,-1.523692007703749,-1.6578373528066117,-1.8326846989861096,-2.0138013802604005,-2.1523751102325046,-2.215087857925188,-2.2115542435764706,-2.3687450895589004,-2.4227981215295173
logarithmic,-4.41997503569045,-4.537329348946555,-4.593752568680737,-4.692014141242399,-4.770145506803591,-4.846352430158187,-4.947104552998223,-4.993372803585453,-5.098532281545397,-5.139227633324394
logarithmic,-1.462912911586106,-1.5412079823973472,-1.605732926826045,-1.6574896229990046,-1.7113665143806482,-1.7474594773163972,-1.8050629616132787,-1.860456158234864,-1.9064701702158884,-1.9443836115698545
logarithmic,0.8626138209092298,1.215327480861151,1.5787587723415886,1.8132781050135445,2.0598806871728783,2.250355114463761,2.4376170172932485,2.593011005282077,2.755193470263368,2.908279469419057
logarithmic,2.386399503797786,2.465996967515544,2.5228128879419374,2.588497007312151,2.661620124860277,2.702433591524539,2.774910666135572,2.8006775642711745,2.8428518894578656,2.8894424819059834
logarithmic,2.347934495329592,2.472476616476706,2.526183383359653,2.6386795274482022,2.695407229605767,2.7943465485116423,2.851946881531903,2.8976530782660808,2.9945937564461724,3.0064687045048744
logarithmic,-2.400385201083562,-2.5049924305961264,-2.6079779299899832,-2.700750535780106,-2.7775686038470933,-2.8772770371732186,-2.9442129411110507,-3.01705818137879,-3.091758061474609,-3.1386349436862817
logarithmic,2.3452804714057702,2.411944019652269,2.506948103741004,2.558978949218364,2.622032667025539,2.67475790355489,2.7489809444419886,2.7924397512009413,2.8332318213956733,2.86779010800115
logarithmic,2.5658212170546872,2.643660172047654,2.6907086556718864,2.748065046635972,2.832253708528403,2.8660523802091618,2.90242474873884,2.9737319513399463,2.999836138905021,3.0253366813487945
logarithmic,0.1618296142365118,-0.1461878791914727,-0.3722149565644861,-0.4980460984566743,-0.6783457822494163,-0.8771978443557609,-0.997816970312222,-1.1553941647052308,-1.3002003405286346,-1.2828069252505925
logarithmic,-1.4934158319641917,-1.619713092560796,-1.818139359750432,-2.044089335919038,-2.226588301268614,-2.3903548100047867,-2.527170040636117,-2.6430174622403557,-2.777363268444931,-2.861854795027195
logarithmic,-1.511185187837374,-1.5736120637858462,-1.6499701537877964,-1.6929352918701408,-1.7572912226528867,-1.791292154476101,-1.834836979453811,-1.86832357320512,-1.916733243884923,-1.951881194865131
logarithmic,-1.4478029345037786,-1.760497507852898,-1.9274030449183144,-2.1762472398404578,-2.210502105721514,-2.392624810381048,-2.4711383868525143,-2.49635354011837,-2.6306604945082923,-2.8051183713930925
logarithmic,3.3974770710117825,3.500715540272342,3.672522978327883,3.8126768183496975,3.8944731530455887,4.046730388148199,4.124276429232527,4.306917026383183,4.33552226172316,4.491982459970994
logarithmic,2.5167116799835827,2.573058867686907,2.6161997011270204,2.6623696366650664,2.7126702532666096,2.754450939166962,2.7895547237524987,2.820778849673399,2.870753600811435,2.8976436856782146
logarithmic,0.7983511011379361,0.7941318155318846,0.7725989921247202,0.76598976265012,0.7528172079217897,0.7461388777472714,0.7291716546321443,0.7307632826086811,0.7186117108549197,0.7094308548135149
logarithmic,0.7784019154114948,0.7443073505047719,0.7193809111755146,0.6981228599987873,0.6867221133127552,0.6591543447371189,0.6462665440886954,0.6250509635291793,0.6049649482456056,0.5991990081575632
logarithmic,-1.567952470511282,-1.7489650920921345,-1.9586895596398903,-2.1209802909676707,-2.2668657190663963,-2.412888720750204,-2.548902586588836,-2.6415122629201635,-2.745722309579993,-2.855314179701415
logarithmic,-0.1906663448570102,-1.0089264167281249,-1.5247469371765845,-1.8633322606083624,-2.202042796677662,-2.457493651917903,-2.7776664530474124,-2.8314697047335486,-3.0615998864066354,-3.1925709492730228
logarithmic,1.9498452668229789,2.065287504806112,2.2802966436226524,2.3823073762719265,2.4489081706792977,2.594687676556041,2.714743624608684,2.8321266866863395,2.883030813385484,2.926599649216521
logarithmic,-0.2426726552633697,-0.3677254379877054,-0.4790461827353018,-0.5724623332892509,-0.6577528872852217,-0.7316624085444355,-0.8033530472462336,-0.9140792517814764,-0.9512104684797424,-1.0128208993342112
logarithmic,0.6823517198699511,0.6496267435210974,0.6214923138429057,0.5942550367466944,0.5593568996105419,0.5329356487169411,0.5136458992774513,0.4857222097957691,0.4610749966063862,0.4445977126477395
logarithmic,0.506303155675314,0.8019642392131829,1.065021952754559,1.32246064895029,1.4780116424440954,1.6670301809026309,1.8421891559335692,2.0017600576249373,2.082377681441447,2.244033463181886
logarithmic,-2.6994460796601127,-2.8319199904309804,-2.9387458118396577,-3.042998061411448,-3.142937006123226,-3.23888258363301,-3.3156353599684225,-3.39606724583368,-3.469934815309195,-3.535712733441556
logarithmic,0.098309036094519,0.8092972338597761,1.292743301081298,1.620605165353974,1.905227370316095,2.102883743263216,2.304253897681244,2.5481027596240127,2.6274871154085853,2.7261890051312303
logarithmic,0.7248889349534032,0.7466348405415456,0.7652731037802104,0.7830661405485011,0.7930710907613416,0.8067060523178191,0.8186119838781587,0.8278259195242019,0.838723899651973,0.8472994586882534
logarithmic,-2.449036637143678,-2.461299171690952,-2.4751999939495497,-2.492563454512506,-2.5010983248244427,-2.51692908160727,-2.528769361759011,-2.5380666380356303,-2.54864491179638,-2.55990337231977
logarithmic,-1.6513998674818235,-1.985602047494053,-2.2341328172795967,-2.4446194340038208,-2.6532954906431683,-2.832424617936273,-3.0248466554254274,-3.1596039284146933,-3.3085294008008894,-3.411401338362842
logarithmic,-2.354848848981719,-2.4366497166326666,-2.488520425468912,-2.5650615428224537,-2.6109495498933897,-2.668579341720817,-2.711073885768662,-2.7500616034919068,-2.8088174001792754,-2.839094594556232
logarithmic,-1.562265229883308,-1.6936801780415227,-1.821375057143364,-1.9678471737749492,-2.0632766626709147,-2.1569383777083697,-2.295862852820216,-2.339414483463453,-2.449924818869299,-2.545228718333172
logarithmic,-1.8060438311834184,-1.8383127332988305,-1.8572447649718016,-1.888778796916072,-1.9121191192697893,-1.9365411152577583,-1.9438580448493168,-1.9648029514042056,-1.986071758352025,-2.004588805553423
logarithmic,-1.188881144615574,-1.2980375082568645,-1.4205449131298662,-1.484152406109957,-1.544169523816501,-1.6194798388643687,-1.660868974675148,-1.707472212646964,-1.758641619953324,-1.818603013556295
logarithmic,-2.8310297682755,-3.1829859416168382,-3.6008352309109157,-3.866540366488573,-4.171649646128206,-4.339010782910689,-4.593861827552055,-4.769393428164795,-4.984374356501276,-5.070325432069085
logarithmic,2.203094788376451,1.6334889165000877,1.3408754047623723,1.0107787136326762,0.8139886913784076,0.6362956461707412,0.4015911699869781,0.2680323901223699,0.0891125622187189,0.00867369954927
logarithmic,2.069175350853752,1.851081220628834,1.689427838517399,1.5689118825429862,1.4316259826549151,1.4025078186144884,1.2759406403735498,1.2692347384855385,1.1988396669632515,1.1615468605490606
logarithmic,1.6732196792661669,1.7894335477523229,1.8510413607400256,1.8967486181280448,1.9867952717828568,2.080676046247136,2.162269252621345,2.193103666977319,2.3105879668058598,2.3346974952494146
logarithmic,-3.133220157122499,-3.204507579588698,-3.255457433840321,-3.330804215826166,-3.406664978449005,-3.459337866516812,-3.49077769691072,-3.5596512166727123,-3.598280943374506,-3.6407199889971302
logarithmic,-2.903232358646552,-2.990487702195375,-3.0821999143541867,-3.157270953408517,-3.228459756201309,-3.294125842220916,-3.360111629459129,-3.4398395569833378,-3.510606595730111,-3.5650204021043543
logarithmic,-3.742832160082258,-3.877436042115421,-4.038438005141106,-4.141914031860184,-4.255702113584068,-4.362440170633143,-4.45231280441125,-4.546855546639141,-4.615277109645152,-4.732227825076533
logarithmic,-0.3779262778168082,-0.2595198185780634,-0.1799051636910643,-0.0784185480404799,-8.662522614308853e-05,0.0794639320467861,0.1654099863804404,0.2085173661661308,0.2916571818994358,0.3355581024081321
logarithmic,0.5604173324750021,0.5213850962969999,0.5030505695479168,0.4624092857065599,0.4584667280354131,0.4372511962510959,0.4235345637955395,0.4094485631717229,0.3882966075890128,0.3667817123111796
logarithmic,-0.5927389488257124,-0.7959391218207524,-0.9033651181826992,-0.9624589932766676,-1.1088398641868855,-1.203928545293052,-1.2204606048845072,-1.3033814793313767,-1.443900780106272,-1.5316264269822455
logarithmic,-0.406012609152937,0.4364999255341303,0.9306158313667502,1.3930602596874926,1.7362377830840463,2.047437916917884,2.2225817027678323,2.4428765710988247,2.616697473840944,2.7771338152618728
logarithmic,2.8785693673915125,3.11812165778132,3.4061431839900878,3.632916291177955,3.753445771921148,3.988515383013751,4.066579462681657,4.14299287535807,4.392174649074008,4.448689981116331
logarithmic,-1.0612817291939434,-1.1505960100327075,-1.2359601379008454,-1.2942944188974208,-1.3119517333136972,-1.3705176017054232,-1.3906690228520282,-1.4248133867991493,-1.4411425555563355,-1.4748577026623075
logarithmic,0.4942167208891322,-0.7206415678730804,-1.3713337824358516,-1.8205790623802955,-2.199278737838174,-2.663419071950917,-2.831237529640409,-3.139617953961672,-3.2465621938303832,-3.378641029916239
logarithmic,-1.5423464413732395,-1.5525241761871942,-1.5616553897384575,-1.5699987315714612,-1.5774473222511596,-1.583786841720466,-1.589963496807164,-1.594988089916793,-1.601167144876423,-1.6069988646825897
logarithmic,-1.5445463583293704,-1.6133391187744366,-1.7032910346852368,-1.7466737721708834,-1.808610601201467,-1.8673165498767956,-1.9067275784183084,-1.9689867459225008,-2.0092326812493817,-2.0542984073991257
logarithmic,-1.9334342853998836,-2.079205270951848,-2.2154497670030384,-2.3402543402022253,-2.449052690750628,-2.573232358560765,-2.671182780491049,-2.775356692202108,-2.877092440106528,-2.955243027222549
logarithmic,0.3059021932712889,0.2258088394440947,0.1591279132402525,0.0684112003384794,0.0098659098335764,-0.0482939078917207,-0.0751953479667116,-0.1493836606622062,-0.1959241829342357,-0.2610594194366176
logarithmic,-0.2307112143436204,-0.1246408338257475,-0.0481266367777766,0.0073518462927413,0.0657135530828605,0.1226106465813444,0.1777687614777721,0.2253329090905844,0.2784631671023676,0.3079100585054043
logarithmic,-0.9420804536394196,-1.104101520081525,-1.254671115797209,-1.3984264767536014,-1.5266127355612389,-1.6374679015906142,-1.7482946245113942,-1.8547731900814743,-1.944194721112932,-2.0393765686133616
logarithmic,-3.203046276454135,-3.587948064290524,-3.758476685646595,-4.046914813055673,-4.317849312346532,-4.4135526700760686,-4.664083168117776,-4.6957656327538855,-4.913684607701048,-5.02888528174126
logarithmic,-0.7677188489361095,-0.9970224425466712,-1.2654686684906165,-1.3471884373415972,-1.5186465433302505,-1.675275053871064,-1.786428887809988,-1.8141347230048808,-1.933215619049128,-2.0098553706979323
logarithmic,-1.8789646203062105,-1.946199676010823,-2.0109045351709827,-2.083420957830875,-2.14782520959749,-2.1875731233871165,-2.239740044228389,-2.295823919158225,-2.33546707547748,-2.387916124643517
logarithmic,0.58367519557678,0.576359261546568,0.5702851507516108,0.5652732056756019,0.5575418084573778,0.5517512700328198,0.5467798544720994,0.543595084857818,0.5375301262659602,0.5334306801673899
logarithmic,0.411393117376832,0.181983396681177,-0.025467275812019,-0.1697746417123333,-0.3134467850229155,-0.4289124135927078,-0.5544557851781211,-0.6494381625619409,-0.7378560234534257,-0.8094520748334658
logarithmic,1.644535910180237,1.6314629909623135,1.6216566419684055,1.6142443095095147,1.6044146704190008,1.5961942014011308,1.5889934052965498,1.5817150958011372,1.5732609958128905,1.568144475371538
logarithmic,2.2049934786046075,2.264483439789334,2.3201760442706005,2.369449091098835,2.4081756831024177,2.4541401405253387,2.487841743348424,2.5305225077781826,2.569134491611506,2.5992227750170724
logarithmic,1.2270428345371205,1.312375053636729,1.3970530728464536,1.486396328335691,1.5634333239452043,1.622590093211146,1.695051662243147,1.7517954868214305,1.8157094561802276,1.8798507571470189
logarithmic,0.2450989659591672,-0.0149206670656567,-0.2312531959719471,-0.394442928793182,-0.5508424870487741,-0.6636092150961131,-0.7616501767157758,-0.8960048232733376,-0.9727833330872818,-1.0266463888724682
logarithmic,-1.996442649163655,-2.252836379289588,-2.390925987970228,-2.550305302839221,-2.761870547965629,-2.8712314359601336,-3.064783750444445,-3.196691956544288,-3.2818121756954017,-3.394617457688868
logarithmic,4.100514002497377,4.240451316109836,4.367848559970217,4.487331312039,4.588116822330889,4.681936410406041,4.787286540495275,4.883398256180736,4.9697430736692745,5.041955291430525
logarithmic,-1.9671967714927836,-2.076234893374375,-2.182654647040175,-2.282989684096392,-2.3783189956242587,-2.465091483232422,-2.547885063161224,-2.617779162800653,-2.6976519505799166,-2.746956478198408
logarithmic,-0.8508984993419656,-0.9692341910145806,-1.1151422290730353,-1.1883848425305443,-1.2509778218336247,-1.329952375132034,-1.4144300397389584,-1.4468274769564688,-1.5405835950068234,-1.558370974545538
logarithmic,-3.62703422113661,-3.8284011243585017,-4.040954627465595,-4.17474254925719,-4.353778637815423,-4.471187264490563,-4.606569167689051,-4.746843667307097,-4.859391803878751,-4.97661560858093
logarithmic,2.0077718648527907,2.075456934249952,2.1357847224526103,2.1805002004994902,2.208588961331297,2.2580615920053835,2.3072263419439034,2.363418880442724,2.384041478945837,2.435678840711878
logarithmic,-3.9934599646836415,-4.141509277222497,-4.3117520794044415,-4.459977049563085,-4.591909721777845,-4.70238873961994,-4.819913968270585,-4.9191351813767294,-5.0277003368785245,-5.1131425858026125
logarithmic,1.3287917184888134,1.5282257622730513,1.700430195615247,1.8999171501821988,2.013694865060492,2.14461015949159,2.2634300904126965,2.297485025572089,2.4530468676632795,2.485095171524518
logarithmic,0.2015125687199171,0.3854984045274549,0.5700841130854675,0.7126083432608853,0.8655426379795574,0.9613946791796392,1.0957831735628063,1.181952447426675,1.243262637598566,1.3372941591331124
logarithmic,-2.583624055018217,-2.649071555104515,-2.712797420540773,-2.7476011098178685,-2.829800175384758,-2.871389700297761,-2.9456140711218004,-2.988200066714224,-2.989531357941329,-3.0477519744935053
logarithmic,-1.2323575140512963,-1.608537630788144,-1.793926376782505,-1.9316480645145024,-2.017260287569632,-2.1173657003676265,-2.2250293630392037,-2.2211406709760246,-2.312214101644862,-2.343933809486741
logarithmic,3.934197768421916,4.126380271465302,4.191091311736044,4.27693795928153,4.406324356441697,4.433918605421424,4.556884747151828,4.6065820258201615,4.701587663849492,4.773995547577675
logarithmic,-1.2445873755925445,-1.158538685954059,-1.0966083422452024,-1.032130134330989,-0.9563990153917282,-0.9015824625351544,-0.8792463864655874,-0.8206202075522008,-0.7878927890043861,-0.7515663845092453
logarithmic,-4.091709641863997,-4.24449636344873,-4.377969132471943,-4.4535976597739255,-4.579069784287985,-4.678879013882459,-4.729179838524507,-4.869397903863584,-4.929009708071046,-5.021831861140475
logarithmic,-1.0558623687927045,-1.0272978072890682,-1.0096872914461403,-0.9913611765951648,-0.9753166960204084,-0.9467913154570576,-0.9330091126743564,-0.9233023689632288,-0.9107961816040926,-0.8981944403768768
logarithmic,0.7400643721726214,0.6903257935317236,0.6409514823677459,0.5965373906870588,0.5540089841604973,0.5186404090509931,0.482362272959823,0.4453623996100358,0.4126378974837602,0.3813464644599176
logarithmic,1.149702530251498,1.1847851359336057,1.2072974378728698,1.2440428626849562,1.271391767868172,1.2887909424964477,1.3134136461943804,1.3228153461466152,1.34136062942084,1.365775315198169
logarithmic,1.0806802048974935,0.5290763103811054,0.2559845456766784,-0.1587900658118224,-0.3799751212537473,-0.7029468297106333,-0.8835466458475401,-1.060373653396846,-1.1680908126989988,-1.4511138028356214
logarithmic,-0.0457156851354273,-0.3088622403028973,-0.539506596181416,-0.7840355649109951,-0.968093092096212,-1.0874793180949538,-1.2612309451680728,-1.388389599858775,-1.4807431155371142,-1.5928542026601131
logarithmic,-1.2779406963217363,-1.377845649796933,-1.4565721793712674,-1.5199083872595718,-1.5889694083871164,-1.6733315597175045,-1.7455578017679556,-1.803632138164731,-1.846728359795719,-1.903409777141045
logarithmic,0.4556012883816801,0.4646709794476359,0.4733505960066331,0.4789688365719776,0.4847022919214122,0.4913474075952316,0.4971504889157806,0.5009025870809366,0.5072145922403777,0.5123042041587549
logarithmic,-0.5846278860649917,-0.551258302508648,-0.4866873451372377,-0.4456409822464452,-0.4048101458170176,-0.3384983717710577,-0.3161575260613368,-0.2846547231241922,-0.2498494497542482,-0.202754237231768
logarithmic,-1.1464049711259137,-1.1344649942224785,-1.124885301972335,-1.1116018335192306,-1.1042672394337818,-1.0947622481073185,-1.0866848258316912,-1.07895614452903,-1.07363110279793,-1.0652551713053893
logarithmic,0.6745250469856848,0.7140309250282145,0.7473601111735285,0.776597600522929,0.804580275344223,0.8328500597009783,0.8530748147980011,0.8794221511385328,0.9002273170134865,0.9189060384663664
logarithmic,1.2369639473803278,1.3333457915130884,1.4452928612528189,1.4988334096112466,1.5632548959958528,1.63744946893518,1.6884975704973515,1.7272960051760118,1.799968634350331,1.802118082709321
logarithmic,-1.0255460565381331,-1.212006171899367,-1.3188376726606323,-1.4832615649919942,-1.636676286809945,-1.7717017366037815,-1.8545719577626731,-1.9311850950394625,-2.074788125537385,-2.1383283150041934
logarithmic,-1.4944703125175915,-1.7886578978384515,-1.9939991364366163,-2.1966119198305267,-2.410095446057326,-2.606705665200728,-2.814859332222138,-2.905967246327485,-3.047564113711328,-3.157953932967008
logarithmic,-0.762682594620746,-1.0096221161120258,-1.1680280720231226,-1.490398639659026,-1.6758044674789012,-1.777370052874011,-1.917612580398676,-2.176990702465333,-2.325257631130578,-2.408559770277086
logarithmic,-0.3613838844378778,-0.5801633051987191,-0.8156419224808517,-0.9431082147395952,-0.984511876146554,-1.194876323549651,-1.3328490216748408,-1.4177304604767762,-1.497190577843477,-1.5601316268262906
logarithmic,-2.5107294413751258,-2.5997503509149382,-2.6746829623588333,-2.74425945812623,-2.8386597780999394,-2.8847734152114017,-2.943512464061796,-3.002711413677273,-3.0529469380393905,-3.083382518264033
logarithmic,-0.5600004487810986,-0.5018133843837242,-0.4485373620684676,-0.4074847997117404,-0.3692363251471453,-0.3259886654476297,-0.2828678870819905,-0.2412982296384511,-0.2192371100445621,-0.184845250343139
logarithmic,-0.6640801548983761,-0.6166404972370881,-0.5684125262691953,-0.5477726178387055,-0.5196907553855035,-0.4785882676184173,-0.4628491643862206,-0.4395232014779081,-0.4255971016021871,-0.4068552677281195
logarithmic,1.656814628975782,1.7629662909705182,1.829731086254688,1.95389201214195,2.042829651209491,2.163412241727284,2.242906273554243,2.317201697187046,2.417522383397769,2.4224250147373554
logarithmic,0.0664294253542686,-0.6492148679567324,-0.9920904916937328,-1.330775159469524,-1.6730088527097915,-1.8292161100102784,-1.980643439643753,-2.0774768833819284,-2.363880895666933,-2.3973261893410345
logarithmic,-3.249116478591775,-3.357113165331729,-3.4340244497145007,-3.52608616705688,-3.6030099517317775,-3.6837289262891257,-3.7656558660485024,-3.779249533865033,-3.845459331526439,-3.899484407060229
logarithmic,1.209149615538491,1.2895613801423134,1.3676371609523867,1.43034778193224,1.489373197307032,1.5524590391238449,1.6024279678686966,1.6536789163256247,1.688415778730551,1.7392616685943858
logarithmic,-0.7918091722376851,-1.4623761507993618,-2.014911071344072,-2.397800254779348,-2.7311439643240654,-3.0568877989178493,-3.223855798121357,-3.4869234283671977,-3.686117281375807,-3.850950429223
logarithmic,-0.7585843794870427,-0.7831654631772084,-0.8008461889944569,-0.8188984167690607,-0.8317665669997257,-0.8438308417596215,-0.8547308400682008,-0.8631682429930354,-0.8707231007277828,-0.8816417826193076
logarithmic,0.9648107593522968,0.9692609329113632,0.9815589042093106,0.9882192712306312,0.9933554543646492,1.0035565579758767,1.0066400010562662,1.013208285373979,1.0178455377454891,1.0243161342096334
logarithmic,-3.302760221365705,-3.375363983099533,-3.487888990064859,-3.5573336873111634,-3.6645271347694033,-3.7551204020376887,-3.8364124548841305,-3.8942731477001287,-3.974557075137027,-4.024411328353418
logarithmic,1.3646437999090018,1.311434570082378,1.2697972969666174,1.227339261693812,1.19119454192036,1.1662241477574145,1.1322415875187783,1.0984070239369843,1.0800662850036602,1.0563025055276856
logarithmic,1.7732489313217463,1.7902935149802082,1.8161994378675808,1.8246690184606489,1.8345505936893969,1.847655340782796,1.8548102454803528,1.8629921322297551,1.8736184582019788,1.8815399727174893
logarithmic,0.1604612725063472,0.1726221154980347,0.1901495897802094,0.1991574719314172,0.2106259042082157,0.2212907207739883,0.2271900876857372,0.2406947930136596,0.2438500334767972,0.2507937395114203
logarithmic,-2.0706966422263697,-2.2437661952818844,-2.3793789344124354,-2.542772993403491,-2.665993835016112,-2.822216970469288,-2.8247395109687217,-3.033639991458523,-3.1053267327837086,-3.19328171682698
logarithmic,2.474499039544648,2.7318586143332304,2.907254862953372,3.107505002824312,3.2816329286993136,3.459556150222237,3.537226012936523,3.690536595022636,3.813984271709855,3.9313618219980273
logarithmic,-0.4330854543564538,-0.5759984340783031,-0.7072970522697088,-0.8274512627293127,-0.8892937765272791,-1.005108026799268,-1.0980187017923313,-1.151436990761564,-1.2619553450728649,-1.3152461894605303
logarithmic,-1.2157250086390483,-1.323276132477302,-1.4204726022276084,-1.4819957978708993,-1.545981539977997,-1.6038163556424756,-1.6555775645618789,-1.7059526978440267,-1.7623750429696012,-1.8091215913281664
logarithmic,-0.6702994809546766,-0.6387379199836039,-0.6205506364433165,-0.5940154257431932,-0.5783391763683287,-0.553762704092438,-0.53963395003302,-0.5267096102663053,-0.497154320301438,-0.4880705258937608
logarithmic,0.5296077109345609,0.5769862699987511,0.6333710792571922,0.6852827162448769,0.7394498012894237,0.7697425359892245,0.7967407720529809,0.8440876906394102,0.8743778255845428,0.8905027360341109
logarithmic,1.142449759188598,0.63083809793572,0.3571516008396542,0.1767040697744848,0.0364753045678048,-0.0733316445462171,-0.1777923434954882,-0.2750354591901106,-0.3529186232417028,-0.3913618744783873
logarithmic,0.1318917864933443,0.2040772064655732,0.2693785557557054,0.3145567414617104,0.3918106023360832,0.4482796996107101,0.5033876963655216,0.5382128548980781,0.580418522347304,0.6401674929549956
logarithmic,-1.2141767359671982,-1.2475250037680896,-1.2860212772947412,-1.300310306470154,-1.3423333414009655,-1.388122489340617,-1.398753552173274,-1.4197712011464858,-1.4475236899246866,-1.4724730244343691
logarithmic,0.4110333448902198,0.5466029820969195,0.6332454347075704,0.7112771932475941,0.7897270911749544,0.8655447048822332,0.9165277478887994,0.965993730410964,1.0662671383219593,1.1410795271732102
logarithmic,-1.0101471149584893,-0.9874611921304016,-0.9661832002197424,-0.945478205291536,-0.9335376593321524,-0.9166124326379632,-0.8967625240910732,-0.8836203556725936,-0.8690804199278145,-0.8493253551750879
logarithmic,2.478678510469212,2.74203414400572,2.958120194181134,3.113160604488689,3.321163621228296,3.450037658622767,3.5583011440130488,3.709905406614099,3.841126684308822,3.8749105967541264
logarithmic,0.0249784861608863,0.0020504676406183,-0.0207505674616933,-0.0426106817228754,-0.0621151771356926,-0.077204657704228,-0.0978509740385186,-0.1123893847763758,-0.1284052091083953,-0.1434086055159497
logarithmic,1.6457029335380875,1.7229846055200084,1.8096634935782472,1.8804127258551275,1.9362657283814035,2.002856348166725,2.066379214915943,2.12274374203816,2.169965568871002,2.213640739389881
logarithmic,-1.4763335410328997,-1.5381148937846056,-1.5981637217734286,-1.6779949834928922,-1.7576946396391384,-1.8327937538605317,-1.8708221651904149,-1.9141473644662068,-1.9780742987564688,-2.041679062436576
logarithmic,-0.981239402502746,-1.2075269307790344,-1.2974571923522478,-1.5401268604731628,-1.6749586522758255,-1.7625802118969385,-1.8782997392159717,-1.9425900339748408,-2.0302143078415456,-2.1716860774151576
logarithmic,0.8776221698662607,0.9611469214970826,1.0098188670197503,1.0801844549826989,1.1321131641419824,1.211029203930711,1.264637397606261,1.2982678296019057,1.3679822627740517,1.4236336368436813
logarithmic,2.197663508496162,2.240023513167912,2.275450337197298,2.309896046866144,2.341111091710224,2.3775343514238694,2.3974615036163542,2.4170496908596277,2.449520802148064,2.4801433724495903
logarithmic,-1.7421394153136518,-1.878851321321071,-1.9600962395344557,-2.03997815540387,-2.114037099408029,-2.222682603931266,-2.294084889891282,-2.360049386797523,-2.4492449386439934,-2.500087959006953
logarithmic,-3.399003568545228,-3.525158416524901,-3.612925545984919,-3.7758190363594046,-3.858584555262472,-3.947749885297979,-4.018174122962351,-4.090005656329455,-4.209302558060497,-4.26900648017783
logarithmic,-1.1018056949774584,-1.1441344924914885,-1.1902107553843373,-1.2216661150332353,-1.2653124234262731,-1.2893323380757111,-1.313701469951415,-1.3482742244147763,-1.3777784099776853,-1.404490321955536
logarithmic,-0.3131587387704767,-0.2734490542982494,-0.2450576828844011,-0.215368728505801,-0.1798371450339566,-0.1644538310259053,-0.1384509151304302,-0.1076677054717307,-0.08624990070469,-0.0641472582011372
logarithmic,1.7413886971704151,1.625594165971248,1.53857789165553,1.450274855264445,1.3992942547727811,1.3524905420110078,1.2926091622236162,1.2475573035232266,1.206830433061908,1.16626977022057
logarithmic,2.146616329846032,2.324640458503449,2.516477622346554,2.6439804127078843,2.7752080879308125,2.8993042984605686,2.9872703268106275,3.1217518670334363,3.198988556829164,3.286509284876109
logarithmic,0.9239689633813576,1.229755304163131,1.4394665630412005,1.7566892556525382,1.9490219840992689,2.176298057699778,2.3362001833898853,2.4155062344999214,2.5911013512593946,2.6829252628279208
logarithmic,-2.6111439630091864,-1.1674990779852756,-0.3121919426897402,0.0708273385143836,0.4773309042729038,0.7812762462207465,0.9681857712580876,1.292154838801718,1.374429175899218,1.4425369741717438
logarithmic,-1.734950180224619,-1.7065975017061816,-1.680818223937143,-1.657962746704308,-1.6355692610537855,-1.6113021319178895,-1.599177905021201,-1.581686008527986,-1.5690806631349017,-1.5557376878420413
logarithmic,-0.3889461644854724,-0.4481408782947547,-0.503687147585057,-0.5522793470399477,-0.594959897634115,-0.6509594916927697,-0.6871891835677136,-0.7352033562215414,-0.760455344566449,-0.8022182664485412
logarithmic,-2.0794334283873668,-2.42049136985938,-2.662401268774664,-2.90404170026846,-3.108190276209246,-3.253277950239307,-3.351217398824063,-3.5331328845947083,-3.623260312532676,-3.773665395738004
logarithmic,-0.2690859487756405,-0.0973904754639172,0.1440644476457062,0.2867646300651367,0.4060018896893461,0.560638289377641,0.7037548970588776,0.772751711304048,0.8423258392763664,0.9797259105256466
logarithmic,1.5728358819217034,1.6516766565287877,1.7593119257746717,1.8410013149065496,1.9370366661412028,2.025144477576176,2.101038929918418,2.165953762823829,2.227521296134294,2.2952532107181787
logarithmic,-1.887899198622076,-1.8935712414778751,-1.9002791072356944,-1.904485797834196,-1.9110706322304751,-1.9172735040854496,-1.920806779639293,-1.9246117368019064,-1.930320522483628,-1.9369511281127432
logarithmic,-0.4511490620078685,-0.436231861058156,-0.4030083928240016,-0.3841998964497559,-0.3602606085945621,-0.3552893486350747,-0.3414086637610099,-0.3320177200581859,-0.3224726402949616,-0.3068067236323124
logarithmic,-2.7048602589928747,-2.8369282003470198,-2.938735313889488,-3.065835638414901,-3.203697613377017,-3.281484472335225,-3.3835494022738284,-3.4601907957618456,-3.56424983362068,-3.666269385887527
logarithmic,-0.95733372204186,-1.153726998825161,-1.3471901952999623,-1.5229641613541915,-1.697149658851923,-1.8371342134588409,-1.954904746224441,-2.0918050057449613,-2.214720282762164,-2.29584868523604
logarithmic,3.1816912897142413,3.2515249338877283,3.320493509842919,3.373291828447952,3.43262963132136,3.4810626844872483,3.5361834427495267,3.587210296297819,3.626328533840676,3.671462466468123
logarithmic,2.518961417582344,2.6100770304526955,2.6920861630011697,2.7668663965150504,2.823934544911301,2.877374888615617,2.928360119970149,3.0065163970849453,3.03343816185586,3.0851865870662363
logarithmic,-1.678065303952723,-0.706839165429009,-0.058008360231074,0.3410947457134211,0.6243682424715644,0.872729345733517,1.130336212885653,1.2670185236800724,1.4796127856578989,1.622678439267149
logarithmic,1.7100499706242822,1.7240055678311423,1.7407660988651914,1.7489428395406892,1.75796144279579,1.7715520141350445,1.7796887584266496,1.7890252595103564,1.7950644625851362,1.805300016716857
logarithmic,0.1929058192706767,-0.0241801336944155,-0.2159259057421306,-0.4547260465169892,-0.550151244224165,-0.6956682251643217,-0.8170597336242316,-0.9303271358325608,-1.0147032406101697,-1.1274355373118266
logarithmic,0.5316714852875497,0.5193619259426168,0.489122016025758,0.4716039815290781,0.4555939247716497,0.431519206830542,0.4146987828930079,0.4036860619359078,0.3887373615997873,0.3764329132351732
logarithmic,3.0788922733555952,3.125444325222318,3.164845390690292,3.2018918331271093,3.2465339031194564,3.2988785401698646,3.3169219545951503,3.3675211236919367,3.402503623771748,3.405842091677841
logarithmic,-1.0306204713195812,-1.139116203002704,-1.256589002528241,-1.32075251899075,-1.425580017394823,-1.4750999004574934,-1.555507563103668,-1.5898912145594395,-1.6733428913864106,-1.719287873447588
logarithmic,-1.8541937732961664,-1.9238020562462763,-1.956304612956255,-1.9819343829406504,-2.005892081838703,-2.027311082584811,-2.039939354638779,-2.0556426870723694,-2.066095517416352,-2.081581568385093
logarithmic,-2.7480961158574804,-2.858749207239544,-2.949156645251911,-2.975708731321626,-3.060973197017797,-3.130141304600134,-3.1829146348615933,-3.244560579336381,-3.258142182223725,-3.3517732906043074
logarithmic,-5.4343367923513926,-5.5279071168054825,-5.662644518287086,-5.7093635226397765,-5.792095342637152,-5.858798971000852,-5.915001002306681,-6.0111726464775845,-6.075193951861627,-6.165719517709795
logarithmic,1.8143788693559055,1.868242780472532,1.9739607311712144,2.023171853159061,2.0800281473637283,2.1212718718859027,2.1659640832529243,2.2160304855546906,2.226442175208334,2.2725610464882884
logarithmic,1.9392019772244755,2.0147582743106787,2.091192187949673,2.166971705134448,2.2334346075100884,2.2823707732925578,2.358237853869242,2.411420348499566,2.465814558017124,2.5138307938778404
logarithmic,0.2850273708507378,0.3764265945750247,0.4807265531490363,0.5727909696165545,0.6352019464802963,0.6786786823287818,0.7522807434967704,0.8062694648234703,0.8826999380677326,0.9216243348894974
logarithmic,1.1848316172444784,1.2523125607601544,1.322638175092103,1.3940577746788363,1.4749456776124783,1.5327614961071072,1.5969325625423698,1.6432786741841936,1.7041613538591636,1.7505984099075538
logarithmic,-2.396623915241962,-2.6303852479135523,-2.7842453690229427,-2.9885831863661343,-3.10149778012545,-3.247050368683775,-3.3415040953122945,-3.456477864523396,-3.5549195287706867,-3.672429705654861
logarithmic,-2.684042211157237,-2.725961443700802,-2.7560198068056505,-2.807066453135271,-2.853275199230034,-2.8747606286853347,-2.918263365001008,-2.942991143265325,-2.970650327911115,-3.0080644634769054
logarithmic,-0.9753577697485388,-1.0440531384932514,-1.1689426826951648,-1.2445117393914054,-1.2942374297832502,-1.362564136526696,-1.4361320698236333,-1.5207239666799537,-1.5612600824998717,-1.614851002629265
logarithmic,0.447440092377636,0.6409951649125705,0.7524641053289108,0.8780122952702916,0.9862436658485648,1.120688297200781,1.1859377222421654,1.2795411559800365,1.3758097109317022,1.4600251405702307
logarithmic,0.2312964740133865,0.2253895232437485,0.2202269442974274,0.2146258597109538,0.2115965809902919,0.2051295027691136,0.2014945511817905,0.1962889261129264,0.1920131319501041,0.1903271411169646
logarithmic,1.5655242823564486,1.5878408427441542,1.6133431456606806,1.660450338572712,1.680125025111253,1.708103667330213,1.7107157647156488,1.7449323280484943,1.773193831782231,1.779969734526233
logarithmic,-0.4484304055620683,-0.5036000472584701,-0.5670520935026231,-0.6358349286433169,-0.6975755231166215,-0.7590627511023293,-0.7933600302521827,-0.8435259115269741,-0.9052596301685476,-0.9108643480935016
logarithmic,-4.634149713169355,-4.767622321258135,-4.872746232053888,-4.975814350628937,-5.088389273016635,-5.197063694580719,-5.285205380249205,-5.364190923173405,-5.46326706705115,-5.537047135149143
logarithmic,-0.8778685851863889,-0.9391107853136452,-0.993163148061014,-1.0304903905718985,-1.07210079632118,-1.11868801973848,-1.1567700512180092,-1.1933738322053378,-1.2276014212657362,-1.2575875803973475
logarithmic,-0.0602994602780581,-0.1951688667891705,-0.3093015081952579,-0.4415420008092836,-0.5498541836426043,-0.6445766698585591,-0.7286130839312988,-0.7967934178967789,-0.9210532848046986,-0.9652325633392498
logarithmic,-1.6032262391573429,-1.9895276859878857,-2.2862606137973547,-2.522797565237769,-2.720515577712924,-2.884814050383146,-3.011737659121195,-3.1448348394263026,-3.231549170971144,-3.3431902633283133
logarithmic,3.952626634073933,4.037370178783465,4.206895076333742,4.254341909712114,4.3900449802709405,4.504712273918855,4.613849436088404,4.712285188492423,4.783213725344293,4.832535571776615
logarithmic,-1.4472330304884675,-1.4795200221379698,-1.4987620916916482,-1.5364651807989258,-1.5559037921430474,-1.573694125734397,-1.5924485267233095,-1.6154239229623883,-1.6296936305948997,-1.6472089128402356
logarithmic,-0.2698889325761965,-0.1628585793420381,-0.0732659445615062,-0.0140492579173213,0.076935935671912,0.1396599773647514,0.1934873987153836,0.2495003476976946,0.305863024120376,0.3549263383759988
logarithmic,1.1510622539366389,1.1766567852589258,1.1880905218767657,1.2119089742592688,1.2394036423596182,1.2476421244417648,1.2647009883007672,1.2827175522242484,1.3062447364438745,1.3117738665407144
logarithmic,2.087972368673954,2.2166502094784373,2.336201169989637,2.4158292254155014,2.5119147668606154,2.633358232192738,2.685358006122838,2.760858528253073,2.868268786076823,2.928073377626108
logarithmic,-2.63106258231114,-2.6766517055626577,-2.743480191905741,-2.7761565053123984,-2.8337464412766025,-2.8852188970064754,-2.9048972706120284,-2.952528796500531,-3.004285243640124,-3.0388831998770067
logarithmic,-0.9032223062910448,-0.8349699933241841,-0.7400556075547724,-0.6924121759893201,-0.6031824109872554,-0.5495616316506188,-0.5045055334827793,-0.4243366821004128,-0.4175035759916619,-0.3579699970998907
logarithmic,-3.230528323657363,-3.354099328767411,-3.469911436748817,-3.5447892508989853,-3.719270101158741,-3.7542121681796745,-3.873752998371019,-3.935637737576566,-4.016749259093821,-4.089015840323426
logarithmic,-1.7248701391711725,-1.2863048891828346,-1.036592677611909,-0.8436762461906192,-0.638461660812963,-0.5091920873459116,-0.3871025059878524,-0.2758276515059756,-0.1542820509607426,-0.0800959916900777
logarithmic,-0.7979995141909167,-0.9054037975339038,-1.033019927344672,-1.125706557114085,-1.2096048251805869,-1.3790918140402504,-1.410863778998218,-1.4907867317486716,-1.5518302695014206,-1.6248703542888707
logarithmic,-4.230427987668,-4.364964941459571,-4.502962852525682,-4.630860591517418,-4.725794624062933,-4.818605412855931,-4.89749695352475,-5.053037517432275,-5.116045530410386,-5.173672493394827
logarithmic,0.1579198455454262,0.1852146792313389,0.2118592631397589,0.2329949083879555,0.2572615042439193,0.2777813821850718,0.2968744318133538,0.317651894162811,0.3366029336765,0.3531345077947556
logarithmic,-0.8707568128361736,-1.162553645311865,-1.35220008205455,-1.4776141190736545,-1.6606608165121062,-1.8284509051903235,-2.00459058690679,-2.11819600584666,-2.189507541020514,-2.413595406013287
logarithmic,-0.0703518746177111,0.2606373626976716,0.5321104971625606,0.8139806383142164,0.9810404802289712,1.160921861448846,1.315716139395249,1.4237349644861088,1.5164088535247635,1.65010758925121
logarithmic,0.9948457440658572,0.9838655742173406,0.9734215704847624,0.9656053021736116,0.9590016479004708,0.9496166982541092,0.9436397213133192,0.9373321419225348,0.9300432887498622,0.9230282574071836
logarithmic,-0.5858246472767471,-0.6987113184301175,-0.8238907574683145,-0.9042416233834932,-0.9784060457927284,-1.0568053035591831,-1.1598311898489473,-1.219335430380718,-1.2622140859074176,-1.3217863870299291
logarithmic,1.911402056565929,1.989288304889307,2.030614541867294,2.075631443963901,2.179806801634277,2.216309689677953,2.2773951872746925,2.295549296900832,2.3443593169256016,2.419066758753781
logarithmic,-0.8620409518341746,-0.581071042382561,-0.3633628198693864,-0.2381699816568193,-0.0471795844890998,0.0482149435849073,0.174627024717261,0.2577245020969202,0.3432388553722492,0.4369284062281245
logarithmic,0.498807742506819,0.380802958925468,0.2328189355978313,0.112055210138266,0.0490395498166925,-0.0570676706232277,-0.128957850706791,-0.172746022701559,-0.2447968547353413,-0.3002684192558552
logarithmic,1.3181302170313165,1.325474181088411,1.3339012664571597,1.3431906867542056,1.349223577026592,1.355319451899952,1.3630844823387602,1.370052638311654,1.376208223775668,1.3815548582961024
logarithmic,-1.222155836883288,-1.4420044304113575,-1.653013372743965,-1.851984321832275,-2.015921892631233,-2.1615055547549376,-2.324658722074331,-2.3892841578867934,-2.534038006674127,-2.610285558513581
logarithmic,-0.4348305663415367,-0.4774360059925145,-0.5118432729102314,-0.5513096850497429,-0.5803541448432186,-0.6121818412908199,-0.6397118766504917,-0.6631300852925412,-0.6884793985474856,-0.7139311600995886
logarithmic,0.7429422158331812,0.9866568442846468,1.194316521585869,1.3581326094898505,1.5190946928129103,1.6746655842216611,1.8220603055048248,1.960069987408619,2.0675357066413858,2.195139810977721
logarithmic,-2.1492264571388824,-2.277260659630737,-2.402944532101277,-2.530570979666146,-2.6167907369085817,-2.7238035841091723,-2.7697673196531136,-2.846018661978981,-2.909417419509825,-2.998462544440764
logarithmic,-1.2882396508743232,-1.42594809408069,-1.5340542397404355,-1.6332105761715243,-1.7434132078979896,-1.837842548817301,-1.94645953029458,-2.006937567609436,-2.090871903443281,-2.191387989560611
logarithmic,2.482391493945387,2.6399848320647314,2.7567496929271247,2.863473231777634,2.992053398282251,3.067742223160275,3.167448085459289,3.276691544322536,3.360830670421024,3.4529025066787518
logarithmic,-0.5851289450515466,-0.6457117392349739,-0.713955801838453,-0.7440022863833028,-0.7869982273707905,-0.8311916662438961,-0.8869463858758194,-0.9169998366881976,-0.9519810432181726,-0.9885915501370448
logarithmic,2.3029583766626374,2.464960130794113,2.6336928275515468,2.743068491313824,2.901848894670693,3.02880109510309,3.1557774776390173,3.229196848346619,3.30983278551354,3.34804361252466
logarithmic,0.4444478042297275,-0.044059835494044,-0.3081798020686639,-0.6256203517270145,-0.8223796102285912,-1.0739499152383325,-1.231647525822844,-1.3474490584260936,-1.554763327300202,-1.6545417156030102
logarithmic,-1.126914491211947,-1.4009068505992284,-1.6416198707130143,-1.9013748768829624,-2.109898868001181,-2.2803987080805124,-2.455009249611205,-2.6274361071610026,-2.7408572943963354,-2.851288049923338
logarithmic,0.3495938714360778,0.4025695755674667,0.4957643999043257,0.5609557558039631,0.6133178028002693,0.6668252908323703,0.7048615775148606,0.7920865632994523,0.7987419130852255,0.8140274713500311
logarithmic,-1.144691955850428,-1.3007513998502371,-1.4191586589075218,-1.488647036823108,-1.573880458330345,-1.6300296361054958,-1.7107067468666453,-1.7672220468334812,-1.794777703796511,-1.8518438076676147
logarithmic,-3.3308005398442564,-1.53523891477085,-0.7610895525690726,-0.3100589735085165,0.3765105931962633,0.9254646192035288,0.7543976702827284,1.333555018547096,1.3393248408750555,1.7186773584466168
logarithmic,2.372315566352971,2.508434934882279,2.654795654500317,2.766794651141041,2.8803401552610786,2.9811632317395715,3.103282734588539,3.1833221034898096,3.2535342998657604,3.363287534257392
logarithmic,2.157861711216164,2.224968373703515,2.2881193459163067,2.34999352503018,2.415505593669879,2.4683969552961487,2.5262062723128618,2.577005581204865,2.6245349576923567,2.676538512950553
logarithmic,1.4653637503924637,1.4954422715650932,1.5186014743636251,1.5395173548036027,1.5548202489017549,1.573963933684301,1.5888873074820715,1.604386166327296,1.6158059578402584,1.628846683557968
logarithmic,-1.6440000790706304,-1.3017439163396067,-1.0130289361493066,-0.7949031271360747,-0.6044793493437367,-0.5050106283619005,-0.3583756774364773,-0.2703976040867554,-0.172299258657233,-0.0935609995707742
logarithmic,4.631532519148854,4.767017180383237,4.878527417876979,4.984852396920098,5.090014709238049,5.170305035033077,5.262643483024672,5.372414116696121,5.441131560480466,5.529261060646559
logarithmic,0.6966987245397435,0.8251356056290537,0.9384717588131544,1.0013347299390372,1.1212361765927188,1.2237347423338742,1.266063213227761,1.3914872768626458,1.4360728314845992,1.4530922140941194
logarithmic,-0.9992936555374924,-0.7350058409730602,-0.4900078312589925,-0.2530498265501199,-0.0685437016200701,0.1058514264152016,0.2594464207259072,0.3811905113031712,0.4314841205159238,0.5675998125059584
logarithmic,1.7456610218074742,1.8536996185803256,1.946884522411913,2.0504426551451944,2.1530540978667503,2.2044936117241334,2.267062560618711,2.306589329518066,2.425745734159744,2.4820922535063588
logarithmic,0.6665300020658076,0.7186156238973548,0.7618099720796024,0.8092678691977923,0.8467143998374265,0.8852161136296176,0.9149113397749004,0.9421355955845712,0.969751908001098,1.0015089282176413
logarithmic,2.414491504831144,2.5399306263939274,2.7498193546501626,2.806997690475823,2.976277714473441,3.061221208029551,3.214788804648563,3.307687714792217,3.373714827020663,3.5092182476738363
logarithmic,1.5920290769540466,1.85454330858877,2.0545133684594536,2.2640754246081207,2.37522825132094,2.642855816362773,2.6327998520097853,2.808780908065016,2.925357697664519,3.040545081982172
logarithmic,-3.214673172782774,-3.309873249400868,-3.415676108599899,-3.510154150478607,-3.607571844299187,-3.657157114390509,-3.7587238606709374,-3.836894992210778,-3.912562890449231,-3.9619045107304394
logarithmic,2.3550011354136293,1.873322719614393,1.6297864456021078,1.4535246821702423,1.3660939977985036,1.254761796917632,1.169383621065578,1.1006850376256112,1.0551179015896643,0.9919176863714296
logarithmic,2.0645440436822127,2.1996196284466207,2.3144486974985194,2.4218073716473647,2.5104045841550966,2.617025547071653,2.7097935776346374,2.761734283197697,2.870155541773486,2.966550647492264
logarithmic,-4.133494017411653,-4.2541869745826455,-4.347454802143503,-4.45193269943058,-4.553088274667723,-4.639457256874129,-4.741446284317028,-4.821184726160094,-4.886134877007691,-4.975676295786709
logarithmic,-1.6302199384861358,-2.002711140741356,-2.128715969368021,-2.3354505188575967,-2.5920781544883704,-2.647400044761232,-2.845192165104145,-3.018976726754153,-3.0798753751491925,-3.2403512496195748
logarithmic,0.0911327633871911,0.0999185136386153,0.1085928117792683,0.1155439281771053,0.1237696757956754,0.12930296586292,0.1357745589097079,0.1463291261403138,0.1505921274676416,0.153421748701807
logarithmic,0.9848757430589477,1.5843264700833757,2.0517762258283767,2.308828077165229,2.814511138957656,2.943472863743233,3.212882047056292,3.343714896552832,3.6050950593425166,3.9125675755376994
logarithmic,1.1092488176331567,1.2915116647556422,1.4983901163684388,1.707294720710491,1.8048946747907249,1.943019372090729,2.082725462255074,2.2099923540748,2.3422373356635298,2.413219781967793
logarithmic,-1.4691889810505836,-1.4623270754242508,-1.4555027329679582,-1.451126205996975,-1.446954877362954,-1.4431957763083427,-1.4362002120000446,-1.4334801681482987,-1.4295922577761344,-1.4247885156794815
logarithmic,1.0588033379291897,0.978200906210582,0.8996480297075397,0.8326488640250591,0.8025393952681957,0.7432768186954937,0.6720317849740303,0.6474159245657973,0.5949815143422704,0.5444921316630993
logarithmic,-1.6649565806055486,-1.7057857539266148,-1.7300113829438206,-1.7664497686818177,-1.8088358965372555,-1.8250939608712788,-1.8453430485646365,-1.8638656627026624,-1.8951162046541563,-1.9164937844397956
logarithmic,1.4297656064937003,0.976938654044385,0.7260871160269604,0.4644179595319925,0.2348909303454237,0.0918539668672145,-0.1002195261199291,-0.1756008140232483,-0.3272074478445569,-0.4541564126723972
logarithmic,1.323748439116571,1.6351131908746783,1.840301883726844,1.9897837818346975,2.0928434027818708,2.225922211363637,2.29921578232199,2.41171956128042,2.455016184979626,2.5325216948786653
logarithmic,-1.021280970239824,-0.8631273041812051,-0.7147592291578442,-0.6079824366819757,-0.5670410214223001,-0.4495069145938632,-0.3532346989658184,-0.3259792175073563,-0.2793074078726695,-0.1960739240851824
logarithmic,-3.247275484794468,-3.300368611768606,-3.374075792958432,-3.4089376178539,-3.471522016919979,-3.5199608241009,-3.55547225719085,-3.618325158195321,-3.662905355121159,-3.708772619342843
logarithmic,-3.565688489236316,-3.6279936812380544,-3.753463561942287,-3.845065164879467,-3.883850455258427,-3.986455694020219,-4.041057184476621,-4.135180314978857,-4.161299860418747,-4.231387711554068
logarithmic,-2.6840423740889525,-2.8511761044548307,-3.023851933728362,-3.1798924748844457,-3.3099856230798186,-3.386730144434302,-3.559735149200253,-3.5551003384890296,-3.6887882582749487,-3.786025760542395
logarithmic,0.0973609011455886,0.0772112509665934,0.0602531113539789,0.0473235657367715,0.0243538072290021,0.0111068114743852,-0.00812403673821,-0.015448083675902,-0.0305948758608967,-0.0433910481868893
logarithmic,-1.2172489232322885,-1.2091205678385584,-1.1980421411510915,-1.190455482908759,-1.181705402226894,-1.173444375963033,-1.1669893075988735,-1.1604153630421048,-1.155207945270969,-1.1466756517274637
logarithmic,1.482514934904826,1.7749423377010876,1.985050361801223,2.186593618072613,2.3362435778617106,2.483468646374901,2.6300644346401247,2.7454391543872503,2.860391973301125,2.938894140681867
logarithmic,1.7012513455061475,1.800973499213216,1.887538685911623,1.9745026497052,2.067891003795854,2.138466948820254,2.216922455219541,2.307488823567047,2.3707038836425256,2.4274956553182965
logarithmic,-2.394700782844577,-2.4543232068023677,-2.5048512685456177,-2.562645540960814,-2.607158751840748,-2.647257376047904,-2.675033186541097,-2.712328938817773,-2.74046244620743,-2.7892800449545296
logarithmic,-1.5025382820266342,-1.5107495830640318,-1.5168638982241347,-1.5225437982374386,-1.5280237652105095,-1.5323991087180506,-1.5392818470398382,-1.5430107501145418,-1.5461955527626288,-1.5495636680090337
logarithmic,-0.0305456062553877,-0.0450104398104257,-0.0560159147385113,-0.0672170539796396,-0.0754290848922605,-0.0883884427993411,-0.0971687408023973,-0.1010752408588639,-0.1103389981159853,-0.1174228279750265
logarithmic,-1.3326522831744674,-1.3961614247267993,-1.4500806580051413,-1.5029827896752737,-1.5379848542238723,-1.58377631317491,-1.62676156680953,-1.6619244596352538,-1.6923479309533875,-1.7136165676960868
logarithmic,2.034592496599984,2.5416751749326347,2.9424601475260457,3.135373641691644,3.289502867701505,3.8583535587395215,3.9144819600796015,4.075750751058585,4.280464099907825,4.3220102940369465
sine,-1.6454882333619891,-1.3388604318241173,-1.138105067676765,-1.184172323428966,-1.4953293425217682,-1.8768201289055149,-2.055857311752242,-1.9547095938482344,-1.6826698677704286,-1.3408026647698792
sine,-1.3253126842320757,-0.9002277419039547,-1.0425323045480943,-1.432310922175487,-1.2701123602094884,-0.8768416395687558,-1.102457097298873,-1.4876961014458057,-1.2261836161948327,-0.8695860582837844
sine,-2.843307044936102,-2.048987879524945,-1.1031565648160424,-0.7884959537131472,-1.319850616800551,-2.372531013398356,-3.09269589855997,-2.94821035234974,-2.1309054740082973,-1.162060565732958
sine,-0.7206435033082008,-0.930622195696966,-1.1223725465561918,-1.145435037520064,-1.0167467622735302,-0.7669987696861464,-0.5819347286786514,-0.5866431088586563,-0.704682190596752,-0.9375170566102942
sine,1.783264731484714,1.1680287232715347,0.9078984926475332,1.516694884136153,1.6081416146237912,0.9894864575722884,1.0079518427608056,1.6975117358228862,1.447034113215275,0.8657816851986072
sine,0.7631872141794152,0.3782764298413322,-0.1928580791603369,-0.4060480412635105,-0.1821616234639737,0.349240178800201,0.7411654951085735,0.7480385688376001,0.266558377390468,-0.2395593410525957
sine,1.814526389636817,1.442232633512268,1.0123370501507267,0.777265184101065,0.8880338179389916,1.2518900750052662,1.634263813750175,1.9280658278525509,1.8087101672526136,1.504402264375709
sine,0.5766242005538496,1.287080217377218,2.476201208012728,1.4241018570762165,0.5554595689108657,1.8872688880395636,2.3230760086973365,0.8727385522069507,0.8526593999249046,2.4118804694071967
sine,0.9588022033251952,2.3878255306866,3.4322556752295625,3.342901257739381,2.2941285923883554,0.8655383619941813,-0.1333438952792731,-0.0574234253047614,1.0354997622470763,2.5174199347613264
sine,2.3803689660483576,1.8871756965752784,1.3160863121498083,0.924815988841059,1.11987007026921,1.8154381798812644,2.4394621067028024,2.4407166107256506,2.311204291161076,1.5560443543075428
sine,1.999940417054877,1.6571159577809984,1.4112030599716203,1.7546886461403923,2.007910450386885,1.6843668006827346,1.4151915238935897,1.7077074754821728,2.0169037703192183,1.7408189375860217
sine,-0.0561196514683615,-0.9640870667893732,-2.384431728702792,-3.435503575437056,-3.093869883039151,-1.6100543314939983,-0.3724543269388723,-0.2343839663235755,-1.6898778260700844,-3.052049364103293
sine,-0.1243632697256942,0.44750376778044,1.5597207988972288,2.0246718395313668,1.381174144297593,0.2680692649957548,-0.1438288915649397,0.5785776824720825,1.6301404867241618,2.0011504993392437
sine,1.0424157126296374,-1.346236889378517,-2.5776007163100223,-0.1281736336856631,1.1401979778330948,-1.096820175953736,-2.556688850057032,-0.9137427654135823,1.2280010835222277,-0.3186796513493009
sine,0.8435158281279894,-0.255217332738554,-0.2384603767211127,0.9011337494779882,0.497410471831762,-0.4585774578557668,0.2525230517671906,0.9499954002892376,-0.1910480859106627,-0.355630322429438
sine,-1.9254523760864688,-0.8728550328901157,0.7864670651781853,1.573034563384691,0.8002534180790943,-0.6241202137043494,-1.9261820640617848,-1.7476231486809124,-0.1213074037886781,1.2513466090789809
sine,0.551528266511562,-0.4946813209454605,-0.2600073187756004,1.217337309543683,1.4086858259308472,0.2191669987805078,-0.7099723711110173,0.0681697350399274,1.3524801698446105,1.1186458841663505
sine,-0.964417604538752,-2.037509605311966,-0.4833348891504537,0.8353824989577063,-0.3633943041621076,-1.905673224070556,-1.094409287741346,0.7412777861847462,0.1747053248017774,-1.6665820902564126
sine,-0.6917773439531103,-1.0118514454316354,-0.1348756097451765,0.3919014617269501,-0.3693247792310513,-1.0400268976768607,-0.5030668733269684,0.3731238831261227,0.0067034925113972,-0.9337096396211269
sine,1.4415870261940218,1.2911024117048815,1.0799002242031712,0.946038613795036,0.9193533853103634,1.0813058496109118,1.302402107563498,1.4862282419431163,1.467166067050557,1.3325601541020786
sine,0.5604308046059862,1.881167050640521,1.7782662820458983,0.4957071409730829,1.085334512840256,2.2008845547647398,1.2662022223318523,0.3310377013369993,1.8393706080856005,2.250729853705035
sine,1.0038784490660124,1.7298643954696482,1.904063751351155,1.0959090623361754,1.142686532114612,1.91379491440277,1.6828860555500258,0.9584404702054032,1.3927176217619013,1.992413266311814
sine,-1.9132503667162104,-1.3705625250857738,-1.673627707250653,-2.2648436123637588,-2.2767678193772016,-1.6185350818630673,-1.403393229347756,-1.9431964529325751,-2.354307753153361,-1.973378721252353
sine,1.904532541754863,3.39895654819927,2.515156007812056,0.4388256796528861,0.2431351429885353,2.2114674718549616,3.487777360388342,2.183257869407779,0.2095650615639407,0.5265366401181645
sine,1.045961951238619,-0.34659760259338,-1.6198383352693475,-2.060560915424514,-1.6551059604266394,-0.2549988242365247,0.9914648878551852,1.512512368068757,0.8727365517082879,-0.4145006124496805
sine,1.066483962571638,0.6755040890555197,0.454364136918822,0.5239894309664738,0.8514532755768642,1.2678907998157514,1.439769065618478,1.345824834653205,0.9654236368804476,0.6188406548339429
sine,-1.1998571613009894,-1.675956800494439,-2.202247559115136,-2.2498474705952938,-1.7955100796211896,-1.2632195889476523,-1.329883695853338,-1.9025366175664755,-2.338497532862281,-2.168923544318168
sine,1.2927573694870649,2.0606494352370865,2.858698193000224,3.0745394017632,2.59469052654687,1.9460610505123463,1.2248715978420062,0.4944309578444292,0.4915320255932252,0.8227877541938164
sine,0.9532137907594448,-0.3354378683610155,-1.3931935734346184,-0.8048739029601277,0.6238637207910083,1.78504084294221,2.6601023335631115,2.1300481681096723,1.0808169507982612,-0.197179019055223
sine,-0.3856696555655122,-0.5731031069074327,-0.3614232995146597,-0.0436848702321814,0.0022903267155562,-0.2577318186140809,-0.5385800187703497,-0.5030452894759615,-0.2033448043689101,0.0371888416459051
sine,-1.0772259567133298,-1.317979386290426,-2.192832056806608,-2.6254283082666574,-2.102814085273952,-1.2966960463916692,-1.1877883911585296,-1.8185981947620056,-2.480476756274014,-2.500057297383236
sine,-1.079166833832566,-1.0468000538796576,-1.3640081118235097,-1.621765898637764,-1.4388902347027366,-1.0680586128622052,-1.0690946086501112,-1.429661482096725,-1.6155608567665567,-1.404902365255412
sine,0.7300391515359159,0.291482957147211,0.9787804973194296,1.859610638655731,1.6036172459471294,0.7300577741774739,0.2010103223853161,1.092835993982515,1.8874861519392292,1.580792173242346
sine,-1.5803197946048877,-0.949661294617122,-0.429913464915968,-0.4312251073026425,-0.9725086116296332,-1.5955628982862609,-1.892693663471546,-1.5731993985679722,-0.9117026494675322,-0.4017108740194437
sine,-1.8206208336830407,-1.9094139832295487,-1.534351342804584,-1.0216251891915324,-0.9694225897019894,-1.3637719800926869,-1.8616855106980117,-1.9183432402379137,-1.475589325852117,-0.9859949304716784
sine,1.209846849839763,0.9537032579857642,0.655445340532416,0.6610056233728528,0.9147241899581984,1.1810450153130312,1.1716946262722467,0.8980669931069399,0.6511307561515024,0.6911063801783096
sine,0.5315416830359193,-0.7614018597698085,-0.4346020254882689,0.7821187642762539,0.0661294024597022,-0.8851679981653603,0.1098296343675433,0.8037775729325403,-0.3627251617160193,-0.6622170339495399
sine,-0.5322907471629574,-2.216726249761889,-3.025320219077701,-1.0934633420657314,-0.8549160949276655,-2.956109160715447,-2.478240192101892,-0.5849448447176249,-1.634920203585752,-3.2128504322123845
sine,-0.0203072791771782,1.8438874304870476,0.3268034075591171,-1.5554263525128098,0.0928764581200681,1.8359037371492883,0.3810013206529183,-1.3479116334985892,-0.044100489202666,1.9262550563151188
sine,-0.8200799649281802,-0.3181899949474344,-0.0409635313508637,-0.1586007518496221,-0.5981949451810553,-0.9931026689511434,-1.0766023911897946,-0.8281039349320933,-0.3697138049675239,-0.004222339127166
sine,0.5692316755208872,0.2202378623718653,0.4155592249486631,0.8431857079091216,0.7684496099510687,0.3415562013778491,0.3131184259469049,0.6908112383947921,0.8541173333153409,0.4646939941434102
sine,2.102472056524354,1.5020713630165026,1.139653112353631,1.3190983161505745,1.9109429077303652,2.346663776730032,2.368824018712364,1.8626911201709384,1.2886360093204896,1.1444511970086058
sine,2.0120817579686414,1.571762720008364,1.585085766454145,2.0220692643263085,1.9050755997251407,1.5165713808920969,1.6925634633385576,2.072940728016732,1.822125962760436,1.4794045624359469
sine,1.3453347181201665,1.7438275369634837,0.3270026609775069,-1.0397988813042025,-0.2853020962722443,1.295227270731502,1.635979869595238,0.3489206392963183,-0.8209447888974619,-0.511861238189554
sine,-1.134540436681184,-1.5342620057957428,-1.6924287446673865,-1.5363624033851422,-1.0481769265542733,-0.5980460659223701,-0.529599497724974,-0.753780738160642,-1.2104099815868532,-1.6447129195563408
sine,0.4006339561812685,0.7551842055967801,0.7236497912468665,0.133310561340177,-0.5912506368323419,-1.311048310674718,-1.871608061013452,-1.959710090282088,-1.7898549767115703,-1.1663819402744446
sine,0.5413153265094095,1.3013439414836685,1.6759153112648415,1.2020551023268955,0.024269733107025,-0.7551743447302796,-1.3975951294477844,-1.4804989964909503,-0.615280178384467,0.2525155253726773
sine,-1.8694014980507023,1.0668482867834996,1.1156581686819915,-1.777520768686919,-1.2010718863342538,1.641864764500877,0.4007061775008122,-2.21816173911261,-0.358454260271955,1.7798979018738856
sine,2.4587955597248765,3.1877441758154195,1.8445168459890264,0.6397151413677963,1.6952534956992986,3.1157815289389985,2.4573966172110477,0.8414023810145638,1.1263752902352622,2.849369794724625
sine,0.2710636380716059,0.0086957568682158,-0.1470661629190186,-0.0382900216562576,0.2535467048477698,0.4446019169960458,0.3766446166110554,0.1466810356500524,-0.1168762356259879,-0.1063717501842188
sine,1.879952422454812,1.713994634681053,1.4651652353702047,1.3394313481539823,1.3722198972017214,1.5801325147992649,1.7846018628466953,1.9420212189149992,1.856806657973873,1.6738907313064648
sine,0.3113702767779402,-0.2553485576873064,-0.599362076705484,-0.6241671502246651,-0.322319424777815,0.1970458830427035,0.8531517919285749,1.508642297404289,1.90500499029364,2.0486634926209017
sine,0.8539672775021889,1.2364873599698278,1.5065035708504853,1.3421726508081582,0.9981546766700976,0.5237367958288791,0.2315047935363912,0.1248360023160136,0.3413881733495562,0.8180531079209346
sine,-2.085277467536665,-0.7381992235430274,0.0979943555009173,-1.136681291808921,-2.043073274222811,-0.8011186285212782,0.1755876649718995,-1.1176794220920534,-1.9857810784871008,-0.8504620886629921
sine,1.9377579754869731,-0.4024990478112135,1.0488937709602708,3.2384502634903325,1.5076976525820638,-0.440525844995733,1.4652623910073157,3.172371894560156,1.067152119987313,-0.3980697529558702
sine,-2.6584711366914022,-0.3396769978304312,-0.486355185907416,-2.517087403121226,-2.09019857207363,-0.0765810212077063,-1.1025280020558208,-2.5894502688904244,-1.6612211747812815,0.1149321365232163
sine,-0.0103279620816062,-0.419031689096621,-0.4622826858981677,-0.0295602665710025,-0.0088146448054596,-0.4255545383841639,-0.4641683936208165,-0.0751263321081471,0.0209125197837431,-0.4346992440702121
sine,0.0339393745193946,-0.350944330525601,-0.1673978650095052,0.2161337176605821,0.0315961167725324,-0.3828427795571685,-0.0480056781841884,0.2403357388487434,-0.0966700474544675,-0.3922040555770744
sine,-0.5330080942663695,-0.5184875008565767,0.3681285291193145,0.9964402664189884,0.6291469494169897,-0.291881541820309,-0.6459263267333621,0.0339043628849722,0.8922529520255061,0.8099921568499182
sine,-1.21008351351436,-0.3811005706015494,0.941049782941414,1.8153530867492464,1.0541054318822858,0.0493428666867758,-0.968054282578436,-0.9598935043791218,0.3474739866211879,1.4692784202471132
sine,-1.4930679472450272,0.2279659674543308,-0.4098691262096406,-2.330660258290395,-2.1306039742256364,-0.2064888727518647,0.1239915806054917,-1.741266243614317,-2.573913458460686,-0.9490751423159278
sine,0.2518183739282214,2.324080992016768,2.0408149383742398,0.0291104030654847,0.5261658700568469,2.500844374976948,1.8881390895943049,-0.0197192883966104,0.9170001023802862,2.5769507282716506
sine,1.0242020148696154,1.5896976596230024,2.0674649624982955,2.213213765914912,1.879290869451402,1.3330932798651964,0.3174347095437722,-0.2305373249543313,-0.8006410923177718,-0.8470699716225222
sine,-1.96889310623718,-1.5826175393517672,-0.6289477839458819,0.1220137780256648,0.2382275255856798,-0.4719077210570512,-1.425526335058848,-1.9227410504300777,-1.5972502160208013,-0.586569015495253
sine,-1.2902990650402166,-1.548382150844072,-1.4547849670173525,-1.1144551286843725,-0.962940469898086,-1.2337368410587088,-1.530569850131979,-1.5036762490820856,-1.191971270701466,-0.9586648922697528
sine,0.6132749837250333,0.6915685614972742,0.5001854004777916,0.0337815084801438,-0.7646596432353717,-1.4316306802677694,-2.2200194914779314,-2.694597035351086,-2.466530454530099,-2.371954070764966
sine,-0.3015724680435183,0.3335166088867148,1.226802048836638,1.3298833055668848,0.4406947852266676,-0.1623770220851211,0.0516912440667465,1.0807317842908055,1.318186645359854,0.6112227201911603
sine,0.3895587725527545,0.3668412955432753,0.5228145061629451,0.7833610433906164,1.7647860134078064,2.182552012235914,2.8784552677510065,2.9774218836065263,3.0741498547938657,2.873388862223194
sine,-2.029049684978105,-0.8127788349014631,0.2202873381908203,0.6852941983611522,0.4945275871948212,-0.5228661672768036,-1.858512380544451,-2.5292629684417727,-2.9667512873548207,-2.404474961020959
sine,-1.1798757901300865,-2.150383693455143,-2.8319228615716177,-2.506196069884304,-1.5390213053941555,-0.9140099845199358,-1.0685167001500195,-1.9965302185987492,-2.6702874929386096,-2.64623763850546
sine,-0.9183766429217846,-0.7034973364151098,-1.8740912731542,-2.4306779530913656,-1.48274150385241,-0.6486080004553239,-1.179461863938579,-2.2015082277442217,-2.1313377496853767,-1.12305837037268
sine,-1.6042360462274128,-0.7522210045250598,-0.1132863207545289,0.1599249187997759,-0.4817860214719608,-1.3009907409673285,-2.0596721041006565,-3.0288482914520825,-3.4021757897152134,-3.841719106136702
sine,-0.3564876517667469,-0.702911746305985,-0.0358022251170165,0.6030315202362275,0.2822515286276346,-0.5335644460540715,-0.5894218273796855,0.2039753981194146,0.570552308441659,0.0141599492837064
sine,-1.3655152419197767,-0.7149868170142359,-0.4638689643027558,-0.5514877585409249,-1.1947235509644585,-1.6478886187716657,-1.8921271685001728,-1.5938683628085448,-1.028149423362262,-0.5057779529724717
sine,-0.7581747005069142,-0.1428432080845288,0.0596239846532942,-0.1467409985604895,-0.7115783149909741,-1.3564432703314024,-1.6595194808393747,-1.4366324779379684,-0.8038671598277775,-0.2792860021614886
sine,-1.33825654166192,0.1842178857934491,1.435959541151353,-0.2276562881832879,-1.3720430260333458,0.5653884512383169,1.3045108247768988,-0.620452817450547,-1.1240786906657727,0.903871128760345
sine,1.3095074789952064,1.7510283460163485,2.0481412842528086,1.9159116149186677,1.4810692258360176,1.0605693753867371,0.6215892281295436,0.7136492399056853,1.0925688975106325,1.5580229442656486
sine,1.8530706842283489,2.389508574557282,1.042672767507138,-0.2620126401598091,-0.3420963439978893,1.1420680198210025,2.3877684697345805,1.7503613734775456,0.3582719770645127,-0.7770127043659762
sine,-0.9976181060698612,-1.181952924218369,-1.32554277502156,-1.3907085407878086,-1.309702938034837,-1.1533096780579293,-0.9561926102987602,-0.7601324698542264,-0.5916205655968844,-0.5286044166507858
sine,-2.544653824283696,-2.320873994797231,-1.1572114429708722,0.0173500509950862,0.060163313146583,-1.20260436042787,-2.435123300843356,-2.517504954400074,-1.3564365324891088,0.0908516308917019
sine,0.9719564169234194,-0.5604003998604549,0.7866859799901639,2.3622092805176336,1.296441234182151,-0.4564377206247039,0.5023521471364302,2.344218003861001,1.613481074727106,-0.4064264860377815
sine,-0.1097781857238027,2.113799149906744,1.3487004133586158,-0.9147316719738204,-0.4367842829694604,1.865792104942937,1.7293656105875457,-0.6362308923044888,-0.9919627184373132,1.518343908941478
sine,-0.4626814308957705,-0.7929917230413513,0.8936446503286773,1.9689196972938177,0.865584720536533,-0.689371819430333,-0.5168480389241317,1.2242705782705856,1.947156104257956,0.422155083480943
sine,-0.6625013682245087,-0.7435463035587364,-1.083468436045374,-1.234814681722974,-0.9533758401447374,-0.6578788894418383,-0.7556813724963566,-1.0991166465009563,-1.2407750625345324,-0.9335465871126298
sine,-0.9949604980981424,-1.1036642999025488,0.6855461388943818,1.891582675213557,1.4465739988467845,-0.3133109592012593,-1.1813536966940057,-0.0306575889600384,1.6510299429114754,1.7584431787381514
sine,0.0456720052416712,0.2135660844155585,-0.0559827870649977,-0.3545982660475007,-0.1767074731049699,0.1624251989405072,0.1171518996119493,-0.2622503145000439,-0.3213106742189565,0.0139305283985621
sine,-1.0385661738295149,-0.9549090740173546,-0.1607324112354078,0.1307099225067791,-0.2055335438621739,-0.9034608494971788,-1.1215240839710623,-0.5901390845159769,0.0853265911543947,0.0797699080295424
sine,1.740154402854448,1.907110960805736,0.7369114265715547,-0.5968213395382965,-1.122577239793285,0.3619732232420358,1.7008912536710266,2.1487976353000837,0.9002869038094872,-0.7019850054511959
sine,1.1309475126025748,0.4724722419846124,-0.4280166402334717,-0.8319694695539328,-0.4183800222132649,0.4088252704715348,1.1505313260288283,1.222837936093878,0.5705330403057316,-0.1881251363044216
sine,0.6532027105095184,0.5921989161595933,1.06055722583067,1.407104143984694,1.1343050408049906,0.615367647696263,0.609899379248766,1.114542801055435,1.414372691283675,1.1198183244251143
sine,-1.007293328037639,-0.3652241799624645,0.4020392941156228,0.818234552250073,0.5465758973840571,-0.0361819402349451,-0.7749813194357728,-1.198203315930723,-1.1124983079864157,-0.52934247872554
sine,0.7563318046596607,0.9643970791649104,1.291688065861129,1.345619524332196,1.041327945121647,0.7798710673001548,0.9065927352534312,1.236903896779518,1.3691280933502734,1.1160013571192149
sine,-1.9323139220581869,-1.0529674752474467,-0.4051155668492548,-0.5235268828176483,-1.3720454335885608,-2.077538008387372,-2.0373281618278263,-1.285727430630012,-0.4742803351915167,-0.4407895145973075
sine,0.2268068795308859,-0.6871786910777687,-1.6029750404767416,-1.7556332370298449,-0.9137652352125516,0.0940708494710086,0.3000077325158468,-0.4678261502662129,-1.4838548819156732,-1.804236925707127
sine,1.946545908594912,1.2487156190501298,1.1333021300049149,1.7453102874418056,2.0625413155494807,1.5259052783770497,1.0407066553643345,1.502358255066757,2.0724848901276784,1.7932046761459837
sine,-2.255684672298821,-1.153333685414326,-0.1928927745562053,-0.0647666492426044,-1.181697443604492,-2.1564393761488545,-2.2471460448457083,-1.0771903785394354,-0.0672921299282176,-0.0475591365534032
sine,1.4846270669690205,0.6840151984040233,-0.1936492473422967,-0.5326951459351972,-0.0767214550820618,0.8200281506985448,1.5461307512426588,1.6596013842624555,1.0184117398511887,0.0959328550343516
sine,0.8023012451744976,1.1720093365719786,1.4000327844237908,1.055280770021205,0.8499867918776015,1.2134434535537644,1.3814057366890518,0.958644575708676,0.9005788528815301,1.338403846608644
sine,-1.1675583222657395,-0.9435797234954452,-0.8062472110336413,-0.8828317044473993,-1.0990889435012785,-1.355354119477031,-1.5074687715531596,-1.453241939477809,-1.2412507348006157,-0.9711640186345252
sine,-0.3913433759063857,-0.326811703787242,-0.2424485150700747,-0.3413677568925189,-0.5475082066872357,-0.7298435757684786,-0.8341933138143792,-0.8629978672363879,-0.7405376338606725,-0.5503654534675523
sine,-1.3509338483796527,-2.3917526467136656,-2.0277869255857897,-1.0955250044542095,-1.695760901918122,-2.438260163969415,-1.754470742601591,-1.1024819210870842,-1.9791070967763515,-2.4608008438151723
sine,1.0961092452661765,1.565381528058973,1.87381505470016,1.925128030079336,1.679452300329203,1.1997569399123007,0.5990684825667947,0.0499123884279089,-0.4106025358417597,-0.6138051621469583
sine,-0.589150311285392,-1.1431189159864954,-0.5695251261006562,0.2427495405220112,-0.1282582746861726,-1.071968928152419,-0.9696169439450296,0.0533273542901907,0.1792628290768074,-0.6346420177556175
sine,0.0039950806239562,0.0915542035001916,-1.1336118909936732,-1.729804407548356,-0.7406367726858509,0.2429403845561595,-0.2478410250956723,-1.4308298207338992,-1.4450756324880063,-0.206664922000326
sine,-0.312817691196542,0.3405484241279317,0.3778631017572594,-0.3226166010906183,-0.3416049778136577,0.4107720075534788,0.4067876031773473,-0.3276571307446952,-0.2960958274224091,0.4024218633939143
sine,-1.0179415762265684,-1.4701245663043825,-1.7677068567030794,-1.7297050674846386,-1.3306645682139693,-0.8907582014179571,-0.7694019988194827,-1.0125276796791394,-1.462288866372643,-1.776718452024836
sine,-1.7329122111141513,-1.443411749443147,-1.8333676801590733,-2.416931678708967,-2.310846509381608,-1.6945250134005472,-1.407365339394747,-1.8947505402803624,-2.4397500590049197,-2.292220146924643
sine,1.3349959849665056,0.8503633729277359,0.5113394052767529,0.8433553905807308,1.4188865243291164,1.8575827367970972,2.0105931588255515,1.6081365728864676,1.027583505216806,0.6585509627521348
sine,1.485019597314241,1.8023672269708209,1.8715087635209156,1.7064472355752738,1.4210367241926738,1.0894222294733058,1.0124646261786407,1.2827339930444386,1.607914569249291,1.8885925319687955
sine,1.2308759997789185,1.3249136476084322,0.3862186277173917,-0.6970423991803583,-0.3502857498939887,0.6116866622993472,1.3600029185420084,1.0480883355404695,0.0044732246980835,-0.6690719828297583
sine,1.4227926881191613,2.6955341870722798,0.8008991481630894,-1.2788708776852586,0.3985861207822493,2.734555384730455,1.7107069265610149,-0.8761484453128578,-0.647824511550745,2.0572191185672257
sine,-0.8973876559478974,-1.4550425437075367,-1.5588450029072158,-1.3279449608368483,-0.8145533378798246,-0.2912761859766985,-0.2497989101828796,-0.4767447213761871,-0.963610166213354,-1.4498484481680862
sine,-0.1295989845513794,1.744104427056712,2.068038873784941,0.7796020301342022,-0.2127899148453617,0.883283447722288,2.0847684152500974,1.3362955313798568,-0.0839504750398094,0.1282139788508444
sine,2.0699866198369063,0.5852740245221792,-0.806845090997176,0.5907816365520376,1.985775111585056,0.2858016974654404,-0.8428805959451124,0.8963292548966587,2.060208602780652,0.2173159849458298
sine,1.4638541646695882,-0.065946282259598,-0.7427537698945625,-0.3648835523679813,0.7540209733393421,1.923353856874341,2.5925996919275174,1.956643131384854,0.5871876587739715,-0.738434373799707
sine,2.252008848953559,2.311568477860173,1.8988358427797536,1.6011873806833714,1.8412426327905853,2.276296749252949,2.2780081150501488,1.8407560939505416,1.6121959332181834,1.8877016328648888
sine,-1.5125410317241914,-1.7032741181663509,-1.813756532176756,-1.8017737393350888,-1.624662668321991,-1.4096414960791794,-1.2524610224087842,-1.2644799157805924,-1.4369353209471964,-1.6347853051732442
sine,-1.4036514318338191,-1.7096385208237337,-1.8942728152697856,-1.9581438066796997,-1.5220257540484985,-0.982341079809468,-0.5692713661650376,-0.1648040306248653,0.0663216059647894,-0.0342695732091403
sine,2.251332414362707,0.8742079986606098,-0.9707643732324178,1.0144769414908432,2.298513361381824,0.1761627787855087,-0.8202795174289775,1.7179985717709028,2.204318643011433,-0.4772445285210289
sine,-1.0478385010054785,-1.560479458588781,-1.72493560913857,-1.4377675048140033,-0.9064317006137552,-0.5352251177080803,-0.5808556335378438,-1.0308163243797703,-1.522416647075325,-1.7292270582551628
sine,0.0481476890274246,-2.4388718841914523,-2.8825479677032475,-0.3259627021416633,-0.6776518168266156,-3.111672473960035,-1.9704099824494976,0.091654721956081,-1.8983106742803368,-3.1244882408029504
sine,0.2646782621036092,-0.5902351104503099,-1.4335194269076617,-1.5503090714630603,-1.100860782586383,-0.2527298593759382,0.6115231366508603,0.8078379307396283,0.5867884422838603,-0.2784305638894777
sine,0.840364367665511,-0.3520466803330023,-1.1314174210275856,-1.3768641069407768,-0.5846409574570449,0.4719967173605023,1.8207812494183824,2.359324171317096,2.2568083933556724,1.1395337625982946
sine,-1.047943736653945,-0.5490692257099663,1.1771595722838162,2.2371657232155298,1.195662038536208,-0.6964270025058118,-1.024054367962205,0.4533676396186881,2.1192803824588973,1.874243235637575
sine,0.8716653654166104,-0.665621897170206,-0.4235982203184187,1.092129958932487,0.6626007518143927,-1.2077788150308926,-0.0475282167949864,1.507083424907381,0.0892245719589787,-0.9438886895903142
sine,1.3888919502731023,1.19576353998816,1.5109627943675874,1.9589463084407224,2.0512034645253627,1.671261163924466,1.2412343690990115,1.2744161875282911,1.6906753123633755,2.061208434175617
sine,-0.4262925263403537,-0.3667322793888388,1.160632697141596,2.4667144041038074,1.861426610939228,0.2126252580327751,-0.6325463597209277,0.2844291952700341,1.9164251369221317,2.4082089214203526
sine,0.4038649725536003,0.718521448509131,0.5502322061756355,-0.0635467250115434,-0.2872741975762764,0.1117312837611437,0.6758659682460336,0.6783242796265503,0.0872148455640395,-0.2786728612030823
sine,0.6456676224532409,0.2431494005498185,-0.0747200021235271,0.3334322029182912,0.6310226584767868,0.1822237267677023,-0.0818876827206033,0.4011259294268227,0.6133654128992129,0.12288882594386
sine,0.7979257075629629,0.5274412446567323,0.7204359452254407,1.1768826625809874,1.7694380409216857,2.227129008259263,2.363216856124712,2.0949158192182225,1.5756698464565075,1.0864061579996127
sine,-2.634690771108878,-1.8935601301704552,-0.3217264890233453,-1.529219679935952,-2.62723650680034,-1.4906080164123432,-0.5122229888069564,-1.7088316636009069,-2.7598600498512518,-1.390650905766626
sine,-0.11873086496399,-1.0181722188177866,-2.149971405966216,-2.583972589030499,-2.0035019724516454,-0.8466942648613203,-0.2290673170548298,-0.4991200582024792,-1.7440178821460453,-2.5225721633758167
sine,1.0656821504958505,0.6382616699816269,-1.3286106395115516,-1.9715694947044449,-0.5459940998870115,0.9239530859185348,0.7127059519139948,-0.950138107595082,-2.1868144585316154,-0.9105856721195112
sine,-0.6738310381972598,-0.3743750961196612,-0.3916860181364436,-0.8034385202807316,-0.8382918783825181,-0.5335729160988165,-0.3058176651299686,-0.619555928613989,-0.8885798825709321,-0.6968077560825314
sine,-0.4598384282787253,-0.8396698723003817,-0.5522132179108418,0.0540018742003567,0.0311940930347794,-0.578807638449825,-0.8619634258213058,-0.3991858051372957,0.0719995490146455,-0.0408807020602068
sine,2.925557472518339,2.895719720747791,2.369180435788792,1.7356806252694743,1.1405010710664625,0.4781861246878816,0.350811524709175,0.2501111185164415,0.7121188254723541,1.3036682916632512
sine,1.8341368794043853,2.557355551759411,1.2875412384686116,-0.4379835943253084,-0.5815048370609666,0.9443236785949743,2.3857195198319268,2.1996416029596784,0.3951791072003689,-0.6124184672818098
sine,1.2717314183597697,-0.8546900824179674,0.8310724894049817,3.112959440493558,1.499913696006314,-0.7241113391508703,0.5705820375129534,2.974915303157811,1.8435794734012152,-0.6644498172838982
sine,-1.02411539424538,-1.403192781748591,-0.7912862514361839,-0.2667095148837501,-0.7743283363991517,-1.404726321312978,-0.9761150847753178,-0.3608237394296817,-0.7415056172002452,-1.3291061268039246
sine,-1.4355208957251653,-1.7764935583236268,-1.776720946369667,-1.550835191134487,-1.1087169144489355,-0.7345586183056539,-0.496191742734358,-0.5801169365401235,-0.8332043916317267,-1.3160673154638003
sine,-0.4935892677804209,-1.4134553183503928,-2.2332629206112102,-3.274164931338412,-3.1625342668335783,-2.2970669851921395,-1.0900557011624386,-0.4255653664109011,-0.8858339109093413,-1.7211648160302186
sine,-1.2729704710234775,-0.5745520535383042,0.0156654529193844,0.2211269112764456,0.0778170117744487,-0.5918491601226169,-1.2583966834211688,-1.8401190622195964,-2.0374643769759424,-1.6821993204376435
sine,1.1549041550880623,1.8439933185915376,0.4339865918565008,-1.385999554586853,-0.8098529799010272,1.3651695638502963,1.8496657885134944,0.1812356730673147,-1.4973728627219056,-0.7076867632096465
sine,-0.324992231603558,-0.2238624277811497,0.6115596131519364,0.1866821298898174,-0.4840099370769566,0.2882456901579071,0.6151634219873471,-0.2739554218185411,-0.2737693535576347,0.6307519690888646
sine,1.5989631464108371,1.142176011198765,1.325081036461644,1.8975596299290949,2.1008666183976006,1.651491078707807,1.2176730913534288,1.2961249548098237,1.8736554799541496,2.1142826562826755
sine,0.2468669147364609,-0.2430402567892661,-0.5231569442375377,-0.489133514372528,-0.028262407587861,0.4964743351371466,0.8852574874066165,1.003835694264736,0.8243769409689289,0.3406340255644944
sine,3.213887507234492,0.7093230048437755,-0.3591404481722337,2.005485232049353,3.4341090838969235,1.4243125825620355,-0.5333186770582691,1.1819116298675965,3.367412314242527,2.026383229879879
sine,-1.279087200502119,-0.7500510036396609,-0.980414654682867,-1.54801282476803,-1.27204459749966,-0.7375147331151357,-1.0142779622435665,-1.5088118551392322,-1.2852228420108178,-0.731098796245016
sine,0.1419293493330547,1.9654439711729037,1.9883339089074772,-0.0748444856876304,-0.7452579437349537,1.077251055394541,2.346946851118117,1.1802510800440773,-0.6014734739473303,-0.1838784193524376
sine,0.6308451881868883,1.0218483095031514,0.7200526852114042,0.0129251705322181,-0.7946377066671516,-1.5997599317818183,-2.3125179322880296,-2.623592615103146,-2.582229970781149,-2.4333687289095547
sine,0.5127272172052499,0.2435186215625761,0.1190420331543612,0.2263977126204235,0.5009983689270572,0.7222800539385106,0.665534719535795,0.4067379324208159,0.1756811113085933,0.1239076830757689
sine,0.1748183354499564,-0.6873037459294038,-1.206371541967455,-1.2122004347635464,-0.935720620443702,-0.0751307618424207,0.9243381994117918,1.8869905555815143,2.4355587778883323,2.2421184057943364
sine,1.5549598646740197,1.6367884431650237,1.144513714393919,0.6836365871841771,0.7928918472905703,1.2666360582355325,1.6685290360894312,1.4477816485710278,0.8973377139335708,0.602055851208137
sine,0.2640424525121567,0.1050768251531525,1.433602072635158,2.561939307584071,2.2424536802255983,0.8372883516800547,0.102177907833148,0.8265237369247483,2.344977708432351,2.602290744428964
sine,0.5478618706563849,1.5472417414635489,2.351657307570348,2.368877061313204,1.5103409748823824,0.4832249758769741,0.2985858976264796,0.856022956650271,1.825063440320412,2.404951334461073
sine,-0.2407768412901816,0.1583580202541155,-0.0725412834132623,-0.6149353922093381,-0.790310680308546,-0.3560136878666715,0.1114609917909502,0.0530189384554165,-0.5135216332468238,-0.8034703972076491
sine,0.5166056179020125,0.7917876859279759,0.9672903681712368,0.924367874616035,0.6869006703647292,0.4565141976638651,0.3860393849999173,0.5663231044305204,0.8271635140779399,0.9852881879318074
sine,-0.5754364435405674,-1.956764921019171,-2.535072108681162,-1.6800468966410187,-0.3717697996525527,1.0176518131431935,1.1986855148436515,0.1870295490625085,-1.3463652890495776,-2.4155394536010166
sine,-2.8918408195691145,-1.7881430451464415,0.0357168720722499,-1.8440821322084344,-2.882479843403873,-0.5432923868855272,-0.4574862501954158,-2.8927089232304763,-1.9991649560979308,0.0367913195646661
sine,1.925676754990289,0.0038321878794221,0.4902803662350339,2.323457436592068,1.0807415069117483,-0.0981270369057283,1.2460282348205856,2.100614167507003,0.3172972284208438,0.0958798732047944
sine,0.0559519681780914,-0.0767051983395149,-0.1056822411622947,-0.0740998059417196,0.0377431788651149,0.2510073439272008,0.3871784873017291,0.4828036589486356,0.4504208194833481,0.388620534157687
sine,2.356078133683857,-0.1564910304701895,0.1276037101514645,2.510976070308671,1.284396830116871,-0.5980286232306855,1.390728113946122,2.396342048292241,-0.0115023317672347,-0.0081496833289639
sine,-1.6816073949972083,-2.564330194014019,-2.062516414386661,-1.1920504298412185,-1.84296966326296,-2.633153959974214,-1.842218118239112,-1.2334931868882937,-2.0735220690806178,-2.6081255993058936
sine,1.422320412087225,1.817504379493266,1.1808344053665416,0.6053024495060463,1.2016391727327067,1.8134390469821688,1.506477061233641,0.6533881063408875,0.9028705746341024,1.6442024129186146
sine,1.543903745796824,1.8736092331957657,2.194462337885907,1.8173239455577348,1.5688481516277684,2.0428022538553336,2.1388101556677244,1.6487883865840138,1.7014146872087048,2.124153732991134
sine,0.6355773207438573,0.4869454619350786,0.8498578012249528,1.2725203739784747,1.3273583198311332,0.8248085095201172,0.4241845743445723,0.632522198179942,1.1314266846806724,1.2644778916015045
sine,-1.185179542573286,0.529020469588914,0.9341297686672704,-0.842030218400359,-1.054544494453942,0.8980737175903748,0.7893643321265589,-1.102729927530874,-0.8375443841645297,1.1412613081220546
sine,-1.0198756666215778,-2.301590525267563,-2.2799226930524887,-0.9017409875562892,-0.637668293982049,-1.7453818481246577,-2.5607795441173367,-1.522536077602496,-0.4770329719182594,-1.169849937663682
sine,2.139170164264979,1.1437715350656457,1.3365113037605556,2.2300869315121923,1.8998355190792855,1.0605410257891337,1.5662433778989735,2.310160418786336,1.5874744668473468,1.030182647712223
sine,-1.4747774423316249,-2.618837878020375,-2.1140338327627672,-0.6175693712636172,-0.1791206070030767,-1.153569148897733,-2.519921659710008,-2.466887046915616,-1.0165826624192915,-0.1389127630330172
sine,0.7146112113678422,0.2317282654139928,-0.0627140641669495,0.1204917389077148,0.4590215592318866,1.0978026376674883,1.804621689080829,2.316088200002475,2.5661252773919734,2.65382440501057
sine,-0.4389153741014155,1.332509485842848,1.238709783992495,-0.5701336603333118,-1.1503017055247078,0.4278629429539226,1.6131464981719368,0.4916521736426988,-1.162446543261472,-0.6234460162979973
sine,-1.823577281822164,-1.3439944244884583,-0.9856635857025552,-1.0975073539169498,-1.3966972114100151,-1.9695229871481663,-2.2426137176842458,-2.375789685904424,-2.016390948979557,-1.5468518150746229
sine,0.5506153367396258,0.7135535935411376,0.8662921685380891,0.6657819887565173,0.4313604896005371,-0.0523534313104571,-0.4651807065474244,-0.848929987131261,-1.020641838890114,-1.1152225490800092
sine,-0.292366623870595,-0.2919482397211831,-0.0241069943195656,0.2297539735967512,0.080410622057081,-0.3002425243007551,-0.3601349265322299,-0.0251273235484806,0.2227954261274492,0.1053173919149843
sine,2.0709565862004884,-0.5621019019100708,-0.1000941848384293,2.509337442271208,2.0970285810797176,-0.5349686901839744,-0.204962238594209,2.379068732533865,2.3203991152376435,-0.2424665550667897
sine,-2.100097959950843,-2.464652748310404,-2.571926943073101,-2.3475863726497765,-1.8523244669648045,-1.4919303110960842,-1.2978058438267683,-1.5711598973722745,-2.008544978048482,-2.4399658199495784
sine,-0.5037318942487933,-1.0195655986279375,-2.54701135625418,-3.1924561606364765,-1.924475904482346,-0.6169461553848313,-0.7770598587783902,-2.2202097993924506,-3.1576425394607908,-2.351047816153931
sine,-1.6230415402799685,-1.5046655311771713,-1.5687405901185292,-1.723287681771832,-1.9526173546574732,-2.090065192970512,-2.0897841274435027,-1.95783870803213,-1.7940863856745737,-1.6125619098656638
sine,-0.7677919818175195,-1.348405942459344,-1.6109413654970068,-1.5456504359123269,-1.161261859119791,-0.2206636837675075,0.4002657530794718,0.8250233123066375,0.7798284835652052,0.5199907503122937
sine,2.118859763504007,1.620747778246042,0.8587854798203344,0.6801135389958384,1.283244932353183,1.9991399947447412,2.04861781929806,1.3953874130281176,0.7253162030777277,0.8008163475333254
sine,1.967122840349318,0.695790717045661,-1.000335837638056,0.926990183246386,1.862925493000347,-0.371290807066582,-0.5419272671868152,1.7816181329208187,1.0100618016262173,-0.9724187074702874
sine,-0.1489903975998084,-0.7328549912304776,-1.2967012139737542,-1.24506477296972,-0.6368607839296562,-0.0960431168431431,-0.1544286216624305,-0.8017200037508164,-1.2920075187431672,-1.2381423066709325
sine,0.4818621927093793,0.0772288227740255,0.3741043231224453,0.8421807097719464,0.6644961021098593,0.1331817469060705,0.2106399912421869,0.7413303793795639,0.7950448545419189,0.2837822038450636
sine,-2.381150432978824,-2.1176073751545808,-1.3317421436153134,-0.8174703940301001,-1.175583451169513,-1.9899936003611616,-2.383897028757524,-1.842341947836357,-1.1336735393784112,-0.8762129336268996
sine,-0.8439100599971847,0.2740750275386046,0.2585974589905172,-0.6504419908149933,-2.13907635737509,-3.2323707650725155,-3.3776504124076583,-2.496982813252144,-1.0400124764822782,0.1523490874263014
sine,2.021491044895687,1.5844411433452976,1.5559144748956537,2.007221964657633,1.9645002568685663,1.5216822506439085,1.6308681636320752,2.0564103671714986,1.8675906136471747,1.4861185821627332
sine,1.1429444049178183,1.3020785370186736,1.5181776797827462,1.6736272088248256,1.593900725865424,1.4498006965011572,1.182800668747343,1.1045121103371296,1.0993274824495418,1.316511853334515
sine,-0.1778486775437546,0.0986396011794238,-1.5801547587846698,-2.550814969319845,-1.3481087331534112,0.237524282366623,-0.3066220391659416,-2.0456482710113293,-2.443615236501901,-0.7961515258988454
sine,-2.126505118120253,-0.3280460698489073,1.3069193495858669,-0.6625037520097425,-1.8885364394170607,0.5755568849071517,1.1605633639382762,-1.3855356057007937,-1.409713377906215,1.2024294553185335
sine,1.1328964618674615,1.204213151400771,1.513540456653464,1.7259700099177695,1.5620012156877678,1.2700929593958037,1.1288668745457129,1.3101189955480093,1.6116805868137631,1.7311618424955355
sine,0.7306713051674097,1.012680620162398,0.453042383177142,0.1198103541198615,0.5557533287750434,1.055475027559198,0.6773640775681412,0.0918259859306068,0.3640741800103654,0.9457906784650518
sine,0.0624937752483436,1.626302700869659,3.3758731430069115,3.301879865349748,1.7396494927943589,0.1504066100181135,0.608535277263134,2.477141302983819,3.683443049003551,2.7290783596844297
sine,-0.3658006983838662,-2.07631102700976,-1.1391448383936178,0.8099880437112824,-0.0658019345605099,-1.960615806692396,-1.3709270833588272,0.5907602169605638,0.2744053073663107,-1.814003253941178
sine,-0.7564620260822624,-0.1104835914526194,-0.0693268421687774,-0.3652394283805419,-1.0334597720107714,-2.015607961181314,-2.990446070435293,-3.3643443708862644,-3.25761758103383,-2.8668915039175658
sine,-0.0830519486289342,-0.9907574553062408,-2.4456212534365287,-3.641757564186719,-3.146270397615506,-1.9416019165705425,-0.481181359188665,-0.0306315069163971,-0.8003164168993075,-2.2660078103992944
sine,0.3697687422939276,-0.0054600410230616,-0.3239531747941336,-0.1528739548100392,0.4885005098880224,0.8436801197804719,1.1116611784729205,0.7232710437321134,0.1156449655942649,-0.395299258874195
sine,0.5243464515393458,-1.690345460491789,-0.7989130215098037,1.6253414039818503,1.206703685675287,-1.3057471284528248,-1.4168655622443904,1.118822328931202,1.679404846423943,-0.8043839049197056
sine,-1.0464362292931786,-0.8818630170890215,-1.279906503989974,-1.5700405220048976,-1.276729762925923,-0.8858576552922465,-1.055220410678493,-1.49317968578241,-1.4808573767872064,-1.0247189171047577
sine,-1.2131563468768145,-1.2272455174370374,-1.1105157301734916,-0.7617947276151799,-0.4156438151013291,-0.0892495871012701,0.0252144836500428,-0.0093981960634804,-0.2524108232164941,-0.5805855136363686
sine,0.3333312959730578,0.9977554974529694,1.710573916747144,1.935879506664152,1.3053100620447853,0.5196720542926684,0.1507623689678829,0.6651398144253922,1.519860731973009,2.010223856894152
sine,2.1321831940197984,1.1315249941496923,0.4088231017241537,0.1118767307612109,0.5281845402531397,1.4679028388307909,2.404722866073145,2.866217487876152,2.6715454400319327,1.9990898870377
sine,0.9906574618119318,1.6846460569867747,1.7617803809364871,1.3456060637259668,0.5606022785507856,-0.1609545810338714,-0.3539812948205509,0.4658169271482161,1.2064954409998996,1.767517000804513
sine,-0.7733788635777687,-1.642237272448542,-2.272644670975711,-2.0332629073424733,-1.1224898077069811,-0.5057757903555639,-0.510793160346197,-1.369278698613574,-2.1735515049253844,-2.261336757868067
sine,-0.3942511268408727,-0.8288211963894354,-0.8451212493992547,-0.4456651952446424,-0.1538757296832056,-0.5211269941917975,-0.9193410212436606,-0.7354823116347079,-0.3286037256140243,-0.1653453014738748
sine,-1.787441587866958,-0.0196880245391351,-0.1350682629467459,-1.6380715907922117,-1.9699882980437704,-0.3645773449376357,0.0399229004034013,-1.417193992080666,-2.055314990364303,-0.6994931169896637
sine,0.4160186679541225,0.047616653942446,-0.6790902961475586,-0.7692608979620212,-0.0876152361114604,0.4228168588960427,0.1080349209305217,-0.6332559312114979,-0.8152461276198245,-0.1700338124134467
sine,1.4151321548200495,1.087863931826274,1.4172265828306414,1.7166700611507435,1.4122390742717867,1.090493906691409,1.3872202874475936,1.694603988070928,1.4172162600207414,1.104904640497905
sine,-0.4387820134499156,-0.1990574380257577,0.04198307242282,0.108888641404019,-0.0243456996041111,-0.290735416367161,-0.4787594640045494,-0.4256047311100558,-0.2194000571730002,0.0581755036079396
sine,-1.6653862140040745,-2.135195888291311,-1.5240144307702326,-0.8787677192674752,-0.9987222423313232,-1.7978931239705636,-1.9862538156875265,-1.4228470835240303,-0.8460696336614054,-1.164042222553092
sine,-1.9557911017335292,-1.5287175481199933,-1.4551498269587106,-1.9171615752542728,-1.8145209424286917,-1.3703952687276562,-1.5653179163143225,-1.95224458450846,-1.6650152590388212,-1.3334167411415356
sine,-0.9478436737366172,-1.5820433873145765,-0.2359098893538018,1.513382673596242,1.1766104371871249,-0.7979081776114708,-1.651277300323118,-0.2902552792019017,1.326016249382279,1.1362683770648765
sine,-2.143619540032661,-2.706105631935075,-2.414104465081599,-2.021226159268834,-1.2762742520346002,-0.6032841530838923,0.1806198493960884,0.4470073775626616,0.4433391273780421,-0.0978392448060974
sine,-1.5809477746865896,-1.4696002139865436,-1.3770094685764556,-1.4463301079202138,-1.5367561002515824,-1.6790136664427828,-1.804851148996086,-1.968622628815601,-1.9833238453988284,-1.973118051108677
sine,1.0671421936816352,0.9794996848465646,1.8001209030640482,2.648504918356279,2.82735472093491,1.94689288400522,1.075424753761925,0.9588957284279186,1.834516546552156,2.685472628019497
sine,-2.558921090715148,-2.4490667286819314,-0.2535114016336411,0.917233388248976,-0.447327297170843,-2.566736429692999,-2.514892036426624,-0.1002255237473419,1.0967558420093346,-0.4432169955249193
sine,-0.1120999859573171,0.2649819459079907,0.6161061358866198,0.7285860010868592,0.5628169868476408,0.2744358415701562,-0.0035612531053564,-0.2830360531227596,-0.5313330844199244,-0.3928559709107896
sine,0.1349635614099227,-0.5265083370191985,-1.0751882397748516,-1.2150846916428404,-0.9961078649310856,-0.5072501258148098,0.1393133598332822,0.707871049790288,0.8157186944896083,0.483711842790381
sine,0.0726932988344378,-0.2920190087386254,-1.4532075496020451,-1.978240912093868,-1.482875512861993,-0.4140874215011009,0.0209988181717631,-0.6867404900141356,-1.608909582313847,-2.020780945285312
sine,2.8239969485572485,3.1490189238367137,1.1486158387438696,0.0417114624724396,1.5609481072704463,3.319910387834473,2.4503248205114665,0.3839728794094993,0.4892606016267968,2.5497754039956324
sine,0.3660041495586282,1.623734384719447,2.810277116047362,3.885152308647631,3.569597032480442,2.583451200255805,1.1614043258779407,0.1997367647551557,-0.1362045016540815,1.0699198897135167
sine,0.6951475696171407,0.7082001401565431,0.3848728347948097,0.119444946105229,0.236059526847406,0.6046444207426453,0.765829343494673,0.4960254292528359,0.1649225378792602,0.1696851715736339
sine,1.1410500143019966,1.525694806373521,0.494094505857314,-0.5253961065600176,-0.1690330014682446,1.2104404962200797,1.677094658872366,0.3922270267496804,-0.6106303837361226,0.0103109230052882
sine,-0.3078122326272283,0.3629354848255269,0.5687949310118947,0.3123199180894481,-0.3424566275021089,-1.246880390626268,-2.024562547442684,-2.7088985198505804,-2.97167073256334,-2.6658686683373696
sine,1.029222751536266,0.2049677269455171,-1.0709707006887397,-1.4085479135906498,-0.6278603773505458,0.6768957685901487,1.28837897180615,0.8616084803514812,-0.1804740799647403,-1.1438204548676894
sine,-0.1707551317661813,0.4190375013722017,0.5144421882201851,-0.1286201752972978,-0.2502089594560056,0.3918645797726232,0.5486157997860512,-0.0544555301725385,-0.254724230581446,0.3555003422544395
sine,-0.7915851369014042,-1.039778333282781,-1.0000085769506777,-0.8112102201179318,-0.4742841155894386,-0.2153555651763084,-0.071382399848111,-0.235505838768495,-0.485861217065138,-0.8179935417433025
sine,0.5306768545085708,-0.5958301644042759,-1.21842769239963,-1.019430715022414,-0.0657659127591397,0.7876437751941456,1.1490575092972024,0.46843249459467,-0.548030179711036,-1.238505663004292
sine,-1.1816680139691915,1.3648766789924682,1.0747792938167315,-1.1921815314989868,-0.260496790295494,1.941807314134508,0.150290435606623,-1.495536564344376,0.7242032669558243,1.5881918441200165
sine,0.8661717569104337,2.2821306297227557,3.002991251518476,2.780457015446524,1.845525162458344,0.4818278426917874,-0.4736626818461812,-0.3587855895089918,0.4946519477063323,1.6145074014501646
sine,-2.0592837021761228,-2.7986164345799573,-1.4635250081868465,0.1173233741451892,0.291945957278288,-1.6431970389425476,-2.8452861820922077,-2.2967450233791613,-0.2574311245101386,0.425275171216137
sine,-1.0129831186644287,-0.6840442133958076,0.7093309432948833,1.3857727781050662,0.5628976405757251,-0.6935675543288053,-1.062488036305692,-0.1966503366431934,0.8254524800054188,1.3111190642676
sine,-1.1719986455310287,-1.8745573028303697,-1.8246363298095063,-1.0639210111712782,-1.101838403058307,-1.886907958027182,-1.815818015608984,-1.0429754744596968,-1.0776450810262963,-1.8701230948646008
sine,3.7126758608683534,3.155554869747073,1.7696731331857445,0.3678848250997398,0.0205470141809575,1.1307557350787651,2.8960815390130024,3.806546171923913,3.012631766056437,1.5768920847918069
sine,1.3639618866363468,0.5414666728130096,0.5659643520499421,1.3560768923105828,1.00016648460735,0.351247130139625,0.96382307759007,1.4049505379108818,0.5812381291563985,0.4864377008223924
sine,-0.5315697102852951,0.8861217044543492,2.383168680207316,2.672594683695134,1.4854610509089687,-0.0149720634140274,-0.6868912136292584,0.2419503932943153,1.8581449293234729,2.8084653089436604
sine,1.5112614879450432,0.953858784961889,1.3456999329537862,1.9174249053976584,1.654530006222178,1.012048742436752,1.2099502577301453,1.9018005566376892,1.7177353688228805,1.05299801756413
sine,-1.5263740983381069,-0.7533999617327201,0.2488026160786423,0.3359284778345936,-0.6510539618706398,-1.6107971056728794,-1.2654222146637617,-0.1880245629066713,0.4782745553526577,-0.1964544005109398
sine,-2.85060435935326,-1.8654803934843385,-0.5889417437456484,-1.872254834440718,-2.621972664111071,-1.2731998552635448,-0.8181924589340511,-2.3504851221869445,-2.343315421922688,-0.6720359346311927
sine,-2.355697875482707,-2.07921891375546,-1.2103750580825785,-0.5489787715224457,-0.6465558808540062,-1.543420281681876,-2.241497220524568,-2.1914371117335305,-1.432196932514628,-0.6082122194859478
sine,0.3604617758364921,-0.281345935542,-0.4681045514712941,-0.1464924151789454,0.6313289752474034,1.3457911548406056,1.8450005075242508,1.691066648093953,1.1000515293999924,0.2355257247099358
sine,2.4448634240284264,1.330481083633965,0.0650219410415176,-0.4769208922516895,0.1853983961302708,1.8789286401664151,2.500169537432124,2.003544038577331,0.5674876272326553,-0.2843838197697074
sine,-0.834668206342066,-0.593687447100441,0.7153253472454542,2.18331562841794,2.4495742642219684,1.0130689048178576,-0.4261901615660162,-0.8408122557110336,-0.0540476506876577,1.614534673973134
sine,0.9658643941206012,0.4911523824066303,-0.7021808394434245,-1.097379529693139,-0.4952409705203787,0.6094085795709008,1.0198943336248645,0.1660483543045466,-0.8744041884324332,-1.0925682435892865
sine,1.3538483371053496,1.8231350478708883,2.268242023427092,1.7556054364974745,1.334904092593902,1.9241874197617876,2.235372557713272,1.6178865097125663,1.3584142351774604,1.9681276653429327
sine,-2.383713618089476,-2.199861033037513,-1.877611286207648,-1.4171656088180802,-0.8535860646819635,-0.3653121944279711,-0.0811957126030434,-0.1458811722332053,-0.3589031945586207,-0.7965996491231424
sine,-0.770514283658501,0.0970491361724763,0.5875709989502912,-0.2891915048287333,-0.7467886415278574,0.1859257315656983,0.5463941906989439,-0.4044307852391779,-0.7051617850825529,0.2730126334631537
sine,2.67417760037602,2.1361441637617977,1.16755256344083,0.4839532891712069,0.5530928426840125,1.360315871082771,2.290881580496311,2.681462123061978,2.305453636370576,1.4091031340562283
sine,-0.7603110426660805,-1.4507600598929176,-1.0975379274800716,-0.4673246108262322,-0.9050463421860796,-1.4726974779265016,-0.9962587071703508,-0.4547270396998403,-0.9953505941878764,-1.4711342472558546
sine,2.3258678375186563,3.133983695245187,2.0825995736764824,0.713298083688553,1.1127361084582137,2.620000983520205,2.9827313692328707,1.8252350305876408,0.6864130270903362,1.329640197613796
sine,-1.59984610963797,-2.047891749771086,-1.3443095628243882,-0.2754549346865375,-0.4887101226169824,-1.5450095000499475,-2.1080198579974465,-1.4776757717970366,-0.4311640296945921,-0.3045801375519222
sine,0.902793367989279,0.2040748784915913,0.011383191457962,0.4437327391930423,1.3575796699757323,2.261791583875348,2.989293655821628,3.113388974349822,2.7172335358888757,1.85711621155964
sine,1.6162708362052416,0.8868072153241332,0.3676562998072522,0.3588434732502735,0.5809374363618501,1.2598600154065691,1.9549920323980643,2.267102996688935,2.300677499006212,1.8527552095498263
sine,2.461110973427684,2.0410985965115924,1.348713535406676,1.1630595055345392,1.621950497504068,2.42886453101457,2.30145033081393,1.575675126060203,1.1594361790799186,1.4020866558324263
sine,-0.0799176525916163,-0.2913740263281641,0.5845552221435628,1.5391115135163105,1.4777072741938124,0.5118466776012363,-0.4474112771828808,0.0747063605610937,1.0000869098696044,1.7414888693122348
sine,0.7342846933955847,1.491820731440725,1.5168683573590462,0.7301870896177082,0.9399332500321114,1.6510131493085136,1.246681752140771,0.6512189763490909,1.3117776966998482,1.655750156049191
sine,0.398539677188557,0.4860040024049174,1.81040298086584,3.27700455726199,3.4746728399587843,2.2315501472720576,0.843033754299386,0.2776056088867953,1.3293447660369255,2.8516119232975234
sine,0.7279526106136006,0.3615117570706864,-0.0235042749380563,-0.1822311761641212,0.1174908903081171,0.5633971760195214,0.7528282657436725,0.5682381255812509,0.0781200840168942,-0.1699416061428522
sine,-1.885037226287028,0.1252534991777963,0.3896346355154131,-1.9700845961925344,-1.3244441717133124,0.7915034523962434,-0.5832226404218291,-2.2668985427880592,-0.4783859045492052,0.8181424515795175
sine,-2.2893235860532832,-1.756950080589636,-0.8850995798933389,-0.7330153727807005,-1.5159937498122344,-2.290679381711858,-2.108683966381988,-1.1331046697506726,-0.6800535694257109,-1.137325558781292
sine,1.3061195845209597,0.1531481553418815,-1.2586432516330524,0.261480510032604,1.2663532215034243,-0.4635324292110617,-1.0075447146329706,0.7124006185672407,0.9112515196765328,-1.058278514736103
sine,-2.9067764476499933,-1.2615010194046554,-0.0489869618900148,0.1414904656535312,-0.7702624444120745,-2.444121845333336,-3.329195080713516,-3.266579386766716,-2.047765416307297,-0.6128585078556277
sine,0.7357355518967722,0.6185038897597668,0.8796393920505851,1.1704685950031934,1.1070557994981751,0.7602541085347813,0.6060546349831625,0.8521065605399629,1.161695501330697,1.1231908269554378
sine,-0.5277837960529689,-1.3841243161449752,-2.143140052030448,-1.9796554337461751,-1.1323886259592026,-0.4294029972662774,-0.5748622504673856,-1.472883351037361,-2.1755208202539817,-1.955070098404316
sine,-0.1845671860459838,-2.185712892352647,-2.647838034415833,-0.4899789737766025,-0.7915244133880383,-2.816449129317333,-1.8795540203787264,-0.1185726615728681,-1.6589811033011297,-3.0206807193365472
sine,-1.8863261412617176,-2.0158958092681334,-2.072959249048556,-2.043026804101015,-1.9944137107387383,-1.8423064366675628,-1.7005627676651671,-1.5526091045022288,-1.4807566742771634,-1.482330040524631
sine,-1.002512321956048,-1.8062899500851943,-0.5510379581924918,1.1937552227630468,0.7405919039262118,-1.248816474956244,-1.6591546541829538,-0.1576669677142151,1.1785687631123745,0.3574130556164213
sine,0.4568529313812827,1.7912728815648202,0.3386686960415412,-1.2588947543269684,-0.1140112139387258,1.808422684209661,0.8906293704188802,-1.1274591264948643,-0.5410727465936026,1.5399448707517371
sine,-1.3264543172799492,-0.9679649607256252,-1.1030047867376565,-1.4904096723793716,-1.4824890870877054,-1.0914606479251652,-0.9815815813429204,-1.3242034896354502,-1.5635392789663285,-1.2836223436336056
sine,2.158074290849829,0.93995633626326,-0.91239436101007,-1.6258549146779966,-0.4724496071077185,1.3776217886029014,2.1181332747684505,0.9839631919048916,-1.094699625370498,-1.705224426759388
sine,0.8913122561164237,0.1424397666121377,-0.1085840331711535,0.4524800111559154,1.2201124252605324,1.9999937448780396,2.397220469712216,2.053202975945717,1.4164652717813406,0.5103291085515517
sine,-1.6147402422695862,-2.107716913763206,-2.513638725381859,-2.5263295019814054,-2.108616265990969,-1.5555799837144988,-1.3281135588240842,-1.6233166471580085,-2.1277112057017957,-2.5241696543573133
sine,0.0629051734005329,-0.1979901830528007,-0.90882851864034,-1.5837550837107617,-1.4408856341312462,-0.6844202507136562,-0.062465064147957,-0.0768026684437684,-0.7536399307483282,-1.5028177954501918
sine,-2.423472928887913,-2.1391509476001875,-1.470318911676154,-1.439064199629009,-1.9136410854803452,-2.3892785166368085,-2.222551978358832,-1.6395544761413938,-1.3566565646295785,-1.797374549385845
sine,0.9800627077852055,0.1657986392431781,-0.2473195207688034,-0.01206100446576,0.7127939230812328,1.4288697352436424,1.5686880147305804,1.05322148967716,0.2345227781674434,-0.2750187962721013
sine,0.0540347237889707,-0.7546514823757249,-0.8358485961048737,-0.3206279440720159,0.6199478746795516,1.5681218921953088,1.852081126796608,1.8884200539270104,0.6570656883210821,-0.1359321818164931
sine,-0.4365323024282169,0.0667007432725871,1.5819322658250048,0.5899422010754201,-0.6074261595279761,0.6043213247040945,1.5546120253580749,0.1693576918545346,-0.4755598526641004,1.1405267277057376
sine,0.8539038944861044,1.118458316947529,1.0608078089212734,0.8452209253995148,0.4168993530523772,-0.0759089039810435,-0.3160740081039779,-0.2662302475086187,-0.0351992777884003,0.5162597316104491
sine,0.1192757287482093,0.9655951423627496,2.4098477530292426,2.7380343125272364,2.185796812299676,1.212282238693241,0.0877184783330436,-0.4046081615168189,0.1536410514737198,1.179245243684759
sine,-2.303934271923409,-1.1092163240499329,-1.1986336721273452,-2.2834223514388454,-2.1214438019272186,-0.9747820628285327,-1.419633532998836,-2.409864603510151,-2.0010804058802334,-1.051584938045759
sine,-1.377932499313096,-0.4148370941472545,0.486285462169736,0.512889000878801,-0.2750214371405418,-1.385626152320771,-1.7415799234083869,-1.449620960614763,-0.3305505840108699,0.5674340663558948
sine,0.7148514455848682,0.4787783758647951,0.2179058471553039,0.0930490674803342,0.1395074254280005,0.3398071550304988,0.5854570442494058,0.7738227495115526,0.7668397881235441,0.5920683556197287
sine,-0.5905932174586643,-1.8479405066119776,-2.8173575407779,-2.871179202236208,-1.832500416114472,-0.720539853901143,0.5580659968571088,1.0048512427542131,0.4431739572100639,-0.8894218850727383
sine,1.2504044448041751,2.2969215494522626,1.387478162666241,-0.1709613531610803,-0.0638532446039459,1.5560875659792224,2.253227655728153,1.1674950167978948,-0.2932622322601798,0.1549676716019749
sine,-1.130244576272477,-2.866571938549308,-1.9945222831724896,0.0433401490602777,-0.0396938646887367,-2.105692427559732,-2.860317893037132,-0.9729529116562244,0.458463967530388,-0.9403114037268884
sine,0.0306951648132009,-0.2028949364965277,-0.3553851365483548,-0.2472758627806845,0.0388870332183896,0.2366177239630535,0.2322157298601336,0.0473964444659401,-0.1707564685345287,-0.3031711692375444
sine,-1.23634768343827,-0.0456308197412192,0.619812718257855,0.4213715494469559,-0.612897209855818,-1.7050090598899243,-2.194146252091311,-1.7291374816004783,-0.6642483619184587,0.402604258404558
sine,2.082783064256403,1.6774126185115423,1.4984584200510394,1.9710171945895567,1.9865754476485156,1.5082103974459518,1.681534272901506,2.08030656171957,1.76126214269228,1.4843663012261128
sine,1.6740620592382545,1.1083764767334403,-0.0932258269312506,-0.8774255489413988,-0.636679292054079,0.5117294393657578,1.506396227096241,1.5276316953596616,0.5297032190925578,-0.5070334308748934
sine,-0.0703300797860095,-0.4153930629382465,-0.3117619778486006,0.077988277714811,0.1814028215928481,-0.1558935542880823,-0.4375883420672207,-0.2383005599029197,0.1474357967185603,0.1417141918643508
sine,-0.9483649428861312,-0.6811434097387236,-0.4320471222916787,-0.3787908375759976,-0.5409875023247878,-0.8422728459944419,-0.9425802021694928,-0.8488395956779979,-0.6164028661112617,-0.3913901655407594
sine,1.0626669111695817,1.2228466398500335,0.8528558463475608,0.7725114327793084,0.2075176971538735,-0.0430250018897057,-0.3629193142950631,-0.6195596087060463,-0.5370968358679433,-0.4293460258594425
sine,0.2866471286549542,0.8587669758693739,1.4419280460848407,1.667391788005889,1.4852658583038214,1.0723738772773783,0.4523674191957879,0.0805086556628727,-0.1547304825687905,-0.0945083000309749
sine,-0.9003625458842667,-1.383627445893591,-2.260703112013872,-2.352177700683474,-1.5884874429140083,-0.9567771661943189,-1.3199765226803726,-2.228801147834427,-2.402092315134404,-1.6293819426419685
sine,1.3131544681704463,0.1239537372660584,0.0600782595247029,1.3282786597052,1.934119022892534,1.04224760861743,-0.0334685070453073,0.3679527518007019,1.6071699391628582,1.7151246120455697
sine,1.2897148325097376,0.7879862268530451,0.7024809139676652,1.176474393108835,1.2974764939092005,0.8210433880368697,0.6753593008969974,1.108094012536582,1.3046441418389267,0.8889473911756687
sine,-1.3461594152832634,1.4438271798034936,0.4010881436162463,-2.124039862802745,-0.3562411729031871,1.4687768790161009,-0.5096283757356929,-1.981735615027108,0.3019646540681372,1.3382914110830892
sine,0.9947666099206705,0.5061696259684038,1.0297024432804731,1.5679640572187767,1.1016375711444126,0.5492551561783842,0.8920844349684048,1.507212434047701,1.195241730871936,0.573925964377263
sine,0.0890698881847399,-0.7837838390909447,0.8906357221118405,2.4963770589738803,2.1678594492516483,0.1780251338801562,-0.7162559376254228,0.8569213032639922,2.54747368580815,2.238281589812103
sine,1.1121171002799668,0.0992749771365317,-0.4698489621142857,-0.2296081847952386,0.2812976769947993,1.2763653674752764,1.9129677289216471,1.9876887449646763,1.4127034969427597,0.6142543092663396
sine,-1.3922887414515246,1.5070233304855605,1.4839028698950394,-1.3198290472314094,-0.8889466594078851,1.9238086512090573,0.7643014239041488,-1.7511210381225375,-0.1143297750877656,2.220523543175227
sine,-1.0180369483286031,-0.883146011675927,-0.616579134184029,-0.438047114638096,-0.4892571861716614,-0.7667515784356538,-0.9736918187408968,-1.01926280113735,-0.7929279027924675,-0.5565278368786722
sine,2.228395089311239,1.7908140231113072,0.7324992393558091,1.4338564974524215,2.378733904910293,1.4194325496006643,0.7033270245134688,1.8879221406314115,2.2702691156123778,1.0067389491118346
sine,-0.893696329769002,-0.5317613338859487,0.197290821819126,0.6181161865090188,0.2688009569273902,-0.4307195950003712,-0.9278623766246707,-0.6476624874646767,-0.0306904401433375,0.6471218521069674
sine,-1.9221959583710728,-1.961484583418524,-1.9727503081791504,-1.2662216135480266,-0.7192436409658998,-0.054496491160261,0.4109990049989549,0.5879393586211935,0.4705682353765791,-0.0449679416061077
sine,-0.2092848640412385,0.2190195298359225,-1.129706723440672,-2.397394678018415,-1.834477738673851,-0.3463549366665949,0.3466387464492809,-0.9666164467629116,-2.3406234859403425,-1.9391894518783768
sine,0.3377040959076439,0.5435263932373416,1.1499696752888413,1.3269487966431133,0.8749091868860843,0.3599245912054357,0.3049576951482244,0.906134452914587,1.3174531902876394,1.0540331444495163
sine,0.5739755045157084,0.9497610191933044,0.9304727663939742,0.5482033858206339,0.3926909917598452,0.6570851712727785,0.9563979898732698,0.8449209779464711,0.4979948722694036,0.4167033220078092
sine,-0.8849320051173707,-1.5330091401582098,-2.161405064077473,-2.2972760710885263,-1.953278726227488,-1.280882086110652,-0.7629268237382919,-0.7521099141459799,-1.2935341237569329,-1.9560972168819128
sine,-1.7493436780717335,-2.634915202150292,-3.4110490142247087,-3.480942150952327,-2.935312718776294,-1.8158454302471592,-0.969578311937748,-0.3084090913257236,-0.2265149619407805,-0.8916752801284185
sine,3.2729604661701592,2.391582704152093,0.6686589904590535,-0.1325984598591335,0.5405780170521794,2.272092754182516,3.2423855404963464,2.692251931551256,1.046089976913586,-0.1300232873881801
sine,-1.716604332829885,-1.84121331570376,-1.890251972830707,-1.643787244907431,-1.223845005178474,-0.9123785663188388,-0.6351224991994834,-0.4371012459865648,-0.3342313888083519,-0.6148562326848771
sine,-0.9808320312090866,-0.8690431748004152,-1.0933857029581024,-1.3831961837369469,-1.461992528303398,-1.2334991426272086,-0.9390849722280108,-0.8963389888733769,-1.1287745900118735,-1.4070377101866884
sine,-0.8290060940035229,-0.6878156151809174,-1.0333214520761214,-1.2492975031694429,-0.9737448323327226,-0.6426898050154173,-0.8896735877271126,-1.2666333031729056,-1.092580589907115,-0.698558871360901
sine,-0.1331642419879375,-0.762276165571769,-1.3481100775781507,-1.664773555602975,-1.5939272979146877,-1.1037417394926876,-0.4906450615445653,0.0090464588239915,0.218049467219103,-0.0320181572106169
sine,-0.0017656414968107,0.3243761401252406,0.4718399858198373,0.3332022745975631,0.0362110651390339,-0.2145737896351192,-0.2502355475420901,-0.0166330523142094,0.3387775972503108,0.4874468711005369
sine,1.3659326427466203,0.8157144553118193,-0.4460596901960237,-1.3054996847333595,-0.3346454930088691,0.9998683812449044,1.3772438100176545,0.2356049101969177,-0.9596470413910216,-0.8785354192937045
sine,1.7257686937381422,2.490082213406829,0.9515805926059148,-0.9653332806702106,-0.795216408530539,1.3572798378512023,2.616133964280128,1.3171875616115851,-0.77605623632984,-0.891856567944537
sine,1.8243423203511195,1.4041086733449823,1.557945197166668,1.9496770921451276,1.7330678528658787,1.3898815221380094,1.6801458027071745,1.9954016205202083,1.6285051246132358,1.369952283227112
sine,-1.2704235814687692,-0.9600217944116154,0.220290537710835,1.21907362895023,0.966539833037496,-0.228317751901292,-1.2042905100033654,-1.1992604975422183,-0.0240842502272044,1.010646729580133
sine,-1.6291702621373776,-0.5431433516519293,-1.8844633784595373,-3.0559327408242813,-1.7485147592743486,-0.6109751370426714,-1.547692674536767,-2.9988030986313245,-2.067957233146262,-0.5241231897042938
sine,2.8191491988940345,1.600917425638989,0.9013511585806336,2.108099343266699,2.677287840588991,1.3024477215339718,1.066719530991274,2.376095546326912,2.4488713364131134,1.0684501881080133
sine,-2.108499286515152,-1.9816795460161585,-1.6677947353232356,-1.596190037661301,-1.7158108737249476,-1.967565534514074,-2.166227041907921,-2.1577087861636604,-1.9634633934825303,-1.6378369024100274
sine,1.0184373680194172,-0.042384079929548,-0.14519778286687,0.1268453581949458,1.1478090703352637,2.323617882097017,3.3587392618156517,3.7288248054820663,3.3685439009006446,2.556381962618317
sine,-0.5571765071668003,-2.3926809814883314,-2.83013996902184,-1.0483769182147182,-0.662983815688152,-2.429861669912004,-2.851904694109632,-1.116005730033273,-0.6399907324957533,-2.514353323442496
sine,0.0089999884422418,0.7357799570254577,2.653394718990954,1.3003073051379286,-0.1516974955540603,1.544278793072957,2.671147040871212,0.5072600573957091,0.2866272874132457,2.476351678652322
sine,1.851320125893987,0.3196055969940006,-0.1214476380123952,1.326459102373274,1.8159195981995413,0.2163532332420102,-0.1512409172412806,1.5334555563721264,1.735855410580358,0.1760015553065876
sine,0.30790214622839,1.5272612761324658,2.012512383006269,1.5344541908741445,0.3968175852559524,-0.721707128133643,-0.8837973382357268,-0.0497691054436771,1.2313157511620836,2.0725428776863235
sine,0.724150539114433,-0.268364369488047,-2.012376032749363,-0.7433923380700187,0.949476584301029,-0.7561576278485282,-2.077350708203839,-0.121850450814923,0.8405246356227889,-1.3935353002822386
sine,0.6584301379215954,0.9140729719577256,1.123280434702581,1.1265646878775304,0.97794486139923,0.7104265024117731,0.5479095648345566,0.6080034640568899,0.8369763586385327,1.0741607976897154
sine,0.2735393315350738,0.263853109868812,0.3814162772894559,0.5772484584497518,0.7071574461221214,0.8837395060933966,0.9483992640368236,0.91928680632057,0.7867520506734578,0.6315669701496877
sine,1.1329736115498443,-1.0963079744268398,-0.2893856139066686,2.012801988369269,1.22487354703436,-1.2624207865140338,-0.3380918959977105,1.9834968008441871,1.2127586307306055,-1.1243736423222397
sine,-0.7489222221411777,-0.1242181437796398,1.0552641300322108,1.2120372176286676,0.2764321525037492,-0.742518703824036,-0.6780876975930706,0.3148649452524241,1.1927145454100667,0.935620725123665
sine,0.8637112332336155,2.55417663015796,2.982948696894816,1.1686905240444436,1.090811282489337,2.6880479868761182,2.7797260523742664,0.962327885529916,1.3140187820267553,2.9076343935050915
sine,-1.3511683711572022,-2.479146175922041,-1.4175353143279534,-0.1536036088806546,-0.974058189119863,-2.338797788819738,-1.9205731595215076,-0.3379073514257277,-0.5372747080852616,-2.02209224273528
sine,-1.451071807565967,-1.8479918314188524,-2.117774488155087,-1.951472838993492,-1.620284066721451,-1.2731865379688567,-1.256243356252078,-1.6129173418803744,-1.968933918781969,-2.105186846841104
sine,-1.8060610239092336,-1.5290686094928096,-1.3136266663361924,-1.2317956544510484,-1.3076786725038343,-1.5239108907872343,-1.7965186660736818,-2.0240064050419533,-2.125791530624213,-2.055986511813623
sine,0.0346526729869157,0.0713681659752068,0.7010212875927332,1.3522705923946383,1.455174500016979,0.9402745007522834,0.2711374999541198,-0.0602939668679418,0.3412614681158663,1.0211604434013988
sine,-1.6604037113656165,-0.9393626871952072,-0.2826314488703529,-0.9670700999623638,-1.6746207900718124,-0.8871302947283454,-0.3024260222784639,-1.0618393712307916,-1.6641354670762585,-0.900993906696197
sine,-1.800454737898089,-1.5398174990857878,-1.6897721516770423,-2.033863924035102,-2.1310443032556714,-1.8145720398569372,-1.5535560305223564,-1.6769693058115671,-2.0090147815001864,-2.1298480559769377
sine,-2.2522571699065703,-0.9149332799242408,0.6451825271046036,1.345499179099518,0.9018661075609028,-0.5938540587923319,-2.106164323234891,-2.620946659818524,-1.841887071690343,-0.2789176468121714
sine,2.396474146501669,1.429403004832313,0.6512441028919708,0.1934161115575128,0.4791497828939834,1.5702700332557116,2.1087503166027024,3.138886048166201,3.551681214280234,3.4517024888580345
sine,0.8134896353221198,1.483536844044113,0.7239532420119099,-0.5923182269485867,-0.6026861205227616,0.6429520550002479,1.353230175961874,0.7794216084722132,-0.4557766192161305,-0.7431874988454634
sine,0.8496682456057735,0.0192181499295002,-0.0751177968770553,0.7176915631412104,2.009771099433801,3.052182295427035,3.4951832214233107,3.059992444809044,1.9809885872143131,0.6673301163329823
sine,0.2713868406748286,2.7272565914660927,2.605083416952678,0.1767284221452416,0.7811329472102517,3.1184023356193697,1.966882548998565,-0.1127279961723906,1.539340186557555,3.215793787973882
sine,0.8971108716937791,2.048222139010376,2.6521024644025952,1.261419208947101,1.1239303970798695,2.50625596239224,2.2583860070127426,0.9481751749963132,1.5973989110291973,2.7205298863486718
sine,-2.0975572409722503,-2.2395644626512787,-2.0488440589571844,-1.638381792517173,-1.1970952947388844,-0.8157261237914765,-0.6253107706779719,-0.686155150027292,-1.0373506076800547,-1.4859321475479712
sine,-0.1886195717554529,-0.9383001568921744,-1.7309010162254077,-1.7709383620126775,-1.6248699943222245,-0.9708794662073282,0.0103816914872055,0.4925010501115026,1.0660465949693136,1.0807541728119718
sine,1.2659344323515846,0.6770819827122934,-0.670100522428127,-1.1734232878270117,-0.1942640620023738,1.104168357005826,0.931814020767382,-0.564183980911614,-1.2518566578175585,-0.5241408811535448
sine,-0.4701077174997364,-0.3584679699754829,-1.6455008905452717,-3.1207865099182976,-3.208679809600344,-1.9875019834088288,-0.5767631440079428,-0.3626067597950387,-1.5349635104578705,-3.0421320456830725
sine,-0.5147887499606293,-0.3143388832462368,-0.0467894077786598,0.0797356488851289,0.0081822130756084,-0.2351339454579439,-0.476768908224404,-0.4965741825407557,-0.3157696188945681,-0.0426623316759106
sine,-0.3669562428782011,-0.8087209519281727,-1.9224158180069009,-1.258322713587312,-0.3223268092226989,-1.2270212241898069,-1.9064764400173388,-0.8922823307261432,-0.4096561214743779,-1.5025766119554538
sine,1.070818296396978,0.8083549056461928,0.8664440979606057,1.1092080989733848,1.467483333349076,1.717143302467014,1.7922209532256546,1.6845210150717995,1.2326439088822478,0.9517205556579484
sine,1.8290325440424864,1.1953341946204257,1.0188557367355475,1.6513072575047465,1.721810340439499,1.1246213728385186,1.1012088894670455,1.8144184688778096,1.5611943309547975,0.962861291331384
sine,0.7330325051897102,0.319351700237251,-0.2656705599419834,-0.8647242497676354,-0.6568531808536238,-0.0282697990053113,0.6519524922060645,0.6328298027124339,0.260050986128068,-0.5182839611046018
sine,-1.2233493390496777,0.1293116197523464,1.306098549018551,-0.215743635174068,-1.182091896341014,0.4809480717699765,1.1877094181374943,-0.576932550913032,-0.9637363713023196,0.972362943738066
sine,-1.0282712289954352,-2.017031648805504,-2.771021564113523,-3.225380732172376,-2.8301611900170687,-1.8929677009914176,-0.9383654808452304,-0.4240081465056945,-0.6367535152231536,-1.4725460330573727
sine,1.0399265017167687,2.3904087860768795,3.4067295823196697,3.085956779855724,1.8107068661868664,0.4187855946238858,0.095402979429171,0.9228055461808896,2.354361515164247,3.374851099062978
sine,-0.0917358369383155,-0.176809320844291,-0.1079603780455358,-0.0175993079493013,0.1244432678759318,0.2858376009392626,0.3429322810136949,0.425944006939295,0.427394347534588,0.3557381311673172
sine,1.3656592141962705,2.100833983297008,2.840966074224641,3.0363227237723507,2.7226344992497467,2.1815277046162507,1.291357574897351,0.5487250471730414,0.0702185772645075,0.0533722072544922
sine,-0.5116492966635168,0.1592562226623634,2.683335576550585,1.1038630049204017,-1.0489405704890604,1.3715127447470823,2.5749340780317325,0.116407782214228,-0.4528536614002212,2.564884055780609
sine,2.826398053974444,1.1254894264604796,-0.0865710392014658,0.3106395627607706,1.8550560796729576,3.228655886305125,3.054846193175297,1.537568845538018,0.0363977783272383,-0.0129129533466339
sine,-0.3509977616562235,0.4381836164313846,0.2795667984811463,-0.5588643423825497,-0.7047724220789023,0.1270236461778273,0.490241147907464,-0.1628243363978743,-0.7339693174368764,-0.2542512228242906
sine,2.8048186121010423,2.5376953608980117,0.8859950646788232,0.1055635386592236,1.1484814013549582,2.63270750363092,2.7552364623779084,1.321303841362924,0.1383926224219493,0.8430623655871984
sine,-0.4049693288951443,-0.3158020980425686,-0.2423590346056136,-0.3648144364603338,-0.5401000085508946,-0.8929070817669722,-1.193318339773563,-1.4481781431507796,-1.5519092721772385,-1.5559860431238923
sine,0.0750482341977198,-0.3201536425954904,-0.400354167667162,0.0125711488707223,0.0811998173978543,-0.3315909033335301,-0.3714919698767807,0.0242754079744433,0.0808914078113202,-0.3310370198847325
sine,-0.1884115527695357,-1.4015552945432015,-2.162964703382713,-2.225798187884096,-1.364291200649065,0.0240949246275988,1.0486475256585155,1.0393423431162652,0.2054376095189274,-1.0443217504726787
sine,-0.8884008654147856,-1.1682404209516624,-0.491335425512827,0.0128098919768153,-0.4678887576854451,-1.1587945206435968,-0.9215181905588792,-0.0937740779251874,-0.1317567097106701,-0.9069303270231714
sine,-0.0784339091069493,-0.0210135690710758,1.4514501060396354,2.828914612249346,2.5561346794196487,0.9275233269245632,-0.1454179125687734,0.0960938487496241,1.6160150502965,2.906742587452988
sine,-0.1286512980746996,-0.4110202658211332,-0.4031310534617851,-0.2212425951295548,0.1760025817635205,0.4885348937711821,0.5319957203686543,0.3322966033218201,-0.1325520726953762,-0.3987536522049679
sine,-2.449611442009684,-2.1097672097365425,-0.2707819859248481,1.1078259388250955,-0.3246988553479975,-2.3664883123690643,-2.118336009308578,-0.02111777484784,1.0009597894300464,-0.5040083786011471
sine,1.2272509718868372,1.0065910333427817,1.836928592180228,2.657781283410143,2.593111288566154,1.685975612898835,0.9990311933388802,1.3431434088992946,2.345364678150879,2.80992905600241
sine,-2.0021707762721324,-1.9237153160070264,-1.604705142815853,-1.3596281979767575,-1.6020585182659324,-1.9134909223655312,-1.9966585331291773,-1.7487037014272808,-1.4636137352513658,-1.4689816799896254
sine,1.5567684584660326,3.148984368288239,3.6219455605326143,2.825187991159206,1.3434376679038431,0.325122529820892,0.3806131970636579,1.599014378894966,3.091091045557925,3.82113465249925
sine,3.18832584748957,3.370968262909284,1.7797062212679244,0.197948600773309,-0.2657112247003695,1.063623887776388,2.945569821158313,3.442654976963608,1.9983550608636893,0.3176732454056969
sine,-0.3477918230128188,-1.6761033651531732,-3.148174734809241,-3.4603991556515603,-2.2035478389510077,-0.6768902458332038,-0.0914147086658691,-1.0424811013878663,-2.63232342544644,-3.561849881942647
sine,0.3632276037053797,0.5891723837349133,0.6545040742142317,0.61036526426525,0.4908357567594439,0.337971689561315,0.1700999255993681,-0.0354136190960783,-0.2037731282265307,-0.1333741631073728
sine,-0.8429331553581741,-1.4108189184771067,-1.1390970955149482,-0.4829708850504914,-0.2931609354079232,-0.8345733196895327,-1.3836232717109382,-1.0881184600459008,-0.4040183221248396,-0.2709829894715321
sine,1.1111596244582431,-0.9446427563287438,-1.9862530026031413,0.2553154997424902,0.8739772787979913,-1.512346319153575,-1.5795036651735543,0.7204395981361111,0.3974179369689654,-1.845675355122966
sine,-2.1865534030541687,-3.230005586808669,-2.299718610601242,-0.8392218134089313,-0.9670851465403458,-2.7546843007951765,-3.142929188075662,-2.080226472446983,-0.6445303809448538,-1.0891275199769153
sine,1.2147445980598803,2.6844836027061696,1.438574749352868,-0.6686966166714029,-0.3150923460711696,1.9270874070837445,2.550682878143885,0.676607341563767,-0.890181295566118,0.4503952571515277
sine,0.3094422064089084,0.5680136506577467,0.6682855926560554,0.6156860474938695,0.4464616573895486,0.2273577630985739,0.0883820618488612,0.1192803295998843,0.276272947858736,0.5029596362030592
sine,0.8042103698995541,0.3405364183581654,0.5813255813712201,1.1015133742066427,0.8346975882435432,0.3115948235417602,0.550147545021653,1.0723254762163994,0.8807953555891037,0.3532901923323396
sine,-0.6182002235624567,-2.3966195397510286,-3.5965596897684726,-3.362536985686525,-2.171193081368901,-0.6930525528151743,-0.2111548649716721,-0.9379847795183148,-2.532681104658563,-3.80217879459164
sine,-0.4036365666815548,0.4711570742324599,-1.304306005524402,-3.0505094944209867,-2.293750338382303,-0.0480659397168665,0.2442326845861658,-1.5802932278772317,-3.309779172122985,-1.881001960268344
sine,1.2310565438517695,1.6992496394172474,1.640488989721825,1.204206928600258,1.3517818616669124,1.7949505111255564,1.5271375158567464,1.1333674407959071,1.4880820318487773,1.7629566632047795
sine,0.6339727390538114,0.1244187993699229,-0.2439990672469178,-0.1264716089294026,0.2797324843881832,0.7211991308897399,0.9362514675387408,0.7751433640916995,0.3292129794379153,-0.0519664218172378
sine,3.4704509791059155,3.1466118953916578,2.537594420157128,1.783666032418196,1.1957802871376375,0.2862067365741497,0.007874623655702,-0.1339732098233155,0.319462500177196,1.1252987471190523
sine,1.6285795888355123,0.154304153828128,1.2787150970878922,3.1183934721231217,2.481084608547779,0.4317915986632633,0.5128109211660837,2.4914674672075208,3.211047077795267,1.2983440642224895
sine,0.5872684995444548,1.6865282604416558,2.7013221318054894,3.388831437921905,2.8508315347949997,1.5824249933240742,0.6050328090857855,0.5294646660587601,1.436190632587694,2.562390779137264
sine,0.2628944405490983,1.0863331923200654,1.0450651513746343,0.1777315452733187,0.2774389236290377,1.240763530328965,0.9881528204683674,0.1837150541405487,0.4308771270049225,1.2226137053627633
sine,0.4305746118352347,0.5491710228473288,0.5508275753291859,0.3300041633774131,0.1934845681151089,-0.0147052711019632,-0.0290421567890975,0.1000659155825028,0.3046919541392646,0.5011838231832335
sine,-1.8708436004934963,-3.097170094606512,-2.7143434366484254,-1.2228405730177692,-0.8438049822690488,-1.996523417364776,-3.1715990584276983,-2.749890025162724,-1.2166289995701325,-0.6765176087670136
sine,0.5414295833596537,0.6179113133462781,0.0098133584699498,-0.8241257571542789,-0.7237564304219598,0.1933223712780659,0.8081368655794158,0.3816527634964586,-0.6174784337868822,-0.8377884471717434
sine,-0.1569126058398035,-0.4562408447080309,-0.5513167646348865,-0.4004331654377859,-0.0735243117639075,0.1771438603566864,0.1650284835169735,-0.085391933839042,-0.4118813375746087,-0.5874133105432013
sine,1.944660798435036,1.6609017196851987,1.426299600176259,1.37146688090306,1.5076166746431834,1.7901368404168518,2.050384467020723,2.153658764105526,2.0225392854300503,1.7473875916762502
sine,1.8168793908439225,2.213814521497485,2.087506595143545,1.6750602992223351,1.797524071304025,2.1711541510573302,2.1168638262463606,1.7251592639851454,1.7550788748491486,2.166555554645502
sine,0.2903001979190846,-0.6731076030506772,1.2631350387397977,2.6553991869007514,1.0402224752259743,-0.6881322696607359,0.4862857471709065,2.517895876288232,1.8310428674142445,-0.3775305936984483
sine,0.2497881735942521,-0.1193713359451672,-0.1160542043915911,0.3024860115982156,0.9239128900826156,1.5161344690385865,1.8686508125000616,1.7980738416887316,1.341268254723896,0.7337800098864056
sine,1.887607955821467,1.898779284874126,1.8179175517324837,1.6758638155262096,1.4871264122913932,1.3537159341459677,1.3051552862194158,1.3557872373261006,1.4854883997518755,1.6589829181445324
sine,-2.895486953033511,-0.0443593485754352,0.3455958712960981,-2.0522324035924004,-2.902657366349326,-0.7133425333426723,0.5951295843635889,-1.7600329648699211,-2.8728969456334643,-0.8611017836055029
sine,-2.084907976095345,-2.040712941488467,-1.887398017001841,-1.5943143759116896,-1.2582835180551792,-1.0097031508378154,-0.8869116785591116,-0.934104277836172,-1.1461313667855413,-1.4681141131062732
sine,1.2124530631122727,1.4872246760061267,2.078909932401483,2.436426781825048,2.268760077602129,1.818531956626773,1.3813489154315377,1.2919453565637882,1.695724284038942,2.1897656556306058
sine,1.3472737606489231,0.5638838431925468,0.8302765105957576,1.521642118493634,1.2103007536099386,0.556899927107122,0.9772931295717908,1.5798415118616562,0.9962392175072672,0.5416034532406083
sine,2.20049936094246,1.1556818189357496,0.5870119597718714,0.8263510383251743,1.737700943860091,2.5402004757237084,2.5123793436346853,1.613687152677707,0.8112854971681456,0.6040680716418845
sine,-1.1471357606500825,-1.550570564584972,-1.8178658062822288,-1.8202531862393103,-1.5086443387795934,-1.1136187482241984,-0.9247356401149696,-0.9943879411954128,-1.3411696617876292,-1.6811137366987643
sine,-0.6413535487690031,-1.2661712126340725,0.3908335238523611,1.4517084678032632,0.1708208657141181,-1.336689953520937,-0.4326878955326199,1.3189826491605967,1.008867616899829,-0.8940318102371614
sine,0.2932061390501536,0.7488127871703523,2.1505215526835864,2.544449689115257,1.391441876423383,0.2854475364830048,0.8071288833508189,2.1870055811054776,2.5039106936113558,1.2986180806082297
sine,1.1757954925175276,1.9480478558560272,1.0697639204973317,0.072071868678568,0.7578248496044128,1.908992229202716,1.4518803104652762,0.2073332059297044,0.4276334087720932,1.6941953762788782
sine,1.7701475264410154,2.087159032799723,1.772128843467074,1.3340329889955298,1.372049745483647,1.824704298711843,2.071397497751558,1.6581490437836932,1.2843461116544863,1.4444415659999952
sine,0.9198400987549534,0.7538481805295194,0.8276128813514915,1.0696923659314308,1.4284979451315272,1.6214071492191175,1.7339050749996765,1.6466384312521645,1.454452374184177,1.1717256309261324
sine,0.2989272366930992,1.2974602315071064,2.0392478376617778,2.3630366285027984,1.6954512430545146,0.6396580241217786,0.2287137183985004,0.7947260315284712,1.764970602830678,2.4017783077653667
sine,0.6439589327937589,1.2924180228222326,1.5668593633351733,1.7376809093335128,1.4041655200501968,1.075219105833178,0.2881898302585471,-0.1654594515815764,-0.3173435852027766,-0.1770065942882443
sine,-1.7219332083664816,-1.3399206670812014,-1.022140253407538,-0.9058672330901028,-1.0628545893301975,-1.3946491498100648,-1.7626807892942302,-1.970020111943133,-1.9043933379626048,-1.6273932087885632
sine,-1.6319259596211826,-0.2862694062930304,1.3608808497905578,1.4436119994057712,-0.0547439533801668,-1.5565227119945588,-1.470305284178136,0.137541948583622,1.5480540653984896,1.2573176754710582
sine,0.4350194076782545,0.6242541371936832,-0.8933455511780279,-1.8308136780433928,-1.0759036961236623,0.4120492365025486,0.5311238242576983,-0.8259028315251387,-1.8345305716890328,-0.978780092160969
sine,-1.1800708779713711,0.2137387000803613,1.3266650929193315,1.048026687070276,-0.310054300574384,-1.369450794481211,-0.9553222146668724,0.2197867996671307,1.1978612402312931,0.812901434021239
sine,-0.1595210835145334,-0.912698041254582,-1.4859836821255492,-0.5245335033599249,-0.2352071577613466,-1.201116010678885,-1.2982802679737904,-0.3417226745568141,-0.4112179309870801,-1.4322717148893902
sine,1.4113128595763746,0.9649019049490934,0.9682302054992036,1.414437587133099,1.2438868014606328,0.8628721449161243,1.1745552209034715,1.452680610725701,1.0375212415218378,0.9085281266415972
sine,-1.5719497014631096,-0.2448609111901385,1.7843613364187432,2.210438346302005,0.3453254925611151,-1.405529609378187,-0.9084553837385606,1.318753292372295,2.361138096159728,0.8298582968209539
sine,-2.092366404456248,-3.414319009591274,-3.7502121925230494,-2.983787627890937,-1.5842624070104852,-0.2007918392212778,0.1599919650402849,-0.6127961618062809,-2.051731709205514,-3.3417426198498763
sine,3.4899793795435463,1.4256385365559303,-0.5154926038643933,1.7508508086296213,3.3340142263233585,1.2611020894226712,-0.610904458573094,1.7868306018817923,3.3434883304456875,1.5590419789067598
sine,2.3018161546875984,2.565278222103254,2.558270166043098,2.258176508764198,1.8090793086994483,1.426635744346714,1.2252687119510013,1.3319561251167316,1.6598496765416322,2.116732749177818
sine,-0.1531152885995699,-0.5100545503223194,-0.7254822391676585,-0.8007172636372336,-0.4078073367496841,0.1290560988230923,0.5433432630645779,0.8207765632978672,0.8342912269967548,0.5104337583906164
sine,-2.1495039096195065,-0.9164332997152076,-1.383045195636498,-2.866056569983939,-2.5578831909197786,-1.0463390770065597,-1.0660688674348582,-2.544663779173959,-2.8774751992846466,-1.4111024351694068
sine,2.733723608678186,1.1813982303184287,-0.2596771386515861,0.0630550505195438,1.814880836867213,3.1656910077677667,2.804183663541084,1.1480845984475958,-0.2060138156349115,0.184725454488398
sine,1.4843410045313037,0.3121366768428249,-0.2317195445612258,0.8441975093751009,1.4971251000035355,0.6075584303997749,-0.2409109028453011,0.6531711956735735,1.6241027629107778,0.6807263988408923
sine,0.6976840346648994,0.7825694480753609,1.1221473922952576,1.1921076016438177,0.9400643293765946,0.6331384332694634,0.8093935003962668,1.1415931073152432,1.2044366275569471,0.8816334950036051
sine,-1.5803626161905602,-1.1464516972914414,-0.9043165826533732,-1.4198184670547105,-1.475484237346174,-0.910333602265672,-1.0991528221325069,-1.5550846444604955,-1.2444801096618965,-0.8782853299001637
sine,-0.2778209413992104,-2.2478299491723512,-2.608444954682573,-0.6502550149627015,0.3625848729747533,-1.1212447361977904,-2.7298323265486597,-1.841759803995212,0.2044099854656602,-0.0336722786128036
sine,-0.3104760462301012,0.590212656593496,2.0485084819212083,3.087297707419487,3.040927049252768,2.099809614088461,0.6626561542671181,-0.2303100592012743,0.0078095548953052,1.23816894513543
sine,-0.4464665155841014,-0.7589656931886959,-2.1801542718446054,-1.4196179929521864,-0.2468301762450061,-1.3602930430745763,-2.201506084367073,-0.8119998690518353,-0.3984909908736032,-1.9362522662087267
sine,0.944277741841976,0.5437242704430126,0.3772067050585304,0.7278211402363689,0.9789105478204554,0.6499382407086732,0.3845668833662523,0.6247992933746074,0.94135153778207,0.7741157407034011
sine,1.6780347970298344,1.865502148738202,1.264214313033745,0.6369762894951481,-0.2655769733791672,-0.6769775825559582,-1.2726044255376263,-0.8970163980233292,-0.4037866243370664,0.1012930931857765
sine,-1.8326065598458408,-0.4488801474899299,1.3446133801365334,1.3441411422579772,-0.4092073882742173,-1.762638446241632,-1.5123605621091851,0.4057171680630374,1.5184058081514538,0.6958376945944801
sine,-3.1677556871660872,-1.9058469726031184,-0.4709505890005895,-0.2609998607853135,-1.5146657708830944,-2.983293973961864,-3.3310685977193364,-2.398504163476729,-0.9160541508125536,-0.2733616838183702
sine,0.7402256144247928,1.0092190636866147,0.7104500781975491,0.2701287454118477,0.3945306233834701,0.8909342588923236,0.9779035950802928,0.5736816337648059,0.2699648488313345,0.5592734707516458
sine,2.9822582969735985,1.4964072932434465,-0.117010865567025,-0.6145536041856087,0.7678719327198544,2.227748164669353,3.273765061533987,2.609148337341391,0.6720739821008269,-0.306851624590719
sine,0.2922701034449821,0.5418367136326963,0.7443870414581227,0.815829414379006,0.694405020770635,0.4764728154049296,0.2733647972789808,0.2059547493615589,0.344510353075609,0.5858224646023991
sine,-2.327377134257774,-0.9296908241671944,0.1010059591326625,0.0022076163583338,-0.8854735233056149,-2.348634232904132,-3.164906443660616,-2.8799682812766,-1.9119299155957228,-0.3851356237744501
sine,-0.3381605792541475,0.0483170947547789,0.35722778177664,0.2896667711155123,-0.0638992382980877,-0.3827563963716542,-0.3750379344036194,-0.0203675281408967,0.3198484032416284,0.3713471259918146
sine,0.5927738503430396,1.8195307922576736,2.403854403225297,0.9828558039212686,0.8734819236774366,2.3305369621863656,1.9681607446891212,0.6352013355598004,1.4621177415979996,2.516317440829124
sine,2.1788555164556547,3.03464828671234,1.922288787148012,0.2575932045723137,0.4273693404843895,2.218137566951437,3.070886675724,1.732212998854108,0.1797843664596615,0.3926053698268905
sine,0.4402611177268304,0.64320655860833,0.548604745296409,0.131689556256995,-0.4616191661245334,-0.9603333983984323,-1.2723217910620834,-1.3637827403276002,-1.1164939202548034,-0.6429854453900087
sine,0.8675417141411785,0.8703801895386922,1.3114318222960952,1.527004334795082,1.1719398902909308,0.7644331077058631,0.985677548456056,1.438306403109415,1.4504657888377313,1.055687294886669
sine,1.218872756961205,1.474957173233439,0.9695202811998186,0.2483327700552775,0.1744598531755758,0.7655209012446619,1.4161029303124162,1.3462601071506926,0.6549028944496532,0.1321190710688483
sine,1.9210015098566096,1.802105199521331,0.511677026205323,-0.2262075520733003,0.5415308291589107,1.9584293433630295,1.8309493528720089,0.5775866640205934,-0.259321427475318,0.5056656610684073
sine,-0.165537877613525,0.3910468057422193,0.6370106897100676,0.4107382891689553,-0.2011719880011706,-1.1422477219236624,-1.9256151708596525,-2.547819583067154,-2.744692115315713,-2.459818110491588
sine,0.7315275204515018,0.8390517063250954,-0.5393914112788317,-1.0991493892660815,-0.3998107058952113,0.9429075056803884,0.6584977626700418,-0.7871061523629105,-1.2384189379529422,0.0917615534539509
sine,-0.7456487241025214,-2.171683757737803,-2.5696739993001887,-2.0264158851241945,-0.6408744568536765,0.5302970758121942,0.4992090474168438,-0.5499773178303123,-1.8889058970762684,-2.628165577249409
sine,0.5706716332177219,0.268973001889548,0.0796433673092548,-0.0204581430734995,0.0642563921703897,0.2925104478593331,0.5740334978507384,0.8116776453508417,0.8575541219072034,0.7762281900934539
sine,-1.16185751067927,-1.3038001260689016,-0.3332731065630382,0.5977212803882754,0.7281751114758066,-0.4026696345571952,-1.3125200395403502,-1.269564193646712,-0.1587527938201425,0.7337383253186645
sine,0.4164816648697118,0.5814121788475622,1.2536762729160946,1.8131112353715824,1.662865257580529,0.943495159161829,0.421848896252513,0.5423118835985947,1.2724348698173849,1.778614412309247
sine,1.0779717383821932,-1.0320136210640802,-1.0641544325535912,1.3588445011795975,0.883897878601257,-1.3435663095429191,-0.6975638857712245,1.5997611107683294,0.560037508022595,-1.5419619835839624
sine,-2.1093192727109726,-1.2106707451169858,0.1860728372016613,-1.0087162700040488,-2.104690128732544,-0.6418773563377459,-0.0528971640205294,-1.631096896854417,-1.850731954987706,-0.1217526210222262
sine,1.173832553468199,0.5363396683511317,1.207031275727042,2.051666221694353,1.6576674274774394,0.678229361537458,0.7676075682374477,1.7819524277498946,1.9854248581291936,1.0438414320721714
sine,-0.8267478469459413,0.8940239750677611,0.5378821155235111,-0.8818829080622499,0.0699238670496258,1.097442873437211,-0.0565320748898362,-0.8755498847616988,0.6954890360694732,0.7606434954098804
sine,0.2485822078117811,0.1308232177076827,0.3877767482518438,0.7529741709277012,0.7170009961692924,0.3405797518338415,0.1517071863370871,0.2595433466251202,0.6689065930622601,0.7947677755504093
sine,-0.7242838268153239,-0.6288013824586357,-0.3136976550966258,0.1258305319335447,0.6215814448464304,0.908514725509432,1.0257698998364169,0.8883282065734126,0.6065779631502085,0.1411522107785319
sine,0.9847421702929606,0.7907966517046388,0.7327510654131839,0.7923066059393707,0.9977437803628122,1.2177979929161311,1.3244100763755708,1.2345554824826863,1.0374967531870396,0.7930514934133208
sine,1.7351026910789342,1.2870051464729737,0.4745578404557445,-0.0874772350367705,0.1433770060663484,1.0045482239346344,1.5651198439266825,1.5570661088098705,0.8376103703493442,0.1112068270441929
sine,-0.3537260079003052,-0.9759437228179552,-1.901001429278211,-2.348659500004765,-2.077730587906714,-1.2335665702989818,-0.5368495630881372,-0.3362737565537866,-0.9369103425946276,-1.8008040266853502
sine,-0.6982946016200934,-1.81045326188342,-0.4977385952270716,1.517208568461803,0.382359079802027,-1.655737569867724,-1.041595693621512,1.1831380528597033,1.1224246090098522,-1.1119190287360532
sine,-0.3993727248101276,-0.2454678921957242,-0.2232163994853569,-0.2495135813970448,-0.340912953170306,-0.5115420126040873,-0.6940359016412627,-0.7823084079703716,-0.8144743181947847,-0.7651191226475766
sine,-0.0341317455745237,-0.9331893784842804,-1.668238657221953,-1.717974923213394,-1.027857332870289,-0.0838648854712987,0.395518211207198,0.1283612877170529,-0.6990350387697477,-1.5532201324469272
sine,-0.6844749077584398,-1.842870858297092,-2.4345173368976685,-2.144845908047634,-1.1665579790685237,0.0625211740067043,1.0285169193169137,1.179548244321986,0.6395855174240872,-0.6023271134454751
sine,-0.6052931852859676,-0.8133079361077171,-0.5227912024565418,-0.2288498764042427,0.3081959127564512,0.8603597612035121,1.175070945736009,1.454722231899502,1.4413276449877577,1.316904693259971
sine,0.4620684967365049,-0.3362603515179086,-0.8944579657035645,-1.0086482014428932,-0.422611694369636,0.3741877877156575,1.035864216071691,1.153258200066895,0.6556378358670781,-0.1297251864517044
sine,2.0067761351331,2.8922598477433485,3.407715398281418,3.1143042923136472,2.1939821087324702,1.1532762983947236,0.3126755986941267,0.0245006833159858,0.4755274701088746,1.4451450095010718
sine,-0.7226115073522439,0.3101808714039735,1.0912445734879077,0.9053971478469192,-0.0429992998447686,-1.0657662300568234,-1.490974143187748,-1.0387451081350132,0.0052589983541529,1.0108909497321732
sine,-2.031557091731548,-0.2555667114163893,-0.6664822301385642,-2.842901756515964,-3.362375163169119,-1.4324671777646616,-0.0991677434110511,-1.3695411813548388,-3.3465471259671835,-3.006732565365544
sine,0.6962600248664114,-0.7704224352427487,-1.0916243760151163,0.4646397229893007,0.4666977496465656,-1.1223918594256166,-0.8336488557201537,0.6549001737260771,0.1058383352634907,-1.2119304652630067
sine,1.115331059230905,0.3235942336163386,0.4995818086070758,1.2521472732368617,0.8466298133214245,0.2261281490062341,0.8771903752206837,1.2677693485113504,0.5301446014547119,0.2599757398149462
sine,0.7605550614888543,0.2219799397378066,0.5464475763202217,1.0634324266109534,0.7924183649012944,0.2354008559960548,0.5248887855328224,1.122327563987448,0.7924803986964942,0.182916160497264
sine,-0.8352330033576545,1.7910626858057392,1.759090151212017,-0.8929307540444664,-0.2442276745669083,2.2115051318564527,1.1387204628048035,-1.2345542590378789,0.4833325645417151,2.4133979852972653
sine,-0.3749020016922946,1.2197548626819277,1.4234178377250122,0.0147160327366417,-0.2990461862276322,1.5703907157423764,1.2364287367122433,-0.3746584801598075,-0.0486187904817458,1.5374902383735598
sine,1.3651448996540585,0.5053466470934669,-0.4061291656032402,-0.8868159367981037,-0.734103919936097,0.0323686228334404,0.9349214877403592,1.7112411420556752,1.8048741735408804,1.4767244189258388
sine,-0.1137808506800843,0.4514989021902054,1.0496967010909803,1.0138808648865505,0.3326937353646528,-0.2974235150798642,-0.2969054448977017,0.3068472573782945,0.9301524958351846,1.0236986139440472
sine,-0.2297823100002493,-1.619347040218345,-1.221011870397514,0.1242008660999234,-0.465724724653451,-1.741668414916863,-0.9799591921182902,0.1689945531091628,-0.7544227119992685,-1.7971448647223571
sine,1.1659847901241511,-0.5115789998470356,-1.2425727630677748,-0.5160676133124703,1.2429677754689026,2.4655399391977,2.425544133503984,1.04122769233343,-0.5718677499171257,-1.3135682634546166
sine,1.6171478248423767,1.4173799254885957,0.9877584437786668,0.8125536583563991,0.9310253416267488,1.349796347007581,1.6254158118634905,1.5270493318082876,1.1918861948704336,0.7922389335256768
sine,0.4462097006434732,-0.3197267449285095,1.2818769642801418,2.9638910062522976,1.9696315783356813,-0.0800628315044295,-0.062698102259146,2.018435015214082,2.9280126761827288,1.2844559916678204
sine,-1.3831803022596407,-1.5162023640957,0.0761518900507736,1.816135682485044,1.9334197466475789,0.5813224467693283,-1.3390768096973662,-1.5891612514324185,-0.1811991796717581,1.5904275390766556
sine,-1.2944380083472926,-2.00319484469908,-2.03574394572039,-1.592520506341264,-0.768924084502561,-0.102300734142153,-0.1392849368339879,-0.5701914573446352,-1.3759955488788134,-2.002526300969405
sine,-1.3783259088886388,-1.5924111545687727,-1.385715538452322,-1.0783290086162989,-0.9768702510203914,-1.2498904279040133,-1.5461510610515312,-1.4851338059867674,-1.1788223997148497,-0.9787879087003364
sine,-1.082560189019309,-0.6700533341499876,0.0978055327358474,0.5468221071936645,0.4101211181923016,-0.2251416608770082,-0.8779181858681779,-1.074885706350711,-0.6182904024683619,0.0450116333870856
sine,0.0783798725279416,0.1136325670044522,-0.026919427007649,-0.3060808302817076,-0.6922067204711438,-0.93493430510817,-1.042889694215551,-0.8232372498052467,-0.480639910759744,-0.1602411439110523
sine,0.854910819579634,-0.5544039432210854,-2.077663115945985,-2.1823938223781107,-1.0810797497654447,0.6027288880283654,1.2942206512988894,0.5204409424183201,-1.00027101567747,-2.6048751331329485
sine,0.7776677793946295,-0.4677048008996259,-1.8177815160333664,-2.004806032173539,-0.7564277976239278,0.6789900371905099,0.7711212166635132,-0.612030910421944,-1.9492382254780327,-1.920428243715318
sine,-2.8536504817541224,-1.7395276162785585,-0.5031333941791178,0.0060508347017388,-0.9532413620957628,-2.339812661351332,-2.7534054876728185,-1.8989312133948448,-0.4097065267765525,-0.093841940948215
sine,-1.89282465602287,-1.271236981030484,-0.7910866088601999,-0.7342668341406028,-1.0743655791067277,-1.6427454048913903,-2.240304714984593,-2.588614736302507,-2.5898627285960307,-2.1686931673962757
sine,0.2695307380253975,0.0245708303402432,-0.4211191191051224,-0.4634433545593245,-0.0950626392636322,0.2069470752579265,0.0886299748163051,-0.3197618641707452,-0.523411928975824,-0.1216917396790831
sine,-1.1520781798709503,-0.4486699325305427,-0.7353618742255587,-1.5975602098111628,-1.7404030776879362,-1.038793304442747,-0.5114291478016988,-0.8403798781766155,-1.7520502051758453,-1.7149476637094228
sine,-0.8134429476077142,0.5510317705317408,1.102583244402601,-0.3872873550639584,-0.6088738694599108,0.8271926040706165,0.8562851228247936,-0.5979503464020895,-0.3937772045917516,1.0784732200892573
sine,0.2836128310999927,-0.2618747817054892,-0.6236060236254501,-0.5895411939107089,-0.1753045712668496,0.37568441882116,0.7316239031589034,0.7775843815205433,0.4723267411773252,-0.0835523546779125
sine,-0.0231294805930716,-0.8736479819220707,-2.8351658696410507,-3.2507021903072397,-1.7637656968700517,-0.2247804170007569,-0.0618743046176976,-1.9277459276113915,-3.272837598657211,-2.767233240085081
sine,2.5198021514666085,2.482135013556757,2.3054910229145533,1.9761050049580904,1.549588716554987,1.250876729469545,1.10283758340726,1.0871455417547091,1.322935541040803,1.7189263615798684
sine,-3.666474995647792,-2.999201687950936,-1.0744616976552106,0.5410521699780158,-0.2586596472199314,-2.268982347908508,-3.4718373462114664,-2.874485698489539,-0.9716883269183244,0.3558730989157163
sine,0.1435835198886809,0.0526495893753936,-0.124876664695871,-0.5064805732459609,-0.7593441052207255,-1.1038147154852855,-1.4164143720051237,-1.499515072180602,-1.4393634059157214,-1.2792456866852984
sine,0.5963449454818902,0.9993528406790462,1.1423837339467904,0.6801958611909087,0.6987673824220414,1.182222584611483,0.9612601410821884,0.6013368531941032,0.9610201588670092,1.1652449640852771
cosine,0.9678767721961232,0.669583945699607,0.6697577051968318,0.8705701398189335,1.160085968581532,1.335066368315767,1.293621440989302,1.009563296268936,0.6980688386338784,0.6780722096929915
cosine,1.3355312740343808,1.2341904433219668,0.7518530290620772,0.2710581995184745,0.1022338960823779,0.3777422868907018,0.946387128876764,1.3340232008738184,1.2822028351352364,0.8130301108674661
cosine,-1.0651489958168785,-1.2376344328673132,-2.216607130755976,-2.009011528501624,-1.027166595284629,-1.2951333726059822,-2.2914243935541565,-1.9874710211629272,-1.0008265514330366,-1.3651250097055452
cosine,-0.0909030811062261,1.3273739818463073,0.5494800891412882,-1.2672493372263092,-2.376058357535207,-1.1637506169605922,0.7648128477615411,1.2425623195224034,-0.3190287006309406,-2.0326029388277305
cosine,0.0828377768470725,0.0116701642219218,-0.4030613181851514,-0.3479121253253066,0.0633031758249478,0.0239974105262213,-0.3854854081378735,-0.3696410561695127,0.0516028403073855,0.0305001448854174
cosine,-2.35824203014413,-1.6727780068959408,-1.1380346689989524,-1.333710151030505,-2.0121455352202133,-2.502739026128448,-2.263255853071842,-1.5153962734882165,-1.1096105725618546,-1.4335117511967126
cosine,-1.5895731675156275,-1.3859171112270767,-0.818488458174165,-0.9495284720456392,-1.5429617592853018,-1.4496697987277538,-0.8530183408028333,-0.8900167483582281,-1.5011986300102915,-1.535772578167472
cosine,-0.7574366317342188,-1.7983324549980535,-2.6220961737158275,-1.6733471586422968,-0.590238410255517,-1.3612640391255784,-2.657186147622328,-1.885098762998743,-0.7652361145252378,-1.0417366339044645
cosine,-1.380287405653555,-1.4170376559960234,-1.5129305643235929,-1.704143566402096,-1.851831432347072,-1.9697290237232676,-1.960201027975496,-1.8367324421836828,-1.671101049606089,-1.4885537464385463
cosine,2.050372778471634,3.147699113760129,0.5036665416558694,-0.2285030954077731,2.5532913426304287,2.792623167090613,-0.0746477304416284,0.2368688088195936,3.0320000569442214,2.2989816520508146
cosine,-0.0105675951374204,1.2684698806704886,1.5838889992973313,0.4802642040452964,-0.9073279922353688,-1.1811176627457298,-0.3390699424035119,1.0978034970522756,1.6772372544183451,0.7294137559401149
cosine,-1.2617993219350627,-1.1800128725809054,-1.012493778566486,-0.8292155869495532,-0.6966559701052346,-0.6626626041014834,-0.7582667873188946,-0.9232716543995836,-1.124565121667713,-1.2317878751045088
cosine,-0.3750134155151311,-1.030494824541186,-1.844386172369887,-2.7555940664044054,-3.085985846860204,-3.223908569537586,-2.9823711031517184,-2.5217121968085454,-1.6789013243814743,-0.8255302457671213
cosine,0.4579706350334941,0.9895918424435252,2.175771937981275,2.1041257660002493,0.6666290041897409,0.6997371525605294,1.9022074208778017,2.4467386672513816,1.1769869438433416,0.5239025895224189
cosine,0.8752174688751022,0.8230185819628348,0.4107641732130757,-0.1985152264241694,-0.5072919288123543,-0.5138630272696256,-0.1645069544953718,0.4583096124154229,0.8224383344717311,0.815779877653919
cosine,-2.307058182872319,-2.2258721140918856,-0.7649028753786176,-0.5796877291159761,-1.842920981514131,-2.429100588214297,-1.444999434729448,-0.4667559881166589,-1.0162063445618033,-2.312318626962637
cosine,-1.3333985343261805,-1.5753988404409012,-1.692640888451585,-1.5313555893651818,-1.2460401053326926,-1.0556355551709002,-1.1307342858991738,-1.3981532863383022,-1.6330356338038796,-1.6479631401897483
cosine,2.3497048687033533,1.987994959253765,1.1851733091351466,0.5196348110083423,-0.0042993260267129,-0.1572352892051264,0.0481844875149887,0.7653661891326177,1.5035122323136596,2.15530358469301
cosine,-0.3168668909613803,0.4924331332461067,-0.2344819652345644,-0.8175685404391061,0.0520416544113441,0.3703798733811505,-0.6523673692456474,-0.6295844482058067,0.4584211212393755,0.1366120569890844
cosine,0.7112269719269526,0.37182329368231,-0.1673443841307544,-0.6013576184472514,-0.8287901854239712,-0.7319483898745367,-0.3835119671039614,0.1471736654388821,0.5353719897058183,0.7900315881341359
cosine,-2.190899866225162,-1.4695727318775311,-0.5761839587112157,0.129693821218341,0.4240263488010957,0.4384867778456964,0.0393359427993656,-0.7094625561930565,-1.3901046699018766,-2.2850515652041
cosine,1.149215203514868,-0.0876797489800912,1.3730222321974912,2.613881632789149,1.2098380038760936,-0.0940588612494814,1.404819342314913,2.579286604372659,1.1182913767747675,-0.1484885076899502
cosine,2.865876171592136,2.9898976420988093,0.7435089136333008,0.6398512403794305,2.565329372409797,3.2613164475246803,1.5843647401278285,0.3483733522566767,1.9629255532822845,3.210543079173332
cosine,0.4282609794039321,-0.3501668223393649,-1.1296702557317937,-1.5407128870112647,-1.6674127952324127,-1.310247014113774,-0.5547850187407745,0.3238828321623914,0.939159120383941,1.3880473399955842
cosine,-0.8666356551926311,-2.388953852417477,-3.6111854158827392,-3.131055895225694,-1.281154641504762,-0.2281017833791237,-0.7079885955913745,-2.4254624473944664,-3.531012170030826,-3.0488168894650025
cosine,-0.7928833904967881,0.0531643675281905,-2.5134283266513218,-3.3839208050364897,-0.7094839693930317,0.1518290061502632,-2.46017327934647,-3.308071703536598,-0.7816810715654077,0.0781136383349008
cosine,-1.175358595241716,-1.2292870659485966,-1.3791683388438831,-1.563965416662915,-1.738458493959339,-1.770284985197348,-1.685145817638143,-1.502347180993305,-1.3004200105370258,-1.182993528237141
cosine,2.9572087404645377,2.4919814111209377,1.8476705577714696,1.0936858941816654,0.6566361322963195,0.4304718427296565,0.6016238783798403,1.1190980861474902,1.8260657642537996,2.49534583439108
cosine,-2.3017968430073013,-1.3414032079902298,-0.4523135912959247,-1.0707046634604542,-2.1902998336151303,-1.9031438481400629,-0.7117956179318341,-0.5362319602138385,-1.6752327306077808,-2.1549509251009047
cosine,-1.5581666472751754,-1.4888737814680773,-1.0704070727307202,-0.9840600121180264,-1.3279749921440551,-1.6049079420858436,-1.372981573599995,-0.9725944403031082,-0.9648896111553196,-1.3948602399536296
cosine,0.33279013538276,0.2366363429731267,2.4870055961540096,2.0122485584036216,0.1234821763963552,0.6797360443939475,2.5557121015700544,1.4975452380711851,-0.0848310894508649,1.2625561852671208
cosine,0.010998709497452,-0.6700681605529902,-0.0128469553059368,0.588452686882179,-0.1321055699571432,-0.5914044859372994,0.1225466738198586,0.4954468886007669,-0.216347060348335,-0.5750940470782646
cosine,0.9818289927111098,1.2540013359844104,3.0086253827164176,2.256881075434921,0.7342447783720177,1.9062237263509612,3.058380905882577,1.5217689526450846,0.7119334608644748,2.4826136387057653
cosine,1.851237081745022,0.9383865317320064,0.2274778023175347,0.9488087742374828,1.7619925329188892,1.2076160057520136,0.2595006902953782,0.7460866837825809,1.6686821454672307,1.4057378400092952
cosine,1.433187292185277,0.1900497495821175,0.2712448167661981,1.3617121073344345,2.213838064101586,1.8169786638899208,0.5073261554512175,0.0195975176131824,0.9328209739467505,1.9890729943667256
cosine,2.4450493819510606,2.278173146370981,1.6191619053776405,0.8412920821767723,0.4091967029850569,0.612393715933533,1.3330492309716673,2.135986691652709,2.491164990687801,2.160819605794292
cosine,0.9530325090386478,1.608347852648457,2.2663715071686843,2.4403322313784352,2.439629639587103,2.009509266613998,1.425780814526449,0.6004396507939674,0.1427728758625261,-0.268268033288248
cosine,3.332997515742681,1.6364640092604923,0.2220752244767623,1.0217911917919742,3.019099358437552,3.140368712756966,1.2316080578618254,-0.0253082140032719,1.5661461856409251,3.3661414086850336
cosine,1.1885516237651863,0.712212048908154,0.2274698056760576,-0.3029916159498518,-0.673699905962571,-0.7829984899061307,-0.6187715598349491,-0.2972071311864118,0.1838425056333661,0.7348628148647868
cosine,-0.8613120856076786,-0.9297414090932234,-1.5482232049287563,-1.3846167443279187,-0.779745781897258,-1.10119554903027,-1.5960092217449071,-1.243865665773334,-0.7884912316277459,-1.2688034052508013
cosine,0.4078324549848012,0.6601809024776338,0.9192826789536248,0.8934555826558862,0.5110531271350549,0.3744168160302221,0.525465441274565,0.8912202730002804,0.9152062764041208,0.6570094191558689
cosine,-3.3055072996335277,-2.7795874831564147,-0.7636850319148978,-0.617439867085162,-2.4399516187887618,-3.407055638733948,-1.925675651463356,-0.3668134081304389,-1.0077529993626697,-3.3125028376968557
cosine,1.6115756217473964,1.602447249025276,2.0182023892002787,2.008972064201124,1.5652208427353875,1.6681398962867446,2.0845639425963016,1.938823335585853,1.5144481983577949,1.729604454217842
cosine,-1.3948017738237073,-1.4321054683105483,-1.6156763136329295,-1.835582486458508,-1.970016996566532,-1.9785943856778236,-1.848765876804764,-1.6620492089897567,-1.4771398897447396,-1.3714361396617594
cosine,-1.064975989709109,-2.059925155138967,-2.8710738579432387,-2.2358671323896604,-1.132236679663161,-1.3870627856690676,-2.605687589264517,-2.7044002245359944,-1.609436042961688,-1.089347765406517
cosine,1.616117822988607,1.988947978295436,1.5022921973142456,0.3609569955113594,-0.7748790398899432,-1.2960411221033044,-0.7371263599706106,0.3732568219746655,1.5137910743472458,2.219879876857079
cosine,-2.1957302741838087,0.0140767747686089,-1.4399957666698184,-3.4138726607326264,-1.4628697501937944,0.0322897179759201,-2.1931117707715524,-3.200960764555078,-0.858749799089925,-0.2318493672506691
cosine,0.5547111591719021,1.481288750125674,1.135723864468102,-0.1256186718652303,-1.3303708790521356,-1.2280018020208443,0.0897839529858404,1.3112014768504952,1.4489646449644564,0.033043024121647
cosine,-0.5382822263518875,-0.4259092527299177,-0.2636939348540456,-0.1552733263893277,-0.1498821155700151,-0.1533661223537971,-0.2318078968380608,-0.3541654959146141,-0.5285237720152026,-0.6258069355770067
cosine,-1.4774239060398642,-1.480612918096151,-2.3118714228296446,-2.1452932004033274,-1.3610227874882883,-1.6608501709708603,-2.407826343139641,-1.9808936757595683,-1.3081161343260927,-1.8579166391289188
cosine,0.220814030660689,-1.0954174467804654,-3.3873197186434503,-3.110157830678605,-0.9219010255305592,0.0458175573843572,-1.4872584235821038,-3.422246460099647,-2.8817267934775628,-0.9586069739820196
cosine,-0.6916729297458102,-0.5097807654279934,-0.361319484368964,-0.2185366514914707,-0.1649734570157159,-0.1800467568730283,-0.2883388007801027,-0.4503392314720518,-0.6042431135170216,-0.7643108440206924
cosine,2.669054671396814,0.8871659916000384,-0.3274357798040936,0.8551929480187437,2.600336588131141,2.3747472063872843,0.4060636748125694,-0.2709867369511165,1.4151543390089305,2.75793772317575
cosine,-1.8558351304843657,-0.6317837254027788,1.2244891518810035,0.2938068726636835,-1.633580920771076,-1.5835610629943748,0.5875520666451888,1.212194605913972,-1.2105113587030465,-1.834560417214888
cosine,0.6243012378210101,0.6090466476424793,1.4636369844059427,2.471093163135418,3.186665187187844,3.101152156800417,2.2551636029687967,1.122459710353888,0.5580819280112937,0.7715402022094882
cosine,0.96667518168892,0.3286607010045548,-0.7338312836396574,-1.6635491590581648,-1.8889429128746744,-1.369331777646326,-0.3181843295569156,0.5488596124396355,0.9168971282751666,0.4067771775370415
cosine,-0.9919150811523848,-1.2414207651571028,-1.7380651817781998,-1.4844572063036952,-0.991138850371506,-1.2474690186710964,-1.743070947021964,-1.4710804532923103,-0.971272435411221,-1.255957153228918
cosine,0.4560461293476758,0.1217480640473447,0.1556003988933082,0.4903590255102238,0.8694325015619955,0.9375951552913548,0.6258830981786997,0.2450847161106221,0.0941261310720641,0.4007676311985477
cosine,-0.9771393055877872,-0.8508208461263563,-1.3755750815483676,-1.5032049147940534,-1.018664212012977,-0.8464624880802681,-1.3499127148874417,-1.5506591491724917,-1.0692941017033462,-0.794506043018271
cosine,1.3350585636233216,1.3565353716888258,2.4501417585074923,2.337898785092818,1.140919253628291,1.5913376988685604,2.621532006102764,1.9854968830315067,1.0842659728485744,1.941751795924245
cosine,-0.8874928876161997,-0.3611403070147848,-0.9874399065305616,-1.354930789349139,-0.6225842806953814,-0.4491523162230267,-1.2817958303698025,-1.22107959945373,-0.4220014038339094,-0.6770455041451531
cosine,1.4210424965899906,1.249496476252221,0.458752033571596,-0.0494512507206993,-0.8514244858203102,-1.216877735551027,-1.420322095297884,-1.041442881181361,-0.79290507155799,0.0093423500730793
cosine,0.9321771410401152,0.3583719358782744,-0.2237127105854246,-0.6073083198611767,-0.7565473796748667,-0.6232345593622717,-0.2388522405364022,0.2849438823285403,0.8578145044943966,1.4018626176108533
cosine,2.0167634950220124,1.242011775322999,0.9397040424672128,1.4969442485492557,2.1694784568591183,2.6062368178697426,2.2230226058735902,1.4509174022712628,0.954321450585137,1.2211211472019574
cosine,-1.652173962204504,-1.382569017763194,-1.6151445551373798,-2.077430321011968,-2.3705813070288664,-2.225509586804507,-1.778800597739756,-1.4049112627179077,-1.5018784916300123,-1.974120148594832
cosine,-2.044680153551802,-0.7571252546886771,0.5741606654938556,1.4488980974933088,1.6268519478951182,0.6772580063596868,-0.9845806186233856,-1.9050681695724851,-2.307766832647256,-1.7029755278716
cosine,-0.20060931837708,-0.0392697172442964,0.1491590228286381,0.3025083775673682,0.3008073975124216,0.1652574915684772,-0.0085976756313533,-0.1925900632536974,-0.2830385288033558,-0.2119809019740533
cosine,1.969565373202411,1.455857385888642,0.7696258868737292,0.0312476154132501,-0.8591577370320285,-0.9319547912071862,-0.8229952790663755,-0.0125665084637191,0.7671492306224114,1.5275083264377085
cosine,0.2546754703213351,1.6138651575337342,3.612938250485294,2.131595515984217,0.3099034742441174,1.614533223462552,3.577838538575849,2.2075856026703984,0.0609171773418995,1.557281244347218
cosine,-0.4198895027369765,-2.6617161287924764,-1.990721749497668,-0.046277010532188,-1.4736276459376536,-2.8454707943192354,-0.8627335520337991,-0.3669569267207908,-2.5347300347990447,-2.208151192353342
cosine,2.6905277583298437,0.5067462855967205,0.3372378522965288,2.3475252828084736,3.8595286318985,2.7180809995702617,0.5009819765055431,0.1547103617774704,2.358314183255547,3.918589806261645
cosine,0.7274356568090425,0.4611582253666413,0.2232030713445358,-0.0132655611700735,-0.1121605608903208,-0.0144376190521286,0.0713360885615852,0.2624933646480872,0.5847325144360049,0.8161077799119982
cosine,-0.3114339289598347,-0.4215437564084234,0.0160372052820409,0.7842146198715265,1.3443326744482076,1.4221547872717957,0.8991103323675975,0.1689188674870412,-0.3496002540767235,-0.3734208393784077
cosine,-0.2740695461992568,-1.3363088743448452,-1.02880371725138,0.1506297102959005,1.364146132225842,1.5657852287221412,0.2514120707830559,-0.9342899738193282,-1.4846380288065988,-0.354372948636827
cosine,-2.7652422873054645,-2.391020100845014,-1.7076519150572742,-0.9137714357000484,-0.1050452415883189,-0.0795303060316344,-0.2125413743678116,-0.6172697889404872,-1.3961207875005246,-2.2765515305349684
cosine,3.3978842845547046,1.9438275673787024,-0.1079704760015241,0.623325274406969,2.944260615556446,3.3437163553933584,0.9307500169165376,-0.1062315730945063,1.5720937981250047,3.2703588198220688
cosine,0.9386953981862688,0.4884256217415593,-0.1223371880094156,-0.6555338260801896,-1.0157558251572198,-1.0492077366659605,-0.7029752589557478,-0.1371565741077544,0.4542373262090357,0.9016709167441108
cosine,-1.4400221216972615,0.1233377870688691,-0.6458993649124941,-1.8664385942525796,-0.6073100145552545,0.2851000326654296,-1.4156416089971835,-1.7921298349700905,-0.0409406561106802,-0.1136731893199841
cosine,0.7989792740719708,-0.1687474710043201,-0.2678993938018412,0.6893643675947168,1.4528375138140095,1.3315340956841977,0.3569525966954568,-0.3609226136688007,0.084325766368249,1.0508399706829523
cosine,3.13600553337377,2.5445627756173743,1.9299971191818284,1.2867005963072018,0.6825057283060652,0.4754483995901785,0.7366875323365417,1.1469204620192093,2.0926027922169737,2.6072891443843664
cosine,1.9885935090699824,0.3689378992650235,-0.115986957889198,1.0995463952044997,2.4156053562266235,2.042522136856849,0.4234336363242383,-0.1820304128570441,1.0500269499070982,2.4622777618158764
cosine,-1.324447518586609,-0.9824543276490616,0.0809244310090533,-0.4636743685019987,-1.4238361875068095,-0.7291847906800923,0.0510949722037471,-0.6411185979639225,-1.4208217745797396,-0.5846798418519056
cosine,-0.2920338905786701,-0.0386982150936604,-1.881329460630624,-2.664058590020392,-0.8015132337720805,0.1259146060937205,-1.35878559105549,-2.758624209490528,-1.1701061082324018,0.1762099455826155
cosine,-0.9929153194576632,-1.333622329147813,-1.2886811239480371,-0.8027204420942878,-0.3729855223450675,-0.328366734934616,-0.8300148301068947,-1.2791292517578103,-1.3652379085808266,-1.0135931421318465
cosine,-2.0482484321306043,-1.9355890921116297,-1.5263059832355463,-0.9486397985014028,-0.4982538265551599,-0.2735389235446152,-0.1809380588633084,-0.4750527631185022,-0.970614211630535,-1.5230995887493863
cosine,0.3283860243389426,0.351218607389238,1.5181635449260995,1.8168133094365115,0.6216762538584039,0.1776309356855561,1.203209942990387,1.908634911811459,0.9737042851375112,0.0872632198368862
cosine,0.7774160493954979,1.0602686226755376,1.3266398130887027,1.5700866258504491,1.6535711357413312,1.5816435797674049,1.3929142080902606,1.0563297916950876,0.8064170980506186,0.6435862742820158
cosine,1.3350353905481362,2.3280734445036417,1.8804880810166176,0.4621754832551171,-0.6360546989682635,-0.416329551595015,0.9257802546147826,2.1877040260356524,2.217679301217913,0.9861603367022967
cosine,-1.4993286221588795,-1.225313150135401,-0.8414517328479437,-0.5148180995722138,-0.4850435896442426,-0.6649696233934006,-0.9357273523673568,-1.3772549668272964,-1.4815945408826148,-1.5275264497696135
cosine,-0.1278551266622746,-0.4393031627728555,-0.6193103883813095,-0.4649696656969636,-0.1658465459228131,-0.022214967136526,-0.2062271466005453,-0.5316078837553122,-0.6100251916080673,-0.3887320586089215
cosine,-0.1186152942565567,0.0706418394351171,0.6327387306586539,1.3905818246430572,2.118482870822764,2.5630127706055594,2.733968976424838,2.326766418694637,1.7567813738298357,0.949222306610793
cosine,0.4849097312183903,0.9731661984813936,1.4712620481377865,1.2110882318533358,0.5826953051307838,0.6110423657711476,1.2586649355785071,1.4691186034386188,0.9168586477782662,0.4937558855602463
cosine,1.6898536809722953,0.825920853635315,2.153791902919385,2.7934710456574945,1.3858371997758947,0.9519023493281624,2.416778657909325,2.6377480873610883,1.0904841926844466,1.1523880295673716
cosine,1.5663074199922833,1.4278929049608826,0.6209674611483894,0.8852648955913663,1.6396526965370306,1.274983358575812,0.5147166268281792,0.9873980740271112,1.674440533376147,1.0951799353041152
cosine,-1.3588337706860183,0.3504519443104733,1.48098372322351,0.7082798375069046,-1.0789593915978035,-1.4878909907103317,-0.0713730906910147,1.4149409118672047,0.9948040762872415,-0.7627839604870553
cosine,1.683050739630709,1.551188929488941,1.9103235204783704,2.1161317550094907,1.817072297878379,1.531015606238572,1.7828337828119445,2.1198805434128407,1.956572943167181,1.5492416615887423
cosine,-1.817416620723537,-1.7829846260994728,-1.4953862944928016,-1.1941282663825246,-0.9993408846364894,-1.0606121022249877,-1.3279499607167118,-1.5956401217425753,-1.8226696933848283,-1.7353180749083634
cosine,1.1446283946833735,0.2576396362180591,-1.4728208083802403,-1.5375367239048072,0.3660150809133667,1.2254631110219925,-0.1831268253976449,-1.804003616496564,-1.2642113819732743,0.5220867986353854
cosine,-0.4526862391763764,-0.6688781945208476,-0.2843891344883537,-0.0774158149819273,-0.4495450872309233,-0.6703050349824032,-0.3136805865011328,-0.0927321070587631,-0.4296730481680177,-0.6559294249004801
cosine,-0.8285750341006397,-0.8481661609059702,-0.2815968279701976,0.5800839293252434,1.1182080642585888,1.2639786723553164,0.9326810778171484,-0.0974059099335598,-0.8782604488237908,-0.8690017287566036
cosine,1.3059747436756577,1.2478284689613912,1.1012775346626515,0.889675023308429,0.7212392302523426,0.5819321838381284,0.5111437538651381,0.5915757022430269,0.7031519862134045,0.8986563573146221
cosine,2.917532271033879,3.01538577616658,1.7457682663760428,0.2885246113725676,-0.4196931637497071,0.4089630938867586,1.9478479285105244,3.09000005975572,2.787669414395891,1.2255555102750924
cosine,3.409664526768037,1.8076974772829373,0.5387674166919745,1.6495625829225302,3.336001131849386,2.948966041203253,1.061961039871114,0.5670803172084807,2.264914403048005,3.4139623996307358
cosine,0.5490240760767385,0.2807373716881616,0.1865965495474571,0.3312355913153677,0.6143320355501591,0.7775809194173026,0.6835264771946145,0.4046749771851557,0.2064358866594694,0.2299847833156975
cosine,-1.2781271261406544,-1.2459064499684671,-1.463153941745345,-1.7370944887783255,-1.8173892776715777,-1.642562480815998,-1.35949410083917,-1.2435236342258578,-1.3512444404041173,-1.6329988135234974
cosine,-0.941477956046314,-0.3348596790013541,-0.7711262927133398,-2.013670825849791,-2.8874114578855274,-2.350140286877759,-1.164129912187693,-0.4650059672817151,-0.617731851007841,-1.8580065818863665
cosine,-1.5117085281243212,-1.28932639235353,-1.4162913340983052,-1.797053542710069,-1.948574023189028,-1.7327137850679224,-1.3660329966624842,-1.2537007788938168,-1.5995822081449498,-1.9361721113023287
cosine,0.5058130624692168,-0.4348935074859135,-1.3603376520504424,-2.07353335757904,-2.247618783532604,-1.9428327260267049,-1.0696799338909602,-0.1427394786688898,0.6959151001314493,1.0665650316725257
cosine,1.2211176333479614,2.1317752054955843,2.0604641103915804,0.9413883398690954,0.4549491813703515,1.2501710256897625,2.21825170163364,2.0608958791699274,0.7647763802491432,0.5033969991791516
cosine,-0.0561296170024545,-0.7656229264675265,-1.3217116493005527,-0.6746675066542037,-0.0652305588559499,-0.4924516319322524,-1.262071145376558,-0.9955541854738068,-0.152025816679167,-0.2831421746598794
cosine,-0.4396934421309693,-0.7775414760941837,-1.0337365921899606,-0.8160000242029003,-0.4535109297304185,-0.5674198946670217,-0.9864042466508276,-0.9606315295699236,-0.5451454161681784,-0.4898005405832113
cosine,1.3549651491800476,1.2525651524867427,2.5566186773445265,2.6233411703584277,1.393690968207104,1.2772531511626737,2.461019668891358,2.611098371516404,1.367409053176048,1.174646191293256
cosine,-0.7820179966989151,-0.7265467762221669,-0.3473190019288803,-0.1991867719022614,-0.0879029357913595,-0.0848594320016718,-0.2664740360035615,-0.5391484367736367,-0.7091673655317929,-0.8775479916089497
cosine,-0.3899853162362559,-1.0025438241260285,-0.9049195292232776,-0.1199883989161699,0.6133023837540108,0.616616564795898,-0.1538370379303113,-0.9410095952779848,-0.9934072597821008,-0.2279421091558869
cosine,-0.2266780581168519,0.3801603891243493,0.4737937245339379,0.0657732775941017,-0.467911293755301,-0.5233723860690944,-0.0949407566374683,0.4527061454486472,0.4241945819123421,-0.060711687478573
cosine,-1.10893582485759,-2.03132715436297,-1.2628942845207285,0.3789415434333841,0.9579731226959874,-0.2010418314737582,-1.6753539190235656,-1.9328173895210845,-0.5605503108178351,0.8724730420967725
cosine,-1.7354235026398876,-1.3909240364530615,0.7732987982845695,1.3800031413892533,-0.4522202606834259,-1.9869118945785276,-0.7758375389451371,1.2733013966134128,1.0052627848067088,-1.136438847218452
cosine,-0.0244601609431734,-0.5287095505575168,-1.1016348339263131,-1.627894378627249,-1.8867227801135145,-1.774641184910328,-1.360067429659601,-0.8032572066727742,-0.1825915426482983,0.0700335876207848
cosine,-1.5972513720602763,-0.3288887048757708,-2.36711087742927,-2.9535583716766443,-0.5846812828949934,-1.019119285605106,-2.999319406191176,-2.077273699710463,-0.3476514336390153,-1.889757850819194
cosine,-0.84230109015201,-1.3361111811293074,-1.614119896878224,-1.321288019223574,-0.8408602612977031,-0.6943956756695941,-1.086777218262064,-1.5434578159575585,-1.5402966750952716,-1.0756965041934894
cosine,0.3143150387012117,1.043471956226517,1.6856627396345845,1.236645649899853,0.3883976335987692,0.6360607068975498,1.4863840621776172,1.5783529583061713,0.6505170650205002,0.3521328207262287
cosine,0.841812484274939,0.393008829663602,-0.0277426046492057,-0.4280482642650581,-0.5612441258476426,-0.4623245526385411,-0.2557699830673697,0.1427903015658443,0.5912644969185356,0.9475945441882884
cosine,-0.3418064065595448,-0.6306380031635799,-0.9686014466563596,-1.2591857458710665,-1.3359740725302538,-1.093764675273155,-0.7418108196166207,-0.3711099549255415,-0.2231310194644401,-0.3222595965808523
cosine,-0.3231662190220266,1.0542252977062434,3.2201112366739326,1.9316852613141988,-0.3203103871704849,1.076203162776739,3.258007243643507,1.925728589217735,-0.328873377171112,1.1614691588454955
cosine,0.9112088719349024,1.226280556572309,1.2760497199111491,0.9662103266121936,0.7092232068666138,0.833141211645847,1.1652706328638265,1.3238178664373372,1.09385028571936,0.7652705210319909
cosine,-0.447800945464507,-0.4673539165446974,-0.3408140128577846,-0.1135648939466931,0.0593788882469234,0.1085585858830232,0.0484066371003132,-0.1562306157828789,-0.3443268236156812,-0.4635293036693843
cosine,-1.7447761436200495,-0.9991776671395664,-0.6453693329466147,-1.2029863975914206,-1.8651397724656555,-1.7780102806300235,-0.9410678183202276,-0.635161773645073,-1.205508640402784,-1.9032990921410529
cosine,-0.1517846553708992,0.5062402089590469,0.1968193356475634,-0.8011457335356635,-1.886096690623129,-2.121530688964052,-1.3846905192596295,-0.1721499383371679,0.4934620752387021,0.207605963102938
cosine,1.0447673025975637,0.6805022654073133,0.4454958635122536,0.693987963311436,1.0628338528394643,1.0159534577565594,0.5930948770054962,0.4404455322419853,0.7329880236053588,1.0739945628726393
cosine,1.1394652683041848,1.5357084475685812,1.956761693107542,2.29701340484643,2.485863540528493,2.239546994734931,1.7877625062236258,1.3964998409820748,1.0318885770936816,1.0953708285708237
cosine,-0.9235456909114116,-0.1784137245947266,0.8787291201777556,1.9262427300605225,2.6417331392249648,2.688312498746788,2.128092320574022,1.2678460584939752,0.1529764299403453,-0.7096092195899402
cosine,0.2816233239669775,1.6131403517755816,2.656390240518139,1.7382825229303005,0.2177386288947984,0.4930960156054745,1.9900807829557816,2.572176554600721,1.428194789539048,0.1759438673277438
cosine,-0.7911879409528081,-0.0824590573715956,1.0091438845881344,0.3761571504057323,-0.8177117566653016,-0.3669617056639676,0.848877433472758,0.6609664837507401,-0.5916609886093938,-0.5220017694718672
cosine,-0.1522035144612046,0.1996054376355287,0.7984583805184341,1.5071092576457077,2.1129343572140957,2.486599922033176,2.5673485779352307,2.296907811054892,1.6775146232707403,0.9385716563255144
cosine,3.4998984340648662,1.9137002851723044,0.2048834938948839,1.5242073325488326,3.302177362521533,2.385469914411888,0.243934468504869,1.2202004411571896,3.367206620966914,2.4324340132263207
cosine,-1.3723898556758427,-1.4131635796026691,-1.1946807010533655,-0.7617625970915759,-0.3381353172652601,-0.119265846218183,-0.3010692220610474,-0.730773281915404,-1.0961710105098963,-1.3278891776282449
cosine,0.2893648627295623,0.4894271529629524,0.1163957875082759,-0.6445528669558934,-1.362983574431526,-1.7131531132485556,-1.4273051078925816,-0.8411519877533119,-0.0431195979325598,0.3657255363357429
cosine,-0.6403570007436431,-1.3004477993943944,-2.131568958297972,-2.9323996706993705,-3.1720162945263954,-2.9233103731838583,-2.228568413360254,-1.2598193503374662,-0.5787444055591185,-0.3262493328808691
cosine,-1.176737388267878,-0.6957368508223626,-0.1898351377410697,-0.5075340701957715,-1.1192258163161308,-0.982427853057656,-0.3394942049299867,-0.2465098266890871,-0.882147025937183,-1.1556103988014863
cosine,0.8291855389008623,0.9674962372445892,1.1249628634497495,1.3022872690758565,1.3309654957639605,1.307861303793414,1.220598780871051,1.0492264418777837,0.8882213489037393,0.7621674041304177
cosine,2.0013896883631537,0.8595809033881975,0.390680464842914,1.1199884682756966,2.2429334840239465,2.690178228702714,1.8162444816190704,0.6357342433260353,0.4794571319063759,1.3125066019412392
cosine,-0.1370567721054637,0.0684110295961839,-0.0252571263519434,-0.4692409620181722,-0.7997176860140479,-0.7302406289763093,-0.2784966217453273,0.1350045596000445,0.0372978090346319,-0.2925808507699782
cosine,-0.1565294862081128,0.0634765091846755,-0.7429427236010258,-1.1257787841764677,-0.3733358362874004,0.1276364028449193,-0.499224510744561,-1.1384359968114164,-0.5740520147506916,0.1265150315205687
cosine,0.448942789292078,0.8371147887881792,-0.4118859142704787,-0.842870154491006,0.421153436238788,0.8363945636496692,-0.3508495375437502,-0.9218700466774696,0.2976566545854057,0.9193252911424474
cosine,1.108197731601844,-0.1136826466077676,0.807297864916055,2.546092723290472,3.781911028460926,2.906717576371608,1.2265737382103872,0.0997854531817302,0.8355888324955689,2.779842345864049
cosine,-0.3802985675475555,0.3609762961716572,1.5047449760007876,1.5960042208473093,0.3579476385450641,-0.2471095196818151,0.3062596794973656,1.4451707726973202,1.508540227604538,0.5043382507392465
cosine,-1.1675699743092502,-0.6342174546850224,-0.1643335592553145,0.3677815664358488,0.4950835744193916,0.4621889263056474,0.0598070812948818,-0.440943608040747,-1.0683100433980444,-1.587810652191334
cosine,-1.0823652499452934,-1.1944653416756208,-1.4386430771884795,-1.6993748422566333,-1.7506454280029915,-1.5253018596396923,-1.2489174349297594,-1.0776752815009911,-1.1560813368554983,-1.4468542408692242
cosine,0.2250715218201615,0.2598729359209327,0.6907103132716009,0.6832512260604319,0.2667469065744888,0.2289760335021572,0.6187789769404591,0.7162183902176014,0.3305014821110617,0.1906518217553307
cosine,-0.878546475744609,-1.3440074744279589,-1.2562957351845017,-0.738239161918101,-0.3213848382296515,-0.4550390168795461,-0.984301295386443,-1.3764119770255678,-1.201614479470284,-0.6488998407895376
cosine,-1.662647504320656,0.3065031834012294,0.9926416285518777,-0.6911363741984649,-2.0195620620175867,-0.7727232098073997,0.918775254453182,0.3792566144737099,-1.5942871812538293,-1.6801023889903737
cosine,0.84510074069524,2.112315659329856,2.7674095187314496,2.103969131447792,0.8261468118023791,0.7140327394506932,1.8122204110745088,2.7660476933695195,2.339445546244338,1.116348724083985
cosine,3.2640941479037964,2.137485092088054,-0.2583910559774374,-0.0033415265440772,2.3844769637176606,3.0878144718337817,0.7859912717457289,-0.6518173195641412,1.2527919525614404,3.2254923131057383
cosine,1.933561995151715,1.0433557201161068,0.2444749228104143,-0.4107679414966441,-0.6189535418866715,-0.4935893534073849,0.1224340602673608,1.0279253961493218,1.9411492000379515,2.600379757705418
cosine,0.9649564929457828,0.3639477167404041,-0.5622184293280198,-1.345655085274771,-1.571525303119886,-1.0341546820040148,-0.1012666858623178,0.7352875668716421,1.033239851723994,0.6242295010145928
cosine,-1.2122514131325288,-1.5767671927637987,-1.5985635715901207,-1.3527140764404273,-1.0714940792648524,-1.098469526156107,-1.382246207293334,-1.6269337384750862,-1.5494119577256524,-1.235789807996927
cosine,0.3561935321701133,0.3588911668856119,-0.0366836102773065,-0.1537717511029334,0.1926245611948589,0.4200553006773326,0.1418787641301054,-0.1707467669342787,0.0134995166921284,0.3824189889475937
cosine,1.5609050104716733,1.729936358362872,1.9213634758688487,2.123439509714294,2.2699234261856738,2.2289792103722377,2.1604984830613274,1.9929643252546048,1.7498855475376147,1.6083546522191852
cosine,0.8290724136334118,-0.0814482901437251,0.4417074818078564,1.713687449032995,2.818535286987647,2.431238836324619,1.0567841114787035,0.0718637024215169,0.232755648004367,1.5072814515108992
cosine,0.4838001723809398,0.7961548409552994,1.150981307332504,1.1682232564758022,0.7575503830763547,0.4605678436201708,0.6631862498687178,1.055086845919762,1.2120503395769362,0.887992627389773
cosine,-0.0076144144631703,1.239017031480285,1.4310214399522383,0.3353717505078341,-0.9009195797223616,-0.8994138054045673,0.4428603110912459,1.5845345400004256,1.3031140996598842,-0.1994078455003312
cosine,0.1180038697769823,1.3245721834545028,3.6667411231646576,2.9307261802227176,0.2312170719275452,0.7606476703582498,3.400152342657904,3.179892274012341,0.6143980302933413,0.5128378241392821
cosine,-2.1470353885385403,-2.8429787709913463,-0.5056468156354605,0.1315192059372831,-2.02588125005258,-2.729264352932404,-0.5723946073997728,0.094469477728112,-2.065899899466133,-2.7026837368918954
cosine,-0.0195348404781522,1.91732307759066,-0.1418987633978112,-1.9420584691229363,0.120379792759276,1.95750654579064,-0.3029990333775651,-2.009782342459284,0.3208690743663683,1.8717112439432295
cosine,-0.5897094488350038,0.2291369640718884,-1.4424296874705784,-2.286888617805812,-0.724705828627688,0.2517320264407826,-1.3572483915154636,-2.404736584147168,-0.8854656507867501,0.3327342901932137
cosine,-1.7868469916458272,-1.512741080574106,-1.221532172841182,-1.3106409818597031,-1.6858269004132993,-1.792011827609294,-1.4911847481175224,-1.1932030854199704,-1.3399804950049696,-1.6881824082612713
cosine,-0.7225281582333737,-2.370231942561177,-3.228736718337154,-1.876454456546432,-0.6992741284183257,-1.767062067624572,-3.177257944848208,-2.4291527392411014,-0.8410391074521922,-1.2462656759437103
cosine,-3.3577158054492964,-2.9318382237918947,-2.1167058082128416,-1.116369342759733,-0.3840157865043135,-0.1329386583599626,-0.3999940929208329,-1.1751491734514374,-2.1219983719029187,-2.9765948911680726
cosine,0.7424686597492128,2.033257969992371,0.1070787779373318,-1.043886651382932,1.0470015637104693,1.9623294328722196,-0.1864304584572683,-0.8732341151789909,1.345799727433756,1.7603023966013307
cosine,3.3810227583561234,1.0747669069963004,-0.0734983828355386,1.218698478764763,3.4179532187435813,2.832350467196389,0.6606038538954087,-0.1333714311044581,1.7874683926882329,3.4732744087335
cosine,-0.8859353005391845,-0.6670653347879225,-1.0591518673093951,-1.6757089850516635,-2.016808152103009,-1.7395633360610252,-1.1249944507090677,-0.6809783158788868,-0.8162970040006087,-1.4280159893016855
cosine,-1.6147836808305236,-1.2400243558061157,-0.7820006323654687,-0.4477065203440447,-0.1557996753000249,-0.0178651136183145,-0.256327208339669,-0.5814047950365593,-1.038041007489348,-1.4987706498796545
cosine,-0.7741537440682802,0.976623012695894,2.638955170051786,1.476283009379044,-0.5664342620437268,-0.3685847885633999,1.7937531506322573,2.643853356874536,0.5286382346885738,-0.8109214803412597
cosine,-0.5893338854117584,-0.3615131973705257,1.0148250924217264,2.582209428920695,2.937947950559645,2.002321281996608,0.3049003605530737,-0.5470554049329331,-0.2059942741368284,1.2652014741710904
cosine,-0.170423991315323,-0.8981728901219201,-2.4312810933570965,-2.4575971951261923,-1.0233825239300125,-0.2221307427533966,-1.135304631943059,-2.57488555289071,-2.166102620799098,-0.7190592700973781
cosine,0.7533377842400099,1.0531742181909012,1.340180462464984,1.1739737825071666,0.8238563801236102,0.791326275398919,1.13585580514945,1.3412589702564577,1.098163672606888,0.7742420468246554
cosine,0.0696960222453383,-0.8910050841782639,-1.752808856260658,-2.686311553143352,-3.4053425030551816,-3.7307205768737015,-3.502397726638061,-3.116536060631754,-2.5533645329221986,-1.593037476627931
cosine,-0.4881138435210607,-0.3700738183267618,-0.7609621875304974,-0.870355999903308,-0.4662078721011171,-0.3614763300597684,-0.7772403104437794,-0.855185970012328,-0.4374412102011289,-0.3856487671555523
cosine,-0.8768767763954801,-1.225956673697187,-2.0114661205045965,-2.850913640147374,-2.8977323034866407,-2.316516968879214,-1.4501733433072208,-0.9327928181210474,-1.065199863492028,-1.8665714698439415
cosine,-1.2647248294486748,-0.8884835801267013,-0.4287595106392539,-0.1588537071353215,-0.066575871269189,-0.2537239656320804,-0.6427076032715161,-1.0955390677560777,-1.3341759779916516,-1.3254539573267263
cosine,-0.9468409877839472,0.2964577039416959,0.2413429932338928,-0.9181290185872806,-1.766560686654493,-0.7684123329099333,0.4420082503476638,0.1310488966246929,-1.2723466439995956,-1.7254824733996
cosine,1.0445576860418555,0.6072968680053663,0.4224944336762983,0.6884062348239807,1.080284971546002,1.049255945526451,0.6901448513078456,0.4512692846423967,0.6043603517187265,1.000201746897951
cosine,2.486255782872073,3.084428395297692,0.990815017463132,0.908260539749695,3.117889727226573,2.4856368968357296,0.4555486521898252,1.6594319313103203,3.4120004823093075,1.8034454716518695
cosine,2.1519033739770785,0.9283838061514464,0.3780740480659736,0.9179255263279676,2.04812460453045,2.5447283446083766,1.8246295018718224,0.7546998472714868,0.3419287982335973,1.1923966386836975
cosine,0.3776841414707018,-0.9281986703579648,-2.35242166857563,-1.572243911243123,0.0165134745359695,0.4595137704665191,-1.158202444907621,-2.3790656088574527,-1.5762378335140927,0.0694517137536413
cosine,-0.6849534648022609,-1.4084037784813208,-1.398222677423269,-0.7136911300658229,0.165365505137721,0.787641446780134,0.7033515439360458,0.00326470848569,-0.9338509957862062,-1.4371706244804348
cosine,-0.9448741484266208,-0.7490298697957722,-1.037106374863079,-1.5636887854041437,-1.88831247187282,-1.6669110260410318,-1.1535336523960305,-0.7856156096456047,-0.8829119493850986,-1.359725836350422
cosine,-1.2711078181599742,-1.539032977855706,-1.8284791527750328,-1.757600009225286,-1.424525466402787,-1.2546845874384966,-1.45620649593468,-1.810144182463317,-1.8148600796039105,-1.5103122963380051
cosine,-1.155799762999042,-0.8037628228769651,-1.0452302396000976,-1.5340461435875012,-2.1016123343000417,-2.272113173698325,-1.9778611754155893,-1.3338913128720111,-0.9167826101141214,-0.9172515316871728
cosine,-0.1021137949792622,0.3216553439273348,0.7363143472673978,0.5386286021083247,0.0198700515016067,-0.1640896745091378,0.2736301981991655,0.7228272458335714,0.5888508189473548,0.1123765885724528
cosine,0.2602533171049262,-1.1364539872717148,-2.5798748975311945,-1.3792470034004145,0.2715849596946302,-0.8195497207864064,-2.4021415102883275,-2.019693261804883,0.0089452632759244,-0.1948698398099972
cosine,-0.732791959645192,-0.8544273194614522,-1.0315666992771462,-1.234419455240231,-1.378871015175677,-1.4615084780490393,-1.560905627421833,-1.4344519543524674,-1.2491260482971918,-1.084884814847367
cosine,2.298811469086193,1.0780218493430411,-0.9449362915094384,0.3991486134027994,2.366347111366855,0.9297409199945016,-0.9616639670651544,0.5646029902961692,2.3411456407792364,0.7418140137821551
cosine,-0.0158573406652266,-0.0605779905163613,0.0990421585429834,0.3636527590322623,0.5191976277686898,0.4488895471170695,0.2175561930023133,-0.0194986090440379,-0.0613855777721979,0.1063483183254637
cosine,-0.0772629141292518,0.2023502657092729,1.4078607877111693,2.666549712233889,3.1395229105110345,2.4941427393245847,1.1929940138804818,0.0432449832673473,0.0121931612449426,0.8838778254836394
cosine,-1.3448065542152192,-1.6851250145649457,-1.583898347571464,-1.1547240144925792,-0.8350838440462165,-0.9739864825719512,-1.4253988277338274,-1.7049462569693454,-1.5119257499342382,-1.0630013758936674
cosine,-1.8395094994911456,0.0217757041496309,-0.803181648603781,-2.428381886838971,-1.0223215235785867,0.0588781855651067,-1.601672137469098,-2.22032099666188,-0.1542961288086706,-0.3423382774416427
cosine,-0.4790324637980513,-0.2068921651367254,0.1233554275885709,-0.1164726877177724,-0.4728077749413124,-0.2884820755836492,0.089611096751604,-0.0148957948969003,-0.376221076874056,-0.4021697435980526
cosine,0.4338029154584805,0.820722201278136,1.1935815313712814,0.9667285166256376,0.4948836483627089,0.6773178797580798,1.1263729896018675,1.0340636602292663,0.5314395721438101,0.6186412447622296
cosine,-1.8056944286232728,-3.014333713584774,-0.7482287927489202,0.0129092406541495,-2.413093743965101,-2.6520428670788623,-0.241765378349684,-0.3805476723797106,-2.8306139474848693,-2.2239828147130805
cosine,-0.0152733450021439,-0.3218780478113531,-0.8985900424085352,-1.556229230682905,-2.205193902824235,-2.4817627357963774,-2.607953525474973,-2.244895578872523,-1.741098849247865,-1.0202789376777126
cosine,-1.0009469242839937,1.2099094399496344,2.502177469326533,0.9152455406770263,-1.1582174872904711,-0.3844254334369019,1.9184328880225772,2.2736713431161086,0.046193519822278,-1.267624616050865
cosine,0.7620701334318336,1.2646288142934694,-0.0740751330964629,-0.7313942725495501,0.430503900714165,1.3438466742270485,0.2824500911952667,-0.745729028442803,0.1050338105109756,1.2789982783558531
cosine,1.5694252807253202,2.605224673321044,1.7260726418560766,1.006226070537772,2.096819336259432,2.420732510996058,1.2171579473232523,1.4513392674259915,2.539381264576321,2.0438840314319195
cosine,-1.0246971918386456,-1.1491551299530236,-1.3688366606423006,-1.6196215857385896,-1.82068634259138,-1.8571457927368984,-1.7992317976797416,-1.5895504533566338,-1.3823043727101827,-1.170215216767214
cosine,-0.3872686027245132,0.2408059867784033,-2.080836951332484,-2.209387253718885,-0.0602609050731995,-0.2184195572255743,-2.304801648525155,-1.731849236571093,0.2623502609758703,-0.9022405914321884
cosine,-0.869787916557125,-0.4288645029302468,-0.7042421552626824,-1.4003374746614807,-1.9749499297405089,-1.7492204273530985,-1.0574166469941977,-0.5435251057614616,-0.5561402599551905,-1.2126539799459908
cosine,-0.1051399926045286,0.0316302822471041,0.1270914252544336,0.1937416212209965,0.1456774325591092,0.0970635970723493,-0.0451657891643486,-0.1600487848055515,-0.2548702931065731,-0.3741506813439364
cosine,0.4508821485001502,0.7607283940114153,0.8318482367678378,0.5984172169267189,0.3143054432827061,0.2753617935516413,0.435439323284054,0.7695088314316999,0.8462138740869651,0.6103361121988329
cosine,-0.6894687054396061,0.9032697225462007,0.660080074371043,-1.0509758590148317,-2.1517834631529564,-1.1276692188369286,0.5129737339870755,0.8975612265050739,-0.5400954788006698,-1.925327534451155
cosine,0.564859152828598,0.1838383305757877,0.421840635574801,0.7600426402747101,0.4819933899925357,0.1745635845944222,0.533813853105895,0.7512166020623043,0.3716055424825869,0.1816528393054036
cosine,1.4782124703121704,1.2094651366194695,1.1301114748692442,1.3276053040736764,1.539381534343846,1.7359612011458814,1.6814721401243655,1.4479632858677425,1.2171539320380291,1.1435421619058663
cosine,2.215708711246871,1.6927626865228418,1.0143414609490042,0.4870191383641772,0.4048907804568154,0.59823863290087,0.9782515755447214,1.7237670659151605,2.2281272477234872,2.2991691182728964
cosine,-0.2692528564321579,0.0355412686762086,0.0333734774081118,-0.2920932265601607,-0.6202485483789613,-0.8014419622111482,-0.6867195685990778,-0.3210303178115332,0.0127507278924808,0.0121487708840512
cosine,-2.527183625170621,-1.797189037973292,-1.3501090315223212,-1.962364356467725,-2.543416576091331,-2.082706798550192,-1.3720784069439838,-1.710351309810361,-2.4700123147014468,-2.323336155301437
cosine,1.5505378766371285,2.106950489865154,0.5341854964474164,0.0186343609234375,1.702175253188795,1.8905186725900407,0.1931194250600694,0.0085132858643653,1.8505315399597275,1.8384975730556163
cosine,-0.3061404134065365,-0.5552302494866819,-1.6066953918795577,-1.1473984494441791,-0.1561846292331757,-0.6713199055399923,-1.6578844843062517,-0.7481160189545556,-0.2975780293469273,-1.118030968461475
cosine,-2.3346542069857223,-1.624330896366902,-0.8980486137749173,-0.2312796862395209,0.1762452759399766,0.2315064209295489,-0.013797364045101,-0.5795430129560751,-1.3543565374397104,-2.065953998231769
cosine,-0.0679122562509701,0.0716755351108973,-0.3742628860608399,-0.4280257738792271,0.0073217109555013,-0.0184767911687356,-0.4446584045830156,-0.3465480415936493,0.075598920709127,-0.1203285825397991
cosine,-1.5593324514243534,-1.4445604251850015,-1.2279542930931096,-1.124850243192887,-1.032241810774613,-1.115599737765916,-1.2712135198569323,-1.438982794024899,-1.604343176431863,-1.6437306861307428
cosine,-0.3885964581241028,-0.8454435231060048,-1.674294887475111,-2.460842794756756,-3.0946475754058125,-3.111665766797425,-2.7051163087334325,-2.052465397004943,-1.0957304419889142,-0.5040733535721953
cosine,0.4316924548247848,-0.350217073429164,-0.183264946126362,0.7154124457518947,1.6551459879719723,1.6445039955336975,0.7778373127327852,-0.1812184075848739,-0.4688551311346896,0.2481480358257858
cosine,-0.3240203621463585,-0.5380288359286359,-1.9986150711902315,-2.314972208221482,-0.848784964578152,-0.1252909754163283,-1.293244167307863,-2.409376397401624,-1.7122466226940407,-0.2183119129303217
cosine,1.224928451532134,2.938580956288297,2.1643314724234126,0.0404374446548905,-1.0294585811994708,0.1273721639997783,2.203390267038551,2.7617044886727946,0.9449167667950074,-0.7993300748730181
cosine,-1.8427186511186,-1.0258708200838569,1.2951849487326914,0.8671866372541673,-1.4221298469940726,-1.823652733281159,0.362037806647021,1.4137018099256553,-0.6186304546394104,-2.09972436289928
cosine,-1.301129613807882,-0.5566483475282774,0.5848975849048668,0.0486788837737075,-1.1729589570316898,-1.008999465440933,0.2267760325365573,0.422691611192168,-0.8119535105300331,-1.222300030348226
cosine,1.3818330372868797,1.4669814229125473,1.4446444830486735,1.2351831845666774,0.979179081341112,0.8877659312895035,1.04209110731716,1.2685100378817629,1.4526665133147676,1.4675104352565518
cosine,3.2727098090944238,1.5384495214902556,0.0448716796413376,1.3553894030719582,3.0801138319594203,3.1972225026298835,1.402534581861972,0.1758393977715293,1.5163504877242644,3.3343665582833624
cosine,-0.5103922457453887,-0.8983262171914077,-1.9040987842466468,-2.8178529263556844,-3.0308884739517707,-3.182286105837677,-2.443789055318227,-1.5110831387928203,-0.6231579587211146,-0.3176005681500881
cosine,1.95677820751837,1.3290733304003668,0.4235347270990911,-0.205544116300891,-0.3410712896775222,-0.0513709634843319,0.6709792079830852,1.4688874364612747,2.282221032314052,2.673167982246643
cosine,-0.1534102334169169,0.4962183138224748,0.2271584327862557,-0.5451316145009656,-0.946810324639604,-0.4560015267024219,0.306382638779332,0.3993848575855308,-0.2236005028620327,-0.9368584298556456
cosine,-0.1452535342610525,0.6709905791083841,2.475390929783797,2.246023253766921,0.4855584999843549,-0.0516315787209736,1.591874865622909,2.659404592353918,1.555280190417962,-0.0678252714490602
cosine,0.7366289669040281,1.0204056414049605,0.957710041454894,0.6106357487185726,0.466728900691431,0.7033293614789167,1.031497222013587,0.9768091169277936,0.6376564887845346,0.4396935007835855
cosine,-0.143204618739821,0.3642003212740817,0.766850818070533,0.6598306201536414,0.0949572666291223,-0.2268959630851567,-0.0012167650317662,0.5419053592662421,0.7953157953082287,0.4717355896895709
cosine,-0.3213111400577814,0.9203729219289478,2.126031143829179,1.3197239036878878,-0.0778920536844361,0.012538951879814,1.4444916786503663,2.124809411689236,0.8539487120001816,-0.3534262018020065
cosine,1.0697397754031122,1.5545763347042787,2.0727722847154326,1.886992989662409,1.3397583041634469,0.8283879432018804,1.1090354689360624,1.6685313493929386,2.116098155759241,1.8695350203171963
cosine,-3.526515463408807,-3.874332073093802,-2.801385519909648,-1.3896025994019183,-0.1203110417359677,-0.2909757381529726,-1.4844250897752742,-2.8423020212549948,-3.703417869832234,-3.4843800356527934
cosine,-0.3356067998163445,0.4323779189415258,1.064613819007566,1.2612900455388274,1.1709429292597633,0.6473419358248979,-0.1202947775033383,-0.834662812422692,-1.3096077315789192,-1.3883071060845218
cosine,-0.7519554240722628,-0.4947302939444354,0.9321122745814798,1.123512537769848,-0.3630925328712127,-0.9275797320452096,0.5793731670458705,1.378663071285464,0.2618906425586923,-0.9399629212049098
cosine,-0.6771953548040813,-0.7087747298470178,-1.101713824482377,-1.0946784323914858,-0.7108668833731214,-0.6662083133216625,-1.0894896357950363,-1.1127017537948278,-0.6647715549108171,-0.6631082973020584
cosine,-1.7008739361736642,-0.85813395584414,0.2482285938579852,0.9933073151476636,0.998289825503889,0.5579977908791355,-0.4796843599113699,-1.395210031355403,-1.9122827311399275,-1.714760932552889
cosine,0.0680699726765708,-0.8453233328218057,-1.8064952201137252,-1.6229892390293694,-0.582881263416597,0.0847476140478587,-0.423654820475651,-1.4825126238975992,-1.8252000371974255,-0.9809578127568068
cosine,-1.4528424949078191,-1.8714195339821136,-2.2762110411276457,-2.0940060185577773,-1.5923037848818975,-1.3977280158114578,-1.8915557358216704,-2.261069999351054,-2.0572341389345588,-1.5813793583873226
cosine,-0.5132540177008799,0.0007181376014259,0.0889853016454805,-0.2865953931993635,-0.7047481567039987,-0.549141189988962,-0.1028021505324697,0.1110952481832781,-0.2060958752287278,-0.6039539346629096
cosine,2.887383349513528,0.8596499851238548,-0.1080887515401018,1.6066830865580153,2.989790460124883,1.5645980929669732,-0.2559163977369214,0.9594947080403798,2.9289152275072605,2.125810195311643
cosine,0.5582223230201476,1.0730415872715668,1.488146977757344,1.3416811223152865,0.8126258683115845,0.4911590052900016,0.8231416357206032,1.3675309185549016,1.4827543512179384,1.0319160639642588
cosine,1.3692734302096152,1.6770415893857835,1.960057588269037,1.771509604132124,1.403812515417703,1.4698571921471366,1.854599263910413,1.927079878913013,1.561592945533457,1.3705005081297157
cosine,-0.2059075197248389,-0.3711925824555501,-0.8853969220501497,-1.3837234622842025,-1.790261269366236,-1.8886190773366545,-1.7030680653632593,-1.1978960874329263,-0.6236981145058099,-0.2710969229029458
cosine,1.1128228073376891,0.386620493395392,-0.3853593782230952,-1.227549813185945,-2.343474445375796,-2.8666908373023463,-2.730172058958157,-2.2420089703013364,-1.7667997117616188,-0.6621381846019442
cosine,-0.3488015244043486,-0.203223918721642,-0.3391261125837525,-0.6486101367477481,-0.8297983195324315,-0.727931702432446,-0.4542529144998288,-0.2305538715376945,-0.2755489742946208,-0.5500144866521207
cosine,1.23393956709991,2.465531885270508,2.8080162657638947,2.008606439036043,0.6238592010753018,-0.2436858219504195,0.1909932295075008,1.3122279640406198,2.5582246776926203,2.776714606591244
cosine,-1.3981810841404518,-1.0263784982129165,0.1842816550978362,0.427179197406422,-0.7042628092273694,-1.413332232261217,-0.597859081899555,0.4730359938083804,0.0902481177282739,-1.1229367995008217
cosine,1.7407373889526443,1.4017660454205634,1.4710769189046968,1.7726221623163756,2.183128052639704,2.3566559247489,2.161323816640259,1.748157140267668,1.430387929195326,1.51038402368916
cosine,-1.2416362684856843,-1.030762989269424,-0.2634595952778773,0.7247678103389643,1.5270492260631263,2.001764407030614,1.8925519739801329,1.0448921611959143,0.2085046929522028,-0.7430329406751833
cosine,-2.188350496307104,-1.7436299694955717,-1.3372087684438427,-0.9880549864621408,-0.9538833317611188,-1.1520034295615358,-1.5709154096598827,-2.0571051270333136,-2.4140729199941893,-2.55662032646585
cosine,1.2359421478021615,2.020282408904081,2.508282210005545,1.887123027232587,1.2480168671543286,1.7888934581183882,2.415250450693779,1.9433626211961423,1.1798497239454966,1.708439050885695
cosine,-1.456650022688856,-2.139333277411308,-2.4932163298448216,-2.0269700425464507,-1.374547122108393,-1.507172408383452,-2.218877073763304,-2.4856251799263807,-1.936273321108362,-1.3532889214927
cosine,2.905250180281733,0.6502642988842275,-1.12832745491447,0.7977573255537473,2.531342585042135,1.287765475218166,-0.977964240342833,0.4144669073104934,2.641111754762669,1.5873345816111717
cosine,1.1976316415346877,0.4222967913853363,-0.196379001309873,0.0880919613519236,0.9159054816930884,1.3039553172501028,0.8063084265652143,-0.0038765431555107,-0.1391703240668274,0.561732756127956
cosine,1.3742015769086977,0.7815009935651541,0.5613152636081424,0.9687702764346408,1.553500695294059,1.5421106064954415,1.024856284726389,0.5613774622659796,0.7898269116630128,1.3934156453759734
cosine,-0.9013194281939962,-0.0645851509851038,0.3492695827987917,-0.1787037627297912,-0.9868553376479546,-1.078495997197103,-0.3383821789571602,0.3177776841528777,0.0558375790079166,-0.7509478934442887
cosine,-0.5095579027490035,-0.9132544590627408,1.2661595382796436,1.0948440810481777,-1.004708533877921,-0.3278807805352731,1.6658038575400955,0.4809205834675545,-1.2627160474242658,0.3403643635122667
cosine,1.4244254118520574,0.7623126520995895,0.0111189531570148,-1.057732901582692,-1.388880531894502,-1.4357066927673243,-0.9693130736940864,-0.0407434624256021,0.822260869699577,1.739256995867528
cosine,0.4867338522521673,0.6353236592313128,-0.1616447007900297,-1.1422264704938347,-1.4927374604384902,-0.8381648251780197,0.1830855622425298,0.6672303534089041,0.2765095440450171,-0.8233177895865799
cosine,0.8007104863011558,0.6122849181918693,0.4666281489247216,0.4177500013921957,0.4564463869032384,0.5594210060556998,0.7240794907222992,0.8886597269361454,1.0841822730011352,1.121098686945653
cosine,-1.286137677563029,-1.3159110752652592,-1.7109102837466366,-1.7949517310032186,-1.4309284594073088,-1.2494150992076585,-1.55115887825293,-1.859584243397964,-1.6298130973577687,-1.267719186650042
cosine,0.235141664925713,1.3482819186466632,2.2093984643782507,2.907932357323158,2.7661325113870445,2.030712761299084,0.9236574277176748,-0.0564379950003253,-0.6534610172171385,-0.4379538545808815
cosine,1.260903076509864,0.940444181785613,0.2117632107679442,-0.4355710411564533,-0.9776165227359764,-1.0084873225621018,-0.5300581151353159,0.2065695804802894,0.901077578793268,1.3094619145704471
cosine,1.145999547926142,1.1060403440660933,-0.7430161540390703,0.0120678888725939,1.5920016047833498,0.2538292787018044,-0.8329998259990139,0.8821883748779874,1.383057539388201,-0.4828268841134117
cosine,1.3250979633431867,3.124119223782357,3.673750560862711,2.7247024501635453,0.998442758343188,-0.0089430690003466,0.6063529046955685,2.335957629725017,3.577133727434313,3.3763068173685484
cosine,2.695007588526573,2.447253783175308,1.5809198343096615,0.7913798741867418,-0.1208944516937748,-0.6410055482403532,-0.7412937785506543,-0.5623267216808026,0.2768217000143754,1.0686958236207105
cosine,1.4056906551384911,2.4649090795147144,1.486453384558987,0.5979692537392269,1.7191498276201174,2.4762629882132576,1.1728299925468435,0.786794880043503,2.128591769666518,2.1702203341146795
cosine,-2.2453265888106797,-0.509367086364588,0.1159610251169282,-0.1997082881884139,-1.863448672822113,-3.1490184544625883,-2.7033382117070985,-1.1008182842059853,0.1169450511939114,0.0341097740229552
cosine,-0.1317052176009618,-1.678952786754893,-2.8496415583111405,-2.322715434982555,-0.5657015527257439,0.0836521897103012,-0.7217600909356716,-2.4356087894469662,-2.763239111036471,-1.475041386323406
cosine,-2.2275121721838693,-1.605638815237609,-1.0812282297657994,-1.3673064366783552,-2.0982989119723574,-2.2100534278087576,-1.571587755573415,-1.0272764658043645,-1.4279040876289508,-2.119544842466913
cosine,0.019925747721271,0.1806176015667608,0.3825477896011912,0.5282587265918617,0.5132214158188112,0.4179507469971132,0.2142989313259963,0.0238621518218636,-0.0452943366610841,0.0506305879305845
cosine,-1.0604455526794487,-0.8284515491256431,-0.2188228171762385,0.55732954995507,1.134129898743813,1.4262543797539664,1.3885044932636017,0.9586672657734676,0.351055541592514,-0.4609179319653378
cosine,2.7677315643864278,2.3231261689112785,0.935250438636759,-0.4299768133470371,-1.1402222416852723,-0.7053525859291577,0.4794294267723868,1.8026759106770904,2.56379488122434,2.4377195414270907
cosine,2.4805663473269783,1.9992964497941423,1.6579563628078708,0.8738395409434657,0.591997914383544,0.8410589761147518,1.5945953689724273,2.0728489135148287,2.4490642068619146,2.5901649629579357
cosine,1.2046344333839911,1.7359111891531374,1.7205957892746675,1.152007970646244,0.7583058283356294,1.128394004517939,1.696694528530866,1.757896879768544,1.1688191819624651,0.7580590866870573
cosine,2.38539017906004,2.793148830298828,2.0141510459771763,1.0353009406155258,-0.1228426395196393,-0.633636423562958,-0.3467192266060063,0.2118872367081737,1.4664900325608163,2.434451382345605
cosine,-1.1961381652151246,-0.7631831567540787,0.1492804788629941,1.1722075793940046,1.814936639086204,2.0143508425039744,1.628115619488172,0.9324221173636948,-0.0663579899813181,-0.8686589126112545
cosine,-0.9019265215428875,0.1939210240345616,0.0850856004102933,-0.8473543886844016,-2.029509426072781,-2.6952021975849654,-2.3000721607454837,-1.040455297956572,0.1531653228220111,0.3050810786753554
cosine,-1.2644279571055554,-1.3125204535870365,-0.6118443496320889,-0.8042131219564881,-1.4428134599275355,-1.0265504456622128,-0.4744642378841014,-1.0711508179984703,-1.4069280250184597,-0.730983066287166
cosine,1.6727651495505602,1.6088198515124323,1.7849001436991478,2.045019864410952,2.19619382725419,2.0992705672624496,1.833256157219197,1.6291505028627535,1.641360236136483,1.8540831985339168
cosine,-0.1461644317848162,-0.3179850528573591,-0.4978016027213673,-0.6557274089791121,-0.689970726204469,-0.5810923738086982,-0.3553951134206156,-0.183984235718045,-0.0857057141794198,-0.1528094002926678
cosine,-1.426110769798662,-1.5758314941863418,-1.8002548233713722,-2.082315669523149,-2.361486811502283,-2.495777217212086,-2.5430965025941727,-2.5099822075264964,-2.281215330982973,-2.0100189865454654
cosine,-1.2074648545862747,-0.0180673510699445,0.4582433534075339,-0.4660974949750968,-1.468739302420596,-1.1819266772298722,0.0447252435909729,0.4426766217833309,-0.5354567896192707,-1.5871228281680183
cosine,0.8868103733108965,0.3826258907295393,-0.0831704474697961,0.0411935432773474,0.6246423277900995,0.8906086343831909,0.4777190231127531,-0.0483845721830644,0.0133987388585296,0.5880107180061033
cosine,1.660942614886702,1.546978578016561,1.2235598703845332,0.9765987521848182,0.8967812478609565,0.98923586400529,1.2683364605982426,1.538508096251503,1.6960442101132267,1.6240288403267975
cosine,1.162821904290175,0.8752212114931743,0.847638692875533,1.0690517256100704,1.3695446093734354,1.41234254826398,1.1304980858250542,0.8587054072756536,0.9085736819161864,1.1902926217529446
cosine,1.620023554291675,0.5676717723371525,1.1672871808550456,2.012058368502768,1.0882299015212429,0.5680951997044267,1.681548961124076,1.784068962557248,0.5724657932198468,0.968198010736494
cosine,0.5549322035045383,1.8665834882851864,3.14080570955385,2.034175195115437,0.6139926418112212,1.5282618606200198,3.1545933572777645,2.4133307147422025,0.6773529480741319,1.191182798180887
cosine,-2.667213472349797,-1.786253550914105,-0.556726722624145,0.5133488367369928,1.0881453977681503,0.2706000292003063,-0.7803324504703367,-2.026817172050253,-2.797373738670454,-3.070229451411254
cosine,2.8853661312373027,2.297037308632241,1.4723133227296066,0.899971814400271,0.8271738057232725,1.2499794712836665,1.9945229367015236,2.7685665107073527,3.0854161708011367,2.894792546409007
cosine,-1.0655989708532485,-1.0291569316526274,-0.9089491954915776,-0.7398560327007732,-0.5903062965259638,-0.4794358125509849,-0.466489931750443,-0.5663940818779724,-0.7314008762388626,-0.8972220338293557
cosine,1.7670879906105292,1.6135142693899482,1.4693421067877543,1.3492544437638685,1.2690894156284562,1.2658707473304365,1.3056308412941646,1.446592137361026,1.5821409692077475,1.7313021300139562
cosine,-2.012076840736061,-0.5693811833686503,0.9909910814908082,-0.046286145505926,-1.8451509263549892,-1.3753317732464891,0.5450809430980303,0.6349920839794341,-1.3104863114536511,-1.8991617877531863
cosine,-1.68627732275109,-2.010274720541969,-2.113090781237039,-1.9023351838715936,-1.6000542697958031,-1.5559306104980617,-1.837758844492028,-2.1060972197871783,-2.057835635410254,-1.741147291850533
cosine,0.5604360723653873,-0.3365858882485169,-0.9718247511039868,-0.3344567816279195,0.6745567430310927,0.3131296415069425,-0.6459089976416317,-0.8806109226491039,0.1724382162248414,0.6098931546438954
cosine,-1.090245737707404,-0.7399330292936194,-0.2116552423055336,0.180116734173946,0.3363430853113707,0.2658817671241549,0.00568640829029,-0.4918757191517643,-0.9880006110201264,-1.2352867670691847
cosine,1.6027253983185132,0.0884195578214293,-0.9661034013436188,0.0569233100319038,1.5653936364770091,1.2669323866273827,-0.5556997021294502,-0.9189129314607816,0.6669457117380098,1.780872293265696
cosine,-1.352468656927094,-1.5514893679371518,-1.5106016688435695,-1.1846568104344042,-1.0012197621672252,-1.073749723056385,-1.3242419872593876,-1.5353072424928895,-1.4673014838117642,-1.246807479370849
cosine,-2.006060765024518,-0.8123462190336652,1.0667343953691577,0.9905847165417112,-0.9216353441304512,-1.875787812381551,-0.3912484402717376,1.3077455746437348,0.6240583046864386,-1.4782875222783585
cosine,-1.8934543575458396,-2.670914047805714,-2.4953127530150963,-1.2753560429605593,-0.5692673104506818,-0.9057926099376938,-1.9289700543866355,-3.0118513572295003,-2.523549604965124,-1.2472426706513178
cosine,-0.3920256578750512,-0.370863194832315,0.0296324583405679,0.0487575434228855,-0.3380259707495341,-0.4335754343147877,-0.0318446938918048,0.1041001016078825,-0.2813396598243305,-0.4430241806258604
cosine,0.0251240053332242,0.3909376364907705,1.0353704202310448,1.5026428278835802,1.6576217242636897,1.6075200079697936,1.198937738618072,0.6351988776416007,0.1317020905468191,-0.0887064797611161
cosine,-1.0301279247033612,-1.6277793697988912,-0.0458988518622229,0.877335040731869,-0.4410469766469184,-1.8400670918381763,-0.3953972437922229,1.0342817377501246,-0.1299438178422773,-1.7345700766461392
cosine,2.12351679286416,2.55920983110643,2.539593620625283,2.066158111790625,1.4328049974392492,0.9401498846510618,1.1419760761485285,1.6502924024691783,2.3160544493659505,2.645276163090948
cosine,-2.378276901792764,-0.2672616028585659,-1.403689807699371,-3.189687343297956,-1.3705265938152609,-0.197058037538171,-1.988479839681765,-3.16246847046741,-0.8609154677522655,-0.3003035678370493
cosine,2.004017001152511,1.7577371572109322,1.4013989852200477,1.4120021428408422,1.756871429461617,1.9822719872418444,1.844441713995384,1.4685170972679853,1.365927468979002,1.6387525002577172
cosine,2.7117541951199096,1.5125801999705972,0.2752956648618223,0.4976263257673681,2.2116142332140254,2.657019355637817,1.4906135987690632,0.1104212931457795,0.5968342918163845,2.2106803826703505
cosine,-0.2347480722463962,0.3082497448367636,0.6197655585145865,0.2693451924643512,-0.3864422305844227,-0.6741734483229737,-0.3795906713457298,0.288905085851283,0.5635514700658087,0.3814832814626469
cosine,-0.2735737549815827,-0.2620658385449106,-0.6260939616404713,-1.1236460208739056,-1.391890961617508,-1.2767652816733293,-0.8199021984680667,-0.3830262609409015,-0.2079894216856475,-0.512561908195184
cosine,-2.1287411727042262,-1.610450050851888,-1.344182009785169,-1.673970615348383,-2.1746244235074683,-2.2025836662833607,-1.7171214244267836,-1.3456389518455871,-1.632871275813395,-2.1084772883539973
cosine,-1.6071600906473764,-1.561558405836723,-1.1194826565960736,-1.1934622877570713,-1.6308749638419484,-1.525290448796163,-1.1031532140499831,-1.2271250194043777,-1.6395013202877258,-1.4391183975474977
cosine,-1.4591686922244358,-1.3260486808914995,-1.5814517110830166,-1.9632403145827249,-2.1968702227747494,-2.100959225873128,-1.780071974656936,-1.4499889416806655,-1.3893893511424826,-1.5421325020839136
cosine,1.0915253215270442,1.1526073198586246,1.007886308959422,0.7674558413475191,0.5860875623974344,0.5586731429765325,0.7255331036817021,0.9756432325693898,1.1360224820546327,1.106256378044444
cosine,-2.676402075625781,-2.29761844700277,-1.2085377285729888,-0.2434295341744644,0.0128838272139653,-0.727744173145911,-1.9053545517421009,-2.6164526431860504,-2.3740859365083566,-1.286576306231997
cosine,-0.0944200664777959,0.9545939301049412,1.2424314259347344,0.563788289212644,-0.4346053159203941,-1.0198865205035073,-0.4918474534232958,0.477943417127291,1.2689056043517477,0.9267991709468512
cosine,0.3833833972310425,-0.9041309915987196,-2.170418383484264,-1.8587238772103576,-0.1248992006919332,0.5120999884891098,-0.299943193693356,-1.7497383545174066,-2.301433826965689,-0.7228523441731562
cosine,0.833665656037686,0.6813446725255914,0.9615022353576776,1.3906079663932385,1.5939556219917952,1.3725766081485071,0.911047669856212,0.6486688354806994,0.8667792510735647,1.3027658747799469
cosine,-2.0379143922915204,0.4440867555861251,1.6693526676669908,-0.1446509801678613,-2.2461879549019725,-1.001815994645596,1.4310166023169602,1.13235360392298,-1.5497019918520334,-2.0260909855819063
cosine,0.6146153326122676,1.2789228841151348,0.798646940797928,0.2643101702588673,0.8564311954857026,1.324436969224041,0.5849899641021884,0.3132038279188273,1.0378743990100234,1.2442104003913363
cosine,0.7927921686930723,1.3438883407011308,1.6916801542831816,1.194443273284247,0.7627621382390974,1.0648184233303284,1.5965447094003389,1.4997879498378142,0.8905289629324381,0.7275601438085384
cosine,1.04570737924442,1.0252672543942476,0.5807350265118602,-0.0038163936826244,-0.3081484158039685,0.0071063062702303,0.6062305492053138,1.0388116868216155,1.0527427528069593,0.6006814148999905
cosine,0.0361447605225128,-0.6162914652147173,-1.04306849586632,-0.6796254990957628,0.0176393686092467,0.4154640303384816,0.0137541406299163,-0.6249630659093041,-0.9716304935879272,-0.6532740361773997
cosine,0.3624703174289129,1.9456267203061215,3.3898473687842907,2.4356016113550667,0.7815260923655769,0.7824019987399038,2.4896635798759146,3.2710360651791786,1.8224960660787828,0.4580637040754842
cosine,0.6094272680575956,0.3568680813786599,1.2062381955889212,2.5402402475606856,3.4344998668198654,3.201230548230362,2.0893294033551646,0.9153483170918038,0.2874313318160879,0.8071946054685292
cosine,-1.4858935922689371,-1.4183925205337,-1.068159111216404,-0.5296822745368674,-0.5132019725288411,-0.7571895701677203,-1.2207414605030826,-1.4895862384041731,-1.419944361906467,-1.0567411396657314
cosine,-0.4376911396143226,-0.5928008010115982,-0.7976371716435208,-0.9611522691851224,-1.0268066126302626,-0.9358763093737832,-0.7448223261170869,-0.5326969212357463,-0.4119126737163299,-0.424091835327339
cosine,0.6734445435995273,1.3807919551897252,0.9401005527627811,-0.2691629825432722,-0.9861316334108716,-0.5374823611019834,0.6649870441159089,1.4195950766919316,0.9624552524523986,-0.1928389112286809
cosine,-0.8576814538236884,-0.9842097411258038,-0.6582793878768076,-0.4021820855140445,-0.8050589718279073,-1.017102382757195,-0.7310289056140042,-0.4380815106680861,-0.6861138322635935,-1.001514333042988
cosine,-0.8010405752041628,-1.70946136028293,-1.9151153629191733,-1.4304661497539577,-0.4970183359278227,-0.4718858118110511,-1.1891739502607332,-1.947818924553136,-1.8792051467458628,-1.0458902310596163
cosine,-1.5098764599765415,-0.277145046516674,1.106407399405647,0.8302616904457305,-0.6347291252418747,-1.6922440313430225,-0.5602646373264003,0.8384996288810626,1.1764132314106452,-0.0937585424746191
cosine,1.421583715908772,1.4623110712278846,1.7404255935187474,2.110008424224547,2.3458595265485838,2.1866372770797504,1.8545137228533768,1.486802059947349,1.38519345709033,1.6537564885639005
cosine,3.4079703078294865,2.5667881195195394,0.0436295443753892,0.984560308553688,3.440842100052756,2.4234444348034616,-0.1033728640100019,0.9720117530143324,3.389975550780313,2.3115044590614238
cosine,-2.540158044762012,-1.7167615862592371,-0.9420202348011878,-0.5423924037513237,-0.5670909303680413,-1.0640848732388968,-1.9307474389525048,-2.642618088687473,-3.1239919857612484,-3.010022153829389
cosine,-2.9161869031600465,-2.721015034112785,-1.5640779084558132,-0.3062973771473271,0.1015862454906269,-0.8340291795792814,-2.1883247497557217,-3.0149144636198715,-2.5121878523599714,-1.1699670540787837
cosine,0.8070390122418,0.6838036963918773,-0.0174573922329917,-0.75193748884252,-1.273001512766596,-0.9687464649554526,-0.2779737660714265,0.5360170940012916,0.91068654786835,0.6551337416149826
cosine,2.6456884366638103,0.734502676456491,-1.271685990522806,-0.5300972290199261,1.8651535061207325,2.7027472608492658,0.98526263570856,-1.2213985758880934,-0.7555961990864231,1.569566588710712
cosine,-1.7083883638544457,-1.49242323931209,-1.2584783722403097,-1.152189209064529,-1.1080711702033368,-1.2613536333340465,-1.4621878294215065,-1.6916364247290443,-1.8882744830214668,-1.9172677033210888
cosine,0.7095408347400698,0.5169983039318906,-0.025958919960752,-0.6806815493828932,-1.1417860922128351,-1.1158002090743988,-0.6771044472323753,-0.0575855828592843,0.5175511277702026,0.631103679326106
cosine,-1.078095673038349,-2.8014539110243355,-3.220249594577281,-1.6616053465279572,-0.6439498822547903,-1.865823347197095,-3.359183515192412,-2.6192738171853582,-0.8636825380093823,-0.9885593469066508
cosine,2.188996615938343,2.458439617394809,0.719049586651337,0.4470726103558299,2.1180926155778352,2.404295544013085,0.8808905151583025,0.5976018423385866,2.1486388771842506,2.4144963582909056
cosine,-0.592361820588124,-2.5935128628073363,-3.8869055674941446,-2.7729105287198905,-0.7957960562510673,0.2095085957065784,-1.0567539913963389,-3.0275180421346106,-3.7692144495277526,-2.3282445199038397
cosine,-0.8128576639812333,-0.8525664387473953,-0.4349714590483155,-0.4641420305055775,-0.9023376950181896,-0.7557534670875693,-0.3523132838580691,-0.535912449035284,-0.8908492246733141,-0.6415885053801044
cosine,0.6998985291005206,0.9403101142087452,1.2947080911455526,1.2443366746491265,0.8769355002787143,0.6865833267838362,1.0227735854984803,1.303976937123296,1.2136381975486032,0.8143846262755157
cosine,1.4176229446611792,2.4188110677479,1.901352019299334,0.3209242919398453,-1.0621572481548007,-1.1283059792148673,0.1560489520440427,1.7633463789056365,2.487896824828979,1.5004696408407132
cosine,0.7882466836715917,0.3933072487950922,-0.0395043671819877,-0.3704961235979517,-0.5589513044849674,-0.549485226841832,-0.35197037149122,0.0680648244987236,0.5251918370877514,0.8941950512323108
cosine,-1.7593096674196171,-0.5771442004318696,-2.152539015208924,-3.208714979348373,-1.576931872068403,-0.6491411945625147,-2.3544784708486337,-3.216213499187451,-1.4917584321035946,-0.6752614747691777
cosine,0.172899292242579,0.3185013343558805,0.5411395346243278,0.6395090179972159,0.7738562657379081,0.719143578967002,0.6642184655599961,0.4967015020789385,0.3118318490846464,0.1816161663742327
cosine,-0.1520102891614479,0.0248661328377792,0.3766025253940913,0.8094589886849478,1.1917190174771255,1.497134222338751,1.621444931847868,1.557782625675198,1.3198020446929877,0.9757071039782595
cosine,-0.0337325966401721,1.6544333322953406,1.407336403760209,-0.452946028015752,-1.9590254673678291,-1.4818315812946454,0.4527101954502024,1.7053070210363304,1.1241003010734902,-0.8533773886338446
cosine,1.1242306752217428,0.7394212870450074,0.037077111560408,-0.7128827688779245,-1.3302394062408347,-1.656924420803781,-1.6554546609359264,-1.2408144243225765,-0.6254573786625353,0.1804774529304937
cosine,2.0412186910385173,2.97091477342425,0.8272080746514132,0.3798061113248139,2.675605460554752,2.5153544011227518,0.3540589823200966,0.9399516708613468,3.016389889205703,1.970754299722616
cosine,1.087908453790716,2.019332951430291,1.275988871957335,-0.6195946753823733,-1.5465688124684631,-0.9477198236536926,0.8590858565930389,1.960926824269031,1.5425548375668028,-0.2979940337364148
cosine,1.1026965642225015,1.33698632952878,1.65142046301113,1.8808339862086096,1.951384744053986,1.950601122429891,1.722722771567762,1.3699819157700264,1.160893872819301,0.9593766722158802
cosine,0.7980425630927107,0.9514555006639364,-0.1092383274563734,-0.4293363760764048,0.6692693155239999,1.0212827035160723,0.043236853064231,-0.4299914536375732,0.4566167852674958,1.0191955328208815
cosine,0.998024326726625,1.546998377200125,0.9578751939898626,0.6186990205508472,1.3123337593483202,1.4434500748687284,0.7141619712351134,0.7800764745383939,1.5176180437293283,1.2259718631765946
cosine,1.270141578375818,0.8725258178499046,-0.5847957424692856,-0.0215626644183473,1.3911123684336084,0.6974556977324645,-0.6322591599548457,0.098718938028412,1.3957698033860857,0.5756857763367697
cosine,1.2688453237569175,1.3176953315284987,1.8781825274209971,2.4553633003342545,2.4506910177124013,2.0928995591526376,1.6111873662517822,1.2111591925511138,1.3916651589700926,1.9186152231527729
cosine,-0.0262858511078526,0.4580985912139531,0.2439855271049147,-0.4198649240513966,-0.8788076470287892,-0.667396625719634,-0.0031946059755198,0.4704237745344465,0.2303031287062434,-0.4812802581916339
cosine,0.0036372072333512,-1.0231818733465472,-1.5223357997270868,-0.900975145196884,0.1352345298950038,0.5033104771881921,-0.1794585128543225,-1.2646750726202525,-1.4266840118789752,-0.7577060112839435
cosine,1.2440699031610931,1.3747494906272175,-0.8030286694436184,-0.3845911023562978,1.6586431170311586,0.7306175783962031,-1.0225687084241522,0.3895643320191829,1.7959822830524292,0.0080733263743971
cosine,-2.0308813521912765,-1.987954499327536,-1.8729510690390443,-1.6873317633488525,-1.5312722070616729,-1.4520415364123214,-1.4263819415024177,-1.5457754511649229,-1.692038060967244,-1.875321939700644
cosine,-2.1860565998231136,-2.679906636398115,-2.638826329654332,-2.093814065868256,-1.4120061501567531,-1.0845916054229796,-1.3803087219089276,-2.172621413893488,-2.656431715323454,-2.6600184249969665
cosine,-1.92219795540183,-1.41534827191415,-0.6296443399456568,-0.7649068649786367,-1.6460466027634657,-1.898788357995021,-1.1342750608118364,-0.5318262953880329,-0.9945949951346068,-1.8355197140270083
cosine,0.29903772511643,0.2823499655388614,1.468305396174269,1.0169325952279082,0.0205796001481919,0.796119761248166,1.5236538737325491,0.4054604251878904,0.1241115020115213,1.323421470515792
cosine,1.864675045231875,1.9916711345642149,1.9526717738662749,1.753614643829912,1.5240449449314453,1.4280123733873744,1.4428069478762555,1.605312326301573,1.861536268776344,1.978141957103027
cosine,-1.4690515313960852,-1.1403652244870714,-1.1689677154686675,-1.5271921490984188,-1.7033199250220183,-1.476181700959395,-1.1446506602820248,-1.1633934489425273,-1.5050931043187967,-1.714541733236627
cosine,1.4895686462416011,2.355088410724529,2.387728544549793,1.491561528244035,0.567240648896472,0.4955587648577831,1.3095908700639205,2.2537006747301467,2.3975326761796465,1.666443748328174
cosine,-1.433817470623847,-1.0336849936199717,1.1830184694061272,0.8827570718504918,-1.5935492858042068,-0.4540547807317014,1.409575612522001,0.4288422437649675,-1.5996524668427323,-0.5225083992690843
cosine,-0.4245732487442886,0.914097614339646,2.153459705658661,0.923630563747898,-0.5450020449576877,-0.1000134212208667,1.5214117789496702,1.897658629597104,0.2469758401185785,-0.7108201593928637
cosine,1.919461119059562,1.6506076346611571,1.3408541237844362,1.5645336260763087,1.911694169310572,1.7972807464954454,1.423740416266008,1.4139870426241536,1.821188792137058,1.917857252399431
cosine,-0.936047030631152,-0.6680173848341628,-0.248232908448067,0.1476731390371599,0.194138796092856,-0.1294332323653689,-0.5675284433231803,-0.9412249323720752,-0.947790552130252,-0.6664481871804996
cosine,1.9988236546702856,-0.0843323510519434,-1.0104729631810483,0.5173275118129224,2.1080015132147847,1.224861428930985,-0.815454197444205,-0.597757115445025,1.4344491409788478,2.039079301418157
cosine,1.098095573548116,2.4265423370116,3.2189395787847905,2.48826627796767,1.1210764536881133,0.6257172327195346,1.5072654395443243,2.838383800081019,3.1064754125312843,1.978443505094822
cosine,2.417216951030626,2.2962746563591887,1.840472527602102,1.1638691287829246,0.7399077970727862,0.5885557924210576,0.8930007790664213,1.4675794584070374,2.046966071382835,2.3950763590764934
cosine,1.890013774743542,2.55021530559168,2.3534284564990675,1.5038196655040457,1.157265515533888,1.7827410950114009,2.472587082808307,2.408252163247466,1.640685622234278,1.158071196564612
cosine,-0.3039736708831187,-1.672122113177272,-0.4645668305055475,0.4927791724770508,-0.7460632057613038,-1.5247949733336357,0.01068002130896,0.4882057510950273,-1.234783007450596,-1.342016788468477
cosine,1.9280184992697853,2.0137998748940804,1.9963741874247665,1.6997640661275488,1.3663770656735197,1.175555691927343,1.1617993846396626,1.4270711733090709,1.7016509563836058,1.943565771906866
cosine,1.3176054904988226,0.988989011007772,1.485936282485592,2.2093315660199067,2.6881360161003998,2.2850908610770366,1.5630563860257352,1.0448084294805062,1.2819107428181893,1.9682922866617645
cosine,0.3468326010629201,0.499307373875567,0.3084008608901327,-0.1164397502737115,-0.461995449725704,-0.5452888983007249,-0.2073222652506378,0.234881272818669,0.5147758939275724,0.3840838715632926
cosine,1.0470729318728882,2.4734776590193124,2.8800429461360437,2.016702034479661,0.8085037347929613,0.4145173766307587,1.6649778888024864,2.7866931048554107,2.6411279770841736,1.3725018902509358
cosine,-0.0512128434907909,1.397952474490412,1.866757726887717,0.9233289239049942,-0.281392843602506,-0.6761015902311663,0.6224869644213358,1.716941042532112,1.4958823081123596,0.2057107902565196
cosine,-2.386861531235954,-1.365205494262136,-0.2097239763690486,-0.6587372665824168,-2.121378447739416,-2.3878099107773854,-1.1537141463209866,-0.2931622140063918,-1.0138131992003965,-2.2755927169307384
cosine,-1.8451095576751029,-1.2199845897256167,-0.4514340493825098,0.1400187469520313,0.2195161106412423,-0.080289944670414,-0.6928813889386389,-1.7076332001228085,-2.065715709489839,-2.3617635061928257
cosine,0.3470400681379441,-0.9983280959151204,-1.8922448676293089,-1.0488060302893003,0.3226517158516476,0.4925276419720338,-0.8228343420645,-1.8681055875460504,-1.254724551577343,0.199441158412228
cosine,-0.0922499497463514,1.7551839541483008,3.5778251783645643,2.360679925496363,-0.2619562458880673,0.0380117795541046,1.9857001389269855,3.48613566606007,2.300988195387411,0.1117246908940421
cosine,0.4822516434016997,0.1668347878755431,-1.0315802740916205,-1.3269476133337044,-0.1503614235376505,0.4985045225973969,-0.3010641671137936,-1.4084009998996068,-0.9513590923465236,0.1168107717513147
cosine,1.8915961687609608,0.6615774210990338,-0.2447117583697221,0.4569494198672459,1.6906047808432427,1.6306458378737885,0.2720258378638484,-0.3705056478514753,0.8337043948189137,1.7938659625311415
cosine,-1.0131614437569616,0.2744121384645169,1.894405498721848,1.4184298055930336,-0.3238561455347797,-1.0611914633791042,0.6000200308455165,2.1240239869961366,1.070212139790461,-0.657249849248272
cosine,0.9441085650864732,0.4418833964557656,-0.998335677692344,-0.7112390360695935,0.6739660765069034,0.9062521785082788,-0.7161607937108626,-1.2688209256195755,-0.0342451751659394,1.059008072969735
cosine,-0.8977828485898454,-1.3240196051105426,-1.00157107205227,-0.1157506945924265,0.6976354732239664,1.3901301797084629,1.423416914223354,0.7545334448964125,-0.3245336250613515,-0.9794293663867236
cosine,-1.771257731570841,-0.8962763696539007,-2.1230851966112936,-2.799995738528146,-1.617201070802843,-0.9510113708926052,-2.2030230172935354,-2.8558463406615013,-1.497837455230408,-0.9501097574496272
cosine,0.6998339946549359,1.43621784464373,-0.0516943412422745,-0.330499117950185,1.1162667986935992,1.0888712809343872,-0.4414665943043325,-0.0402038754612952,1.332906002246931,0.6407540202033533
cosine,-0.501444803245427,-0.216951403469227,0.2374882243805078,0.6707170801966382,0.7081868567994535,0.4688894272368746,-0.0172195284109468,-0.3966011507928987,-0.3204815957993959,-0.0589110319494997
cosine,1.0681842204949386,0.5789850009178441,0.1855314095652783,0.3339201276170563,0.8741755873401543,1.1405823159138515,0.8057836971935701,0.2450966279449285,0.160032430006675,0.6500756961580283
cosine,2.339846386459542,1.2792865406786735,0.6333803754535932,1.327248977012935,2.3273371550305337,2.377832830922104,1.371806967957514,0.6760576189401153,1.3159543373565858,2.3408653718152728
cosine,-3.1191607611575054,-1.440985196436894,0.6404224829257826,-1.0629412320371026,-3.150925475999138,-1.7027493781809335,0.6263694149448275,-0.7125238617479384,-3.304242155399662,-2.052140881639593
cosine,-1.0510220832148476,-0.9783850434801706,-0.6733652653185759,-0.3122414535522538,-0.0867797377364753,-0.0830488599210576,-0.3371439196923921,-0.6992201812517367,-0.9936531720545876,-1.086309523069509
cosine,0.4973936992807557,0.0072630958693112,0.5888885302198019,1.5839457171141684,2.0401577357702485,1.571342072372486,0.4607967058977808,0.0584767835531089,0.741529111589582,1.632286095901733
cosine,1.9308931195471792,1.592366517190323,1.147656798480854,0.6027941449071192,0.2231255740302458,0.1193378303609108,0.3493937105005492,0.8079219826200296,1.29794189560899,1.6916351825687637
cosine,-1.9355870651495404,-1.129714127094613,-0.2367675990317628,0.8376378447703704,1.3415005521412695,1.2338631666140225,0.5980614167548156,-0.480433064821224,-1.5958970666553862,-1.964290771379708
cosine,-0.700951300407787,0.9997182438684592,1.8617973828441623,0.6234404142721477,-0.9489724298376264,-0.7786836116939546,1.0211462659769888,1.8244656755884512,0.6812959047533497,-0.96372798362622
cosine,-0.993586498847254,-1.8308971107490868,-2.626972421820745,-2.171356292489842,-1.2124673088818092,-1.1822459844835302,-1.963870106037105,-2.7629915821627065,-1.959103646640325,-1.1243688467450608
cosine,-0.7816483870669019,-0.9178701726794256,1.5829491084943423,0.9202674999672028,-1.3519489066963457,0.0665509334831487,1.9306474372138624,-0.0686463268984923,-1.2985293295084936,1.043696197757502
cosine,-1.299191711266403,-0.7323573234882037,-0.6712496352909118,-1.225197789586023,-1.7087591300540312,-1.524934774273176,-0.8864217703024702,-0.5852663401596372,-1.019017226503076,-1.5985034332602923
cosine,-1.8470977682621124,-2.126667790274951,-2.0348876038357693,-1.7844086489415678,-1.423306715792567,-1.273995630584447,-1.4115192624709738,-1.7067015600416455,-2.03171016832273,-2.1212505225673377
cosine,-0.6598104453723133,-0.4242427131099868,-1.1298271544874112,-2.259499325721454,-2.6457803779030518,-2.2090633509280924,-1.0921954682252342,-0.4312678507557052,-0.8263461126653815,-1.6943512702431305
cosine,-1.187730638821885,-0.4420960744842467,0.0010205803176256,-0.346886156686836,-1.043618911617154,-1.3110436948717132,-0.7751979268780325,-0.0848188016100245,-0.0414532288684861,-0.6820257846063358
cosine,-0.2047584849320687,-0.9917641486427312,-1.6615796115633676,-2.2297544434551457,-2.4360846902019224,-2.2571764290326644,-1.7836155753463705,-1.055034451262869,-0.3444670464394415,0.2986960122021089
cosine,-1.9818270050062523,-1.5880042769678997,-1.0591319621565105,-0.1883146088385235,0.3310779964815928,0.9658089417058432,1.0825313454651166,1.070139098396945,0.6779310820483043,0.0742627257365435
cosine,0.33523155235539,-0.1600647296949356,0.1695761555854547,0.9518914916198564,2.101666684791263,2.839714720451644,2.85615258820294,2.2306809063031845,1.2125918195988177,0.3110921101057319
cosine,1.208601503999201,0.5022067924150775,0.5130420695258816,1.1609445941268648,1.893900525254195,2.0908847297074247,1.4880075045240009,0.6708013886853337,0.4074626415915921,0.8192014643965567
cosine,1.2695920162500274,-0.0997580279255229,1.126367474249235,2.2372195676717075,0.9355154534113572,-0.1534491758909952,1.283310370140872,2.5767741502949195,0.7031868932611888,-0.0931797824363498
cosine,-3.0084028619163146,-2.5099097179774428,-1.7264515241390184,-1.180914088066486,-0.8792457908797511,-1.0733268597603134,-1.7990184557230824,-2.633295873550018,-3.051809433175229,-3.057449489176227
cosine,0.211130228345829,-0.7422342787927809,-0.9650436580465236,-0.3482552095203754,0.6113445922739895,0.834821297872153,0.1717060210503476,-0.6972419874375064,-0.9612851203887318,-0.3264092482375092
cosine,-0.9484306817450532,-0.811286681876736,0.2155197007861587,0.0185901502208276,-0.9598238768245192,-0.8087256627950283,0.1436094008857729,0.0496955784972508,-0.9320853217702983,-0.8060985862091666
cosine,-1.5831229637529889,-1.5605336157632388,-1.6867300032314894,-1.845551208435284,-2.004301252357838,-2.120601617526404,-2.1538080422344845,-2.07983848306036,-1.9420115962295057,-1.792865767301932
cosine,0.9526646277164388,0.752386714092782,-0.0702070631297307,-0.9965861505326188,-1.8838481054368188,-1.7558903106316617,-0.8395943410363405,0.1746379767599523,0.9067242389891492,0.3895730630454095
cosine,-0.4198260620754451,-0.3816125928303104,-0.1534132350984509,0.0678965486115855,0.1854509863207263,0.0677483696659799,-0.1718064968598694,-0.3805727265029429,-0.468684805756304,-0.3256617233054814
cosine,1.310790656777371,2.7039750985658317,1.6119827809290974,0.6133607532167128,1.9851983015470576,2.589513332189233,1.06092671576591,0.9284756046952936,2.5113076690648195,2.122813432532748
cosine,-0.7215375634390238,-0.8941230436850853,-2.4288367148814105,-1.9626263286879675,-0.3923595408666422,-1.540162349338719,-2.6531439254160945,-1.2906229304932535,-0.6268019695049006,-2.163419562738796
cosine,1.7416462927558758,1.5887933974361466,1.186579280029323,1.388741734679043,1.7322448367557552,1.58532277641352,1.2089605649230637,1.388288601610021,1.7755304206241562,1.5473336776330706
cosine,0.5739437863955963,-0.202630609351093,-0.9548813732772397,-1.4493186824257047,-1.4268597550839432,-0.8268902016304553,-0.0591151300424835,0.7202586171482238,1.1693500949623197,1.0874797659052458
cosine,0.3730331787705197,2.2382114191855997,3.369868737492272,2.7759672458988573,1.0045824729222903,-0.2173480439544356,0.8563118119849066,2.757959746056996,3.5014702002859237,2.368961964947443
cosine,1.2812457939244997,0.1433344751976664,0.2745806896411306,1.4595951349733058,2.75979713727526,3.1899957740491134,2.412203946719618,1.0384708834052934,0.0901645607924557,0.3830171013218387
cosine,-1.0922210028277777,-0.6916032981338098,-0.3952096586608737,-0.7071134496081724,-1.1388599466703804,-0.9917550594834994,-0.5168194475167963,-0.5209682423497687,-0.9394627126481904,-1.0976471394066385
cosine,-0.9461142428512744,0.2970139417717649,0.2973332821738795,-0.9587741190907996,-1.9962846371577023,-1.5048088399056514,-0.1915450039717799,0.5134589272830683,-0.3839915092382754,-1.683816943346461
cosine,-1.2023108998916234,-1.1552929545961064,0.119415926813943,-0.0379514596241429,-1.239208556435003,-1.182517045007185,0.0357780205982807,-0.0207261197666673,-1.270839342804492,-1.0576706609189217
cosine,1.9139580183043865,0.9141604759984232,-1.438277582584288,-1.237216508584816,1.178366428564682,1.850410587085028,-0.0300778658730005,-1.8234173648583791,-0.3804306538707309,1.8709665830150704
cosine,0.8194432517700762,-0.411826720051707,-2.690104615437344,-1.5268717658641875,0.7210878945901764,-0.6905239143166969,-2.782808450149671,-1.3263961384802012,0.6019397920816464,-0.6847854768049224
cosine,-1.0374684669654126,-0.8735358928503786,-0.7091365557291816,-0.5727511023567999,-0.5028330372471952,-0.4865672182286827,-0.5471304718719955,-0.6779436215687888,-0.826290644550027,-1.003983751860387
cosine,-2.949802836962818,-2.6506954488966867,-1.970327876662865,-1.3906529318533662,-0.7108405255336848,-0.3633548313810198,-0.4145105060912139,-0.8492529950959234,-1.3265746982042892,-2.156951532008716
cosine,-0.2208680066266036,-0.2889058495877719,-0.4602287147008365,-0.7480592971439866,-0.8967605892320584,-0.8708077828114252,-0.6463318311379738,-0.3960895932019087,-0.2460393924293225,-0.2055347920775451
cosine,-1.8003465210969851,-2.2620380682750945,-2.0892947801521307,-1.7918797794926673,-1.1779635766582468,-0.9267099466175442,-1.0147971915388867,-1.5499779396010442,-2.097093366269218,-2.295099302244516
cosine,0.3106750911530725,-0.136857270558508,0.1443337210955008,0.875670511164634,1.422441642632718,1.3016492849583785,0.6147566593372604,0.0046692777901171,-0.048714540981339,0.5940973099881385
cosine,-2.7500909134344096,-0.777104405598847,-0.1853916568747409,-1.826900512156888,-3.3987906959422776,-2.669665531578707,-0.5209947984659546,-0.244021078941619,-2.146405435554863,-3.48652977368752
cosine,-0.4770221952928978,-1.4087981226614756,-0.3790544434699139,0.4187065046315568,-0.8298153980791265,-1.285308781319508,0.0505605073886271,0.3279710697987978,-1.126825724041956,-1.1350341532684776
cosine,1.4017663531591371,1.5082479387646583,1.9059302564413865,2.319523565304418,2.559960387990604,2.4884216979273828,2.114225424576884,1.6858895684655753,1.4348175922081392,1.4997258376653502
cosine,1.3133333522910686,0.8808374069315709,0.7152383600043658,1.1777627480545252,1.4479511032682209,1.2094780620524708,0.7745944515963161,0.8666660192628418,1.2405541867820735,1.466739916772574
cosine,-2.203063871884754,-1.3533337403391843,-1.1224784953655391,-1.6469131688399412,-2.403510825086667,-2.325382556119624,-1.5974253051449896,-1.0749666245449838,-1.5203856098893311,-2.331737413475156
cosine,0.9044460199694424,-0.4275778574875918,-1.499528692824028,-1.017309188820348,0.4902833876725567,0.902071369049021,-0.199784258297283,-1.431356503787628,-1.181111541381228,0.3309015070843088
cosine,-0.639705423701593,-0.430085005794686,-0.4375272689936066,-0.647819894866049,-0.8956055371376971,-1.0237632172732831,-0.8968540849800702,-0.6485396451103548,-0.4522877952840199,-0.4267580455591299
cosine,1.346524719865979,1.0101227596594584,0.8259089464650101,1.076328922411195,1.3905495167681354,1.3016075340438575,0.944776227125012,0.8283556870081513,1.129770882861755,1.3990200763033849
cosine,1.6449061132859473,0.9783506532615992,-0.0639950737324907,-0.976022407731238,-1.3132903005479275,-0.860931043203933,0.387179045116144,1.3360596786988097,1.6072890277226275,1.0771675222839825
cosine,0.1254526505088375,2.063605307201779,3.2412884790003,1.6866090522642283,0.1165902596857755,0.9963190890216148,2.912116317027836,2.663506039143018,0.5307293841173066,0.3669420316149105
cosine,0.3743826269922988,1.152637317663832,1.1188554474403212,0.2617498413522796,-0.7352884721413594,-1.1667326107039493,-0.7655565893609316,0.301904325937767,1.129308084379169,1.160842227366538
cosine,-2.692280370569844,-2.6981426128339754,-0.8667684751166572,-0.8030419142030186,-2.654662923654987,-2.754061252292896,-0.9563068468359116,-0.7421485702935957,-2.6147973353278764,-2.7953428040630053
cosine,-0.015280932989084,0.2711833634490111,-0.0964334739116505,-0.3135825851893182,0.1157368993791899,0.2155026583860213,-0.2080900315218649,-0.2301226131039771,0.2138475642147552,0.1173957192451048
cosine,0.7781916273252115,1.0771532731376416,1.350137301627372,1.1284176165124022,0.778405831773385,0.8875864965083747,1.259340850582728,1.301486560206608,0.9059779384099658,0.769372335013322
cosine,1.4471660705070135,1.681884589230599,1.4428787187849408,0.9819397995751418,0.5716523918722363,0.5922274415072026,0.988717776830291,1.4792124593142564,1.7035629324494623,1.431928685156736
cosine,-0.3663238224199181,-0.7396127950034209,-1.2921177508850392,-1.8807468482525505,-2.479097373595077,-2.8016113997693357,-3.022539759383227,-2.763254227293787,-2.386426179526408,-1.8403688264272835
cosine,-0.4988938206499742,0.0379885218285486,0.1463640061319519,-0.2882501764417539,-0.8466349609993445,-1.1878485773104015,-0.9271794801538588,-0.4587455123277034,0.0774112909820544,0.1798740631053296
cosine,-1.1812063821707417,-3.037932382160659,-3.207019867730785,-1.3694758958520272,-0.1810885166756307,-1.3158931949991033,-3.320698858494455,-3.117825838504339,-1.1348781401879515,-0.1569370746996491
cosine,-0.0431760530817576,-0.0908839147530701,-0.8857564279001116,-2.065818071114471,-3.118403293017276,-3.632907661805051,-3.2852654018803773,-2.3964752141867183,-1.0972211213822631,-0.2678167123315388
cosine,-3.483663787862225,-2.8884921907768875,-1.621847059199339,-0.1155784288992337,0.1501513809241145,-0.7807558279492363,-2.452008383788602,-3.4188806286436413,-2.984663962869221,-1.537084469901466
cosine,-0.943392013694026,1.4517074674792183,0.2416843098362686,-1.7014179364032105,0.2295528239426079,1.3490202199337071,-0.7586097759929245,-1.1916658512803964,1.274995743042869,0.5670339785839292
cosine,-0.0636997928951588,-0.2704709694916188,-0.1849574493690785,0.0983155087327272,0.3115644033445202,0.2553626005631347,-0.016968965544147,-0.2496054634349519,-0.2073275470223892,0.0595382406232921
cosine,0.2641176396083657,-1.1445255648339685,-3.5299475913388365,-1.878109575670608,0.3482998064449114,-1.4768718855646277,-3.583279110525457,-1.6681626080843683,0.2518175072692937,-1.670514753188867
cosine,0.7672282768854103,-1.3138747752882587,-2.343624084389363,-0.8398421493694316,1.1708054008885649,0.7291599217976426,-1.2171919230032235,-2.163615132981702,-1.0573476529150476,1.005418044001911
cosine,1.094160672107874,0.8684093732528493,0.3376890846352767,-0.6298322887292601,-1.340128612383068,-1.7773517924309643,-2.1362615420441444,-1.8329141448311064,-1.0906115854539573,-0.3643079986299006
cosine,1.4829635943631552,-0.1497240927207659,-1.8681655633245904,-1.2695128297144238,0.956366385665132,1.45917764188832,-0.2950098008592258,-1.9367725914436795,-1.1857103531859885,0.973831143927484
cosine,-1.831265173365689,-0.6990928003588814,0.0629171988496245,-0.2267198424171685,-1.4109951800656972,-1.9267052830426823,-1.2186332999831708,-0.2325280981600995,0.1164487614129774,-0.780012653970511
cosine,-0.5826254079349821,-0.0656578763972702,1.210365490415247,0.7807042750098786,-0.5410581367631819,-0.256348022275796,1.1251074413887927,0.8489892825060028,-0.4358675702151972,-0.4343999915707537
cosine,0.0616534525469692,0.7792049331267603,1.5622416208739227,2.459270455966396,3.141023633096798,3.726090347578829,3.4749081975891323,3.1365323295130323,2.180571747449098,1.360076178433906
cosine,-2.068495040606434,-1.4779966519036287,-0.6026285650308219,0.2484441638118456,0.7553622934531671,0.4923715556579637,-0.1741283272805115,-1.0278411737939817,-1.8961275638850323,-2.2316328661294214
cosine,0.9668769777390508,1.2251646690509737,1.4240970501982295,1.6268888563320918,1.753200088117007,1.729896931850678,1.633081995171379,1.4963821939144246,1.2460976106964057,1.0690672531860328
cosine,-1.6183890703701207,-1.6793699711859575,-1.8908701923212192,-2.0456407663738547,-2.191831117712276,-2.20241296590777,-2.0615150086137,-1.8641834848199577,-1.6977294515979189,-1.612866896531874
cosine,1.826031382938305,2.071543673059729,2.0467698790605477,1.7519829970229863,1.398541739125161,1.2308121051031429,1.3292034336008027,1.6602034652170456,1.9806495348131483,2.092852957223799
cosine,0.2843865018784535,0.1408514798268666,1.888261894477904,1.9861352980123024,0.2938513783270697,0.1933422574711785,1.921726119962705,1.9587796306456524,0.2634071085163415,0.2217638164101394
cosine,-0.9489068896766598,-0.2570735595146182,0.478503495188938,0.984235870505495,0.9715903109385752,0.497324371065833,-0.2070511334776583,-0.8489867694130689,-0.9339644361565989,-0.606341740356297
cosine,1.5041864239783522,1.6939580365613405,1.3800840467366289,0.6188125959340878,-0.0667454996879871,-0.3674422861389955,0.3253138086588254,1.0463669784829492,1.6364312889794563,1.4606797154052666
cosine,0.3641704878920282,0.1280675352137913,0.1215965315273413,0.3000157091873652,0.5612244269125847,0.701186681218273,0.5930768163421891,0.3295881748833487,0.1229004848229338,0.1171621897803523
cosine,0.0150189614045252,-0.3689514766857181,-0.0905105453913362,0.5345126332626828,0.8084406229329355,0.5047884572144525,-0.1158417972528029,-0.4020698721068358,0.1380826596818356,0.6950055068953247
cosine,0.1593649406331423,0.2327489592356743,-0.3128526353450703,-0.3145019629273916,0.2803514360208584,0.1816922290502904,-0.3677610050927872,-0.203167964220546,0.3310475119568016,0.0962084370588181
cosine,-1.6027759739642409,-1.6712334438816467,-1.814262258120206,-1.9552299513006712,-2.135077574189271,-2.215059966161694,-2.1912910235180205,-2.0718498968849723,-1.915971669392802,-1.7522574002126547
cosine,-2.391476476135661,-2.632795924652364,-2.162911029328657,-1.1261653344320504,-0.077635744865757,0.7121543142189101,0.6889540196826357,-0.0044097735832939,-1.0742449185341456,-2.1011570148625074
cosine,-1.2114150274181692,-0.2247842490376361,-0.7674706661415528,-2.263071011741992,-3.2317011516073952,-2.1952535258734547,-0.5343926915015873,-0.0290352996460871,-1.4752202358642807,-3.012315024932513
cosine,-0.2603537563632147,0.0110322823538141,0.073011311874295,-0.1667269532131582,-0.447175976631832,-0.5656517803152401,-0.3946691250291964,-0.0637738074907013,0.0589073517965932,-0.0395003632579828
cosine,-2.55865061410422,-2.7540096527653577,-1.9816912690236343,-0.7711634826449595,-0.0289283938460744,-0.2759730386014426,-1.343732332064121,-2.453610394064376,-2.7978013969905,-2.1957400939383813
cosine,-2.6094963862973573,-2.536205349750558,-1.0690621778758205,-1.0585299891095254,-2.565904888402632,-2.6479394662169145,-1.0989389624417538,-1.0024907208034417,-2.4325870931883693,-2.702887720136897
cosine,0.957582879788766,-0.0424062210349939,1.134851199833187,1.6951233094575673,0.2580407144952832,0.3005766126582065,1.7238986567111214,1.154559732443012,-0.101798245428897,0.8545761225351011
cosine,-2.237435865117353,-0.1409267621103966,0.9704078911540504,-0.4525752904848232,-2.309594933360651,-2.1681797041323456,-0.1774614076113583,0.9637067973738944,-0.3663028090820961,-2.3364472362948745
cosine,-3.10393195303002,-2.3876939656363447,0.2585219989823045,0.2805907873597744,-2.581541337541863,-2.9839190792289223,-0.5107479391531257,0.6265962406268477,-1.2685164260562296,-3.030182144372737
cosine,0.7528318245462672,-0.1068258180603284,-1.2271679419765225,-2.1436142085855168,-2.316697602706028,-1.854144950392193,-1.3997307287339384,0.0517647719236505,0.8910704501823961,1.2998896869342884
cosine,-1.1748384522115174,-0.8256188228480176,-0.1302821954466831,0.4883823902875451,1.0823912263889228,1.184588931276466,0.9045325549362137,0.3643678996429485,-0.4179622122580756,-0.9541110472181183
cosine,0.7438789762978415,0.8111862987425433,-0.2231158371155512,-1.5528519635290268,-1.88887599200095,-1.1559283495448072,0.2818046964917443,0.8338128307702806,0.3441458932712832,-0.9520807033649008
cosine,-0.372658208256343,-0.1327894855940144,0.1098375166513994,0.257420373805844,0.2067604785291892,0.0163627476902067,-0.2055924245023001,-0.4353679606981362,-0.5678770355888478,-0.5151843485100653
cosine,2.335157920510897,2.6007475688725927,0.0933938301551799,-0.8023566409414523,1.675896851844714,2.8297675759881145,0.4532589565215238,-0.9141914470201974,0.99413326866548,2.9349543801192395
cosine,0.4642631590235291,-0.5125621611232197,-1.8116453702141984,-0.7284280235214204,0.5068553885630076,-0.471929403985689,-1.7556740659448131,-0.8006011316509151,0.3643340273951996,-0.5020146221718951
cosine,2.7018087807035154,2.459861903334432,0.1128651057829209,0.2052621671676043,2.6923611474801072,2.606598266622152,0.1434185385783853,0.2846880305117657,2.7292261895848857,2.421880396602253
cosine,-2.2806391884499457,-2.257102700880893,-2.0477067298498848,-1.77105190886688,-1.5336576175672392,-1.5207397477249698,-1.6795636981547766,-1.9235406851152976,-2.159987627580014,-2.3243334085054306
cosine,-0.9203680084165364,-1.4444596260202525,-1.5581481565777635,-1.0827280064717186,-0.4694929271264711,-0.3284161416084764,-0.8481810081957467,-1.4599963369931517,-1.5702909855502734,-1.0748763886053905
cosine,1.796757952421784,1.1438007896565845,0.6665864002862941,-0.0741645774383508,-0.7063561247627345,-0.828216014982361,-0.5745580987483188,0.1361906003522797,0.9430480968747378,1.5868425912025652
cosine,1.356655978038939,1.308109461243626,0.8928941519242943,0.9624124520114966,1.381552600178324,1.295663713933295,0.8576969572188189,0.9486010804213544,1.3969210807614982,1.3084494171909324
cosine,3.3553493344039977,3.338452465879005,2.3206821465660763,1.2627983187271827,0.2911534022360567,-0.4145699263166428,-0.2424497560550125,1.0339982586100285,2.1707469320891426,3.205958860329729
cosine,0.6022918313008762,-1.5129745910116554,-2.427886174526781,-1.08887499578282,0.8362862762255524,1.3479067129199136,-0.3229477538682404,-2.122248377337454,-2.156294262361292,-0.3229415243167472
reciprocal,0.3716867926932001,0.6470486391812788,0.8246221253663706,0.9643088788965098,1.068351829198633,1.1204306929948928,1.184424131163496,1.2066650736065414,1.2660708262120373,1.2857788617149308
reciprocal,1.3305210070643876,0.9597872808584812,0.6320990622855066,0.4764309050395106,0.3663593886299893,0.2535441322568489,0.1563695756350663,0.120737405695572,0.0418072687771239,0.0275456385242156
reciprocal,-3.279283132701977,-2.162857613224393,-1.6085493383311018,-1.4163019723310095,-1.4134942024050168,-1.213145780372587,-0.900659076240828,-0.9598855153680176,-0.8353691365285916,-0.9687426319325998
reciprocal,1.0489131549228747,0.98257519406841,0.9230043491789328,0.87938835610787,0.8515133570202297,0.8254074123408512,0.7975993632730171,0.7869008243526211,0.7792273626151108,0.7672279451214735
reciprocal,2.439402613396961,1.5632523440145725,1.0690331055423246,0.7615084370129932,0.5983534391696105,0.5212291240820657,0.4901118713820948,0.3015261496682841,0.2008216571460359,0.3152462349830713
reciprocal,-1.8350617157948823,-1.5826847702460576,-1.3656720538028166,-1.2326698663512967,-1.1329085439302105,-1.0478274189901735,-0.9803615744702862,-0.9220357333386442,-0.8820382180092647,-0.8390691019045781
reciprocal,2.1317073498512067,1.3945775496648003,0.9933945834767955,0.7624443020306875,0.5886686325975538,0.5170650676722388,0.4964179087694949,0.3711299630570649,0.3091271376256249,0.2846665711985446
reciprocal,-0.997526812350265,-0.5422319268342248,-0.296520468208252,-0.1256940043723442,0.0057090974901778,0.0803791226805218,0.1672184119702104,0.2282768103750076,0.2748224491389847,0.3199669023280221
reciprocal,-0.4049338653193353,-0.548418556627361,-0.6181689696768934,-0.6622522104410894,-0.6801190923092969,-0.7028599279428905,-0.7281593810348997,-0.7617712006660516,-0.7446244842298017,-0.7479119560069578
reciprocal,-0.8591893147655577,-0.0240198978658926,0.3451222484752113,0.5005895302337156,0.6526526704407248,0.7589395516360534,0.8060469309137623,0.8743223576872032,0.9214781767350746,0.9407278830974758
reciprocal,2.69090693646678,2.3339422876481577,2.153177693067525,2.038906429616406,1.9654755875716168,1.9156956874038529,1.843855673830633,1.8373327751946091,1.7879020888662462,1.7852496816091918
reciprocal,3.445778739346612,3.0562328860444588,2.7586282007715925,2.556980584690519,2.4286817948634227,2.2949718573139246,2.270593733868807,2.2197240220397125,2.140512761399206,2.094296517854242
reciprocal,0.0973101581519672,0.5305810521893786,0.7601890678031952,0.890023620224999,0.9798181285710856,1.0593345659535087,1.0923333840191958,1.1435661277263651,1.1666844993079335,1.2005886128132923
reciprocal,2.133416882699708,1.2891623088941735,0.7359804254963399,0.5171918145096627,0.3068782247380068,0.195907042397095,0.061025770643678,0.05753613880651,-0.0728905975871805,-0.0783281137280945
reciprocal,-1.5010606268739763,-1.0928359456021937,-0.7986511273871039,-0.5848826806404707,-0.4891264430295201,-0.3593564771733356,-0.3044982164450273,-0.270114638746061,-0.147378520629954,-0.1085527227090016
reciprocal,0.1654727737145815,-0.1496951939410029,-0.3381019205094412,-0.4833908596472145,-0.5729240555958047,-0.6420468651194495,-0.7142478859040076,-0.761718254156604,-0.797013540217997,-0.8335991795440684
reciprocal,-2.956423353976095,-2.4227802664368308,-2.12440117866674,-1.9101082528573163,-1.88235897778728,-1.8701037375582663,-1.7870117966913477,-1.7154206406248678,-1.7311174706189425,-1.7171698083765243
reciprocal,-3.589573741315456,-2.995758009403097,-2.6764370827568533,-2.440617346420418,-2.403292250396924,-2.165373881340404,-2.146792012034068,-2.069221035696866,-2.084989645378103,-2.0152919453061364
reciprocal,3.4559126310555963,2.418327801828009,2.024424941136981,1.817359194664741,1.7248893854106997,1.6143884653079492,1.5518848224983273,1.545679937748874,1.5011310744501611,1.4288172934249996
reciprocal,-1.2256653089675376,-1.1598334757630002,-1.1163218897585292,-1.0967485839159947,-1.0755232751864292,-1.0681254718165685,-1.0613245846491086,-1.0487330925299276,-1.0414338873439768,-1.0263205407870672
reciprocal,1.561431853268455,0.3875448367740224,-0.1412110878139816,-0.2950547564446421,-0.4608377951552232,-0.5923590951007959,-0.6151252993032638,-0.7505331533987006,-0.7512437266578303,-0.8059214006634945
reciprocal,-3.1783399471972915,-2.001952775831398,-1.427463674928782,-1.1764213575041138,-0.9150412920566204,-0.8051962159002558,-0.722409560595256,-0.6545868526098121,-0.6316499910105081,-0.5646315155114495
reciprocal,-0.4924034254972892,-0.188223142979001,-0.0166385628645586,0.0691413679001471,0.2005042161088845,0.2978566483880521,0.3187689437434296,0.4021989486416767,0.3853230727672542,0.4192769797184815
reciprocal,1.338403182069178,1.1127552274050312,0.9618840878559944,0.8589031265929836,0.6875045952578008,0.6357516536697387,0.6140088656679332,0.5937702348448014,0.5173069373430742,0.5121978002524582
reciprocal,-0.6507927670170554,-0.7068200378323517,-0.7462884946505611,-0.7737032080368156,-0.7969786598156658,-0.8066920936935507,-0.8257880681094603,-0.8353903596905881,-0.8455749774783423,-0.8496239917877436
reciprocal,-1.097868442853284,-0.7609154649882246,-0.5346412257194006,-0.4491781799060618,-0.3417236401736722,-0.2956528323476229,-0.2356750170892726,-0.2111564651925908,-0.195541679562766,-0.1472887944548179
reciprocal,0.3901110115096973,0.0397520852639548,-0.16133410454184,-0.2978373480917216,-0.3889927050955638,-0.4595360961610592,-0.5105013266036369,-0.5678448915246938,-0.5971704771213745,-0.630094665844803
reciprocal,-0.4098104114013939,-0.7623572072232339,-0.924935904725854,-0.975162844744099,-1.014560500290173,-1.058431427094722,-1.0445197213456694,-1.088982581155843,-1.079507059297906,-1.0764930283841283
reciprocal,1.799612425393199,1.810360099836764,1.8175469724908,1.826381528264513,1.8284591173588405,1.8295405253363377,1.8323471535151836,1.833316207611866,1.8385007033072265,1.8386863188149185
reciprocal,-0.3552791486129329,-0.8985202614569175,-1.1766435784147422,-1.2967007626042066,-1.3694313339524198,-1.4103759567212493,-1.4229220430402696,-1.4927889421128326,-1.524884469116907,-1.5346782522024924
reciprocal,-1.0666078648337047,0.2543800715132363,0.7885905394502365,0.9851276057047078,1.1594907751567158,1.2892758724225464,1.317205034940872,1.416813246859063,1.3873553557233766,1.4465405889696277
reciprocal,-0.2833371927133079,-0.1230111428862616,-0.0255695663196629,0.1123018728150588,0.160986644209704,0.1962861911490133,0.2394654135120213,0.2812052320329329,0.2928871052321947,0.3171857342172441
reciprocal,2.9197219820367377,2.49357483589574,2.21793811186525,2.023796058952455,1.9206706253474948,1.8339789674948723,1.77788299869287,1.6639225074718695,1.6177607193313597,1.5812609526881822
reciprocal,-1.304636922464105,-1.3996580613165326,-1.4507790034349426,-1.4904412937786256,-1.5047239445415188,-1.522606113919742,-1.5349934365823446,-1.5461469593432755,-1.5545625623819197,-1.559700490396553
reciprocal,1.188117472444701,1.4059681278820453,1.5106726606029126,1.5842909579157365,1.6187571600485426,1.654782017889307,1.6921543325367887,1.714114229335073,1.735957976146577,1.748019760986625
reciprocal,-0.638638178129456,-0.0600265308022594,0.1162416145830532,0.2524620191485525,0.3378823457559469,0.3881758330521329,0.4177664143284571,0.5007579127866661,0.4810068685188999,0.5008416899297304
reciprocal,3.5560171039235158,2.9292054631923947,2.5919320692712624,2.332921434970187,2.1832300288461126,2.082150106092304,2.0174219982436767,1.919011619047879,1.8607533299521144,1.7701570649390848
reciprocal,0.7586927601022525,0.9532838559811528,1.0573450410095409,1.1128748081513873,1.1519395942679065,1.1971919479830555,1.2036388549833184,1.2140560010344985,1.2392724188828463,1.246612676968354
reciprocal,-1.1468756323286002,-0.364362254588928,0.0007527767034165,0.1470552338317367,0.3521217253707956,0.4980812182118908,0.5489247283182631,0.5922110649939771,0.6333485808468023,0.7002014302646269
reciprocal,-0.0254314698848578,-0.2463335924443882,-0.3364915054018463,-0.4123785052474583,-0.4796933447204865,-0.4514881094388996,-0.5440625569854595,-0.5593482571564677,-0.5416111079731656,-0.5589337343577976
reciprocal,-0.553070759337403,-0.6078040603876483,-0.648188294259278,-0.6752086956521998,-0.6996862196341236,-0.7148743086428223,-0.7306362649558408,-0.7402674496838266,-0.7500166495638545,-0.7569693586139526
reciprocal,0.8747916875743869,1.0305671708775024,1.1289025358106617,1.1872370240747758,1.2604409182785992,1.2832056338521536,1.341011184188586,1.3696797212187284,1.377605024556221,1.3900035352821614
reciprocal,-3.630983560686024,-3.1260885498670965,-2.782574769379188,-2.5623954955914017,-2.431062082826054,-2.3401719055133423,-2.3004455637608907,-2.133835690369132,-2.1142400258034204,-2.0595783069033238
reciprocal,-0.6135347469588406,0.0889997676458304,0.4519375591582739,0.6459902753612506,0.8041077697980529,0.8893187556557738,0.980653966767708,1.045527992220557,1.1052039357520111,1.1365857209345342
reciprocal,-0.5297449415839156,-0.342412078844342,-0.2456183795544045,-0.1382770769978089,-0.098853126726511,-0.0468964500550972,-0.028184909244245,0.0083635869845977,0.0006478367565976,0.0457221362935553
reciprocal,5.605906108527583,3.9832612235215175,3.292872612670279,3.0934790211947933,2.7532697619144733,2.781043663501374,2.648785019952248,2.584317993457468,2.477419530306745,2.280267660389572
reciprocal,-1.2006781443927164,-1.2143981224184923,-1.2268187295325284,-1.2339801150294418,-1.2386333685311035,-1.2405545210598696,-1.2445742304514995,-1.2466011876648668,-1.2488171730006925,-1.2534359251735945
reciprocal,0.252623286580544,0.413380484713407,0.5276461729157453,0.5886245949075334,0.644579316733942,0.7104425336747835,0.7320054370295062,0.7673110154631746,0.7874206379053177,0.8143142446944313
reciprocal,-1.9144131958402464,-1.3869429418235155,-1.143469866998182,-0.9715246018274007,-0.7955746281586344,-0.7806185901392932,-0.6716774293843921,-0.5878677865407381,-0.5893149600637556,-0.4846449132097509
reciprocal,-0.8631556516503239,-0.7431895391371893,-0.692266368613067,-0.6363675310862242,-0.596456140233536,-0.5544635216815309,-0.5403494011452726,-0.5162161139594945,-0.4995187684436842,-0.4917878441821562
reciprocal,1.6815657476156882,1.5930177600798536,1.53962157814189,1.493766304050854,1.453845790792124,1.4441860447118589,1.4409971435173816,1.4191167365182575,1.404000782489238,1.3993946538415254
reciprocal,1.2194303739089212,1.3028152269980475,1.3597548023469244,1.394295904267388,1.424178944588607,1.4457700695336726,1.460688805999817,1.4736962738245978,1.4823950638961398,1.4926303569265822
reciprocal,0.0308857904398197,-0.0056813724873034,-0.0282150081673103,-0.0522909774076317,-0.0707161541541071,-0.0775627174319492,-0.0922714724739245,-0.0895581210342412,-0.106621838059817,-0.106738156854056
reciprocal,0.0007617628601363,-0.2733635580162545,-0.4354113496398784,-0.575618123281053,-0.6624647774236749,-0.7514694605232561,-0.8088774080507063,-0.8402142466382165,-0.8826495557830596,-0.9011948509357692
reciprocal,-2.549866453998332,-2.1087162163143445,-1.8634999461115271,-1.6911686972757862,-1.5888497228545262,-1.4787294620678646,-1.4671958609054163,-1.3777283761677634,-1.3105945773710903,-1.2762647302626786
reciprocal,1.79270445880848,0.9086144913348592,0.5069965550431834,0.1964489261763383,0.0063975880615876,-0.1214614235621842,-0.2332052989390756,-0.3196782837791778,-0.4204073498805071,-0.4866462748749727
reciprocal,1.955903432522996,1.7799063020614327,1.679674550981881,1.6135057643866766,1.5682837146792177,1.5347779468828435,1.5161673673228928,1.4844694720810785,1.463987529064608,1.4447251910157266
reciprocal,1.161978829200592,0.906828480219607,0.7562695465952745,0.6444531434064134,0.5447396264802153,0.4854803853728792,0.4226310343698419,0.3704615541857533,0.3514389525521228,0.3188291105808566
reciprocal,-0.3202934640987306,-0.0248162209613484,0.1627974799117119,0.3027893288393294,0.3972147547079577,0.4741378904481922,0.5393048201432192,0.6049301060298942,0.6439074025320837,0.6762573164035993
reciprocal,-0.0101141823154035,-0.1538347358486496,-0.2479617158204912,-0.303414272039528,-0.3667737529672886,-0.4004526271671761,-0.4350496342721532,-0.4318300315805895,-0.4867992911619381,-0.4953912812989823
reciprocal,-5.647424217806333,-4.2415306789429446,-3.6975406868031024,-3.3360459315179765,-3.1746029850130477,-2.851472630744928,-2.798727868593273,-2.505453557757376,-2.6157116394187154,-2.4345123669186326
reciprocal,4.115352492386286,3.242335386496612,2.622550948509084,2.388654870937947,2.170096724886096,2.0420732633978904,2.025079545814893,1.839595371770327,1.739195334455282,1.7620014459927638
reciprocal,-1.894650761310872,-1.4648195342277457,-1.2259924659955754,-1.0266895748774345,-0.9187447614043132,-0.8313066776429138,-0.7579301221095998,-0.7248363752429251,-0.6465693025634136,-0.6063243132758517
reciprocal,0.0329694116249975,0.2875984677118424,0.4848428060308171,0.599055260536865,0.6874102441164854,0.7760040858556994,0.8579726798604909,0.9009691878914652,0.9014758504197864,0.9567382355478956
reciprocal,0.4661346876165421,0.1378418020411543,-0.0165562055831735,-0.1631160991271154,-0.1963869736276835,-0.2679198271017893,-0.2797033734852837,-0.2791355447756281,-0.3190323596609619,-0.3683971414730462
reciprocal,-0.9486512916779906,-0.5434575589796045,-0.2934539320949035,-0.0575809462498476,0.0085553643568564,0.1159176254117095,0.2506842134120462,0.280296245963864,0.3313024122958897,0.3663554183343818
reciprocal,0.6223108038108559,0.7736775420459151,0.8789622004645,0.960112025722512,1.0114894446209832,1.0581562780466331,1.102910673518119,1.1260596450822011,1.1461794345149752,1.1643671314834696
reciprocal,0.9007293010444102,0.878384071606058,0.8640180721882449,0.8579181842079489,0.8518083207361871,0.8495200098570892,0.8440041146383771,0.840044349228531,0.8412658775952992,0.8377596894124036
reciprocal,1.6162726700873136,1.590468840763562,1.5772612186593178,1.5695412098621742,1.5630007126287022,1.5575953731565195,1.5501353713522197,1.5496254350131464,1.5449290805047544,1.5481867471409063
reciprocal,-4.806587445942109,-2.467247801293784,-1.5353583871325702,-1.0494860785172164,-0.7953166082411544,-0.4275720013396979,-0.284026044166791,-0.3133982852322081,-0.3320987342074035,-0.1304516809232006
reciprocal,1.5241614987341578,1.3561049938554697,1.2524250519415057,1.178784246324424,1.1300866291100296,1.093887034515572,1.0650422044812955,1.044173495456585,1.0185542228456617,1.0007278526489898
reciprocal,-2.0732364715093987,-1.1625230707002607,-0.6795121045153828,-0.4095983461333574,-0.1964421424920045,-0.1009841271208677,0.0364811883335853,0.0899368394528878,0.1602583471631688,0.2207446691364064
reciprocal,-4.595238581029008,-2.935167221820266,-2.405068660666518,-1.9102505977260544,-1.6989867584500031,-1.539531361592294,-1.3851628586618734,-1.312763050766452,-1.286814719666971,-1.1389951817122093
reciprocal,2.5093275195407787,2.128671761925504,1.9435101115947155,1.8383350262229037,1.732560813714245,1.7164968013173003,1.6892888896578435,1.613847442736836,1.5974864526440813,1.568581809103975
reciprocal,1.1806826372256627,1.125406415930304,1.0881358424941412,1.0627552710823531,1.0510091293703336,1.042167670261037,1.0301458258291647,1.020200724274243,1.0156264771639654,1.018918705557775
reciprocal,-1.9834999080043971,-1.5020571245150205,-1.2239411152654105,-1.0590012418869996,-0.9219817709602952,-0.8426800575368809,-0.8251876663229138,-0.749120740085932,-0.7219166332149214,-0.6963897458455576
reciprocal,0.3226235301787672,0.5469680470674492,0.7277588906333443,0.838798123367053,0.9182701047154492,0.9862794006192718,1.0258566652111951,1.0490978412213965,1.0943270617046317,1.1228624806501497
reciprocal,-0.034399795806961,0.0159265857599853,0.04396502810219,0.0784989359283649,0.0969663052348735,0.1163728580974602,0.1283870118021033,0.1339425728195838,0.1467837965747733,0.1554274288377915
reciprocal,-0.3632963896279479,-0.3109112447563096,-0.2791154770435024,-0.2554257432085764,-0.2373024835497224,-0.2223763205877134,-0.2102758985425562,-0.2023812273611048,-0.1936890678791842,-0.1870035501785941
reciprocal,0.635251080957369,0.5034517363932335,0.4360772363196593,0.3867512570165196,0.3495588894447132,0.3156300951870346,0.2996198488141938,0.2851541295483474,0.2706403866323502,0.2534893337804604
reciprocal,3.6605402904760154,3.024347322561625,2.71448413060136,2.5156607355453398,2.408262400996541,2.275946507729142,2.198002186414961,2.184993238735322,2.1360178133685226,2.089744852866404
reciprocal,-2.093324612359962,-1.91237184228982,-1.7927418170699727,-1.7051553464894094,-1.6317881073207974,-1.5762648623928983,-1.530992311955375,-1.501676636922634,-1.473995421649695,-1.4551821001540088
reciprocal,0.6524056125862597,0.444326460154346,0.3411483032768109,0.2318472027668319,0.1977855457969584,0.1441892755442854,0.099645502226989,0.0518364192419782,0.020548678456084,-0.0046595463107669
reciprocal,2.6599238717210847,1.0389016501865738,0.5315926025368262,0.0584625599212881,-0.1304125812728943,-0.4782529945469448,-0.5754002191855758,-0.6448148462847494,-0.6711859803330718,-0.7651870085002936
reciprocal,-0.4101188631860858,-0.5300585955021371,-0.6223449969224866,-0.6809343533377249,-0.7269287730854522,-0.7741945602194792,-0.790772367305182,-0.8258374347361203,-0.8447133456408297,-0.8633184517320658
reciprocal,-0.8849010140988112,-0.7750428205354997,-0.6860171023978296,-0.6223530380845095,-0.6154844452488405,-0.5484795582560331,-0.5392893420488646,-0.5314386502036379,-0.4942874922061542,-0.4842938783579377
reciprocal,-1.3051330679065811,-1.504302952854794,-1.6205332089869418,-1.6633845932321816,-1.6841436129388634,-1.7317095867917534,-1.7381459953053453,-1.7622644565195598,-1.7779804921616174,-1.8035142855748936
reciprocal,1.3793341814791062,1.369748226225881,1.3595485200427209,1.352151470130672,1.348604263578044,1.3458443125465214,1.3436072881747847,1.3407503890342316,1.3412022849785046,1.3397311194624455
reciprocal,0.1643213375387186,-0.0875387385987059,-0.2557890780119,-0.3532142290835562,-0.4161310744998782,-0.5000844036271815,-0.5368866483469344,-0.5688594017083809,-0.5826422192842812,-0.599619616615877
reciprocal,0.0855869401866358,0.261676478635321,0.3565553100463016,0.4718938092142908,0.5044790177884664,0.5633353072716366,0.5869731245706282,0.6398947979826974,0.6382634155839773,0.6644590415938776
reciprocal,2.128740702834258,1.8080740748866917,1.6268535908237638,1.5012089505689332,1.4261305886111162,1.351498155853048,1.2681133392621284,1.2292754493608422,1.1161667260071,1.1343923705365373
reciprocal,0.7862421307995969,0.4355654586303071,0.2591891966672603,0.1578191945254688,0.0859864518395818,0.0518140413072029,0.0054618105698674,-0.0128454981210478,-0.0356677907113663,-0.0468889414432888
reciprocal,3.0688572899112208,2.8125642573306497,2.6407281541616388,2.518961667482113,2.429505220789128,2.354019973343488,2.2824788090918298,2.24565511248537,2.208225399471752,2.1695461456703176
reciprocal,3.0271941456413947,0.8019938684546088,0.3574733073536844,0.0628614719038949,-0.2040525054915217,-0.3517514843362307,-0.5693765721342825,-0.6056402947308669,-0.5603735893132628,-0.8628834920721817
reciprocal,1.325484664880751,0.6372645719045593,0.2129796549665034,0.1286761734671134,-0.1922641228818473,-0.2133180467191905,-0.2700478115156173,-0.3506983171240672,-0.3789810485152126,-0.4370588311798217
reciprocal,0.6255587258984975,0.792881110129313,0.9196593904412874,1.0201350917272485,1.0548255462597396,1.1091691109117814,1.1554683415962808,1.1970361077649123,1.2326383376965908,1.2401824055194348
reciprocal,-0.5342762509992661,-0.436928406945152,-0.382629770974687,-0.3356213030329031,-0.2923552642192849,-0.2905731648079123,-0.2539493901256442,-0.2339352316804901,-0.225646111480034,-0.2188234191635661
reciprocal,1.6335518719318454,1.6835033183276582,1.7072982660358498,1.7161337669662031,1.7248660166627576,1.7307924216981725,1.7330448715882287,1.7371760499603273,1.741317159549314,1.742948440166486
reciprocal,-0.322506307994776,-0.3502767707545293,-0.3675958864925966,-0.3746216187315302,-0.3830902796386615,-0.3854324864992205,-0.390365598861094,-0.3923898524413318,-0.3951029451302277,-0.3974390008449884
reciprocal,-1.6809298091107123,-0.8917263054480863,-0.5080866117068144,-0.2967381283354286,-0.1149012886139239,-0.0237840602599517,0.0689848922922408,0.1286539007820356,0.1820330308993744,0.224803096058473
reciprocal,0.4675408494234274,0.324840449693026,0.2713358660815751,0.2335151446152531,0.2151385460888023,0.181837276386359,0.1620154800750821,0.1581972261255573,0.1633800355404378,0.173875540126384
reciprocal,-0.6456662559153303,-0.4474012880162907,-0.3291278171669865,-0.2317698223717721,-0.2024697728415755,-0.1321886725733176,-0.1246444132868758,-0.0572930169409224,-0.0728958559988953,-0.0350312954918883
reciprocal,1.344764049814601,0.4606506029982706,-0.1845132739460989,-0.4305842679160129,-0.7556562660701334,-0.8358551579447567,-0.9703061061841968,-0.936009611419243,-1.0121424865032116,-1.0298267835113817
reciprocal,-0.3927684851079916,-0.2718263774238755,-0.2053262391527056,-0.1795749715635395,-0.1427657589307749,-0.1244115218610537,-0.1206700516697879,-0.1091792729351356,-0.0907322161518766,-0.0839336245259266
reciprocal,1.5589334089494782,1.431703873291024,1.3861070079493152,1.340649771095082,1.308299666371512,1.2758623115458592,1.2490093520301642,1.249372045927981,1.2312263085311403,1.225267667120369
reciprocal,0.3119192425388299,-0.0873111775972287,-0.3504472638122369,-0.5383813473907259,-0.6105040961398179,-0.7150211210899032,-0.8058407246859246,-0.8745763990605185,-0.9164167386709222,-1.00837172020629
reciprocal,0.6423559025663653,0.8550190397272732,1.0469560931429776,1.138862386333367,1.2209437580391644,1.3164774049906711,1.342603079215389,1.3836834175192807,1.4470195799583692,1.4325776620376052
reciprocal,-2.292814766057286,-1.0501268530950911,-0.4605635252993144,-0.1381541203558448,-0.0009422738329589,0.1563176032008389,0.1936430587964907,0.2880556645950759,0.3433953243661172,0.4010982607707417
reciprocal,0.6234481307412815,0.3629739185824732,0.1805658556449684,0.0508759271389388,-0.0514854596502851,-0.0866377677792006,-0.1660915980612023,-0.2191707031734068,-0.2523630106081079,-0.2700758872286966
reciprocal,-1.33219053857222,-1.1001223297662055,-0.8789429681717055,-0.7502069574557998,-0.6848147831820091,-0.6152282246748034,-0.5622599119583989,-0.5344758188926031,-0.5386967657151508,-0.4856801060370463
reciprocal,-2.639014177622916,-2.2340624716605157,-2.0111603654741463,-1.8737872526746413,-1.8089159954523395,-1.7034906729711503,-1.6806978457635973,-1.6258926423898654,-1.606850746522155,-1.5431445644380943
reciprocal,-2.5618035168489683,-0.8931113211748402,-0.2694512318425716,-0.0190142645712667,0.2610187532641339,0.4330380612813485,0.5132724900392646,0.625829086909105,0.6571779285539814,0.6936921807633845
reciprocal,-3.576114640951947,-0.9929761426175576,-0.3080077768306954,0.0632005529122597,0.4025457193664049,0.7853932162180722,0.767510642746491,0.8877460568185755,1.1361316966893311,1.0867572080862908
reciprocal,-2.0992128225542173,-1.9978958509675444,-1.9340561113864616,-1.8908157259435805,-1.869371324131436,-1.841046438291074,-1.8240819434028903,-1.809148175831488,-1.7970315847641554,-1.7886305405807772
reciprocal,0.229179694725097,0.5885505779788553,0.8219976717530036,0.9203056152391076,1.0053039842618654,1.0291818968231867,1.1024417993073945,1.1758042790504295,1.2178446950085031,1.1982469396560826
reciprocal,-0.5321511643156502,-0.3247937593917129,-0.2320376000414647,-0.1211661668032016,-0.0639211067401766,0.0006909034767775,0.0567734395762181,0.0955316258366592,0.1195614964286619,0.1038937445652468
reciprocal,1.1085194494766926,1.302602246205015,1.4299649309124332,1.4998752269658135,1.5333313280414276,1.5655340228414,1.5847672602124372,1.619536837160683,1.5892748171478197,1.5816583504813568
reciprocal,-0.7474902875805278,-0.925016415594069,-1.0493818289383303,-1.1077783545805109,-1.1577902607786188,-1.188590490251583,-1.224245724380571,-1.2331988339116224,-1.2796369078269845,-1.2926804895345607
reciprocal,-2.045921191178045,-1.1714367081680956,-0.7786908072604817,-0.5765838153851707,-0.4191704206827094,-0.3474197705922051,-0.2606812889045382,-0.22355895605867,-0.1794529519078601,-0.1428359953996193
reciprocal,1.302040106625134,1.052633878780455,0.8963608629611515,0.8124478259204899,0.7547779026956914,0.7071843651634986,0.6751054827823199,0.6355700048963341,0.623486289534427,0.5944872241425397
reciprocal,1.9633958367449735,1.5254463562355018,1.2807313144323915,1.1379757491392288,1.0041076514278764,0.9252692534554716,0.8799315532687602,0.7752324384146827,0.7883447175261575,0.6869437406749664
reciprocal,-0.5648675827630388,-0.715146453372112,-0.8155879786286945,-0.8902946510545924,-0.9299902698255714,-0.9734644013438686,-1.0143072569911458,-1.033677969131666,-1.0620819423509036,-1.0854231690889682
reciprocal,-0.721955934502501,-0.0227342438685583,0.3048854568290905,0.461049663678462,0.5706518585495179,0.6484795100886672,0.6919446799450296,0.7346311862741848,0.7677317537414117,0.8020639220734168
reciprocal,0.6586145883455559,0.6172697202385218,0.5931253307979161,0.5800331770832577,0.5705533830832543,0.5613036183706517,0.5505164744684198,0.5454233423736745,0.5411647811292521,0.538910042782998
reciprocal,-2.7693341021115736,-2.450340934254389,-2.251480106295816,-2.2037218090984263,-2.161676057019576,-2.095840869142863,-2.0567734463299465,-2.0399438541856885,-2.024464111392791,-2.016063040651191
reciprocal,-2.732911276724689,-2.4805702607161884,-2.2962799429254166,-2.152567653065525,-2.065563006421377,-2.010779269115475,-2.0133379191557164,-1.961249779824861,-1.8893868508784144,-1.8889277013101533
reciprocal,-3.283087175822498,-2.539840304001519,-2.0823452499302504,-1.874054654509018,-1.6147652145554752,-1.5197132958708015,-1.401454582905343,-1.3551880138332562,-1.381721177606812,-1.355333212117907
reciprocal,1.2267179681909308,0.4687258798771993,0.0060541713578269,-0.2745759663716308,-0.4446836229578301,-0.5924847502456801,-0.7433824351038123,-0.8066306492124002,-0.8314430262519852,-0.9065895258007552
reciprocal,0.8673567017227307,0.8045266945002565,0.7532935536207065,0.727915996442285,0.704650721640788,0.6848572572944966,0.6698143352840733,0.6515052805634567,0.645590112086632,0.6342294838742858
reciprocal,1.5620614253098153,1.5188868226867327,1.4966939241569304,1.4788833053966108,1.4653916940829506,1.453561617431044,1.4510690331482432,1.4377725409715594,1.4385522254032608,1.4252680444697594
reciprocal,-0.56630717237349,-0.4390745089775098,-0.3673919296169948,-0.2914182264861339,-0.2426714099739789,-0.2055054540533956,-0.1818358771785375,-0.1610615614629254,-0.139973457935992,-0.1189138206327682
reciprocal,1.6260197725217431,1.2076002054551644,0.97758594721751,0.7752834092218328,0.648857185131082,0.5646878255503057,0.4915311239104793,0.4202260722450489,0.3867807119183973,0.3495403025608571
reciprocal,2.615165187076181,2.2169543680894983,2.04467577583741,1.942257664617055,1.8282463392146944,1.7884467767129355,1.7264203751387834,1.6463054827878891,1.6566854025479596,1.5579221069777562
reciprocal,1.8410709199146276,1.6673748403406838,1.6030162790121485,1.5649614102614315,1.5305935684908445,1.51162681514408,1.4969618113464025,1.4857216444435788,1.471268390424754,1.4706850106753044
reciprocal,-0.154805327208235,-0.7524953436406989,-1.0136546056774765,-1.1443821047623146,-1.2437041254692365,-1.2880669422524835,-1.3560937282026906,-1.3682348836810374,-1.4474404666850933,-1.4720535444234988
reciprocal,-1.1848125264370324,-0.9785562788522416,-0.7084621095621986,-0.667371378753423,-0.5692884924552761,-0.4515156402666352,-0.4206720148466701,-0.3924423334391719,-0.3474633819809929,-0.3243976380222487
reciprocal,-3.1159044126564632,-2.8361991035859893,-2.670654515358001,-2.5426829185370554,-2.4435029179255223,-2.386898675673903,-2.338010600093449,-2.291445820998732,-2.22426360025022,-2.1820253939427467
reciprocal,-0.2215508179302685,-0.3810758131873938,-0.4634728575737946,-0.5433493421042775,-0.6015265752324201,-0.6372277460659129,-0.6667897064794716,-0.7054029389924236,-0.726542163533921,-0.7464482677441711
reciprocal,0.6642554837330401,0.3489314152327653,0.124561666490067,0.0507772126701121,0.0086385573036786,-0.0726688442336467,-0.1235260343552902,-0.120895572034502,-0.1269761643474334,-0.1921278768694994
reciprocal,3.78352544856964,2.807724201865875,2.5104660583560965,2.2536556036174726,2.1309285909292064,1.829080722344771,1.7489720344873108,1.512600892712308,1.6469351172862845,1.5883478869674703
reciprocal,0.0718845439468189,-0.1765993407864806,-0.327632228091684,-0.4364659940122993,-0.5053686170555582,-0.5516856396898518,-0.6027331258866627,-0.6096373752971564,-0.6598364367821328,-0.6681129959613729
reciprocal,0.2016018925696295,-0.4278664138573484,-0.7629296776023224,-0.9102765517275704,-1.00208387319872,-1.058826347563789,-1.1453753939652749,-1.178642304596938,-1.1880012791210466,-1.2028679645600078
reciprocal,1.1429962906077438,0.9125312147097197,0.746619835882699,0.6248516324320466,0.5417373416936075,0.4793543921512906,0.4232636906989689,0.3698957746548604,0.3237070538190703,0.3040239917713258
reciprocal,-0.2628639780377375,-0.6206918240761483,-0.8934756981532251,-1.0754985827258907,-1.1494900888811646,-1.1505544028873322,-1.2167959968825734,-1.274843486766144,-1.3172048933134868,-1.3462473961065442
reciprocal,-0.866213681878603,-0.7998403613533197,-0.7579970014386138,-0.7257895826690183,-0.7051812522131559,-0.6883481236913489,-0.6748379446809981,-0.6673830961534871,-0.6547515386351023,-0.6496261135839906
reciprocal,1.6170113813871572,1.5076608984210074,1.4367981628698916,1.3845559305188315,1.3424699511386329,1.3101762307103948,1.280478814961833,1.2580490463043823,1.2401534978679756,1.2266915009138537
reciprocal,0.8750493996240692,0.704053801309087,0.5996327485128414,0.5207284258884067,0.476359433247187,0.4396569498045791,0.394857952586774,0.3812934667375823,0.347321166744814,0.3248344119618941
reciprocal,-0.4075452515917924,-0.5314400205845761,-0.5932811606581482,-0.6182699739231087,-0.6484499329727182,-0.6621087043095499,-0.6762297140958957,-0.686907981476122,-0.6916191172520856,-0.6968480791096366
reciprocal,0.9674615665856086,0.7482390481741735,0.6434336200363822,0.6241655755130986,0.5929039860966866,0.5639487558369518,0.546500806810213,0.5385981265085114,0.5234152929564514,0.5276683556153745
reciprocal,-4.83574759397175,-3.900019735800597,-3.3235543018210416,-3.0783618564366386,-2.908306249836901,-2.7087890191352857,-2.649704381472408,-2.518607286812496,-2.4598866653898663,-2.3733148648860616
reciprocal,2.1179890892896567,1.81512680793099,1.6149453840650787,1.4434936548645745,1.3423781341493122,1.2645724989470783,1.2188958099976048,1.1182050712564942,1.0913285552110628,1.0795299194405277
reciprocal,0.6912928860989322,0.6624810314171926,0.6402792494605803,0.6166914853350136,0.6043785186848083,0.5987230705176031,0.5871752467963007,0.591498374902351,0.5773627735199958,0.5770241913406453
reciprocal,-1.8081619060171457,-1.759861422814334,-1.7335367027863424,-1.719939565021394,-1.6960472193030485,-1.6723340370816588,-1.6701821297799042,-1.6645977261320164,-1.659776134447602,-1.6478244370322526
reciprocal,-0.6366533538763353,0.1323453339490573,0.4801049860528359,0.6685871218956182,0.7962813301176287,0.9157053920973472,0.986723437568325,0.9821929783705752,1.0197713112756177,0.9885452523617922
reciprocal,-2.9547331212701096,-1.3959033534841048,-0.6533402574228984,-0.3031314378599894,-0.1324651945407026,-0.0093293906232528,0.0635271507003649,0.1440913369160097,0.2836356899689125,0.2582189958289119
reciprocal,4.517959734332761,2.4152233926405438,1.5570378186840754,1.1334093134737964,0.8642239742179384,0.6376035260048177,0.4776195903904617,0.4336322192125734,0.379168822973131,0.3562056912012935
reciprocal,3.3642435707147427,2.719191246123742,2.390459709841513,2.197984887885765,2.048069387165062,1.97596938076607,1.9066820922824843,1.8639341944327137,1.86135516650177,1.7962119259538338
reciprocal,-1.9922069405914824,-1.7955377577411495,-1.5907138578836817,-1.5009703382259052,-1.4162263797597436,-1.4091410167868952,-1.345573944312635,-1.3483436472698946,-1.31162311323396,-1.3215036147564327
reciprocal,-0.5796188896369758,-0.5660905582298028,-0.5513136565969744,-0.5442976983357711,-0.5340208537891259,-0.5317866928392992,-0.5273694813401822,-0.524072524423681,-0.5208800810647293,-0.5189890507689197
reciprocal,-1.286035733560578,-1.2417098467453331,-1.20828445621762,-1.193569443275298,-1.1759657276210702,-1.1670360768827754,-1.1595012881349989,-1.1527406880676874,-1.149735256484521,-1.1409625632954652
reciprocal,-2.1625060322024745,-1.9304669840837665,-1.8343028857186705,-1.7406568817832169,-1.7157010144899765,-1.6405746187167325,-1.5982092902779503,-1.5742154286095698,-1.5530996889976534,-1.5345508946908384
reciprocal,-0.6004279108375665,-0.3091355283182739,-0.1675766749842002,-0.0218484143974429,0.0550289564083454,0.0959796072039522,0.1681882641038824,0.2095549757288392,0.2274113136430103,0.2598356025800151
reciprocal,0.0979159813881619,0.274238878833824,0.3551677653632326,0.400355039903254,0.4580469802925385,0.4880441062647382,0.5363712317392219,0.5372216601727441,0.5933379086591398,0.5978081615155595
reciprocal,-0.8667319850293167,-1.100522594486412,-1.279008657364227,-1.3478361329947144,-1.443453183668553,-1.4737907607130103,-1.534134360304395,-1.584659964258005,-1.5814273967767438,-1.6239221328087905
reciprocal,0.0439354671366653,0.1411605243523113,0.1937614476660935,0.2318951908164396,0.2636463297936613,0.2838959374672652,0.3017118316756341,0.3241527754408506,0.3256539323516559,0.3342452101542914
reciprocal,1.0331447077729123,0.9586411000161426,0.8777035818333203,0.8579766585894615,0.7995963276574753,0.7985660129280924,0.7813100182170217,0.7439958515327365,0.7343008131914173,0.7225018243681508
reciprocal,-0.2242177199496416,0.1580653513240255,0.3623507333569423,0.5521970801172653,0.6219264412907404,0.7219120055561961,0.7417736080970484,0.8244897372244543,0.8705859820904533,0.8891338498142349
reciprocal,0.5997364422107501,0.4657387698121885,0.4052517678311596,0.3757462077373473,0.3511668417959501,0.3088300243660579,0.3129730184720352,0.3025288112815041,0.2851433910611358,0.2852560475971361
reciprocal,-2.5236886008512847,-1.9513797216259547,-1.6824234928917243,-1.517387268677344,-1.3941238405211749,-1.3405935966752731,-1.2472066925617915,-1.1913245477709522,-1.1629447288694346,-1.0868914190750552
reciprocal,-0.1471155351073678,-0.2055679165705255,-0.241083113060077,-0.2676756370711436,-0.2831074780460136,-0.2858440304542703,-0.296257307495442,-0.2994683324486692,-0.3147177334855492,-0.3200386151993573
reciprocal,-3.224896035246262,-2.280554672354653,-1.79524135577637,-1.552602150070268,-1.420558142612842,-1.3254517832731334,-1.247525133635106,-1.152554330783932,-1.140589659613374,-1.1050402087080435
reciprocal,-1.6547370563757586,-1.4254618658433855,-1.3219705061828542,-1.23790229054523,-1.1486731204375549,-1.1019716666544632,-1.0568216247869064,-1.0333294955351204,-0.9827928164509164,-0.9524525179297444
reciprocal,-0.9189996379035118,-0.2175012043677968,0.1373277157100877,0.3301598780362916,0.4878894541398584,0.553818546049369,0.6375132530251445,0.6774825257305119,0.7686678379600651,0.7816278245023058
reciprocal,3.2184249889763583,2.6185813330822603,2.21621355125895,2.0586464748788647,1.914515406706781,1.83810533657799,1.7057501923785792,1.6270856031734036,1.6272512630197802,1.5597347232973469
reciprocal,-0.2759739080557664,-0.141464662111252,-0.0653545847428614,-0.001909671424008,0.0384155208774126,0.0764652327292899,0.0953964308573429,0.1432099314460591,0.1508698464055594,0.145740911761597
reciprocal,-1.1479634365345592,-1.080155922208725,-1.0493711901274845,-1.0379558873196837,-1.0289754973019485,-1.0253578034714954,-1.0237940977251327,-1.0135942306909975,-1.0104872743280082,-1.006411954905486
reciprocal,-3.259439586207661,-2.6524326229325617,-2.403338104367581,-2.11758818005165,-2.052457701234037,-1.8883905609198832,-1.964777922585274,-1.7902109000895667,-1.7570703502095504,-1.796570707924313
reciprocal,-0.0284843389140575,-0.2420200273853144,-0.3594942383833602,-0.4240699422533375,-0.4824652942533234,-0.5195964159992084,-0.5462029577248568,-0.5698293226075177,-0.5935861467995661,-0.5992150549898878
reciprocal,-1.458893437648194,-0.9286992060894604,-0.6716460775468082,-0.5086398125826522,-0.3581305596123331,-0.3036816244397069,-0.2440619993948919,-0.174847845601074,-0.1328740696261733,-0.0985573620943509
reciprocal,-2.1308996153777544,-1.9005361452617555,-1.7432691162811782,-1.627655571463912,-1.5660281842425774,-1.5039083223881868,-1.423105943892258,-1.3967516769805843,-1.365384414254731,-1.3447564726528172
reciprocal,3.4740293297649374,3.0562797564559734,2.796174847316051,2.610375014557517,2.474104989704461,2.4120516272593684,2.315059560237252,2.2485903718069493,2.194107716856092,2.167861314321538
reciprocal,-0.8776540357096587,-0.8901319734369754,-0.8976050368201568,-0.9062663903780444,-0.9106324801551016,-0.9146316586202182,-0.916688769825339,-0.920712763268688,-0.9194874486295346,-0.9234638619190272
reciprocal,0.3005574678258049,0.6974792878699773,0.9275227300410652,1.099712388906158,1.2005024446519947,1.304899778703699,1.398656364580163,1.450627286609603,1.4815733918600211,1.5137062860733927
reciprocal,2.527905585696254,2.2449681886069754,2.058639839007689,1.9103254276148427,1.8214560107907447,1.7422834573702195,1.685540657115105,1.6191995952782117,1.5835664937732403,1.5427383899397085
reciprocal,0.1110973779827595,0.3077083131183228,0.4530778933558855,0.541480460121466,0.6286984237202262,0.6704811402648186,0.7447102836865941,0.7927411072088195,0.8293864431753459,0.8424506954695722
reciprocal,5.284190044099867,3.0322727850294857,1.9966742077440716,1.784062271119776,1.0608986395259996,1.2293963672366806,0.950869193887506,0.62864388401998,0.95614054516258,0.8492339400945383
reciprocal,3.741485393272757,3.0145384161137927,2.695472569421044,2.5303165607220963,2.41331036547207,2.3407892980335205,2.287971628539572,2.2367813224965936,2.1822043291418125,2.164252336410552
reciprocal,2.4703896998675594,2.2344726675853583,2.0609269155866503,1.9384659182851876,1.838302265573741,1.7893419468787233,1.716148446057765,1.665769049957525,1.6287201042331243,1.5917948538924438
reciprocal,-0.8786319376025585,-0.9438862524802496,-0.9714620688060622,-1.0061071037382212,-1.0192999495955677,-1.0355777300574989,-1.0475867888715378,-1.0605618158093373,-1.066346463563402,-1.0752771303258997
reciprocal,-1.5953790628912254,-1.5357914210336352,-1.4984273470821543,-1.471528830777064,-1.4555267040808069,-1.4423510967706732,-1.4323205281357458,-1.422405837787375,-1.420781227103581,-1.4128448144383008
reciprocal,-2.905028753505768,-2.494677715649911,-2.0134257767119186,-1.9249309005975264,-1.7757083233184292,-1.6135780390192689,-1.601065949579111,-1.456815457943955,-1.470885785588282,-1.328226053814508
reciprocal,-0.9265610635805984,-0.870370807713695,-0.830666077126682,-0.8053010756269174,-0.7900091817755414,-0.7770560892033352,-0.7643628264148755,-0.7580849224312081,-0.7538722408597224,-0.7481511958412782
reciprocal,2.826868454122485,2.5698235773040774,2.4305371147035046,2.327483639505971,2.239727867623727,2.187982210210376,2.1555668180713297,2.1191462077886127,2.112685484977513,2.0716678227096703
reciprocal,-3.2806207896266635,-2.7974961562985325,-2.5746906174360915,-2.3653959415257075,-2.227905445525733,-2.179622858636052,-2.054898874160549,-1.9553060717073272,-1.9625314957035267,-1.9120804989937707
reciprocal,1.7018844859004505,1.3242360982450998,1.0580246623097136,0.9058450965270268,0.7871754056672997,0.6909805771817782,0.6032654298923932,0.5586412049524165,0.5043544533247755,0.4596988636619807
reciprocal,1.7514664157348336,1.5591490674016224,1.4363455561302223,1.3344171159267304,1.2852202184468289,1.231117803064149,1.1818319755992543,1.1678346802828452,1.1175953497620326,1.071209565765207
reciprocal,-2.424368131086586,-1.2258300354844602,-0.7228950669901778,-0.4293223467848369,-0.2986271390678333,-0.1406202301281702,0.1546497886449912,0.1514807969598701,0.2385482049427427,0.3446384887775315
reciprocal,2.059476328957481,1.6759522438790402,1.5057231564034856,1.3862724839771947,1.3128551280396514,1.2273781621648066,1.2045154345950535,1.1772521412086927,1.173835689401919,1.127705672406049
reciprocal,0.3742183469932468,0.6069681776040626,0.7726602119606021,0.9093567832021998,0.9889345829001884,1.0308506282626202,1.144581740733429,1.1860583478688222,1.1894909213479457,1.218869496694993
reciprocal,4.000409350989937,3.265306373255488,2.853733735435986,2.5940757292506933,2.494385154618304,2.328635276078748,2.255258572122521,2.209593536721523,2.165782788850294,2.1422146695787254
reciprocal,2.048217350425372,1.7650765116420637,1.5937269754438448,1.4776336044054488,1.3994234530960328,1.3524595145851046,1.2931507034308112,1.267569576674666,1.2261958221308735,1.2013787273819616
reciprocal,-1.3979827514538252,-0.9949216040467715,-0.7491039933535514,-0.5697207495545052,-0.4557043825010723,-0.3424092004702836,-0.2675818140417621,-0.2073745955325313,-0.1328585281534225,-0.1059810175063618
reciprocal,-2.5455541189730213,-2.2973954965787446,-2.1470204711772283,-2.062533376514523,-1.952747375767028,-1.8979745744238352,-1.8713224354628852,-1.8128219862423527,-1.7479695849072838,-1.726021827606686
reciprocal,2.249997531802934,2.061082701379674,1.959828658898952,1.8664819339953465,1.7856697840330746,1.7411149738935394,1.702454627645018,1.6546140760301915,1.6359928359327922,1.6138978629749718
reciprocal,3.096607747531198,2.1000619169350268,1.594365475839189,1.3031098514585628,1.099060563328169,0.9737381893684722,0.8374095959313015,0.7267477980889726,0.677008598616878,0.6001178239480324
reciprocal,-2.798065240595938,-2.086948123776664,-1.7119527595662638,-1.5020331911722002,-1.2942327010005663,-1.2416882955680866,-1.153543984594083,-1.108400817584035,-1.0571302172839756,-1.030662053453548
reciprocal,1.16175272612021,0.9707057625032208,0.7916947054532775,0.6814602625401495,0.6566912215995986,0.5788549370553807,0.5324375493232051,0.5044773409299914,0.5078097121469101,0.4760269640282829
reciprocal,-0.767025727294097,-0.4891822736017128,-0.3480178539329607,-0.2463608222930086,-0.1726846205312643,-0.1396747353020031,-0.0752407108997228,-0.0666521251005396,-0.047149220521207,-0.0376837399727634
reciprocal,-1.2275884458204405,-1.3473857340271873,-1.4142082185878582,-1.4603168848284778,-1.4958332739507385,-1.518917497062667,-1.536732322342141,-1.5540537126603235,-1.567419038623067,-1.5773036427642462
reciprocal,1.4876585305953234,0.2734169546946031,-0.215125399807572,-0.4426859836286169,-0.59845098602902,-0.6896372533509545,-0.7537593829028378,-0.8281159277797355,-0.9355787210630412,-0.8166516718195276
reciprocal,-1.132898397725418,-1.2058312002676312,-1.2520573945495388,-1.2756586395740153,-1.306974811869295,-1.3276009047105355,-1.3453857236852431,-1.3571083541301747,-1.3586009146562847,-1.3799761677532765
reciprocal,-0.0613922007006865,-0.4513986755071407,-0.6977938220686358,-0.8052417440974396,-0.8952637411867691,-0.9491366136834972,-1.0197062698158363,-1.057805779938968,-1.0677099067771323,-1.1019323541349604
reciprocal,-2.119479994965666,-1.6518732392903297,-1.404611519741942,-1.307557252754972,-1.177163067017701,-1.0716444145388948,-1.0691435211523377,-1.0002247946420273,-0.962721694490255,-0.9367022257957054
reciprocal,0.7464087486369262,0.3967095134729092,0.1524278301250313,0.019743679193638,-0.0953428033654443,-0.2333390398348954,-0.2949227495522179,-0.3331081191546977,-0.4436527452176876,-0.4325572864590741
reciprocal,0.8480925805931365,0.1531415619831971,-0.1987280081321303,-0.4312133374763827,-0.6290808884033356,-0.7377616776723965,-0.8585011915288584,-0.9311110353956478,-0.896444899553494,-1.0175886635475972
reciprocal,-1.0321817981462764,-0.6926597139002932,-0.5692112196004012,-0.4112088227387377,-0.350842428026877,-0.3161212705522044,-0.222391173151205,-0.2089685000210808,-0.1816664740726893,-0.0632258111204814
reciprocal,-2.395165740879794,-2.1236917617602247,-1.9599710608550065,-1.77485285434737,-1.699779552355609,-1.6310041359230003,-1.5542721355076128,-1.5228691942228936,-1.4731833754715484,-1.402007704677286
reciprocal,2.296722398306823,2.100651963007824,1.9817770477846115,1.9198560609480813,1.849621774200004,1.8083973282450605,1.7844750621554015,1.750176991691715,1.7420977001561182,1.7187614761462242
reciprocal,-0.9058540372910928,-0.7753932479353282,-0.7085931131489459,-0.6504852595309449,-0.6124046602083244,-0.5747211660466724,-0.5707371847317319,-0.549420302830035,-0.5260230910354158,-0.5255589659461936
reciprocal,-0.7721895356640165,-0.0448437860458237,0.3566542641784622,0.6393415823299667,0.7410920278882521,0.9689563497568778,0.9724477645033284,1.1090179354106453,1.1480305019053807,1.1549797331245184
reciprocal,3.892521463885588,2.9775495015398645,2.4209753778231864,2.214938981318046,1.984234244522749,1.8962056465342472,1.70967725032401,1.5969467877686234,1.542881457221138,1.649164665394047
reciprocal,0.862364325809579,1.0735995897572912,1.21625505844407,1.2783682861095742,1.3283667062729083,1.356943579529609,1.407980956086887,1.4469958194317882,1.4883826245831029,1.485567987808276
reciprocal,-1.4537559564914266,-0.6672100890769178,-0.2415551029735351,0.0204557669864457,0.2288239071018076,0.3743199912879251,0.4602890888015353,0.5395948716459394,0.6164083479479323,0.6637425586477583
reciprocal,-0.7861064879237915,-0.7403740819180613,-0.7070072556548408,-0.6979946220515582,-0.682134910642765,-0.6688972603320396,-0.6591833265390964,-0.6631677808964034,-0.6558281752337743,-0.6521051597083332
reciprocal,0.2450166142729329,0.2333487126918992,0.2233949950185662,0.2171617910703278,0.214320636468402,0.2105869065770445,0.2083502298884217,0.206575688222184,0.2037513838678659,0.2050249278017903
reciprocal,-0.1853715713071034,-0.0021608010443643,0.1220544993484564,0.2123638394836939,0.2819889858391033,0.3352306948270255,0.3831922109120436,0.4254248301837486,0.4494948739762986,0.4760989846349659
reciprocal,-2.3511029431270454,-2.079722730470524,-1.938745746007321,-1.7893227594711685,-1.7036139160097488,-1.636520358782137,-1.584137129222608,-1.5298420501676628,-1.4757780931421698,-1.433662909532229
reciprocal,-2.052257846165514,-1.7560326084918316,-1.6523912583632008,-1.5133223641659828,-1.459274532579772,-1.335305089551124,-1.3069634935528427,-1.201246018901824,-1.1934296662451285,-1.1768407907734455
reciprocal,3.114193416952693,2.2291759654752283,1.904579876978332,1.7632255632186566,1.5790475538784785,1.5754160078374515,1.5067172180205757,1.442928946610311,1.4496269184033628,1.3910089890518975
reciprocal,1.5558787677994672,1.3910589390928778,1.3012976756550827,1.2361829393064612,1.1763593046356802,1.1252558945361388,1.1023962119353652,1.0773676718419658,1.0733473283922172,1.0436780543196291
reciprocal,0.0753788456685199,0.2699949724202131,0.3679363389589801,0.4308219509165415,0.4729661665655558,0.525967462364817,0.5275957581050854,0.5523577918650109,0.5782485726528424,0.6031076328593656
reciprocal,3.768276974623538,3.030575487517058,2.609511457263015,2.3810373396727997,2.1896909162724554,2.054580989713901,1.9242379330348571,1.848090927641442,1.8015361793644664,1.7262465138528935
reciprocal,2.415828320253508,2.1267261304912477,1.9504108723611904,1.8808213746247997,1.7923513142000862,1.7695379917400793,1.7248134461312483,1.678326425116189,1.646153680989704,1.6239648888834053
reciprocal,4.013774797344503,3.371194654211351,2.987963056968117,2.823865082441892,2.6509854302582383,2.562534061970081,2.4923131712191653,2.431609144143692,2.359512431857916,2.354228017371644
reciprocal,-2.8505575929834106,-2.488053356909268,-2.352853130793417,-2.2088386588613207,-2.063260218962605,-1.9100973696313848,-1.880822954262915,-1.7849245483314469,-1.7972725480260268,-1.7828814349304525
reciprocal,1.193413113502091,0.9005147217496313,0.7115207961776392,0.5658501008394221,0.4603610709550286,0.3502903632528741,0.2867759131278402,0.2548561249255904,0.1924576220081678,0.1653444445392537
reciprocal,1.2101640872721338,0.3536616333487644,-0.0689998503103069,-0.3194270268035262,-0.5072592476479263,-0.6089588578573791,-0.6936809266298446,-0.8042879702038681,-0.8325898692075424,-0.8976286518919826
reciprocal,3.377520956320468,2.907574840485525,2.6375655811981527,2.4850067458591094,2.4016988186058854,2.317529618970463,2.2272956600339504,2.170659126849177,2.1637896217915964,2.122522642663219
reciprocal,-2.4436044975158357,-2.1089336576103226,-1.924608062249909,-1.7983628687190958,-1.6784087491767117,-1.6196355741882522,-1.5393651006747069,-1.5003621742639606,-1.4467407846930864,-1.4053493177721603
reciprocal,0.0088981542867948,0.4088696734234037,0.7385227473607608,0.9145236730523502,1.0182936950252583,1.180239068610128,1.2397790701713978,1.2921070874848295,1.3375955473568608,1.3790333902634582
reciprocal,2.683417959696209,1.8493845897616883,1.4026198211161152,1.2443499218447502,0.960502880417196,0.8418600777838439,0.7735807999675415,0.7086683542335297,0.6098026613255106,0.5084497855211221
reciprocal,2.2166942836552024,2.1369545609266534,2.079044949924573,2.0378227348287603,2.0165421770518703,1.983306973335596,1.968123961518797,1.95374384236498,1.9326859091399364,1.924612181780455
reciprocal,3.5379792235055887,3.074000373774732,2.7993828151687072,2.6290366159116,2.4773664561254773,2.35021474563886,2.2989744590893024,2.2195156381335583,2.2156181457176034,2.1866379012012285
reciprocal,-3.296977373955473,-2.5908531787642977,-2.2400020244309085,-1.950521321833819,-1.7649041053098171,-1.6719064642994783,-1.503377335854727,-1.4389010619324476,-1.3731211601024875,-1.3325402980197556
reciprocal,1.3098135974997829,0.944382874511734,0.6907529181234396,0.5623414817994233,0.4846239981310841,0.3950372062226438,0.4099474138180367,0.3320528232659754,0.314091059684081,0.3027797204532257
reciprocal,0.8909453891770535,1.145703812383924,1.2584605551471744,1.3117900036555636,1.3611298376562428,1.3825656128069816,1.384438267837263,1.4023284518153416,1.4109302127994323,1.4260119858467424
reciprocal,0.0891657934006468,0.0571402600442686,0.0260336520068751,0.0077175738467118,-0.0125426823898201,-0.0224778853529924,-0.0339671567866837,-0.0467180455550154,-0.0519445775723526,-0.0557433451598182
reciprocal,-0.4710343112839299,-0.235024595359702,-0.054736855835121,0.0553647943333502,0.1374712300832729,0.2124258043109136,0.2752090748994571,0.3238492064326326,0.3546572633339076,0.3972336904771234
reciprocal,1.11212051460587,1.2347583004303906,1.3128770260552098,1.3720058825509067,1.4398058404408591,1.4422691415737907,1.4685853539799976,1.49467193368108,1.4945043242958886,1.5252312228215068
reciprocal,-0.8372547092991969,-0.7694329589513902,-0.7269070734067262,-0.7002523118204419,-0.680439700739658,-0.6673963522091421,-0.6519571554852023,-0.6434302792349901,-0.638176858466532,-0.6265300553100278
reciprocal,0.4445671570861843,0.4240827512963447,0.4124748862869756,0.4019789224361805,0.3963339450352532,0.3879386598355122,0.3846351359889192,0.3831021699732234,0.3792810862334499,0.3778177579359292
reciprocal,-1.840252795851976,-0.9864997506452992,-0.6552437323306564,-0.4520072059777806,-0.336296273466786,-0.2100809619977937,-0.1639490217558193,-0.0734584030167815,-0.1102447487865421,-0.0281855998966049
reciprocal,-0.7797245388443776,-0.619524556635594,-0.5522335609164728,-0.4417155241469817,-0.4184682190310405,-0.3934043052812456,-0.3665289341940976,-0.3415905508403772,-0.3501843715271452,-0.3342396865455923
reciprocal,1.5014651306825988,0.7279813591629486,0.3690411953369857,0.220650851061289,0.1169482840491422,0.0172655911030198,0.0011302599084883,-0.0503380131869185,-0.0987030827544597,-0.1151153155756615
reciprocal,-0.9512386849128052,-0.9310421413536032,-0.9192717029460308,-0.9061795783126166,-0.9021173778991476,-0.8937605033995074,-0.8947732485330212,-0.8876541980728991,-0.8861415128006618,-0.8815926639705134
reciprocal,-0.663884139409448,-0.0584773391348937,0.2304153938895273,0.4407744341764985,0.5097639921383699,0.623186321282735,0.6795622446575699,0.6841827350464419,0.7635975818185067,0.7914719386509151
reciprocal,0.3935040057440356,0.1859690441999133,0.0398136961177192,-0.0744216529509958,-0.1466865762437125,-0.1859814665992459,-0.2322193350464988,-0.2795678265209911,-0.2911464015102033,-0.3154309250250157
reciprocal,1.1908620581042275,0.8412624301446225,0.6399893196225366,0.5241580156818784,0.4272788081285654,0.4014702804787761,0.3724529759968324,0.3502678108690564,0.2819052254587128,0.2501957653149254
reciprocal,1.9241714726739092,1.7306269437553718,1.6157469441065848,1.5581978972544188,1.5388635046296946,1.4906079166129382,1.4466597089741071,1.4467005013784728,1.426582393210508,1.397811938119907
reciprocal,-0.0770871129491023,0.1080319930480446,0.2177782510855196,0.2939696562712144,0.332670622065654,0.4090631394545969,0.4260425730758217,0.4898699551596078,0.5181645199302448,0.53164016167623
reciprocal,-1.805239589571097,-1.8382625872075031,-1.863699509954033,-1.879973948114296,-1.891030315642486,-1.9042958702641712,-1.9017920445113032,-1.91021627235138,-1.9119667598746088,-1.9172652254254772
reciprocal,-0.490619989120986,-0.8747589563908198,-1.046084013662347,-1.0992265403605033,-1.2031562670576594,-1.210908974364374,-1.2859245521905027,-1.2836167805577574,-1.3063472710917043,-1.3351844785093483
reciprocal,-5.333211558628304,-3.805793448660874,-3.1815171975501126,-2.8179186661252986,-2.5943704227046847,-2.6890305401226624,-2.462711372286215,-2.4830407072870395,-2.163579128533792,-2.2708375011691104
reciprocal,0.6717020719536684,0.0307116340517143,-0.4550842654107627,-0.6821281185553638,-0.8290426760279903,-0.9523016989614104,-1.0609651556676405,-1.2065770879532154,-1.2557180447675471,-1.2591117433994332
reciprocal,1.9072672719972867,1.5910204754508357,1.3866934108134523,1.2498394991624426,1.1663086855582168,1.0824361100761664,1.020963298451918,0.9705814635217052,0.9224123131030488,0.8914118365112742
reciprocal,1.5985674221534092,1.3851933995616323,1.2662514652424228,1.2001913602532372,1.1532305381418595,1.1245275716222058,1.1026767371801245,1.0706179518051038,1.0710643243230402,1.0431828597228443
reciprocal,2.002935891348385,1.9749964043797823,1.9640228269784048,1.954074012884886,1.9476819630238915,1.9428026768985769,1.9399340457602248,1.9368843374235811,1.9335110012532504,1.9323673746269407
reciprocal,-4.288635195632573,-2.663005159899376,-2.073305999526676,-1.717085351718932,-1.5765874859945348,-1.458327576246795,-1.31204661147264,-1.313558896404484,-1.2433405321848392,-1.253276487400446
reciprocal,-0.5270434324524336,-0.3297245317383349,-0.1695883352374751,-0.1074086620276075,-0.0090102426346392,0.0216005522539045,0.0910660166953511,0.1227609967052641,0.1545797481906735,0.2077076035713204
reciprocal,-2.084281628693515,-1.9377502548747945,-1.87003440151428,-1.8190227900384688,-1.802633667375143,-1.7863450016028066,-1.7616077009742357,-1.7643413483895956,-1.7399671684865097,-1.7455116466144869
reciprocal,-5.078828364020605,-3.659382498040664,-2.984429835280754,-2.586527075798908,-2.365324621542614,-2.3157327931473644,-2.2111984808059644,-2.09532208414128,-2.020905075810685,-1.9706143497912647
reciprocal,-2.464071282017894,-1.945135900972918,-1.6307889501039352,-1.4380840504590635,-1.3282136143965273,-1.25958038146079,-1.154677794115143,-1.09318585399277,-1.057430923292923,-0.9960836924387284
reciprocal,-1.2650409537797571,-1.3778162872697317,-1.4445245837957128,-1.494018998741026,-1.5081745379153986,-1.5466224850378791,-1.569435708440633,-1.5715220101519372,-1.5800462804286048,-1.5946715330975063
reciprocal,1.797056300169098,1.3914890092848804,1.25698019315595,1.17551681587849,1.0993923082012866,1.0845501359803995,1.0486651137830896,1.0640747422550785,1.0211471368238607,1.0245276116375917
reciprocal,3.753524976258682,3.055250163370505,2.5933922594701246,2.431436838465163,2.298089930793571,2.160055842047812,2.0304221336709345,1.9783167164142053,1.9259867882983213,1.9354844226534007
reciprocal,-3.185643865721544,-2.771016567228858,-2.524049730924176,-2.334306379853157,-2.23330596961296,-2.1245094163008504,-2.079609345230712,-2.0065884472296105,-1.959515021745993,-1.9153429686921115
reciprocal,-0.3148802855268862,-0.113741481119646,0.0205498146949812,0.1088872097501409,0.1576611103053494,0.2093408936565418,0.2459759629617019,0.282738194467959,0.3174131452546924,0.3334096005824494
reciprocal,0.0200379569960886,0.330839418946691,0.4444482549563718,0.5017583339746015,0.544729057928478,0.5650606790127806,0.580426048690133,0.5865013803001574,0.6154349693145368,0.6155328312913122
reciprocal,-1.0106647583414043,-1.3313682693311355,-1.4733446149312772,-1.554605530815149,-1.6197475137506043,-1.662550489440812,-1.7116778393639511,-1.707150505157402,-1.745138745399274,-1.76759002366117
reciprocal,-1.3541487059295003,-1.342707928564549,-1.33801022576282,-1.3328864350324512,-1.3307678031461645,-1.3265342971262215,-1.325631639593542,-1.3229832656968097,-1.3193811766986514,-1.320314045537725
reciprocal,1.6764668257178137,1.4638294327724066,1.3596767040354307,1.2815811770969463,1.246920589939582,1.2038780096079813,1.185107605536515,1.1617299115208528,1.1364303295471363,1.1281859728952603
reciprocal,2.0029527243595413,1.9693443740248269,1.9539230247922423,1.943476102735613,1.935063660570586,1.9297370912651792,1.9271806832022975,1.9216688648767224,1.919299708216964,1.918316655190455
reciprocal,-3.3121884783149507,-1.8048073963971352,-1.3074507326303688,-0.9547499905109048,-0.6797427364489469,-0.5157203773663922,-0.4528364045742067,-0.2717721298017936,-0.2486706067730107,-0.2116396369503128
reciprocal,-0.2163324128254055,0.1406972356530168,0.3664281084824613,0.5432229985188687,0.6759283644918482,0.7700987738610733,0.8617617008632527,0.8488814128145988,0.9425156576305518,0.9933083319543672
reciprocal,1.2126050830362494,0.8405243866650562,0.61267976802207,0.4691010249731253,0.3096157111103644,0.2415479252180195,0.151281372528301,0.1100936045635899,0.0481600374128028,-0.0123307998307416
reciprocal,3.59966669839078,2.6645331404234534,2.2850482758668087,2.0108291162161684,1.7690280486664471,1.7436045328796737,1.5436425893818513,1.538904098038343,1.5507731521944117,1.4730301404152035
reciprocal,-4.253535735190487,-2.847350814723021,-2.404949965676441,-1.9599349180767784,-1.7263423090456396,-1.5047567039673535,-1.4628986778775503,-1.3815598632888513,-1.2286740261655424,-1.200992137666746
reciprocal,1.0901685828996384,1.260067470140704,1.360220084012089,1.4294756701769955,1.5055616292575886,1.5785510068472106,1.5792429600523423,1.6005664978927163,1.6245551069145454,1.6649392940871257
reciprocal,1.95540732904172,1.520743474805847,1.2689271510746225,1.1007059573557965,0.9966900782256451,0.8863369785107359,0.8250675035463435,0.7760027603654477,0.7561859205676443,0.7090689628864322
reciprocal,1.1107621314332796,0.431119015147291,0.0522897929196667,-0.1827193640774816,-0.3337021315510495,-0.457779527783935,-0.5351967315307777,-0.6546795095697197,-0.661013267202307,-0.7399960311020602
reciprocal,4.579637106449488,3.242004915079604,2.502063276460213,2.248514795034954,2.1387140764663517,1.944045232188707,1.8203822353822507,1.8554076427580763,1.810787767521676,1.6737143300982162
reciprocal,-0.7469580915146861,-0.533076316067079,-0.3441181199091439,-0.2392775860039284,-0.144822952185653,-0.0749628210390792,-0.0307143038281807,0.0270372583139537,0.0477960849637567,0.0930612001654936
reciprocal,2.852944954623092,1.6161123814368583,1.118644660054911,0.6329130086726676,0.4548860714650158,0.4114088221395646,0.221952521643235,0.1563837240048358,0.2362895507073435,-0.0022145951175972
reciprocal,0.4892655035183123,0.6197291995687162,0.6940558096645947,0.7328241823539681,0.8000008062866293,0.8305613959386677,0.8575440057853535,0.8898956954459073,0.8971075224571334,0.9199126668447536
reciprocal,1.8016739871735827,1.6077752141956865,1.521137761335613,1.403283288299538,1.3479856835226318,1.2970699408117934,1.2585321318330678,1.2256855356226326,1.2191771042164157,1.1586008897972604
reciprocal,-0.4784591217845249,-0.5131320746261564,-0.5312548026497961,-0.5456774142525548,-0.5546481479181283,-0.5627525781793367,-0.5681142528766508,-0.572669048773127,-0.5765356268653715,-0.5796338177032659
reciprocal,2.359986924007706,2.1532690950186923,2.093648673064811,2.0511897762390854,2.02780055279601,2.01024513547819,2.0007189100814764,1.9890346864615869,1.986826458198676,1.9760488839793977
reciprocal,4.522524359066827,2.798179910169144,2.141850421855656,1.791781378610162,1.5067678444086017,1.2634335728949888,1.192119512763537,1.0806780869878645,1.0486534043314713,0.9506031287214312
reciprocal,1.188042294273501,0.6673914233478024,0.3868424927610431,0.2164240862935779,0.0700314569710917,-0.0414678151952597,-0.0998102526393517,-0.1408432283496998,-0.1644233714203388,-0.2211564580732932
reciprocal,0.3500063810246347,0.0876567010713391,-0.0445275331804382,-0.1427797180279766,-0.2168600961822665,-0.2622008265379522,-0.2758434036851955,-0.2664489463382632,-0.2868613092292777,-0.3446368988954357
reciprocal,3.553728844946186,2.700416520097463,2.3096381610817827,2.0298999088166245,2.0032799853077154,1.875292790409267,1.7963508675201532,1.6962509194682895,1.6555380072395949,1.6641841422754136
reciprocal,2.496939226111331,2.2927684027934334,2.1506580514960287,2.073756067336414,2.067158045438596,2.0118423901433493,1.9687556895516063,1.9589465413166172,1.963160533802648,1.9495676186851865
reciprocal,2.0825712935657146,1.7583405904381209,1.5290632256699983,1.3875593899063348,1.275751221324478,1.1787799436492294,1.110798995846895,1.065929795995855,0.9941710959348716,0.9684820979705396
reciprocal,-3.132967628569589,-2.405958820833693,-2.162621570865464,-1.9425693487856412,-1.8532780718396455,-1.7143587929423707,-1.638984922190197,-1.618502138956666,-1.528179782200298,-1.682941148893325
reciprocal,1.262682380417602,1.1503662712337168,1.0875513490313462,1.036649825210213,0.992552895911472,0.9528473669330784,0.9527816603947338,0.9091939613230654,0.8932474249384621,0.8918255597459571
reciprocal,-0.6321446081282572,-0.3645939052453593,-0.2140052201917077,-0.136755492585521,-0.0653743896902949,-0.0253233427615446,0.0142686740909743,0.0397206792381702,0.0745737001378851,0.087387787616758
reciprocal,-2.947977786238377,-2.5250927464604898,-2.2569173477658686,-2.0920044291714235,-1.9320668162652184,-1.8638769036130995,-1.7554305095866405,-1.7159357104676998,-1.7155587463276831,-1.6472033771771746
reciprocal,1.5310376124390594,1.5498876945724418,1.562510377299488,1.574240759234696,1.5794280003908463,1.5860370457021244,1.592037789624749,1.5940351200880316,1.5991606529529707,1.6015954658080305
reciprocal,0.2308485986065258,0.3421230696816366,0.3926941576448851,0.4287597894263086,0.4500145987917115,0.4724374938638593,0.4768014366160802,0.4937653386947551,0.4947263585943914,0.497090320818911
reciprocal,2.48062286388672,1.803263259735965,1.497419980193394,1.2261132175501823,1.1035017946523733,0.9236356429736946,0.8906949547585337,0.8377961788164652,0.7717994695635375,0.7439734607188373
reciprocal,-2.916767117879689,-2.662063396061209,-2.4662331883694506,-2.3774129921383675,-2.31909185849423,-2.230247062514407,-2.1995308403869056,-2.131562426883605,-2.097724697653599,-2.091616908909711
reciprocal,-3.217113760298276,-2.7183836816326887,-2.4929727638297603,-2.3138563862552317,-2.1433130351445318,-2.0674924654859783,-2.016833472862375,-1.98720965986598,-1.9339372668652768,-1.9205557245241012
reciprocal,1.17160309032051,0.9513163429938168,0.7733051643963491,0.6539618273312378,0.5962552366075076,0.55684980912346,0.5001927418501052,0.4531356704903135,0.4491413827776226,0.3950404994338195
reciprocal,-2.493618793299618,-2.1890464811353736,-2.0238350860876464,-1.8644271007471425,-1.803329996960419,-1.6703322012681885,-1.6667236084674577,-1.598068785904433,-1.559086930778111,-1.555999210109848
reciprocal,-2.349284644963768,-1.980107792001618,-1.7490529460445114,-1.5854485490506285,-1.4707270177470704,-1.352501969517962,-1.2934765294210313,-1.254618382258468,-1.2029660226212515,-1.1550286490721595
reciprocal,1.0953091646448638,0.6817259061602883,0.4764314847875463,0.3359456446925341,0.2680934137693593,0.1486289172711732,0.1430472201536938,0.0326931567374268,-0.0034103819834467,-0.0077358604248865
reciprocal,1.7666870864910762,1.6839274114398743,1.6261573169484065,1.5780676039764214,1.5572269025831684,1.5334401049596151,1.5173158480160591,1.5000169049338492,1.4819516966467157,1.4953807224785125
reciprocal,-1.4057446110134657,-1.3263578771993236,-1.2818606979456009,-1.2503148474534604,-1.2206150670272304,-1.2062012424272093,-1.2003862985684357,-1.180838764830946,-1.1719309282685884,-1.154910435969117
reciprocal,1.7269382184387316,1.6331967445246205,1.5640097575600975,1.5227825332861735,1.4938133523746808,1.458169370260367,1.4436726868052825,1.4314640902286448,1.4176132906949277,1.3996026079981894
reciprocal,-1.3741735508417068,-1.0186792880154891,-0.8321525866562697,-0.7203070027746671,-0.642530652168042,-0.5440364039945216,-0.44869348414758,-0.4270419912393002,-0.3749205503637711,-0.3460841936701079
reciprocal,0.5605538734181484,0.8051180316663686,0.9163514159897928,0.9669074238885526,0.9977471639926456,1.0203175831693834,1.037089675835276,1.0440524570450342,1.0673132597058612,1.0600674956038096
reciprocal,-1.867066033685782,-1.8481247755473424,-1.8331774782058208,-1.8246921554702067,-1.8157095289826504,-1.8096322985918727,-1.803004615425305,-1.8020899782688615,-1.798485594402122,-1.7962545333459448
reciprocal,-1.284259807925991,-0.5365315451986075,-0.0482596387444525,0.2147060496586322,0.3015768677317119,0.5273299785561503,0.5709787659768303,0.6191862553890165,0.5958612883180906,0.6451275319737259
reciprocal,0.6943255470862543,0.3424741688948435,0.1554482884705802,0.0143283367660907,-0.0593120629053771,-0.1161438134587857,-0.1650142740470904,-0.2164072025471274,-0.2746488299234737,-0.2936455761087634
reciprocal,-1.4448808669268025,-1.3516724466398733,-1.239014506139318,-1.2148075436557986,-1.1422227176677846,-1.124234609779665,-1.083472349387231,-1.0459164868555135,-1.0275630104427025,-1.0310567023001118
reciprocal,-2.806410441853786,-2.349872273923666,-2.0679935045539755,-1.8968442025427443,-1.7791835564270662,-1.704336066966064,-1.6348140640447122,-1.5785017353472806,-1.5192630495797947,-1.5060739770834697
reciprocal,-0.3557774840553644,-0.5218290333359139,-0.6197428943469668,-0.6895733710361522,-0.754374084811725,-0.7871225627123747,-0.8292052762460106,-0.8566352533857752,-0.8801853283835366,-0.8985740198278909
reciprocal,-0.9468481861045942,-0.1344539223351108,0.2990390983313024,0.3394843639513942,0.5381888691335301,0.6659947313696188,0.6493738447973341,0.7111539380961315,0.8554412758596289,0.8530492167006635
reciprocal,-0.3906684141993866,-0.636237669496145,-0.7823548814750612,-0.8884529100718592,-0.9602607672148484,-1.0028595961148952,-1.0507646913529844,-1.086157964819658,-1.11165219243068,-1.1449186299492755
reciprocal,-2.7441240824360964,-1.35907092956647,-0.6100766941999112,-0.3841963664940747,-0.2421118201393107,0.0110808278038302,0.1210778659044414,0.1168303431422595,0.1112733876018491,0.3394381989180391
reciprocal,2.921337204508635,2.50174244121883,2.310798056762063,2.1831778323080435,2.100646308790113,2.051579102414208,2.0190238926095363,2.007127554647525,1.9508870349172127,1.9376462480409768
reciprocal,1.9929371451732791,1.2982136976801537,0.9140056391786474,0.669347376203022,0.5045799543635668,0.4155309950151767,0.2622280671868891,0.1994113461493764,0.1335930366011409,0.1042973195301413
reciprocal,-0.3881560704985549,-0.2598001216269703,-0.1799060009778977,-0.1290637301136432,-0.0956187567162283,-0.0676881316057656,-0.0324648364046041,-0.0205506445849358,-0.0029501555207615,0.0174707166009958
reciprocal,0.6406484462238567,-0.0170627411254683,-0.3739180153580527,-0.542872933819939,-0.6488953729836376,-0.7884743993969534,-0.8452573413239132,-0.9248443959479252,-0.9874157772178356,-0.9707615531165747
reciprocal,-0.4701136786219918,-0.6867037800748653,-0.8042485424677316,-0.8406923665608219,-0.938639076444426,-0.9562318711806832,-1.0374534189683668,-1.0504520247846474,-1.1097190298454145,-1.1092717112787105
reciprocal,1.761152880765377,1.5833337905980551,1.4075098918140678,1.3221643680931574,1.2604759216042634,1.1822383670335004,1.137998885937826,1.1040604849490403,1.0395998313287576,1.0812404157888602
reciprocal,-3.701276563665876,-3.1467962887844507,-2.809108186068778,-2.569514998681662,-2.453254337831756,-2.324978089788761,-2.229966889130777,-2.201805226759038,-2.153054852422799,-2.129493653946521
reciprocal,-4.51653484744762,-3.631186464801753,-3.27933734096915,-2.983643929391432,-2.8113669978105857,-2.699403871865514,-2.609939596565284,-2.476069023117825,-2.4517361300220424,-2.36951767289661
reciprocal,-3.7859652117321256,-2.074838577909337,-1.6658896883387695,-1.0109091478666652,-0.7725707517791262,-0.7268838869084393,-0.4081566246083942,-0.2885496998732131,-0.216975817262408,-0.0952829719681965
reciprocal,-0.0057646310966039,-0.5600205946980455,-0.8948579872525306,-1.0952670138583014,-1.2434898330078914,-1.3061600863216505,-1.3898303395971794,-1.46335863868447,-1.4879411189644856,-1.5423673093143937
reciprocal,2.779584551851498,2.4955237002470185,2.34474795841473,2.1982343849090737,2.133326705532506,2.0443478821787946,1.96898491169384,1.876156753207376,1.860768395908892,1.8220895941023536
reciprocal,-4.520936154987151,-3.295321964332562,-2.8082294644615127,-2.5538894916701667,-2.3027778340243907,-2.195808626012969,-2.034399555721772,-2.051107194888993,-1.8839460230494445,-1.8937627609739112
reciprocal,3.036603313388893,2.2779724069608376,1.8980984838461776,1.671776783960201,1.517817974941557,1.3717565825087128,1.2746849006657932,1.2213078540418454,1.148178635386796,1.1088586498681232
reciprocal,-0.194228899841267,-0.233228256721515,-0.2531560546345978,-0.2646834683205433,-0.2714863384774628,-0.2760215277442054,-0.2824647052435072,-0.285673790148614,-0.2860779866515002,-0.2868917646946367
reciprocal,1.5525311956147032,1.3036775669183278,1.1659190229218304,1.0730893486657542,1.0046913315131556,0.9601038881307482,0.9146400205613338,0.8722712526317017,0.8501347758764077,0.8248907318812361
reciprocal,-0.8862584465750397,-1.268081181310123,-1.4149660011842695,-1.5045418350223123,-1.5920827153744788,-1.5968181705106643,-1.6360194491109377,-1.664575539015837,-1.655933405532483,-1.691065422214757
reciprocal,1.0370440537985064,0.8710439357009664,0.7366468752869375,0.6496558852963811,0.5801994704550296,0.5311987573219445,0.5138788433382415,0.4644070990334052,0.4504259843547941,0.428658930531097
reciprocal,1.6090484238216936,0.988731584036166,0.6464553608080673,0.3546098156666106,0.1612776720905524,0.0733528350070397,-0.0677146770738656,-0.0942966688550764,-0.162054104779716,-0.2537407934374485
reciprocal,2.12137380327126,1.946952455132429,1.8409366277538168,1.7548588199353026,1.6788273728806755,1.6346011021651383,1.6006167083027731,1.5471032715515034,1.5001470345881482,1.489013489565313
reciprocal,1.6535151547705165,0.6789243487426333,0.2009474133004521,-0.1111640040663513,-0.3290630545985792,-0.4887311268923845,-0.5558926978162402,-0.6876555295544723,-0.6681895573311869,-0.7395620573665624
reciprocal,1.2215505408864584,1.1769530830840422,1.1509907246511824,1.1252699975485196,1.1149892334516225,1.0977082888531062,1.0868098593095632,1.0822654342134417,1.0762350941309036,1.05732157157238
reciprocal,-1.264319294327754,-1.0751306908760476,-1.0285664891063704,-0.9440947290678292,-0.9183241583951924,-0.893276071681099,-0.8591643584266697,-0.8476933643138046,-0.8328341402670076,-0.8101783473849865
reciprocal,0.5819934664145227,0.0392961979501945,-0.1946782484713229,-0.4083941477117725,-0.4368909164420239,-0.4394023266269783,-0.538972024147883,-0.611149661106217,-0.6755818134396159,-0.6143639816656028
reciprocal,-1.486244282769119,-1.5038607125462131,-1.5180446255630735,-1.527081785097144,-1.5349026920459137,-1.5366450059879149,-1.5439706428563729,-1.550656160925154,-1.5500225589563306,-1.5536973888172134
reciprocal,-0.7690710638185413,0.0810764823158948,0.4427843373639998,0.6126825016054842,0.7175317460326353,0.7764909604493688,0.860870353219222,0.8911001091107424,0.9221189952962638,0.9689895196125794
reciprocal,1.8631233116081856,1.4272856473883213,1.2096409186967438,1.0124725436979212,0.936395895803064,0.876043269070996,0.8072609116723646,0.7840161281407301,0.720038729655401,0.680089541080705
reciprocal,-1.4761324532893303,-0.6012928786393521,-0.2728176718628206,-0.0590791869836681,0.1478751836949129,0.2685501249640966,0.3406265442935023,0.3670922445931027,0.4623465768742525,0.4182581267115504
reciprocal,-1.0825305931514049,-1.0680554306530046,-1.0591056776653631,-1.0518858080498747,-1.045513981903788,-1.0426397631052513,-1.0410461674037852,-1.040261900113041,-1.036717208629706,-1.0325170409357634
reciprocal,-0.7117574139147486,-0.7420869927609601,-0.7553345684724769,-0.7767684408934983,-0.7829310036530008,-0.792064927180115,-0.7993758546926604,-0.8066383263796322,-0.8143866434324822,-0.8176292438423307
reciprocal,-2.3841249207882536,-2.195523139285668,-2.12269424619565,-2.046477329546621,-1.981276698118368,-1.9063999927584283,-1.9097315332487013,-1.8566331293126308,-1.845372645513665,-1.8126814262678288
reciprocal,-0.1974753030911075,-0.9613573328250156,-1.297366719185724,-1.4612426301108217,-1.5162637295572414,-1.5180919232791217,-1.6298389782508769,-1.633456748284183,-1.6613749635485786,-1.6827303043257869
reciprocal,-1.5130271024751374,-1.3622808746959294,-1.2734188828006163,-1.199548994127322,-1.158750366651803,-1.123206464364621,-1.0962106803887486,-1.0643814037761177,-1.045471612494285,-1.020087912621999
reciprocal,-2.386965441666415,-0.5908245966722515,0.1460759202882186,0.4455102575649592,0.6029782090554753,0.8585603643793323,0.9740546282290184,1.0293076519684206,1.0555506129236407,1.097651928788642
reciprocal,1.4485678131498214,0.8692953297759801,0.6394311104620447,0.4641560757917399,0.3375727239065614,0.2737153693082175,0.2150285411940379,0.1496785689126815,0.1217238723521083,0.0865400974750895
reciprocal,0.4931878133937516,0.2035540519940704,0.0662139525151063,-0.0343679153167691,-0.1295801632036024,-0.198882963848163,-0.2430126634205127,-0.2941986481137639,-0.3169887298272772,-0.3921900869334302
reciprocal,-1.4280845453776685,-1.0810408145711534,-0.895362468583035,-0.7931829046845487,-0.7533472740260506,-0.7016099989729961,-0.6711701820113026,-0.6472971791833358,-0.6348820424248193,-0.5995892054352288
reciprocal,-1.8862119740875027,-1.2968516091235038,-0.9805947914219209,-0.8250870344014485,-0.6532829968941198,-0.6088571444474056,-0.5348521134197343,-0.5059918331312383,-0.4685980467083914,-0.4192511660505084
reciprocal,0.9920185788123604,0.9499305181038784,0.925148943104034,0.9158914120470216,0.9062035057452302,0.9020067392352236,0.8958823943933051,0.8919082077229281,0.8931303571096031,0.8934509166612485
reciprocal,1.2744523817841795,0.7867509194485064,0.4723575014399641,0.2862683709583958,0.1635132961832137,0.0730684563028353,-0.0270581751657062,-0.1047523458898813,-0.1266917705594923,-0.2045040660684955
reciprocal,-2.200189303201757,-2.008392230738028,-1.8534712352106737,-1.775591920231404,-1.6736800057294652,-1.608360811533303,-1.5378231869528207,-1.5317450492376348,-1.508824465691178,-1.4704266661118697
reciprocal,0.4822097111065757,0.7152613197237819,0.8705759573527603,0.9631483751208864,1.0487459942896675,1.1147861557095955,1.1732777320831358,1.2190655074933596,1.289463529893542,1.2920277421158826
reciprocal,4.84309205912014,2.9439898168730183,2.1266474089457272,1.736889920954249,1.5222531160008927,1.4254446600211177,1.2268036577038794,1.1802835941720389,1.1295596404062938,1.0660155528319273
reciprocal,2.545830992627349,2.142316680950586,1.9051240362068875,1.8089425945622908,1.7120746302982437,1.7491483719676346,1.6340157042142984,1.5853469664740758,1.5138759723405402,1.4919921306524784
reciprocal,1.5084699807523625,1.5332702585088451,1.5464305379851857,1.5538531971944036,1.5622000609277156,1.564016667959621,1.5700683040970491,1.572293981719502,1.575144710700248,1.575444074157096
reciprocal,2.1509193336191297,1.662807127269261,1.3778051906598536,1.2316097317577694,1.0833684141611126,1.043296656150957,0.944603402044802,0.8762133603345902,0.8944235818813763,0.8455743463167947
reciprocal,-2.519088360270176,-2.042323546737625,-1.834839377334681,-1.694093062733222,-1.6628623838731222,-1.572875491349629,-1.4973320731841466,-1.441216699470185,-1.441944590333205,-1.3969829987450662
reciprocal,-4.355809568607623,-3.545818406085756,-3.102211973404759,-2.790023486090252,-2.6621005073928723,-2.547614010906245,-2.3853664094145173,-2.3734935708765823,-2.201842970904033,-2.300580060335804
reciprocal,-0.0216865672971198,-0.4101949953325223,-0.6173488550132387,-0.7166504411148686,-0.8101899149562762,-0.8733414771149954,-0.884167966045014,-0.914309287738272,-0.9636435028230168,-0.9692004631068772
reciprocal,-0.3317171787188744,-0.5052664861935382,-0.5707366486120998,-0.6341400060095475,-0.6678190674760462,-0.6965159722359646,-0.7140555168471794,-0.7335680470136158,-0.7459736295010306,-0.7588963072774433
reciprocal,-0.2089984466910504,-0.7077820495478543,-1.0140020343096292,-1.153414065168164,-1.2991313106275006,-1.3540791051365784,-1.4034579946942234,-1.4288746305664213,-1.499400711300613,-1.5258660893428229
reciprocal,1.4643084555581205,1.1249344678427484,0.9556211575653528,0.8271156800596973,0.6907458243696847,0.5563279356954011,0.4646845594579364,0.4238226278767439,0.3926434880272993,0.345384370691746
reciprocal,-3.2142802935933736,-2.885089109587844,-2.6524234307886427,-2.515156402124189,-2.420095935213695,-2.347798010852263,-2.284806793202521,-2.1439624177797745,-2.196624025781908,-2.1617645378825263
reciprocal,-0.0370145127435214,-0.3432176443278824,-0.5429988049835254,-0.6597038906711592,-0.7570914741746748,-0.8601551567732995,-0.906345897101877,-0.9644820875944726,-0.9960973028698537,-1.0350154298450924
reciprocal,-0.6048028034633119,-0.9842684277744184,-1.1902186597686892,-1.340011284497863,-1.373547766728452,-1.4295552841364754,-1.5417605877843894,-1.5505181732269455,-1.545289567546626,-1.5944871201776207
reciprocal,-1.274252652912104,-0.2432108299581179,0.1862742394416133,0.4605355150061069,0.6581541238527383,0.8092256442671513,0.8910480502675188,0.943324426702687,1.0405222077034413,1.0740790077091236
reciprocal,-0.2167254195267342,-0.2938842044282605,-0.3413140417760313,-0.375582965522671,-0.412426985834158,-0.4253920671611271,-0.4365175519331327,-0.455291095022378,-0.4470815885713635,-0.4622731431471509
reciprocal,-0.7743518858530997,-0.7492281919385272,-0.7358752319723343,-0.7275165790247885,-0.7218549489672019,-0.7181521205397994,-0.7152508413561175,-0.710464359809228,-0.7100632151984471,-0.7089804109587494
reciprocal,-1.623107113130422,-1.6481718439204205,-1.6661987191080831,-1.679092175718602,-1.6863047482685267,-1.693663957903702,-1.6996500657684397,-1.707499651006945,-1.710572872994136,-1.713856322688434
reciprocal,0.0527046050932321,-0.051652574066771,-0.1084238889378036,-0.1522458878969059,-0.1839721576146836,-0.2205284414160863,-0.2378416471660598,-0.2540202038333095,-0.2559583592151802,-0.2717827307028129
reciprocal,2.829195092724885,2.526799346814876,2.3528119799643648,2.2438265818962853,2.16466130989698,2.096255712364949,2.031896851465892,1.9999659691238192,1.947866710703054,1.942833202713088
reciprocal,-2.797283468223183,-2.2996236932138334,-2.0137103004148678,-1.8319788877573249,-1.722158831066877,-1.5952210967011604,-1.577579079981421,-1.4533043109784074,-1.3811604364731465,-1.4071493793405565
reciprocal,2.0392441123220446,1.6887950280163049,1.4713540214962333,1.3409528567361015,1.2384747243564018,1.171638177389343,1.1071145460930218,1.0628839796501708,1.0323542280141202,0.9901343300600766
reciprocal,-2.4819820750314423,-1.5727334678065457,-1.3585368661298292,-1.1263141657379927,-1.076147569196173,-0.9763312186403146,-0.9653307125894904,-0.9284530877594682,-0.8388754038977397,-0.8396454593057696
reciprocal,1.3793430964962337,1.274129622844548,1.1946919881610316,1.1484491650136808,1.1090560010052646,1.09913498191469,1.0839190044019222,1.063561175625361,1.0361310829645405,1.0234649829427578
reciprocal,-4.334533503243202,-2.925230978106599,-2.34568820814128,-2.045051614650724,-1.8174817135650376,-1.6409378649269897,-1.5350526970399383,-1.4726645259724924,-1.3685122794841742,-1.355364639106768
reciprocal,-1.3728959609073197,-0.6042353413791797,-0.2437897018291277,0.0674473918307354,0.2706803524463709,0.3336390079669072,0.4477829633237876,0.5248461959922309,0.5858186327911972,0.61266409265557
reciprocal,-0.2781840325291583,-0.4074268359762323,-0.4842612941073746,-0.5393062032363953,-0.5757048186760494,-0.6061295030298272,-0.6324721740344144,-0.6518521259589466,-0.6678162071905475,-0.67583742427797
reciprocal,-1.1256971515545755,-0.8141294740527174,-0.6968439282013598,-0.5896006242869012,-0.4962146962305359,-0.4142666965811775,-0.3730509142667637,-0.3165104266399685,-0.2985610694932553,-0.2668264601587236
reciprocal,-0.5681727781908072,-0.5204968425616052,-0.4795868425981637,-0.4505258475342368,-0.4251609965375447,-0.4129349566757334,-0.3978489405479654,-0.3810193363663324,-0.370190058553267,-0.3639911079507441
reciprocal,3.328923970114555,2.783447442289155,2.4922669638784845,2.294953043881614,2.1833378497517386,2.081062218242602,2.025228628471276,1.9797684792121184,1.9408902926358165,1.893595537749022
reciprocal,3.0449967482179514,2.431317685984141,2.063844467157606,1.8168400038482209,1.7201363212193654,1.5749065532766788,1.464225366736165,1.408771791961664,1.332743694588134,1.2502717998272297
reciprocal,2.48504809159242,1.8596216378076167,1.4785162686623805,1.3094171385859,1.1503436044348188,1.1170173654433455,1.0775068198318292,0.9821829862448196,0.9538169735221508,0.9200530695067924
reciprocal,-2.846620788634733,-2.173409896790372,-1.8428129143558276,-1.6211475679766445,-1.4800595846506974,-1.3678896003068175,-1.2739287157624968,-1.2044912224132136,-1.1912223750130495,-1.1210016519745083
reciprocal,-2.8352500805185072,-2.3604010384464376,-2.171570584741423,-1.974697212604293,-1.8672329721628,-1.733504525798218,-1.7818051839359752,-1.6740290186211508,-1.663809086035127,-1.568973699402071
reciprocal,-2.4987001722081006,-1.3434619651606992,-0.9263122493659371,-0.5351087522369257,-0.3488904207461047,-0.2799564525140109,-0.1328283318706721,-0.1647212894679912,-0.0026172604461707,0.0659630994637962
reciprocal,-1.3736074756987793,-1.4178044458212118,-1.4462195282140404,-1.4648023496621654,-1.4841715589124302,-1.4912415210856227,-1.5036182535329188,-1.5093041484819905,-1.5166709489095462,-1.522390419975795
reciprocal,4.433504208121988,3.401979873888004,3.0028713768482467,2.7222026442758867,2.5744122572891484,2.453101145952883,2.3327355919778587,2.2905883575136805,2.244655710338697,2.2126254393055707
reciprocal,-3.6310923641590462,-3.073026903872919,-2.8228264665527805,-2.6148320718225766,-2.456930347658248,-2.384396097232593,-2.287941747827144,-2.238790478118447,-2.1232776899177748,-2.0949007914713103
reciprocal,1.248380286679997,0.6263472157251172,0.3469792582390316,0.2272499534994508,0.0936127457662844,-0.0293573512991507,-0.0474561509211457,-0.1295730315046945,-0.1147007146854274,-0.1525797009984751
reciprocal,-0.3122768985751913,-0.6057571182069915,-0.8728483368750286,-0.957241704462362,-1.0881026186014973,-1.1501888552503026,-1.1546219995392804,-1.214775687820515,-1.2631679648069445,-1.299738365946423
reciprocal,-0.7331498015879314,-0.3230442559406472,-0.1309430414300084,0.0991732007395225,0.1963554778971156,0.282725155704384,0.347413849907523,0.4463282877283918,0.505423959756178,0.4934421283655101
reciprocal,-0.4052171059593577,-0.0866605244929861,0.0806976938466384,0.1822219358947562,0.2731474597526139,0.3259045848845747,0.3540224693527365,0.3960362275171825,0.4292089704092577,0.4418555992128515
reciprocal,1.1378216552119782,1.2581535764297456,1.338501504030872,1.3976677851409969,1.4379918884634075,1.4683303770208704,1.4967730260011554,1.523766018405338,1.5482740024777877,1.5607494302955585
reciprocal,-0.3394414678851233,0.0262436918084363,0.2589237499598291,0.3699986866634701,0.4722140414003817,0.5559486183592982,0.5920306525326469,0.6234907741014037,0.6611780445586748,0.6842962549683762
reciprocal,-2.202852966386475,-1.9977563630260955,-1.8605008318332583,-1.8092298886924367,-1.7419912691804538,-1.7244941167504615,-1.6862686708640615,-1.6725042222383566,-1.6421917785154974,-1.6241226259620605
reciprocal,-0.0705422010186326,-0.2019758792977341,-0.2531539345364022,-0.2832036472156892,-0.3122982951759711,-0.3374651091322123,-0.3446871415353884,-0.3583500018079083,-0.374795542424199,-0.3739732048796489
reciprocal,1.5015262769645947,1.0882765939626775,0.8479159315628888,0.677620988048108,0.5508017882485923,0.4328302735325662,0.4359119127668578,0.3335953026293258,0.3404572512414532,0.3098187351341097
reciprocal,-0.1084591670184637,-0.0436831598049302,-0.0124283298192612,0.0123288113943508,0.021720818220891,0.0315898402419529,0.0382692914458457,0.0441997672836295,0.055962487055514,0.0553389752144377
reciprocal,-2.3886071800713613,-1.9458365163464584,-1.697973462065204,-1.564950558534736,-1.4532170304596457,-1.3651303161724602,-1.3261535538095095,-1.2881227932310355,-1.2272414128746598,-1.2115736685471954
reciprocal,-1.955726109558924,-1.8367609880765,-1.7438309059078931,-1.725672211026218,-1.6828774540919695,-1.6428706098714163,-1.6337515832352212,-1.622254816379448,-1.620012133060183,-1.607963923800504
reciprocal,-3.6801399308066896,-2.7231934225185657,-2.3414752905985656,-2.146830650547213,-2.034018709083319,-1.9652910980093976,-1.866411774292415,-1.843476624905511,-1.7984959404176064,-1.7853148526180016
reciprocal,-0.8074381982904202,-0.7688598600198082,-0.746771866299847,-0.7351380878621491,-0.7218437873463839,-0.7147576675490769,-0.7096146669861961,-0.7041146983839742,-0.7032228262758927,-0.7014428628864324
reciprocal,0.6177908048346973,0.1979724319009615,-0.048271577927466,-0.2219179679991324,-0.3242399862233457,-0.3990972802915323,-0.4918746449753007,-0.489171895395127,-0.5327312545007078,-0.6074844502236096
reciprocal,1.1301028645611944,0.7251923865788297,0.4913736016038817,0.3872415255142175,0.3281034691024946,0.268160437008125,0.2551635397696164,0.2108128158181566,0.2140543205391877,0.1713068790500546
reciprocal,3.723384175934515,3.011916397879201,2.500872786092601,2.4102189514854064,2.104921683666697,2.0292121662514164,1.9036497935234615,1.7455042354838417,1.7165785169236274,1.7284626146612283
reciprocal,-1.154072696906154,-0.8388240753743097,-0.6566654409330352,-0.5830400268061137,-0.4465605828926849,-0.4041132958224642,-0.2980925496105183,-0.2958334830752872,-0.2203585583496249,-0.1759430159604106
reciprocal,0.0582738620542314,0.3464160451080877,0.5266705458966605,0.6816861719615518,0.7813527016098974,0.8640729451844416,0.9307843330111876,0.9962964231161578,1.0496646167641208,1.091654344778378
reciprocal,0.031415057391436,0.3162551041230542,0.5209744621179206,0.6339193930141886,0.7489252788193329,0.8154556086306369,0.8848439346693244,0.936584439168848,0.9739259367310028,0.9975098055304732
reciprocal,-3.223801657131162,-1.7942738737869055,-1.1993576152708123,-0.779787346547272,-0.5882985935822677,-0.415177985767977,-0.2789901373996345,-0.2150343898432347,-0.0916826623288508,-0.0217409011958835
reciprocal,2.0187275247164784,1.8947248618836627,1.764710447577283,1.7241212397892487,1.661001441415915,1.629506142049902,1.5950857716137763,1.5673040669297549,1.5480466991506554,1.5211665423166003
reciprocal,-2.322995809452095,-0.9301921123401496,-0.3668290729093993,-0.0105092318701667,0.1027978987317897,0.3813080086995891,0.3988848813152705,0.3468205280839797,0.5334527007422412,0.5066446697637885
reciprocal,-0.1164017575377369,0.266657290984296,0.3759781080191737,0.5118603319180627,0.5735371328301897,0.5952644188609064,0.6295786787972029,0.6640545399915017,0.658097690173929,0.670159222479221
reciprocal,0.8701433462382223,1.0329814382005824,1.1445120893830092,1.2196923361498142,1.2868294191702263,1.3157242945865926,1.370088198636746,1.421430055518174,1.4331209568835117,1.415851153896406
reciprocal,1.224194057518415,0.5859712044786036,0.2615176505355749,0.0759909870233664,-0.0675556378082724,-0.1805713406199696,-0.2602752097315463,-0.3061920375109775,-0.3541122760309296,-0.4055403154599518
reciprocal,-1.09719647168325,-1.143723341609628,-1.1703251336884877,-1.1945611446266722,-1.208471426880276,-1.2268164192832456,-1.2321186952954033,-1.2414920611838678,-1.244783136595622,-1.2516446681030808
reciprocal,0.8985856042318632,1.1255701245674552,1.285008484188311,1.3580716784890194,1.435858616656241,1.4440582217856754,1.5031535499863178,1.5385030661748262,1.561098932111073,1.5887745703358156
reciprocal,0.2513943609489737,-0.0737716338173879,-0.2310234347922508,-0.3691699010648809,-0.4660168459695687,-0.5196317536177384,-0.5733563866246296,-0.6070426662266926,-0.6392554253948184,-0.6739755889787631
reciprocal,-3.105976824249968,-2.852019824864415,-2.577478735410542,-2.5030052882575853,-2.349364416270124,-2.240499953178316,-2.1893973772034823,-2.1369793125625423,-2.111904729424691,-2.0548386304517154
reciprocal,-3.175900999853765,-2.278791993834249,-2.130223712939055,-1.722507190777174,-1.6985341075889784,-1.4822290554213795,-1.5721001424415657,-1.5294562079951846,-1.434322814393194,-1.423081645065207
reciprocal,-2.0791939504642496,-1.895293429138467,-1.7495946525738038,-1.621383215792872,-1.565125823831352,-1.51545928686834,-1.4602173871791255,-1.4177466536151806,-1.388856622122569,-1.3532667223668546
reciprocal,3.6581362920877054,2.376735957838393,1.87018856580822,1.5584687021981969,1.2609387938429026,1.1385668989109765,1.0333287686842487,0.9613270279048296,0.8960849366375475,0.8898484634498619
reciprocal,0.1164500682582197,-0.0243306147385838,-0.0965644908389229,-0.145744808222844,-0.1712044946895316,-0.1969135761437975,-0.2022090477014672,-0.2205266554768878,-0.2299010195482246,-0.2403667384164842
reciprocal,-1.3096289249917124,-1.3663438915677308,-1.418880521055798,-1.449914015121969,-1.4890588411185277,-1.4982907937236556,-1.5168605402784678,-1.5312345827882712,-1.542371288741641,-1.5541203879327703
reciprocal,0.3079708114030892,0.55536422174395,0.7014922741931886,0.7920263672792532,0.8600117185800695,0.9838632268355813,1.006397461079935,1.0487505571909512,1.0425211951361586,1.1099460459239106
reciprocal,0.5471372916553072,0.3669363233111094,0.2596174026420538,0.1708454483081684,0.110725220628263,0.0710425856986009,0.0118852558677565,0.0047016539281925,-0.0261411346046062,-0.0553052124651472
reciprocal,-4.97771081411583,-3.569697090378584,-2.848737776813795,-2.334343144692723,-2.1273917258058894,-1.97107510067394,-1.8409581424942096,-1.7470791661677276,-1.7565169789312352,-1.663764505639568
reciprocal,-2.6566777861477555,-2.4877792425871683,-2.354103577820128,-2.274470025892828,-2.2067314366742363,-2.1487298785712943,-2.1043157391424328,-2.0688714240863364,-2.0451226659018853,-2.0115181545458958
reciprocal,0.441348086378995,0.6449782746417013,0.7943961556685161,0.9101489439812568,0.9652389223675176,1.0179742366653035,1.07025770260761,1.104480056818547,1.1144690514955229,1.1697054423780495
reciprocal,0.8308085308736958,0.7259156913735312,0.6718455326905165,0.6122108241542581,0.5849704451826261,0.561123233817941,0.538911517984846,0.5168043849362627,0.4958366824115189,0.4850286693100276
reciprocal,1.7680835211351824,1.6008147043480934,1.4936079992795777,1.433834596477149,1.3742317742066632,1.3398229008950957,1.3065129526417998,1.2791762410766243,1.2649396529828465,1.228194125291148
reciprocal,-3.023386507137844,-2.0227450789729926,-1.6560179080651003,-1.3224048042823289,-1.1140758061693652,-1.074585303367832,-0.9350367833370002,-0.9046876995141816,-0.8624447932568248,-0.8605606001946032
reciprocal,2.119754693122235,2.0685245597428588,2.0397318074812247,2.015399039600924,2.0075187594100963,1.994508510637792,1.985396216280732,1.9786386652117696,1.971585187954656,1.9708705278270904
reciprocal,1.698888366411842,1.591652211734218,1.5288316280834704,1.4647073642691717,1.4346793382413292,1.406208985133632,1.3854544223791587,1.3740791455412016,1.3387400863543508,1.337439859233276
reciprocal,-2.9210816810411298,-2.58760657216625,-2.3004225756484447,-2.252642670340846,-2.0837002937014133,-2.0663785185678827,-1.977028299524008,-1.8799841376111897,-1.8710353812944407,-1.8962182996338817
reciprocal,-7.101225362014843,-4.2850166516341,-3.373616879252426,-3.0081544218739884,-2.8868628255736897,-2.9515503546255526,-2.632325874426773,-2.5596069995009354,-2.2844197950962744,-2.088228149199138
reciprocal,1.076560788086043,0.7958732795448611,0.6216576704930544,0.4939835900048375,0.4172236259445445,0.3220893699215987,0.2425442444920569,0.198113162141901,0.1620230445869393,0.1179968550125063
reciprocal,-1.3988440663090451,-1.1783529648937738,-1.0496996078650145,-0.9479891838445426,-0.9027252489082608,-0.8739594586752323,-0.8112559982108815,-0.7822170649551234,-0.7694082916255635,-0.7246623001235448
reciprocal,-0.6930851217298191,-0.4146809514963971,-0.2475196407651597,-0.1696339615120431,-0.1016659122870649,-0.0419312873242151,0.0635598552482738,0.0368395941368168,0.0617134831147986,0.087946809144375
reciprocal,0.7262990851112835,0.4150122968134521,0.2204041022108187,0.1099051713679424,0.0031394352173492,-0.0760395652638825,-0.1174297794396531,-0.1626355612692158,-0.2155413716206954,-0.2384163570978582
reciprocal,-0.1606639796570809,-0.0598982602030198,0.005156480932866,0.0333348733882514,0.0526143305158243,0.0822220916532435,0.0829116089149155,0.0997575884212989,0.1043198103150657,0.1081070341500916
reciprocal,-2.938691395709712,-2.56985565188161,-2.349678287719653,-2.194445001397096,-2.0494697714399743,-1.978701318526176,-1.8351910074826177,-1.8477877890916403,-1.7745966027256193,-1.7485630890354973
reciprocal,-4.67742028497532,-3.069867778760229,-2.081359384511469,-1.739728274558407,-1.505919884313248,-0.8892522444928668,-1.298308915711346,-1.0459456975589398,-0.9755205642673612,-0.9016674805164666
reciprocal,0.8695303686420989,0.9784819034650568,1.0505128249771585,1.1049399823126207,1.1397964903539797,1.1675856388676935,1.1910781933222443,1.2087445906562475,1.2254455468566687,1.235610991115076
reciprocal,-2.769952824730324,-1.234571676191308,-0.679910497964273,-0.354266146495494,-0.2399228847025271,-0.0428217230601796,-0.1778775510129923,-0.0288334789218183,0.052184506349347,0.0570867577976333
reciprocal,-1.989638193955887,-1.8403713048826436,-1.746490467879408,-1.6749206207356435,-1.6182254435849177,-1.5667790595583253,-1.5311755682068988,-1.5053171376504983,-1.481250715032577,-1.4666501671706111
reciprocal,0.882671370268013,1.242006974744846,1.3624788809970816,1.457788103968046,1.514746274515426,1.5578683645634832,1.583549879950238,1.60476057057063,1.6061834407625506,1.645897132018855
reciprocal,0.2566351233417875,0.352662828224153,0.4133549728835706,0.4323580386480951,0.4695897992653784,0.4871547783063367,0.4940156381634084,0.5116189872374658,0.5174995639811558,0.5129640668484312
reciprocal,-0.5562187642556675,-0.3724246180134438,-0.2042577505050327,-0.1199683585018509,-0.0327441535868577,0.0771090733101828,0.151444568385907,0.1761974923288586,0.1773483878680619,0.2053198897272406
reciprocal,-2.7610925943539493,-2.46558308873406,-2.3099004987238274,-2.184181180879246,-2.1184781489807123,-2.078515739270264,-2.007496325883382,-1.9898228788599943,-1.967139146237256,-1.952963692713007
reciprocal,1.5512313243415463,1.2870262741985334,1.1310557684254594,1.009824207674923,0.9543467150011072,0.883756171535706,0.8352940385626406,0.7907411951271361,0.7740780202905746,0.7583669539784631
reciprocal,3.4242498718133283,2.9000875305423457,2.66881513694763,2.5173872956552468,2.3567378663436034,2.2546749765589644,2.23907104815485,2.1700578277171405,2.082097719082759,2.075471740401656
reciprocal,3.3437273413478508,2.7527764268433805,2.3836808017898914,2.1575002760823434,1.9662879435127896,1.7900250871311316,1.7903516819933012,1.695578851669888,1.6063933892294426,1.5666710074461745
reciprocal,0.519980001570171,1.0093283096499286,1.1209840918025782,1.2950881039871522,1.36293246467905,1.392681051927565,1.4812210090846123,1.5044258359717604,1.5225062550556918,1.5971397249759904
reciprocal,3.049174828409384,0.9151091808346524,-0.1158399260988287,-0.738656111484536,-0.5731167744851948,-0.9297801655707214,-0.9987147714113636,-1.2550906147702623,-1.282655908146236,-1.140085192847334
reciprocal,0.3090963618809949,-0.2954473385972947,-0.5818959927099508,-0.718361102646464,-0.7961564066424504,-0.92264113419773,-0.916638710807047,-0.940593597106791,-1.0040505581039578,-0.9954913430305072
reciprocal,1.989225221389967,1.9806745148609843,1.9726820898328532,1.9697229304942656,1.9644662250733147,1.9640747105622032,1.9614232017032736,1.9599420660094975,1.9572905896749555,1.955059309977894
reciprocal,2.342012849805871,2.0167282797683743,1.881391033153394,1.8070014668626464,1.7553898842355575,1.7249959930347427,1.7073065639852854,1.677216310833881,1.6598331537879762,1.65552538949756
reciprocal,1.196887567661035,1.0471205982726577,0.9637861310912792,0.9090697812196854,0.8739508006662772,0.8478445365145847,0.8255062365483384,0.8060678536332517,0.7846005860988708,0.7735439189288377
reciprocal,-1.3605724062787916,-0.8175138804942967,-0.6202193483475638,-0.4823025060387575,-0.313147714233854,-0.2691462815623728,-0.2274899209163615,-0.1262414295437279,-0.1564858992354271,-0.0683841956429397
reciprocal,0.462206014294365,0.5038089034617378,0.5406287686116211,0.5675015476505404,0.5819445723193726,0.6003858889826656,0.60834104640213,0.609741160660556,0.6243219528384046,0.6292961965785703
reciprocal,1.601596399275549,1.1665887383877185,0.970692796075573,0.8298337883358813,0.7403013691710428,0.6998805315478381,0.6316371801956836,0.5833310985244096,0.5519589919232549,0.5309026044667146
reciprocal,0.5670623228544235,0.394696243248644,0.3037200381447054,0.2456165002701138,0.2088599659045585,0.1898723195605091,0.1718883888207794,0.1464641054358794,0.1313311042510076,0.1242390124271873
reciprocal,-1.5933537261153077,-1.1214146528357083,-0.621020605405045,-0.3445402739029571,-0.2693142806686036,-0.1062586893278284,-0.1254324278923274,0.0432586578252769,0.1667027584661947,0.1611418523166699
reciprocal,-1.7178674262642877,-1.4587834928256884,-1.2043831371248783,-1.0789890335643242,-0.9632733568765262,-0.9017047951587508,-0.8433409124011859,-0.7947790494238922,-0.7799093103169481,-0.7623422253168777
reciprocal,-0.6830176877816251,-0.5032377575287332,-0.4048342784679157,-0.3298093906568214,-0.2753312648807275,-0.2326552560647352,-0.2030206629916241,-0.1746658180949244,-0.1543104714702046,-0.1400950543880637
reciprocal,3.356210374831321,2.922933587914448,2.5689786898454354,2.355858963034611,2.225567134317632,2.1388566002829745,2.034299989599802,1.979252214822404,1.8991471367066024,1.904437481422644
reciprocal,1.6559991924368702,1.4400613864657306,1.316383432665063,1.2221170474769574,1.1283005970128532,1.0685597717827742,1.0237429349429217,1.0024493526865037,0.982588096171298,0.9423273355791176
reciprocal,3.936270608182108,3.080861830901008,2.6868184119956497,2.386688186093994,2.302116268826258,2.154403441627033,2.091839584479608,1.9275341051275687,1.9699628035558323,1.8495275069569883
reciprocal,-0.5920094775348068,-0.8465041338393484,-1.0209025290407094,-1.131615953417283,-1.2081008776552964,-1.2663337911049262,-1.307426691838132,-1.3268241167083092,-1.4089921575201332,-1.3910648044923202
reciprocal,1.086853390207895,1.0351908901226503,1.0093307457280942,0.9914431431046764,0.9816798495058464,0.9657216212859872,0.963140646226008,0.9575132713847944,0.9512375780198844,0.9530505669796888
reciprocal,0.7722431310461453,0.600085242593918,0.5070825831977097,0.4513956191281525,0.3892974746380943,0.3507390658252008,0.3221149193331339,0.2882407450409722,0.2752972022359884,0.2615555213389002
reciprocal,0.0950975824316619,0.3228317574170967,0.3991509480129435,0.5294611559637977,0.5852257873902451,0.7197443096174545,0.7359462886383794,0.7515013546403624,0.7945832699208493,0.8080733280719942
reciprocal,-0.7165639770754776,-0.9415506683716398,-1.131900380103507,-1.1814192171736635,-1.300932192742903,-1.350451888284235,-1.4341958234673615,-1.440753515234834,-1.5053676320128972,-1.5153115642067152
reciprocal,-0.6013923343026528,0.3449206769478008,0.7279483260068788,1.0305480814925885,1.1191442575786246,1.3263960522444775,1.3953450505702558,1.555660627315521,1.4770580741422394,1.586043866071252
reciprocal,-2.5784640907349976,-2.3602548404381443,-2.1491032816252167,-2.044567537826369,-1.9358864337320525,-1.8496646937832155,-1.827591992892869,-1.777295363206956,-1.683880859516642,-1.6910043600211058
reciprocal,-0.0274272398501338,-0.1391756623412882,-0.2223042201608638,-0.2687264983187666,-0.3172333621605783,-0.3522761999892029,-0.3680027510248188,-0.3997495888478126,-0.4203498101141948,-0.4298884794770787
reciprocal,1.2187711019877947,1.1807588870206716,1.1596787653452063,1.1419882560785362,1.1342646615647372,1.1247585552846529,1.119771521838465,1.111360890478783,1.106342731981128,1.1027348988386785
reciprocal,-0.3274735633490794,-0.3574837107265171,-0.3750477239819727,-0.3884063509712293,-0.3957182753298364,-0.4016843627078284,-0.4083812871796007,-0.4102539954494349,-0.410365882107306,-0.4125133530414985
reciprocal,1.6636599364352196,0.4190136419260934,-0.0863990501189987,-0.3219644817167738,-0.4950822161296305,-0.5967881661013047,-0.637123233054035,-0.7080989955109855,-0.7876561922182015,-0.8144605100951348
reciprocal,-0.3725047514239346,0.1415271984106113,0.4925682028927742,0.79821014805551,0.891130418677756,0.9815538567671772,1.1211301747465825,1.2809927517017985,1.2565426161529856,1.3027707677843616
