sample_id,label,param_1,param_2,param_3,param_4,noise_sigma
0,linear,1.64373629133578,-0.2444862409917907,0.0,0.0,0.1371030321094358
1,linear,1.301341134953974,-0.2025539914248453,0.0,0.0,0.0551471062939469
2,linear,1.165574613857319,0.3244664368836094,0.0,0.0,0.0434830291261168
3,linear,-0.1145374301995287,-0.6865551799812448,0.0,0.0,0.006963298625889
4,linear,-2.6566083590804377,1.2038554145667049,0.0,0.0,0.2344502359733498
5,linear,0.1505298178035667,-1.3449947829668163,0.0,0.0,0.0052589106704263
6,linear,-1.5927890973522083,0.487591093500983,0.0,0.0,0.1328008799675157
7,linear,-1.065057354193621,-1.030068587886669,0.0,0.0,0.0606083316504069
8,linear,1.400969427376979,1.5134629352432063,0.0,0.0,0.0698405674921235
9,linear,0.2194080814625358,-0.2617476612092386,0.0,0.0,0.0071408780699748
10,linear,2.856770344150247,-0.4012954593454525,0.0,0.0,0.2036626410123367
11,linear,-2.443463535453032,-0.4220739282449823,0.0,0.0,0.1831521892916855
12,linear,-2.231684336713278,-0.7156574943525804,0.0,0.0,0.0822297951556315
13,linear,0.8054066038003698,-0.2838955145703492,0.0,0.0,0.0430829148699792
14,linear,0.5577397868976961,-1.0881289111072705,0.0,0.0,0.0378955978241979
15,linear,2.6328321252422304,-0.6214364539535291,0.0,0.0,0.1640364565450252
16,linear,-0.6293889747126551,1.1475655258001107,0.0,0.0,0.0548997822395774
17,linear,2.4587797363994026,-0.8199231651504184,0.0,0.0,0.1552280984987377
18,linear,-2.6703900648139847,0.3269091918348596,0.0,0.0,0.0663492828449475
19,linear,2.7178509693606205,0.603178358870947,0.0,0.0,0.085439800166978
20,linear,2.956847743622669,-0.6338469511935085,0.0,0.0,0.1026692942664808
21,linear,-0.105743972225313,1.6894305541840131,0.0,0.0,0.0031159971943867
22,linear,-1.9527772102392704,1.056304213685162,0.0,0.0,0.1133696240306318
23,linear,2.588771575853336,-1.5046252722265168,0.0,0.0,0.0962517788591593
24,linear,2.480601958878383,1.6099598696916746,0.0,0.0,0.2017828290546978
25,linear,0.1258537965346411,-0.285628326996334,0.0,0.0,0.0070256846786411
26,linear,-2.4413440148488146,1.377634456662293,0.0,0.0,0.0868405056065991
27,linear,-1.7434363112434266,0.3512877182761169,0.0,0.0,0.0690397185699181
28,linear,2.251766901905091,-1.3856885322089738,0.0,0.0,0.1749116471922795
29,linear,-1.70657573801869,-0.920402624174632,0.0,0.0,0.1111966013441943
30,linear,0.6048293347624152,0.7625882924206144,0.0,0.0,0.0181796001698374
31,linear,2.709253158901696,-1.439281031186673,0.0,0.0,0.2451414267786527
32,linear,-2.0209310576151385,0.0289945298468636,0.0,0.0,0.1071507368299593
33,linear,2.454306118789704,1.7284410392614469,0.0,0.0,0.1541663443204154
34,linear,2.4908304224705944,1.2028518942181077,0.0,0.0,0.1261578718172242
35,linear,-2.76653507535471,0.4010931255643273,0.0,0.0,0.0823933760074338
36,linear,0.9185403978250966,0.5956473243833478,0.0,0.0,0.0714573909142569
37,linear,1.8617480472681267,0.8194938718884752,0.0,0.0,0.1125217943063662
38,linear,-0.028196301684948,-1.3901339640864552,0.0,0.0,0.001
39,linear,1.9664440191601236,1.0832411273295706,0.0,0.0,0.1147171904262848
40,linear,1.0739139654896226,-1.7153247098084252,0.0,0.0,0.0983894331658018
41,linear,-2.646507963985179,-1.1937932113024314,0.0,0.0,0.1637704087392768
42,linear,-1.1512382277823894,1.6078187607271768,0.0,0.0,0.0938299085049889
43,linear,-0.111117434887209,0.0126354037800799,0.0,0.0,0.0032921896176699
44,linear,-1.6744328267225257,-1.19733349834833,0.0,0.0,0.0391665320525167
45,linear,-0.8153498265481494,-0.0698501950180214,0.0,0.0,0.0717465749608444
46,linear,-0.2217191594845156,0.5209419798919535,0.0,0.0,0.0055327454213987
47,linear,-0.0818494604002864,-1.0252129830690926,0.0,0.0,0.0032590058980006
48,linear,0.0777267030678041,0.4943005908107376,0.0,0.0,0.0037575070645352
49,linear,1.2985990545354298,0.5027311610415004,0.0,0.0,0.1063717651824582
50,linear,2.158260388093236,-0.4724983513247061,0.0,0.0,0.1645944768985006
51,linear,1.9742295345100944,-1.123533303661462,0.0,0.0,0.1423033664707985
52,linear,-0.8030617931854804,1.5353489443945263,0.0,0.0,0.0700166606901352
53,linear,1.7467987401572893,0.3384528488633509,0.0,0.0,0.0418994375396646
54,linear,2.404090198573458,1.416354986528844,0.0,0.0,0.0651148549596836
55,linear,1.5616517081180907,0.2574132277964964,0.0,0.0,0.0920255820497392
56,linear,2.2883322261290022,0.5417170911643341,0.0,0.0,0.1532258829213641
57,linear,1.219436381436836,-1.9594497234372013,0.0,0.0,0.0818726232350932
58,linear,2.1789091809650847,-1.9983323323875848,0.0,0.0,0.0593551580968047
59,linear,-1.130405670746659,-0.19101483167386,0.0,0.0,0.0606792521917096
60,linear,-0.7257175750085598,-0.2903042004768239,0.0,0.0,0.0340399019107705
61,linear,-1.646344774608935,-1.387507554126573,0.0,0.0,0.1179078116165597
62,linear,-1.5582926198520908,1.3594971309269566,0.0,0.0,0.044913989246649
63,linear,2.752748337274226,1.1521761347932404,0.0,0.0,0.1459308876624098
64,linear,-2.7361699906623285,0.3643312875794238,0.0,0.0,0.2380393587323161
65,linear,-0.8729240629298589,0.0704283800755489,0.0,0.0,0.0230142775595659
66,linear,-0.8305804209441936,-1.0049619053454428,0.0,0.0,0.0746616356302298
67,linear,-2.306527161877989,1.8235556299653115,0.0,0.0,0.184388031944924
68,linear,-0.3815022378597756,0.7597601184482912,0.0,0.0,0.0184251578072308
69,linear,2.481255890117936,1.18964907838788,0.0,0.0,0.0781443992987874
70,linear,-2.793239179329982,-1.1030626068830904,0.0,0.0,0.1161351274772465
71,linear,0.9705560475718134,-1.903798097306915,0.0,0.0,0.056702915844994
72,linear,0.0757140988046893,0.2954538086592984,0.0,0.0,0.0065204387911206
73,linear,-0.2219079015820222,-0.5078784436228378,0.0,0.0,0.0155204325584174
74,linear,-2.202341380355758,0.3551481262419633,0.0,0.0,0.1594702471035014
75,linear,2.882292609358645,1.539390369057526,0.0,0.0,0.0775106297148859
76,linear,2.6844485634149797,-0.3472777082576219,0.0,0.0,0.1086394863323301
77,linear,-0.8629633713875409,-0.3225009716923428,0.0,0.0,0.0623119972486778
78,linear,-1.614836032292844,-1.164724262858285,0.0,0.0,0.1420690263931345
79,linear,-2.342851624307565,-0.3989257914056305,0.0,0.0,0.1749096852114748
80,linear,-1.15324795430661,-0.7140279877845845,0.0,0.0,0.0602111002740295
81,linear,0.3064806124752968,0.9743660296492264,0.0,0.0,0.0213391124923263
82,linear,2.878035809656088,-1.5213057292499554,0.0,0.0,0.1363787947650092
83,linear,-1.5718118424363223,-0.9200450506033664,0.0,0.0,0.0549320608690276
84,linear,-1.48070614138019,-1.172468276395732,0.0,0.0,0.0567051458040785
85,linear,-1.995537888977256,0.0219287489910127,0.0,0.0,0.0911458440638718
86,linear,1.053363042949802,-0.6117253330152845,0.0,0.0,0.0405103591017876
87,linear,-2.038935049999499,1.6104324379952133,0.0,0.0,0.1898912050020655
88,linear,-2.721578635025031,-0.7459615744613042,0.0,0.0,0.2398159521002857
89,linear,-0.4867439423342503,-0.0350364139577088,0.0,0.0,0.0429623887914146
90,linear,0.8585446150634497,0.0440250058495497,0.0,0.0,0.0774867404123438
91,linear,-2.1780869099335174,0.8975635168628728,0.0,0.0,0.0656650757820249
92,linear,-1.6783110881486265,-1.7407692043582936,0.0,0.0,0.052688246674439
93,linear,1.3880252978625816,-1.1026264054149797,0.0,0.0,0.1167361573955588
94,linear,-1.483835232589772,-0.6926613003043482,0.0,0.0,0.0663280720383917
95,linear,0.8105567232582347,1.169302595363646,0.0,0.0,0.0339632225952011
96,linear,-1.6530811318349228,-1.638166360252515,0.0,0.0,0.0532165406761785
97,linear,1.346264990205416,0.9520339107533592,0.0,0.0,0.038376487542078
98,linear,0.3336781207894876,-1.9695411831097325,0.0,0.0,0.0121904634179368
99,linear,-1.1759813068598626,-0.4758578124048354,0.0,0.0,0.108846990234095
100,linear,-1.541162547641136,1.37128523999642,0.0,0.0,0.0992716897500259
101,linear,-1.6115504703360517,0.899338321305883,0.0,0.0,0.0877109162025675
102,linear,0.8686346185968423,-0.1361322109449525,0.0,0.0,0.0713011820850517
103,linear,1.5742729024025497,-0.7999607838367946,0.0,0.0,0.0596418556064851
104,linear,0.6173479400920301,-0.3814855102418608,0.0,0.0,0.0382085263434186
105,linear,2.231252525636199,-0.6913557290880981,0.0,0.0,0.2013955789155093
106,linear,1.2077260857878631,1.683285218858455,0.0,0.0,0.0788596666784502
107,linear,0.0101985961221,-1.6916013241947785,0.0,0.0,0.001
108,linear,-1.4897963323862875,-1.4391733293151328,0.0,0.0,0.108369176506637
109,linear,-2.830954351308839,-1.3190140631279506,0.0,0.0,0.2037082869230844
110,linear,1.282934113054372,-1.6426337670844844,0.0,0.0,0.1061320679226101
111,linear,-1.7625433679900548,0.0129153998220372,0.0,0.0,0.0556972139762038
112,linear,0.110531872282281,-1.208733252518921,0.0,0.0,0.0090972272616379
113,linear,1.7688468362478194,0.6703144038346371,0.0,0.0,0.162970207765491
114,linear,-2.872116567390356,0.6250240324685383,0.0,0.0,0.1902857380439645
115,linear,0.9831999244371276,-1.6674078732082678,0.0,0.0,0.0828806147971984
116,linear,2.5557950856638394,-1.3111259559129844,0.0,0.0,0.072959780658257
117,linear,0.0914140891432087,0.9048713685158404,0.0,0.0,0.0061005899463906
118,linear,-1.6439576393928368,-0.0783111647519754,0.0,0.0,0.0570982460666706
119,linear,-1.8023008701153655,-1.6738563781569478,0.0,0.0,0.0912985261306553
120,linear,-2.199009485260973,1.0431824556089286,0.0,0.0,0.0672162318772962
121,linear,-1.597084354433533,-0.8088869276473858,0.0,0.0,0.0798924375202258
122,linear,0.6828356857324831,1.5296923906155335,0.0,0.0,0.0286025666407056
123,linear,-0.6299195764746472,1.3155160062830396,0.0,0.0,0.0519106833280308
124,linear,1.3373581933746523,1.974821044058116,0.0,0.0,0.0721817346202155
125,linear,2.5728658882339657,-1.344001095740725,0.0,0.0,0.0930471035396701
126,linear,2.803216482321797,0.2713168253679319,0.0,0.0,0.2614920776485597
127,linear,1.6399934927860302,-1.5763004041975135,0.0,0.0,0.0457176713542208
128,linear,1.9751581897758248,-0.7704002665180689,0.0,0.0,0.1243702432167479
129,linear,0.9297713317632592,-1.9543600188569847,0.0,0.0,0.0847399790608719
130,linear,-2.046185678049519,-1.194525292378008,0.0,0.0,0.1337093575472105
131,linear,0.0968840491932105,1.867303802440575,0.0,0.0,0.0056618567774019
132,linear,-0.4213356029551529,1.9834754631581453,0.0,0.0,0.0295055236053179
133,linear,1.3867839037229936,1.0127303172043796,0.0,0.0,0.0702965857815947
134,linear,-0.1136047886937374,0.3890232177989401,0.0,0.0,0.0103969064683948
135,linear,-1.5788872694499865,-0.684647261445031,0.0,0.0,0.1042217285190324
136,linear,1.5053132801677318,0.2924006903468541,0.0,0.0,0.0450334371730656
137,linear,-1.4182731421383243,-0.9321426226583168,0.0,0.0,0.0898859467646513
138,linear,0.1007633696003189,1.7199737240526338,0.0,0.0,0.0093886219943466
139,linear,0.0749689911347211,-1.9383360788651367,0.0,0.0,0.0042810131617953
140,linear,-1.3362334849679511,0.8340889037888157,0.0,0.0,0.0738104474539406
141,linear,2.538835995747127,-0.0418117282418011,0.0,0.0,0.0768645496166696
142,linear,1.335629073138577,1.7160980248145572,0.0,0.0,0.09116076441546
143,linear,-1.8992073552888664,0.1120611216486495,0.0,0.0,0.0868999123669867
144,linear,1.5092530159686346,1.7510668745893567,0.0,0.0,0.045138115407801
145,linear,-1.6662399588567731,0.6892391216307372,0.0,0.0,0.0853632238508009
146,linear,2.676906168999661,0.8697867874776337,0.0,0.0,0.2115888118752969
147,linear,-1.388158831997849,0.2832078768407555,0.0,0.0,0.0876499106001676
148,linear,-1.7478277965025275,-0.7806767030846506,0.0,0.0,0.14971948178767
149,linear,1.5107715585406076,1.7872869999458554,0.0,0.0,0.0599359588378035
150,linear,1.797619101952476,-0.6499774744199645,0.0,0.0,0.1596207624021214
151,linear,2.733371342813116,-0.7423219203527509,0.0,0.0,0.0641684190438419
152,linear,-1.857397655824552,-0.916717048705034,0.0,0.0,0.1470589064429785
153,linear,-2.452443331037083,-1.2028706241270166,0.0,0.0,0.0997230563636978
154,linear,1.8878287417385808,-1.3072355399709337,0.0,0.0,0.1366793463685112
155,linear,1.269018901966164,-0.38270692477619,0.0,0.0,0.0972723250859285
156,linear,-0.9726461571239646,-0.9818646662399088,0.0,0.0,0.0837136741878238
157,linear,1.071231758536566,-1.3649355470292854,0.0,0.0,0.0635408343726818
158,linear,-0.0374826161591896,0.113319966674724,0.0,0.0,0.0033787242280734
159,linear,-0.0484528480620323,1.5830966532854562,0.0,0.0,0.0034194430937775
160,linear,-1.7063039028788194,-1.847243261622804,0.0,0.0,0.1135877937984166
161,linear,-0.0766729430217534,-1.562865566254514,0.0,0.0,0.0042824869381382
162,linear,-2.443993816346211,1.6793645047027588,0.0,0.0,0.1799554989935197
163,linear,0.4171132388381426,-1.0206616953846734,0.0,0.0,0.0212131502331318
164,linear,2.467979171580895,-0.7313803127371399,0.0,0.0,0.2232883572282058
165,linear,1.4164442983018857,1.8237456884867167,0.0,0.0,0.0336144514998928
166,linear,0.413782031703064,-1.9672069591457435,0.0,0.0,0.020494550755725
167,linear,2.825004919568588,0.839309241699723,0.0,0.0,0.1474691354453574
168,linear,2.5982871628564856,1.962370955820841,0.0,0.0,0.0828649687318556
169,linear,1.321525263918823,-1.7011202720998568,0.0,0.0,0.0683741078167962
170,linear,0.2155504273971269,-1.039946838165776,0.0,0.0,0.0183084402900366
171,linear,-2.8839039933240755,-1.5258640213593893,0.0,0.0,0.1047417752913475
172,linear,1.4532416035535762,0.8897739110716989,0.0,0.0,0.1327387853697631
173,linear,1.564866169327468,0.423681879163976,0.0,0.0,0.086895321242092
174,linear,2.938103158005494,0.0880214528817955,0.0,0.0,0.0755637178079028
175,linear,0.0668694478480231,0.5294713352343483,0.0,0.0,0.0026789177275778
176,linear,0.8913631555158412,-1.6562440945322825,0.0,0.0,0.077570600322575
177,linear,0.8441071778475422,1.7479579718782658,0.0,0.0,0.059241190974821
178,linear,-1.2221322727712274,-1.3728092073255875,0.0,0.0,0.0879903340464495
179,linear,1.7036155352007505,-1.7365037281756694,0.0,0.0,0.1124559242258353
180,linear,1.861570831532632,-0.3488847464525526,0.0,0.0,0.1591756306400858
181,linear,-2.813915962044036,-0.9104459231943004,0.0,0.0,0.0756282178701655
182,linear,0.7771273706569652,-0.4442097379344609,0.0,0.0,0.0609165813985838
183,linear,-2.009085826705541,0.5123538600631372,0.0,0.0,0.1426029918242326
184,linear,1.819844562054377,-1.5011359347508288,0.0,0.0,0.0979352676558706
185,linear,2.113061300026315,-1.0466166969523698,0.0,0.0,0.0863737148357074
186,linear,-1.5358935861487146,0.8416192242611138,0.0,0.0,0.1041246456840265
187,linear,0.955600192951862,-0.7262421796536143,0.0,0.0,0.0239107688835302
188,linear,2.625318040517355,0.5268772598353344,0.0,0.0,0.1170089632320775
189,linear,1.3221052760400918,1.9278543488922624,0.0,0.0,0.0711828659480553
190,linear,-2.1265142080832407,-0.6694649326030899,0.0,0.0,0.1804447038915203
191,linear,1.4188467443628454,0.538170407856271,0.0,0.0,0.0806906287916453
192,linear,-0.1075213232501939,1.68723892855337,0.0,0.0,0.004883257023578
193,linear,-2.4557012959086446,-1.265429917777385,0.0,0.0,0.2240414243792183
194,linear,-0.5042714766240439,-1.716848096404826,0.0,0.0,0.0366612565674974
195,linear,0.917671030316998,1.7630263663097143,0.0,0.0,0.0530025675659506
196,linear,2.963333312332715,-1.956627671735534,0.0,0.0,0.1793368609281933
197,linear,-0.934882029063456,1.1408562759840613,0.0,0.0,0.0662768398488655
198,linear,-0.1139725053097095,-0.7080201148437362,0.0,0.0,0.0055679582965904
199,linear,-2.317254079254809,-1.1345887468830624,0.0,0.0,0.1970526797445722
200,linear,2.7145083157041245,-0.1734541959389415,0.0,0.0,0.2331523246657887
201,linear,1.735119809385317,0.1692256629131026,0.0,0.0,0.1535835865538653
202,linear,1.9931615099363305,-0.8340720327798397,0.0,0.0,0.1802910720945204
203,linear,1.6746804326143607,1.0804393884706252,0.0,0.0,0.0982144337077461
204,linear,1.6121648470649887,1.0924913980090052,0.0,0.0,0.0697969795782092
205,linear,-2.123676415232409,-1.634833058311592,0.0,0.0,0.1884652047551361
206,linear,2.098926108727352,1.81778308307263,0.0,0.0,0.1491509202835993
207,linear,-0.2792368035229762,-1.817631259287511,0.0,0.0,0.0248614794738245
208,linear,-1.5231179491610023,-1.216128406944959,0.0,0.0,0.1213972569491604
209,linear,0.5508345222264799,1.5764474126325123,0.0,0.0,0.0304937010225807
210,linear,0.2228867968218715,1.490840848417054,0.0,0.0,0.0198007219306973
211,linear,-1.667282327534355,1.2530309004683065,0.0,0.0,0.0687261814213478
212,linear,-1.115775285607735,0.6867983171119789,0.0,0.0,0.0524400233855956
213,linear,0.8486263677274817,0.5743072840153687,0.0,0.0,0.0506079557413854
214,linear,0.6911648436944211,-1.7905853299043035,0.0,0.0,0.0368750483259883
215,linear,-0.6475096922779628,0.3542090075179378,0.0,0.0,0.0301062609768974
216,linear,0.6918842059044517,-1.3285342622223326,0.0,0.0,0.0487633357893968
217,linear,2.7061852057807343,-0.5526408553464313,0.0,0.0,0.1080001957438447
218,linear,2.440593165650565,1.583675283942668,0.0,0.0,0.0668623850499494
219,linear,-0.5620852416543158,-1.762437558107187,0.0,0.0,0.0286407836126556
220,linear,-1.5864448012483925,-0.1645137159242526,0.0,0.0,0.1116908390016931
221,linear,-1.4809850419212425,-1.5778209599243995,0.0,0.0,0.0508351533096817
222,linear,-0.8107034658581567,0.903571392199268,0.0,0.0,0.0409381604980435
223,linear,1.2632581757467776,-0.1738342757229682,0.0,0.0,0.0359347513056697
224,linear,-1.3936713385365052,1.5114887000501285,0.0,0.0,0.0909809977254346
225,linear,0.1283477459401991,1.8324973142445589,0.0,0.0,0.0048022458918163
226,linear,0.7892133190726369,-0.2379500892161679,0.0,0.0,0.0389933723681081
227,linear,0.1716923635514935,0.5527126325851706,0.0,0.0,0.0121095898517306
228,linear,-2.814979456125555,1.2371004643404355,0.0,0.0,0.2341818756666991
229,linear,2.2681683157253936,1.0090306168305796,0.0,0.0,0.2087368005560633
230,linear,-2.351089295887422,-0.2118454382789645,0.0,0.0,0.1596324556767009
231,linear,-2.042842962661571,-0.6638881677167658,0.0,0.0,0.1617194776040205
232,linear,-1.244204396380964,-1.3026717410652462,0.0,0.0,0.0923214274891685
233,linear,1.9693327907635965,-1.517182294209377,0.0,0.0,0.0600659330119646
234,linear,-1.0646166039239744,0.7837799642143146,0.0,0.0,0.0606727677617594
235,linear,-0.8345636606522735,-1.3998403106906645,0.0,0.0,0.0415131332351853
236,linear,-2.066082303844284,-1.059264205788098,0.0,0.0,0.0874746148572805
237,linear,-0.092850478808085,-0.7674001938432449,0.0,0.0,0.0080567698461244
238,linear,0.647085003213733,-0.5285676492596747,0.0,0.0,0.0203658641060507
239,linear,-1.5992634840572455,-1.863599120410288,0.0,0.0,0.0701897134363806
240,linear,0.4933115252725297,0.7199575398633256,0.0,0.0,0.0396563281012464
241,linear,1.0883016658572426,1.4471594321019143,0.0,0.0,0.0819471929678056
242,linear,1.0673513937543255,1.953697767202476,0.0,0.0,0.0454841749459745
243,linear,-2.3235709496473977,0.64622585085514,0.0,0.0,0.1973545632458364
244,linear,1.4417423931264608,0.7316294515146438,0.0,0.0,0.0428363284945824
245,linear,0.3861062203993004,0.1654718535315567,0.0,0.0,0.0092654194937732
246,linear,0.1751818519771495,0.6378205254915827,0.0,0.0,0.0120543532209299
247,linear,0.9138917978574916,-0.5419436898254637,0.0,0.0,0.0439620795783644
248,linear,-0.1692453503842497,1.5376341098430122,0.0,0.0,0.0082014230153766
249,linear,-1.8415728690969588,0.7904582582532109,0.0,0.0,0.0637526814596958
250,linear,-2.4756126368301548,-0.1082323101111319,0.0,0.0,0.1813136207614334
251,linear,0.7599872945815704,1.6854258332577277,0.0,0.0,0.0385898406957725
252,linear,2.4387915075246305,0.7682197447488033,0.0,0.0,0.1569979468787516
253,linear,1.6817010649019002,-1.5493763852659086,0.0,0.0,0.0904546281503551
254,linear,-1.8495439586503752,-0.3967179867290156,0.0,0.0,0.145319797845113
255,linear,-1.1340280929200786,-0.6294294496360804,0.0,0.0,0.0605647692095886
256,linear,0.9526876357912228,1.1040038343381142,0.0,0.0,0.0617020172289437
257,linear,-0.7141479780634512,1.7320741836279343,0.0,0.0,0.0605335403735981
258,linear,-0.0826353641128507,0.9327786427002572,0.0,0.0,0.0023664394137311
259,linear,-1.8303309275716368,0.944844145614395,0.0,0.0,0.0714901879819112
260,linear,0.5198992610082245,1.5258543811869916,0.0,0.0,0.0381725209527724
261,linear,1.1167993207185534,-1.9076274299686724,0.0,0.0,0.036560193261938
262,linear,-0.2419362564748048,0.241209342359137,0.0,0.0,0.009315231439816
263,linear,2.39853534812411,-1.3881940886043955,0.0,0.0,0.2231132044148872
264,linear,-2.228117272244048,0.3535011884886936,0.0,0.0,0.1605727141830917
265,linear,-0.7614162482904563,-1.6009501215092827,0.0,0.0,0.0652568828724168
266,linear,-0.5520293216878516,-1.37925198134063,0.0,0.0,0.0367823484105534
267,linear,-2.8266189874380245,0.1495390249148678,0.0,0.0,0.1195503224730855
268,linear,-0.7558019514892016,-0.4880153004996157,0.0,0.0,0.0577795427408753
269,linear,1.0569646081326205,-0.829555684661428,0.0,0.0,0.0269202106951559
270,linear,0.3070266828135937,-0.1590282724000453,0.0,0.0,0.0106272541142686
271,linear,-1.2636199648345885,-1.1730673671200638,0.0,0.0,0.1069046103902745
272,linear,0.6590804741197642,-0.8433830720746536,0.0,0.0,0.0468084310135342
273,linear,0.002035016816281,1.413103247759349,0.0,0.0,0.001
274,linear,-1.723794245790238,1.7410888197764431,0.0,0.0,0.0907707690733367
275,linear,1.7040331100802817,0.7365605173308984,0.0,0.0,0.0904703312279676
276,linear,2.354524911558359,-1.3852785120062188,0.0,0.0,0.0618483064220097
277,linear,2.000253041570648,0.8341490834701326,0.0,0.0,0.1182893336775215
278,linear,2.0879601429129817,1.5485320613597562,0.0,0.0,0.1736126345455143
279,linear,-1.0828734337103352,-0.0717279109785056,0.0,0.0,0.0681730115918238
280,linear,1.7173606203365337,1.3943605906334071,0.0,0.0,0.145008538979477
281,linear,-0.8056895534520665,0.004685216182525,0.0,0.0,0.0346898622516259
282,linear,1.682609323635308,-1.953842501240316,0.0,0.0,0.072880710934233
283,linear,1.1851982158194652,-0.0850928959995962,0.0,0.0,0.1084664120186336
284,linear,0.765519513761161,0.9324053909467582,0.0,0.0,0.0261957580449392
285,linear,-0.8359348061057847,1.3848298582451393,0.0,0.0,0.0632908389482524
286,linear,0.5421873720790051,-0.013058778135087,0.0,0.0,0.0127474781584201
287,linear,-0.9804342464836466,0.405514502400131,0.0,0.0,0.077232802406098
288,linear,-1.412573800981467,0.8361186718005236,0.0,0.0,0.08557912434674
289,linear,1.841415487855276,-0.5216711962552343,0.0,0.0,0.1190371104299726
290,linear,1.9916115508430323,-1.695865569196782,0.0,0.0,0.0820600044290864
291,linear,2.926564826807009,1.712058108508014,0.0,0.0,0.0781547903591846
292,linear,-1.9505104915604572,-0.5328892051532361,0.0,0.0,0.0854580568836913
293,linear,-0.8766945351473776,1.5183030273798188,0.0,0.0,0.0478275284179362
294,linear,-1.180106695929355,0.8317524475957496,0.0,0.0,0.0719248664908663
295,linear,1.20993117515036,-1.116363954268608,0.0,0.0,0.0884500157101823
296,linear,-2.676728954034908,1.2981195336908171,0.0,0.0,0.1122665328214906
297,linear,-1.6920268279745994,-0.2019810049364747,0.0,0.0,0.1107110791418798
298,linear,0.8546764704090375,0.2272928087900187,0.0,0.0,0.0592948884968114
299,linear,-1.2613630456074605,1.9015060352969264,0.0,0.0,0.0654126297220703
300,linear,-1.1314223088411823,-1.2592876537829565,0.0,0.0,0.1044064448362173
301,linear,2.219300297430637,0.859825781706252,0.0,0.0,0.1636680419004362
302,linear,-1.6329423939498653,-0.5570270099290018,0.0,0.0,0.1182415730767133
303,linear,-0.5020152152239321,-0.1176856262585119,0.0,0.0,0.0391079981281492
304,linear,-1.071030527080666,1.7179325695433083,0.0,0.0,0.0724018080213355
305,linear,-1.4514154314482806,-1.4220587807033969,0.0,0.0,0.1278720617774073
306,linear,1.676544367190747,-0.5039418257376633,0.0,0.0,0.1521637480134006
307,linear,-1.6986358757595146,-1.272239982391702,0.0,0.0,0.1057725063554513
308,linear,2.303568332714037,-1.7391470956087969,0.0,0.0,0.2116983433442027
309,linear,1.105285617795321,1.9320729864322392,0.0,0.0,0.0823432740345841
310,linear,-2.121742520872623,-1.7483827145143431,0.0,0.0,0.1907276813328528
311,linear,-0.3812932590337725,0.2511545801749975,0.0,0.0,0.0314105380804192
312,linear,-0.4443962020549037,0.6541065770066465,0.0,0.0,0.0293939015747561
313,linear,1.9347667419175332,0.9520176343184112,0.0,0.0,0.0615849086452661
314,linear,0.2623470237984078,-1.993302734488448,0.0,0.0,0.0234670122423989
315,linear,-0.5046460231835712,-0.7682132422294039,0.0,0.0,0.0248817779077401
316,linear,-1.5014534212787372,1.285390799251097,0.0,0.0,0.077255983462509
317,linear,0.2402617401666109,-0.5681502088916419,0.0,0.0,0.0207547365528522
318,linear,-1.199518582459994,-0.9924656328169744,0.0,0.0,0.0420373479891454
319,linear,-0.660080933641717,-1.1989806228596058,0.0,0.0,0.056827882969701
320,linear,-1.7999618023707389,-0.2588272266710349,0.0,0.0,0.0649322894243504
321,linear,-2.79238405532507,1.5119765507222565,0.0,0.0,0.1606003241978455
322,linear,-2.799692902357629,0.254439801313338,0.0,0.0,0.0875717057265512
323,linear,-2.807362337683862,-0.7481880498057913,0.0,0.0,0.1258607796793562
324,linear,-2.114909978041261,-1.26936160235301,0.0,0.0,0.1368224653214719
325,linear,0.6995423205894893,-0.1060345320964408,0.0,0.0,0.0345908439203638
326,linear,-2.719205656153812,1.960685551233308,0.0,0.0,0.0849488955453294
327,linear,-0.3264675302745377,0.6006030824626225,0.0,0.0,0.0193348608973478
328,linear,2.6725660374357982,-1.377897980406554,0.0,0.0,0.2256999305707044
329,linear,2.0882913970845065,0.855893228822421,0.0,0.0,0.0896653311654968
330,linear,-1.8945150331269345,0.0178969788499454,0.0,0.0,0.1018872404262982
331,linear,0.7330621523396044,-0.8487129419577006,0.0,0.0,0.0199459114526372
332,linear,0.3062944485087335,-1.373717328741133,0.0,0.0,0.0196459472154802
333,linear,-2.377709961298941,-0.0614304659687059,0.0,0.0,0.2150268535264467
334,linear,-0.3725939730098466,-1.9188190997964427,0.0,0.0,0.031486195449369
335,linear,0.5601876205231626,0.4116275868779024,0.0,0.0,0.0252970299977342
336,linear,0.306823691823689,-0.1531557924346174,0.0,0.0,0.0154376225277659
337,linear,-1.5630463580272314,-1.1653620603295862,0.0,0.0,0.1184398618565848
338,linear,1.253236950976353,1.3497016541093712,0.0,0.0,0.1081505568098809
339,linear,2.391233408176424,-0.6627372291797409,0.0,0.0,0.137675407671069
340,linear,0.0727737973568527,-0.8901887949013276,0.0,0.0,0.0059135302732587
341,linear,2.9798356988224457,0.6362146522213958,0.0,0.0,0.127120584827389
342,linear,-2.803007358901892,-0.9769523759264588,0.0,0.0,0.1616196123051984
343,linear,-0.263937370896115,1.4479406042222438,0.0,0.0,0.0179634218809342
344,linear,-2.4682492830505898,0.4246609982842009,0.0,0.0,0.1013597847176311
345,linear,-2.4577063833633384,-1.6809036144689915,0.0,0.0,0.2022016238301937
346,linear,-0.5972368731095141,-0.9589576704224734,0.0,0.0,0.0300009080788714
347,linear,0.6578112969593142,-1.8451302332321,0.0,0.0,0.0456704311727652
348,linear,2.7844203411782047,0.1655149969028175,0.0,0.0,0.0724203438106474
349,linear,-2.391954676271917,0.6059131719366029,0.0,0.0,0.1013242771785368
350,linear,-1.914565557524969,1.3484036568823623,0.0,0.0,0.0500083174171119
351,linear,-0.531250261846441,-1.660991684087158,0.0,0.0,0.0199794252579792
352,linear,-1.2125212565046914,-0.4667164525146683,0.0,0.0,0.087813982839117
353,linear,-0.1204116827227723,1.757063545569268,0.0,0.0,0.0082824918015477
354,linear,1.3476526848840358,1.2246631102854075,0.0,0.0,0.0485620346836083
355,linear,-2.321651623009255,0.3894824791525271,0.0,0.0,0.0708465866403472
356,linear,-2.98649082998619,0.3124792013754853,0.0,0.0,0.1611056860500999
357,linear,0.9051922500853476,-0.5486922666426506,0.0,0.0,0.0821826334335224
358,linear,0.7906605212888618,0.4919645011416236,0.0,0.0,0.0408820655651053
359,linear,-1.5180902393351323,-1.46197733695423,0.0,0.0,0.1283448991857271
360,linear,0.9278352522779274,-0.4757792744478508,0.0,0.0,0.0441180932636675
361,linear,2.046518942206559,1.6665186506179783,0.0,0.0,0.1018971286437401
362,linear,2.969650804337157,-1.4568359968711744,0.0,0.0,0.1345786427198314
363,linear,0.1331630234567145,1.0770451188996346,0.0,0.0,0.011549564872411
364,linear,0.2271148812442289,0.3647362202958151,0.0,0.0,0.0131124118390628
365,linear,-0.5571396137903637,-0.6357638631343621,0.0,0.0,0.0412007718850697
366,linear,-2.8991977480087137,1.6161410352104566,0.0,0.0,0.2096417238598718
367,linear,-2.4150366059841035,0.3817864790313612,0.0,0.0,0.089947308767103
368,linear,-0.2173708167807051,1.196897848808692,0.0,0.0,0.0057949337909483
369,linear,-1.1642561950748032,-1.6693550421965615,0.0,0.0,0.1048546135589112
370,linear,0.6183700128904457,-0.7597004891675834,0.0,0.0,0.0382393270986197
371,linear,-1.172323193491524,-0.2323328513133082,0.0,0.0,0.088510147941024
372,linear,0.7042878909538492,0.6274057231646015,0.0,0.0,0.0476691794503106
373,linear,2.557517803043265,1.3568498801303717,0.0,0.0,0.1555581506006265
374,linear,-0.3194006064198671,0.2461793538328907,0.0,0.0,0.0169096890384703
375,linear,-0.7978076768295361,0.1077808871758869,0.0,0.0,0.0465931074699256
376,linear,-2.0801819071680554,-1.2331402367042514,0.0,0.0,0.1212506948954397
377,linear,1.7566626360952506,-0.6172279287660878,0.0,0.0,0.115518825968821
378,linear,2.067884366449486,-0.441522839371391,0.0,0.0,0.115815623059849
379,linear,1.254807963130907,1.4708927298212564,0.0,0.0,0.0442845441619004
380,linear,-2.274981074953134,-1.5705084603371806,0.0,0.0,0.0545539537421798
381,linear,-1.920971892137216,0.0336851230976411,0.0,0.0,0.1596323179478617
382,linear,-1.5947290101921174,-0.7860856011927546,0.0,0.0,0.0709655135801795
383,linear,2.347607596949204,0.5662101175202374,0.0,0.0,0.0669093206920982
384,linear,-1.2510838390298566,0.7810862817978106,0.0,0.0,0.0563778378891023
385,linear,-0.7792292785431867,0.7593085163264988,0.0,0.0,0.0507900219817913
386,linear,2.9431287345185915,-0.0181689196368806,0.0,0.0,0.1563652326178536
387,linear,0.7391840367783589,1.3652237166502386,0.0,0.0,0.0462825817046688
388,linear,2.2130097686937056,1.178210088790903,0.0,0.0,0.1504854146492562
389,linear,1.0937829138432695,-0.5525791344675524,0.0,0.0,0.0417327162898035
390,linear,0.7189945752362346,0.375033518952871,0.0,0.0,0.0225183662881811
391,linear,2.02497324259512,-1.7878729707615175,0.0,0.0,0.1081685575421958
392,linear,2.288986162646844,0.0559438919152488,0.0,0.0,0.1784565955121256
393,linear,1.6918546210518477,-0.0248055705374286,0.0,0.0,0.1141656174569683
394,linear,2.0013560759105893,1.63891711098741,0.0,0.0,0.0819415644099992
395,linear,-1.5622909105434295,-1.778530020905865,0.0,0.0,0.1086128729200774
396,linear,1.654846458071222,0.5145689102293196,0.0,0.0,0.0673691337960382
397,linear,1.5796041391308897,0.6477836575741063,0.0,0.0,0.0800992396616273
398,linear,2.9195794550444063,0.9502427672004332,0.0,0.0,0.1528108469817724
399,linear,1.2730868417238153,0.1971317299571273,0.0,0.0,0.085252708514355
400,linear,-2.407762530802008,-1.8295006166612309,0.0,0.0,0.1162332488837972
401,linear,-2.4509463590414224,-1.5113034344802712,0.0,0.0,0.0603675445946438
402,linear,1.8959249976408048,0.6172593076867403,0.0,0.0,0.0751356010001435
403,linear,2.0589579229887978,1.7408886075815837,0.0,0.0,0.1858515030009927
404,linear,0.3731153096352848,-1.8768757888206435,0.0,0.0,0.0227164877054377
405,linear,2.787081225108209,-1.8613316382157,0.0,0.0,0.1023271133429081
406,linear,-0.0397506184444154,-0.9320309430915206,0.0,0.0,0.0018226756757506
407,linear,0.0737701101135357,-1.4892759661686696,0.0,0.0,0.0053199095767408
408,linear,-1.0978885993682137,-0.1983332039301064,0.0,0.0,0.0476688746400049
409,linear,0.8479805843161592,1.545235998771486,0.0,0.0,0.0520756936162977
410,linear,2.306167145940563,0.8472280565838859,0.0,0.0,0.0635989481738361
411,linear,-1.467592482575338,-1.4541699289050638,0.0,0.0,0.1215979183153982
412,linear,-1.876579573050747,1.8126189532339136,0.0,0.0,0.1749045508430343
413,linear,-1.3040487153771112,0.9606604276387714,0.0,0.0,0.0365440901059915
414,linear,-1.1984992977444109,0.8906269390316095,0.0,0.0,0.0763672423839931
415,linear,-2.9857920848672443,1.9736424197178437,0.0,0.0,0.125153295291307
416,linear,-0.1092253008443995,0.9299881820948186,0.0,0.0,0.0071723598018466
417,linear,0.225607798561032,-0.8230457439195891,0.0,0.0,0.0077154523284895
418,linear,1.147389904265644,0.9822063617203272,0.0,0.0,0.0608400952695019
419,linear,-2.109071578395337,1.1818493205080611,0.0,0.0,0.124853959394374
420,linear,2.1586740929226824,-1.3265659724382537,0.0,0.0,0.1595157361271183
421,linear,2.7159993751247686,0.1235346270821717,0.0,0.0,0.2366604687791227
422,linear,2.485807955504596,0.9677399368868104,0.0,0.0,0.0639733393712336
423,linear,2.124115730329708,1.2023453727196771,0.0,0.0,0.0731260059286472
424,linear,-2.0264658070455903,0.8025588490881743,0.0,0.0,0.1064515605823742
425,linear,-1.4697103269268637,1.9721964274996613,0.0,0.0,0.0965115219019378
426,linear,-0.5424333301303044,-1.9051476776728584,0.0,0.0,0.0419276463524588
427,linear,0.6422638412710961,1.5266938868559796,0.0,0.0,0.0498152570584392
428,linear,-0.5381365736713226,1.3092122067208931,0.0,0.0,0.0432056312006844
429,linear,-1.7326312476096928,0.097384305545717,0.0,0.0,0.1098558297660679
430,linear,2.965045435928204,1.4374170076494246,0.0,0.0,0.220762025392899
431,linear,-2.978313553181032,-0.7298789309631717,0.0,0.0,0.1103877418443551
432,linear,0.4261232918407391,1.6264035088701905,0.0,0.0,0.0249613143613523
433,linear,-0.7961135207054157,-0.4259815471870309,0.0,0.0,0.0515919559563672
434,linear,0.6009096044672879,-0.4247293445660856,0.0,0.0,0.0440462683665997
435,linear,-0.01774776521437,0.997223301179874,0.0,0.0,0.0010410380423909
436,linear,-0.9692107811808092,0.0645941243336456,0.0,0.0,0.0472791240531298
437,linear,1.6475892359164366,-0.46582910921639,0.0,0.0,0.1162190589915423
438,linear,0.3826786706766247,0.1331781912765395,0.0,0.0,0.0206837152060062
439,linear,-2.6511682259030165,-0.6984668830534417,0.0,0.0,0.1907514055011694
440,linear,0.8845934613350797,-1.4240686837449172,0.0,0.0,0.0293257055451095
441,linear,-1.7251938160528897,0.3483163057233542,0.0,0.0,0.1105968870159015
442,linear,0.729045145198004,1.0897803840486304,0.0,0.0,0.0393090211365675
443,linear,-0.4898032340263638,-1.2184441887533728,0.0,0.0,0.0233687323517457
444,linear,1.1924940413828402,-1.3371652104484149,0.0,0.0,0.029208765896462
445,linear,2.3440285993907075,0.968682792049286,0.0,0.0,0.130655653713939
446,linear,-0.7894890542732345,-1.7511618742671562,0.0,0.0,0.0203808864230338
447,linear,1.1183394628697665,1.7156884116038156,0.0,0.0,0.0377083043803498
448,linear,-2.7062686014602395,0.5388033118609408,0.0,0.0,0.1173268816956824
449,linear,-2.000998710677904,-0.2986843503070497,0.0,0.0,0.1404983891358589
450,linear,-0.3050083226999902,-0.6874767818757834,0.0,0.0,0.0091216671284736
451,linear,-1.6575444728495157,0.6596013905033966,0.0,0.0,0.1271299550490478
452,linear,2.6293140538130526,0.8867988087211214,0.0,0.0,0.2318675346369504
453,linear,-0.5337820112692921,-1.8032755203411817,0.0,0.0,0.0471035268906011
454,linear,2.84000618702885,1.0657390504710116,0.0,0.0,0.2111615784645911
455,linear,-1.2423367595658437,0.3083705177638416,0.0,0.0,0.0917804038105581
456,linear,-1.1647911372772086,1.9276769836995031,0.0,0.0,0.0487985330809436
457,linear,0.2430952481184398,-0.5174263014993814,0.0,0.0,0.0160327625563832
458,linear,1.5410856161861357,0.3123534710333802,0.0,0.0,0.1130990552251085
459,linear,0.0105942248671535,-1.3812383344159564,0.0,0.0,0.001
460,linear,-1.6050348299238788,0.7390268841216714,0.0,0.0,0.0417053309178678
461,linear,0.256130385412999,1.1582717075512212,0.0,0.0,0.0069609010578708
462,linear,-0.3030011734620701,-1.3815824317620002,0.0,0.0,0.0160816068525319
463,linear,-0.5078404229131293,0.8536638291414693,0.0,0.0,0.0298047747076424
464,linear,0.1359677747896888,1.628476831781598,0.0,0.0,0.0056145245956682
465,linear,0.2919160483723892,-1.1088719683143735,0.0,0.0,0.0089917704131263
466,linear,0.2905463509361974,-0.0020691384873563,0.0,0.0,0.0268689887256054
467,linear,2.7623518015072097,-0.6946015281151405,0.0,0.0,0.0698919349237969
468,linear,-1.853247922015062,-1.3287004421162152,0.0,0.0,0.1207748529921454
469,linear,1.566674755897992,0.5739877119733126,0.0,0.0,0.1363003740667202
470,linear,-0.6460698812313184,-1.1777687392632543,0.0,0.0,0.0177035273377508
471,linear,1.3848375164055593,1.0763692935053606,0.0,0.0,0.1111872909701977
472,linear,-0.202451018486709,-1.350657200513127,0.0,0.0,0.0153144112062702
473,linear,-2.85771478305074,0.0742930736349056,0.0,0.0,0.2317037015956484
474,linear,-1.917769609779045,1.0607661445832144,0.0,0.0,0.0875811894327855
475,linear,-0.5157884099915151,0.4506673952607629,0.0,0.0,0.0171134220197425
476,linear,-2.3809710664005737,0.0249097860777824,0.0,0.0,0.2047672223554038
477,linear,2.978782972350208,-1.8691958644591904,0.0,0.0,0.209924889739816
478,linear,2.2665240127409136,1.7408170157326674,0.0,0.0,0.1044305136519073
479,linear,-2.6664112491730743,0.1793899035248363,0.0,0.0,0.06424398661878
480,linear,2.0149597303155264,-0.14475674451326,0.0,0.0,0.0553828800948986
481,linear,-2.018075921653943,-1.8389865999217092,0.0,0.0,0.0703811933020967
482,linear,2.167337843636715,1.791096495416283,0.0,0.0,0.1444458514428581
483,linear,0.0214175268866743,-0.1149618996557233,0.0,0.0,0.0012988894207516
484,linear,-1.9786543779646977,-0.3261997300758397,0.0,0.0,0.1132488963840271
485,linear,2.14113036057472,0.5487506899555714,0.0,0.0,0.0845982653570531
486,linear,-2.7807757923055467,1.3939658156864905,0.0,0.0,0.2394236324287615
487,linear,2.6642646637774385,0.3852621886243055,0.0,0.0,0.0888318038208818
488,linear,-1.6923183056762063,-0.1057538794434953,0.0,0.0,0.1175107664926278
489,linear,-0.7357976852994716,-0.3154823058579787,0.0,0.0,0.024395685868086
490,linear,-2.502467056479889,0.3413637161268559,0.0,0.0,0.0869643483949461
491,linear,2.407137154947593,-1.8521774088137293,0.0,0.0,0.0729311834982422
492,linear,0.8427558285440924,0.4980252966933478,0.0,0.0,0.0769138780114833
493,linear,2.7926555023945827,0.5589964100113956,0.0,0.0,0.2398093206879884
494,linear,1.7774066175128924,0.038105765115068,0.0,0.0,0.0730784964970721
495,linear,1.2164569727851466,0.8960477967938054,0.0,0.0,0.0411123715942017
496,linear,2.088569896018852,-1.8599728327803653,0.0,0.0,0.1490994423461896
497,linear,-2.3298551424003437,-0.806268634927573,0.0,0.0,0.1332678487985287
498,linear,1.420408639783627,-1.5406139627544235,0.0,0.0,0.0341118211304373
499,linear,0.023333764801503,1.03245582504064,0.0,0.0,0.0018995273198927
500,quadratic,-0.3,0.8994397368605052,-1.5690236970082545,0.0,0.0505997795552397
501,quadratic,1.6226108859062052,-1.1614511013926414,-1.6202948221475633,0.0,0.1801939266040121
502,quadratic,-0.3,-0.3234387807763292,-1.224249520064797,0.0,0.0281844409163877
503,quadratic,-0.5429405873463473,0.7208013950843735,0.4923907136347893,0.0,0.0294884991645325
504,quadratic,-1.047267336925933,-0.9001077037112957,-1.60572589807646,0.0,0.1230793972519582
505,quadratic,1.0190687996774352,1.1891771310002688,1.1718751189948242,0.0,0.1185252910072866
506,quadratic,1.4163609201616687,-0.9640159623925784,-0.9173391118389708,0.0,0.1333168519176396
507,quadratic,0.3,-1.0972581509318542,-0.7613296474872113,0.0,0.0684969991346422
508,quadratic,-1.790110719517244,-1.078557989470458,-0.4135277044350647,0.0,0.1501962286814133
509,quadratic,1.6601743061753345,-0.706385532888135,0.9934211151597044,0.0,0.1343215259984371
510,quadratic,-0.9210247132172764,1.897706155012577,-1.6471073360383557,0.0,0.1913230237705965
511,quadratic,0.5076328214656058,-0.5313763386954826,-0.7526860313149215,0.0,0.0192321021135175
512,quadratic,1.3644630768520765,-0.9001728207047108,1.4416547600340412,0.0,0.0463987464988764
513,quadratic,-1.6124503504316476,0.8652808598793214,0.1565448847160793,0.0,0.1706345209298205
514,quadratic,-0.3,-1.955108990913229,1.843039092256474,0.0,0.0652087096856478
515,quadratic,0.3,1.6932887262317773,-0.9701582827543676,0.0,0.0796581985197782
516,quadratic,0.6686318177933601,1.6760316585532469,1.0770557889046195,0.0,0.1308905495660588
517,quadratic,1.746744876705156,-1.93779205019379,-0.4429524369582895,0.0,0.212481705155917
518,quadratic,1.6460719774219688,-1.447533506519008,-0.0038853700473535,0.0,0.0718560305793241
519,quadratic,1.504826241163129,1.1618861675386256,-0.4474054700959482,0.0,0.1744412685963994
520,quadratic,-1.245567283573458,0.4373159844066898,-1.930218337710087,0.0,0.0584926116506727
521,quadratic,0.3,-0.1911114603405774,1.821041655110557,0.0,0.0174422152702636
522,quadratic,-0.9057826982762034,1.4518399724711326,-1.4531004130055147,0.0,0.0667693345668076
523,quadratic,-0.5644324834441532,-1.2521553804184622,-1.9210217602859696,0.0,0.0621733353147834
524,quadratic,0.5876847048707385,-1.0666330039678824,-1.924094973113668,0.0,0.0545639414857161
525,quadratic,0.6038832605387863,-1.7223329501627918,-1.4271583122204663,0.0,0.1180092691108401
526,quadratic,0.634179461416315,-0.7434882126889955,1.1700962962817845,0.0,0.0817019750598899
527,quadratic,0.8806449759317365,1.849613293369686,-1.5525847924995082,0.0,0.133395539114922
528,quadratic,0.3310652799312898,-0.2062911662172148,-1.9243345622566717,0.0,0.0371503603580267
529,quadratic,1.1413406438265183,0.9540307342056122,0.4408663247131379,0.0,0.0930111404471016
530,quadratic,0.3,0.0933995918946979,1.6884276204561166,0.0,0.0155778619107816
531,quadratic,1.0548568564167415,-1.426516270242311,0.576159091831081,0.0,0.0674327482802035
532,quadratic,1.2767201580379757,-1.970768216680252,0.8597312798010988,0.0,0.1910598862937651
533,quadratic,1.3585425130164044,-1.2214770417016014,-1.6836237908583862,0.0,0.0608937179523772
534,quadratic,-1.3480319317936913,-0.9856711873746504,1.5243138971059276,0.0,0.0583672296181738
535,quadratic,-1.833682730706983,-0.5300561159524348,0.3405264831910934,0.0,0.1385815342848708
536,quadratic,1.1781242187349306,0.7264247139495583,-0.6848057875814275,0.0,0.1215297910611349
537,quadratic,-1.836364156726181,0.3062799575511401,-0.340165409108681,0.0,0.0460927787708423
538,quadratic,0.3,-0.2490592410766106,1.707345215903033,0.0,0.0356977092593214
539,quadratic,1.6517637110999424,0.5022842411836592,1.811294567250723,0.0,0.0914955641571276
540,quadratic,-1.0821824550305252,-1.9838902055535388,1.5613911199454384,0.0,0.0734431440696131
541,quadratic,-0.3,1.9971309911090824,0.1974028740555686,0.0,0.1440907649058099
542,quadratic,0.688422942554038,-1.7037675606047382,1.734092760425893,0.0,0.1309443205309874
543,quadratic,0.5499908647472225,0.841899060946945,-0.121552539654604,0.0,0.093670942139552
544,quadratic,1.839887811180013,-0.6326063747759845,1.1361613628424312,0.0,0.1639443804767935
545,quadratic,-0.6954943456159439,0.2718772704962524,-1.6242204125023378,0.0,0.068710635622201
546,quadratic,0.5141494142638514,-1.1744208918489658,-1.2685367762490043,0.0,0.1084074295575137
547,quadratic,1.4801296397369312,0.9398720692550336,0.1625702755740814,0.0,0.0434318231389606
548,quadratic,-1.668032648620159,1.9788724573259464,-1.8371915310813027,0.0,0.0617799087734178
549,quadratic,0.899771365223017,0.8591690299563486,0.6788487811953559,0.0,0.0981600990432748
550,quadratic,-1.2009606511533315,1.1583386292542004,0.3989494331813827,0.0,0.1559548165713241
551,quadratic,1.541618248251568,-1.1191256276912354,-1.8556976934700105,0.0,0.1479168316720167
552,quadratic,-1.3213775884073535,-1.9683767646640489,1.5165497252818336,0.0,0.1824420757680712
553,quadratic,1.184972608397317,1.3703382633241876,1.0066635329418006,0.0,0.1534052464621887
554,quadratic,-0.3,-0.672315951349451,0.6298382783905208,0.0,0.0307094265697052
555,quadratic,0.5630886425979331,-1.5176470078140358,-1.5428670792398114,0.0,0.1007625570573882
556,quadratic,0.6389497102155954,0.3852420833578573,-1.3434494595122557,0.0,0.0414934100415178
557,quadratic,0.4011928890179486,0.5051884352737592,0.7333663259787233,0.0,0.055000524722149
558,quadratic,1.3984918205529149,-1.8980848456488928,-1.7049259131006562,0.0,0.1486622855061403
559,quadratic,0.3550143126759542,0.3859097667689357,1.04363883967772,0.0,0.0439309139078303
560,quadratic,-0.8582661074922684,-0.7813575235758234,-0.2667583991322306,0.0,0.0936791565012553
561,quadratic,0.9848135911881176,-1.763085980262657,0.0966230427694836,0.0,0.1552423169945359
562,quadratic,1.9647035974504248,-0.7405950202941463,0.789036960249824,0.0,0.1420493912216421
563,quadratic,1.265423398521043,0.8122544612413365,1.9344130375082875,0.0,0.0945024712553629
564,quadratic,0.780231790879427,-0.8363861138878614,-0.799877915379954,0.0,0.0339254700177739
565,quadratic,1.678215909824167,-1.5712470869460042,-1.4142719383485334,0.0,0.0817117939107653
566,quadratic,0.3,1.110129619567796,-0.5981621992812629,0.0,0.1054985268669754
567,quadratic,0.3950886743352075,-0.9190189919471288,0.1905061174065916,0.0,0.055928732130394
568,quadratic,1.731847225013333,-0.3099923954687078,1.333177089929591,0.0,0.0912105372139243
569,quadratic,0.3,-0.4951498661910589,1.776142955439242,0.0,0.0172660050516567
570,quadratic,1.777535823939126,-1.9011791385983157,-0.6257756767292579,0.0,0.1342743722222573
571,quadratic,1.947000072241384,-0.6845103509249828,-1.885008939408734,0.0,0.1525104241057405
572,quadratic,0.3,-1.2564664858157797,-0.5839367377299265,0.0,0.1018259302301888
573,quadratic,0.4719380298177777,1.0198201403393647,1.485428926419134,0.0,0.0588553852002775
574,quadratic,-1.30692057005984,-1.910172894503007,1.4570207236759605,0.0,0.1624272243171252
575,quadratic,-1.612797325258084,1.0629473075997464,-1.55263711176883,0.0,0.1348064492395285
576,quadratic,-1.8779187579794248,0.4718101775884409,0.2866823422929623,0.0,0.138062952832474
577,quadratic,-0.3,1.9287196687375372,-1.638344719097335,0.0,0.1491107204027526
578,quadratic,1.1171970781701024,0.9592174197465692,0.8162065644258023,0.0,0.0786334229835908
579,quadratic,-1.128006939072543,1.404239149108804,-0.7985784307409101,0.0,0.1210647544184609
580,quadratic,1.9757498303425496,0.5543414926031796,0.5443740500546168,0.0,0.0902060154092547
581,quadratic,-1.6328158680534028,-0.0644738433979461,1.098968334120617,0.0,0.0908963114835006
582,quadratic,-0.3,-0.6247279755928554,1.9035453799571649,0.0,0.0438887960014625
583,quadratic,-0.3,-1.5115404952117282,-1.6673013760072757,0.0,0.0472180663658247
584,quadratic,0.6453081577983402,0.0421152293727771,0.3263915617502393,0.0,0.0509723840123251
585,quadratic,0.3,0.0588441491729931,0.3077425803363569,0.0,0.0236279833945582
586,quadratic,-1.4901531911923285,-1.1543652856545372,1.273159268501606,0.0,0.1175780644130603
587,quadratic,1.7708668772520162,0.2709813708601873,-0.9183902753517756,0.0,0.0716202319877121
588,quadratic,-0.8627526741413565,-1.623244159584758,-0.1591465765024349,0.0,0.0839925329993152
589,quadratic,0.931969269973964,-0.4257619879591332,1.819509790098771,0.0,0.0390134156919461
590,quadratic,-1.2034015479307687,-1.0732482895785944,0.5843672019555322,0.0,0.1492339567412784
591,quadratic,1.0195907387618923,-1.369807616369123,-0.1906678259675556,0.0,0.063691895636348
592,quadratic,-1.8617122304804417,0.0672776057541035,-0.771951696642744,0.0,0.0723280737258794
593,quadratic,-1.194985722768629,0.5683193790882717,-1.507952129336322,0.0,0.0949592240683448
594,quadratic,0.3,1.1252176502356193,0.3603826775065775,0.0,0.0945418758908835
595,quadratic,0.9753680140553662,1.7363909586919597,-0.9569363827656954,0.0,0.1768652048714019
596,quadratic,1.173655933875947,0.0223789336653772,0.3717086946336678,0.0,0.0526586473106449
597,quadratic,-1.4304077518545784,0.6113055300897927,-0.8924748452231026,0.0,0.0787251264550583
598,quadratic,1.8444251419681772,-1.6849133826006608,-0.2595478581730539,0.0,0.1663769700599518
599,quadratic,-0.3,0.7479154147098845,0.9609787106977344,0.0,0.0716778921325872
600,quadratic,-1.0405022243708868,-0.6025748260469457,-0.8057719436987196,0.0,0.0853076676446566
601,quadratic,1.2724862439456568,-0.5817460804235397,0.3759009263412247,0.0,0.0784529950093291
602,quadratic,0.3950171396244029,0.3220077898812308,0.7345417205558036,0.0,0.037283521370746
603,quadratic,-0.3,-0.1544655680498863,-0.7717644131549228,0.0,0.0293361106920174
604,quadratic,-0.6329110997549812,1.7329360065392303,-0.0633228947895565,0.0,0.0836319417553268
605,quadratic,0.5605515962833172,0.4853135370700201,0.0831518221157501,0.0,0.0317464638107014
606,quadratic,0.3,1.4519873151664462,1.530340716531818,0.0,0.0801629832223789
607,quadratic,0.3,0.8672097449072282,1.5948938329927844,0.0,0.0335559593726083
608,quadratic,-0.8242088824386307,-0.854450642861027,1.0157204223048844,0.0,0.0602801736269226
609,quadratic,0.3478361733737451,1.9168512450700923,0.3040765689082039,0.0,0.1724727188569509
610,quadratic,-0.5046292747701613,-0.397305884626332,-1.158545581350955,0.0,0.0516809040635388
611,quadratic,1.5515073948148896,-1.9053300569423404,-1.1291106069278305,0.0,0.1728761185427801
612,quadratic,-0.3,1.0703833372112197,0.6280039760031166,0.0,0.0412611202520877
613,quadratic,-0.3,-1.7421783282384204,1.681371929728943,0.0,0.0540748877203247
614,quadratic,1.484913311315919,-1.0647660561172425,-0.7459534409054269,0.0,0.1642452808691127
615,quadratic,-1.4711215656392975,0.2353572021744701,-1.5239450567362058,0.0,0.1369322827656146
616,quadratic,1.8284950764795056,-0.6316194967986193,-1.9162543381554864,0.0,0.1144060672021779
617,quadratic,0.3702572498319387,-1.474017960818462,0.463577172084419,0.0,0.0927398939800604
618,quadratic,0.3,-1.4367298351960276,-0.2601197364524736,0.0,0.1126163679416316
619,quadratic,-0.3,-1.7694314258942048,1.112371339595319,0.0,0.1445882123504139
620,quadratic,1.0859063888471496,0.7919344794103287,1.197703287818798,0.0,0.0343978742638613
621,quadratic,0.3,-0.35918991096475,-0.973487288100022,0.0,0.0127822449600767
622,quadratic,-1.2043990145570729,1.6219008869371585,1.275134928415686,0.0,0.10370502686189
623,quadratic,-0.3,-0.1926302893260474,1.8574978626851608,0.0,0.0261983159935091
624,quadratic,-0.3,0.4146221375254391,-0.2609832643821286,0.0,0.0202439281220745
625,quadratic,-0.5634447929453565,-1.3837971836359624,1.6477796150733417,0.0,0.0609754058368764
626,quadratic,-1.1684297458736324,1.229103588954897,0.1323107310095226,0.0,0.07145307173149
627,quadratic,-0.3,-1.5550867763196394,-1.4670948032748474,0.0,0.0902411172066394
628,quadratic,1.568419650469565,1.5582698383920794,1.2909803944247606,0.0,0.1528360635465862
629,quadratic,0.6083522570537334,0.9241443388790992,-0.8463856630190754,0.0,0.1039403518930683
630,quadratic,1.672210472835252,-0.7075233483864203,0.9414883308862776,0.0,0.1154765772449614
631,quadratic,-1.6346060513585048,1.3739155271637906,0.5103778351211798,0.0,0.1871039245231034
632,quadratic,1.959246285236396,-0.7073950053632054,-1.626510650524358,0.0,0.0874145792308672
633,quadratic,1.469202533811381,1.059242507184906,1.3003134467440436,0.0,0.0516751429778038
634,quadratic,1.6535689434955447,1.5229100897582302,-1.4959490441726535,0.0,0.1495951617846134
635,quadratic,-0.9895867757423926,-1.6714625271890342,-1.6867111034646864,0.0,0.1649403756743949
636,quadratic,1.923371567867053,-1.298267195145066,1.6788237028437267,0.0,0.1054185737804086
637,quadratic,-0.6428673171177937,1.9619557705917303,-0.4515558965353188,0.0,0.1300666395779356
638,quadratic,0.3,-0.2913127059990938,-0.1891374470322393,0.0,0.0154146401246761
639,quadratic,-1.2089857687462802,-1.569786555024839,0.945042329009163,0.0,0.1367799374170559
640,quadratic,0.4158196732601866,-0.5072004270130472,1.7461590208620428,0.0,0.031223233583989
641,quadratic,0.745066044641292,-0.4669858742968769,-1.6291073012318216,0.0,0.0522879837358405
642,quadratic,-0.4492152348426561,0.0304593045931476,-0.8632053420517161,0.0,0.0427823604857152
643,quadratic,0.8770344811239461,1.8622096281866352,-1.2954104757723712,0.0,0.1567730990315136
644,quadratic,1.9162864267369395,-1.8955251882857784,0.3885530902952734,0.0,0.1119474997629914
645,quadratic,-0.8260475658101196,-1.8575384184592536,1.003721943458947,0.0,0.1484049146535276
646,quadratic,1.488184640438182,1.5951105862407835,1.8541542080975104,0.0,0.1885044062249529
647,quadratic,1.4144620249884836,-0.9633342943246536,-0.6538495629787322,0.0,0.100281984132275
648,quadratic,1.191272304778192,-1.7978373319898346,-0.5522467857980371,0.0,0.1559634685541515
649,quadratic,-0.5393160936867405,0.5575698616112508,-0.1000879100379998,0.0,0.027106414340271
650,quadratic,1.8907145221499428,-1.744030654583291,0.0942236016879554,0.0,0.1938340631549797
651,quadratic,-1.2889390907944764,-1.2923208881870265,1.818718716712131,0.0,0.0553151884349276
652,quadratic,-0.4303043005769149,-1.7933992319285657,1.6511749393909287,0.0,0.1002526896736837
653,quadratic,1.3768548652771408,-1.1494851556074583,-1.896684353230135,0.0,0.1398361196217628
654,quadratic,-0.6977027682114638,1.4880036524004083,-1.513965702545646,0.0,0.0457412998427594
655,quadratic,-0.8116509537924221,-0.0288007135901193,-1.1031248466263146,0.0,0.0419529385891806
656,quadratic,-1.72920509530462,0.7331810639628533,0.0880403695832803,0.0,0.1441738671918679
657,quadratic,-0.6411722140132841,-0.3395660143354941,-0.0419416124313758,0.0,0.0518936539094867
658,quadratic,1.9090154976062448,0.2091903306482927,-1.251710267341243,0.0,0.0541923341689041
659,quadratic,1.5123755915105463,-0.6915411558957292,1.9966439692913556,0.0,0.1384097832294673
660,quadratic,-0.3,-0.4154164039822694,-1.5681779615438964,0.0,0.0309531356115781
661,quadratic,0.5060921482598753,0.6994854914495505,-0.3955636096410395,0.0,0.0342305915226352
662,quadratic,0.3,1.11561920929373,0.4475461903364124,0.0,0.0957567982853234
663,quadratic,0.3,1.3034114056328,1.0725138670249348,0.0,0.0784624110520974
664,quadratic,0.3,0.5415093303293506,0.7621714449663437,0.0,0.0515852316444037
665,quadratic,-0.9274328121037692,-0.2447954265320673,1.5745989426468543,0.0,0.0312666758816293
666,quadratic,0.3123840029236997,0.4442384032180864,0.4852317108079611,0.0,0.0438377219717476
667,quadratic,1.3895972323996475,-1.1169015388666557,-0.4676856517794925,0.0,0.1375030852347178
668,quadratic,0.5031347458128121,1.675802947263374,-0.7177590913731562,0.0,0.1403822082838442
669,quadratic,-0.3,1.95607806127202,-0.4927453899435643,0.0,0.0908392134925801
670,quadratic,-1.5055295259345651,1.328006803784317,-0.6662051647120331,0.0,0.1346675385444307
671,quadratic,-1.8495470722390996,0.170032386726525,0.510798382161612,0.0,0.0621135913201606
672,quadratic,-0.5872283204209485,1.8863930881162991,0.0412820418986323,0.0,0.1331567606402397
673,quadratic,1.4168085999703806,1.6151646667329356,0.5126105661091924,0.0,0.1870666589686464
674,quadratic,1.6888220724160703,-0.7977028599177891,-0.7478389117478668,0.0,0.0885409487417159
675,quadratic,1.232466004487597,-0.8541773076479622,0.4963085975720669,0.0,0.1148798805796772
676,quadratic,-1.6785449317328611,-0.985380989739892,1.6221616944154325,0.0,0.1851110798078189
677,quadratic,0.4842922684984732,-0.0615482595098106,0.3437903351481068,0.0,0.0409391426389102
678,quadratic,-0.3083092866130603,-0.9840331687737288,-1.6756445698756974,0.0,0.0823632386268194
679,quadratic,0.3,-1.3362926759101357,0.2659586003270351,0.0,0.0556250783632651
680,quadratic,0.3,-1.6941028806575922,0.2045512063567516,0.0,0.0446717559834641
681,quadratic,-1.0913039685300312,0.097952225455403,1.0761095831843783,0.0,0.03430634321331
682,quadratic,-1.2311991234785795,1.6369600744459087,0.662822350272898,0.0,0.1510488515361827
683,quadratic,1.209064140760884,-1.6913424031953697,-1.3724354447282372,0.0,0.1137237148927724
684,quadratic,-0.3,0.1251563456588105,0.2483099275710816,0.0,0.0200775687258966
685,quadratic,1.7049467712317865,1.65734148632392,-0.814557732596072,0.0,0.1758113797435941
686,quadratic,1.2589048710825006,0.9087883459608146,0.766031327906969,0.0,0.0561942460264504
687,quadratic,-0.3,0.17708554930363,-0.196421267147544,0.0,0.0165616695812103
688,quadratic,1.279149039232621,-0.601249732681882,-1.022177401235376,0.0,0.0903357766576638
689,quadratic,-1.5223915923814184,-1.4292835217592263,0.0342572819127577,0.0,0.1558972040722138
690,quadratic,-0.3,-1.142586192594036,1.5683654634007749,0.0,0.0502092603185579
691,quadratic,0.6382145693381127,-0.9649192745706708,1.508611270134156,0.0,0.0749839709639023
692,quadratic,-1.9319321503420763,-0.7934831795629118,0.465284017198019,0.0,0.1907702216911091
693,quadratic,-1.381721090722623,-1.191593065331352,0.6490770972907867,0.0,0.1221582761512063
694,quadratic,1.6086142359129636,-1.3975661460572106,1.8142689295484264,0.0,0.1588997783013524
695,quadratic,-1.045284900029798,1.5346909357045884,-0.7028869704156842,0.0,0.0978250225382039
696,quadratic,0.7874192695128643,1.0326217392756898,0.8545609810206507,0.0,0.0322543573067164
697,quadratic,0.890583195081597,-0.1662345661488689,1.348626565699814,0.0,0.064474602516463
698,quadratic,0.8201003057026646,-1.1385318803829856,-1.6921645467532098,0.0,0.1147559269123321
699,quadratic,-1.6903504721160836,-0.5086580565167118,-0.5304979719985012,0.0,0.1694302416859641
700,quadratic,0.4336856650243605,-0.3960582043323937,-1.8715693315843425,0.0,0.0472761018267405
701,quadratic,0.3,1.2586646109540096,-0.0842035825685583,0.0,0.1133691540516312
702,quadratic,0.3,-0.8613402281092113,-1.7222545160342446,0.0,0.0376123789335277
703,quadratic,-0.7106790304439361,1.7315086385338063,1.915855783040001,0.0,0.1573495980959603
704,quadratic,1.198993799271233,1.4229024251448572,-0.6924000639502044,0.0,0.0714113310606084
705,quadratic,1.4039284296041297,-1.808717776254384,-1.563430148562599,0.0,0.2069715880805136
706,quadratic,-1.3856649146704505,-1.3690797001032484,-0.1089097735652488,0.0,0.0585554535944592
707,quadratic,1.3671131336214009,-1.27945201730672,1.850074621378183,0.0,0.1674097385299985
708,quadratic,-0.8110758607167283,0.3538428717766977,1.1916769537482712,0.0,0.0328947408043959
709,quadratic,-0.3,-0.5482942410158382,1.7938463296152478,0.0,0.0271106925519374
710,quadratic,0.3,1.2489048425380065,0.0957128951998087,0.0,0.0631368886255704
711,quadratic,0.3,-0.809309522637065,-1.1575210212488454,0.0,0.0577789935179465
712,quadratic,1.5376787326625685,-1.6453022829822777,-1.21770212639845,0.0,0.209131411866755
713,quadratic,0.8494904643511245,-1.87125235449868,-0.3519216484635978,0.0,0.1105633423120017
714,quadratic,-1.107316017098583,1.68335703398269,-1.7852691068519326,0.0,0.1189775959766638
715,quadratic,-1.4943706380188044,1.2961934101630184,-1.5961942072073103,0.0,0.0945292927910203
716,quadratic,-0.5199639501118538,0.637309393339268,1.4788166860264065,0.0,0.0247657783141293
717,quadratic,-0.3,-1.082849917953233,1.5382732268421004,0.0,0.0962023586361657
718,quadratic,1.2267273592482604,1.1915406937383222,0.156405908038844,0.0,0.1258467429539611
719,quadratic,-1.4319962933352586,-0.5881338768845814,-0.4941832327425572,0.0,0.0455863438338904
720,quadratic,0.8177441886310168,-1.6083183699980634,0.8329445547981926,0.0,0.0697251697903299
721,quadratic,1.0326270154288255,1.8186065866565304,0.9681856004528586,0.0,0.0966145297351925
722,quadratic,0.9287915130172886,1.1300061252904785,-1.813571378713705,0.0,0.0979431464232143
723,quadratic,1.2163972562634138,0.3427157365624595,-0.7315961634560542,0.0,0.1068420913110434
724,quadratic,-0.7755330453893561,0.0101455621535588,-0.9760529792665996,0.0,0.0257220257354899
725,quadratic,-0.9401706396382944,-0.7229766386239382,1.411773577507573,0.0,0.0300725653405108
726,quadratic,1.6840271359789298,-1.6629494045100626,0.7669434780495257,0.0,0.1697211862549031
727,quadratic,-0.3,-1.4824522167574674,0.8297644036028835,0.0,0.0954859433151806
728,quadratic,1.1279155082935477,1.8084200458748905,-0.5615330185427325,0.0,0.0757760823554749
729,quadratic,-1.3368058566698209,1.078884957397332,-1.796776849969088,0.0,0.083327917754356
730,quadratic,1.9352580299754325,0.9524120087309718,-0.2878045923332464,0.0,0.1070575241220289
731,quadratic,-0.8816718956740606,-1.1547707001531795,-1.7354100876574248,0.0,0.129960442296954
732,quadratic,-0.5728899952179165,0.4301715351626014,-0.7325837014307774,0.0,0.0636503700364622
733,quadratic,0.4526446095293535,-0.1062561042625405,0.4018351497334027,0.0,0.0266309184127418
734,quadratic,-0.929687076552998,0.8415670089130374,-0.8059136852788589,0.0,0.0701217435332667
735,quadratic,0.8567817898902899,0.5506615196544926,-1.840143071354141,0.0,0.0606973950721672
736,quadratic,0.3,0.0480339877272588,0.4709592149126242,0.0,0.0136660797186508
737,quadratic,-1.2367458732570409,0.2160457459837608,0.0186576750222462,0.0,0.0679122465298657
738,quadratic,-1.2381994541941728,-1.6728287302822014,1.9620631955814745,0.0,0.1548921102406453
739,quadratic,-1.427262802089985,1.7866974922880727,-1.9376231687150816,0.0,0.0557742401679488
740,quadratic,0.8943897050756409,-0.9877072636938116,-0.2772225912477712,0.0,0.0585184590255338
741,quadratic,-1.7592896803086102,1.225712515645081,1.3241845241807284,0.0,0.1871578411463011
742,quadratic,-0.7586456269846318,1.548491838675781,-0.6958527802442163,0.0,0.1452197926208776
743,quadratic,1.7644882794018684,-0.1145868196383923,1.3497928924018012,0.0,0.082621566049759
744,quadratic,-1.6267475240150322,0.4722590520399263,1.0954614876566078,0.0,0.0735041466695886
745,quadratic,-1.207927682963228,1.1897854528956544,-1.6571045284445836,0.0,0.0436326396039077
746,quadratic,1.2701540704118663,0.9054535783494416,-1.1678997965057398,0.0,0.0456734458253658
747,quadratic,1.5963613384079327,-1.3050117581387304,1.426203696215071,0.0,0.0956723648203987
748,quadratic,-0.8899616875066396,1.144861182238119,0.5885385317692804,0.0,0.0993448116215732
749,quadratic,1.3569985015978174,-0.616064647272907,0.1576016124183921,0.0,0.0845197562342555
750,quadratic,1.966153158720836,-1.5556267104531547,0.5778537633234508,0.0,0.2286866376289049
751,quadratic,-0.3,0.3676038748462411,0.870497333170523,0.0,0.0341015465776829
752,quadratic,0.3,-1.2863945074028291,0.8694364426983521,0.0,0.0773515314373388
753,quadratic,1.0655055089606256,0.7816283590984598,1.3503875158396277,0.0,0.0560586516489481
754,quadratic,1.5222182254521497,1.632259620667869,0.4444973581731282,0.0,0.191326132118956
755,quadratic,-1.075219116200258,-0.955489537788868,-0.1422973715301485,0.0,0.0780322896103356
756,quadratic,0.8391361523622298,-1.0673625452291144,0.5066106450280738,0.0,0.1249939080779836
757,quadratic,1.8593973952088527,0.7291167991256597,0.8023169699331558,0.0,0.0558167206730791
758,quadratic,-0.3,1.994182990584875,-0.94053447216819,0.0,0.1468185592704809
759,quadratic,-1.0627171110897289,0.20714318934106,-0.4835581246247544,0.0,0.0811348532251231
760,quadratic,-0.8991046436316021,1.4933097832541704,0.1061816697287216,0.0,0.1564742844059274
761,quadratic,0.5468484067433472,1.5988777850993476,-0.2037094339762051,0.0,0.1327269633013633
762,quadratic,-0.5683441778790037,-1.9030698924795384,-1.0997632605931835,0.0,0.1791284298412132
763,quadratic,-1.6998690146267958,0.4238242845444286,-0.6868707106036815,0.0,0.1109090679899892
764,quadratic,0.3,1.4910261030683645,-1.6440649541828178,0.0,0.0803415742165097
765,quadratic,1.9708825348328145,1.75449953445779,0.6069918343850014,0.0,0.0660192202509447
766,quadratic,-0.7173886731127288,-0.9925482743366958,0.5571204333041107,0.0,0.1138912451286327
767,quadratic,1.2842586575643953,1.8221298072738892,0.7809511899524315,0.0,0.0905513788761354
768,quadratic,-1.8138882184035212,0.3762444892232244,1.7455114033108106,0.0,0.0816150200821165
769,quadratic,0.3,0.3536236428614283,-0.5295622844143204,0.0,0.0272575187161264
770,quadratic,-1.4370502570817036,0.2515305392355773,-1.6941378420593844,0.0,0.1401677419061014
771,quadratic,1.413176963509963,-0.9578983884961576,-1.9048681511980916,0.0,0.1604448146927382
772,quadratic,-0.8301574534717435,-0.7838826000415207,-1.2328959167861804,0.0,0.0546033012557028
773,quadratic,1.8051001222906289,-0.786860586868066,0.0680974624244705,0.0,0.0746594325678947
774,quadratic,1.4408198020535208,-0.2858334432694298,-0.8331343051989153,0.0,0.1075094268880729
775,quadratic,1.2119453956102704,-1.181835659278299,1.7282586562264886,0.0,0.1095132872039129
776,quadratic,0.8500465095066967,1.8484838995099808,0.1232760245834265,0.0,0.1017806169203319
777,quadratic,1.8949757529542797,0.4956664372445525,-1.9098690060140044,0.0,0.1559221975865896
778,quadratic,-1.8027703322533293,-1.3602074147492051,-1.369167961297896,0.0,0.079696523781695
779,quadratic,-1.690422499345145,0.9500413570575632,-0.9363146440402912,0.0,0.124212494075219
780,quadratic,0.3,1.7715844949721404,1.814321501211408,0.0,0.1363261457437382
781,quadratic,-0.4963487760230567,0.9026367798980584,1.534955531388714,0.0,0.0376906016262532
782,quadratic,1.6845369517624218,-1.4920191897106148,-0.1765346962900564,0.0,0.1373166636981627
783,quadratic,-0.3,1.6033167785245932,1.4291995645674156,0.0,0.0789620706669562
784,quadratic,0.3,-0.9269079754706828,-0.0431897356854182,0.0,0.0444201101874824
785,quadratic,1.0532322899082422,-0.2471866798050013,1.0797620762732962,0.0,0.087671023780477
786,quadratic,0.3,-0.5939972239321305,-0.6647073580124361,0.0,0.0364023171203656
787,quadratic,-0.5711140782836459,1.4791789148923984,0.0635558971453416,0.0,0.0581368969675952
788,quadratic,-1.786695134637518,1.4688443016330752,0.9201436542157562,0.0,0.1157929338242737
789,quadratic,0.3,-1.0358817608789526,-0.606005665333988,0.0,0.0558616618316093
790,quadratic,1.1264209350367245,1.408753420635643,-0.1382655572570024,0.0,0.1343966839586546
791,quadratic,1.150063892083658,-0.8081062540932842,0.6043744438241379,0.0,0.0721261250684675
792,quadratic,0.3,-1.5590031205516235,0.7667761116730007,0.0,0.0665262346895991
793,quadratic,1.1345579165156616,0.2898705904363141,-1.1602767758825006,0.0,0.0496333783637875
794,quadratic,-0.3,-0.5890175612902353,-0.3682618192647378,0.0,0.0544720508878929
795,quadratic,-1.5885215323662063,1.518113930332642,0.7216153023654632,0.0,0.0680486860028185
796,quadratic,-1.021993671283946,1.458429709354057,0.252318864757437,0.0,0.1435707827382258
797,quadratic,-0.9718259126871732,1.8927616610312576,1.730572940982079,0.0,0.0683106213460637
798,quadratic,0.6440827285248631,0.03435232707176,1.5218215589374986,0.0,0.0163323456958441
799,quadratic,0.3,-1.187147668588889,0.4530930296638504,0.0,0.0507411102563792
800,quadratic,-1.687598292193213,-1.929223619241588,1.5031079289358558,0.0,0.1587867238874412
801,quadratic,1.6302600721395413,-0.0750300573481559,-1.1040082467492345,0.0,0.059541449838129
802,quadratic,-0.941486496914112,-0.6783851947310882,1.0217860406225472,0.0,0.081384019161388
803,quadratic,1.263128998960521,1.1232861612412854,-0.2382001897773222,0.0,0.0933582121122913
804,quadratic,1.5488682586893217,-1.1231524644370978,1.5720897298187544,0.0,0.1762929723453794
805,quadratic,0.6746369752363885,0.2964495911692903,-1.948364493987066,0.0,0.0622757534273875
806,quadratic,0.3481604738460211,1.298186720952148,-0.062594107892369,0.0,0.100406664656828
807,quadratic,-1.6207144085349343,-0.0426512195428361,-1.4284270272686093,0.0,0.0430123308284573
808,quadratic,0.9217797809869128,-0.910134175312186,0.2552784610876992,0.0,0.0744395741544746
809,quadratic,-1.4060110940158728,-1.168668676693286,-1.8396335003382864,0.0,0.1733812862690437
810,quadratic,-1.8279508309521493,0.532640341764155,-0.4451941088210129,0.0,0.1003020422494206
811,quadratic,-1.460949260235481,0.8118157015025482,0.1572944869566725,0.0,0.0496426231021533
812,quadratic,0.4079612419358178,0.4064759691586057,-1.0819930005607097,0.0,0.0533448529665052
813,quadratic,-0.3,1.9194354746713964,-0.3422614342293175,0.0,0.1343870996324229
814,quadratic,1.950832469168989,-1.363435088365622,0.4860465040130313,0.0,0.2125882852421749
815,quadratic,0.3732648374300136,1.1929727688051217,0.5980097401884952,0.0,0.0352606889198819
816,quadratic,-0.7251480270347157,-0.5410513261186813,0.0601227380322182,0.0,0.0575653591576168
817,quadratic,-1.6890341681723475,-0.6659978189623965,0.0719905484371392,0.0,0.0544347809786748
818,quadratic,0.4774841009555963,1.4070065214460787,-0.5267126027761266,0.0,0.0451814372105374
819,quadratic,-0.3,0.0886123381388901,1.4818246138399922,0.0,0.02044617602601
820,quadratic,-0.9874248599895944,0.320488643187061,-0.7871154996461422,0.0,0.0488594737619214
821,quadratic,-1.9429348763105616,1.653945417922429,0.4700156251320178,0.0,0.1970163031977883
822,quadratic,-0.7690401508473164,1.648756081240327,1.546313270933542,0.0,0.0949153120456218
823,quadratic,0.9598856713994364,-1.3280436136474585,-1.6781856196898524,0.0,0.1240195120621465
824,quadratic,0.3572734696053747,-0.9643196569326328,-0.8627004388823991,0.0,0.0725776842249242
825,quadratic,-1.9729823141562552,1.463649678476053,1.600703231258512,0.0,0.0834024921338595
826,quadratic,-1.8303394319187096,-0.1395971907070934,1.60397731305556,0.0,0.0633694567334679
827,quadratic,0.9473857794402374,0.304559460608039,1.8842386461931973,0.0,0.03852417517897
828,quadratic,-1.980969585668692,-0.149422009778867,1.7399030813445395,0.0,0.1924350422337024
829,quadratic,-1.080006152799589,-0.0676084027949821,0.2229154348094688,0.0,0.0803225926265146
830,quadratic,0.3,-1.49832207572786,0.0164742659972292,0.0,0.1301226150128959
831,quadratic,1.3946200817708143,-1.5137127449413956,-0.8820327104536219,0.0,0.087749224422946
832,quadratic,1.1606490100761375,0.3594558311245057,0.0160499427545941,0.0,0.0731108051227287
833,quadratic,-0.865648120972331,0.6758523018437943,1.157904403322542,0.0,0.0419894830009762
834,quadratic,-1.4248795536657273,-1.833314418916017,0.2988345078810566,0.0,0.0843674809872108
835,quadratic,-1.8984054999723317,1.2195246696445476,-1.9493196220534976,0.0,0.1565701423448384
836,quadratic,-0.3968190561890727,0.8697839493803339,1.4683338537670183,0.0,0.0731190936698215
837,quadratic,-1.7673047201157297,1.4825945967475709,0.6641375730477126,0.0,0.2169223625613556
838,quadratic,-0.9423731716675235,1.7642203665709482,0.1105830490377952,0.0,0.13272301878649
839,quadratic,0.6084249692523467,1.193453313126565,-0.1496755943587211,0.0,0.0828421454710476
840,quadratic,0.4396687686166265,1.97276736534664,-1.5410102154931349,0.0,0.1388894165868178
841,quadratic,-0.9939362507569808,0.5626445279300589,-1.5886315918746865,0.0,0.0451379513737816
842,quadratic,-0.9570059175526292,-0.9456309261012366,1.5600375928426429,0.0,0.0922274825928593
843,quadratic,0.6723620209966863,-0.5011791161966599,-0.2137584055083419,0.0,0.0260228649738434
844,quadratic,0.3212551316547958,1.022173256684983,0.170936620536044,0.0,0.0726942722897136
845,quadratic,-0.3,-0.6597920476805945,-1.4968404439093907,0.0,0.0609181066190968
846,quadratic,0.398896248183302,1.4829774617633005,0.5379258533113487,0.0,0.0948070307254382
847,quadratic,-1.3501277490561678,1.3220451273436242,-0.3053025162431004,0.0,0.1225144797493502
848,quadratic,-0.649041015036623,1.8728633737231228,0.5802160514312673,0.0,0.1494507146770208
849,quadratic,1.8763657601705612,-1.666510217282776,-1.3907055110694104,0.0,0.1318455872033902
850,quadratic,-0.4167218149206193,0.0349510776857795,0.2459147082237516,0.0,0.0322132653038097
851,quadratic,-1.4575468863688577,-0.2950910325205105,0.1244537538829111,0.0,0.0779377790379779
852,quadratic,0.3,0.6532784638836264,1.9713101084754712,0.0,0.0556653319793555
853,quadratic,-1.065064131220435,-0.2495444247136786,1.425625604125846,0.0,0.0835790345344324
854,quadratic,-1.508420346407171,0.2175389907700187,1.166841352613253,0.0,0.0993300747395484
855,quadratic,-1.9289855432577905,-1.713564912475897,-0.7861205047808357,0.0,0.1132999620339225
856,quadratic,1.1845485791724155,-0.7398941722310406,-1.7278182413641017,0.0,0.0698016662766306
857,quadratic,1.7870375470480386,0.468366903167313,0.069672811757127,0.0,0.1447543205389729
858,quadratic,0.6117839628570492,0.5645718565036009,-0.4258597740481078,0.0,0.0298496705446608
859,quadratic,1.5440450266800023,-1.635938236102736,1.1245913869097983,0.0,0.1420328938778604
860,quadratic,1.0246874304336808,-1.1141130436972846,1.8474872925095969,0.0,0.1279290167141614
861,quadratic,-1.0312542853034232,1.6410540488885927,-1.4603166354256998,0.0,0.056305906857042
862,quadratic,1.6128249947484847,1.6612798493069405,-1.586994544494568,0.0,0.1736971312161017
863,quadratic,-0.3368055399678957,1.0112761765009206,0.312309263711962,0.0,0.0329042484755657
864,quadratic,1.8369766866963528,1.1177459025982563,1.6515132563240416,0.0,0.1282038341938767
865,quadratic,-0.6051219987713905,-1.82220187224683,-1.4470870012808523,0.0,0.0942725012341003
866,quadratic,-1.5459864578088809,-1.969940192476156,-1.1054358328750786,0.0,0.1873906158032779
867,quadratic,0.6223578759112494,0.9598520439668948,0.5869551183680675,0.0,0.0982958331242404
868,quadratic,-1.877715171233485,0.4716449164597689,1.2826129038411826,0.0,0.0960994378888053
869,quadratic,-0.3,-1.5948757788996786,1.683663747111296,0.0,0.1490436856348937
870,quadratic,-1.7008076409709585,1.125040093305984,1.9214064196024112,0.0,0.0543403321747128
871,quadratic,-1.406761659594168,0.5205884623069381,-1.7506063181755755,0.0,0.1423687408046785
872,quadratic,-1.7244752731119617,-0.5632902935746196,-0.1975323216424001,0.0,0.1377457141848106
873,quadratic,-0.7575181765723498,1.735439171227667,0.0155010816394738,0.0,0.0481724223750321
874,quadratic,-0.9754750794716482,1.4993758232234833,-1.4294208936066202,0.0,0.1011066031776435
875,quadratic,-1.741610741923385,1.1162592160149845,1.500869655739217,0.0,0.1360554790820473
876,quadratic,-1.981645802121972,-0.8933077977075796,0.3057059126328298,0.0,0.1638579523160189
877,quadratic,1.9229924267891316,0.6271945610058216,1.2318224160987574,0.0,0.1630816020458063
878,quadratic,-1.6674598725112424,-0.4174125150443335,1.6981013555720366,0.0,0.1106581476848661
879,quadratic,1.6318237214658091,-1.175447385487713,-1.5724483269669052,0.0,0.1753494626899227
880,quadratic,-0.3,0.6873720131766032,1.8678538336110035,0.0,0.0340310486424965
881,quadratic,-0.6495562974659683,-0.6346359522305707,-0.2967072543833451,0.0,0.0651788209920567
882,quadratic,-1.3592116042692837,1.214519973084689,-0.0913731506907287,0.0,0.0738691946775493
883,quadratic,0.7855190358241284,1.696861824833615,1.6762982831512958,0.0,0.0780634221612158
884,quadratic,1.5528684675759945,0.4885118425596024,-1.519123312032856,0.0,0.1005196735122936
885,quadratic,1.4931075137131815,0.6575232914706075,-0.6250486979054188,0.0,0.0810318725563717
886,quadratic,0.7462568994112933,-1.281226994584805,0.4117757910192474,0.0,0.0890586447031453
887,quadratic,1.1020944800525267,1.5685549009465176,-1.6348631584438045,0.0,0.1664666257149989
888,quadratic,-0.3644160998909633,0.4325365342619309,-1.224333039052007,0.0,0.036837396999807
889,quadratic,-1.8062416300212425,-1.3105326762666607,1.277900250542952,0.0,0.1541085173221004
890,quadratic,1.336733272241308,0.8956580351142804,0.4511327325803482,0.0,0.1180591784653925
891,quadratic,-1.520044052065912,-1.412379165089157,-0.9641431990164352,0.0,0.1467010901204835
892,quadratic,-0.4308577409028493,1.171005639049302,-0.4027231332868641,0.0,0.0936448814351149
893,quadratic,0.5957704296736712,1.2269175021599836,0.2747170406553025,0.0,0.0421502370690444
894,quadratic,1.6541964774693714,1.631484547095444,-0.5433011429507628,0.0,0.1509236954154794
895,quadratic,-1.778058694417744,1.808970337397319,1.5132234954261832,0.0,0.2405083560480968
896,quadratic,-1.9045099300273964,-0.5842563620689178,-0.7103648777831557,0.0,0.0773472849975784
897,quadratic,1.175682461900153,-0.3455061384099536,0.5065753421060872,0.0,0.0625051031762873
898,quadratic,1.6179080358606504,1.6519718688699192,0.90939637743458,0.0,0.0717918622522474
899,quadratic,-1.6894377577275457,-0.2679834647275307,1.998106777554093,0.0,0.078599490524592
900,quadratic,1.780677400230645,1.7887572702437975,1.2291518738681249,0.0,0.0918832565854405
901,quadratic,-1.2754859357395092,-0.201551495589197,1.480848625751689,0.0,0.111848267585969
902,quadratic,-1.0175794391379314,-1.8441804225002656,0.3497409192263059,0.0,0.1802545867591931
903,quadratic,1.2460655162993608,-0.3456065272696249,-0.704482867605198,0.0,0.0457705058512177
904,quadratic,1.9771481073611543,1.3896960282970785,-0.3239358960864926,0.0,0.2104282818295809
905,quadratic,-0.3,0.4906652869631811,0.5721719251389001,0.0,0.0315559860542343
906,quadratic,-0.6610946212315669,1.2527639711321823,-1.2858005294502075,0.0,0.1071007500230041
907,quadratic,-1.5782256818305953,1.7805644121961717,0.0482836989131025,0.0,0.1562040976013365
908,quadratic,1.6394742214240008,0.4186076134954066,-1.1041990443181753,0.0,0.0935551989208739
909,quadratic,0.3497618105547477,-0.095096568204998,-0.3358731022956909,0.0,0.0210764805751891
910,quadratic,-0.3,-1.2306886325302688,-1.7960545318552614,0.0,0.0728376021420936
911,quadratic,1.584027743264533,1.7947507155370492,1.9383628457211304,0.0,0.097218826574403
912,quadratic,-0.3840843629303943,-0.7125469010404566,0.5617983543487313,0.0,0.0527249511900414
913,quadratic,0.3,0.1350388037850796,-1.398816540328045,0.0,0.0116559772817099
914,quadratic,-0.4751162517691996,-0.3442292370906608,-1.0555179225630154,0.0,0.0407034270662539
915,quadratic,1.101533554674039,1.138869322895404,-0.2342497828373546,0.0,0.0681633528066071
916,quadratic,-1.1364582508213128,-1.9189921806393544,-1.1755311976646388,0.0,0.1761041515425198
917,quadratic,-0.3,1.3351081969700591,0.5047320130087649,0.0,0.0385868723923848
918,quadratic,1.937100332896171,0.9228822013562406,0.7955972703176024,0.0,0.1727205911079338
919,quadratic,-0.9857291207892072,1.4087856542613246,-0.1850156127001887,0.0,0.161795380456966
920,quadratic,-1.8365055843734155,0.4961332849932978,-0.6422868415394616,0.0,0.161820285410206
921,quadratic,0.7143691868328461,-0.2065905485576697,-1.7017770645299768,0.0,0.0554563824038988
922,quadratic,-1.5087581794445066,-1.755770202038275,-1.9746664283263464,0.0,0.1356313652269442
923,quadratic,0.5582663529750458,1.2639686668818064,0.864242228026399,0.0,0.1245331456414586
924,quadratic,0.3705005369099954,1.847340908101456,-1.4184911446373971,0.0,0.0835108944448258
925,quadratic,1.4493373114382546,1.427993409905406,-1.6763356969261722,0.0,0.102549928508549
926,quadratic,-0.3,1.2631808019752304,0.0889807945125449,0.0,0.1175443660456565
927,quadratic,-0.5825292495770023,0.4674601095038984,0.3758395974525825,0.0,0.022520719985168
928,quadratic,-0.5879134075593604,-1.6083939840381607,-1.7654871741732827,0.0,0.1360399584120728
929,quadratic,-1.831183508270549,-1.6726285268650445,0.7811984994485841,0.0,0.0860612161472114
930,quadratic,-0.3060539371128348,-0.1127242160498327,-1.9055850394311444,0.0,0.0249384835923251
931,quadratic,-0.7748971090301566,-0.062231032022368,0.6619391820833376,0.0,0.0382247437106188
932,quadratic,-1.6828281671008831,0.1701797331807872,1.9205467549870847,0.0,0.1546807446214204
933,quadratic,-0.4842604837418456,0.1386805749963171,0.9392949454063166,0.0,0.0223432436823679
934,quadratic,-0.4087808410828368,0.9838643125814576,-1.389755800670335,0.0,0.0279085586943125
935,quadratic,1.9455370366807017,1.3065761835117873,1.2851478239047118,0.0,0.0769225064384056
936,quadratic,-1.0468404567495968,-0.7753897447860112,1.0845359443024556,0.0,0.1061420516729329
937,quadratic,-0.5684051917068484,-1.388185420850478,-1.6651400373152856,0.0,0.0899141135382193
938,quadratic,-0.3,0.7999788861087129,-1.5169443378881111,0.0,0.0738669174678232
939,quadratic,1.050679614576984,-0.8884656907228177,-1.947040249821252,0.0,0.1313544253451338
940,quadratic,0.6393937255365718,-1.8838686461999377,-1.567576596722117,0.0,0.0825251848461707
941,quadratic,-1.0721503153904464,0.2511336119007943,-0.7846518361378374,0.0,0.0928639949186924
942,quadratic,-0.3,-0.0789330760622948,1.9245854714037791,0.0,0.0235254276994846
943,quadratic,-0.3,0.234750866137249,0.341381438798904,0.0,0.0287879366800806
944,quadratic,-0.8822854720680486,1.019778308152516,-1.7726476328128338,0.0,0.1027880852953444
945,quadratic,-1.4988979900046004,-0.9928519957570084,-1.8674198720752824,0.0,0.0670492621082847
946,quadratic,1.3971670437384218,-1.4717165249548478,1.254275241958657,0.0,0.1734274626174984
947,quadratic,0.6567614190405187,1.7822564585477063,1.2142511507437432,0.0,0.1646208511855205
948,quadratic,0.5378992820003203,-0.1825445142505901,1.7192570121167816,0.0,0.0510327145804024
949,quadratic,1.70832283084839,0.0333736580633514,1.6488339306309472,0.0,0.1162640985963429
950,quadratic,1.7386447903971396,-1.4288349160462723,1.755848160377083,0.0,0.1361250223022474
951,quadratic,-0.5937210154163588,1.7394889312373365,-1.9767014766215705,0.0,0.0938218939649557
952,quadratic,-1.561016489869442,1.8118800366994785,-0.7163104738279071,0.0,0.2023124256577296
953,quadratic,0.4748758517457858,-0.8242429103727389,-1.1099560703788345,0.0,0.0858878477308955
954,quadratic,-0.4454750616176257,0.4404089243603621,-0.7411831742447372,0.0,0.0467875480254763
955,quadratic,-0.3837907835131826,0.2328939710765483,-0.64593003557933,0.0,0.0113978782417152
956,quadratic,-1.5880727179437382,-0.4314594119155726,1.467061377850183,0.0,0.0709581173193528
957,quadratic,1.764228106942765,0.4606913339644793,-1.4030954005686294,0.0,0.1455557034578975
958,quadratic,-0.3,-1.431115752714235,-1.743171277848751,0.0,0.0354765222101741
959,quadratic,0.8412117989438048,-1.5489643966689934,-1.796813540277134,0.0,0.1400740155084459
960,quadratic,0.4650657343670135,0.5565054488137675,-1.957168605537984,0.0,0.0202626158188209
961,quadratic,1.2096535594860818,-0.5703590023959042,-0.7136882475802051,0.0,0.0463975408070033
962,quadratic,1.7878855317367268,-0.0601270746332525,1.240509622612903,0.0,0.11501945538322
963,quadratic,0.3,-0.5947002308217422,-1.3515786296996946,0.0,0.0604196983926799
964,quadratic,-0.3044053671298399,-0.0534897249706749,0.2236902518101886,0.0,0.0231828080790562
965,quadratic,0.3,-0.7767580571834407,-1.593553754198112,0.0,0.0414733623141947
966,quadratic,-0.808348405070948,1.515920962456882,1.3915040591464023,0.0,0.0749906354560676
967,quadratic,1.5047453715423216,-0.1681474654545258,-0.7256704976210822,0.0,0.1332650096525633
968,quadratic,-0.3,1.2401938385201152,-0.2571783409519326,0.0,0.0625882127971822
969,quadratic,0.3,1.2218580508123522,-1.6476692787480016,0.0,0.0920950275380197
970,quadratic,1.4908894266989048,1.4467019561566885,-1.015447815923907,0.0,0.1040582995343978
971,quadratic,1.7515771668401228,0.8743432584425044,1.0189309745568793,0.0,0.1691487625666971
972,quadratic,1.7861068970526643,-1.470442568295773,-0.789689896585898,0.0,0.1182635281199118
973,quadratic,-1.2010321618690551,-1.6943010592342795,0.2693063038100494,0.0,0.1136103351431969
974,quadratic,0.6010511737345099,-0.797965322319274,1.588650862490507,0.0,0.0884797436752146
975,quadratic,-0.7403115101425151,-1.2950502982662502,-1.5668809316964216,0.0,0.1287397036403452
976,quadratic,-0.3,0.7625000326481159,-1.2807171684437475,0.0,0.0228867565324552
977,quadratic,-0.5894484011270995,-1.1725765152340974,-0.2397475084778109,0.0,0.0464213216368351
978,quadratic,1.3491897872885654,1.468502810637644,-1.5109043315750452,0.0,0.0819954776493461
979,quadratic,0.969437380979429,-1.1458159769151672,-0.353330070441741,0.0,0.0414654113774121
980,quadratic,1.124178988640049,-0.9125860512120524,1.019378536048571,0.0,0.0723297142605911
981,quadratic,-1.8551458638274971,1.9003939484220016,1.8247285416297383,0.0,0.1988088962970309
982,quadratic,-1.0266501340320513,1.8188984867086824,-1.5827214443931972,0.0,0.0763964847312489
983,quadratic,0.3,0.1444950583876685,-1.4291556622271262,0.0,0.0244852435930472
984,quadratic,1.6234108034283454,0.5132165509571736,-1.2901349849111257,0.0,0.1043780730961391
985,quadratic,-0.3,-0.5975306560618638,1.6689763570363365,0.0,0.0251317303045007
986,quadratic,-0.3,1.162114546984856,1.3713804887334249,0.0,0.0496126130789299
987,quadratic,-1.838062127950004,1.0079634594471891,-0.1834622532800631,0.0,0.0831247724238313
988,quadratic,-1.4721851564940978,-0.6749316894007493,-0.9070511765918297,0.0,0.0407230758327336
989,quadratic,-0.3,-1.8597058458109967,-0.0160600361392324,0.0,0.1339851670152979
990,quadratic,1.1344594753784056,0.9739257524410756,0.5913752647177,0.0,0.1149142237842662
991,quadratic,0.3,1.6742223421183993,-1.2057461337853113,0.0,0.0878501398358674
992,quadratic,-1.1225784957467138,0.3443682668581544,1.172727484380475,0.0,0.0429781034748298
993,quadratic,1.414516094057618,-1.3728025085815545,0.8334816473455731,0.0,0.1575662999665713
994,quadratic,-0.7877650664788365,0.5659290912293944,1.9329590033115416,0.0,0.0846297139613231
995,quadratic,-1.6563605783029436,1.83315728301966,1.6865533775793655,0.0,0.1025549963613337
996,quadratic,-1.150484236535247,1.980774165246535,-1.4847826227226215,0.0,0.1883674635169527
997,quadratic,-0.3,1.889552813231086,1.5893294994038718,0.0,0.1172361479946862
998,quadratic,1.899882943816568,1.7568850797723932,-1.1551381629199562,0.0,0.2258009885466142
999,quadratic,-0.3,-1.8729412555053009,0.0721424625340589,0.0,0.1024894593645944
1000,cubic,1.342285911332154,-0.311901566931474,-1.66396824011768,-1.4961535822392276,0.0816993859545845
1001,cubic,-1.4644395621487143,1.1072340419280846,-0.2273095417429331,0.7610139793666226,0.3322810889678055
1002,cubic,-0.2,0.983274909810647,-0.151872488058145,1.8738272312223647,0.0415184904077827
1003,cubic,-0.508441235410683,-1.1033161072591025,-0.5246264493372372,-0.6152472152592963,0.1194472553694125
1004,cubic,0.6370771392749899,0.8984917863378263,1.7433939349608996,-0.7157439222264288,0.0824757619734063
1005,cubic,-0.7596696185866428,1.366963354837924,-0.9593682238593502,0.5453788514846356,0.2264676558814624
1006,cubic,-0.2465847631163993,-0.1129284398090706,-0.6675669255841075,-1.222121194189176,0.0557472835118909
1007,cubic,-0.2,0.3430737194076201,0.912552768289546,-1.916395652690062,0.0455757157937798
1008,cubic,0.7082533551631114,0.9534741470033818,1.8051235428459296,1.311126965397894,0.2927836091726157
1009,cubic,-0.6631897360883453,-0.9970924858805568,1.9072547724469409,0.5102285520744743,0.0366254996366273
1010,cubic,0.6825972399189109,-1.173891758636762,1.7504579594731586,1.4177723462613026,0.3216015493080258
1011,cubic,-0.2,0.3652851526927361,1.1521481979057278,0.7906838597152004,0.0311228942132204
1012,cubic,-0.4061804793899695,0.8550922326568546,0.2955070066953404,-1.919684523871339,0.0527255303400249
1013,cubic,-0.7184975839731459,-1.3957497615634114,0.5000608099932946,-0.3523876038146358,0.0513523409007419
1014,cubic,0.3554066440620849,-0.2476936424531297,1.321069530911052,1.125504811229526,0.1344072486586348
1015,cubic,1.0772159705680249,0.0773148215708507,0.3418333659182817,0.7662452266902653,0.286321446576217
1016,cubic,0.9839060858292424,1.0315194816041116,-1.0869504117094473,1.7181375206065064,0.0975146615385782
1017,cubic,-0.7549779342448111,-1.3503617214203114,-1.5890431879003115,0.1011109072329872,0.0946062204029819
1018,cubic,-1.183777099076508,-0.3562288343880069,-0.0864567535347884,1.6016137779882975,0.2928721989907031
1019,cubic,0.3357664407981664,-0.6772877494555658,-0.0002593160668951,0.6206664427005082,0.0442683941026725
1020,cubic,-0.2,-1.0626332902791291,-1.833053645756984,-0.559850438998927,0.2342270309822584
1021,cubic,-1.3951239507333573,-0.3425459952825247,0.352999033556709,-0.0041674137684131,0.2114395777535711
1022,cubic,0.5429516198518014,-0.5482754535809828,-1.3598361026533663,-0.4524004646272983,0.0493030368821785
1023,cubic,-1.0282840888899694,-1.171716514123844,1.6697648633598177,-1.002739718121255,0.1145773423862309
1024,cubic,0.7035744324162536,0.1136640300203062,1.869541691026149,-1.8283730628454968,0.3147241949224936
1025,cubic,0.8356179167019215,0.9693464801687108,-1.2568841995595563,-0.1740852994123582,0.1198752325680912
1026,cubic,-0.8458090296741808,-1.4413727344816585,-0.941751914773123,-0.448623986891953,0.2197240784101604
1027,cubic,0.2,-1.4784131498332922,-1.6703576527341375,1.2390581456757177,0.1720598139948677
1028,cubic,0.873719209603931,0.5493390689080058,-1.6224964967598812,-0.3693256231550248,0.0829341470976972
1029,cubic,0.8842470466862715,-0.1655595007363997,-1.9924623612502148,-1.653002635890474,0.0343389328304013
1030,cubic,1.2400591950235134,-0.822601636629828,1.8984589866993988,0.2561358533285438,0.2546179453168104
1031,cubic,-1.1053083619890274,-1.210964674874071,-0.028842731669322,1.0413570183104737,0.1415654722758771
1032,cubic,-1.0527106670265425,0.6579601567255371,0.2190307742546968,-1.4174756735744,0.1347751475436605
1033,cubic,-0.5999652702018838,-0.6182998967725633,0.3164857431801997,0.92487836062344,0.1241191340928916
1034,cubic,0.5547560677109549,-0.1770976744692962,-0.3635427434916458,0.3938804887599558,0.0390629676558378
1035,cubic,0.302822171422811,-0.7055849179141837,-1.3689498546203542,0.1233578352500228,0.0677955394556912
1036,cubic,-0.5547285811391416,0.2130612361095254,0.6307927593492648,-1.5878747370473238,0.0665928789278033
1037,cubic,-1.316471408209674,0.7723119369133391,0.4259487348027657,-0.7776462550306427,0.1634521348146041
1038,cubic,-1.099462157501629,0.6504372208373348,0.609135293917614,0.6802669941407706,0.0837138108262011
1039,cubic,0.8648358650922416,-0.6771140529857731,1.5339040085087206,0.3290651596337492,0.316565468802679
1040,cubic,-0.9944046950268248,-0.5402429654900459,-1.6047262968930776,-0.6130622372698644,0.2712553502105397
1041,cubic,-0.4698711959629142,-0.56023026140924,-0.4897292034019314,0.2104167960679395,0.1650792622865876
1042,cubic,0.2,1.161200423828578,1.108755454072734,-0.1018332042661374,0.1167740208904961
1043,cubic,-0.3335914527177994,1.398253927538012,-1.693312978183282,0.0010788920466895,0.1182715224541689
1044,cubic,0.3512584642671985,0.6697668831643986,-1.0648741649459057,1.4318935122964391,0.0192884583135941
1045,cubic,0.6530560645191148,1.3527207842090263,-1.2817050347279064,-0.0617971258962071,0.134998809522792
1046,cubic,-0.8651227301212252,-0.8931462233009341,0.5686340918546016,-1.1985134875887962,0.1524111644050023
1047,cubic,-1.2359774967448869,-0.5530615822655404,0.3804246540017217,0.0828456869956499,0.2143709273721479
1048,cubic,-0.620357464052159,1.4800267094021873,-0.2816059171445562,-1.4693935110960417,0.1092656184282949
1049,cubic,0.2331150912500192,-1.0079051107368096,1.306887122469791,0.3876327353842486,0.0670614475030625
1050,cubic,1.4984327969296984,-1.1350913216301288,-1.94384447653188,0.340018465441386,0.1159704467146401
1051,cubic,-0.5307626443450888,0.6303681437690196,-1.6430677635771422,-0.5109751862785545,0.2026133575532531
1052,cubic,-0.409678939438137,-1.0385014325439696,-0.0903098713990693,0.4495231590832733,0.1426641932756222
1053,cubic,1.2253784714406448,-1.2992000099671963,1.9736840623438887,1.5276305308513685,0.309138986785155
1054,cubic,0.6738680467919353,-1.3337244923389626,-0.5439460803681748,-1.7519231175769003,0.1433512462504542
1055,cubic,-1.1865897704945978,0.6873220109358886,-1.2691665763315174,1.5588500672916896,0.2617109466844317
1056,cubic,0.2,0.3524965271547824,-0.3335831773921067,-1.2009367499053702,0.0351016013582742
1057,cubic,-1.08762944987255,0.8187269551014849,-1.901562219173973,0.2260955850212358,0.3896740794538681
1058,cubic,-1.1373893051340025,0.5935199157003326,0.0601374526751352,0.6776873208541239,0.2437363661702753
1059,cubic,-0.9659324019672278,-1.135956010075074,-0.7043057396989822,1.9288874490153043,0.1810880286868737
1060,cubic,-1.3300000902180535,-0.5831173882184565,-1.1299409751656544,-0.1854742837028928,0.1580553028578359
1061,cubic,1.09364881728678,1.012962166989956,0.7004915971577774,-1.4788555300832735,0.19340452549328
1062,cubic,-0.5418668582371842,-1.2947771240056354,-1.4409611712137749,1.885050487605948,0.1544109314106839
1063,cubic,-1.4389040933724768,1.4266094151335902,-0.1907120264743578,1.4731405776716897,0.3524621986714972
1064,cubic,-0.5715798096781542,-0.429259502147004,1.8421749800529463,1.9819970633993864,0.0792973744078461
1065,cubic,-0.3672958557301449,0.7632027127604877,1.2657680419031956,-0.8067668197532556,0.0690508892801186
1066,cubic,1.2525868656838588,0.9686600955145654,1.8045673914316371,0.7085381286730179,0.1681560367721578
1067,cubic,-0.3437187049971619,-0.6423900631019651,0.0441189590200248,-1.2894767350269918,0.083351602412364
1068,cubic,-0.7321816575020754,-1.0329114372190618,-1.800086036836607,-0.281260620104085,0.3415437877568185
1069,cubic,1.227610425078418,0.5306057483691453,1.079879846718097,-0.0202680603348781,0.1066231699834483
1070,cubic,1.293985491561462,-0.2979965977640759,-0.8013231191394645,-1.927654424230162,0.1951365620157233
1071,cubic,0.92845644352047,-1.3189381816204238,-0.0049122332204221,-1.5698957590339542,0.1767168983020086
1072,cubic,0.8924492533076238,-0.6729499943436764,1.3144230993087604,1.8583589029194376,0.2406736220067752
1073,cubic,0.6833352611067376,0.5680162198313137,0.2351979620720801,1.287952625620438,0.1974311584876544
1074,cubic,-0.6302096599205793,0.9591472168928205,0.3550692500169621,-1.1696285936689228,0.1418590400952055
1075,cubic,-1.3255882466722062,0.6033698750885668,0.0106797225685513,-1.061648428999077,0.2651581260065251
1076,cubic,0.5617136490941066,-0.2211344876654819,-1.2031187387781437,-0.2140533671531392,0.0421983640770931
1077,cubic,-0.2,0.90104236336692,0.2514264951751079,-1.0121179429025382,0.0454763302893488
1078,cubic,-0.2,-1.440616169332147,1.1480684477451453,-1.3422210524752272,0.0676994578506205
1079,cubic,-1.119139411023785,-1.3931621981177886,1.1702340299115352,1.025260599766042,0.1832752712613168
1080,cubic,-0.2152041229866688,-1.261924543454746,1.7465685922276375,1.4842681072931954,0.1528528103568358
1081,cubic,-0.4420523919631265,1.1407415322894927,-0.465686276188932,-0.3337298950988541,0.1358025625390425
1082,cubic,-0.2,-1.3496413827382268,0.8898086512798686,-0.9795041901843063,0.0981272986118346
1083,cubic,1.2049326129198148,-0.3211731479481738,1.7381341558524364,1.887514469199175,0.184673452212508
1084,cubic,0.9517436410446694,0.458011140596942,-1.1633170869336027,-0.6857531421569041,0.1039941399708814
1085,cubic,-1.286943706278335,-1.0960006105996718,-1.3053785553176058,-1.9068801019236636,0.1252690435351782
1086,cubic,0.729884894314337,0.02454866742243,1.4732303498567745,1.876997615520782,0.0950491674414447
1087,cubic,-1.2423435942243324,1.15045662389931,-1.2919054812736537,1.616390326234347,0.1101138024083074
1088,cubic,0.6228406410772145,-0.3964565422672812,0.4833561409501397,1.7382321409382695,0.051542845553473
1089,cubic,1.034714579131391,-1.1484869001452365,1.7210438742329697,-0.273724018346849,0.1666861183177094
1090,cubic,-0.2,1.243808086485792,0.8732765172512664,0.382710187438851,0.0409728450021311
1091,cubic,-0.632901657844797,-0.1182978586548204,-1.8358763530847029,-0.7060424783087722,0.1439683963557462
1092,cubic,0.9960428665738964,-0.0939345951605807,-0.9068778598906272,-1.107855735474176,0.0921320230000649
1093,cubic,-0.2,-0.4232317583268024,-1.156393180300689,1.0760146245624598,0.1236713516801474
1094,cubic,0.9876852418101504,-0.8049990562782758,0.2920773304734974,-1.038568053967364,0.1799184645819131
1095,cubic,0.3997334615339736,-0.0006106541589123,-1.1391288922649982,1.6426620823880969,0.0231587023175935
1096,cubic,0.8386556189573713,0.1876809355093014,-0.0866096402394207,1.3275527991003764,0.1518060931918736
1097,cubic,0.8905723866083957,-1.3701026813265886,1.6211546668010106,1.5798782046108206,0.1285821086037865
1098,cubic,1.0650334222452795,0.683237950271582,0.3392673612744823,-0.484195101307229,0.16083965352292
1099,cubic,-0.4405108426726474,0.5836640266899638,-0.192722797143642,-1.966909448617271,0.057408169889921
1100,cubic,0.610683602209598,-0.7636417681628556,-0.0178584887162682,-0.9950638073169542,0.1113149462090204
1101,cubic,0.5675893570036368,-0.7562646928061261,-1.5481214761304725,0.1900349062662973,0.0744527709837521
1102,cubic,-0.3168055717660876,0.2915496871458642,-0.7904079170432161,-1.3550567310170494,0.088775102162266
1103,cubic,-1.2157091780441522,1.2525400651724787,0.0051231203763832,-0.317127392111193,0.2189420717784999
1104,cubic,0.4313573079041053,-0.2492866127289557,0.0090620248425046,1.547361601606208,0.065039726302031
1105,cubic,0.6727504955255164,0.1806542652122278,-1.2852250245799277,1.1429081692137522,0.053385623240444
1106,cubic,0.9966512068643238,-0.9908932996391928,-1.5321782507888688,1.1623248375561095,0.1008808807098877
1107,cubic,1.3416024312051382,1.389654415872081,0.4039424988972717,-0.8798768620308111,0.3629156957569775
1108,cubic,0.2,0.9575621430395652,0.0410680891546806,1.9594760058321572,0.0781458072123914
1109,cubic,-1.42569767943521,1.4812943103779874,-1.5023637209339635,-0.9696799560232532,0.2338887250379088
1110,cubic,0.513396797057668,-0.0537898657066995,1.5831130854986726,0.9935023956207404,0.0710420606677963
1111,cubic,0.7091261740907764,0.6775584051791119,0.1722876407163101,1.6330739944922694,0.0930670179866022
1112,cubic,0.4169758953306797,-1.057588571898454,1.7598873401757862,1.0711950465833011,0.1791764337784354
1113,cubic,-0.5354540261072772,-0.231934058139587,1.1792832070181412,-1.8867630216459963,0.0541591541461805
1114,cubic,0.5809055592098655,0.6293098774330805,-1.1753311024595048,0.5242774012880882,0.0273604534545605
1115,cubic,-0.9646795374446228,0.5646837249867556,0.3304559669904754,-0.0495179080532346,0.1331886815839741
1116,cubic,1.2186316454335997,-1.0785073997994343,1.6212406995150186,1.5218481162792483,0.1879894843736189
1117,cubic,-0.2,-0.1844961300449248,-1.7732301344758392,0.2317982531635465,0.1032133051777693
1118,cubic,-0.7296315402671559,-0.6466118854301824,-0.0807089567055983,1.2125486039355162,0.0763466402976319
1119,cubic,-0.6496753427933812,-0.0493096168118001,-0.0789644170023096,0.8616675821245696,0.1338385833529866
1120,cubic,-0.878027164179467,0.3953971762667816,0.5909373963173317,1.379334632300509,0.0931980886306726
1121,cubic,-0.3766852459605334,-0.4808412252191754,0.3141458742599701,0.403882100591344,0.0455996942080416
1122,cubic,-0.7883110514622188,-1.002927427521987,0.5343177957120582,1.1875940566209122,0.1697584968122367
1123,cubic,-1.1197546045359692,0.8600447120329013,1.9494428962204893,1.967070335315337,0.1378117889260664
1124,cubic,1.4476877831312511,-0.702904461597023,0.5441401478051611,0.3231046426688988,0.1765668493062007
1125,cubic,-0.3987346739829689,-0.0762025258378664,-0.3061872680044146,-0.3367301004986176,0.0953293084733137
1126,cubic,0.494844853129434,0.5592381261261514,1.80789247535427,-1.9525323171643336,0.1296896875130966
1127,cubic,-0.7306396919944107,-1.3831475040516772,0.8029971609297637,1.56118405217905,0.0562015362938116
1128,cubic,-1.0635714398272524,0.2904244734910715,-0.2818984572133258,-0.9877514611680652,0.0812603023468128
1129,cubic,0.2,0.2503674118821428,1.470142333270132,-1.0632796226587695,0.1297589224139818
1130,cubic,-0.5491957322637524,-0.4518275411447927,-0.7072014561875473,1.3819572580728794,0.2012184122732392
1131,cubic,-1.1946968643033806,0.9537751569153348,-0.7893196150709678,1.6428343046691816,0.1488026055273894
1132,cubic,0.2,0.7799845917455923,-0.5310241329896597,-1.1516722080648545,0.0204873253271425
1133,cubic,1.2242665757808655,-0.6621998081829111,-1.9039648117607029,0.7956108629208418,0.0647879074087774
1134,cubic,-1.032245844688386,0.9572676219561672,-0.5049387357059758,1.0808451543575952,0.0799026761554658
1135,cubic,-1.1352320870959811,0.850083663467168,1.1991659508710568,0.7717382860879085,0.0888861452997615
1136,cubic,-0.3701619933659379,-0.3650448735243512,1.8861669543778825,0.2924142971675905,0.0493266232473582
1137,cubic,0.664892705480185,0.6027646645787446,-1.706815912822238,-1.728896759846807,0.0559898388420598
1138,cubic,-0.2,-0.077393146624038,-0.1577179146890821,0.5611184842365207,0.0536735862199692
1139,cubic,-1.4526521597767217,0.5271160205711731,-1.1369406021489956,0.1941901110798949,0.217511204019168
1140,cubic,-0.2,-1.3578737122855369,1.732306093698154,0.4367487963031471,0.1616506552885782
1141,cubic,1.1216487904898793,-1.0258310962299348,-0.3239509757950074,-1.596133631083092,0.1375069825502766
1142,cubic,0.2,-1.2732290294857422,1.4023486181675129,-1.033915801811092,0.2054249322455067
1143,cubic,0.2,0.3533625341956319,0.2752917471419467,-1.0369469909635298,0.0716463062353425
1144,cubic,-0.8133360493715346,0.1377225864240212,-1.8676043334418968,-1.4438269852730872,0.2227762760749325
1145,cubic,0.2644785813791661,-1.0880088214686223,0.435487106855621,0.2645246269698664,0.0811551901198289
1146,cubic,0.2,-0.6927061199282019,0.2622760630407357,1.6982647829893311,0.06872536426924
1147,cubic,-0.7772192486116156,0.4479409140051151,1.8045217193341805,0.949181903979373,0.0697549848689171
1148,cubic,-0.6169568301985218,-1.4407917969219572,-1.8487610541367496,-0.8536372076209862,0.1187380724833041
1149,cubic,0.3614347202913444,1.2660685146094868,0.1582457944056545,-1.0496773557828996,0.0429266630867163
1150,cubic,-0.2,0.4343008206710199,-1.6228323976543315,-1.3780527707912,0.1549740538168174
1151,cubic,0.5686512981394856,-0.7656140271488028,1.0947942120050262,0.9752223992238808,0.1451255365829792
1152,cubic,0.6727757703349622,-0.4810015020286924,-1.4321833824118868,1.96999911678465,0.0691095244233103
1153,cubic,-1.0712322391540496,0.8456147596856907,-0.135705913872191,-1.0430846227805302,0.160993856729874
1154,cubic,0.9157506680281724,1.4555766965651813,-0.512613002211864,0.5705617607959059,0.1823797507379641
1155,cubic,0.6166979245196322,-1.3960935633903686,-0.8691395540739792,-1.6768852322868084,0.1283530922771062
1156,cubic,0.3639525562452301,-0.8719507842666132,-0.4170890373318108,-0.0781400184725584,0.0818677101031962
1157,cubic,1.255480436756527,0.4145451172476528,-1.1910440859720093,0.6706465201497989,0.1065060882532229
1158,cubic,0.6471018252881482,0.1718888843071921,0.5429509576961311,1.3256407687084808,0.1673808933990284
1159,cubic,0.6883114009553921,0.3510075152753202,-1.1744024376241118,0.7812571792619041,0.0455319898456662
1160,cubic,-1.1719208846419908,-0.4733098941092444,0.6270355789525275,1.269681962475626,0.113310597364211
1161,cubic,-1.0460274545048955,0.5384833332795944,1.99527257066763,-0.7385271896975301,0.0409738623627256
1162,cubic,0.7161188243291026,0.5336967078119312,-1.1807308402390713,0.655304002762426,0.0863906742203439
1163,cubic,-0.2,-0.5103530367162818,-0.4207121655983572,1.8372166089991853,0.0904428674205407
1164,cubic,0.4914621247787516,0.4921476233474273,1.106633982997911,1.853843414385759,0.2059311396275789
1165,cubic,0.5164322330266682,1.140488695020124,-0.1032673250640163,1.2885745899252403,0.0887517687981029
1166,cubic,0.2,0.0027353032832198,-1.2056285470485992,1.3490685327978835,0.0342373180744128
1167,cubic,-1.1709819630781944,0.3673262459916375,0.4849882381643442,-1.3054328793429724,0.1101519493215283
1168,cubic,0.2866857104781437,0.9008470573771992,1.788120413153616,-1.469058123231965,0.0822641061720379
1169,cubic,1.2845604146199363,0.7733249789010994,0.5720623522441026,-1.9291613593322787,0.3569463009830418
1170,cubic,-1.2597185514768587,0.969653317280086,0.1508943567803706,0.251632577343841,0.0851154162646105
1171,cubic,0.2,1.3553586629804992,1.088287247368284,0.4337269852586356,0.103244301516586
1172,cubic,-1.1464991937960476,0.803740815904348,0.2629627719712508,-0.0513037792986619,0.2626022683076228
1173,cubic,0.2,-0.1760630332595818,0.4555101016003933,0.6902037763518889,0.0418464437965225
1174,cubic,-0.4461796070467669,0.5837621910954756,1.5929618563782584,-1.367208149383055,0.0493457201001866
1175,cubic,0.4572469528438461,0.7420277684574499,1.768883245979167,-0.3854990301423089,0.1727150094518256
1176,cubic,0.9077631271915392,-0.552170976111852,1.7582075080451385,0.1492907529502924,0.2996394859331385
1177,cubic,1.290443343358318,1.4153258758291338,-0.1611337596981852,-1.2871197957207956,0.2803642647049321
1178,cubic,0.4474631701596772,-0.8434058749480647,0.952109196796115,1.5536301501275425,0.1133743859236527
1179,cubic,0.7341748381530699,-1.1142434451684289,0.319393296515051,-1.8622874408898584,0.1028052615973448
1180,cubic,-0.7181957446471597,0.5157988910372406,-0.1687413139928026,1.2701655351213883,0.1441772816769952
1181,cubic,0.2,-0.7205401413283079,0.330611104930663,0.4641830356142207,0.0648935196403769
1182,cubic,-1.102770177464615,-0.1548709141625535,-0.7115762987484691,1.331591783038439,0.2783416340534367
1183,cubic,-0.8627105197019534,1.0610147240458685,1.630011229301529,0.3639664322510079,0.1129586802386183
1184,cubic,-1.4143282633127687,-1.4646441387479332,-0.0316472180435378,0.544319943228647,0.1673711387299225
1185,cubic,0.705878918343005,0.5666152543513419,0.8260185105469828,-0.5410733842468347,0.0666697183226956
1186,cubic,-0.8858278188539375,-1.0651957207914189,-0.3426229853148284,0.4928536692436882,0.2119586427079403
1187,cubic,-0.340497297895028,0.7329114450460881,-1.490906824679917,-0.7565452130578096,0.2045415103665277
1188,cubic,0.2,-0.0587723834444997,-1.4341607829143477,1.4140062001612104,0.0272653838383407
1189,cubic,0.3971879020912001,1.4679945137803443,-1.5579984601541763,1.6988289406563948,0.1186908853254557
1190,cubic,-0.2499578098721588,0.0142244438776319,-1.3244171863437035,0.7748757154579184,0.1140362689758054
1191,cubic,-1.370042116891986,0.7931891178103587,1.6232728338612574,-1.5802748307071046,0.0867459699533383
1192,cubic,-0.9207305662813344,0.1659218219301312,1.6239340966326812,-1.8266791192239005,0.05840281371152
1193,cubic,-1.3239660699769316,1.306687692073794,1.2957683745827828,1.8226207569913957,0.1985104468339483
1194,cubic,-0.6590123493196619,-0.8103246057468084,1.723336356317474,-0.7939455772138668,0.0808236757543789
1195,cubic,-1.177369210387518,-0.7611894858813031,-0.1368606779229284,-1.4057002124356344,0.2298686038885388
1196,cubic,1.2866739913748426,-1.3064663854229353,-1.608646446652843,-0.7753211935004249,0.0857989979853301
1197,cubic,1.2918785237787054,0.4705668907813196,1.5068175905654382,1.8643020324878488,0.3737293473294448
1198,cubic,-0.5615495174268317,-1.2494772006969894,0.6175234211503775,0.4624889068766049,0.0578209934823994
1199,cubic,-1.479781506356112,0.9381584329449568,1.708595358358567,1.5931610156070333,0.1706789096341919
1200,cubic,0.2,-0.0718514422241347,1.6679350716255574,1.0665889196777818,0.0682179068519524
1201,cubic,-0.2,1.3072972674774452,-1.0375047861389683,0.3973903651948838,0.0528813710940819
1202,cubic,-0.9774380829940508,0.5461611136354332,1.3552239983242709,1.495292652746561,0.0894078399915357
1203,cubic,-0.9146691955587252,0.3753048342102132,0.3013954513351518,1.661082433675276,0.0812099086588221
1204,cubic,-1.0316669770192406,-0.1719563621956235,-1.1918187883910716,-1.9123801965458944,0.1999113727760149
1205,cubic,1.3152997314693016,0.4142870728059202,-0.8666915856941655,1.1434766167765311,0.072129867821221
1206,cubic,0.2,-0.9831550977178464,0.9652966621149952,-0.3859013782511749,0.162087241518307
1207,cubic,-0.3346842358277353,0.8128275270481096,-1.03218693812611,1.9128761459978567,0.1173708654452615
1208,cubic,-0.7019420889221821,-1.003787445693491,-0.730075945207874,0.4288287029312774,0.2187646012178569
1209,cubic,0.2368632698485582,0.4866483842386639,-1.5053823909069697,1.7210122686771614,0.1006725513734353
1210,cubic,0.2121675132264955,0.288627096840836,1.689718832797837,1.292652916825077,0.20354520054539
1211,cubic,-0.4941352752807915,-0.1749921152351481,-0.6780210977929886,-0.1345235501860671,0.0503848260679608
1212,cubic,-1.200955067320848,-1.3658036417731996,-1.5874470030507202,-1.767167312095287,0.1840283265198647
1213,cubic,-1.4165584468987769,-0.8154162734521243,0.7726142127595108,-0.1687982930685527,0.0757229926841574
1214,cubic,0.4055684242849309,-0.9404135737282224,0.9449486128816696,-1.3048694583873552,0.1120275662793188
1215,cubic,1.0611370942403306,-1.1646511466287368,-0.9572115703574324,1.937792416109013,0.2103206808155671
1216,cubic,1.0294988497944932,0.4367143297417373,0.6527045788425903,1.9543899817770976,0.2775710282614325
1217,cubic,0.4658662198520591,1.310020423594738,-1.842744715679602,-0.353591203181776,0.0436643632492629
1218,cubic,-0.2881459775490955,-0.1076478708324906,0.8768125983330037,-0.1180330448984654,0.0106829068302207
1219,cubic,0.2,0.8128034543522098,1.705741414060852,0.2962478763971021,0.1420646215521643
1220,cubic,1.3004211539398949,0.4755638638822126,-1.3923765611091152,-0.3366525465758068,0.0642553878456733
1221,cubic,-1.05710008277874,0.5803130787259381,-1.7100487065404877,-0.6279318562468479,0.3767089968628926
1222,cubic,-0.7017185930263672,-0.1744692644919956,-1.7779569508562405,0.034049070431835,0.2679762354974032
1223,cubic,-1.0098431019265557,1.1200333359111223,1.202524902059432,1.7729709673818688,0.1297904478707489
1224,cubic,-0.9624001666809128,1.1567329894895346,-1.3015100564120203,-0.0323194000221036,0.3645964317699345
1225,cubic,0.9977436367195036,0.8137095649526671,0.3898390557701874,0.9071469869662558,0.1646010747820067
1226,cubic,0.5278561131202122,1.3264875433626375,1.28925279277153,-1.7821315072370505,0.1222003459838434
1227,cubic,-1.480299752662042,-0.6055375263152065,1.716760573195582,1.783121398838435,0.1751861283129809
1228,cubic,0.66965380129656,0.7295091046519708,0.0193625415605147,-0.4407442553743554,0.1340844960808405
1229,cubic,-1.489323393523882,0.7348288250494193,-0.2442594350073599,0.2359835077602552,0.1739264405077961
1230,cubic,0.2,0.3091138348426439,-0.9997184518394476,0.3111282728819264,0.022732405604905
1231,cubic,-1.3189178469413632,-0.3464037040032592,0.6391289969559208,0.2427513108778853,0.1581562351505418
1232,cubic,-0.2,-0.1323897111726637,-1.344356024217923,-0.0105744926270161,0.0549647090714324
1233,cubic,0.3541641891866685,-0.1391304984246471,-1.9838499688882845,-0.5106580954789641,0.1067687225575736
1234,cubic,-0.7904808603734779,-0.6146967144395296,1.118862086510581,-1.721525052063412,0.102718440743225
1235,cubic,-1.1972102730108016,-1.0296307646322342,-0.3394483306531275,-0.7338995194618887,0.2213514114705573
1236,cubic,-1.2103397963064642,-0.0906776248376868,-0.7884525078572073,-0.108690733654146,0.272177555038434
1237,cubic,-1.2332888372809294,-0.1703215511570923,1.0102096258024569,0.2110545520393349,0.152395028342892
1238,cubic,1.1387760590962133,0.236228441164414,-0.1764150220855231,0.5025709980669242,0.1899719274409911
1239,cubic,-1.467160006679511,1.4333187359229371,1.4356879189270462,-0.1774730126344157,0.2138120113839527
1240,cubic,0.3617042732010425,1.3323631801490166,-0.2233019839268615,0.88825461071084,0.1237954792316813
1241,cubic,-0.7565862405643174,-1.4733744703135137,0.2796712275956019,-0.3128343434586611,0.0823018675666358
1242,cubic,-1.215746034679059,-0.0863587603247588,0.7664848270130507,-1.596759236951491,0.2039971646381303
1243,cubic,1.29039262736485,-0.4149439658796781,-0.3874940209982003,0.1329583021875349,0.178412290318115
1244,cubic,-0.99293640777277,1.011637864574889,-1.1790088888716888,-0.2576736300151401,0.2211449840955985
1245,cubic,0.7663437296765672,-1.2216906800856386,0.4091224179163126,-1.029860714783597,0.1784404531713902
1246,cubic,0.5038989399649862,-0.8574871233887083,1.6554705613411067,0.9876648019833908,0.115079246940826
1247,cubic,-1.348457698485113,0.2803882642229509,-0.3472804285524451,1.5612840169855886,0.1309746451364053
1248,cubic,-1.0775168091492815,-0.0417508531916843,-0.1982817726588757,0.9522485604501756,0.1234623995459037
1249,cubic,-0.6312882850907601,-0.1777244122780534,1.2059471939226245,-0.2822939036718614,0.0459501881086706
1250,cubic,-0.2,1.3129111568068446,1.3678112604107655,-1.2870237739180186,0.1038755107380982
1251,cubic,0.4529408223370157,0.0862854623457733,-0.8501985539824082,1.053930093842502,0.043590118927345
1252,cubic,-0.7666854765040156,-1.0798830089058686,-0.3701816975861756,1.214696676390227,0.2279066459925725
1253,cubic,-0.8554762217628674,1.2162806942530002,-1.4739985962205853,1.640382596873036,0.181929106798485
1254,cubic,-1.463651647807331,0.2025113276949985,-1.0361086429087245,-0.1561280090135128,0.4337845117867248
1255,cubic,-0.2135055823362015,-1.291113544581995,0.7112948690826246,0.91356118044187,0.0906317831763409
1256,cubic,0.7061673596675053,-0.3143683643114561,0.5349940555730943,-1.442306461375503,0.1896995912009445
1257,cubic,-0.234893228147121,0.9617939745285912,-0.5986368231778583,-1.1705359235417387,0.0965980236862824
1258,cubic,-0.3487122425898934,-0.5120188888301735,-1.1073908741634089,0.0556626080082325,0.0661844741737778
1259,cubic,-1.186162371184781,-1.2732553573187708,-1.327412672109976,0.8903346008459017,0.2597585289591421
1260,cubic,-0.4383515924287029,1.0621122039281543,-0.7027516635659627,1.7524085104770686,0.1851680927159507
1261,cubic,-0.8630289276845363,-0.7735450750406081,-1.4022865561469602,1.8387487966492824,0.3340252304946489
1262,cubic,-1.31272531768292,-0.8864187858188445,-0.6236721784314154,-1.1469636310665146,0.1915869614366029
1263,cubic,0.5718875937308909,-0.2569350275806341,0.2380636934111861,-0.48056400480302,0.1147880993451929
1264,cubic,-0.2,1.2983425223290903,-0.030518932140183,1.6804869842500838,0.1309889664142726
1265,cubic,0.4410227646358846,-0.3440061598964186,-0.6085113218651257,-0.8014906224230498,0.052289154425401
1266,cubic,-0.5711434418796862,0.6117879248716092,-0.8011143454015275,-0.0027782863340668,0.1728815305018373
1267,cubic,0.5515064229764186,-0.0465099440605607,0.0482352852141234,-1.1267223712157883,0.0916157015355161
1268,cubic,0.9652454848700298,-0.6868383196486721,-0.3578242301829855,-0.8392575492033569,0.1136440999657846
1269,cubic,-0.9782115205854728,-1.213004202391348,1.0745112603717877,-0.5313164781018695,0.1422989471309139
1270,cubic,-0.2153806159717741,-0.2016497357225954,0.9995865678024924,-1.871800322753958,0.0313255990023705
1271,cubic,-1.0263190998518672,1.3139596175438797,-1.946707600982469,1.2942027960869296,0.3798737260976221
1272,cubic,-1.2997969290093103,-1.0214985655017277,0.4317100999399836,-1.1438429797598402,0.2276116183833607
1273,cubic,-0.6764777164738685,1.359524396005786,1.679880985015184,-1.321075942240911,0.113712354560196
1274,cubic,-0.3621194814203821,-0.1689752920947165,0.3151969196390958,0.3797097643424223,0.0611650590982099
1275,cubic,0.2,-0.4603111887384044,0.2164331951179954,0.6986685594211655,0.0451229442582799
1276,cubic,0.2276335712501778,0.4122408377167648,0.988518525722676,-1.5181314041465557,0.042516802496874
1277,cubic,0.2,-1.1412300877365107,-1.3256237597824416,1.9918713433439732,0.0680152351364
1278,cubic,1.4844135040540063,-0.3610904171851399,0.0391618662258763,1.638608509635981,0.2859769439545035
1279,cubic,-0.4131782457744624,0.913475791235448,0.1108964252850723,-0.3165902173762327,0.0900727410924374
1280,cubic,-0.5816328524706305,-0.1904624642322463,0.2634222401484161,-1.0108091610402647,0.0369067806043119
1281,cubic,0.3514814651984541,1.4881121240985773,1.5427521117311185,-0.4596351137657071,0.0711212822054605
1282,cubic,0.8451616640216266,-0.2149538437223248,0.8694977388928753,-1.2935136809616417,0.0748091890619973
1283,cubic,0.8138923230764821,-1.1188349068283052,-0.866465647348122,1.9019175674301745,0.1062239163781209
1284,cubic,-0.2,0.828274252102768,0.603127474383979,-1.186423672704033,0.0625905292223419
1285,cubic,1.3135322990741305,1.1769630763663188,1.1858397108942589,1.6416307769006495,0.2435194379686418
1286,cubic,0.2,-1.1978950185458248,-1.2258222420290923,-1.7808184915315466,0.0408492493229829
1287,cubic,-1.2464717679145054,-0.0820820684003651,-0.94749222964007,-0.0174516098016765,0.1706554855211115
1288,cubic,0.2637478351916891,1.3943055215536506,-0.096656560217117,-0.3984838204443286,0.0980260060092679
1289,cubic,0.2,-0.1636801616033292,-1.778050292010065,1.445830231776163,0.0647104954309194
1290,cubic,0.4607521823083851,-1.1575410608692691,0.8390915986686687,-0.8690352291881318,0.1551331568980118
1291,cubic,0.3691607253290607,-0.9379549807640504,1.0409454700300338,0.9665166581454652,0.1259240204090651
1292,cubic,-0.2,-1.458983890788622,0.5569397261060187,-1.1777011622765747,0.0433973812574842
1293,cubic,0.5542699647688458,0.3146045947323659,-0.7894080154242125,-1.432181329844227,0.0460254736986039
1294,cubic,1.0941284017793516,-0.903882300561834,1.8960445576821756,-0.6761526136715315,0.2911097158694975
1295,cubic,-1.4838821788652323,-0.2187849655692082,0.2886860632536043,-0.7368641060032464,0.3092748580013018
1296,cubic,1.467059570758754,0.2660961624396787,1.6881128941547896,0.7454953208401411,0.2018170646186023
1297,cubic,1.1456548185284952,-0.3366360259769059,-1.3322074234884345,0.6457383407879829,0.1705001870859884
1298,cubic,-0.4022070158323125,-0.9910746592375728,-1.874556071325012,0.4042164922019058,0.1833994618662028
1299,cubic,0.2,0.7122444508747914,1.4654604550995067,-0.3704156037425745,0.0565775672494741
1300,cubic,-1.1981027577744134,-0.4778798378292226,0.7064493351341596,0.5235053916449175,0.0856627118015447
1301,cubic,-1.4266614838317402,1.373059493060309,0.0925460053464148,0.674791000577327,0.2711609980324467
1302,cubic,-0.571860396145204,0.6691010827045734,-1.2155979036397428,1.954293907474068,0.2005272080680573
1303,cubic,0.2,-1.1183941707314962,0.791418700746477,-0.4713929889939114,0.0847745830871645
1304,cubic,-0.4596494696327533,-0.9711288767819826,-0.5405572945367951,1.1069017146857778,0.171856270390747
1305,cubic,-0.2,-0.6217742470159948,1.9121253142727044,1.998891376410739,0.1102686258888277
1306,cubic,-0.951237075469108,1.3993538791945292,0.0796713429073663,1.8243295799432624,0.2347485119655434
1307,cubic,-1.0418331427009595,-0.5190310749436707,1.077945023341475,1.275892317058167,0.1365880230611406
1308,cubic,0.73868338674971,-1.3891325389061144,1.6028783239669615,-1.9845364544824864,0.2126910761183831
1309,cubic,-0.4527393724359654,-0.2237676653754916,-1.446937187669426,1.8049802355573523,0.1880205627364569
1310,cubic,0.5075654609426543,-0.0052454244391642,1.6514647937241422,1.2286593060013469,0.152402178942954
1311,cubic,-0.705853605517984,0.9422952054316562,-0.9017774208625782,-1.3127103279154326,0.0990787483609583
1312,cubic,1.250128698786611,-1.4845161068466628,-1.859732745500263,0.9579583992187052,0.1643880706924652
1313,cubic,0.8233203572997025,-0.201349300728034,0.6567079401770601,-1.5300526051873162,0.1550967860763695
1314,cubic,-0.7387434382124806,-0.0160494014405512,-1.647319992351164,0.6023357735494308,0.1075153384385653
1315,cubic,0.2,0.3418322398536617,-0.0903170822198387,0.8557384144060212,0.0532920506282069
1316,cubic,0.2,-0.0116286346799969,1.6974583924115358,1.02738729465154,0.0719247008720322
1317,cubic,0.3896843709744733,0.4096963711026182,-0.5295846904879191,0.4737128706182028,0.059595432884481
1318,cubic,-1.213651906893782,1.2857970798489706,-0.1235536114658089,-0.7569672980202271,0.1376441298379746
1319,cubic,-0.7132568271871663,-1.0265146855850975,1.8057216718381104,-0.3766195247759039,0.1036301563320532
1320,cubic,-1.1240372672210346,-1.2411840196576152,-0.2146474388970243,1.786613013345688,0.0954639753951908
1321,cubic,-0.9932845519553104,-1.2435783719005298,-1.5657111229498772,1.6362200397765791,0.1830718669426483
1322,cubic,-1.4147806042717346,1.1591328908630594,-1.690351852137299,-1.0738709059168778,0.22570046790034
1323,cubic,1.0447983628584696,0.0731459342282074,-1.621874749598954,-0.0793427666766994,0.1058480731106888
1324,cubic,-0.8796170128001047,-0.7735724952700305,-1.4560571712649288,0.3191860630716179,0.1139131682509102
1325,cubic,0.637430893285571,1.292570538347631,1.4272829771304565,-0.9765658691869494,0.2346860427356265
1326,cubic,-0.7930444778378867,0.6599575579566332,-1.8838769329858964,-0.7155072905264652,0.3253082923217932
1327,cubic,1.1460184883851734,-0.5065016072649766,-1.8690261249268345,-1.15443610615642,0.1212022994001698
1328,cubic,0.2628988886141603,-0.787675408603578,0.5654177927065236,1.144725963148295,0.1062532643360884
1329,cubic,-0.2180368497148324,-0.428481979135652,1.4811952422739796,0.081031084055803,0.0969136992696823
1330,cubic,0.8317534898622179,1.0704025941012838,1.1192793518347224,-1.4367720053940047,0.1454028398507091
1331,cubic,-0.7935416856180323,1.4409041624597565,-1.3033489401470284,1.654664592305494,0.2648138142348364
1332,cubic,-1.2132707419589637,1.247296979711224,1.7436492872475893,0.3336672493207508,0.1574734997174981
1333,cubic,0.379100908355436,-0.2657234064564426,-1.0927731451639562,-0.756298217687271,0.0354244366148623
1334,cubic,0.2,-0.0957101945682921,0.6677246567076742,-0.7033689948222159,0.0383972821063732
1335,cubic,-0.2,-1.2693976331057182,-0.2233020075549245,0.8053033999352448,0.1413786301506713
1336,cubic,0.5359925844953368,0.2261415438597867,-1.7674534973513183,-0.6864121160434289,0.0284375506695767
1337,cubic,1.1621374755197555,-0.1194021469873241,0.3058356551198464,-0.9132810623504928,0.1955518136501092
1338,cubic,-0.8365665363853285,-0.3825717566623279,-1.480922933164666,1.8194547769787976,0.2727709619052106
1339,cubic,0.3761422080736305,-1.246786420314254,-0.0523770567544374,0.7549976044693398,0.0498033132230976
1340,cubic,-0.6555633679395537,-0.3169798945802391,-1.415064697952146,0.7919105139737406,0.2787468279286075
1341,cubic,0.3431922431334508,0.1616938622822439,1.8006759202654572,0.1469793884877814,0.1795976663690034
1342,cubic,0.3100468857009133,-0.8409338549770811,1.7184738280420977,-1.6489221339113571,0.1414211947969532
1343,cubic,0.3114691207963809,1.2066463376082144,0.6249933624211508,1.8022353331074263,0.1257922577088032
1344,cubic,-0.9594479799710058,-0.5687299616081891,-0.1572834309909812,1.2781499428106176,0.0864915576787858
1345,cubic,1.222595028774752,1.1487580426532658,1.851431403789742,0.5333337169032801,0.2161627229616023
1346,cubic,0.3856905215555537,-1.2092950247236849,1.4782022916826931,1.766737875534707,0.2070376875904605
1347,cubic,0.5832240644061915,-0.5056050438026891,1.1144540486546894,1.974769540837595,0.1916048808780918
1348,cubic,-0.9582138410436424,1.3767331521288295,-0.6324534719629149,-0.1329924994815901,0.1179839496552108
1349,cubic,0.651172677599408,-1.3833115381307115,0.6913164089084507,-0.5374836212555345,0.2095435656120834
1350,cubic,0.2,-1.4733855993706615,-1.3354487027038684,0.4686736596713108,0.105563716645342
1351,cubic,-1.0420767172948002,-1.039168337288074,-0.8743224914517378,1.5578399796443416,0.123203146019733
1352,cubic,-0.2,-0.5997229127632829,-0.6772980938822144,0.3494604689358636,0.0776181915217047
1353,cubic,0.5909400021835842,0.6952267000470318,0.3153354017655414,0.6268817633022152,0.0828796609540478
1354,cubic,0.5028739331429888,-0.2010097088280269,0.9715548561993056,-0.4634484646697796,0.1809944662959192
1355,cubic,0.8170689525008488,1.0840402888190264,-1.944875054698573,-1.9244955127616812,0.0395840562049074
1356,cubic,-0.6320779076089291,-0.3161070091336855,0.6962720489033796,0.4566466530075272,0.0612505925176812
1357,cubic,-0.2935765415116522,0.8060988429124745,-0.5489208718225242,0.2193471835117177,0.089335302908097
1358,cubic,0.9805346435786476,-1.026023210102715,-1.9669519527860624,-0.3825675662575341,0.0556458512321851
1359,cubic,-1.1835304401528308,0.336172702231823,-0.9887354824626504,-1.5848291742106988,0.2418358249119276
1360,cubic,0.3535802618761217,0.3665362676271755,-1.6099837526497764,-0.8796208509643089,0.0349971069038792
1361,cubic,0.9771464813048416,1.2271532348580625,0.3232963821518249,-0.8432927337167979,0.1930878914655521
1362,cubic,-1.13223761097298,-0.1116499351958106,0.4015364850983545,1.972167545248152,0.2258167305823623
1363,cubic,1.0810869190496208,0.9749965585332108,0.5805002699712283,1.7777312265626022,0.2069630822735502
1364,cubic,-0.849200852307866,-1.3069265627657112,0.0025249046860249,-1.5495882016962057,0.081629989126305
1365,cubic,-1.0302165218300352,0.9768113234621194,-1.4930277704351202,0.4992061143888957,0.1542294000656972
1366,cubic,0.4618700389751304,-1.4648324564469186,0.8524742522272915,1.468151979073414,0.1351815313502981
1367,cubic,-1.3039129014150883,0.5594033078802569,0.790724405901869,-1.9989978042104968,0.1425297124076114
1368,cubic,-0.6720177648349177,-1.002369576456387,0.9315988039290716,0.5426198022840492,0.1234688276593764
1369,cubic,1.3768936099926004,1.141537854215672,-0.0190068192106549,1.000488794745149,0.1135141364637737
1370,cubic,-1.303432580008352,-0.5112084241645236,1.665371826216695,-0.4324383645225849,0.1497526932223269
1371,cubic,-1.3953871433817184,-0.6244476143788316,1.8398703081799868,1.7602783037108305,0.1215617676389694
1372,cubic,-1.300048398421524,0.9763393738743092,-1.6770285713341146,1.4544378546488868,0.2187110705169113
1373,cubic,0.7695524394922404,1.1698125541413384,1.2910744515827115,1.7725444129140633,0.2462491187176479
1374,cubic,1.2976469618912532,-1.0319552935701517,1.5018220410873933,-0.6156841114122891,0.1853607091505115
1375,cubic,-0.5217035226245109,0.9569924020070406,1.5851857350869167,-1.7560051237310432,0.0776831783647986
1376,cubic,0.6889954267469824,-0.6084339777499066,-1.6587680094061286,-1.2319701713449391,0.0275368204011712
1377,cubic,0.5897420535236373,-0.7589345260651109,0.2468514171547773,1.6335199348097706,0.0535899312003692
1378,cubic,1.0129462268876028,0.5926815607263167,0.814771759726725,-1.562888844470388,0.123583064758238
1379,cubic,-0.2938431224694522,1.3443230135907518,-1.519075938138827,0.3161950912142188,0.0688961343573768
1380,cubic,-0.8690539688841489,1.28667536895726,1.6576969459611672,-1.994468853998204,0.0669210024090447
1381,cubic,-0.6616715351253744,-0.9188705069175944,-1.712027072293172,0.8678960284325812,0.2800934854105571
1382,cubic,0.5679319050591909,-0.1149165713813249,-0.268391484712811,-0.8383422424836722,0.0642456129326975
1383,cubic,-1.3803218539540836,-1.1710089092735378,0.9962731982858996,1.5378898966997672,0.2038099418893748
1384,cubic,-0.7210664630610503,0.9191854188118244,1.2086476351881927,1.919666847525841,0.0633176343450365
1385,cubic,-0.6369529145881473,-1.3161064056560603,1.68722930140201,0.1944224313566818,0.1040150840295793
1386,cubic,0.2,1.471109954403237,-1.0383885388632552,0.0268447146406951,0.0885183435234987
1387,cubic,1.1293338251904226,-0.0054303353977442,-0.3039171887642276,0.1567225446028461,0.2336527847299927
1388,cubic,1.466497427847636,-1.495638119344744,0.1352112460956873,-1.0900699489518222,0.274006741560843
1389,cubic,0.4039345970717831,1.0317701717498728,-0.3890262073141493,-1.2205719995082691,0.043375232220975
1390,cubic,0.927530428471786,-1.439222968946632,-0.5504966639562299,0.5252586824046857,0.2302596892874605
1391,cubic,-1.2250780435960276,-0.5302084215906194,1.435761298750827,1.3077066792686312,0.0946826045101257
1392,cubic,-0.712508003043957,-0.87098601813402,0.6314062574693158,-0.9624459440570168,0.1384241616999498
1393,cubic,0.2,0.0344715354554574,-1.16232580776213,-0.8896335874615708,0.0185117549768983
1394,cubic,0.971228185019572,0.6041508560790647,1.4167545737619278,-0.3873664835738326,0.1708373844919445
1395,cubic,0.2933917816626925,1.163061166106217,0.6009956904379075,1.0081519675492825,0.1048280132340417
1396,cubic,0.3559994927108634,1.4487188651938323,-1.3146183304426282,1.6899698075189944,0.093914609231211
1397,cubic,-1.0840707841402768,-0.8776257455825008,-1.0695212757785089,-1.3762613266580974,0.3058325954408745
1398,cubic,0.2,-0.020571120429329,0.9992878171952384,1.4557632189609775,0.0923484875743065
1399,cubic,-0.4452947135189973,0.8250066415938462,1.3261193486254794,0.5633227438894468,0.0686175024562522
1400,cubic,-0.5416079202605514,0.2706310672602172,0.852930428916236,-0.0836291413736458,0.0199712861708107
1401,cubic,-0.7480882497124426,1.2978174966996328,-0.5944884366368264,0.121254307322395,0.1705316875375755
1402,cubic,-0.7952079975566323,-1.2574096690490288,-1.6440700216226491,-1.036994096957697,0.3643296150125611
1403,cubic,0.5390218565862845,-0.0958869378852262,-0.1029840529644836,1.6530220429749494,0.091015280306639
1404,cubic,-1.4988363804317135,-0.7867080840888586,-0.2401692353106352,-0.9403152780403145,0.197343720619536
1405,cubic,-0.2,-0.8892419141103608,-0.6249665283233226,1.2945312639803257,0.0952603335433332
1406,cubic,-1.4500350965376994,0.5803599386944995,1.7177678121648596,0.8284410590331821,0.1437181919417751
1407,cubic,0.6216654440437681,-0.7854870886971386,-1.984593861628492,-1.776550246724906,0.087259976970511
1408,cubic,0.2,-0.0300597181608726,1.2419657127474992,1.6628134519614526,0.1268780000224595
1409,cubic,-0.6133723832492232,0.6702729745855316,-1.9554411680808053,-1.9079700897905172,0.3311906482766918
1410,cubic,0.4632991420084924,-0.828029428039915,-0.5330215037822108,0.2145914060343901,0.0604184313227308
1411,cubic,-1.0614768931393463,-1.3219188590484774,-0.0133629972554718,-0.4036078596274102,0.1094114778271311
1412,cubic,0.7591917287661727,-0.3388067747829826,1.4371474320959514,-1.9378835537422008,0.2110214087672375
1413,cubic,-1.1816120182354932,1.3952391656568763,0.5347378777525962,-1.2600962973410206,0.2455028997831145
1414,cubic,0.983595490559222,0.950634092344642,-0.5218934915196587,-1.8437202088454565,0.180052271009809
1415,cubic,0.7447806104487764,-0.8601214139614393,-0.1866015137947467,0.8896807147547534,0.1380173335801152
1416,cubic,0.7691723495103955,1.2536178070192925,1.8196183163492887,1.3139221391864857,0.1847206361692471
1417,cubic,0.7126000180940908,-0.4641028311878057,-0.044396963745442,1.682483748633364,0.0774890351338491
1418,cubic,-1.2960987515723206,-0.9673927711939,0.6658629791684132,-1.303672670175171,0.0894124316187274
1419,cubic,-0.6583255606073215,0.3738454628168939,0.1341962396856124,0.4284012708792084,0.115719537371454
1420,cubic,-0.9749172368617898,0.8840546626283059,0.4303549490143243,0.8741851647470287,0.1401618234436214
1421,cubic,0.2,0.9795545153950768,0.743268151562281,-0.7357592216731326,0.0701341569314638
1422,cubic,-0.9752016978594882,1.119543233499643,1.2556036166006035,1.7923467122129662,0.077568243230945
1423,cubic,1.0102235279549778,-1.0751315770146888,0.996035423030083,0.0556341400860125,0.1364755814538267
1424,cubic,0.3602263006664774,1.4907234147977162,1.963592971427456,0.0012950155483908,0.1999825759284444
1425,cubic,0.6198404454306563,-1.2210120035685263,-0.5924128710088019,0.0041222918490002,0.1547919473496374
1426,cubic,-0.2,-1.2432866558380051,1.4029779226285322,-1.338497133064164,0.1006067675654561
1427,cubic,0.7049860178369456,-1.113705203387726,-0.2585989761179119,1.3306267125807634,0.1594239070079972
1428,cubic,0.3935252159793854,-1.4190676637488182,-1.4562043037903765,0.8564518030407364,0.1056316666499064
1429,cubic,-0.2,1.2058425770325665,1.4352143516987903,-1.0813300219716049,0.0489796527006704
1430,cubic,-0.2,1.4254491352942913,0.0845794498553313,1.542837202893688,0.0771901813478564
1431,cubic,-1.468307530221134,-0.3827625501582301,0.1371452181331331,-1.8801350389872835,0.1786045999966336
1432,cubic,1.114547362126232,-0.6232639851590711,1.9842579535294624,0.052025476389415,0.2227174495674557
1433,cubic,0.8440609002467854,-0.1953398637425654,-0.4154808834357419,-1.4186518376776678,0.0559569493590896
1434,cubic,1.2822391495538543,1.025493667244362,-0.6730183541034549,0.7618376499245141,0.2775556325907386
1435,cubic,0.5972824689976388,-1.2420508408224542,-1.4427332717290646,-0.8031372337829912,0.0900254614545733
1436,cubic,0.2,-1.1163457015364542,0.6813458207325866,-1.4365056985746023,0.0626392740504808
1437,cubic,0.8873997738988408,1.3213289846879528,-1.026256405103977,-1.29015646953762,0.0741964321533605
1438,cubic,0.5530805775966776,-0.5440051780084144,1.5825512852117227,-1.7023974197618488,0.1346531510803873
1439,cubic,-0.7400166460184777,-1.1121885571923893,0.4441171119276235,0.3397054298206878,0.1351425150552349
1440,cubic,-0.8968527914474753,0.6048962111875502,-1.737726816636473,1.7406008011611465,0.2506804541838596
1441,cubic,-0.3694885758612309,0.6779924445105538,-1.3643955767850766,-1.0112494005072177,0.1250226370398427
1442,cubic,0.2,-1.297804896044349,1.0108924341129135,0.2821776362453341,0.1624296489206241
1443,cubic,0.7202773862792733,0.1123154046969405,0.686632396065558,-1.9888158044336244,0.1715027507305822
1444,cubic,-0.806678872514854,0.2796581150491226,-1.4309025554955488,1.3007859177649497,0.2571514725975308
1445,cubic,-0.2640551486954585,-0.6666841421915808,0.2890568579066479,-1.2651833688612952,0.0206080339450007
1446,cubic,-0.5479425064618829,-1.2813206656839735,-0.3333909172691371,0.0585428125510874,0.1313856704486787
1447,cubic,0.3377583577547525,-0.6841031168516547,1.5856232098588778,-1.2096778772775996,0.1129699140142596
1448,cubic,0.3177109202183865,-1.407873527470901,-1.75652189869339,-0.8351906598364041,0.0568964440335116
1449,cubic,-0.3556786535977196,-0.2502882328880196,-1.588094590788244,-1.0591223009217532,0.1952801565973186
1450,cubic,-0.5177820360949548,0.424263644738855,-0.3083134569182491,0.104109428597948,0.0599077194964971
1451,cubic,0.2,-1.0310371966804948,1.2020330950201776,0.9118979379924316,0.0920547819924473
1452,cubic,0.3782725755010574,-1.0275698008200402,0.8995660693919878,-1.0713088537432127,0.1733790294655143
1453,cubic,0.676728327374065,0.3143879143414585,0.2977674213567303,-0.949153945173582,0.1031035226779015
1454,cubic,0.7503273585604187,-0.3945001902808247,-0.0967418859680875,0.3857732688022408,0.1187549113685508
1455,cubic,-0.2,-1.3456992703203756,-1.300681547856406,0.4242849194873672,0.1232515729794428
1456,cubic,-0.9944983171213386,1.315273065641971,-1.3286384949985144,-0.4692643814002792,0.1644886457323679
1457,cubic,-0.4011815253046182,-0.522758099349636,-1.8857094496522868,1.4141898549344596,0.1460291173751536
1458,cubic,-1.1020731436361175,-1.2795109524546158,0.7092406244124789,-0.8227750539076775,0.1398226938548887
1459,cubic,1.224643892393463,0.725176986941829,0.4554616095623123,0.0044268164832912,0.2926349424671906
1460,cubic,0.964902761517445,-0.7889536288438951,1.554459389274439,-0.833563272712714,0.2700293741453295
1461,cubic,-1.2021364236872123,0.153133375166707,1.55212813376433,1.855665461727305,0.1693150820052441
1462,cubic,0.8860273651155577,0.853505821662349,-1.180063040779307,-0.3991028316318319,0.1117452386429824
1463,cubic,0.2,-0.40568873820891,1.7418297981649955,1.8370951888592295,0.1553402945658734
1464,cubic,-0.5998704720444739,-0.3897108199837493,0.4069196521597664,0.935654497774475,0.0898163214998304
1465,cubic,-0.9085721338389836,-0.0004153685328445,0.2259753055227586,1.4670447179621902,0.0678723895688288
1466,cubic,0.4600791178610408,-0.8195426924035993,0.9671778737512668,-0.6528231957494337,0.1233424163860189
1467,cubic,-0.4895100316126775,-1.1722378184414244,1.525525642421344,-1.2082623391599268,0.0899015171414676
1468,cubic,-1.4794380508165768,0.4063670372859955,-1.149386960893493,-0.3734264983121775,0.3209990953973847
1469,cubic,-1.445902701054073,0.6657179581149326,0.7923020432490029,1.6006738348503489,0.125732476639808
1470,cubic,0.5334752624509216,-0.7621569444014472,0.0629221773440029,-1.169651526228686,0.1247951147305248
1471,cubic,0.2401683828854808,0.3543970011047022,0.9005177866822098,-0.7249865717998749,0.0976165308075992
1472,cubic,-0.566802158226131,-0.3450457189209825,-1.3288528181100898,-1.9958764521195331,0.1407712937168076
1473,cubic,-1.0354422173186248,1.026971410015821,0.2330552218880992,0.0810034365938756,0.0956677358472496
1474,cubic,0.560717912312469,-0.888623992723123,-1.8499362883186712,-1.604247628409717,0.1062204183458491
1475,cubic,-1.0074764527820903,0.58550588045917,1.927540709329759,-1.6220689024659325,0.1112761936535966
1476,cubic,0.7083667953641397,0.3660636687353682,1.561768921749402,-0.5067202785712346,0.2867564647895738
1477,cubic,1.1049825415008714,0.4210929724076919,1.8954357428691144,-1.8032355480887816,0.273793684738167
1478,cubic,-0.4886771680472344,-0.9676910487269108,-0.5951683466096731,-1.6331229774652858,0.1703675620115515
1479,cubic,-0.2064908962750873,-0.4885447304727799,-1.6356454509922336,0.2457740248075683,0.1724094174098377
1480,cubic,1.102507989614201,-0.2836617391290026,-1.190311243411159,-0.3533163452694108,0.1451831374521295
1481,cubic,0.385643542200405,-1.3665413883831914,-1.90419953572538,0.5203177155944827,0.0574284588739882
1482,cubic,1.374683029039716,-0.9098003766555148,-1.8584589055572307,-1.5158230206177286,0.0872956982792556
1483,cubic,-0.6942542978424967,-0.1026892253937781,-0.3826623666555107,0.0395478336481702,0.0979126164289725
1484,cubic,-1.4538128515970823,1.3857780577880714,-0.2326547918773323,0.2838459006153795,0.3490613842245157
1485,cubic,0.6534687888825212,1.0227499540959046,-0.7595687840311038,0.7661641552650611,0.1041710366504154
1486,cubic,1.025027097148794,1.064676792222074,0.4256653164693427,-0.9688961682047288,0.1248980675362142
1487,cubic,1.4610121327444756,-0.0664718409474067,-0.1938328893228291,-0.8626877144887497,0.245658983933024
1488,cubic,1.307933174039814,0.51563292531613,1.6234689034603558,-0.9636118854426808,0.450285752930654
1489,cubic,-0.853389940537008,1.4445204103517997,-0.3176402779006726,1.405558631796347,0.2319188745995973
1490,cubic,1.474163493698165,1.3939888482654177,1.3640993850710204,-1.299134824375801,0.2288384568018923
1491,cubic,0.2,0.9374012341415292,-1.4275811441497313,-1.7820755050772186,0.0919707442912707
1492,cubic,0.3151141206730627,-0.933648511291262,-0.0431812471404242,0.0269215223772056,0.0524249226494261
1493,cubic,1.3868270958745867,-1.4356966526383312,-0.93681411612673,0.8636718715695988,0.3004137134411458
1494,cubic,-0.3572007515247595,0.1786563336462743,-1.916886048850185,0.0308123560001365,0.1465831972920369
1495,cubic,-1.2891304932383791,0.2816743472455569,-0.9006091661631972,-0.5672271892587473,0.1876924646947124
1496,cubic,0.7614726706553459,0.5273854018039703,-1.1138509595355628,1.8638659746349848,0.0450690844730274
1497,cubic,0.8099552960005458,-0.050202361506231,-1.69962896584084,0.8245945813159437,0.0454494491822181
1498,cubic,1.1327991409864868,-0.7331869928005873,-0.3331295393741587,-1.0941057787405368,0.1458314669159147
1499,cubic,-0.7891823460544493,0.7437499486236927,0.9991924617048068,1.898624025687794,0.0495656826724807
1500,exponential,0.8560510723361783,-0.2,0.3392137639299915,0.0,0.008999319061544
1501,exponential,0.6757067929520173,-0.2,-0.0025433597085802,0.0,0.0116206753422774
1502,exponential,0.5420753889833303,0.5325619054221189,0.3585830512317216,0.0,0.0098162866788362
1503,exponential,1.646127441755764,-0.359916716030072,0.2596854181278842,0.0,0.0501635986392239
1504,exponential,1.3686877753091853,-0.9467856094447472,0.9961472784083124,0.0,0.1232485647791774
1505,exponential,1.6848153769294612,0.9985501691802314,0.9372702823569758,0.0,0.1316514896584012
1506,exponential,0.9480248114049562,0.6587770148965002,-0.1608222727363912,0.0,0.0233847831500972
1507,exponential,1.6673874642205115,-0.9400282153731592,0.0940185183253374,0.0,0.1769507939842656
1508,exponential,0.8988230034508036,0.2,-0.0139193854978389,0.0,0.0104287321616485
1509,exponential,0.7698444207887505,-0.534965187397642,-0.7662206985527229,0.0,0.0273437884826452
1510,exponential,0.5677651084777824,-0.7712982643515016,0.9636686971949586,0.0,0.0221219191534591
1511,exponential,1.4459378965327525,0.2448653088665553,0.3846214879662744,0.0,0.0293422849649939
1512,exponential,1.817069494040457,-0.3058019125082098,-0.51656615617883,0.0,0.0244939051932826
1513,exponential,1.7674033452611302,-0.3434548534889003,-0.9801043189360366,0.0,0.0557013723203162
1514,exponential,0.5509369774577937,-0.4115607202243356,0.104619052689888,0.0,0.0097704333706695
1515,exponential,1.404696087603496,-0.6008581967214848,0.2920311163544082,0.0,0.0299170804557796
1516,exponential,0.9958950164284112,0.5040758819766771,0.1935462398719927,0.0,0.0439490045173207
1517,exponential,1.024630592162039,0.7704323802814539,0.4808097851252393,0.0,0.0360752727434992
1518,exponential,1.2030492290330532,0.2927658388635628,-0.2168474486397633,0.0,0.0220399466645368
1519,exponential,1.5200456515781555,-0.3434844220282738,0.6332878132205861,0.0,0.0231874471015705
1520,exponential,1.6111090129901016,0.2,0.515474818415343,0.0,0.0154376830325632
1521,exponential,1.5377327293112135,0.4868863269944581,0.3441668152350183,0.0,0.0445696908192913
1522,exponential,1.4341546660430282,0.601320050023213,-0.2366540947607887,0.0,0.0520729260309933
1523,exponential,1.1634704681216776,0.4361528521867277,-0.4804325936381999,0.0,0.0260176479618947
1524,exponential,1.0720835035995062,0.3542716723318317,-0.6665939347422154,0.0,0.0237721165158387
1525,exponential,0.9982842203891288,0.7480869264880567,-0.7955203238883284,0.0,0.0709761704455062
1526,exponential,1.2225240384321605,0.2747433111485562,0.9722950968324872,0.0,0.0111218720762143
1527,exponential,1.041703607482381,-0.2,-0.563938088339641,0.0,0.0160317969213374
1528,exponential,0.7466071626787718,-0.7880677356120598,-0.1971604005168656,0.0,0.0708721330646363
1529,exponential,1.1496740429438943,-0.2,-0.6774814668388285,0.0,0.0078930501509351
1530,exponential,0.7042643265095871,0.6387140673023408,-0.1172210602223347,0.0,0.0484442120302885
1531,exponential,1.9893158225308032,-0.734532997275769,-0.7198861923916327,0.0,0.0708799834500435
1532,exponential,1.0918398300532428,-0.2,0.6339370221704808,0.0,0.0181077684197919
1533,exponential,1.7384265359794282,0.2,-0.853301986871533,0.0,0.0152858080220697
1534,exponential,1.1728687463559957,0.9937197117834377,0.0050398311721921,0.0,0.1325299865377438
1535,exponential,0.6934688135887799,-0.8441613832927657,-0.1846495697117676,0.0,0.0531783354778191
1536,exponential,1.5148060620840984,0.7841500005127879,-0.822685886762107,0.0,0.0706481933315294
1537,exponential,1.8980399577962288,0.2,0.3567069020514373,0.0,0.020696190422469
1538,exponential,1.8903938308310724,-0.3388333747229206,0.7138419767113677,0.0,0.0501733687170789
1539,exponential,0.5800853487835368,0.7675851026595077,-0.9440487807820532,0.0,0.0529062889133792
1540,exponential,1.7254037895341736,-0.2604443984440614,0.8410692985667427,0.0,0.0294634090407238
1541,exponential,1.522665572617678,0.2,-0.583109738695355,0.0,0.0143346583450473
1542,exponential,1.3479253603953478,-0.2142691783776706,-0.2666917313816137,0.0,0.0206441408083634
1543,exponential,1.7422253617153478,0.2,0.5192018595405141,0.0,0.0085133207034593
1544,exponential,1.6149150299884454,-0.2,0.9988931297145274,0.0,0.0204492109169954
1545,exponential,1.9609545866575648,-0.7020729956751426,-0.4152308801073159,0.0,0.1181710561924596
1546,exponential,1.271370914871234,-0.9693575616800632,0.943127737479532,0.0,0.0760317430446668
1547,exponential,1.3786379717099555,-0.2055309474134585,-0.7124754030027025,0.0,0.013894098364477
1548,exponential,1.0516824645447458,-0.7622526559109846,0.094055468559357,0.0,0.0768370232214475
1549,exponential,1.7796132316461877,-0.3874641613100615,-0.448730954055911,0.0,0.0333724118264281
1550,exponential,1.6365160986903513,0.2,-0.4000133113153077,0.0,0.0176914252110484
1551,exponential,1.6117060749306091,-0.2,0.1514625471787241,0.0,0.0081780992692238
1552,exponential,1.2099145556370086,-0.2,-0.7454571575628319,0.0,0.0185424899882541
1553,exponential,1.8513799585162396,0.562968712260735,-0.9552704480692108,0.0,0.0534385273269404
1554,exponential,0.9225149107061188,0.624353267384647,0.9727248685945104,0.0,0.0385735355171323
1555,exponential,1.734301203266841,0.716115608733999,0.2688442982769115,0.0,0.1427085220779957
1556,exponential,0.9363771671015926,-0.2,0.9864655695013432,0.0,0.0090273211894068
1557,exponential,1.0135280353764826,-0.7202246678843209,0.9640190362603038,0.0,0.0542630079934669
1558,exponential,1.0105483545772889,0.2,0.7312996649531471,0.0,0.0104945372590641
1559,exponential,1.7351475403697103,0.2819685339959554,-0.5179210578051141,0.0,0.0324677769131797
1560,exponential,0.7935243697203757,-0.2926350355558225,-0.7679180169194435,0.0,0.0093729110911069
1561,exponential,1.2059344167258317,-0.2,-0.0895262558681124,0.0,0.0108030756225364
1562,exponential,1.6621622574705044,-0.8378828200403761,0.7869804190265373,0.0,0.1218854517268877
1563,exponential,1.3886701394059129,0.6383385046519692,0.4374215537701673,0.0,0.096934832644943
1564,exponential,1.1316047095635655,0.2,0.0935063688346677,0.0,0.0128317254130236
1565,exponential,1.9694906497788376,0.5402808149740008,-0.8377141571738038,0.0,0.0408633463398779
1566,exponential,0.856082368333758,-0.8974307129419294,-0.8084830976803123,0.0,0.0753043978751399
1567,exponential,0.5907786097753089,-0.9056162960739174,0.329476451107207,0.0,0.0277689246265682
1568,exponential,1.0418492000632142,-0.7677637158540269,0.2165040221194394,0.0,0.0419616205909858
1569,exponential,0.6001006565246836,-0.7294110482620078,-0.7720579736978546,0.0,0.0422902830866175
1570,exponential,1.0870153252263974,-0.8351295405042769,0.3717579398526782,0.0,0.0786499210986028
1571,exponential,1.5582641268642543,-0.9538675044763822,0.200095157038632,0.0,0.1536371061872898
1572,exponential,1.2256859593826592,-0.2651482247701719,0.2366657677843093,0.0,0.0143750770542166
1573,exponential,1.008224131981617,0.9787796510754644,0.2597210441675799,0.0,0.1022521421989695
1574,exponential,1.606078348474643,0.8941413929329887,-0.7971959315204697,0.0,0.1907598035559776
1575,exponential,1.6085001128083796,0.2568649409521242,0.0665349930245393,0.0,0.0245234420292062
1576,exponential,1.9558309880723292,-0.2,-0.2487838882028887,0.0,0.0104397928880034
1577,exponential,1.2450791946989654,0.7866268140632082,-0.1849625433453294,0.0,0.0494770090740371
1578,exponential,1.4150036490972195,-0.6175686098295041,-0.4947350820728793,0.0,0.0412743201442276
1579,exponential,1.1098055874408526,0.2,0.6887725591833851,0.0,0.0100951436539912
1580,exponential,0.7090765584487515,0.3667427872175945,0.4604486343809149,0.0,0.0160018231916029
1581,exponential,1.1856289553406074,-0.706421068404885,0.0026069394466887,0.0,0.0500857461471433
1582,exponential,1.809467588423233,-0.7965570945839311,0.4106697141483539,0.0,0.0492844402953295
1583,exponential,1.393588067282324,0.3798900207078997,-0.2368227906057034,0.0,0.0393202681405957
1584,exponential,1.7279363698999215,-0.2,0.1360963694115857,0.0,0.014513056391573
1585,exponential,1.121497881560909,-0.4688597089367678,0.3048110291357577,0.0,0.0546636804232569
1586,exponential,1.0672085163653402,0.9812519201516888,-0.5774032807477192,0.0,0.0836731919250127
1587,exponential,1.806227380714301,0.7789131926307387,-0.4594179433030161,0.0,0.1199577429381146
1588,exponential,1.1103297650061148,-0.6823259101301669,0.924017684201077,0.0,0.070811317410096
1589,exponential,1.0935726146831168,-0.2,-0.6478010880989751,0.0,0.0057141941486832
1590,exponential,1.1459564302049767,-0.9796945267273668,-0.1729515943322517,0.0,0.1109265725260145
1591,exponential,0.6555041269931019,-0.2,-0.4666856725019472,0.0,0.0087628281134722
1592,exponential,0.5702064579696398,0.6126235335912753,0.6644200476406046,0.0,0.0370459796562171
1593,exponential,0.7700171557002616,0.2,-0.8768430781861574,0.0,0.0057796373818199
1594,exponential,1.163183372482167,0.3987933814667186,-0.0767616206970924,0.0,0.0124072701301352
1595,exponential,1.3707077096384048,0.2,-0.5852655411378884,0.0,0.0228327632307591
1596,exponential,1.767438299648717,-0.8393051868522605,-0.7462235139940536,0.0,0.1273948532869855
1597,exponential,0.7025694251281358,0.4143686551424681,-0.6086481347478088,0.0,0.0113190776633706
1598,exponential,0.6764925334190284,0.2310738329502937,0.5915983130082694,0.0,0.0142400657951473
1599,exponential,1.9630234191685445,0.8700016167814815,-0.1679306180762914,0.0,0.0728540426198232
1600,exponential,1.703594677053451,0.8815518973430139,-0.8113993625663385,0.0,0.0787803038429444
1601,exponential,1.187968895035423,0.4669775832178746,-0.2125111033985314,0.0,0.0203902560354954
1602,exponential,1.6865391819094766,-0.2,-0.5387435316172877,0.0,0.0196851175272985
1603,exponential,1.8970557976828748,0.388616431510473,-0.6014672138032555,0.0,0.0659994837775811
1604,exponential,0.655199311580875,0.9790593258348572,-0.9409118881261096,0.0,0.0797682321948292
1605,exponential,1.9558082401033812,-0.2,-0.6052935902537186,0.0,0.0146797292170737
1606,exponential,0.6297967163483056,-0.379092764990397,0.7208926347606628,0.0,0.0238352526941639
1607,exponential,1.749499454634508,0.7720016790502395,0.8508607199717646,0.0,0.0970337178171384
1608,exponential,1.7994771725922714,-0.2,0.3301399458023679,0.0,0.0162234255443617
1609,exponential,1.425671761286036,0.2924665027096114,0.7204497459815371,0.0,0.0109892925063286
1610,exponential,1.6378563360763496,0.358057198234345,-0.6238643326230591,0.0,0.0470101797121885
1611,exponential,1.329987265133758,0.9885306917053732,-0.2634127528571304,0.0,0.1022900917060691
1612,exponential,1.9996473022826584,-0.2,0.5694926750690827,0.0,0.0214177945057494
1613,exponential,1.146064668480071,0.6625924320377123,0.3668257197744016,0.0,0.0587491863258035
1614,exponential,0.6399486494643625,0.5327297916899094,0.6236349026342927,0.0,0.01560166209817
1615,exponential,1.15452664260072,-0.7992221437340825,-0.4031723292955251,0.0,0.0501643339354357
1616,exponential,1.602591175742227,-0.2,0.7949550419496292,0.0,0.0164384497950735
1617,exponential,1.574334951797648,-0.6512261934614871,0.9211991014785916,0.0,0.0865060441865266
1618,exponential,1.7057621533826348,0.6321597145854663,-0.3021700471259538,0.0,0.0660288999198297
1619,exponential,1.5424502103122917,0.2966698931302394,-0.7835190953732767,0.0,0.0272377232481713
1620,exponential,0.7292584113322387,-0.7993265322844871,0.6972797538726629,0.0,0.0314268279357889
1621,exponential,1.8294372916913653,-0.7048854708119441,-0.04934000183787,0.0,0.0701819004296874
1622,exponential,0.696002228235369,-0.2,0.1938380110361559,0.0,0.0050695484563806
1623,exponential,1.3606587927628755,0.3058722754589293,0.4156211481385343,0.0,0.0317410399057947
1624,exponential,1.7242775748182018,-0.6957487463109275,0.3068617980638934,0.0,0.1375391470441422
1625,exponential,1.278504479734182,0.4521653186255288,-0.0463338619270095,0.0,0.0523290843834797
1626,exponential,1.1733042220307566,0.9041769771819276,-0.3078027571904966,0.0,0.0996630374303645
1627,exponential,0.9473376148040312,-0.2863227356276154,-0.1634044997195247,0.0,0.0087030661008905
1628,exponential,1.307686356230933,0.6324657714389867,0.8436299821373008,0.0,0.0475793717739492
1629,exponential,0.5319619346856947,0.2,-0.9843662490287116,0.0,0.0071501044381549
1630,exponential,1.5710942842453677,0.4573227266072346,-0.7487886805728994,0.0,0.074445528363571
1631,exponential,1.0140837244311005,-0.6940832250975477,0.669238718311298,0.0,0.0488648228878113
1632,exponential,0.751920797182592,-0.4919217083021374,0.081859336869503,0.0,0.0385996908341937
1633,exponential,1.9528547870983264,0.8743743842200262,0.2689869237884712,0.0,0.1436727199435471
1634,exponential,0.7745109449546865,0.3896051074812672,0.9879679573386896,0.0,0.0077484668502874
1635,exponential,0.8555450770110636,0.8406321751600576,0.2644457713119561,0.0,0.0880366583278838
1636,exponential,0.8484037103888293,0.9536901733992952,-0.6630754890909445,0.0,0.1138801330376797
1637,exponential,1.4983425337117855,-0.771027846679341,0.824415267144488,0.0,0.1060700566023293
1638,exponential,0.7737908245838203,-0.4789274261767324,-0.6123993047050842,0.0,0.0233344173218415
1639,exponential,1.6961448531052314,-0.4587233281711487,0.8318426865237054,0.0,0.0304760285811144
1640,exponential,1.2303662645142777,0.4251022140270943,-0.045760140566387,0.0,0.0258677621908749
1641,exponential,1.5971821573937333,0.6279516015057462,0.436166101530967,0.0,0.0818182080738634
1642,exponential,0.7322978795842741,-0.2,-0.1290206463211791,0.0,0.011274288674366
1643,exponential,1.558416843426258,0.2768064681954869,-0.8813146505759129,0.0,0.0119028942033824
1644,exponential,1.017621162487619,-0.6384264718077397,0.1166599174007136,0.0,0.0720182425136477
1645,exponential,1.9809977449760807,-0.6731590636786522,0.1113667400055702,0.0,0.0657233701618166
1646,exponential,1.935433299657875,0.2103361318436438,-0.5153812401733553,0.0,0.0324005817747217
1647,exponential,0.777481152115655,-0.5758362163499666,0.4906276380505832,0.0,0.015706047234269
1648,exponential,1.8502039722550871,0.3847394480814525,0.1499063916049097,0.0,0.0283556027384794
1649,exponential,0.860237214251742,-0.2,0.7971171557517185,0.0,0.0101702525269348
1650,exponential,1.3329491549597856,-0.62791825351932,-0.6728049788202519,0.0,0.0598882196637882
1651,exponential,1.837543717774996,0.5271837080984745,0.3844213664010261,0.0,0.0530443291659025
1652,exponential,0.7701013789680731,-0.6013497734695621,0.9953513439278012,0.0,0.0292025660342321
1653,exponential,0.721198250940239,-0.3260669245045204,0.2960387263288904,0.0,0.0154473836559417
1654,exponential,0.6279430038350429,0.7743062068065942,-0.9340373832731864,0.0,0.0601876804357892
1655,exponential,1.5758320955913818,-0.2,-0.7032205922042767,0.0,0.0107507547969271
1656,exponential,1.937856952687785,0.6540574619554202,-0.7971360356659367,0.0,0.0604904694090868
1657,exponential,1.074358088614622,-0.4212670067138684,-0.049243310414164,0.0,0.0354610344645492
1658,exponential,0.7603245472232507,-0.7249248038211138,0.8941166267749556,0.0,0.0278982844610623
1659,exponential,0.9149790609713864,-0.9691060462425084,-0.0884740869053062,0.0,0.0473218874631076
1660,exponential,1.892222632875611,0.4415338718195247,-0.4289722302578527,0.0,0.0495747051179677
1661,exponential,0.909286135443107,0.3377826895237799,0.9350810997923084,0.0,0.0222958332549989
1662,exponential,1.786823051804193,-0.976779836309535,0.2650086553795991,0.0,0.1003363079944301
1663,exponential,1.7066125698584609,-0.2,-0.206297131525208,0.0,0.0228413032111384
1664,exponential,0.9579127997783264,0.2,-0.5804861585025609,0.0,0.0079456181116329
1665,exponential,1.667754512603321,-0.7872838116789584,-0.0535291686234515,0.0,0.1430769279132652
1666,exponential,1.8691818737079464,0.2,0.8108465238757259,0.0,0.0267045582028561
1667,exponential,0.7314367045535597,-0.2249766747003436,-0.1173380264151566,0.0,0.0061127802089869
1668,exponential,0.535378322994009,0.7138705535934338,0.3903895866982825,0.0,0.0214198594406223
1669,exponential,0.989812181266176,-0.9233262478340388,0.0223591330991785,0.0,0.1061979441551921
1670,exponential,0.6129435534390117,0.3278807010795324,0.4966167932836784,0.0,0.0110047791768721
1671,exponential,1.9682979509293097,-0.5643895289643619,-0.4167878695837157,0.0,0.0965494815677678
1672,exponential,1.9431761403563783,0.8497454774290529,0.679289206721486,0.0,0.1997009840416785
1673,exponential,0.5918960009583837,-0.684326034276459,-0.6663424482142275,0.0,0.0462741338949329
1674,exponential,0.5909566528034408,0.3867744904958616,0.3432893077390755,0.0,0.0145660032288668
1675,exponential,0.876368322396279,0.7845884673649581,0.365902925058017,0.0,0.0598838562244869
1676,exponential,1.4375229778021796,0.4941524832361266,-0.5172100931974948,0.0,0.0690709403554544
1677,exponential,0.7046630618802189,0.2,0.6340819847832313,0.0,0.0098063258000122
1678,exponential,1.3507443585284111,0.6261106706690545,0.2119319498907605,0.0,0.0365655039088102
1679,exponential,0.963115019483896,-0.2005794972330692,-0.0224409882738576,0.0,0.0139409424258039
1680,exponential,1.3791529502121678,0.8769519025389534,0.6584410560705847,0.0,0.0457131413649244
1681,exponential,1.0416438363425438,-0.7787118369320558,0.4189330064779806,0.0,0.0854252178143295
1682,exponential,1.2281222386436703,0.7575085906758887,-0.3194019842612621,0.0,0.0661878501501056
1683,exponential,1.8268801339282172,0.9776182520578248,-0.2635506653754309,0.0,0.1797934774678148
1684,exponential,1.0303364720456143,0.2,-0.5155618408675307,0.0,0.0164442955618312
1685,exponential,1.4689407479410228,-0.7733616216360015,-0.3876837792366316,0.0,0.0594350967399603
1686,exponential,1.664667811761521,-0.2,-0.5394149154919536,0.0,0.0238714573869541
1687,exponential,0.8592025112073828,-0.2,0.5895633400111306,0.0,0.0077870904094412
1688,exponential,1.3683111133261887,-0.2815401072853527,0.2794902387283604,0.0,0.0134961544313458
1689,exponential,1.5608464773391746,0.2925939313823376,0.2227166665177762,0.0,0.0419678584681988
1690,exponential,1.6835873963662609,0.2263588235762776,-0.5570449841614185,0.0,0.0110353127548036
1691,exponential,0.6568544840662491,0.2354290844198048,0.4906062045749053,0.0,0.005528171459265
1692,exponential,1.1079389752920583,-0.4161206680167189,-0.8155121606155085,0.0,0.0371788184439516
1693,exponential,1.515550669702407,0.7077606197239783,-0.7695260664306887,0.0,0.0678532048542595
1694,exponential,0.8307788847230982,-0.2,-0.4700886885003259,0.0,0.0056067193142972
1695,exponential,1.2390241027349589,-0.3229747370367506,-0.5260723158135978,0.0,0.0252965764981461
1696,exponential,0.9038939787643796,-0.802075005395122,0.5469994263449014,0.0,0.0827403017379235
1697,exponential,1.6481754890828313,-0.2,0.9902156154658246,0.0,0.026923518409325
1698,exponential,0.6121115040764056,-0.9409808490320056,0.6741668443692312,0.0,0.0686732863588615
1699,exponential,1.1718185850762963,0.8190488107797722,-0.975948926132177,0.0,0.063462254821197
1700,exponential,1.1949869223770886,0.6675531281013516,-0.4743966922615545,0.0,0.0294481311179792
1701,exponential,1.3729935745225792,-0.2,0.5705550386938765,0.0,0.0219627501648913
1702,exponential,1.3815053344989623,-0.6361555402398706,-0.6023797855186612,0.0,0.0491480665835599
1703,exponential,1.94471876040908,-0.6225612238619589,0.3886672849527506,0.0,0.0585864992840071
1704,exponential,0.7360805119158074,-0.7814188488099176,-0.7729235935479173,0.0,0.0240189449605461
1705,exponential,1.668797181909455,0.8982884109528546,0.2962619343127073,0.0,0.1293547962370755
1706,exponential,1.000669466369212,0.9964456301207892,0.5544426942706586,0.0,0.0881371116536328
1707,exponential,1.1173510178626958,0.2,0.0249958928825635,0.0,0.0211350654358154
1708,exponential,0.7593319984777436,0.555653865335695,-0.6413177351395687,0.0,0.0366185408246957
1709,exponential,0.9917873859027142,-0.4543321395229809,0.2455579522479587,0.0,0.0186284712784135
1710,exponential,1.7306683835745398,-0.5504842017119895,0.0366151839700019,0.0,0.0889427577483985
1711,exponential,0.9201694061373972,-0.926139213650164,-0.1065290764479558,0.0,0.0640813717763411
1712,exponential,1.0889357643169515,-0.2,-0.0526922772157341,0.0,0.0105601048939825
1713,exponential,1.9047550567421865,0.8677445010798543,-0.8639775565085861,0.0,0.2125881200572206
1714,exponential,1.4949772534905093,0.8642158716234454,-0.9172416914170683,0.0,0.0677916768386445
1715,exponential,1.725644888767691,0.2,0.1151169326270784,0.0,0.0293086547506602
1716,exponential,1.477022474099289,-0.2437303736501566,0.4890935762622002,0.0,0.0138507957575813
1717,exponential,0.9833827042007244,-0.7360955174796939,-0.0699227484815312,0.0,0.0257836374289323
1718,exponential,1.172185518371253,0.2,0.5850100096709341,0.0,0.0178489910428807
1719,exponential,1.433152269544094,0.2011190695261708,0.4356691570281665,0.0,0.0089722729323369
1720,exponential,1.0778381985664596,-0.3227930408422892,0.1070507430786098,0.0,0.0124097156272426
1721,exponential,1.277460418361525,-0.8762518181571319,0.5617711695257217,0.0,0.1091607966236619
1722,exponential,0.6626199427158531,0.2,-0.9845739902801924,0.0,0.00718039011705
1723,exponential,0.688006634265943,-0.3777852861493085,-0.1177948715917847,0.0,0.0225151935203852
1724,exponential,0.7641997609515302,0.942212312930838,0.4739891737887378,0.0,0.0703475622890055
1725,exponential,1.0776739294483448,0.5757653304771602,0.8314179492871367,0.0,0.0461402642960524
1726,exponential,1.9270647597331487,-0.530862589771028,0.3706375565862765,0.0,0.0733143578858373
1727,exponential,1.0318308105214071,-0.4978737314700447,-0.459752173710849,0.0,0.054229973398304
1728,exponential,1.1440082345365576,-0.2,0.7318139643769568,0.0,0.0126462316282048
1729,exponential,1.764803906253252,0.436134502302218,0.8924334763387571,0.0,0.0785735911080194
1730,exponential,0.8894022019907071,0.4501553071965052,0.6264600044604587,0.0,0.0353337119754301
1731,exponential,1.2687065492869702,-0.7559373724839131,-0.5716829909570755,0.0,0.1043170848982346
1732,exponential,1.9609947536408527,-0.2728662560881407,0.7666371144577007,0.0,0.0155316728700332
1733,exponential,0.5308972429525076,-0.6919030784749036,-0.6060168050090289,0.0,0.0198572298059649
1734,exponential,0.6457868123039364,0.3071457967357935,0.1948030291952049,0.0,0.0049085721706214
1735,exponential,1.7001652561026104,0.6808666483352446,-0.8212984564288748,0.0,0.0771098638030223
1736,exponential,1.040719096444377,0.5111571540719082,0.5491788893167933,0.0,0.0384763015287888
1737,exponential,0.6698600768785636,-0.246179625478822,-0.5848933716881977,0.0,0.0127116254425368
1738,exponential,1.857587865798121,0.7227349327000099,-0.9608940979360254,0.0,0.053498737700166
1739,exponential,1.824260609623632,0.219011233153139,-0.3501734487373649,0.0,0.0368927985585392
1740,exponential,1.2838952002589918,-0.2581465908761755,0.3663469715537291,0.0,0.0158936485423489
1741,exponential,0.8472981739551948,0.2,-0.9442825090746116,0.0,0.0128747523513546
1742,exponential,0.6210819742298171,-0.2631456423663414,0.9101958425281608,0.0,0.0135376127778852
1743,exponential,0.6551026648893319,-0.2259056613402688,0.7092047245240558,0.0,0.0080311023828467
1744,exponential,0.7872086713668879,-0.518223762371125,-0.22688958573628,0.0,0.034325808911802
1745,exponential,0.9220667964576386,-0.4576824532544736,-0.1468508485129152,0.0,0.024131065171075
1746,exponential,1.67752011326145,-0.3273173231917832,-0.9623052355296764,0.0,0.0267653066252128
1747,exponential,0.6812509605017908,-0.2049119434146347,0.4311889427517548,0.0,0.0054243017259474
1748,exponential,1.336606043788262,-0.599747734026167,-0.3493603766304232,0.0,0.0566646320695396
1749,exponential,1.6534605643426572,-0.3170778010120483,0.0204663783776541,0.0,0.022670000776318
1750,exponential,1.2674394447723265,0.2482934720277694,-0.0212369108353276,0.0,0.0226385528416611
1751,exponential,1.388451830365938,0.5944266553797777,0.1744049771601667,0.0,0.0270350368477216
1752,exponential,0.662497414563064,0.2818933384122997,-0.1054376975077047,0.0,0.0178795647631362
1753,exponential,0.7148205503561041,-0.5048178871052091,0.8323158723497555,0.0,0.0164068269816857
1754,exponential,1.034348526836269,-0.2,-0.7956300877603666,0.0,0.0119991569845699
1755,exponential,1.749720002166316,0.2,0.680667746230841,0.0,0.0231876442343777
1756,exponential,0.5069828123876232,-0.6535038499526211,0.3932614726085499,0.0,0.0239678846437698
1757,exponential,0.7276981375735072,-0.2,0.8436709984390409,0.0,0.0064900616359651
1758,exponential,1.0736869521353676,0.2,-0.7151898076093006,0.0,0.0104185692008312
1759,exponential,0.8684656077576238,-0.91264631149122,-0.8165860273359009,0.0,0.0920281084406234
1760,exponential,0.8405344898215202,-0.8202611102326258,-0.9443505159101228,0.0,0.0297755854106849
1761,exponential,1.0513280013357655,0.935922956472307,0.0373683098381885,0.0,0.1229275880234113
1762,exponential,1.817267350525733,0.8073386863050784,0.968233969096072,0.0,0.1714744025834756
1763,exponential,1.3535980735997728,0.9636386919920634,0.0981088228875217,0.0,0.1703643804927858
1764,exponential,0.9166828253588684,0.760611786068101,-0.7493375499737922,0.0,0.0438422766692247
1765,exponential,1.6843465016982213,0.5385166083263702,-0.4673245616522217,0.0,0.0443140195639077
1766,exponential,1.597690283858977,0.5469822137469054,-0.0374923894997067,0.0,0.0844197154080953
1767,exponential,1.9847039945339424,-0.5575324229004781,-0.1602701129122843,0.0,0.0991554447421861
1768,exponential,0.5855679647586899,-0.8644455688290624,0.611742447392783,0.0,0.0484921351508099
1769,exponential,1.298496460168594,-0.2,0.9643684154543152,0.0,0.0234638639339247
1770,exponential,1.0226071406556414,-0.2,0.0786302534413747,0.0,0.0120307809305676
1771,exponential,1.3603747450657366,-0.8193349734340134,-0.4505616558389735,0.0,0.0885964602763534
1772,exponential,0.5074043076804451,0.9038172043578124,-0.8154947777933903,0.0,0.0533599403947688
1773,exponential,0.6653654722672332,-0.6362530362792229,0.8103614800040788,0.0,0.0217091538770587
1774,exponential,1.7326410259249752,-0.7284257715416635,0.4225322575578261,0.0,0.1459175191644645
1775,exponential,0.8109308855154695,-0.6991697173120199,0.3520150436977709,0.0,0.0533644588499127
1776,exponential,1.324727220057578,0.2922994365859248,-0.1179171940388319,0.0,0.0339532405116783
1777,exponential,1.359431641876392,-0.8166371853503074,0.5409054802638582,0.0,0.0431924320762069
1778,exponential,1.8738034967118915,-0.2,-0.0756801637715169,0.0,0.0192411936749267
1779,exponential,1.8625505188158176,0.2,-0.8219484491736624,0.0,0.0222414483939095
1780,exponential,1.6236301144324523,-0.3007209295707174,0.2069194266828657,0.0,0.0273588066543446
1781,exponential,0.6948455597320993,-0.4820112171880764,0.5961175177371225,0.0,0.0266486785272982
1782,exponential,1.467530808434972,-0.2151490992160243,0.1480711056675401,0.0,0.0212254499546868
1783,exponential,1.3448410805324782,0.9326230779002624,-0.4070669930086157,0.0,0.1739863344415159
1784,exponential,1.72229995980983,-0.4550513321962965,-0.2115055776628172,0.0,0.0303190062871327
1785,exponential,1.4350001920013489,0.6648311419783668,0.8861164764104685,0.0,0.0318629537938083
1786,exponential,1.6398736086113532,-0.2,0.0753558214666703,0.0,0.0140222293918848
1787,exponential,0.8580024183903042,0.960636084435058,-0.0906121796024577,0.0,0.0563105382079409
1788,exponential,1.1565064445035609,-0.6216455005910786,-0.0747246798593015,0.0,0.0247436046838909
1789,exponential,0.5592618240769277,0.3746311944830849,0.4658912897705127,0.0,0.0055358173484309
1790,exponential,1.881106473668693,-0.2,0.436194523177019,0.0,0.0242909648877802
1791,exponential,1.0600545992588803,0.3036325037644238,-0.3820238223068766,0.0,0.0178748690081962
1792,exponential,0.6788296026242493,-0.2,-0.2533135818486867,0.0,0.0044011999936924
1793,exponential,0.8131915699869434,0.2,-0.0884283566328087,0.0,0.0046614405655828
1794,exponential,1.3037177412454493,-0.2,-0.5037099910107612,0.0,0.0075385112372035
1795,exponential,1.6322467377046077,0.559829613748632,-0.0293227157639648,0.0,0.0995076117603138
1796,exponential,1.926538785363074,0.9619936451765284,0.6775009459593555,0.0,0.0963595983980994
1797,exponential,1.594810782673543,-0.2,0.2967627758726399,0.0,0.0138806308247063
1798,exponential,1.6064622149579748,0.8488191522759918,0.3968393513234658,0.0,0.0780068092064404
1799,exponential,1.419995539711325,0.6392086761580051,0.1904274405324899,0.0,0.0674403776850714
1800,exponential,1.8760751737536148,-0.2,-0.164290344348257,0.0,0.0271900311028768
1801,exponential,1.4614787304803505,0.2,-0.9010974831794883,0.0,0.0104264378144849
1802,exponential,0.8374295569673615,0.3374174945149499,-0.1676593217812825,0.0,0.0113780898071786
1803,exponential,1.2858096650680837,-0.5473265238884351,0.908029591639058,0.0,0.0528343363798828
1804,exponential,1.1351677631538897,-0.2495873524501712,-0.1073335403884034,0.0,0.009331811462982
1805,exponential,1.4541086258644873,-0.2201053048792136,-0.2355569152863739,0.0,0.0201471315386232
1806,exponential,1.532221549035121,0.2,-0.0324343572141185,0.0,0.0087151172808336
1807,exponential,1.1029861903270652,-0.4293154801310637,0.4115881830106762,0.0,0.0278768111403316
1808,exponential,1.995640593821088,0.5280715151325572,-0.8077656326878333,0.0,0.0625476272368352
1809,exponential,1.8723925421285228,-0.3328944750734568,-0.1170343411612335,0.0,0.0307697194113735
1810,exponential,1.9457859583786816,-0.3759555785994806,-0.5375091690399756,0.0,0.0396941959049143
1811,exponential,1.4035263248937544,-0.2,0.1426296939347853,0.0,0.0187701244344148
1812,exponential,1.2570242462754222,0.2714154392388372,0.4351097162291875,0.0,0.0101761269401614
1813,exponential,0.659964611245472,0.5136765990001204,-0.1483465489326778,0.0,0.0207476769407323
1814,exponential,0.8168380117198923,-0.2,-0.926884233067077,0.0,0.0113510207865616
1815,exponential,1.1373748527692749,0.9929758035465306,-0.7863271024250045,0.0,0.1636101648674799
1816,exponential,1.7397716701804578,0.618753313112083,-0.4818661394945898,0.0,0.05493729613242
1817,exponential,0.8519905651680835,0.6681715243403743,-0.0252247322609722,0.0,0.0256060768990998
1818,exponential,1.3729049501456323,0.2198073235983266,-0.7855798325007608,0.0,0.0130922280021199
1819,exponential,1.582995121058727,0.3371203801589106,0.8588965785240548,0.0,0.0396583246185472
1820,exponential,0.6865758356541933,-0.5609469958850837,-0.0250127555249768,0.0,0.0248837275650777
1821,exponential,0.6272885046982678,-0.59718612872668,-0.0610837771475532,0.0,0.0210879149315154
1822,exponential,0.5475169476628776,-0.2,-0.4262503904736769,0.0,0.0044306806441147
1823,exponential,1.6499041804699242,0.8242066517039108,-0.4953991738849181,0.0,0.047555500201755
1824,exponential,0.5311729061209666,0.2,-0.4581909698864992,0.0,0.0027737685872816
1825,exponential,1.096616752453888,-0.3739790364183959,0.6049152212861435,0.0,0.0258714912369178
1826,exponential,1.4760998667615444,-0.2937328047902023,-0.4241397544894707,0.0,0.026720808484443
1827,exponential,1.7658684232640294,-0.7540962748178397,0.3886655099868441,0.0,0.1240639457363113
1828,exponential,1.5291904479565257,0.320306864543646,-0.7602061164776122,0.0,0.0141545386290963
1829,exponential,1.6781782804012586,0.8408680299569042,0.1740263007382989,0.0,0.1797262300001391
1830,exponential,0.9386645231033912,0.2944553969075891,-0.9311841339244108,0.0,0.0144961800260971
1831,exponential,0.9187702769844028,-0.3639208016255053,0.3561757006097465,0.0,0.0308584570624358
1832,exponential,1.9639990744034512,0.2,0.2254997392021451,0.0,0.0331787603434344
1833,exponential,1.9105320808082775,-0.91246052104298,-0.7602487453899873,0.0,0.2388406288721015
1834,exponential,1.185184799310694,-0.202768680825836,-0.524991586792835,0.0,0.0167468482755407
1835,exponential,1.431290914831913,-0.4787191805799162,-0.5802832994085125,0.0,0.0372164962075826
1836,exponential,0.7578350990518595,-0.33295711547437,0.2726176887574361,0.0,0.0065959324194714
1837,exponential,1.1208386670969164,0.217661250091631,-0.5097285209178457,0.0,0.0152925679884243
1838,exponential,0.7587339144692975,-0.5137118000692729,-0.6622482106398335,0.0,0.03520253470073
1839,exponential,1.3688146774677623,-0.6914753725005378,0.1264408240806249,0.0,0.091571915257678
1840,exponential,1.1009270426156976,0.537768239039826,-0.0542148885120699,0.0,0.0440239493851661
1841,exponential,0.5821083422819362,-0.51141483227176,-0.6581297342566361,0.0,0.0254865389429038
1842,exponential,1.1940809768819989,0.2302339940528326,-0.097806738377939,0.0,0.010690931067198
1843,exponential,1.7852833654869402,0.2558018249538554,-0.6170716001492564,0.0,0.0305524940024897
1844,exponential,1.911603771723007,-0.4144996746862408,-0.7320849461688492,0.0,0.0491893703582851
1845,exponential,0.8663538617765523,-0.7167641481843252,-0.4716376626418472,0.0,0.0381402867636328
1846,exponential,1.3120029134719755,0.6575583183652121,0.2311406623963869,0.0,0.0662037043332693
1847,exponential,1.8874703125952597,-0.8399236603239757,0.7816056661065012,0.0,0.1780561316492278
1848,exponential,1.2196041037104886,0.8738288134796859,-0.805543967772149,0.0,0.0680684927902771
1849,exponential,1.9541733190730677,-0.8897317676886767,-0.3344831386593494,0.0,0.14274499914007
1850,exponential,1.1611737885961688,-0.659476122770303,-0.2932263187547181,0.0,0.0283384359869837
1851,exponential,0.7026160433010062,0.2,0.1255055482069069,0.0,0.0112730425585837
1852,exponential,1.443671155237112,-0.4871328005093911,0.5824885301379013,0.0,0.0218392344456399
1853,exponential,1.0317205493165074,0.3984673007089423,0.3325565137545427,0.0,0.0228140770048555
1854,exponential,1.1220893913802157,0.9239320073186092,0.2898206703560342,0.0,0.064885683685458
1855,exponential,1.2225401657029298,0.3587589959336745,-0.6419364935994882,0.0,0.0246677960924095
1856,exponential,0.9096784032226394,-0.2015141051775115,0.8011348165644743,0.0,0.0105004486327694
1857,exponential,1.9905180847010848,0.7416612232996163,-0.6519703846019604,0.0,0.1041446114199071
1858,exponential,1.6725898045972147,-0.7968931364756551,-0.5061053123666635,0.0,0.1225333975502736
1859,exponential,0.6717965518659215,0.5229457413846081,0.1271941144744308,0.0,0.0198157356009017
1860,exponential,1.2148018927263615,-0.2826195036387524,-0.2993699704976849,0.0,0.0234589204861314
1861,exponential,1.611900715238533,0.986742571401236,0.7723678523732649,0.0,0.1079692583809686
1862,exponential,1.4153606355888202,-0.2476463578278793,0.4373632966205014,0.0,0.0326916542115477
1863,exponential,1.3696992383632765,0.6328907475734151,0.4782538076099805,0.0,0.0438907354120181
1864,exponential,1.7128575637011636,-0.5150157253454426,-0.0248545655309371,0.0,0.0337694043255187
1865,exponential,0.8917620400651304,0.7588868632972998,0.3045956739610047,0.0,0.067863611893218
1866,exponential,0.7122593747798703,-0.3640797684904178,-0.055734813669253,0.0,0.0198129840465195
1867,exponential,0.9706878315186084,0.9972276705077884,0.8000353515404957,0.0,0.0758264859254296
1868,exponential,1.6124212419921449,-0.5764858442774161,0.1913144123923982,0.0,0.0933264999398069
1869,exponential,1.8789796020970675,-0.259467145940943,-0.1008454441828132,0.0,0.0168336614693426
1870,exponential,1.897786385896824,-0.2,0.5632599416318973,0.0,0.0261377253710499
1871,exponential,1.4795354710318795,0.7727687009461905,-0.8747838580585159,0.0,0.1160720694863482
1872,exponential,1.3711751350089632,0.2,-0.9951581233001,0.0,0.02363197470026
1873,exponential,1.8477516972455823,-0.4585311771067555,-0.33506705732396,0.0,0.0764003622350954
1874,exponential,1.0651587830373268,0.8570196395785483,-0.4862574222351485,0.0,0.0920608496360196
1875,exponential,0.6719023959405341,0.2,0.008709425492053,0.0,0.0070371275700758
1876,exponential,1.0278171060369306,0.3765700603630448,-0.6273876252053068,0.0,0.0216284802027086
1877,exponential,0.652269962084596,0.6927564796392927,0.4113162762602744,0.0,0.0270059614018077
1878,exponential,0.8559700575428354,-0.8000328030590209,0.6010717679083151,0.0,0.0345094254326165
1879,exponential,1.5872259722733235,-0.6678434142908134,-0.5242846264496426,0.0,0.0996899470191209
1880,exponential,0.5150895931079431,-0.6763466678408936,0.4456744942997825,0.0,0.011756907207419
1881,exponential,1.4088633455098751,0.9191071974350032,0.3036880032134226,0.0,0.0583795739586524
1882,exponential,1.3003159109173763,-0.2539793768566305,0.938046133894506,0.0,0.0204233705854318
1883,exponential,0.578587525199096,-0.2,-0.5737772295763792,0.0,0.0092497634419435
1884,exponential,0.6036006681683681,-0.6464430456228534,0.2217155006136535,0.0,0.0251377484230211
1885,exponential,0.6984997073302617,-0.850533696144707,-0.9247910605010125,0.0,0.0732696519564249
1886,exponential,1.17387231842866,0.2918675912819861,-0.654110966769746,0.0,0.0177123030697933
1887,exponential,1.7293127260940873,-0.2,0.4742817064035114,0.0,0.0313619100895794
1888,exponential,0.6408301333282826,-0.7388171233064649,0.8209077767630004,0.0,0.0252830593950005
1889,exponential,1.7820775072963335,-0.2034357767549592,0.7904983988086638,0.0,0.0171767240827215
1890,exponential,1.522438118891648,-0.6528003570921175,0.8267508616205506,0.0,0.0504850908247817
1891,exponential,0.562394242507095,0.7663327279534036,-0.5899879370333392,0.0,0.0463284514526826
1892,exponential,1.2412387514251808,0.2806566859234787,0.2320962056254754,0.0,0.0315561206673761
1893,exponential,1.1715089821272704,-0.7917757616414764,-0.5946003125935833,0.0,0.0725804505911785
1894,exponential,1.4215267816341517,-0.5890724550448103,-0.7538128361609486,0.0,0.0609272589916697
1895,exponential,1.5401171074321764,0.950690445347706,0.302340031041713,0.0,0.0676580756026035
1896,exponential,0.7461830078528642,-0.715620373557843,-0.3266174561722736,0.0,0.0280782190955915
1897,exponential,1.6010700766744053,0.7240464888838785,0.3481869647294544,0.0,0.0400777741686204
1898,exponential,1.250990769744346,-0.4614928208786366,-0.774086948591624,0.0,0.0584745624283351
1899,exponential,0.6345687250296956,0.468185900328697,-0.7589309952827499,0.0,0.0117520084776545
1900,exponential,1.1472976694593768,0.4492568921661406,-0.8823415683324773,0.0,0.0334217556421573
1901,exponential,1.2454917759994348,0.8977326230759357,-0.2262197960948844,0.0,0.0738454072233416
1902,exponential,0.570882618535036,0.690286130789854,0.8722821344663536,0.0,0.0251882318783752
1903,exponential,0.9744867500142064,0.2,0.7550608829241765,0.0,0.0075240066950557
1904,exponential,1.9137409163345536,-0.7563231421511052,-0.8451318092286608,0.0,0.1040871999949549
1905,exponential,1.63054232162466,0.2,-0.4637650701219331,0.0,0.0301987951009371
1906,exponential,1.91055986148324,0.2,-0.7311035630856315,0.0,0.018142313537561
1907,exponential,0.7357458009210701,0.3031069765308547,0.1260516862570539,0.0,0.0177066246280752
1908,exponential,1.4095438035371548,-0.9874876744747894,-0.7727613746107562,0.0,0.1147909654808667
1909,exponential,1.80968532359823,-0.975213366171499,0.9382130308774304,0.0,0.2088717377984204
1910,exponential,1.3547181464775198,-0.4479216665954939,0.0244468869562364,0.0,0.0396390261045218
1911,exponential,0.9957987289766338,-0.474756208978528,0.695797172592393,0.0,0.0284729288859391
1912,exponential,1.33045768385755,0.9855509473024416,-0.3754643698925284,0.0,0.073169275364331
1913,exponential,1.2185524514853334,-0.244502174346606,0.6058468332591318,0.0,0.0190099357038008
1914,exponential,1.652519486588858,-0.8432459358278923,0.5379454681895552,0.0,0.1127360394312796
1915,exponential,1.041397798817517,-0.2,-0.2292676093652523,0.0,0.0174864866065995
1916,exponential,1.199494118799207,0.9159777678766204,0.2214138078446748,0.0,0.1113336516686745
1917,exponential,1.712743286256305,-0.8030391177028708,-0.3976453990002482,0.0,0.1140090975429731
1918,exponential,0.9955187963335574,0.6430690802261063,-0.9294516903746328,0.0,0.0352415861145021
1919,exponential,1.0772966360044876,-0.6632370548817619,-0.3686157714098328,0.0,0.0651787626844563
1920,exponential,1.9227635825132232,-0.9005065173357552,-0.7417026376548437,0.0,0.2062358325177797
1921,exponential,0.7456151508184841,0.694335037825903,-0.4072058080460701,0.0,0.0328598938629707
1922,exponential,1.866703334963246,0.2,0.9429366643421716,0.0,0.0219540716371362
1923,exponential,1.847807835045796,-0.3094514457066477,0.2761369665428952,0.0,0.0472338286728387
1924,exponential,0.8987116391288457,-0.2,-0.7830375726914267,0.0,0.0145138564880003
1925,exponential,1.9389632645574135,-0.5970391817972138,0.4861280467948146,0.0,0.0349551614847942
1926,exponential,1.5457864872124143,-0.9416000325490894,0.1730179109560521,0.0,0.1797470251467944
1927,exponential,0.8459661833010927,0.260253915009075,-0.876739433575394,0.0,0.0071120893149736
1928,exponential,0.9304210597706062,-0.229050857013233,0.4138338407535371,0.0,0.0126252177062028
1929,exponential,1.3880856934422414,0.7570331877910641,0.7254970934307203,0.0,0.0569131090065536
1930,exponential,1.8370191488600265,-0.705714824260423,0.4975054391626794,0.0,0.0420933567724983
1931,exponential,1.378800905944165,0.4385838863101392,0.9332474723348484,0.0,0.0305156965602199
1932,exponential,1.539614667169048,-0.9247509749695212,0.4720695528202085,0.0,0.139193154729997
1933,exponential,1.7197315373869393,0.3201310765175436,-0.7905506419629671,0.0,0.0279683289005972
1934,exponential,1.0393155266178276,-0.2,0.3503352773255672,0.0,0.0187859077373489
1935,exponential,0.6453198281692099,-0.2,0.8058657981831681,0.0,0.0063071142187565
1936,exponential,0.9335035517727543,-0.265751661220319,-0.5364418977696228,0.0,0.0200329669344221
1937,exponential,1.5783568052955066,-0.2,0.8460391089179273,0.0,0.0257278808211717
1938,exponential,0.5683085129003982,0.2,0.6831409196013463,0.0,0.0074385556621521
1939,exponential,1.7041792567983998,0.2,0.3949240766592432,0.0,0.0243559051716277
1940,exponential,0.7672670978265583,-0.516195315569189,-0.9023063011363968,0.0,0.0310406476337839
1941,exponential,0.8242950902030343,0.2286541335088523,-0.1599862246589098,0.0,0.013432582306182
1942,exponential,1.7287387380720998,-0.3013000704063262,0.6903752137910562,0.0,0.0299493537989603
1943,exponential,0.5545037585055896,0.3405284283246874,0.4871097917518063,0.0,0.0085017386035117
1944,exponential,1.6310218873342768,0.8568495573330899,0.5518098537467739,0.0,0.1277639321919587
1945,exponential,1.2455650638753146,-0.7705644855362654,-0.1690686612621017,0.0,0.1165021648123261
1946,exponential,1.3802967779859026,0.7425576775318719,-0.9725044340551352,0.0,0.0984616264686922
1947,exponential,1.249202577005203,-0.2,0.5480738338786644,0.0,0.023137068183125
1948,exponential,0.7147571355521642,-0.4871573824811399,0.8325591143408972,0.0,0.0094878690594401
1949,exponential,1.6669797398087716,0.2962950667837085,0.7289017672691718,0.0,0.0412539924632251
1950,exponential,1.8064461571902428,-0.2,-0.2974189853001578,0.0,0.0187061251407818
1951,exponential,1.9747855003582624,-0.3122952344521168,0.3319502858932817,0.0,0.0508449047862192
1952,exponential,0.7659818772720607,0.7145807412255947,0.4868691896026029,0.0,0.0411719203379429
1953,exponential,1.4656204794368994,0.2,0.8046827864727977,0.0,0.0135962077073155
1954,exponential,0.7945162516056179,0.5702466745293127,-0.6109985027098739,0.0,0.0471409509616594
1955,exponential,1.815991033620274,0.6265340598381512,0.0221307386351579,0.0,0.0955696448108462
1956,exponential,1.6940431408106869,0.5655921645692716,0.313638241531919,0.0,0.0851866938073073
1957,exponential,1.8889568983616127,-0.4526556794129577,0.0223663825105553,0.0,0.0264158332818979
1958,exponential,1.9584802004010784,0.5683669618012668,0.7399287091000064,0.0,0.0712376153469534
1959,exponential,1.7722937405375798,0.2,-0.3681101272925751,0.0,0.0328042443797002
1960,exponential,1.1177129999190836,0.2,0.0170665423201905,0.0,0.0109127949476713
1961,exponential,0.9749492890064044,-0.2,-0.1235966089521747,0.0,0.0049262805176472
1962,exponential,1.916789405080198,-0.6597766415063828,0.1879391431288279,0.0,0.0838063344667466
1963,exponential,1.5799918485694997,0.5092855944224046,-0.8677535215688446,0.0,0.085954539501736
1964,exponential,1.0475169598719067,0.9873790314663152,0.9365440833996576,0.0,0.1223601166655925
1965,exponential,0.6310683638873257,-0.2,-0.7382575445847466,0.0,0.0050241530284298
1966,exponential,1.7072663510690491,0.3584304233828776,0.4641045944479742,0.0,0.040373974965409
1967,exponential,1.933201447854476,-0.2903732017439562,-0.7104857080884297,0.0,0.0343360489364093
1968,exponential,1.0151192136567408,-0.4261822698876991,0.1678355832282896,0.0,0.0220759232855921
1969,exponential,1.4137653880617589,0.4114962768778201,0.0761878637279107,0.0,0.0424807734043337
1970,exponential,1.9355070153447769,0.2,0.2580334766332455,0.0,0.0197753888020065
1971,exponential,1.953078032412896,0.7817952071336738,0.4453784696860066,0.0,0.187065522533824
1972,exponential,1.6167185643609523,0.52842100291453,-0.8199666268205263,0.0,0.0258474134324023
1973,exponential,1.4996315603739312,-0.7658819600135203,0.8264855758963912,0.0,0.094858439362391
1974,exponential,0.526673606531338,-0.6815181536024337,-0.8961573220831114,0.0,0.0410478619111563
1975,exponential,1.236207172956468,-0.2,-0.4006754861948831,0.0,0.0197362964956122
1976,exponential,1.236438749355634,-0.8822384460327677,-0.1546941159486812,0.0,0.1117915512741627
1977,exponential,1.906020772079351,-0.234440711296145,0.2749258596716144,0.0,0.017887010756881
1978,exponential,1.7388811797238637,0.7014423542510209,0.171683760414846,0.0,0.0954591158393598
1979,exponential,1.8909075017759165,-0.2922489403430577,0.2687908039992779,0.0,0.0404536033564835
1980,exponential,1.1484252794186471,-0.4013848221092662,-0.4954250096096242,0.0,0.0155289109188922
1981,exponential,1.4272223497359111,-0.5268741933254697,0.8558209886731996,0.0,0.0439808886368706
1982,exponential,0.6319955069771623,0.2734223863720157,-0.2455125480862285,0.0,0.0154646720247332
1983,exponential,1.1160324665074346,-0.2,-0.1138977844980655,0.0,0.0056792976423303
1984,exponential,1.3870918087795028,0.5048373705456843,0.4413297374181801,0.0,0.0444542783402763
1985,exponential,1.7780623426144366,-0.4240514980199454,-0.5232857038537579,0.0,0.0477338844337161
1986,exponential,0.6343501564954226,0.6420952566378981,-0.4181161508021551,0.0,0.018001075779531
1987,exponential,1.7078276142597677,-0.2,-0.1645691674277705,0.0,0.0306197925820843
1988,exponential,1.180174369358565,-0.9720879046792196,0.6921422741612622,0.0,0.1070710294411744
1989,exponential,1.0489926485154215,-0.5304775421625543,0.6383928564335015,0.0,0.0335907207138117
1990,exponential,1.5170154055038907,0.5309340401307165,-0.8292964678011858,0.0,0.0312668564374092
1991,exponential,1.2360541942702303,0.6873866450231545,0.6670601203233713,0.0,0.0539889005134588
1992,exponential,1.1368055141170292,0.2,-0.6984003360305315,0.0,0.0114555071145749
1993,exponential,0.8863171971024582,0.4798566749362365,-0.0685164939339162,0.0,0.0362923253223282
1994,exponential,1.5142592630089196,-0.5454703914809564,-0.1102870404228884,0.0,0.0674616866153359
1995,exponential,0.6449406634783257,-0.9564667953980002,0.952006078445098,0.0,0.0751978964022711
1996,exponential,1.9968256978950023,0.3628799297121243,-0.0959250061968182,0.0,0.056754649122203
1997,exponential,1.241307987539745,-0.7908237449719486,-0.3873610965923599,0.0,0.1119554067211618
1998,exponential,1.9287271973316649,-0.2,-0.9923869512707406,0.0,0.0245129592306973
1999,exponential,1.734364071596704,0.7459336205648008,0.6007080769038895,0.0,0.1048542200849268
2000,logarithmic,-2.87129001089562,-0.5851264822627036,1.927613752610113,0.0,0.0583416517318021
2001,logarithmic,-2.2368544431734443,-0.184139738066815,-1.3612035717674358,0.0,0.0374569713987075
2002,logarithmic,2.6859189081603247,0.7967709130501262,-1.030094048320644,0.0,0.038148256450717
2003,logarithmic,2.5164558968531026,-0.6703030675433741,1.947515068387526,0.0,0.0348829288943858
2004,logarithmic,-2.3208044924675493,0.3788974733337953,0.9895676294631572,0.0,0.0591375527524118
2005,logarithmic,-2.803153007887448,-0.6330473341356566,-1.6619711236370749,0.0,0.0400296573075505
2006,logarithmic,0.0928680722491055,0.6096702366719002,-1.983898219158625,0.0,0.0335525753014184
2007,logarithmic,2.9934640982520806,-0.9869295847565474,0.5301774472305194,0.0,0.1138788938463333
2008,logarithmic,-0.9252632500913976,-0.2603962776762223,-0.0216819710456452,0.0,0.0322474615793857
2009,logarithmic,1.5651462216900909,0.6074158537864001,-1.7815995853546291,0.0,0.0416247539300472
2010,logarithmic,2.6729056541548664,0.1507286138175021,0.519679657017659,0.0,0.0529649468398976
2011,logarithmic,-1.3823747350914464,0.0583944485446277,0.5964347547706463,0.0,0.0199779599525037
2012,logarithmic,1.4362437167177884,0.5123854959318925,0.1881583395372028,0.0,0.0456323353173084
2013,logarithmic,1.5667812702797592,-0.6452898337498578,0.4042307162878193,0.0,0.0446648276783168
2014,logarithmic,-2.504240100162635,0.6867327402402945,1.316580504520501,0.0,0.0650796236511576
2015,logarithmic,-2.6134843221080253,-0.8441878652640169,1.4485061411802076,0.0,0.0345282086462415
2016,logarithmic,-0.4766883062148053,-0.3071652503335624,1.355283936212781,0.0,0.0139863246053973
2017,logarithmic,-2.464137030969328,-0.7631921420057983,-0.0628997253880276,0.0,0.0571474379605693
2018,logarithmic,1.4606613933946573,0.667618800355543,1.650751435903428,0.0,0.0401853671250962
2019,logarithmic,0.3471109932338558,0.2748409135713303,1.6201654974727884,0.0,0.0121658124833639
2020,logarithmic,-1.6840654792998473,-0.3382807079317707,-1.8265953779516744,0.0,0.0221203716778514
2021,logarithmic,0.0403667872797353,0.165156847288475,-0.5394902370737387,0.0,0.0105855706861508
2022,logarithmic,2.6792744020960297,-0.5710074823600191,0.9231323227501624,0.0,0.0265668103277035
2023,logarithmic,0.1892532174854069,-0.6907715125396927,-0.2052348923625095,0.0,0.0537542207074775
2024,logarithmic,2.9302907986162188,-0.4824640529966293,0.9131869121879403,0.0,0.0566793004887151
2025,logarithmic,-2.137121664922144,0.3473645263349263,1.312572520181556,0.0,0.0439343680496447
2026,logarithmic,-2.317587407300654,-0.7387647129067905,1.5967022346154214,0.0,0.0823274298631818
2027,logarithmic,-0.1806568359354265,-0.0715020281796305,-1.0348736361315014,0.0,0.0037205786216153
2028,logarithmic,2.6322092969742803,-0.7300430832625258,-1.3638057690212122,0.0,0.0789515301170676
2029,logarithmic,2.8163383662228147,-0.1791886508945113,1.1095189940369612,0.0,0.0597483205127547
2030,logarithmic,-1.373169475739227,-0.6390275054672647,1.6039882274524304,0.0,0.0662528074715986
2031,logarithmic,-0.8980745359224245,0.3579749205930076,0.9007037545605332,0.0,0.0118501811054843
2032,logarithmic,-2.991980350172331,-0.2649159535582692,-1.5233391514975394,0.0,0.0212481970381821
2033,logarithmic,-2.299563600223025,-0.0397548412737791,0.8504303834530917,0.0,0.0563190049060491
2034,logarithmic,-1.1427295071349242,0.6712105322517952,1.46240081857252,0.0,0.0333531857547735
2035,logarithmic,2.0055496691058465,0.1673988531715622,0.036093632609325,0.0,0.0428096228086836
2036,logarithmic,-0.9720041343478436,0.4599445619740829,1.443572895779023,0.0,0.0396337329324699
2037,logarithmic,1.6290143848825591,0.8452050068728161,0.1420078608968547,0.0,0.084684242031587
2038,logarithmic,-2.812615128697922,-0.1671969772731631,1.3710434069431452,0.0,0.0185426484665565
2039,logarithmic,0.9553746494353046,0.3974275874169553,-1.5298461985014289,0.0,0.0249057487385578
2040,logarithmic,-0.2938450303570601,-0.5678817495962882,1.0244818499319115,0.0,0.0231897336915729
2041,logarithmic,0.5110260677189977,0.8011765205993717,0.66990940319551,0.0,0.0490460435478713
2042,logarithmic,0.6625349565271725,0.3371166062214021,1.699330772370856,0.0,0.0288495339448832
2043,logarithmic,0.6247928556809947,-0.1371348486221475,1.1543536178595053,0.0,0.0115035074571509
2044,logarithmic,1.244801676884566,0.3618311939761258,-1.94206122284736,0.0,0.0285748820613069
2045,logarithmic,2.652474197645997,-0.4444373770658294,0.1259671856387396,0.0,0.0465100112255081
2046,logarithmic,0.0638368979829526,0.0165529107404787,0.5647628911826499,0.0,0.0017580987198567
2047,logarithmic,2.65807019064166,-0.5451077278344811,1.1313037362665417,0.0,0.0390472381019989
2048,logarithmic,-2.2131755886114046,0.4987896693359135,-1.6614077577412534,0.0,0.0701213867396361
2049,logarithmic,-2.861824757477185,-0.7551070706471918,1.3650729739218126,0.0,0.0605234156366737
2050,logarithmic,-0.9861358166787716,-0.5717774914366858,-0.1412284346160595,0.0,0.031671599225466
2051,logarithmic,-2.4272685005242494,-0.9944518828671216,0.6402150206799115,0.0,0.0821794196911299
2052,logarithmic,-1.5350451572379464,0.114357903564439,0.4983317268314238,0.0,0.027359835104555
2053,logarithmic,1.1940074334287756,-0.212143163951165,1.3632739095979796,0.0,0.016326517413046
2054,logarithmic,2.555416850860769,0.7848470868857851,1.2260476239550249,0.0,0.0421259582741315
2055,logarithmic,0.128158841518843,-0.471714571755085,-0.5424828216744482,0.0,0.0414191708454749
2056,logarithmic,1.2150887123398046,-0.1584914661066552,-1.920281125149827,0.0,0.0120860060885367
2057,logarithmic,-2.2678697806679966,-0.1283093059810547,-0.7550763511808163,0.0,0.0321264205062043
2058,logarithmic,-1.1173596127925591,0.4906042407595126,-1.1365863088761547,0.0,0.0321661633209281
2059,logarithmic,-1.3025627260325552,0.2892907046386019,-0.8883792151252838,0.0,0.013804411175656
2060,logarithmic,1.5318421836079903,-0.8078699512238248,-0.2354285857969102,0.0,0.0244785845999444
2061,logarithmic,-0.7573559193185986,-0.2892394584333657,-1.6274584801430545,0.0,0.0160828554175176
2062,logarithmic,-1.3861002053214178,-0.7665322201699114,0.9716764533551978,0.0,0.0725028146217076
2063,logarithmic,2.8595836153343166,0.8114671637540227,-0.819305999169551,0.0,0.0443283759411972
2064,logarithmic,-2.700640636689336,0.3090486633861962,-1.2742345088828295,0.0,0.0325727859811319
2065,logarithmic,0.3278341090931649,-0.72831008645672,-0.090906542669841,0.0,0.02233643628152
2066,logarithmic,2.806234068499489,0.822632912969175,1.0705362377811616,0.0,0.0778973815419781
2067,logarithmic,-2.6647847099080213,0.9054212678152572,-0.0369805254827935,0.0,0.0958253736816409
2068,logarithmic,-0.6211236375523397,0.7384288895455762,0.9624856335963048,0.0,0.0210462837186389
2069,logarithmic,2.495260762822375,0.6720520037678865,-1.7265165141260437,0.0,0.035072481625125
2070,logarithmic,-1.744674623637036,0.3572352833940877,1.3788566006020293,0.0,0.054233533241564
2071,logarithmic,1.33194569802422,-0.1139127602516176,0.0606798592930104,0.0,0.0148870633158432
2072,logarithmic,-1.4492714641594584,-0.0048002218200464,0.5272779146878555,0.0,0.0238174283932046
2073,logarithmic,1.5945740713371477,0.976570274306443,1.7227563259342338,0.0,0.0490382482204396
2074,logarithmic,-2.6484349235171383,0.1335389599548457,0.1564594295926906,0.0,0.0410439348396191
2075,logarithmic,-1.3014267929706893,-0.6635172996265672,1.0459916638948172,0.0,0.0463928693030717
2076,logarithmic,2.7312192618119964,-0.9835510779203644,-0.2381785623230685,0.0,0.0587255560782777
2077,logarithmic,2.039469870902426,-0.68868765012063,0.0243386328167329,0.0,0.0503423376174351
2078,logarithmic,-2.892575739602945,0.4075586893158101,0.0632713194428045,0.0,0.058790296407907
2079,logarithmic,1.7911146845875685,0.6657403992383797,-0.8350704289467132,0.0,0.0741690983507029
2080,logarithmic,-1.2808241602870185,-0.8608064117322816,0.6483578656189102,0.0,0.0845222906631497
2081,logarithmic,-1.161516107762611,0.6126270090296515,0.3440863848985409,0.0,0.051711839389113
2082,logarithmic,1.9436799345411415,-0.9515274730421373,0.5932348123296665,0.0,0.0834867964304806
2083,logarithmic,2.1118642719909806,0.7470168791106331,-1.9799678330808936,0.0,0.0635441816464131
2084,logarithmic,0.676793088480554,0.7212358965440515,0.0997715749589591,0.0,0.0528625551055439
2085,logarithmic,0.6138444300658081,0.2180338606018721,-1.6233752985302972,0.0,0.0072909826882179
2086,logarithmic,0.967634731249894,-0.0063704839688369,1.6612377999406585,0.0,0.0238933971466234
2087,logarithmic,-1.4479652967586658,0.3275346448504206,-1.4419778858374226,0.0,0.0202971023810226
2088,logarithmic,1.0024670843505064,-0.1968055533110655,1.2021592833126613,0.0,0.0128161527318904
2089,logarithmic,-0.974368705547768,-0.8449433740322525,-1.5642966883386689,0.0,0.0417699474506259
2090,logarithmic,2.1202742504052843,0.0467528227966047,-0.0480256169982116,0.0,0.013932197976403
2091,logarithmic,-2.4763866064828948,-0.9228781200033692,-1.5729790779858148,0.0,0.0556368986240624
2092,logarithmic,0.896223761833919,0.2919707552588506,0.4613508532828683,0.0,0.0093356879084031
2093,logarithmic,2.232415295468641,-0.3212153759465193,-0.5793200812877695,0.0,0.060204674166479
2094,logarithmic,1.687697342167077,-0.3354356451872657,1.146776403171947,0.0,0.0202468934330109
2095,logarithmic,1.4511905343773508,-0.2534166336195449,0.0126759858624514,0.0,0.012136377708762
2096,logarithmic,0.0702364163665922,-0.1284078815378888,-0.1068224703407314,0.0,0.0080548106460286
2097,logarithmic,2.0784230113645563,-0.4615784155278652,0.9964341141817932,0.0,0.0392500768217932
2098,logarithmic,-0.3659394296606515,0.993320704201508,1.0971649133644097,0.0,0.0732052166863524
2099,logarithmic,-2.7080361125972843,-0.6240284091257577,0.80849549796097,0.0,0.0804190882712137
2100,logarithmic,1.3069157545181147,-0.8586034090519372,-0.5458403519854578,0.0,0.0713756268503855
2101,logarithmic,-0.402043131224854,0.7823553305195525,-1.8554229626340293,0.0,0.0420531050116045
2102,logarithmic,-0.5104894670774929,0.0263225695788218,-1.6136956124509,0.0,0.0118388558510276
2103,logarithmic,1.3982003828888043,-0.1483237898883982,-0.6830681150434419,0.0,0.014886678474019
2104,logarithmic,-1.8727994068406848,-0.0784493504017278,0.7987582746119797,0.0,0.0419262161023898
2105,logarithmic,0.6638124889624661,0.0372267369419554,0.6210343473515825,0.0,0.0080079199829249
2106,logarithmic,0.0135639125546997,-0.0277880477305145,0.1036346835688637,0.0,0.001
2107,logarithmic,-0.538327749183058,0.687744073945229,1.394359099237339,0.0,0.0376393853550378
2108,logarithmic,0.51107394823274,-0.3586306400251244,1.1873023160992724,0.0,0.0237955924319252
2109,logarithmic,1.273013612398154,0.2567315076721681,0.729597978250446,0.0,0.0282477171324472
2110,logarithmic,0.6387073385932016,-0.6029530902126792,-0.5047188732002454,0.0,0.0375944807700012
2111,logarithmic,2.909007684843885,0.4939527199130185,1.470076607932235,0.0,0.0216548370316647
2112,logarithmic,0.1243334801747089,-0.1541822395947363,-0.8516109917138022,0.0,0.0047311513327315
2113,logarithmic,1.714223326872828,-0.0239233427979406,0.5245873160953023,0.0,0.0344854746421669
2114,logarithmic,1.649758370026893,-0.4187920481532101,-0.454482175608867,0.0,0.0190982056540023
2115,logarithmic,0.6172978888742913,0.934620048611547,0.1756906750956468,0.0,0.0756493892023109
2116,logarithmic,1.3520638940125416,-0.7252132592411376,-0.5386139872340672,0.0,0.0397634169009451
2117,logarithmic,1.642966877880509,-0.1182149138943606,1.417164108708843,0.0,0.0315370076396556
2118,logarithmic,2.4391096478609957,-0.2487624745124064,-1.862144195096688,0.0,0.040312205617357
2119,logarithmic,-2.46707618899448,0.6262785837806704,0.2935013040389922,0.0,0.0841843156117969
2120,logarithmic,-1.5363491411949246,0.1445603985363164,-1.8208460390781505,0.0,0.0272758030472849
2121,logarithmic,2.524870898275008,-0.4121970577176117,-1.8549048624923812,0.0,0.0589279760051537
2122,logarithmic,-0.5523248982982585,0.6079452590147285,1.951888153972416,0.0,0.0575604105488673
2123,logarithmic,-0.4647109505429112,-0.2482913471173933,1.0420859849543884,0.0,0.0221873835641796
2124,logarithmic,2.1130175470024604,0.6139022198320856,1.3247938037992228,0.0,0.0380023066201356
2125,logarithmic,-2.366239173512866,0.7898814826152274,0.0995943094573856,0.0,0.0322369274682725
2126,logarithmic,2.0414030288504144,-0.5566447356244124,0.9771179605855376,0.0,0.0626714960453285
2127,logarithmic,2.431349656656355,-0.3579419145547311,0.6603088281742755,0.0,0.0384832241637762
2128,logarithmic,-1.607534284618854,-0.0440354485673013,0.6781144753678041,0.0,0.0219789396605178
2129,logarithmic,-0.3639410792642348,0.3977843792209883,-1.0820847518158505,0.0,0.0188405170349087
2130,logarithmic,1.2272466406007938,-0.7700566826790773,-1.5041130949724324,0.0,0.0476687540660677
2131,logarithmic,-2.765755052890137,0.9585665200310016,-0.5447544651783143,0.0,0.075500973838418
2132,logarithmic,1.6238080743173695,-0.7707950227107585,-0.4861409761604065,0.0,0.0566084306685757
2133,logarithmic,-0.7187345791400555,-0.540540868032326,-0.6828902048861814,0.0,0.0256081751427381
2134,logarithmic,0.5289608632135314,-0.1855820628973912,1.8063846293541523,0.0,0.0103119645615399
2135,logarithmic,2.612876743255942,-0.5392415175560443,-1.8773405943359616,0.0,0.0208992400926192
2136,logarithmic,-2.0892943671677706,-0.2749591051094127,-1.698575600287386,0.0,0.0495270418339779
2137,logarithmic,2.377914857003677,-0.7357847792114918,1.317267021813742,0.0,0.0378821603102253
2138,logarithmic,-0.3691211424120979,0.1653273459728219,-0.1655360686175324,0.0,0.0118778531745945
2139,logarithmic,-1.7425603741582187,-0.5916567091628382,-0.8825767681792578,0.0,0.0372096124083829
2140,logarithmic,0.1242930625686664,-0.1650582213583558,-0.7190928302306041,0.0,0.0144423333824953
2141,logarithmic,-1.5377569227878964,-0.2949260061068306,1.0937050416267415,0.0,0.0171154859353115
2142,logarithmic,1.6162182752551455,-0.25962475700865,1.4335892377825532,0.0,0.0216163415051187
2143,logarithmic,-1.7177939432876037,0.8102289959324838,-1.6655508140431268,0.0,0.034008295192335
2144,logarithmic,2.184181668422954,0.2696496335007889,0.9209019818319596,0.0,0.0588366679214551
2145,logarithmic,0.4113436817083311,0.1122070958119754,0.2442079426499295,0.0,0.0079718154203146
2146,logarithmic,2.6380669413649347,-0.0972993549939507,0.1261818460407102,0.0,0.0436740849269276
2147,logarithmic,1.616390792145026,-0.8341992758164789,-1.0150948350272615,0.0,0.0806304806574152
2148,logarithmic,2.199098875689814,-0.2483561484207206,-0.6560179242538755,0.0,0.0447169420243319
2149,logarithmic,0.5333753593529558,0.6482236668037564,1.914326121364572,0.0,0.0272627395590077
2150,logarithmic,-2.7410841339954146,-0.840472049548286,-0.8054797014463131,0.0,0.0795063241225952
2151,logarithmic,-1.7807643846300512,0.5964592370610358,-0.0367298180978021,0.0,0.0624941207543151
2152,logarithmic,-2.2493537390275757,-0.9377573671424332,0.3044649434806845,0.0,0.065184298532695
2153,logarithmic,-2.362268188940841,-0.754756199345882,-1.4925550886428134,0.0,0.0450567736135877
2154,logarithmic,-2.8316982793989007,-0.2818387640762727,-0.52941787086605,0.0,0.0575992235559115
2155,logarithmic,0.3884779924377941,-0.95464461434346,-1.1390819231354294,0.0,0.0272659929761935
2156,logarithmic,-0.7882738825856368,0.309951551166302,1.8366102399804705,0.0,0.0200922769455202
2157,logarithmic,1.3805956857218824,0.4437192569706749,-1.9995874510923697,0.0,0.0455957536325899
2158,logarithmic,2.078277608340492,-0.0804483604135497,0.1598317240740145,0.0,0.0411296973061849
2159,logarithmic,0.4917677843553565,-0.5716328037436478,1.0081983038341416,0.0,0.0314652450179274
2160,logarithmic,-0.0364743809062675,-0.6309729807843585,1.3986143793327743,0.0,0.0264557219162834
2161,logarithmic,-1.061091311136796,-0.5145197644060671,-1.2702122825659088,0.0,0.029757865661972
2162,logarithmic,1.6504937159060766,-0.7190556154373069,-0.9677747578425202,0.0,0.0303194256213332
2163,logarithmic,-1.7746043717704374,0.7135499734417468,1.213869185112716,0.0,0.0305789531483867
2164,logarithmic,-0.1236701847189003,-0.7081771603220186,-0.976377194235884,0.0,0.0202153361537049
2165,logarithmic,2.362238611525335,0.5805765368072897,1.200632443079055,0.0,0.072194244094383
2166,logarithmic,-0.3322175154874776,-0.1551138010620132,0.4386191269310311,0.0,0.012027527916067
2167,logarithmic,-0.5294611048284414,-0.0193198527965374,1.6756565299466009,0.0,0.0092144015803006
2168,logarithmic,-2.2599982194487014,0.1680143062556847,-0.608877059114671,0.0,0.0470434057170301
2169,logarithmic,0.9877005348188002,-0.7603145096995345,1.0151278905960543,0.0,0.0512276102141758
2170,logarithmic,0.870084073544457,0.4465004870196436,0.0103579596486054,0.0,0.0227165581173655
2171,logarithmic,0.53144364158072,0.938219520923727,1.9936696867313484,0.0,0.0859313227780055
2172,logarithmic,1.0277263709488214,0.2819096061443149,1.6078869474728714,0.0,0.0322424341717375
2173,logarithmic,2.5211423939555093,-0.1798941232866904,0.213218881086223,0.0,0.0569866525526229
2174,logarithmic,0.7632661684055675,-0.6363115370458332,-1.4429116886775346,0.0,0.0534357940996318
2175,logarithmic,0.7392932442537612,-0.0281117109599786,0.5299490263917952,0.0,0.0082792524882872
2176,logarithmic,-2.1503532342392764,-0.0562453298915919,0.6992192539303801,0.0,0.0515888433242887
2177,logarithmic,0.3166221356209919,0.5558638014580728,1.3015252178668373,0.0,0.026829326237439
2178,logarithmic,0.2355905061971892,-0.5693702011304136,-0.2275650403885385,0.0,0.0162748240085103
2179,logarithmic,-2.307957199371236,0.2514158034963123,0.527430622806718,0.0,0.034092258815311
2180,logarithmic,1.8155164245126605,-0.5782137990307061,0.007565942245546,0.0,0.0618614709712248
2181,logarithmic,0.8787534926859459,-0.0232694893494493,-1.0469030069861662,0.0,0.0193944279195246
2182,logarithmic,-2.1921997970793967,0.7844777087955175,1.9675995601363487,0.0,0.0552754448040034
2183,logarithmic,-2.3731480617580925,-0.4355381196141616,0.4699130075477353,0.0,0.0526871394262647
2184,logarithmic,-0.4019486882543237,-0.3137191450750121,0.001485040122128,0.0,0.0227160690965422
2185,logarithmic,1.7434478422694593,0.6029574417035528,1.6591444660649213,0.0,0.0469250751291473
2186,logarithmic,-2.1726423907541528,0.745465319091444,-0.1827937809689528,0.0,0.0508867571291345
2187,logarithmic,-0.748324626288071,-0.7460750008940931,1.337721641593811,0.0,0.0381123032951947
2188,logarithmic,2.5766105979775027,-0.6541130515871953,-0.2449080695207453,0.0,0.0821862774310203
2189,logarithmic,2.582095609299976,0.4389511379858941,1.122107371815568,0.0,0.0543025857159321
2190,logarithmic,-0.4927304995813548,-0.2532947795388756,-1.4721461423406366,0.0,0.0255461894037074
2191,logarithmic,2.010515632479517,-0.3616286720390727,-0.009040390257248,0.0,0.0410113378300212
2192,logarithmic,-2.7099881285819336,0.019831437940782,1.8048440281169744,0.0,0.0427030738282709
2193,logarithmic,-0.8582319651835029,0.180350894193932,-0.5742267931125493,0.0,0.0159242384799402
2194,logarithmic,0.252403308478057,0.2206803309529204,-0.6779934688402633,0.0,0.010745661753121
2195,logarithmic,0.943507274011374,-0.5514644612200821,1.3442164064998576,0.0,0.0349498426636129
2196,logarithmic,2.9831461428218624,-0.6114146107646399,-1.294193143667984,0.0,0.0896463550244701
2197,logarithmic,1.3352200036982378,0.5895456315418264,-1.290009975308279,0.0,0.0430769328762217
2198,logarithmic,2.4454808528737084,0.1817347199160357,0.8539586427290837,0.0,0.0348022468841732
2199,logarithmic,-2.47862311853124,0.0981553429627337,0.2072409747158778,0.0,0.0576237918616777
2200,logarithmic,-2.9885587032722007,-0.4012221509536238,1.9832675443318557,0.0,0.0693697589425617
2201,logarithmic,-2.6830974695725605,0.3485028822622484,-1.988273454058202,0.0,0.0568041155623877
2202,logarithmic,0.8288044889628665,0.3575945445310604,-1.9710844678219237,0.0,0.0192567556967511
2203,logarithmic,1.6530235293469009,-0.6690001077890015,-1.0886893896552845,0.0,0.0654734570890644
2204,logarithmic,-2.7771081089954386,0.2287275630469472,-1.0315885958671176,0.0,0.061066182825796
2205,logarithmic,-0.4808156354023145,0.1595695104594561,-0.4876030038932621,0.0,0.0124675771084353
2206,logarithmic,-0.8552728357519879,0.4912549479129511,-1.8275789226911836,0.0,0.0287466245126796
2207,logarithmic,1.4898749905318276,-0.1661922320573838,1.149732749728583,0.0,0.0334424749182662
2208,logarithmic,1.7146956139523049,0.9610280573160764,1.5525918482789605,0.0,0.0475529959014085
2209,logarithmic,-2.8071270432236224,0.8198548377496169,0.941176389198783,0.0,0.0786387506896455
2210,logarithmic,2.216633061805857,-0.3853764444849565,1.8185883927647728,0.0,0.0377911974561861
2211,logarithmic,2.3686388380437258,0.5289763352843309,-0.3883385243932875,0.0,0.0281725463744923
2212,logarithmic,0.0006283861397564,0.2879740337352336,-0.8600793658988932,0.0,0.021624896888523
2213,logarithmic,2.848486688333935,-0.4434304121814671,0.3043705239476235,0.0,0.0593277634409756
2214,logarithmic,1.1645360994883625,0.9698949729894784,1.4414217507305112,0.0,0.046068151587316
2215,logarithmic,2.3381000113475263,0.0076313220561781,0.0302933653392192,0.0,0.0342806651218732
2216,logarithmic,-0.6658908074464245,0.9725869681985876,1.06539369760739,0.0,0.0855805213942585
2217,logarithmic,-2.285824659719833,-0.2878186764864496,-0.8786185886317246,0.0,0.0521743641286552
2218,logarithmic,2.937132595515635,0.1678900790330013,1.4940015217941665,0.0,0.0316490543076643
2219,logarithmic,-1.233984524078808,0.7187750015678049,-1.711043397161108,0.0,0.0476797587229428
2220,logarithmic,-0.9101063835984528,0.9622431178918748,0.6407129662203679,0.0,0.0667430788301004
2221,logarithmic,-2.152116887058697,-0.3567796425268363,1.383289530659717,0.0,0.0330520956505317
2222,logarithmic,-2.2559588084268056,-0.7598610007160709,-0.9714715903177008,0.0,0.078695423375434
2223,logarithmic,1.9292283192599184,0.0419987052862125,-1.5586418714324246,0.0,0.029498477756588
2224,logarithmic,-0.7228986614949648,-0.28866723361026,1.569368732681944,0.0,0.0176332302020282
2225,logarithmic,-1.0316665813206685,-0.8587638386501921,-0.7697858950573635,0.0,0.0803301462692165
2226,logarithmic,-1.4825643218639364,-0.4265649509771407,-0.6197838990239335,0.0,0.0256929902386527
2227,logarithmic,-2.7767038000089004,0.853727434013885,1.1924419488820337,0.0,0.0354461959106864
2228,logarithmic,-0.0171745914903667,0.1970877146651066,-1.0602661072765485,0.0,0.0118353216532086
2229,logarithmic,-1.1191939348183897,0.8723962393100642,0.2826658845304548,0.0,0.0304640272564027
2230,logarithmic,0.6410081672149035,0.1447994237907433,-1.5148173569775882,0.0,0.0127315193063706
2231,logarithmic,-2.582556495329042,0.7374005731789248,-0.8998314742204268,0.0,0.0613827278311441
2232,logarithmic,-0.90311347523525,-0.4697992183069055,1.3940115537416462,0.0,0.0299862772824489
2233,logarithmic,-0.8219502227891224,0.9301835538959256,1.62779914451415,0.0,0.0615601407038622
2234,logarithmic,0.2241067800072089,0.989677561634314,1.6563307736775967,0.0,0.0602655958149461
2235,logarithmic,0.6027711218457918,-0.19657900868123,-0.5931494814647067,0.0,0.0164176840137696
2236,logarithmic,0.1755823419304478,-0.292858710429531,0.9778936655909848,0.0,0.0197963900835413
2237,logarithmic,1.359555365410257,0.2548251545012894,1.2534291572617842,0.0,0.0124908600022797
2238,logarithmic,2.1597085571091865,0.6095547854542107,0.723964072936865,0.0,0.0330447082499869
2239,logarithmic,0.9414903272138052,-0.7019675684813147,0.1013708486653071,0.0,0.027203670445907
2240,logarithmic,0.4884613239453452,-0.9069980440997962,-1.93299363140248,0.0,0.0241476383637697
2241,logarithmic,0.021707313418557,0.8041339761243469,0.4913959667046965,0.0,0.0687105319375886
2242,logarithmic,2.3806614248189177,0.0798211323107542,0.1578085729510787,0.0,0.028225802705875
2243,logarithmic,-2.93800712888568,0.0152829648985959,-0.9159262156115378,0.0,0.0629566710995171
2244,logarithmic,0.875602382250078,-0.2554118378971235,-0.0299246330649181,0.0,0.0277815878527536
2245,logarithmic,-0.1801779930674847,0.0469004171472793,0.0474789236637236,0.0,0.0024074814351355
2246,logarithmic,-1.635569964743699,0.1048941157651803,0.2531240708849447,0.0,0.020444580561914
2247,logarithmic,-1.6477535434721164,-0.0655028321651258,0.4727166126117264,0.0,0.03822738959071
2248,logarithmic,-1.2113000773572131,0.50668477770322,1.5577829898283806,0.0,0.0447539527397874
2249,logarithmic,0.0448578905044239,0.1180413221366709,0.0891504582028499,0.0,0.005783659876538
2250,logarithmic,-1.741270587246125,0.8826478256428407,-1.6237625063696393,0.0,0.0368394963457622
2251,logarithmic,-1.2367666225443417,0.4842752015683857,-1.3380820329468213,0.0,0.0377363724232587
2252,logarithmic,-2.568212528972213,-0.2239803388917502,-1.3394514221153455,0.0,0.0237270403351463
2253,logarithmic,1.296289097509452,0.3344014170365443,1.4893026230121662,0.0,0.0207670659102329
2254,logarithmic,1.5155413346207809,0.7083327339957486,-1.7699212025349422,0.0,0.0272923044958404
2255,logarithmic,-2.1155653012892874,-0.9353053741706744,1.8656509266975645,0.0,0.0606978240756081
2256,logarithmic,-1.962486702487005,-0.0599440379451212,0.1984939346291798,0.0,0.0456729171100393
2257,logarithmic,1.114791260011148,0.1478316356519742,0.4250714847927437,0.0,0.0167795492487644
2258,logarithmic,1.747335970119229,-0.1285263987870639,-0.5986866520310752,0.0,0.021818625575392
2259,logarithmic,-0.0063687769699405,0.3592032024420524,0.3019340522819398,0.0,0.014225832579615
2260,logarithmic,1.8581164035079487,0.0596002343777457,-1.414268543143565,0.0,0.0438426928092937
2261,logarithmic,0.7108496787356615,0.6475014727750223,-1.657673034397375,0.0,0.030940046972111
2262,logarithmic,2.6476160189326485,-0.2689999593753815,1.5070337497415935,0.0,0.0412247337070212
2263,logarithmic,-1.9654675980059064,0.7096688369691158,1.7769714718783254,0.0,0.0291525196311056
2264,logarithmic,1.989419818201707,0.4545475900653861,1.8117219594378269,0.0,0.0404997030151838
2265,logarithmic,0.4328126177079046,-0.2398199352716388,-1.877054307579237,0.0,0.0071594641618397
2266,logarithmic,0.0765537494588093,-0.4582165097490975,-1.7314879488385624,0.0,0.0163773743235717
2267,logarithmic,-0.5426944128097348,-0.3466264888705861,-0.5670637215106078,0.0,0.0268634547552749
2268,logarithmic,-2.6004422520628285,0.6499676347645844,-1.7291033428546705,0.0,0.0641226266360757
2269,logarithmic,2.586705631390009,-0.1806772298437271,-1.2929785217083962,0.0,0.0647377823751698
2270,logarithmic,1.859343279369429,0.372646633266229,-1.4217253992649517,0.0,0.0229174554971372
2271,logarithmic,-2.111153055464533,-0.1306198724081164,-1.8435517692400865,0.0,0.0140991411911613
2272,logarithmic,-0.9436428528097992,-0.2132160561463889,-1.3323206568127277,0.0,0.0181303888007966
2273,logarithmic,-2.02123024305234,-0.7579766686743101,-1.0932294957937914,0.0,0.0555522662649195
2274,logarithmic,0.826510924703439,-0.4294258816902838,1.729243832881687,0.0,0.0330019627469765
2275,logarithmic,-1.2435771714362849,-0.4009269434484197,-0.9949663786220432,0.0,0.0276792682011797
2276,logarithmic,1.0952452286692669,0.4125045905522564,0.3278115672143018,0.0,0.0123066976628236
2277,logarithmic,1.7620919441516163,-0.7465957195639612,-0.2881685512416561,0.0,0.0777234482475925
2278,logarithmic,2.6103845258999074,-0.7155449489940147,1.63815368597511,0.0,0.0640897404275174
2279,logarithmic,0.0882263331738659,-0.1369297421745523,-1.6050813033772309,0.0,0.0041934383017116
2280,logarithmic,-2.2855409311398667,0.9614268004387978,-1.2719454969733222,0.0,0.0463426416307068
2281,logarithmic,2.1940973394832675,-0.261184739149779,1.3401736372055044,0.0,0.034271947723561
2282,logarithmic,2.542239813371104,-0.7096499909925467,-0.0075024245655574,0.0,0.0627485933425605
2283,logarithmic,1.46535758572473,-0.90802679189098,0.0492083590630505,0.0,0.0705268013336799
2284,logarithmic,2.011582982497689,0.3551611861236217,-0.1188330781627899,0.0,0.0541597457736909
2285,logarithmic,-1.2753409349540878,0.26787275264748,-1.4991198148233575,0.0,0.0163952181791513
2286,logarithmic,-1.9594356820183436,-0.1939109065876134,-0.6425819425832064,0.0,0.0253450976787427
2287,logarithmic,-1.834157387821404,0.5128823906075386,-1.106854662559368,0.0,0.023696021283132
2288,logarithmic,-2.827083208852712,-0.6795852314488897,-1.1947851177689257,0.0,0.0789971440253872
2289,logarithmic,-2.4301935305500777,0.0825471399724293,-1.478596671135048,0.0,0.0303035233721676
2290,logarithmic,-2.1143995940311537,0.2752233334908605,-0.3524566025154985,0.0,0.0479825257101495
2291,logarithmic,-1.2746764512234348,-0.1970120967421402,0.8527235355045355,0.0,0.0293160745758962
2292,logarithmic,-0.6841953613621046,0.2636230141545945,-1.8682538488047489,0.0,0.0253645791391488
2293,logarithmic,-0.4469713995309412,-0.2456179546806396,-0.1711163089558169,0.0,0.010172143482746
2294,logarithmic,2.8095542292324858,0.548120939584213,-0.1584618002117315,0.0,0.0428324253991889
2295,logarithmic,-2.657907409051478,0.2064719027148798,1.5845833320370186,0.0,0.0591473401160444
2296,logarithmic,-0.98759050782611,-0.0653688377944068,0.4430034463070096,0.0,0.0230238910194007
2297,logarithmic,-2.3194402605260063,-0.8681634580825386,0.5064468368250763,0.0,0.0864145140118509
2298,logarithmic,2.039375947932609,-0.7726032188490539,1.6709090756792957,0.0,0.0313440600908259
2299,logarithmic,2.6270082534285963,-0.3268945371163754,-1.7278804820793452,0.0,0.0252056310893786
2300,logarithmic,2.158960993619674,0.5344060701443234,0.5002158828503571,0.0,0.0430079726104062
2301,logarithmic,0.7281521009283578,-0.1805480235283321,1.0818550405250864,0.0,0.0090261087608297
2302,logarithmic,-1.396042338505818,0.3546604827163924,-0.1869255061354593,0.0,0.0199607686138562
2303,logarithmic,-2.5912106660710377,-0.2473423957122209,-1.7433280660738912,0.0,0.0352571020017403
2304,logarithmic,-2.5709349867782088,0.095414678963267,1.700824354967163,0.0,0.0380802875945143
2305,logarithmic,-0.7225494242593462,-0.181917801592975,0.8463399175588671,0.0,0.0180305057484568
2306,logarithmic,2.373683983520272,0.7305407655589029,-0.4553692073257687,0.0,0.0533364270167196
2307,logarithmic,0.7179020588827463,-0.0467302892250307,-0.2475977888838612,0.0,0.0062364626826403
2308,logarithmic,-2.0748012356339656,-0.0925655669453284,-1.0527437436018023,0.0,0.0160999177026756
2309,logarithmic,0.1194002990911142,0.8274224871912013,-1.2111015750344638,0.0,0.0235048434263169
2310,logarithmic,-0.9756516311342978,0.3544307081369484,0.6182408888392641,0.0,0.0301050773672934
2311,logarithmic,-2.2077526632872337,0.951434301606874,1.7062852308883951,0.0,0.0586348193039249
2312,logarithmic,-0.759449024163497,0.1851156740678017,-0.0890747166872358,0.0,0.0145719903582673
2313,logarithmic,-2.08098523616844,-0.4691567227233639,1.449913606751847,0.0,0.0523879611674638
2314,logarithmic,-1.968693125256242,-0.4787282615245596,-1.327144557085686,0.0,0.0595582372465368
2315,logarithmic,2.327594071787499,-0.0323014726867589,0.8906223763769416,0.0,0.0361635992394535
2316,logarithmic,-0.0755564981073155,-0.8401014996707392,1.1017758023919226,0.0,0.0596077751728561
2317,logarithmic,-1.1957425243431663,-0.391654756515299,-0.62724385502458,0.0,0.0372512254584982
2318,logarithmic,1.8802705809345293,0.5094574797205274,1.6164770672031676,0.0,0.0518084563895474
2319,logarithmic,2.967857742779433,-0.1139823626945573,1.302894456805114,0.0,0.0656239639035525
2320,logarithmic,-1.114232078223466,0.2175100698877734,-0.6813000290838578,0.0,0.0303137816337077
2321,logarithmic,0.5128681900558414,0.7818040213477808,1.5654985709265672,0.0,0.0635654138068883
2322,logarithmic,0.0850693496674379,0.2948014797795473,-1.1818302923992563,0.0,0.0120480017723639
2323,logarithmic,-2.5316181384433496,0.6208859717967625,0.4391827680645628,0.0,0.0465522391963252
2324,logarithmic,1.5872115279164651,0.3673210086564438,-1.1097542873975557,0.0,0.0432868297231701
2325,logarithmic,1.1623261811146763,0.7552086958577546,-0.9428309263454846,0.0,0.0446852916384658
2326,logarithmic,-0.0378396386910484,-0.2712981142127337,-0.9983850360509678,0.0,0.0223686522276994
2327,logarithmic,-2.9599146586977243,-0.2201108353821772,-1.7377694294633097,0.0,0.0709297445326393
2328,logarithmic,2.176425262801052,-0.921628230799395,0.8621097507490427,0.0,0.0436648138478059
2329,logarithmic,-1.990163713284904,-0.3481316275340036,0.9902576780434936,0.0,0.0257434027471769
2330,logarithmic,1.826142187321592,0.3047423742816979,-1.2441054656082695,0.0,0.0238064210747776
2331,logarithmic,1.9019828337557376,-0.3631445054308664,-0.7976530790523406,0.0,0.0289735646318505
2332,logarithmic,-0.7992167768113201,0.8030625977340755,-1.9605123310589647,0.0,0.0279768503684245
2333,logarithmic,-2.462077870571986,-0.7194745128602922,0.4281796375167523,0.0,0.0280452945804187
2334,logarithmic,-0.4998876844306812,0.5331900795075608,0.6887484552499328,0.0,0.0397552862680158
2335,logarithmic,-1.8181469067159255,0.4556118132486291,-1.3025596573549492,0.0,0.0305391586107627
2336,logarithmic,-2.5226044024597627,0.9701530918161704,0.3350778694026881,0.0,0.0640353823162589
2337,logarithmic,1.8109041665106904,-0.3593606289506639,0.6593331407775782,0.0,0.0490904581298392
2338,logarithmic,2.4488608244679053,-0.4957057209814357,-0.220875028143153,0.0,0.0678816530763256
2339,logarithmic,-0.1597504135037715,-0.7929757224689784,1.6967051597457137,0.0,0.046020183664927
2340,logarithmic,1.2243956969764618,-0.0688865071404698,1.5405211965117234,0.0,0.0274711428873012
2341,logarithmic,-1.6833132130912265,-0.5089746470246925,-0.3472766720994418,0.0,0.0581510499707389
2342,logarithmic,-0.3878410171624296,-0.9956525136185088,-1.2363527501811171,0.0,0.0296571835184108
2343,logarithmic,-2.6163440925473136,0.006341681069899,1.7874255192820612,0.0,0.0283082849190256
2344,logarithmic,-2.9610708163199577,-0.7965255164008844,1.1211664487919355,0.0,0.0679098115903121
2345,logarithmic,2.5684242387257035,-0.8155756207396849,-1.0105461545955148,0.0,0.0590576461514141
2346,logarithmic,1.74758714992506,0.0274721521927003,-1.1359324761279734,0.0,0.0315356278465249
2347,logarithmic,0.5091261479257372,0.8340900440154773,-1.622525596914529,0.0,0.0361319434825239
2348,logarithmic,-2.016600243403468,-0.5133104538749536,-1.6059267231130852,0.0,0.0423540977934426
2349,logarithmic,0.1255223935339233,0.417432574867314,1.0124548847743111,0.0,0.023863571387693
2350,logarithmic,0.9697763943213468,-0.737281778148037,0.5481711376485361,0.0,0.0278932665473996
2351,logarithmic,2.4786342532952474,0.4888588173879629,-1.514393689086389,0.0,0.0511801569201229
2352,logarithmic,-2.4576497404509765,0.9107429937077398,0.8284678583815803,0.0,0.0419995717261747
2353,logarithmic,0.3396369354675164,-0.384534073759085,1.2764853110993086,0.0,0.0133175982904988
2354,logarithmic,-1.6471382041494618,-0.411570233227662,-0.7600759638144394,0.0,0.0513423462753185
2355,logarithmic,1.1233168771560536,0.6333676605950249,0.7494856261767313,0.0,0.0192768608693403
2356,logarithmic,-0.6037539322467054,-0.1168749531444954,-1.546311335108827,0.0,0.0135848076574022
2357,logarithmic,-1.436933325498143,0.2845134083763168,1.2683381862276706,0.0,0.0279043050558716
2358,logarithmic,-0.9921022243771858,0.6086984283924393,1.935857718144705,0.0,0.0308776338848863
2359,logarithmic,2.720302627243866,-0.8234805424730529,-1.1550182018405355,0.0,0.0936074715753586
2360,logarithmic,0.0021488491988534,0.7888876202967829,-0.2935704912719035,0.0,0.0501439456621697
2361,logarithmic,-0.0157631532809157,0.422829587286033,-1.495651134955629,0.0,0.0099322758632059
2362,logarithmic,0.6850141828576639,0.5856385556694366,-1.3575547679774569,0.0,0.0439643312363396
2363,logarithmic,2.628760439588456,-0.1786630422264019,-0.713882808458056,0.0,0.0195635986567604
2364,logarithmic,1.5011094931058722,0.8857937976768255,1.7287821186432448,0.0,0.0902853510213584
2365,logarithmic,-0.7699944209018996,0.5443285650196368,1.4479719423077997,0.0,0.0207666563481072
2366,logarithmic,1.0034618021214,0.6381061499862184,-0.3273287360667791,0.0,0.0407029395624853
2367,logarithmic,-2.133466524955815,-0.5299680175853978,-0.6825093562950366,0.0,0.0264488857455426
2368,logarithmic,2.3402256030667505,-0.5679664731636631,0.6863020830835089,0.0,0.0563420288304073
2369,logarithmic,-0.6218303500802471,-0.2978068684734072,-0.6544003009842561,0.0,0.026187307210267
2370,logarithmic,-2.39165970184966,0.0118471583276873,1.1762940061096012,0.0,0.028335495719562
2371,logarithmic,2.862962293987433,0.3158196969111551,-0.4361818318510515,0.0,0.0213331053672492
2372,logarithmic,-1.8573725625966249,-0.0462285788338494,-0.1191238119021655,0.0,0.0176380430024613
2373,logarithmic,-1.18355166318861,0.1152103058904425,-1.3681080010619482,0.0,0.0201773431337377
2374,logarithmic,0.1149876272272321,0.2425092451368755,0.958148737965939,0.0,0.0100467793204288
2375,logarithmic,2.1906040221548047,-0.971620965344032,-0.554597391074573,0.0,0.060560085000382
2376,logarithmic,0.9065326182290844,0.8644071224548495,1.858478702050184,0.0,0.0747337718194504
2377,logarithmic,-2.6322763835839837,-0.9398677865156784,-0.2282277050584471,0.0,0.0691312197042259
2378,logarithmic,-1.0678016193040778,0.4321555490141391,-1.0273629306797356,0.0,0.0337295215583557
2379,logarithmic,1.4959210295894918,0.2047443691899293,-1.0914999568561128,0.0,0.0275540762175045
2380,logarithmic,0.6889053578867994,0.1078587775052537,0.6567416368728365,0.0,0.0185538831375067
2381,logarithmic,-2.375057643279977,0.9879677940868992,-0.817821003671535,0.0,0.0729350725340233
2382,logarithmic,-2.0785965764814174,0.0175696086314056,-1.2248448503594247,0.0,0.0228381163317284
2383,logarithmic,-0.0555149283887344,-0.0309118257389995,0.2738991498981291,0.0,0.0028519022046771
2384,logarithmic,-1.4794244471251778,-0.3471180641443245,1.1534856315652935,0.0,0.0269128978758428
2385,logarithmic,0.5318013905075398,0.1172718081096695,-0.8890317736723765,0.0,0.0119654869653487
2386,logarithmic,0.8509568296581858,-0.6769330284782653,-1.1554015826740351,0.0,0.0184155143671031
2387,logarithmic,-2.4224832209541103,-0.4719303721311554,-1.3435979360010464,0.0,0.0419253523029074
2388,logarithmic,2.0011844279093687,-0.2386455036814432,-1.9054544071684136,0.0,0.0348486957609968
2389,logarithmic,-0.4819226001079792,-0.5584474059126332,0.7640232990819684,0.0,0.026676619148833
2390,logarithmic,-1.3882754063158411,0.5055339273350181,-1.2983583312732532,0.0,0.0339254614050979
2391,logarithmic,-1.210526950580717,0.9989289880054508,0.7281564186221465,0.0,0.0426951415410259
2392,logarithmic,0.0515629170902185,-0.7459429263390793,1.5419967659250036,0.0,0.0538990503855614
2393,logarithmic,-1.7041082176586944,0.5118351611166052,-0.2864565428270262,0.0,0.0362971066758032
2394,logarithmic,-2.8270940214693443,0.6256026429600845,1.5765682327365065,0.0,0.0849394702535545
2395,logarithmic,0.8189950020232426,-0.4338436401166126,-1.439494268508227,0.0,0.0237826019277032
2396,logarithmic,-2.820269482565529,0.7816903410194807,0.2730037972574024,0.0,0.0805205782082366
2397,logarithmic,-2.472321816421105,0.5000859888387719,-1.059129926331754,0.0,0.0580162867839727
2398,logarithmic,1.7812728291373023,0.6411315503402915,-1.6365141103618082,0.0,0.0459055825501675
2399,logarithmic,2.8912441752859674,0.4896271105182859,0.5267373253874199,0.0,0.0382508986848249
2400,logarithmic,-1.1256479993591693,0.6684563610794663,1.9385846532742368,0.0,0.033657552922356
2401,logarithmic,-1.8787469576547728,-0.6180294196561764,0.5951282268270477,0.0,0.065418173799822
2402,logarithmic,0.1153251449294798,0.7770444431852903,-0.8645020404366437,0.0,0.0383002870962345
2403,logarithmic,-1.61531791513109,-0.2200355741922646,-1.8353910643263327,0.0,0.0272780610416803
2404,logarithmic,1.168963086572283,-0.1690829456726006,-1.797424845709691,0.0,0.0140811793424007
2405,logarithmic,-1.523087850550746,0.1369342266782156,-1.5113276397429076,0.0,0.0254105959183861
2406,logarithmic,2.366630184970539,0.403831966395207,0.0506362733023375,0.0,0.0405581955342056
2407,logarithmic,1.715797995657903,-0.7689099990372914,1.2150702582911626,0.0,0.0755980413835832
2408,logarithmic,-2.5720256371976324,-0.7222568899974904,-0.0704284758265232,0.0,0.0358187068519854
2409,logarithmic,-2.2877433269516967,-0.6648550921934613,1.9573247711735895,0.0,0.0264781265906785
2410,logarithmic,-1.232982296523009,-0.6256655900969206,0.5063419409935883,0.0,0.0428978572631894
2411,logarithmic,2.905884646777478,0.7464227879701508,1.8843820737512769,0.0,0.075573251547917
2412,logarithmic,-0.6015498900571945,0.055093952896613,-0.0614614642051107,0.0,0.0068043969992742
2413,logarithmic,-0.0760848627227512,0.5910696547145222,0.3928994325415145,0.0,0.0146647877453375
2414,logarithmic,2.2948321504822164,0.5296587049483672,-1.7393604971590757,0.0,0.0554008558255105
2415,logarithmic,0.9763437178790952,-0.3118458200315246,-0.4116885347847354,0.0,0.0178979275031689
2416,logarithmic,-1.4251221159442315,-0.150010092386627,-0.6485125258596205,0.0,0.012371416861579
2417,logarithmic,-1.9011183510436271,-0.0332424655390524,-0.3485542115442896,0.0,0.0351980856700252
2418,logarithmic,-2.6061705514782947,-0.1212364327211741,-1.3094056209541645,0.0,0.0642198852840822
2419,logarithmic,-0.3841205856303453,0.6860827872010888,-0.8531652523745397,0.0,0.0203142330420142
2420,logarithmic,2.4131589788716923,-0.7348121329400756,1.2259600761258342,0.0,0.0782597996702777
2421,logarithmic,2.923777231387283,0.3562501153506772,0.2035150912283163,0.0,0.0405941129550765
2422,logarithmic,0.3525375479266568,-0.0401142239042318,1.2788737205892833,0.0,0.0092620650263414
2423,logarithmic,2.802390272640923,-0.0107566467843938,1.827263586642407,0.0,0.0394904060761974
2424,logarithmic,1.3970788254230264,0.8240946314736162,-0.298515137108768,0.0,0.0465620799800502
2425,logarithmic,1.393210659871607,0.324912275381563,0.9221868083498164,0.0,0.0300054684351539
2426,logarithmic,1.564196986427219,0.956957318619496,-0.4981747239090701,0.0,0.0923936039873997
2427,logarithmic,0.8702989427404049,0.4617338499914507,-0.9449290743568088,0.0,0.0275247056362219
2428,logarithmic,2.199670959115016,0.4854478946146394,-1.322228528720085,0.0,0.0410015823196266
2429,logarithmic,0.752321183056849,0.9542455163819816,-1.0089829668445778,0.0,0.0258274723979011
2430,logarithmic,1.5780282418176022,0.9350734900854968,-0.0448204593567087,0.0,0.0929141787986327
2431,logarithmic,1.9491834058835595,0.0384999877096579,-1.7183680122361742,0.0,0.0247847831390502
2432,logarithmic,0.962587759406639,0.0257032624595279,0.6573571664375732,0.0,0.007474413664117
2433,logarithmic,-1.5542563014941648,-0.2297992313452053,0.7550660777670832,0.0,0.0336521963423419
2434,logarithmic,2.988290579025975,0.7107533965042614,0.3313088605642114,0.0,0.0678069485515947
2435,logarithmic,-2.0254311878525177,0.6179348447414301,-1.9647088628253413,0.0,0.0207192324726747
2436,logarithmic,-2.2346111288824866,-0.0301967028304175,1.3197212822044553,0.0,0.0457415075239665
2437,logarithmic,2.737547875954018,0.3089769608205659,0.2365275438746952,0.0,0.0684021248981701
2438,logarithmic,-1.8357229236296928,0.2700041589347148,-1.5600607232973314,0.0,0.0156374652781156
2439,logarithmic,-0.7557791515793397,-0.4678844796914305,0.8414103360112386,0.0,0.0178963626676301
2440,logarithmic,-2.573029032322241,0.0810472871491327,1.7567703452366907,0.0,0.0379606405563016
2441,logarithmic,0.7260572006671433,-0.4047329429608739,0.5264480346776073,0.0,0.0339192667582235
2442,logarithmic,0.2661716139907417,-0.6539292154133769,0.6533420841996787,0.0,0.0547064256287671
2443,logarithmic,1.2238132064142029,-0.0591038120240341,0.192047633681796,0.0,0.0151990139935155
2444,logarithmic,0.1416023103275763,-0.393771075778397,1.6115717570476598,0.0,0.0236684338726441
2445,logarithmic,0.4552606128474057,0.3446062154490688,-1.1738830296750988,0.0,0.0167199618562125
2446,logarithmic,-0.0091060184761602,0.8704239043021915,1.5868383427745498,0.0,0.0583685259130517
2447,logarithmic,-2.639139254012012,0.2234426863169702,-1.412954856141568,0.0,0.0402613756085485
2448,logarithmic,-1.1051220530545691,0.0664149284211681,-1.4327167758271004,0.0,0.0233771447527432
2449,logarithmic,-0.3919980806545142,0.4080571872217773,1.5616569463555754,0.0,0.0372220478144124
2450,logarithmic,0.11261463153062,-0.937479444302959,0.9188505048800576,0.0,0.0839370152918822
2451,logarithmic,-1.7577186084060077,-0.8198586404205868,-0.5821114243677377,0.0,0.0763330219808933
2452,logarithmic,-0.4763794037116939,0.3021412059733119,-0.3694659343372652,0.0,0.0122589097116311
2453,logarithmic,-1.0100191100209244,-0.9830918679800512,-1.6051377939622662,0.0,0.0349169953493065
2454,logarithmic,-2.756388630992282,0.2944092410552485,0.1600993505622439,0.0,0.0498997685872518
2455,logarithmic,1.8141798392480557,0.7867742776068778,-0.4385179919899382,0.0,0.027490780063607
2456,logarithmic,-1.6377351034212972,0.5400949301042148,-0.3718581589854093,0.0,0.0316964741775792
2457,logarithmic,-0.7673767170829278,0.0474723486248809,-0.4997016613732667,0.0,0.0058312877666665
2458,logarithmic,-2.032461437684645,0.3959616526736929,1.2393076580451954,0.0,0.0395262459129202
2459,logarithmic,0.7252954544622425,0.6392132576692882,0.706243683006361,0.0,0.0521694524206669
2460,logarithmic,-2.1033367149104087,0.5061414823882031,0.3927194781343193,0.0,0.0572087182457164
2461,logarithmic,2.6247826918323547,-0.8983924995752073,0.558722051139541,0.0,0.0520582179772127
2462,logarithmic,0.159222755110922,0.9111722394892664,0.4369683626469576,0.0,0.0291378909343193
2463,logarithmic,2.689602208250564,-0.0874801586716218,-1.2803781149785034,0.0,0.0373700285504943
2464,logarithmic,-0.3158428472520542,-0.4788909630232985,0.0958645168492879,0.0,0.0159491578689822
2465,logarithmic,-1.8087167049688555,0.6456231824252316,-1.9461298687327555,0.0,0.0472200648784417
2466,logarithmic,1.013753524773029,0.5292328817469536,1.423786052342804,0.0,0.05435762681543
2467,logarithmic,-1.165892048320461,-0.4654684319228102,-0.4494198983608886,0.0,0.0444716949792139
2468,logarithmic,-1.2730494651714852,0.7802849994753025,0.0293490652712549,0.0,0.0658955875579673
2469,logarithmic,1.4131057751581189,-0.9450313346234368,0.8282852184408105,0.0,0.061177176069632
2470,logarithmic,-2.801971890745009,0.5355912802080223,0.8817061145451306,0.0,0.0462395655318009
2471,logarithmic,1.5265190927780743,-0.794013935664041,-0.6661966571859055,0.0,0.0748188497160054
2472,logarithmic,2.0435581543708894,-0.2209180397032106,0.7600771861231412,0.0,0.0143508135958551
2473,logarithmic,0.7429882184189758,-0.3634003970858639,1.2605115941745355,0.0,0.0328955730050442
2474,logarithmic,2.444363193622735,-0.1166603906032137,-1.1281051758517813,0.0,0.0548564640342669
2475,logarithmic,1.676549596688521,-0.8548823199222135,-1.1074091730345377,0.0,0.0449155496096716
2476,logarithmic,2.4072885281945995,-0.6692737772565258,0.6274563054703894,0.0,0.0683347576345998
2477,logarithmic,1.7610469851365078,-0.5490512178813403,-1.598255000575409,0.0,0.0505244106983486
2478,logarithmic,-1.9382266073245733,0.7456986645063604,1.368075827357767,0.0,0.0383552355526567
2479,logarithmic,2.361880724772284,0.5920710162531571,-1.9424168765033527,0.0,0.0531759853712925
2480,logarithmic,-2.364991841944435,0.118847552063358,-0.9210440303191234,0.0,0.0268324709970301
2481,logarithmic,-0.5254597998452097,-0.3915639449709072,1.0683138386237494,0.0,0.0104863629417865
2482,logarithmic,-2.164661260932279,0.5625483616757836,-0.1697211439133306,0.0,0.0600123206474668
2483,logarithmic,-2.1203470955216748,-0.6693127313054945,1.326406225061231,0.0,0.0581674414060402
2484,logarithmic,0.5845723556149545,0.7860032699101038,-0.8671641549804718,0.0,0.058541334476573
2485,logarithmic,1.6872842232931529,0.509471007863985,-1.6614087278743228,0.0,0.0496780123476658
2486,logarithmic,2.1202007403985803,-0.0645011153038199,-0.3363543805949067,0.0,0.040756815488089
2487,logarithmic,0.3221320768955169,-0.3702826803272905,-1.2774360110664325,0.0,0.0214996334292351
2488,logarithmic,-0.0969664133061245,-0.1360039630866041,0.1418630993639258,0.0,0.0050729523860025
2489,logarithmic,2.826674143573534,-0.6767312863438661,-0.8695477307977324,0.0,0.0268659359785221
2490,logarithmic,-1.984164343678713,0.708483137534589,-0.6739965110869952,0.0,0.0471439660632403
2491,logarithmic,2.6235873242010213,-0.2268475275432664,0.6729471869990777,0.0,0.0642625258439015
2492,logarithmic,2.6649577642194133,0.1308634778921791,0.1876139592761032,0.0,0.0432711263466628
2493,logarithmic,-0.0390486065133379,0.7346281336423379,-1.6087721521216167,0.0,0.0544954614206914
2494,logarithmic,-1.61421342631636,0.0427041779149715,-1.2210117988804865,0.0,0.0137734580357272
2495,logarithmic,1.801845170634345,0.8212140500437228,1.363315863238329,0.0,0.0719622012578622
2496,logarithmic,1.0354303444770316,0.5970221673476421,-1.5209037882139782,0.0,0.0596186345819437
2497,logarithmic,-1.1412778177055016,0.645057915699744,1.0348427183441036,0.0,0.0406010771731057
2498,logarithmic,2.576612085535241,-0.5577952830223067,1.6321654986440457,0.0,0.04468087621453
2499,logarithmic,-2.191332029931396,0.320863982000888,1.8570659529899356,0.0,0.0496530690219601
2500,sine,2.133202231775555,3.22911059057976,0.7152497071623458,0.7886904337449498,0.0362370413333428
2501,sine,0.9772950236774216,2.881640745699836,-0.7664069908924457,0.7453759982144645,0.0270652020881664
2502,sine,0.5037391903698301,3.26474279082772,0.4376628130254434,0.2954174333820245,0.0121002980983632
2503,sine,0.556464188622606,1.603607942671617,-0.6311556900939328,-0.7798055804906996,0.0143801465955246
2504,sine,1.2356060094799797,1.3052850252636348,0.6495604580233603,0.1290008362385046,0.0381027014548976
2505,sine,0.9774825006069364,2.8500401361715726,-0.0673168282320212,0.949068201402673,0.0379588052782809
2506,sine,1.7212853691819632,3.623804963083558,0.2126198754934407,0.5084625722272116,0.079531215493886
2507,sine,2.063968990824539,2.6368531182734194,-0.6901157290314033,0.0513562003849503,0.1073422698541078
2508,sine,0.6183345764617196,3.973733748557692,-0.6308743274151567,0.6168126615429392,0.0199027008349941
2509,sine,2.2106583768072383,3.697671658786861,-0.0816677621578039,-0.0473474137869471,0.0847524107841562
2510,sine,2.773553057445512,2.1904359667151923,-0.1235180720285334,-0.1840483994715691,0.1360836357755318
2511,sine,1.4358243469806615,1.918948772143412,0.5192093513414298,0.002856784430071,0.06430211664143
2512,sine,2.013795788765994,1.98052590651908,-0.4562928753016355,-0.412747737553091,0.0909261141760348
2513,sine,0.7849925188286897,3.2853169822314703,-0.3531335741901957,0.6995189998293532,0.01361824638126
2514,sine,1.171218428593488,3.478600335502878,0.1239825109714259,0.3415067975244124,0.0508117934233331
2515,sine,2.798262967049543,1.0182132227057004,0.6556260778938479,-0.7056710722567585,0.0948171689867317
2516,sine,2.54700069980123,3.2300740903386007,-0.6173799957707512,0.173471479921359,0.1338378869028189
2517,sine,2.032174359366911,2.9000994605009645,-0.5615744323704437,-0.0816910467494036,0.0878642009514827
2518,sine,0.7032888505436714,1.776259008370619,-0.6999496981752326,-0.006409774789015,0.010542807225346
2519,sine,1.3796075716777514,3.141061007165828,0.328031608551582,0.9528744163349064,0.0473673552906331
2520,sine,1.037422696193183,2.1314167817394387,0.0651489186156643,0.8653909103644928,0.0157530869504059
2521,sine,0.8818633075045241,1.4877267179785627,0.3105354969633396,0.7097242060474176,0.0181093370494457
2522,sine,1.909831738960728,3.2572390111953964,0.5295284316295936,-0.0145085240857509,0.1049055678464648
2523,sine,1.959807168830518,2.220923450848906,-0.4653603186899344,0.7249299321316665,0.0488400758682994
2524,sine,1.0870788742740654,1.1407478437073724,0.693094881498584,-0.9619477788656772,0.0170444698386302
2525,sine,0.6520510261313651,1.9993401818947036,0.7064264706183321,0.469659278884291,0.0236356907403142
2526,sine,2.469465728653008,1.6785146589067836,-0.1015359080688177,0.0289226307036187,0.1307004690354075
2527,sine,2.0009440955103144,2.8025954041144248,-0.4004642397914866,-0.0118168300062868,0.0449951114066013
2528,sine,1.648059566674494,1.120239781601618,0.4523032109124445,-0.9757068441829836,0.0797338934012991
2529,sine,1.440885136072252,2.7930954176271063,-0.7054586903474999,-0.993688512526666,0.0641683446269528
2530,sine,1.6891912958741502,2.337041768367356,-0.4012211222439751,0.9661424908882412,0.0675739116101484
2531,sine,1.312796713115183,3.375928447225504,0.7283637050341447,0.8956455098267402,0.0737582344084907
2532,sine,0.8840530001922021,2.4009819375630403,0.5057445343716258,-0.8691884358813498,0.0365726364696953
2533,sine,2.29344780330788,1.1566462933504638,-0.3230942899584249,-0.5941500784531211,0.0615470351908758
2534,sine,2.2893036713406945,2.1212455583761365,-0.6744673266348122,0.4788995260450805,0.1129772549058523
2535,sine,1.909692651779415,2.5341684231988206,0.2092748395173628,0.349729363746476,0.0531573392070451
2536,sine,2.444658261874819,3.15846469246184,-0.6684582246758655,0.43399503384981,0.1189879626412719
2537,sine,0.7314570205429312,3.881710446782469,0.2946267006724181,0.5698094244038485,0.0333305779292921
2538,sine,2.5509458143371253,1.478021027432602,0.4975965957173054,-0.8215492819463628,0.0942092044408494
2539,sine,2.255222631476574,2.694765605406096,0.0880768003256833,0.4666529132586556,0.0358917335597161
2540,sine,1.5277639684159767,1.6040899821393004,0.3911208832669535,0.7725679470467284,0.0252062563086291
2541,sine,1.5838065784833444,2.9488903653889977,0.7215619978512966,0.31921185245114,0.0292232534201322
2542,sine,2.851981926843352,2.390872510656937,-0.6853200400281936,-0.4567944357461497,0.1186898403819868
2543,sine,2.196347107654003,2.854344855016945,-0.7142078613113277,-0.8581204360703032,0.0990364205822951
2544,sine,2.9308601601060205,3.2905998614151764,0.4699137058245959,-0.1514555028699453,0.143901375344351
2545,sine,1.1243495527865193,2.469702107872861,-0.0622627602247205,-0.827936747963737,0.0536068971112647
2546,sine,2.4528199823872896,3.3079581019793736,0.742116394928463,-0.6398449220997571,0.0765763427574722
2547,sine,2.686051150754657,3.1055394144359894,-0.6373615411606618,-0.0206234564649707,0.1489665231483168
2548,sine,1.5403980483612187,3.141804361831789,-0.1390705952108123,-0.0654665753777234,0.0492910287581606
2549,sine,0.5567501609329126,3.7399610531220713,0.7723520509307102,0.7427639007829911,0.0129641573449413
2550,sine,2.908388700639579,3.2118441400615296,-0.6399024847242827,-0.5507140483847628,0.1576763387456943
2551,sine,2.6605311855166582,2.8039500374793085,-0.777821759809857,-0.2939795237476641,0.1324986317194974
2552,sine,0.738975143248753,1.9103498600595792,0.2970858669269129,-0.5123851121794369,0.0217222401539567
2553,sine,2.599399475384467,1.926949084453434,0.2739014428122235,-0.833506658920615,0.0721570522859217
2554,sine,0.6166042059850653,1.2911589338652854,0.6215973864414677,-0.7108751200841112,0.0269098829147234
2555,sine,1.518447861980363,3.371805202690726,-0.338021216005724,-0.3369540680464358,0.0546309373222481
2556,sine,2.5714674774167112,2.226506405097699,-0.2944528435747615,0.6187004366548077,0.119870328192476
2557,sine,2.19076786692829,1.0272659208438546,0.6516759955744169,0.7158373402645437,0.1128618989170608
2558,sine,2.014873771740361,2.3799077757153166,0.6018105543980328,-0.0345462601717725,0.0747965140450041
2559,sine,1.597897510118104,3.317866255766268,0.7391932919552058,0.2294251957630984,0.0453043122245711
2560,sine,2.026833922823009,2.177799218308125,0.066065203996398,0.4368243396883431,0.0457287386219392
2561,sine,1.399557610225741,1.0805252119971027,-0.5851432703335958,-0.1794980728803725,0.0294593079943827
2562,sine,2.9995073120024207,1.1188753215456613,0.3578608870382151,-0.3058202732089286,0.1698011990836106
2563,sine,2.3525386128223253,1.943957631927433,-0.0467928983827702,0.6028409133556116,0.0455665359391278
2564,sine,2.6872803845495654,2.6285980222346352,-0.0893312651397197,-0.7434667216348034,0.0515084487959162
2565,sine,1.757807770518925,1.5924661357694587,0.0036174660480016,0.3158524903538509,0.0249918433141662
2566,sine,1.43175128513207,3.4870961520004333,-0.2759663610191418,-0.1595060704801825,0.0614947862466256
2567,sine,1.903383911002599,1.476218874815626,-0.4114364383102669,-0.6368918651049684,0.0911340989150068
2568,sine,1.0855086257330055,1.7646379382395958,-0.2424645489923449,0.880611312833443,0.0392628046342528
2569,sine,2.684535514551808,1.0485909546925751,0.0779722877766005,-0.8409836550711571,0.0518815640310735
2570,sine,2.1356174093199503,3.106846865002012,-0.3388050948889558,0.4999862581674039,0.0624515941379803
2571,sine,2.169301194919595,2.660837523754617,-0.4321833632214168,-0.6257720811221066,0.1151562235383948
2572,sine,1.993365171373804,1.6187802913832354,0.4286237570871176,0.9022453381515684,0.0369585940143991
2573,sine,2.338307524342365,3.2941632512117143,-0.6298707916752647,-0.9711085024720304,0.0816990656259627
2574,sine,1.110217680666736,1.1669089700513138,0.3048381924655496,-0.025720904450659,0.0466393860256725
2575,sine,2.4622535471091584,3.8372680039168823,0.2966883383124217,0.2103834286355774,0.1129267026823633
2576,sine,1.2543441816745995,2.2338507768913454,-0.3865382712482595,0.9648040370725544,0.061584294575242
2577,sine,2.4911502530591147,2.3291638942427344,-0.3589789556531552,-0.0550989434100248,0.0723044586871468
2578,sine,1.3664149567973816,3.519925969176,-0.548655662385508,0.1635192289390679,0.0207560282280628
2579,sine,1.238034835461436,1.479802663215469,-0.2563784806739119,0.1209197846977836,0.0514580412387187
2580,sine,2.193261248495981,3.5801002466461664,0.08317013324087,0.1610089155298397,0.0580715351715689
2581,sine,1.1373549338497044,1.0136079114941658,0.1713770571729118,-0.1576074183449731,0.0608929204224916
2582,sine,0.8909274292343168,1.0967670909261735,0.396502784006403,0.619504601601961,0.0292921074941114
2583,sine,2.221307505006868,1.805521054199621,-0.6297196977039461,0.6404292858017013,0.1102584230351789
2584,sine,1.758143027579368,2.23633148202427,0.0558876726295057,-0.8264577231564214,0.0250571244846084
2585,sine,1.0948322631420302,3.506426732137639,0.0299235372589783,0.4442186513505144,0.042612139936865
2586,sine,2.173177071454312,3.915117798527663,0.1103071178261368,0.2848121724917685,0.0484803393481616
2587,sine,0.7503860064807539,3.4546814146934146,0.0090911094675308,-0.0712594618218407,0.0251024804730336
2588,sine,2.542585405575273,2.849382134979499,0.0257440864424952,-0.1056317167250577,0.1461334321209987
2589,sine,2.596110045243002,3.401578547872358,0.3050120935722609,-0.3354846154474455,0.1137896659646329
2590,sine,2.4720553548966806,2.470207706446147,0.4493959679803205,0.1640778195421102,0.0405787801709753
2591,sine,2.703901844767566,2.6687675909776023,0.6900125554537966,-0.9333350554505448,0.09310686958112
2592,sine,1.7230857415952732,3.219005859502105,-0.0371683688642356,-0.8988437641911435,0.087889564878378
2593,sine,1.620495539273947,2.582580142212347,-0.6887655476536151,-0.2309924277774608,0.0241507669449588
2594,sine,2.5300703452926423,1.6245873435126796,-0.7212615079122692,-0.0797528384037487,0.0578526171945966
2595,sine,0.9400227115465036,1.87056340921918,0.2382409964732941,-0.2341678334647503,0.04124553054255
2596,sine,1.307977848715996,2.6027131275918918,0.3753502198641301,0.8087646498891965,0.0282350444952422
2597,sine,2.437262376727109,3.3652702843997178,-0.677437218444912,0.0124909772551426,0.0824078455872313
2598,sine,0.8256670876860215,3.2591353837815515,-0.0113752295359808,-0.0421101908352699,0.04411351323534
2599,sine,1.4104759988604407,3.863035044058962,0.0706084070026316,0.6863918677702461,0.0411004216270495
2600,sine,0.9080840239556736,2.495641198275947,0.6302580615352271,0.3565213143267101,0.0464355846368176
2601,sine,1.1152693470127328,2.474297390864126,0.6018892576600405,-0.4609491393615448,0.0267778916690497
2602,sine,1.886801756138928,1.4759874187316733,0.0673913767776946,-0.1663700706851174,0.0475730028250271
2603,sine,1.6974055915773958,1.7509088157810373,-0.1310881688689747,-0.5766246411828047,0.0592778370043141
2604,sine,0.6300566994559595,1.0436486346400615,0.6370036072172238,-0.8843487723271686,0.0153501787736989
2605,sine,0.5304268359234114,2.4060084045875096,0.370399690926378,-0.1924092730633346,0.0201921989508587
2606,sine,2.1857571239064137,3.766936140373871,0.4951751741268431,0.6684808233604658,0.0377125079220162
2607,sine,1.876199167223631,3.1290204819366263,-0.7267094905362294,0.2771575279426475,0.0717678646219941
2608,sine,2.011543540900554,3.1794233373951912,0.3678813029370738,0.6796767700129283,0.0958866688109097
2609,sine,2.139625239617436,3.1805843013927477,-0.21077962664558,-0.034845397216896,0.0799743716047466
2610,sine,2.515576479828052,3.291872275484639,-0.3910828503898823,0.4098013501368165,0.0468320086509613
2611,sine,1.3121287294653243,1.7013383129717663,0.7497623819202717,-0.3886032471832064,0.0689512329108794
2612,sine,2.589858324314282,1.4308930565846232,0.4212720540225576,0.0679067534481763,0.0883187709904562
2613,sine,1.2372035395261958,1.2889096215362998,-0.1118188839374614,0.0122494526716547,0.0494309418364704
2614,sine,2.2374858862365548,3.63451742553089,-0.6097591687811933,-0.0512422522315501,0.1194838013763596
2615,sine,2.8946309926723024,2.136815845758199,-0.7029531787663506,0.3069263051764854,0.0496706746097162
2616,sine,2.723708465346165,2.814256751390433,-0.0147795214013273,0.7319175670014426,0.1182799207009795
2617,sine,2.026713687544192,3.0062954583048205,0.5970584262659888,0.073878145012979,0.0694404774272288
2618,sine,2.0837505148800743,3.4568614035997225,0.4399367250058659,0.2185340944352671,0.0831052258525265
2619,sine,1.5704821287191857,3.340865195354324,-0.0940268474655379,-0.3394867804304964,0.0215925751161441
2620,sine,2.8580863539699664,2.9627999338929696,0.0899605295069763,0.691438430924836,0.1415179503044931
2621,sine,1.11185834699633,2.2517337863007696,-0.0959461219595763,-0.9515663327964784,0.0490070002044555
2622,sine,1.563237391950391,1.2591433711282602,0.1663631896963351,0.346096414805868,0.0282982572343515
2623,sine,1.072187088649652,3.685455045262006,-0.0014828364004747,0.0102520081434942,0.0242782501276701
2624,sine,0.5123332152945854,1.4571528947018015,-0.5779260128371673,0.4513658409752858,0.008916358635993
2625,sine,1.3990117453675417,2.3897530899099517,0.4608296637568592,0.7341404529901976,0.0470514352966542
2626,sine,2.2192911250488594,3.4644405013517736,-0.6349080322363579,0.1726905511267886,0.0942783595741658
2627,sine,1.0234235048711342,3.766791988518671,-0.0746847568817974,0.3191906264067896,0.0213617826401321
2628,sine,0.8951989308723214,1.9346268935795223,0.2214090376725401,0.7197507363529394,0.0412480509009465
2629,sine,2.9129780200341915,1.807913418289393,0.1876707570693655,0.0844262211662709,0.1325923051490984
2630,sine,2.615220890757224,3.4269738144361312,-0.4036974939613766,-0.3464888512672495,0.1434391178110898
2631,sine,0.8133632538438844,3.585941171465491,0.2204722510683974,0.0165804594877576,0.0421614675351974
2632,sine,1.2896984497427957,1.528300856061139,0.3856543425513239,0.2409589565484646,0.0462223170010287
2633,sine,2.630546403254157,1.8172619827840104,0.2058455107854343,-0.7452395080117569,0.0730943257966204
2634,sine,2.5783442576960525,1.319277924184001,0.2664829695887265,0.4641756778864034,0.0569574331576274
2635,sine,2.298968138476287,2.226138523650593,0.4237537368800959,-0.0052223114178331,0.1188881026530962
2636,sine,2.127234891286524,2.906569651967282,0.2171434616296153,-0.8870387616857736,0.1054217400012747
2637,sine,2.881653642479765,1.4119088666108892,-0.7364855918173608,-0.8417279625618233,0.0489859175282548
2638,sine,0.7043211784542318,2.891436322001577,0.6952119741515104,-0.6831723554265361,0.028658807905783
2639,sine,1.3007297273403349,3.3569759279030995,-0.6148585839540334,-0.5187698824542353,0.0496202412920758
2640,sine,1.6510601713580413,3.309705598192433,0.4750012265071375,0.0386505875942613,0.0352050189817413
2641,sine,2.4051908187467568,2.781079664122578,0.5242283303088251,-0.6948005066070175,0.0706325595965412
2642,sine,0.6715770955357587,1.612741488737405,0.2510221817846687,-0.4139700844822958,0.0166505234513498
2643,sine,1.1997104471152948,2.830256338842497,0.5164879830415432,-0.9357902494988932,0.0414957986714711
2644,sine,1.685057697963581,1.5928612856304205,0.0710350589108969,-0.486695575103476,0.088348982436418
2645,sine,0.7091168240268054,3.1893118615504537,0.1211251250772009,0.0758476217292041,0.0291610167510004
2646,sine,0.5505996458533662,2.554031784995176,-0.6901742158244365,0.2244485624794001,0.0248931134895363
2647,sine,2.9821604697425306,3.568208065344669,-0.0827595679966974,0.8279859427169252,0.1170969451021387
2648,sine,2.272514426315148,3.0126747802743803,-0.3148334634398133,-0.5058386674287765,0.0861387878655678
2649,sine,2.978678996352865,3.980401259481862,-0.5169219104748917,-0.5241104417424689,0.0682118899285098
2650,sine,1.957692577316292,3.689680482211544,0.7142736794607945,-0.5659994315474577,0.0425179971044758
2651,sine,0.914500620495394,2.284303469517846,0.2421516744289191,0.9212009214450056,0.0346728393215479
2652,sine,1.805296542739156,1.3448977933264057,0.7493563311703766,-0.1938838300893619,0.0257729484355254
2653,sine,0.8797945810810099,2.2833067498133017,0.1188070146293026,-0.3392701024878317,0.0297863905741445
2654,sine,2.494075382991175,2.04016219375342,0.017526950790962,-0.9482388948869692,0.1084575500262513
2655,sine,0.9036483539826196,2.6679777875637343,-0.7065034348955408,-0.3810126956761326,0.0331051030263599
2656,sine,1.5896991302504206,2.318548759704802,-0.4781583744704313,0.9416035391478184,0.0723453592894023
2657,sine,2.183733548495031,3.46114450801022,-0.0747052695807435,-0.0010410261034172,0.048675775683131
2658,sine,1.7554348990750153,3.772106147348021,-0.1337796422404609,0.7831066755447056,0.0390359548375552
2659,sine,2.8777045482446497,1.8126746301486767,-0.1300613243377724,0.0103689231317942,0.0522931661853611
2660,sine,1.928489769587212,2.5159580241071366,-0.5681507409075429,-0.0654163168878867,0.0784258139616867
2661,sine,2.3723496594535063,3.9810532219211976,0.027621635784136,-0.0932273734872022,0.0785159831868071
2662,sine,1.5078964754155115,2.4180560910329087,0.5318066454309147,-0.1289655803122136,0.0524298915111601
2663,sine,1.4205754959065704,1.649568759553528,0.0211182328213964,0.6571096880108811,0.0449077459428743
2664,sine,1.0983851136348526,1.6558832624369146,-0.3949631888567397,0.7516429871232246,0.0405274237071547
2665,sine,2.539995217486204,3.238142090120704,0.3783192455193773,-0.0284192266640315,0.1333350127105311
2666,sine,2.510362250007732,2.5006449877760706,0.5703743554741085,-0.0047439746314339,0.0710535571240628
2667,sine,1.1107952818252311,3.0846697260648592,-0.7389306894314284,-0.1987199209026275,0.0238323715527259
2668,sine,1.9150725946299727,2.669724880427566,-0.3541924976521201,-0.9075274135932728,0.1002485339150013
2669,sine,0.5699107624639037,3.933495225297146,0.4384151361559179,-0.4023681763649571,0.0297040624641426
2670,sine,1.09312365061725,1.415093679897121,0.1700735389223906,-0.7953609550890757,0.0170203071295808
2671,sine,1.4105049338683897,2.0298892703990203,-0.0902053163816641,0.0098843670732691,0.0564618261794095
2672,sine,2.411903399976994,2.0351012775727706,-0.6866932240494752,0.4722648075138731,0.0845114103813534
2673,sine,0.7363792907198927,3.421286902682875,0.6702203305839927,0.1871026981959453,0.0238163435601512
2674,sine,2.1368175580492346,2.804265651903954,-0.1394345583824169,0.1171696240894843,0.0460134113010477
2675,sine,2.229838315280945,2.362501459619226,-0.4841312327879807,-0.5283053014648025,0.1082879630393774
2676,sine,1.0771251692801551,2.382654048712228,0.5659033465571375,0.455989724468874,0.0189494580260045
2677,sine,2.791532157775688,1.7493871441922195,0.5476213332875663,0.6160380567685462,0.0550220171091529
2678,sine,2.6207719407252643,2.105240730614237,-0.2648218265783195,0.109310621302552,0.0384473377415367
2679,sine,1.6448498716953768,3.1897101581190848,0.4012620819413446,0.2976763703601093,0.0523504283316126
2680,sine,1.840783302260745,1.3908433212406497,0.4083467876135089,-0.4301358393522192,0.0430699203435189
2681,sine,1.1487507759596636,2.996983200273961,-0.181515718538747,0.2191894660522186,0.0312966663377514
2682,sine,2.5045193794747957,1.384836298274419,-0.4097505716626282,0.5014716186224297,0.137716285618313
2683,sine,1.7496529830032703,1.6835898160934275,0.6104999570711318,0.2125514683400335,0.0279308720369189
2684,sine,0.912988927208454,1.4208733340145223,0.0151427747238289,0.4671768663770295,0.0501152643942826
2685,sine,1.4309672039155403,1.8923770539813385,-0.5342239549073884,-0.0905015825218717,0.0259957962717208
2686,sine,2.635278963307073,3.381046805113021,0.624505568433767,0.541451824249207,0.129657211427654
2687,sine,2.6974979393913734,1.100552576276895,0.7330033052074576,0.8270737680688867,0.074986431241766
2688,sine,2.7223415554692387,3.247982848381137,-0.7354231067850137,-0.9276750520161108,0.1231837621886013
2689,sine,1.6462156648799116,3.6680507115870418,0.4665017938469642,-0.3562501833314457,0.0447703046709029
2690,sine,0.6408023043697362,2.656578300464242,0.7329700324666011,0.944898307239146,0.0177382012398741
2691,sine,2.68389089220478,2.2564980538096786,0.7195003656862791,-0.6690761624689072,0.1088719571022782
2692,sine,1.7941889313371024,2.829815902281516,0.1790357642865081,-0.8968390132742334,0.0549921255176763
2693,sine,2.69654951877883,1.0500614749088626,-0.770369587231281,0.656956779545705,0.0490815059497285
2694,sine,2.069042132851748,1.8328960988302847,0.4292507156935385,-0.668825447701503,0.0607990819008589
2695,sine,1.9446331844897096,1.100161552440582,0.4785307637000426,-0.7989426424633859,0.0660024269595513
2696,sine,2.728746800377746,3.1090543722287944,-0.3404852541803011,-0.5854356761124242,0.0854548450585764
2697,sine,0.7414538856906265,1.041048012260798,-0.4087780250506075,-0.7210740195575724,0.0142925866506439
2698,sine,2.5976636287367176,3.4293917888069982,0.6386223918624743,0.3104136420899412,0.067264318680692
2699,sine,1.724590517758971,3.3729271377740515,-0.1316706610069891,0.7548083832202468,0.0545087060667024
2700,sine,2.935569643259513,1.6139169700767817,-0.3853410031319476,-0.5599247633882365,0.1072393387087257
2701,sine,2.32198757902488,2.5318863995558925,-0.5236233292085313,-0.2138786486538015,0.0651020436329426
2702,sine,2.41007696946195,2.577861171879937,-0.1627320332661627,0.7843436581284584,0.0491895136531219
2703,sine,2.0485258920321066,3.57190680520174,-0.4889775954248135,-0.9616643209761712,0.0313632792711414
2704,sine,1.8191190985186951,3.075414879378856,-0.212475357639907,0.7058830900741351,0.0383937077803822
2705,sine,2.272181660016624,1.7109607844863073,0.4009076992706364,-0.4733049058623984,0.0766075062300543
2706,sine,2.4678333509736987,3.833414910354272,0.0859678049218934,-0.3534917824948032,0.0583036919443621
2707,sine,0.9047064498073604,3.460024873590452,-0.3317443275799637,0.2043468639274785,0.0311178649687085
2708,sine,0.8484177194267063,1.9563940796454824,0.0630648422759325,-0.385750534167125,0.0278184846581169
2709,sine,1.8190644813992645,1.6621060102546843,-0.4468774841852301,0.1938376442336471,0.0691841367676335
2710,sine,1.8976071018285372,3.3931113854689903,-0.4949102813184216,-0.786459804497897,0.0360280630021489
2711,sine,0.5023563841986307,2.059948845673528,0.2403005794829473,0.5004829293934008,0.0181789199394683
2712,sine,1.5675018487981087,2.4604085278758845,0.2866290840270598,0.9003666445102381,0.0279238827394364
2713,sine,1.7620998871882114,1.1102428136004514,-0.143208301352919,0.8927263568313211,0.1028265662965695
2714,sine,2.1323831085267715,1.8103422324472007,-0.3307633395332385,0.4939219123473848,0.0619993389628648
2715,sine,0.5455219656431977,1.1137256020559787,0.2187892043996366,-0.229980249206704,0.0242877896273497
2716,sine,1.5413763646550054,2.922633932147774,0.111602820451596,0.2223274023501482,0.0719718775483491
2717,sine,1.7605675883946188,3.509112898294477,-0.5856016038094749,-0.7287815565337759,0.0629444288964845
2718,sine,1.31360099568331,3.13734743470832,-0.1019862432177061,-0.0814420731262481,0.0542325790995973
2719,sine,2.653466915544993,3.370360171002156,0.7672411141612199,0.7132847514089735,0.1298562450239436
2720,sine,0.9913697499726076,3.89619572518297,-0.3444937909090101,-0.3556878075188776,0.0403154985568068
2721,sine,2.546427298043372,2.4888842492517167,-0.3195293533717672,-0.936555470609394,0.1106740073131958
2722,sine,2.1789143180740846,2.334507332659942,-0.7211456588541616,0.9927207785771056,0.0386849705492314
2723,sine,2.0658723819133185,2.313296868662668,-0.531376805212386,-0.9261192929197216,0.0789965264146793
2724,sine,1.9249181672993192,2.1324946770616044,-0.7788529971127363,0.5192698918506946,0.0967790524723705
2725,sine,2.069264538134449,3.3647161475359884,-0.691365044540955,-0.4563880088537455,0.0682132777780957
2726,sine,2.520795674144234,3.858474087397888,0.0319223416423034,0.0624953662882501,0.0406515349000549
2727,sine,2.588530304980079,2.3927554278857905,0.7439373486828347,0.8835574436495119,0.0437282709283023
2728,sine,1.8361384941730243,3.3946650269107206,-0.1870871450371355,0.935574032897882,0.0556497690209849
2729,sine,0.654807949711479,1.9708859420371616,-0.253609980554094,-0.7833277843255682,0.0318227599363289
2730,sine,1.2211709400778308,1.4986567105473854,0.4380029350135863,0.1394485693154346,0.0473100443302289
2731,sine,2.085305174982168,2.1501894312387324,-0.4224146733389308,-0.1803403033558028,0.0560775815562901
2732,sine,1.919462820308293,2.249594114153754,0.5846188152504248,-0.1655446270104421,0.0291419018824344
2733,sine,0.889823392098271,3.70728364140093,-0.4365308732463881,0.2747687742301636,0.0286882040313802
2734,sine,1.868659104697968,1.697133092022754,-0.4083512072839467,-0.7389414030344572,0.0323987146824851
2735,sine,2.024609784435022,1.4766740422399929,0.4818984295266173,-0.2372678731263511,0.089487516833427
2736,sine,1.6084408776764794,1.587403087565634,0.6047967779974959,0.2884912829433304,0.0638638892965976
2737,sine,0.8591376111610902,1.1913304760835324,0.3440502532957099,0.6253689811619267,0.0299236012949487
2738,sine,2.977731627040084,3.658225551334228,0.4706998702208442,-0.6275594615635378,0.1367116623317447
2739,sine,1.9929242774790523,3.40189467811865,-0.5349980336359599,-0.9318025856827798,0.0796023545330563
2740,sine,2.717688339585576,2.216483454892358,0.224220878475847,-0.4796862770277863,0.1194548460523211
2741,sine,0.557109801944441,3.558714580198009,0.3456088540879007,0.9159019983372044,0.0102710156422664
2742,sine,1.239166618962278,1.2235582911125196,-0.345035650238835,-0.8618741793273825,0.0706089880322746
2743,sine,0.8201419347315557,1.895812578466088,-0.2432614754009813,-0.4151436101277574,0.0338282866113655
2744,sine,2.462075385295705,2.862432573266841,-0.5837358740822678,0.7291234275512402,0.110460991637352
2745,sine,0.6472517807890696,2.840588591358015,-0.5799640497194645,-0.9146885742282024,0.0276682949765692
2746,sine,0.7689728171285841,2.679063997438936,0.5453828134016143,0.6817329995463601,0.0112088790886805
2747,sine,0.6959235618240909,1.2085746667387325,-0.2041247299322933,-0.0435405621127067,0.0421595190987765
2748,sine,0.8714168738741419,2.971155856618788,-0.4405538908713255,0.8317442030300477,0.0265970757798282
2749,sine,2.288375593719333,1.9510021074930823,0.2019945329887734,0.5667268420909655,0.0322087666902165
2750,sine,1.950965145812832,3.562914796580404,0.3591963311221267,-0.6456731316305124,0.0832782708440695
2751,sine,0.7435490507447182,3.670436798420868,-0.5574450179573887,-0.1380385610942096,0.0208518159641943
2752,sine,0.926488474395872,3.1386128351694014,-0.5594965196080102,0.917497953973788,0.0472196067265051
2753,sine,2.83631524573542,2.4690817010943,0.4911169830134207,-0.7152771964893985,0.1521272169466646
2754,sine,1.4241062324763871,1.5014638543633043,-0.6554125852077402,0.1385122204130262,0.0666671254945904
2755,sine,0.6819836334437297,1.54569832974602,0.7600080696553846,-0.5831671134725371,0.024589195947342
2756,sine,2.8558626349355043,3.407060365726806,0.727237791106027,-0.2466938239664355,0.0641800337954477
2757,sine,2.1303766794094487,1.357588350946973,-0.3721831413074421,0.5226611961657113,0.0481496331853837
2758,sine,0.9254625494183656,2.115291580496173,-0.5507434568811327,0.97856193482502,0.0479253152794636
2759,sine,2.3953823205712474,3.750724456550611,0.3738472661786516,0.0736389782196451,0.11057650110907
2760,sine,1.306244810078416,1.0575352233591817,-0.0281870796906337,0.2874571469752764,0.0768871115480844
2761,sine,1.0454305865188072,1.932331487849232,0.6933163880305999,0.5323701858746692,0.0384044930166151
2762,sine,1.431058955694455,1.3568086124007033,0.6975030751458848,0.2446724322288733,0.0462742657907303
2763,sine,1.1294519618129475,2.7624064055726665,-0.7021746999877876,0.5550598385528109,0.0329161666658676
2764,sine,1.2650287364456942,1.873632861109198,-0.6081711623539446,-0.3899101715064021,0.0575931384902129
2765,sine,2.4622021686541578,1.1671862311397834,-0.1950291906234886,-0.4331856013475623,0.0391700115329889
2766,sine,2.397160800262855,3.4048451299393774,-0.1598686317316242,0.6788943022494258,0.0492687266682567
2767,sine,2.90620951965661,3.1109536446781334,-0.5985085089992196,0.131501091908393,0.1287954624023551
2768,sine,0.8883079481985976,3.0464943612515327,-0.5239262424981634,-0.6090536853566559,0.0452659032839376
2769,sine,2.195494769168008,2.340445278740752,-0.347445812196314,-0.9434112513396924,0.0760167574620065
2770,sine,0.8892114195835341,2.2880504238397643,0.1199064017068575,0.2081905371317602,0.0290783012361297
2771,sine,2.711400325692818,1.0847683947540836,0.1427747180178746,-0.7852650859460213,0.0692864455540504
2772,sine,1.500691397493597,3.2624903151149205,-0.3897117782102332,0.2652507191391005,0.0253937790257927
2773,sine,1.078421168524783,1.3433395193789677,0.6602061615767025,-0.1652985002205249,0.0275667946584784
2774,sine,1.8634245964711167,3.546326564592096,0.3619545461156392,-0.1632708437956009,0.0699261250774556
2775,sine,1.460566304764658,2.257222247149426,0.022879183846357,0.8409470544118545,0.0747640593220853
2776,sine,2.134532153490508,1.750749990405418,0.2822266825756478,0.4026012823932823,0.1056976814527806
2777,sine,2.441564838517256,3.643952278503856,0.2759725245892326,0.1488883610271407,0.0959420818700168
2778,sine,0.992090827442938,3.767479239185341,0.4941935405548288,-0.0026928842609197,0.0460864095589577
2779,sine,1.7695803823054734,2.8682511277617384,-0.2604135999938776,0.2047593097351925,0.0824188152165254
2780,sine,1.4920212171771392,2.5602468473900157,-0.543840167564018,0.0699886803333837,0.0733294418222774
2781,sine,2.668322544574074,2.0920935774433773,0.3526303278599387,-0.0386617056193394,0.0646239825837817
2782,sine,1.8880551032161024,3.6495159679389366,0.4834670380586265,-0.3732180295143161,0.0937428920201464
2783,sine,2.9631222258166545,2.2742739563123626,-0.1513492728699923,0.6139224908485357,0.1327806586130992
2784,sine,1.9890063929976884,3.815022280625024,-0.2921901397217981,0.3720752516885073,0.065745570298262
2785,sine,0.9932907765268274,2.1684160330946725,0.1941831437869371,-0.7865776157816502,0.0498227832912421
2786,sine,1.49259268649766,2.220386288593049,-0.0103889763173607,0.8377244018629648,0.0454268675276719
2787,sine,1.0400764667755626,3.5801445180362204,-0.6813503884558976,0.3503508519679654,0.0530947142376849
2788,sine,2.436777332320033,1.0743818982633948,-0.4678952226552057,0.1130706396371563,0.1333849006161991
2789,sine,1.9575119566761807,1.0180392782311265,-0.3361095798397791,-0.7838076952143638,0.071668380937132
2790,sine,2.3587964893858477,1.4587104010370933,0.2158702876165332,-0.8202768167336951,0.1047598449294842
2791,sine,2.0079721802721404,2.14193457241669,0.0116874778472569,-0.8628938771895684,0.0402997237519778
2792,sine,0.5298073838961297,2.036015811676223,-0.5339393220889932,0.2111873145170872,0.0099755718349886
2793,sine,0.7058279164937185,2.565440042521166,-0.025432388007316,0.8512785461577972,0.0340595811682
2794,sine,0.7351430853165365,3.349025389838843,0.35649845832131,0.2287028849209411,0.0391792610408978
2795,sine,1.3596001059189549,3.509074263955871,-0.2836041007277826,0.7273264624881486,0.0632443877749288
2796,sine,2.8445771595085176,2.7742792776253227,-0.6401269834347169,0.6869193388741637,0.0484921192369504
2797,sine,2.3927846422410517,1.306148446103211,-0.5081506059545651,-0.0013774461220901,0.0725060212265567
2798,sine,1.853895346728502,1.5548570117785565,-0.1298344813494206,-0.3242485446457361,0.0970995482104029
2799,sine,1.8387161537891237,3.860481948157757,-0.0653851550455237,0.252589939721302,0.0814799782475227
2800,sine,1.4626916501839375,3.57347101655092,-0.4166956961225252,0.9866905991684092,0.048672844023467
2801,sine,1.936151043877296,2.0452493391172006,0.5533308025215624,-0.0573703738254451,0.0298581639674015
2802,sine,1.9149412719168677,3.709600079826513,0.5444177912532409,-0.8375000096888552,0.0808400511286347
2803,sine,2.8178804263356145,3.9523324944060265,-0.6879679141435924,0.894186938285064,0.1518844556900358
2804,sine,2.1757952432273404,2.734902605249997,-0.4616242118567549,-0.5861344652151692,0.0741791388443204
2805,sine,2.8701373357517355,3.295943570858529,0.2738497846699386,0.0339678778065819,0.1051041468188198
2806,sine,2.087020879500649,2.648280704364438,-0.6276590168189363,0.4228147905810921,0.0892851783813359
2807,sine,1.6420809786325037,3.8134484843723033,0.523003062792585,0.9399364940961584,0.0400069914723097
2808,sine,1.1807535234072692,1.250273637768998,-0.7602487987597618,-0.9288230579651324,0.0501176566869248
2809,sine,0.932085562007636,1.866217603257872,0.5847285189916607,0.3118277524641022,0.0185304738539063
2810,sine,2.0732392062479383,1.658379051396616,-0.3382515835838148,0.1327033256363283,0.0898608876971569
2811,sine,1.7945143545819455,3.302313904530884,-0.2796501619548158,-0.1433018127981418,0.0755052054949809
2812,sine,1.4435834725057046,1.6574061925172234,0.2150870446565407,-0.1515095716707524,0.0534486009654721
2813,sine,1.3032777362839254,2.801531576035285,0.177913408435554,-0.8242554213386364,0.057903297533335
2814,sine,2.184895661587005,1.168948635036542,0.0261424050804873,-0.2821553483722594,0.0697115470002619
2815,sine,1.1453498543069895,3.888879648220105,-0.3454363567039575,0.9622941617909826,0.0217162239694764
2816,sine,0.6518709341080717,3.429606580030984,-0.0109189910505347,-0.5903362758149355,0.0118976685728147
2817,sine,2.922284695148822,2.025561852502576,-0.1648743619719671,0.4542948813781247,0.0819216510550785
2818,sine,1.1518126035997611,2.998006815434432,0.0507916784771506,0.5876033858100727,0.0659472733403753
2819,sine,1.0002797514701498,1.8762779291510872,0.189771241228879,0.5185372484481316,0.0188900387345444
2820,sine,2.394546270551938,3.551386348994686,0.0042036628823585,-0.2696330745739106,0.0568456987060019
2821,sine,2.32895620667142,3.902405039395615,0.6066676264483661,-0.3956689659976276,0.0479080981603714
2822,sine,2.733643720704666,1.9826119616582736,-0.1842210094910404,-0.4102778326715675,0.1241080665140265
2823,sine,0.8943845739369443,1.001334335297641,0.0100145946775701,-0.2317905462377785,0.0409733548955882
2824,sine,0.5359987282378968,2.7421839832817327,-0.4846897045545442,0.0491966559266718,0.0133961034398313
2825,sine,2.503046819850937,3.694132417931805,0.5832916264355297,0.342657040018786,0.0385169278611886
2826,sine,2.387865400586528,3.85984487303149,0.7545212069169436,0.2887057174112926,0.0932742556253784
2827,sine,2.509954846293529,1.3587963246104124,0.2262686063266117,0.1300494365672653,0.1287235975691522
2828,sine,2.0758741222897075,1.939405975225312,-0.0117493902827932,-0.384146583987965,0.0281498874546114
2829,sine,1.0927294678146593,1.9912551054727363,0.5451501246794863,0.3196298776622044,0.0547822006747595
2830,sine,2.630737165893763,1.5105879417590984,-0.0539065468794136,0.3915969555302736,0.0665271396106114
2831,sine,1.894389221926686,2.3702257431816607,0.1561871249739308,-0.1604466090192959,0.0976068634935521
2832,sine,1.7501507457106298,2.318692757399101,-0.3384079648072479,-0.2200525144864955,0.0807701327702116
2833,sine,2.569294825554937,1.2285219248159216,0.5065101238451726,0.2992495911630395,0.1179964457380489
2834,sine,2.0157503245168416,1.7167287053455054,0.21039023199679,0.7635006405759175,0.0398594233352639
2835,sine,1.6502445365755831,1.077911060311386,-0.0904743000411337,-0.3150863965776884,0.1011391328324648
2836,sine,2.0363458269871986,3.758832155837467,-0.2195002211294826,0.119289429641483,0.0565804427475877
2837,sine,1.640328243617257,2.702096837325604,-0.5023861435457453,0.2598795466028523,0.0449101019835767
2838,sine,2.173472915191129,1.8792492107504264,-0.3374538742129651,-0.1413479025597803,0.1020426036111638
2839,sine,0.6542787498438745,2.721986718329394,-0.7244863507723079,-0.652579746244518,0.0295302213801456
2840,sine,2.254873380463925,1.327803344916736,-0.1908175785645119,-0.2099377528335424,0.1143721469662668
2841,sine,0.6296190999669575,3.053367352893617,0.433539838460335,-0.8373677992345117,0.0188164995256148
2842,sine,2.420018100082559,1.8934155961079768,-0.1825608305727829,-0.4211782174334577,0.0921961637017068
2843,sine,1.6288297102725957,3.7049521502263527,-0.4055880530772374,-0.6077101902309523,0.0558736803944949
2844,sine,1.094915658417599,3.949187768782667,0.4198744538830408,0.8696660731651611,0.0288046401031252
2845,sine,2.2807029015046223,2.8607816164011,0.471085720285511,0.7904954348522384,0.0438699601599014
2846,sine,2.796020623739193,3.670110095877455,-0.7015369870578749,0.2176829416858738,0.0819457980602329
2847,sine,2.5001937032424286,1.0621419908972718,0.5465663703903298,-0.3554803802652784,0.0849517470075
2848,sine,2.2921594485115504,2.087243753935765,-0.0954540791476135,0.4194125398857224,0.0512537759710497
2849,sine,2.5173545238761954,3.6940771434750665,-0.6436400018004218,-0.6359718053123042,0.0506155124356028
2850,sine,1.834957443941827,1.9517778935774504,-0.7020840655201505,0.4712073991879448,0.0969464269304632
2851,sine,1.962914415295924,2.030499099941432,0.3177813562965885,0.992308798520576,0.0929588622607209
2852,sine,2.9115901365761534,1.491213041776091,0.1154778987569902,0.0766964315411848,0.1305131143606211
2853,sine,1.8462039896616056,1.5352324118314271,0.7602067007053552,0.5940268948602996,0.0467403532245916
2854,sine,1.5329680740489269,3.961868282932076,0.7238447795259595,-0.8093375152431483,0.0501961527808745
2855,sine,1.3668865500884062,3.539134638867929,-0.7793096133917325,0.4430405203928238,0.0597541104332555
2856,sine,2.6289362474324616,2.6149590422460958,0.1568716169586697,0.1181816844420031,0.0470016050161019
2857,sine,2.506425535672133,1.2649388165512228,0.4187457914359553,-0.7384969524482004,0.134699963229982
2858,sine,1.4852282743676402,2.913301131412733,0.7754520886985765,-0.5802394782285505,0.0329379302905927
2859,sine,2.539090357750482,3.1109964706358784,-0.6529213862717493,0.0133241916336841,0.0701550914978024
2860,sine,2.6172460240368567,1.041725427482371,-0.4306184481375262,0.0535173500540393,0.0753369425336663
2861,sine,1.3353340502178703,2.82608238189254,-0.6386709757398812,0.1463506007399446,0.068889873265464
2862,sine,0.8326456803090296,2.6690796264565497,-0.2182645091809354,-0.6945581735604283,0.0465995710399527
2863,sine,1.6861187951817522,1.9367765026169328,-0.6711701106283733,0.938538147517292,0.0276586721740307
2864,sine,2.049917069171689,2.2971400585852297,-0.1861725267931688,-0.7756597199200121,0.0513967693481323
2865,sine,2.71567430828658,1.1221798100498417,-0.4524164739691576,-0.6218416793397112,0.128232261794416
2866,sine,1.0167432625989026,2.730738389095729,0.6876235042506713,0.0523890143120255,0.0377460370757113
2867,sine,0.5183802453115434,2.110775192843992,0.0912450769571204,0.7785355871929354,0.0231511648028013
2868,sine,2.367389625368638,3.257407785524805,0.3486889686701722,0.9681636125998854,0.10899867106731
2869,sine,1.2624441968318303,1.1856823387356603,-0.5800258977325317,0.019888184170155,0.0614751711513222
2870,sine,0.5519258529342831,1.1588409478592945,0.6021360119832599,0.770118526147789,0.0178044745351973
2871,sine,2.398745004039083,1.5479235287029496,-0.6406648538702193,-0.834249892652243,0.0673133002096104
2872,sine,1.2702389950793216,1.6919776467747418,-0.7140472290428715,-0.2692554352295084,0.0269015748575782
2873,sine,2.9991919403463183,2.680388358248238,-0.4145031769883283,0.4551285292529023,0.1013855732181656
2874,sine,2.280594071480385,2.901709585177352,0.2494838135710899,-0.5397363069489223,0.1254585854689432
2875,sine,2.887453708589105,3.165417993484436,-0.4630717612033366,0.4542654486720245,0.0631263871875284
2876,sine,2.54845635027928,3.940687658519321,0.6567006521587206,-0.4895287775004147,0.1018298841149897
2877,sine,1.814993672585288,1.4047592795390185,0.3046994162193339,-0.6608901471792399,0.0798495714292395
2878,sine,2.951833163500319,1.514805150412501,0.6369984671493123,0.0436177196818743,0.1078757098257777
2879,sine,0.7274948845635418,3.360216554236343,-0.6522498921998323,0.1323299404617552,0.0187423749131473
2880,sine,1.3798300207955063,2.833182468978962,-0.1855744986029814,0.6267227342880459,0.0415056170616192
2881,sine,0.8737358401505553,1.219647140929888,0.0948616202558059,0.893218797280843,0.0192966507743357
2882,sine,2.154949785034667,1.5649010769682938,-0.6543934768722619,-0.0823942240934998,0.06882648002851
2883,sine,1.9692531269304585,1.1586925901656897,-0.4516851249050229,-0.5408090643458519,0.0635383754683334
2884,sine,2.95804297171039,2.257309216197901,0.0893759970686344,-0.1425343553907903,0.1357808223865148
2885,sine,2.404045711508574,2.9030039405773818,-0.7598573343629109,-0.4708298620565081,0.1325910962569688
2886,sine,2.541660059881608,2.9782517595337743,0.3465355195471402,-0.3012029104474989,0.0854453910288371
2887,sine,1.7112075122407404,1.0013296808543548,-0.1214203158611985,-0.1343229368295397,0.0595243981783249
2888,sine,2.8833221287902044,3.3313105902914373,-0.5125215125227117,-0.8746028668821391,0.0480939990458113
2889,sine,1.7869615798176957,2.8765149433710158,-0.0379850269898287,-0.0434447523028955,0.0923939791943242
2890,sine,2.1932739678940822,1.255119710015244,0.4099890725425517,0.1159384412842314,0.1033221500717851
2891,sine,0.9541044623010382,3.6429056582767543,0.2660142968059074,-0.8698901033694266,0.0458516026726471
2892,sine,1.0380316581789208,3.962975867487264,-0.3158586677756514,0.7908302841708785,0.0572040414846365
2893,sine,1.5100992526813175,2.150696092552747,0.0059045983310144,-0.5478196930015693,0.0785919682357389
2894,sine,1.36332227000607,3.3447736330312887,0.1420514948308919,-0.9148953105240848,0.0320946110672052
2895,sine,2.933671246654952,1.342895857893018,0.5022375449070426,-0.8539643348107411,0.1398160877914167
2896,sine,2.90706744782461,3.5272462023312707,-0.605597026381478,-0.3758241606705148,0.048046197581172
2897,sine,0.7197655273647172,3.755879860241137,-0.504483361680627,-0.6476365469629144,0.0184353822317015
2898,sine,2.316543269712828,2.3930950776299293,-0.7763297849357305,-0.4281397955113522,0.0440022757004514
2899,sine,1.561847522108597,3.4801710345625696,-0.7132653014578316,0.5313522155448067,0.0270632492536996
2900,sine,2.5715451081415166,1.958734229405199,0.2184983214996665,-0.4168939931153033,0.1200369641117749
2901,sine,2.0401439181591376,3.440790504133231,0.5442243462658138,-0.3191916521543607,0.0286207654819724
2902,sine,2.650981709698724,3.578529696314906,-0.7208840038990582,-0.7918408000451798,0.0881290360896641
2903,sine,0.9017651646260192,1.1590879954139384,0.1381921989981663,-0.7212522968300281,0.0266664930007008
2904,sine,2.236209444606775,3.2174820258433563,0.4079264865498928,0.5040736552835074,0.0351393259938063
2905,sine,1.579246678371645,2.161107579687106,-0.0651887638550061,-0.2067249656717042,0.0661598542577398
2906,sine,1.2619654797365218,2.915720862340191,-0.6976219683802486,0.953125783264512,0.0344455684985065
2907,sine,0.7514474679824006,2.8330550486335047,0.3255274073506333,0.9606832224995,0.0419384966947427
2908,sine,1.0538608289568614,1.8971168432818264,-0.6263214995214136,-0.0101698880224805,0.026271286117525
2909,sine,2.1782026464253392,2.760368423231875,-0.4747854267658326,0.0323338751210457,0.0585804625610619
2910,sine,1.959957956987612,2.0276876488282904,0.0776192056237707,0.8826340336169851,0.0860782071545907
2911,sine,2.8452217258965926,2.952063142726981,-0.0878805033219473,0.8679168157146124,0.0511168899587018
2912,sine,1.5217895346587356,1.4828840527644909,-0.305856036091833,-0.1783644883356416,0.0631472564137591
2913,sine,1.3333349345434875,3.6849676866674894,-0.7362746670778384,-0.9006062625688929,0.0555077230362843
2914,sine,1.837741679892005,3.2157003122892163,-0.3439343616536178,0.4623459183775138,0.0793793215479271
2915,sine,1.6777349567708548,1.1656331279741416,-0.351853340093318,-0.7962232994169078,0.0478560694026988
2916,sine,2.9625057504470327,3.180429083187712,-0.3729721528653064,0.2895741816642965,0.0796282704412474
2917,sine,2.603206029388029,2.450161572251161,-0.4298296629630416,-0.5410874945646185,0.1479870573377654
2918,sine,2.6162490578015625,1.4864051646044336,-0.7028680719410956,-0.2884754033252401,0.0981561257413113
2919,sine,1.606879483295801,1.8974642129099155,0.183041344556324,0.2126577819006081,0.0371867971162427
2920,sine,1.5539242137280165,1.3682672951341386,-0.6282860686628366,-0.2440790602542464,0.0833329104988535
2921,sine,0.701943723868287,2.731749282322687,-0.2132181573546266,0.0760805025793702,0.0261813386405512
2922,sine,2.044276869340722,2.818878458761365,0.7441511848225972,0.0601891998949224,0.1016385189927992
2923,sine,2.515015514583236,3.4186669656546558,-0.0727672236697235,0.9591459590906566,0.1206548896279945
2924,sine,1.920217771535074,1.83779087247608,-0.455759273960534,0.4483696068165244,0.0959334693085472
2925,sine,1.7037739408427637,2.9852523885193625,-0.1105278526477255,0.4826588532317866,0.0576251071327019
2926,sine,1.6295383370922674,1.812983405449781,-0.6420088523769206,-0.7598381625335622,0.0277175983615787
2927,sine,1.214672150866173,1.6718644050036555,-0.2975085906403186,0.8004179352603853,0.0316392331690917
2928,sine,2.644673016253624,1.358201704343326,0.0048583133894714,-0.5518410648510255,0.0513217342434295
2929,sine,2.1186820717499506,2.9903365262766504,-0.4114575160757332,-0.22250253910796,0.0897786844983632
2930,sine,1.55292699665589,1.3335954393984175,0.589588042911982,0.7564100822552957,0.079975574175673
2931,sine,0.522942276975624,3.522200167469148,0.1972981218016356,0.9983736196800096,0.028300774485901
2932,sine,1.784195786578797,3.2707045704261617,0.5357824859704556,-0.9537561961494404,0.0984377863548705
2933,sine,0.5242737951608043,2.7882531485520827,-0.6920324526319956,0.9899944774472174,0.0230520691402193
2934,sine,2.094731111044525,1.0149202914021953,-0.7851339811029616,-0.0342922451703988,0.0597731957981012
2935,sine,1.0231464839529965,3.543953187113372,-0.4875157521656798,-0.8056576159054702,0.0340817002849418
2936,sine,1.6713856102299338,3.745083223737738,0.6448811096008409,0.1971870626105514,0.0260135724986392
2937,sine,1.191838317013307,3.800741456665278,-0.320306522216796,0.5362637516363571,0.0211542544689416
2938,sine,2.852644412273959,3.666196858567552,-0.7645683487905144,-0.1672672257530782,0.0593404651048125
2939,sine,0.9132067774129772,2.2974808694040525,-0.7372568136006675,-0.6946152822224327,0.0441521223369011
2940,sine,2.6531867520658534,1.401584720372629,-0.0133483708349018,0.8749496290994825,0.1176983185771025
2941,sine,1.5974362698880382,1.049401736634634,0.3192192870097683,-0.7128677913349708,0.0406014522368014
2942,sine,1.1234481049785376,1.8578480419602987,-0.2871942618133947,-0.370342001475143,0.0301505807252719
2943,sine,2.108250076231719,3.221674410320835,0.7699065858378902,-0.120527582210296,0.0740011868301979
2944,sine,1.2086771755102723,1.6382519533154758,0.530945521486963,0.5814872266072137,0.0622385213396522
2945,sine,0.9376549466393403,3.8083851257628094,0.0063506246267029,0.8494603061235007,0.0229096924985928
2946,sine,2.3065139957031318,1.3326929979071378,0.2686249792819961,0.7152709313086829,0.0884921128840961
2947,sine,2.914248275043424,3.89807663956876,0.038495212535764,0.6856287890665942,0.1564008375399287
2948,sine,1.4296457060331025,3.327097071077113,0.0190457962838067,-0.9440566615382916,0.0608282442875048
2949,sine,0.5329357553298221,1.512696758368949,0.0827694713589786,-0.1734474003641679,0.0286811736646767
2950,sine,0.5647179297281755,2.4247573237734947,0.6141874556396951,-0.2679755254382987,0.0274838411080386
2951,sine,1.4071812491356557,2.036485021647645,0.3583127101786756,0.3197611649839091,0.0337409980111039
2952,sine,1.0663083742739277,3.582869481949145,0.2250469003803783,-0.8489301934645195,0.0453144389521034
2953,sine,0.9908618677551096,1.4545595350670868,-0.5881163168390349,0.7315183313568783,0.0561939469148552
2954,sine,2.11002769733934,2.982906368620692,-0.7278505634954284,0.3221883004446677,0.1064734855081629
2955,sine,1.979997072423256,1.9302257218660503,-0.3074602394696303,0.5676193403359033,0.0352645193892579
2956,sine,1.810941000567172,2.358892211925657,-0.5185888009723312,-0.6314478106153241,0.0279268980110876
2957,sine,1.767005190685061,2.5014194973626327,0.2683170211052654,-0.9881301574239056,0.0645190820141096
2958,sine,1.250507350231814,2.578757785639286,-0.4287945742310621,-0.1115042315688681,0.0700747106022677
2959,sine,1.688577694698685,3.730074760334033,-0.210399835749542,0.991907838289008,0.0510077569931422
2960,sine,1.489424146622965,2.782565126632325,0.3237621835406483,0.450326527905537,0.0566847055181911
2961,sine,1.827130975876172,1.7559202453415428,0.7644687211945542,0.199148897977315,0.0867353618456771
2962,sine,1.413442788394473,1.359586829632699,0.3456357052618011,-0.8445731931978295,0.0836075628842882
2963,sine,2.7880410117484704,1.43576402658977,-0.7432751272430009,0.854322234143714,0.078645547916563
2964,sine,0.9805892941346932,1.872458607837847,-0.5576782242681197,0.0462250971654836,0.0350949081502321
2965,sine,0.657544309926097,2.639456140205903,0.4545916229761793,0.4887039830949145,0.0255201835293609
2966,sine,1.8238050215175023,2.636713040461635,-0.1402740292676106,-0.3277985002208765,0.0869026886672347
2967,sine,0.824311218298369,1.254005187088017,0.4877337679463343,0.7325371286260378,0.0438213494196837
2968,sine,1.8398246165629364,3.1686851480752685,0.5964755524760621,0.6106412804622601,0.0578373467906759
2969,sine,2.793613855178954,2.37740247084486,-0.5509136282891964,0.685238179350439,0.0742312495476205
2970,sine,1.9051125813026688,1.4820443642782106,0.301206466217222,-0.8314974035379779,0.1061450597759245
2971,sine,1.2951013056112983,1.9674692088789103,0.0902913567904044,0.7001254682293656,0.0399981747065652
2972,sine,0.5867325486375983,1.4335188405475816,0.5849975380683334,0.9688002872333972,0.0173131553484747
2973,sine,2.466713016162772,3.802352131207248,-0.1233532950602409,0.3957292048793244,0.1198398185990701
2974,sine,2.5850124500140863,2.47563895888441,-0.1701317199396624,0.0694792065968841,0.1172900239147907
2975,sine,2.97537365579555,2.8100308313396702,0.4506455645095006,0.2288205275414589,0.1610079555482966
2976,sine,1.339615799455368,2.8023976712260747,-0.7211910572252471,-0.0963767551861913,0.0457375093160562
2977,sine,1.8720941690685051,3.830675670063771,-0.3601317344490197,-0.8648963711376558,0.0893566573095577
2978,sine,1.2037993211977331,3.4775965169932235,-0.122626007663672,-0.5955662233762753,0.0378351307796436
2979,sine,2.363949134284815,3.253667260511155,-0.7644880443768552,0.7698295839288811,0.08055350871812
2980,sine,2.74919183292465,1.803189355935152,0.2202326234526057,0.549614420471896,0.1183168158085588
2981,sine,2.427649293757499,2.4115435781292622,0.6232627969112134,-0.1119054162738359,0.1015768377916652
2982,sine,2.0778102534798872,2.085876021237652,-0.499243429207338,-0.8013924994961907,0.0550861745549954
2983,sine,1.459802142251217,3.9859975512742567,0.2542967976552517,0.3478590801549905,0.0360682406045076
2984,sine,2.367038207195853,1.0239752213607842,-0.1870992702716495,0.3377086819682144,0.1337770273385628
2985,sine,1.5064358191885412,3.072875809571028,0.6966037637946021,0.291691377218336,0.0556752743629909
2986,sine,2.1596066200502597,1.6179769101359691,-0.7477494458207339,0.7861376592408724,0.0735363914378482
2987,sine,2.7653700232774785,1.7704575231736528,-0.030286910856209,0.9976355518446036,0.1030454033865082
2988,sine,0.7620243561301052,3.47687800169194,-0.429627237089511,-0.7756738002889041,0.0226641268581181
2989,sine,2.4074137434745326,2.53750523568174,-0.1537974013771705,-0.6120819676646401,0.0915571335601074
2990,sine,2.240767542743831,3.659720265014052,0.0672751862574478,-0.5781985885272636,0.1018017165009346
2991,sine,1.3686098424583113,3.9689575605818863,0.4738083734695286,0.3919909466243105,0.0560990613041443
2992,sine,2.466520704071096,2.4086809801136484,-0.6568295024257561,0.9920238578758278,0.0717451870596529
2993,sine,2.240332153299256,3.6358066242719103,-0.2710153748961037,0.8271016820064303,0.0601738074404566
2994,sine,1.7531912412229884,2.860809783461735,-0.0365772543311493,0.8792330630533249,0.0296123108907595
2995,sine,2.619017791265393,2.8827184863159987,-0.5232200634414154,0.4376506524046544,0.0943285236386638
2996,sine,2.823096259984702,2.911149537094059,-0.7505963008491462,0.7114309201923257,0.1385885025275727
2997,sine,2.22920961209019,2.187584187207605,0.1141689264016613,-0.8960311269982695,0.1147557188047596
2998,sine,1.3714289554540189,2.448176043604672,-0.4679444763656104,-0.1898824340150884,0.0774973590404417
2999,sine,1.8704280002909923,3.7115221908087976,0.6425548137589288,-0.1251541239795774,0.0874277308807621
3000,cosine,1.5106178858158437,2.885142874118536,-0.1518894477926089,0.7016118440537873,0.0617863433353984
3001,cosine,0.8489260385723012,3.225953389776203,-0.6842869039368505,0.7221742211222297,0.0248766001342172
3002,cosine,0.7937023773569608,3.401389864392007,-0.1849095776285446,-0.4249195077318355,0.0165572691917835
3003,cosine,2.3295920725868493,2.868331384014299,-0.5210402131359593,-0.1227603227423745,0.0684125268301011
3004,cosine,0.5704179918944525,1.077880237492886,-0.020838197959869,-0.873525774495864,0.0173692843758247
3005,cosine,1.0244767674093316,1.3962627912000178,0.0986483651698698,0.1359452583428677,0.0467327144345802
3006,cosine,1.3496445351388304,2.358705763969382,-0.5424302957266265,0.4333598060908681,0.0432310867804186
3007,cosine,2.3108893984430683,2.39204569460582,-0.0962199095074085,-0.1571994830529601,0.0773463948354079
3008,cosine,2.0788461317112725,1.5029306494896777,0.2203143513464962,0.5305581169908373,0.1148488652284885
3009,cosine,2.1968871991143093,3.9113807383565296,-0.5083852181718003,0.0679425009735588,0.0420230110039268
3010,cosine,2.175593213499127,2.96613081457274,0.1086636139228488,0.8200358820916751,0.0403728419171077
3011,cosine,1.4930283897343697,2.97570122184712,-0.7126277222195979,0.4802960389582524,0.0687234578559285
3012,cosine,1.2021462552725912,2.101246555928244,-0.7776118084189454,-0.2678994832115491,0.0450509758310791
3013,cosine,2.82828997323338,3.4116024621749883,-0.1496542447010227,0.8097839118396939,0.043810172532272
3014,cosine,1.5660874426366072,3.704699681576144,0.3006830119743169,-0.2507371982969988,0.0684119764040999
3015,cosine,2.181778312305582,3.6850889132942792,0.6748982047741452,0.2018557639153315,0.0757201386564908
3016,cosine,2.5630216855792423,2.394095166069494,-0.6719969594552686,0.6379736988574571,0.1325875044347258
3017,cosine,2.7896272146686587,3.790711445867336,-0.7667746034435847,-0.926880457322038,0.1474382496505776
3018,cosine,0.8236369045189171,3.677391746795092,0.2775293038876916,-0.1284577852157502,0.0272985483810246
3019,cosine,2.029975527686031,2.896019462644888,-0.2277655381411717,-0.7847099646860356,0.0953856407393148
3020,cosine,2.6064597588586005,3.0171165822815738,-0.6925392060419795,-0.3891273989347734,0.1260247073778859
3021,cosine,1.8602782300800789,2.3822893322485514,-0.2274960540724925,-0.2399790481162431,0.0508413030349223
3022,cosine,0.5716281435979569,3.350386559397237,0.2687109181177327,-0.3093669590759389,0.0153032379023479
3023,cosine,2.118048382405461,2.12009946706049,0.7327692576645961,-0.1613729583343344,0.0670043358018355
3024,cosine,2.0963561403700126,2.979908352054731,-0.7408512260648383,-0.003730752354385,0.0578241342800492
3025,cosine,1.9696459995256297,1.8507701309379485,0.557239514031409,0.9350706648016304,0.0328269194718101
3026,cosine,0.802975315665282,2.383675641653309,-0.3716835422560434,-0.714318215422532,0.0331696006779176
3027,cosine,2.8672417050109025,2.864648582518173,-0.2026428495917541,0.7941368526899437,0.1079478704921445
3028,cosine,2.1095465861640887,1.8854932646451328,0.5818525496911089,0.1151071821541143,0.0511153224049684
3029,cosine,1.7524428477581273,1.9530764363092936,-0.5232794669747165,-0.0606611628569178,0.0854497306069269
3030,cosine,2.244819489423098,1.714696121767501,0.3024917201798276,0.6989962948921977,0.1289645251049035
3031,cosine,2.4432713439952254,3.911862475253753,-0.5240593538277523,-0.6822113643244145,0.0557512600082153
3032,cosine,0.8840798705743951,2.726716602051007,0.6320627701348867,-0.1579637473615778,0.0361876273047435
3033,cosine,1.2115231108357036,1.7987711060113267,0.2598042599532242,-0.9093261965361314,0.0434596012708272
3034,cosine,1.947776314587645,1.819064949865496,-0.7776046265860032,-0.6632091377400897,0.0879527780507805
3035,cosine,1.230318019427811,3.844379440227352,0.2418460007308698,0.2461120344390075,0.0594537893591182
3036,cosine,1.6084488969159791,1.6655212759040077,0.4896965828631665,0.465585988090796,0.0586859722625816
3037,cosine,1.9992176321859343,1.931658651893656,0.487050056774617,-0.3191839033533736,0.054208273696397
3038,cosine,1.1096959268574798,2.3352583258488653,-0.7716608073146899,-0.9422613285139192,0.0264650965093839
3039,cosine,2.2301040491880304,1.4079505133661303,-0.0632946684853742,-0.0296668171342737,0.0386701793294116
3040,cosine,1.2129378323644713,2.2633553331794354,0.4235349728350366,-0.9500201509283024,0.0410510633052586
3041,cosine,2.704741607627901,2.2254078682975518,-0.6239059520040352,-0.6794405787815654,0.095085711835781
3042,cosine,2.509491409055396,1.0723827569478217,0.4095910241931482,0.5515011763020643,0.0414559667652628
3043,cosine,1.8237812484067335,3.930045994000604,0.469615865024287,0.8869968761006186,0.0395747206643055
3044,cosine,2.9404983330203143,3.0413647154203165,0.6770506030888048,-0.5879668327350556,0.1488981244621176
3045,cosine,0.9793897011618456,1.429336355839732,-0.3316655149903149,0.2336621998528882,0.0136673004904537
3046,cosine,1.9574827800231152,2.0726111080617757,-0.1321971333046049,0.7021945883475837,0.0757807687005492
3047,cosine,0.8781792715495463,1.5554671004805654,-0.6862946173430524,-0.3847002441491067,0.0435839568112456
3048,cosine,1.9817124242300723,1.4520624044901904,0.62152970766965,0.0620088102995854,0.0665916005007857
3049,cosine,1.464849512544252,1.6105892758020863,-0.3962654256809284,0.2051393014493887,0.0693563640776551
3050,cosine,2.6982141371087844,3.915059017104381,-0.7840013591377943,0.0087414716026981,0.0535446590615658
3051,cosine,1.8347582598666907,3.698165767110583,-0.271528431339935,-0.8723604300886811,0.0390312581136083
3052,cosine,2.314496384593693,1.6640484122960872,0.6033461308199017,-0.5518135411562848,0.0338094459137526
3053,cosine,1.680560893785063,2.953828724886719,-0.1776957033526209,0.4523181901181021,0.0699507555583532
3054,cosine,1.3789395570654397,1.8644154236911392,-0.1034523860852286,-0.6182496369534396,0.0469951883755295
3055,cosine,2.753625927190427,1.3498171979373397,-0.7373653521938432,-0.6324603302083243,0.1204537964872965
3056,cosine,2.1110381845784767,2.770114306815467,-0.3521037557087574,0.2726036827829765,0.0972654536000298
3057,cosine,1.9692234145457088,1.5458520244752063,-0.1795351456496414,0.971571426691454,0.0759910382582548
3058,cosine,2.104717407519792,2.4542640496409645,0.4631076883627203,-0.5423447034833335,0.0890799299355746
3059,cosine,0.8181480807536041,1.7041278006784717,-0.4317486472118979,0.5036098556899338,0.0435329181826005
3060,cosine,2.5994135508980456,3.959843438469108,-0.2284478123376837,-0.9372523405176968,0.0445616215360116
3061,cosine,2.4282017579733,1.1529836188587428,-0.7029863610218346,0.1348177700739177,0.1136060000502104
3062,cosine,1.8645746242952856,3.174764895723312,0.5039048661964969,0.260705983625545,0.0289750492594164
3063,cosine,2.2630454550383226,3.759893682734961,0.0809463779128484,0.3205074959942171,0.0764995088592307
3064,cosine,2.093452168320161,2.9347036129076147,0.6607554383027923,0.1504053663032833,0.0373355188922862
3065,cosine,0.9006288418172874,1.742714965215581,0.5680799204274491,-0.1570307662346957,0.0132755052357502
3066,cosine,1.9243777950908096,2.0126558766138998,0.6664421377654108,0.3965620238954397,0.0896872407713892
3067,cosine,2.3617432869512704,2.184685965523239,0.0902830607215448,-0.6770762420136023,0.0584078741107503
3068,cosine,1.9337256808618373,1.7678858211101558,-0.0205222271723167,0.885143075888476,0.0504788341123112
3069,cosine,2.5476731592631587,1.3714898693287312,-0.6097793981568299,-0.2095847757547184,0.0742882788088109
3070,cosine,2.638608156906335,1.6881040002458714,-0.3889332786236997,0.196665421615124,0.0546775986480618
3071,cosine,2.6076783556703163,2.032817052584271,-0.2736464851366609,-0.1296329902650177,0.1094691588667105
3072,cosine,1.697852596558402,2.6401187507859927,0.6516652443649649,0.0689072948653117,0.0741281813936283
3073,cosine,0.9372359926610848,2.439148406518873,0.6656382302108828,-0.2480466880561362,0.0405904785476883
3074,cosine,1.3600840383354758,2.7951644609927,-0.6290474407023644,0.5263299629762048,0.0291825425020225
3075,cosine,1.912806539807872,3.727198735761704,0.061576594455623,0.9990548523735324,0.0506522554266063
3076,cosine,1.840487053554749,1.5242737962571118,0.7052964378745548,-0.6241925113782485,0.0728629859356609
3077,cosine,0.5376595238221106,3.357658904415497,0.6878190116638585,-0.4650637978990219,0.0114665704310596
3078,cosine,1.0121250788162608,2.911084256354333,0.4221780559617878,0.6724632534014208,0.036901354811448
3079,cosine,2.8980813069076072,2.69564844607244,0.620497962447381,-0.6541407494755223,0.0529155959548774
3080,cosine,1.111460486975269,1.5710562357462736,-0.04114517789447,0.8982743070307735,0.031226837768902
3081,cosine,2.626531339449086,2.585216850571918,-0.0440072371504612,-0.2398027516716105,0.0754356939926696
3082,cosine,2.896771759737079,3.1519315535105,-0.7306402052128446,-0.839648520441238,0.0783070746280042
3083,cosine,1.9451140265861704,3.149596612147721,-0.0747574859556173,0.6299813318039704,0.0605767267028782
3084,cosine,0.618031375696779,1.673248956611571,0.0864914589261243,-0.8382014602478214,0.0260787039737765
3085,cosine,1.6448511528375829,3.760855944383068,0.2102822305871416,0.9704269114193238,0.0376287614729071
3086,cosine,0.9443211762178289,3.9453424878888783,-0.4040761773266586,-0.9542013315443016,0.0382704508896766
3087,cosine,1.9317115133500424,1.6153452371149328,-0.5635523981116706,-0.0597197613400748,0.1056447717056289
3088,cosine,2.642000568443944,3.449297260643561,-0.5861434489161655,-0.243328493489739,0.0413743213754621
3089,cosine,1.15442089033337,3.307014352696386,0.2827243572337077,-0.8451594063585521,0.0273815761540369
3090,cosine,2.3897132489650077,2.414937263472437,0.2025791658445425,0.5382684098875381,0.087015179839892
3091,cosine,2.285804813343192,2.5619240121539155,-0.3902152187054554,0.661114108339198,0.0854996714592975
3092,cosine,2.7572883307861837,1.404792163313938,-0.2577092897688452,-0.9396792801416918,0.0452781666090964
3093,cosine,0.7691749060478434,1.8064057435219232,-0.451691829661502,-0.5736242910559608,0.0288387177575408
3094,cosine,2.844596142058169,2.876125094566949,-0.4966847915761025,0.7398695936116584,0.0853788868262561
3095,cosine,2.0867995759500078,2.650576087558529,-0.4609450362604743,-0.9435864441259264,0.0696932767828454
3096,cosine,2.0167677687704426,1.610768524642878,-0.2635437813213561,0.028389936097612,0.0749657677801715
3097,cosine,1.1266895778086297,2.172888605753428,-0.2058656657698909,-0.0830320484676394,0.015855311746784
3098,cosine,1.3721612788195552,2.638906492011027,0.4137228330934734,0.351328920150517,0.022916284216931
3099,cosine,0.6910293734568955,3.6470062066897695,-0.5810641230095511,-0.9950279721130716,0.0339484127393739
3100,cosine,2.9734453503924576,2.194296601183676,0.1163992143532607,-0.6869417383908212,0.0900811025222321
3101,cosine,2.339926584182745,2.7267326989605127,0.1148057338102187,0.8907436013020027,0.0745834156123909
3102,cosine,0.7815042154215508,2.0005990598671906,-0.3718524279251333,-0.4000566164963171,0.0300636941841274
3103,cosine,0.5258569626277749,1.224217630260675,0.2559837348760045,-0.8690595298545936,0.0189207112710532
3104,cosine,0.7722448795782745,3.246120739497941,0.462659042914977,-0.4860203708126789,0.0272451814845462
3105,cosine,1.933120657926676,1.1535652677270047,-0.1845923001907142,-0.7664708886070992,0.0440164911255815
3106,cosine,1.4892922860613278,1.25761843024224,-0.1302341363069215,-0.8517858456073437,0.024073790649677
3107,cosine,1.2593932141747428,2.123871798599556,-0.3260578919855147,-0.9735412196693076,0.0406492801447592
3108,cosine,0.785553543212874,3.64822178793522,-0.137101019545235,0.3569652457210903,0.0194891961217789
3109,cosine,1.924870399961913,3.4325853547915237,0.4419929173219301,-0.2785714109947914,0.0506321607472421
3110,cosine,2.042914871136462,1.1698144738686067,-0.5026810863782852,0.5769521958708916,0.0602477668845041
3111,cosine,2.83152444126372,3.1302768669772147,0.6748438463266022,0.0073778710151821,0.0898361768399535
3112,cosine,1.810488782169136,3.143558726298897,0.2502698724805172,0.976075472465215,0.1021496351703088
3113,cosine,2.1849825809800265,3.796575371334365,-0.2120246083035109,0.6385349651373664,0.0984212960664943
3114,cosine,2.047443224089223,1.4921552873955806,-0.7790878152458123,0.271608888285539,0.086468721072219
3115,cosine,1.3502715314385492,1.9085814568638488,-0.777904815587468,0.9524795430036052,0.0527329789424438
3116,cosine,2.5806968780738013,3.1521810062038407,0.6980230276916546,-0.1107855056235536,0.0848379869279663
3117,cosine,1.4260443841432142,2.566567854487024,-0.0398608344050636,0.4500183459258311,0.0499742849593486
3118,cosine,1.4022280886942704,2.215787718748253,0.6793957446326073,-0.7174699251116463,0.0251784308190009
3119,cosine,2.6529869081271817,2.256308185506644,0.0514669464043325,0.6473352303179569,0.0951067549848658
3120,cosine,0.9902936368226732,2.360957109406866,0.7336072317717115,-0.5623919218032831,0.0152195121313753
3121,cosine,1.7552254766520512,3.4028540100190914,-0.2232789466447833,-0.5422880633576135,0.0810558822524085
3122,cosine,1.9540651696450408,1.3245742811146068,0.3037762431766861,0.92485643676164,0.0831326580390819
3123,cosine,1.2574711511358487,1.0028329537509495,0.6918677830113942,-0.8671719871652515,0.0462076863590816
3124,cosine,0.8103251201820103,2.0992122253028445,0.3848280775040975,0.4654888471348393,0.0423669423145036
3125,cosine,1.25684708535509,1.0555825364403204,-0.2338453543593139,0.4861117605480733,0.0275662941412483
3126,cosine,2.826817979945261,2.53945604269759,-0.5949439268465888,0.485815687674396,0.0713725817423364
3127,cosine,1.51079351145123,3.246050445202724,0.1353224354093043,-0.3099218918126696,0.086641574079155
3128,cosine,1.9322704001229123,1.845267864628812,0.2366910795742018,-0.7934979119193604,0.0543191024822214
3129,cosine,0.5160921270636314,1.27680609025902,0.2462775437601281,0.114671828015058,0.0144648660225482
3130,cosine,0.575429640773525,3.341330229957108,-0.335340290973386,0.6464646366862314,0.0196248416110469
3131,cosine,1.1530524478858923,2.544995843003001,-0.395285168369055,0.880731457466911,0.0433145346784629
3132,cosine,2.595188399647217,2.599853481227215,-0.5590765341249676,0.7392002136376139,0.0649140702193964
3133,cosine,1.2096546357247355,3.9539583025633434,-0.2903125938520594,0.3226320367361788,0.0447191905515689
3134,cosine,1.7559246216508633,2.9690103641502184,0.3597814477844456,-0.9828178783658784,0.0477809464011184
3135,cosine,1.3929958783777123,2.928481413045948,0.4370069682115549,0.1216972024029938,0.0450576537563313
3136,cosine,2.96176974560817,1.9414916763178995,-0.6999564540378945,0.8933610909048335,0.1421000612914712
3137,cosine,1.8747991772955768,3.84195409824868,-0.4334494230683755,-0.6222035316217434,0.0479320233010441
3138,cosine,0.9330282757597664,1.5695339766958472,-0.2043428518960701,-0.8879774034257104,0.0513590713249571
3139,cosine,1.8611104710463495,1.501207150613997,0.4616271552305238,-0.5854966406728701,0.0939442173197871
3140,cosine,1.7790840225139757,2.3371221342795736,0.6067041185168973,-0.2523314873832063,0.0442568121494959
3141,cosine,0.7960038789986541,3.3978052272510446,0.3137861332756793,0.9303344522740512,0.0370631061196308
3142,cosine,1.574874575754383,2.900946053728279,-0.75760451258399,0.4126626428406128,0.0564648308574963
3143,cosine,2.655919771601254,2.9796312349225245,-0.5605191174393035,-0.2118110600618572,0.0707667619138397
3144,cosine,0.5210721772162387,3.4945327577513474,0.7790028061205481,-0.9565941471874956,0.0101719119445569
3145,cosine,2.41852374377178,2.260960650650042,0.3722419502006704,0.1877345274148729,0.098959353024434
3146,cosine,2.020728042300399,1.8187744498430536,0.0660112415524533,0.2556511871266667,0.0309596153202528
3147,cosine,1.6704295381692904,2.2862976382728157,0.6627236279960336,0.3742580272251752,0.0676227024227184
3148,cosine,2.494192316712049,2.9254239448148764,-0.1062794157838653,0.6189466090285287,0.0829902531734533
3149,cosine,1.379654328362907,1.316644846543153,-0.4158932504206378,-0.7045014105644378,0.0572249123381109
3150,cosine,1.538317710265401,1.2757339052127472,-0.7563760656449172,-0.0930709508572582,0.0257314360480039
3151,cosine,1.9255062424317693,3.703934340579026,-0.7633649354916472,-0.1444680054816545,0.0598103014442963
3152,cosine,2.151199772298419,2.487337487056076,0.7620378333059719,-0.9651478553079949,0.0507602368633473
3153,cosine,0.6687579386604374,3.822465640258352,0.6880290357438454,0.9675768766994896,0.0137537268488038
3154,cosine,0.6431734154414674,3.983292006776276,-0.685914613865858,-0.9551001253269156,0.0189825618752461
3155,cosine,2.8869645342827224,3.606851392192768,-0.600308433927905,-0.231512680969455,0.1264216174913986
3156,cosine,1.4774006931689905,2.70454216005417,0.4928546461452336,-0.2752323471057509,0.0719367806979943
3157,cosine,1.976110644244091,1.3606292804765854,-0.5332471372762447,0.5325897476846424,0.045269727904986
3158,cosine,1.5071552231802514,2.636787464434809,0.4610586486613055,0.6280658098299896,0.0782416415023593
3159,cosine,1.3586742113323187,3.3364786388090355,0.2705762157826537,0.3360523928069039,0.0230653005276903
3160,cosine,0.7297708183895752,1.4061783926313096,-0.0079139689132039,0.8313461662554171,0.0240042533664619
3161,cosine,0.8813331533311135,1.88558431750076,-0.2411420137837392,0.8900201119727524,0.0388320819420283
3162,cosine,2.453774293140136,2.1617178307024023,-0.1007725622263938,0.9066183988901702,0.0747810713007566
3163,cosine,0.9414316857127478,2.4530776269132133,-0.1404840814810075,-0.2247419904711707,0.0284735113816483
3164,cosine,1.4407705386275689,1.4079006675178274,0.2791351759088827,-0.110363848160244,0.0202732696572966
3165,cosine,0.8337094447812725,2.04698886856558,-0.0954781898881337,-0.9233742279902182,0.0296081512188809
3166,cosine,1.1005359863660376,2.7292892253736456,0.53500468786345,0.2187991950469416,0.0467353652043507
3167,cosine,1.1893844843100123,2.395420776632279,-0.3451432786379407,-0.3829196452986878,0.0534470737583886
3168,cosine,2.0762306224323472,3.887196708258805,-0.2572753560383606,0.4996472850457423,0.1079107369068343
3169,cosine,0.6729412973183453,1.6635510031717708,-0.6932460887877072,0.3686664273352222,0.0096763172347765
3170,cosine,0.8387730330589322,3.086049372559036,-0.7695369885123499,-0.0170753873016944,0.0290905661258113
3171,cosine,1.5363592280296252,1.5180696567374945,0.5468479272856268,-0.2733098667147957,0.0495127359691009
3172,cosine,1.77620234372583,1.8986650346059453,0.0271841346176585,0.8247071627613782,0.0875099764003438
3173,cosine,2.1077993379731943,3.022465896706596,-0.6904460832603482,0.9063435060808922,0.0837247823527209
3174,cosine,2.563595725285092,2.7795095603612467,0.171095890448317,0.9687287628013356,0.0520796589847152
3175,cosine,1.6444599272826992,2.373464961852328,0.0520975908669836,-0.7394663740192704,0.0376469794647034
3176,cosine,0.885605741244156,2.570630154569028,-0.7396861751382467,-0.0400051358294728,0.0234595456616549
3177,cosine,2.4723504537542143,2.3425464015191326,-0.1816876591644528,0.3251929057063754,0.1203089157933829
3178,cosine,2.0209817186971946,2.960150408550154,0.3786010074389476,-0.466086795714415,0.1061598773040789
3179,cosine,1.4521578305234049,1.875449019989634,0.6843240552511025,0.2654612451271343,0.0255553283084637
3180,cosine,2.2257337005071243,1.0513498043198624,-0.0599335810322485,0.0296967444402715,0.0862526902979988
3181,cosine,2.2650488957587114,1.5061899430392187,-0.6598703846220911,0.8825404029178925,0.0327895475223483
3182,cosine,1.284951056933751,3.24336204008232,-0.2877186005220811,0.124252115184096,0.0563958500997982
3183,cosine,1.3361311125346285,1.5019800615379426,-0.4488805824013136,0.978623090748199,0.0507690199907979
3184,cosine,2.211489913815957,1.6890531574856191,-0.4633323759208019,-0.9580257017696696,0.1198573628519683
3185,cosine,1.5580124874454275,3.253543329445677,-0.7260967778087091,-0.2598134979075515,0.0480240089801733
3186,cosine,1.1920563026665287,2.607751736504297,-0.4934880793312701,0.6395385207649746,0.0519175374223307
3187,cosine,2.7370554807213834,3.0972442424390003,-0.4468054040200416,0.070054229494062,0.1417705727223669
3188,cosine,1.1986677636781933,3.813025960494946,-0.1994654761876285,0.9736670821500985,0.0389785561208598
3189,cosine,2.5748017072300886,2.0591866713997047,0.5765165731198669,0.6497954721383754,0.055422051117886
3190,cosine,2.4995265002359117,3.858134987389769,-0.1219322134927721,-0.2142485452059799,0.0400172535950763
3191,cosine,0.5004780970212517,2.8509409844537705,0.7542046818386112,0.6963305129520714,0.0100816894175351
3192,cosine,1.546145198684728,1.6713554526045589,-0.1937003609067151,-0.7843512602223752,0.0404800426596755
3193,cosine,2.869403330049065,3.965719929941102,0.1319788294129628,0.6948735852212704,0.1346707878480098
3194,cosine,0.8630956060686091,2.2460974520368477,0.3443225717190785,0.5209080951279699,0.013438634315061
3195,cosine,1.6082504364333436,1.5435684984622144,-0.520041176090868,0.5871725399008199,0.0897425405444042
3196,cosine,1.7332630781972136,1.5992156064470984,0.7580725256335146,-0.5678265998568692,0.0939416343210967
3197,cosine,2.007896391418021,1.6205896005803369,0.7102043039700905,-0.4391906447960976,0.0438622679433375
3198,cosine,1.9024997940289172,3.863286936704053,-0.1413143410322587,-0.3109499905011117,0.053646176871266
3199,cosine,1.5029071752896124,1.8348802918482936,0.1208917134291565,-0.5604360078429484,0.0413152766481121
3200,cosine,0.6822520120805288,1.0940402509740428,0.0580308110657993,-0.4772537080280636,0.0263322922560698
3201,cosine,0.8755639185166435,1.983926522835587,0.158608355917191,-0.2466762163091997,0.0170887653768875
3202,cosine,2.680649741129366,3.9746020542558287,-0.3766451644178869,0.5786708321761003,0.1333518261931994
3203,cosine,1.326710667873327,3.016219841113651,-0.3072440054075755,-0.970051965989148,0.0473828110856303
3204,cosine,1.462721629842182,1.305621465507611,0.1305103890205263,-0.8348254258151409,0.0350947657428124
3205,cosine,0.5412304933856698,2.189464641354765,0.517897157574507,-0.1377250584120022,0.015176515132076
3206,cosine,1.7117810434650615,3.035764400439521,0.1196783117546322,0.2180623203452647,0.0831723424846753
3207,cosine,2.7655052837042997,2.366788316847388,0.0682021270236656,0.2640197190384954,0.1280865522851234
3208,cosine,2.2014291422020613,3.26117517156273,-0.1011945329066525,-0.7750216382263264,0.0345414836631748
3209,cosine,0.6345594324387761,2.300185425030812,0.680775764693029,0.5548058199915411,0.0234104291590814
3210,cosine,1.0051570279761468,2.3143343936252383,0.3269134330536556,0.0928829971359017,0.0341635991711399
3211,cosine,0.6844165134801232,1.8154591584580535,0.2562189338935015,-0.6994645791308238,0.0228465641594101
3212,cosine,2.704531981500008,3.164421146754397,-0.2625002495582695,0.5142493864136657,0.1529385998507789
3213,cosine,1.3886784553752614,3.4063288601458885,-0.5722787679864874,-0.3378503671465052,0.0606547305728219
3214,cosine,2.5292266388462266,3.2988997158425875,-0.6872403150248577,0.534915512743948,0.1179527932157751
3215,cosine,0.922409958160249,2.963138703636316,-0.0311131432198266,0.6933004435295882,0.01523886013017
3216,cosine,1.884729586896952,3.120603345589244,-0.7491385503101694,-0.4927911263626054,0.0592927717395191
3217,cosine,2.914067717951146,3.2494658185412177,0.5019381741584525,-0.0613587211524493,0.0557529323599299
3218,cosine,2.1796778478202974,1.908602582685294,0.0254080411162449,-0.2586314288227438,0.0693476192500929
3219,cosine,0.8514249772278993,2.4640809258870515,-0.7278826354486759,0.2506425354745289,0.0306874943024627
3220,cosine,1.081957719193994,1.143956461005547,0.141440107099538,0.6872881686490722,0.0211314800746777
3221,cosine,2.469425010773225,1.1763113327237975,-0.1116006526330054,0.4726441033936865,0.028582679144347
3222,cosine,0.6379685538085063,1.975350416906084,-0.6642283826450931,-0.5116892656686938,0.0188428509358065
3223,cosine,1.2331430028249928,1.9382843577843687,0.3062313552169471,-0.2451679205785959,0.0335442660022438
3224,cosine,2.553488607894655,2.201048792497321,0.6127476499752613,-0.1151781647061518,0.1200960753038882
3225,cosine,0.9371218085963652,2.31775650690481,0.3826550489371254,0.6435408983837949,0.0181087700775552
3226,cosine,1.1986829097569778,1.2476222645067696,0.4270065630461657,-0.7382152776559137,0.0151627523786927
3227,cosine,2.97007856208742,1.6211186711978247,-0.029538440024539,0.8145876473144744,0.1157881709119672
3228,cosine,1.9940881366790888,2.1217148243647967,-0.7578120182691344,0.4274968618503034,0.1049413547871166
3229,cosine,2.6616523743728706,3.784166292998141,0.6304011959130422,-0.1340380476293057,0.0477532394667845
3230,cosine,1.8414682304338008,3.612329423853495,-0.593442514282402,0.0662467374823843,0.0759157141282674
3231,cosine,0.8606645136974154,3.051922910557466,-0.6519870645401893,-0.2452059616946338,0.0367819587473984
3232,cosine,1.2655349031751515,3.495028863611876,0.7427646027127872,0.6950700903150606,0.0426404054627943
3233,cosine,1.2895208217843044,3.269259149388924,0.4315370036817676,0.5313754443490124,0.0242305570568812
3234,cosine,1.8053369634629264,2.634365332459918,0.3250202159904813,-0.3083061907839126,0.0937251629101624
3235,cosine,2.506745432350316,1.8679051560051656,0.7699723303828439,-0.675892695896908,0.1038237349210931
3236,cosine,0.776900887498762,1.5194628447458454,-0.2464643508899906,-0.8338039115109792,0.0323016705348759
3237,cosine,2.136323297206866,2.53090376646633,-0.1894871170137655,-0.0561554955447538,0.0839059549490228
3238,cosine,1.0299838003181565,2.318171073908746,0.1242238877290274,0.9159793328541864,0.0519020674055005
3239,cosine,1.4489062810280298,2.757426740229312,-0.07699863454776,-0.5531610412132422,0.0483396902388916
3240,cosine,2.0801253061155425,2.772896382160874,-0.6065675987693925,-0.0732215977780492,0.0753812518999062
3241,cosine,1.868482196926748,1.9669048262461808,-0.4825666648998446,0.0551209487729034,0.0893130877545624
3242,cosine,2.2006899391469736,1.6465849669214647,-0.0956522292501146,0.5262438913613365,0.0600704700531741
3243,cosine,2.636759569329524,2.101440887881137,-0.1702691345000707,0.0096413003120434,0.0654097314573083
3244,cosine,2.8707119490553223,3.90589711761317,0.2570655188975075,-0.9382965013926892,0.1267915100970658
3245,cosine,2.3285564154946297,2.2757636682220284,-0.0622520990575291,-0.8373130162630547,0.0926475465447909
3246,cosine,2.262311686441405,3.1288683281535894,-0.6180426107420628,0.3029212051671701,0.1275546487382086
3247,cosine,1.8071736925785316,2.4327609335559446,-0.3390364557406259,-0.4203884873409111,0.0462301161398195
3248,cosine,1.341090078438662,1.041123976746042,0.1081865352187224,-0.7989821841788609,0.0142678305475615
3249,cosine,0.7099629995960245,2.708396863151836,0.2746504445990636,0.8315973399269365,0.016905231869947
3250,cosine,0.9836984560058176,2.3276166730389853,-0.2035262650631848,-0.0915494250754871,0.03032300391601
3251,cosine,2.439014138984182,3.977614391583235,0.5253156699941972,0.8410942820959708,0.106852251593663
3252,cosine,2.9446212171723096,1.8375095782378457,0.6667292929553283,0.5610771874987492,0.1203801711048405
3253,cosine,2.75579065037182,1.8453377604011856,0.0804336842683668,-0.5657539603564274,0.1444298375248994
3254,cosine,1.2704792857185283,2.0848531639746595,0.1858025689836278,-0.3799688084704542,0.0509982483040036
3255,cosine,1.8339189323353544,2.704267031133971,0.7044089205482016,-0.2776901297910028,0.0757732900458637
3256,cosine,2.683337491258684,3.828152515035832,-0.360403500947531,-0.6086784920470674,0.088821090467214
3257,cosine,2.2743644619663943,2.039091981224997,-0.1758126280045995,-0.0504987039874589,0.1187290277164214
3258,cosine,1.697173775985748,2.619325393325702,0.1767195871046071,0.8553158621841481,0.0508502861011917
3259,cosine,2.7959167171261594,2.9022907356262597,-0.7190602187124882,-0.3987029786278366,0.0728879779666821
3260,cosine,1.7560898434994816,1.1354837278373466,-0.053903192254066,-0.3703572398145631,0.0349670246417531
3261,cosine,1.3289900230785772,3.744720743998703,-0.1799480466181384,-0.8242305067060234,0.0268182816666467
3262,cosine,2.964396245355597,1.6280379916361565,0.1486791983354978,-0.5431584643567515,0.1417287336899967
3263,cosine,1.8371934466278688,2.3030399006227613,0.6122855144833166,-0.2618718079935949,0.028896465154064
3264,cosine,2.238110097655546,1.1726305996543664,0.1044305771484183,-0.4832326185545046,0.0562549796670933
3265,cosine,1.914507643239408,3.2152412231996066,-0.0301724461126838,0.9964711825607536,0.0452908050331759
3266,cosine,1.780321867117081,1.678118986072265,0.004460830160429,0.1184595395487733,0.0837618903154043
3267,cosine,0.9408868707422586,2.661577145466413,0.7630286745423895,-0.82098921225005,0.0160370770812305
3268,cosine,0.9255693777504944,3.622152387992071,-0.4293626192435693,0.0943661482042181,0.0229966398733353
3269,cosine,0.987077153441442,2.1277791246524687,0.2490796210371055,0.4880555289506172,0.0311528123897531
3270,cosine,2.701551924366824,3.3981194481082717,0.2206530263162986,0.1137008021222867,0.0414520374428081
3271,cosine,0.7297088402654174,2.9574125981874704,0.6056010682369082,0.0382848342410544,0.0231424121411921
3272,cosine,1.594382194996414,2.338914214254568,0.6503959839985636,-0.4717956292503127,0.0396654520929951
3273,cosine,1.2731631840613322,2.0633211896183736,0.1664601039560505,0.1858480478812938,0.06440661056048
3274,cosine,2.370804693604102,2.6272198356841034,0.306510451639969,-0.3123727369750002,0.0602490619411017
3275,cosine,1.5318009936242958,2.4862374468014643,0.7784184398431109,-0.7825854070155136,0.0531071647095183
3276,cosine,2.987639509886028,1.6585421893922052,0.1325329416365116,0.4961273709128806,0.0921692599607443
3277,cosine,1.586816411850029,3.880917340675837,0.1090952820037184,0.5417491046179337,0.0655335095219019
3278,cosine,2.287623487766933,2.304246788176424,-0.518959376708512,0.7058818506648996,0.109421470940255
3279,cosine,0.6836452691191603,1.5601994382257192,-0.7476748666218024,0.1704001327640627,0.0218688382364876
3280,cosine,0.6611421300926502,2.602160354415247,-0.0172502398794444,0.5544189249267921,0.0182902459155508
3281,cosine,2.5663720254810287,1.9886480797049615,-0.2863641610639229,0.8068721527505043,0.147256003148353
3282,cosine,2.715540789812869,3.349445960033942,0.4902926641323823,0.2217326381834723,0.1092930635761229
3283,cosine,2.361428306905837,1.5478210890949535,0.3388353701394488,-0.7006239919265993,0.0482952225401614
3284,cosine,1.2822600402280866,2.2538760143354297,-0.5262090469818934,-0.4930897263573188,0.0414547149059507
3285,cosine,1.2066560591811932,3.48638832076274,-0.0668811488315946,0.5362306842042923,0.0253264441100767
3286,cosine,1.1428434625783217,1.094843487922228,0.5247325105073062,0.4098547839800732,0.0406566209922347
3287,cosine,2.9403310869230137,1.7330607944289382,-0.0742663118343356,0.2739615332467497,0.1273486890286921
3288,cosine,2.5587897737677947,3.601631440595929,-0.0439205612478288,0.9076986017937738,0.1203434466350564
3289,cosine,0.8616548625069815,2.9965441575849594,0.2971518601247265,-0.4263329908129283,0.0477093184864595
3290,cosine,2.015585251390194,1.9665249740012856,-0.5562521542933188,0.4964431727921519,0.1030722819917634
3291,cosine,2.207620538964091,3.7132836458885463,0.7806549754233132,-0.3917916635817522,0.0947621165751727
3292,cosine,0.6040704047335145,1.7643325672326742,-0.7795359589397544,-0.1475750372011988,0.0086857720549312
3293,cosine,1.7302034449947024,3.44667822684932,-0.7509077017039509,-0.5107981873959733,0.0678296499175822
3294,cosine,0.8661414758700526,2.1990366363269542,-0.624876318895043,0.928328580100542,0.0454855972762972
3295,cosine,2.36279836563464,1.8852733222358435,-0.3695005905685341,0.7527245031178187,0.1195448916918317
3296,cosine,1.3538663396270203,3.549288581297543,-0.4793343639354387,-0.3446322199027425,0.0234160321263703
3297,cosine,2.8844115929664227,2.4028734706440167,0.2926598957875213,0.0267769418504304,0.0930750941528094
3298,cosine,2.888769158775614,3.776358967233604,-0.3851142900616475,-0.9885402778907636,0.1408456347571296
3299,cosine,1.767737002496805,2.760899428773668,-0.7830920778004726,0.5788544395303261,0.0963110859992995
3300,cosine,1.122224816640993,3.8595224703609423,-0.2687861124597427,0.9117285784208566,0.0270246310442716
3301,cosine,0.8562173963327766,1.5398239385416368,-0.0151515198591485,-0.2396939973246299,0.0415187395186396
3302,cosine,2.205993051148549,3.567939136288448,-0.5632545909542949,0.7661955840520442,0.0972516778988947
3303,cosine,1.831542197280176,3.208139990521559,0.1776028709162205,0.2585005524716894,0.0624914811594624
3304,cosine,2.845987178392673,1.6663875975898343,-0.2800728351226483,-0.0339187953450019,0.0440014750635001
3305,cosine,1.7000901239788475,1.161718324289171,0.5773897299573969,-0.2470143153059458,0.061869727905086
3306,cosine,2.689067827346362,1.3356301339442127,-0.489664121898043,0.0335265883355002,0.0776854590843327
3307,cosine,1.4567071139068497,1.3113252352508296,0.7421992378963873,0.7545603028474785,0.0478709640409394
3308,cosine,0.6657702374843961,2.7321840031626,-0.7754762919555913,0.8380609671426114,0.0290443976342837
3309,cosine,0.8065147125969253,1.0077630215869269,0.6082253280314025,0.6378423756235014,0.0209758955369975
3310,cosine,0.5240240037223283,1.3907174413885623,-0.0645843091059729,-0.8936671917268371,0.0251881601206129
3311,cosine,1.230113073516755,3.3193562200236078,-0.3581798003196585,0.7978743951255376,0.0414610875517168
3312,cosine,1.993754053220544,3.96521706984695,0.134128142055485,0.30793365007834,0.0302776502272855
3313,cosine,1.5984661950875112,2.5692545339731714,-0.2992871964556877,-0.8813625932832605,0.0571182279655554
3314,cosine,2.938516409115798,3.2991346009695657,0.2104260551934086,-0.4742658778357524,0.1320130184842059
3315,cosine,2.8330525446557155,2.63872286577458,-0.5798954586235626,-0.4710153517365858,0.0576004892357412
3316,cosine,2.344904718566294,2.0810329758554915,0.1679880631741902,0.1852211098296055,0.0899113042224018
3317,cosine,0.6311019103878417,1.582801790590306,0.1252353154368184,-0.2743343711810786,0.030040495715245
3318,cosine,2.655040030125534,2.4798827568766635,-0.153741378565924,-0.1679960511198617,0.1156297855265482
3319,cosine,0.7729740663641114,1.8023685154960565,-0.2931355191900969,0.268479712685151,0.0223504274272255
3320,cosine,0.675179236837125,1.6865885171550676,-0.2152626952589795,-0.072149053576304,0.0198034919177216
3321,cosine,1.9646225055419768,1.3792896902703604,0.6426851814434058,0.8321779025214677,0.0272713832106815
3322,cosine,0.6670382408467336,2.866437601604309,-0.1357270261674878,0.2526076697512833,0.013039972484127
3323,cosine,2.3716126602336898,2.201507502465176,0.1252357615054323,0.9273452145755068,0.0952034012630691
3324,cosine,0.5596983527240041,3.095144615012971,0.2784431759856611,0.1803643482158561,0.0104088283678931
3325,cosine,2.733075090207789,1.2344908670229944,-0.4046333007818598,0.5993077504192841,0.1302183689949521
3326,cosine,1.8204291060544016,3.3333782697508965,-0.185265888353834,-0.4277658598755764,0.0911293379722404
3327,cosine,0.5911361334895746,2.2684312009437058,0.4779920214238364,-0.9102800880739434,0.0323395184234412
3328,cosine,2.2996002470997903,2.6745171187862016,0.3314857398427706,0.7955119499137324,0.0613181134940713
3329,cosine,1.7413619511228444,2.114318434433864,0.7098893318427186,-0.6216646195392528,0.0600150723973835
3330,cosine,1.079686830903587,3.721521043252136,-0.5957635755786621,0.2305642719307825,0.0264701839305479
3331,cosine,0.933472817154242,2.982671714229721,-0.1326576953219004,-0.8032714284606977,0.032753118956171
3332,cosine,1.6559926711610269,3.5803820928546872,0.556958815310979,0.2956329443105239,0.0881009732668768
3333,cosine,2.8726356086749387,1.8523197849506827,0.0232257660164765,-0.3063365815845347,0.126241158810773
3334,cosine,1.3806973477086155,1.6251312894633632,-0.7428170648088827,0.3926954342094693,0.0523236063366797
3335,cosine,1.2058622042781393,2.8363899800954364,0.2796318606357246,0.5422900879055814,0.0218009928325559
3336,cosine,2.529315595241177,3.0824727693770573,0.6777928801968052,-0.9177405378215532,0.0689719690023708
3337,cosine,2.192318807691638,2.510409494820823,0.1924657838682408,-0.5105426528811037,0.0577616563548203
3338,cosine,1.9602658742714467,1.3012346644915187,-0.4648929976851661,-0.4531744146580794,0.0396988185002097
3339,cosine,1.414094656594505,2.8748511983981557,-0.2390314638397109,-0.411692745994497,0.0354768021090654
3340,cosine,0.7417755382530815,2.114755014630185,0.4013262874157091,0.4799614341063531,0.0411034923961301
3341,cosine,2.9741093822612386,3.8702416571597618,-0.1263624385492547,0.9157272110596772,0.0813503717373496
3342,cosine,2.504940623392866,3.169050992639936,0.4812199847143386,0.6698384317786699,0.0507379588042311
3343,cosine,1.0507495604486332,2.040549836823859,0.1222623751304995,0.9526225023878354,0.019677300123319
3344,cosine,2.907127313213139,3.7271433765297375,0.3285663724574676,0.7811735841392442,0.0466426180736615
3345,cosine,2.495880370757508,2.2222077315050663,-0.3858164259332695,-0.0480882108979294,0.073110576817895
3346,cosine,1.2691552679505265,1.1239762925962922,0.4064918717457881,-0.4699109535600576,0.0480532275395443
3347,cosine,2.17024767288928,3.801677508420169,-0.5142039168061637,-0.5322208123834915,0.0664234430808736
3348,cosine,0.9655944737112432,2.671054263136333,-0.4477336751523004,0.0529219677464594,0.0290216309354806
3349,cosine,1.4490974112160435,2.518089253070218,0.4777305842150177,0.6405931743845616,0.0664559258141494
3350,cosine,2.932077780995981,3.609925485035565,0.1018866018450257,-0.1631565706993165,0.0460994830399889
3351,cosine,2.0129757907108807,3.986405784793484,-0.1416864983193353,0.3554794960535083,0.1093067092329175
3352,cosine,2.245185869868469,1.1482277537605148,-0.4847149450339698,-0.091162658560796,0.095346433600143
3353,cosine,0.6447550340041215,2.948298400531802,0.6111369113220886,0.2735983555748966,0.0358021833523342
3354,cosine,2.9098039945670444,2.192099508478695,-0.1353661421058758,0.3069608656448508,0.1129036006863655
3355,cosine,2.300597654547776,2.021201071416093,-0.5429383252609311,-0.2767566532686925,0.1182835275262458
3356,cosine,2.355412431579623,3.378067785844051,0.3278047534823212,0.2398545678471519,0.0423795893821901
3357,cosine,1.8536630573155477,3.52710125004153,0.2310146739753762,-0.7072870237408653,0.0602714299967154
3358,cosine,2.5487295529377207,3.897012712189089,0.0876398903348323,0.9142744833835365,0.0408378093124024
3359,cosine,1.4376377593143277,1.7106075231759472,-0.6081287923910506,-0.8980033602383461,0.0453529897157952
3360,cosine,0.5310472491527349,1.7158146979340931,0.6095635542404096,-0.5719011338095641,0.0158501556031027
3361,cosine,2.6462649052370546,3.0968844141621084,0.206714092087157,-0.8394598951429584,0.0527393646367213
3362,cosine,0.6328624641996925,3.3449347003058207,-0.2136321618585274,0.8457535750946628,0.027031414206482
3363,cosine,2.045561945530156,3.7451610096536,0.5435458416104908,0.4915417937705832,0.0742763634155271
3364,cosine,0.7347387978711593,2.395557364921417,0.2142557027799079,0.8628289036814913,0.0262068505474629
3365,cosine,2.5975618444089266,3.6569957955038217,-0.7272339273577826,-0.7271982099922525,0.0432849847913887
3366,cosine,0.979467406001438,1.0816346993524957,-0.3917357074946038,0.1457136346942078,0.0133998290856901
3367,cosine,2.748171538482032,3.370335380707611,-0.0399220389032491,-0.5299839416903518,0.1217383779807645
3368,cosine,1.2505702331924955,1.3900078470229131,-0.3972728067067347,0.3171523835888914,0.064506772156344
3369,cosine,1.2535842118078055,1.7180936265083917,0.6610110477695759,-0.6473761141523451,0.0394884962431603
3370,cosine,2.6844211575001715,2.9201239146733644,-0.5656593980434577,-0.8692173259205216,0.0559056602357812
3371,cosine,1.92788432530916,2.2216426202601123,-0.1386158804260896,0.2728847055206305,0.0502819458732806
3372,cosine,0.890536196575402,1.4763664748798724,-0.6801997428496515,0.7439651164169088,0.0221508158152682
3373,cosine,2.55545651105764,1.6355025893562978,0.0638729027823055,0.3141885404991249,0.121894400448309
3374,cosine,2.2656476577937386,2.65871899866908,0.090727382226041,0.0556563316895104,0.06375014548247
3375,cosine,1.7732643454926005,2.0149186634439595,-0.1100303818207718,-0.4587972702382961,0.0701517504384478
3376,cosine,1.4599929795583797,1.6692435453276162,-0.6221000036487268,-0.7131630532580733,0.0763664901405926
3377,cosine,1.6626578905843965,2.725081249506483,0.605855921433105,-0.8227196345857324,0.0547561146005054
3378,cosine,1.074693803138906,1.098136408454669,-0.2798304838796359,-0.7673043343770782,0.0345746468037715
3379,cosine,1.8288125198978264,2.7678169589315145,0.5635056218373888,-0.2385397234964235,0.0612302717011849
3380,cosine,1.522365794158353,2.910062943227268,-0.7197040789407952,-0.2609552679318832,0.0514967444707285
3381,cosine,2.037587724219458,1.2655781341188632,0.177891305934741,-0.3969155434959517,0.0703926183938034
3382,cosine,2.9954470355182803,2.5537030665363907,-0.4458700713577762,-0.5932178256509302,0.0781448289241756
3383,cosine,2.410981954575181,1.9071299284838643,0.6628011316443456,0.1848322800714867,0.1321821572082551
3384,cosine,2.8576667337072816,3.818914232485096,-0.1214563710704053,0.430337180251344,0.1510354361540555
3385,cosine,2.01179910515573,2.769391607467285,-0.7748483203520969,-0.7661406448998185,0.0288746266581413
3386,cosine,0.5288636122451149,2.3117695973960988,-0.1439814764376668,-0.3176494523771234,0.017825457676167
3387,cosine,0.666745836558389,2.4454418029693903,0.1636665334285687,-0.4460943882479784,0.025948005768338
3388,cosine,1.5813958144625369,3.405556198566717,0.1025212480655015,-0.3416021660393249,0.0669438876198308
3389,cosine,1.7401781006804746,1.887896173433452,-0.5640015486859172,-0.8343536495505528,0.0273252055807037
3390,cosine,1.7027793517975105,2.0808014130502386,0.3188603804236221,0.7317947739346593,0.068939467803089
3391,cosine,0.6523066900899908,2.934955670557907,-0.5872082913553349,0.6071366776213816,0.0173705464659903
3392,cosine,0.5337183061642896,2.3424467317966924,0.3484695346031465,0.7526814221679947,0.0090903365190445
3393,cosine,1.5164157048721725,1.881414533235616,-0.144854310498014,0.3002348040329869,0.073592430798899
3394,cosine,0.7787966847046017,1.8573307842803384,0.5411190242166661,-0.0461506464081959,0.0355749650815442
3395,cosine,1.787998768285189,3.276844374036126,-0.2098649692662227,0.9314956427859002,0.0914656106802377
3396,cosine,1.4551473215864037,2.470346482795576,0.0098915748159456,-0.8918273460101858,0.0474725839792667
3397,cosine,2.0928142957116624,3.81474935705759,0.5910049298775562,-0.762634030485339,0.1038640714852506
3398,cosine,1.0650521129693222,3.1188139580430185,0.4522764726981942,-0.6320712703028089,0.0438260561242058
3399,cosine,2.674896098049651,3.4493890880201303,0.2080890999336658,-0.0830486196353141,0.082197545449635
3400,cosine,2.10710547001687,3.222360193991643,0.7317650432627003,0.7844802544738325,0.0830831754067957
3401,cosine,2.8423831668599098,3.9450775757503873,0.146602337296831,-0.3681178634910329,0.1278463591689349
3402,cosine,2.9508229900347205,3.2981168413360766,0.2993552213874035,0.866241065194806,0.0620118651074157
3403,cosine,1.391221067618171,3.554659057326373,0.4061429370360729,0.9107240105508732,0.0401445249452499
3404,cosine,2.904295412817015,1.5895695975580852,0.7246304467039402,-0.1812892093910139,0.1578270571007838
3405,cosine,2.960825290501106,2.125616158946752,-0.7565635208413496,0.6130702030469979,0.0668222131462296
3406,cosine,1.0483495727947445,1.4804019533007111,-0.075730592495178,0.3651740470063638,0.0145055471197296
3407,cosine,1.7517392149032067,1.477248436408518,-0.7216003957065915,0.7082671795861126,0.0546296056244572
3408,cosine,0.535013009760595,3.9387766546287537,-0.3409345751012967,0.8687900986716297,0.0213424239669729
3409,cosine,2.103861397422183,1.176713694118821,0.549166688927903,0.1592058609884712,0.0613040058643087
3410,cosine,2.596892114396321,2.324628102448515,0.496550675967327,-0.5842461600913027,0.0457415469003012
3411,cosine,0.8754078094506306,2.296791291616948,0.6289885157541313,0.6618536420977004,0.0218064548898076
3412,cosine,0.9667608156887516,2.522273297728508,-0.7592206077697702,0.1996948202747475,0.0295925327813044
3413,cosine,0.7848480235978021,2.1327995195352685,0.4793765564329575,-0.7352822086826478,0.0274141911086013
3414,cosine,0.6501893313252101,2.045889410665245,-0.3862325145593182,0.3343880851321201,0.0350011867717654
3415,cosine,2.1483009756614315,2.6136754706014766,0.7267644818152659,0.6237945393353581,0.0769123413025864
3416,cosine,2.601532295069615,3.509789137933052,-0.1946362719887139,0.6277069615823538,0.1347516826163527
3417,cosine,1.0508721168125592,1.8030302418287836,-0.2096636683505387,0.8997253729134211,0.0234847118964211
3418,cosine,1.8941002267471647,1.4224995509867049,-0.3726726679402781,0.9669692927442222,0.070557314811779
3419,cosine,1.0821909262028158,3.001055032492922,-0.4979662700269082,0.7373438974948048,0.0420174531625805
3420,cosine,0.7914500955522379,3.2258868328675145,0.2579428147035265,-0.8283951073831382,0.0118172492384938
3421,cosine,1.8702444703164876,1.093301772356364,-0.1971714013501874,0.5404553334649995,0.0733274391657215
3422,cosine,0.9915805476383422,1.394338537681761,0.5323845220675756,-0.5354902073144776,0.0208240345470473
3423,cosine,0.5222983804353866,1.2144316218422118,0.6633131802986909,-0.957852511998522,0.0212589904459941
3424,cosine,1.7748608027145167,3.635032044106319,-0.1269500115464557,-0.2568473724550861,0.0480574949468703
3425,cosine,1.1764314090395975,1.0337178104910278,0.2558197785012914,-0.906310470983438,0.0244916505653307
3426,cosine,1.6978591401815095,3.2418282004029866,0.6582377917884139,0.7802352575094063,0.0402517732888716
3427,cosine,0.6187163125905383,1.307279163210917,-0.6573479226574483,0.2581400836525174,0.02931717182151
3428,cosine,1.544947518320814,3.736013804006216,-0.1770079792132493,0.2095410807309736,0.0632919612537985
3429,cosine,1.6836431244024928,2.758598185977956,-0.0689286177086034,-0.7176128642371036,0.0595751811681203
3430,cosine,0.8844046921769922,2.5937967616738864,-0.0884088196058232,-0.3480999612505753,0.0291803768679522
3431,cosine,1.8760840526294364,2.564613593398119,-0.3799591320065579,-0.4761913132686388,0.0476256801984353
3432,cosine,1.200039344133291,2.101721742551335,0.502056815296112,0.0570524957472546,0.0624020186001614
3433,cosine,2.800935129555977,1.5982150469204564,0.1418904657835634,0.2731269725398662,0.1271577331555261
3434,cosine,0.6193946482377248,3.244700776245627,0.0229546812556344,-0.9357318805517368,0.0272789145752801
3435,cosine,1.184441895651533,1.4208448174100048,0.2778704438517008,0.8002471863714249,0.0479200026133222
3436,cosine,1.344353775690791,1.1607285961308902,-0.6326007728328726,0.2924669579537979,0.0390463086068675
3437,cosine,0.6605404759572824,1.114691555797983,-0.4057581626196247,0.7524941008769992,0.0197203202738717
3438,cosine,0.825929156041172,2.154644201729376,-0.6006564464182094,0.6386845613076861,0.0448903266601532
3439,cosine,0.6772168436454504,2.8479315247010755,0.1289847955115607,0.2559310175552913,0.0095224891920701
3440,cosine,0.7006412230303587,1.2534357030775287,-0.1532280417437774,-0.4297446276795735,0.0106961856065348
3441,cosine,1.5697288555276514,2.77513109283266,0.5724790431968014,0.9506502273987918,0.0362619219711363
3442,cosine,0.5031346325356487,1.444157378167538,-0.203677196943515,0.4618089459447563,0.0261446346418808
3443,cosine,1.0974951674396296,2.0603988450266977,-0.5363548810587773,-0.7299868068770621,0.0270991043271101
3444,cosine,2.45709872298734,2.8887479581288766,-0.5209949566525922,-0.5808320560597591,0.0852807718248571
3445,cosine,1.900980543130152,2.5904875078318765,0.3655902536595767,0.2789207835743066,0.0954378397349381
3446,cosine,0.9788034833566468,3.591491037531953,0.1816078340859359,0.0910054912790394,0.0322214429719487
3447,cosine,1.389022982699645,2.2296628009309725,-0.2278002113400058,0.7720964385666598,0.0690665651259457
3448,cosine,1.0309439260891513,3.346322491779225,0.4835083416156356,-0.0766163961645911,0.018885512179349
3449,cosine,2.9080293359863534,3.235513184298884,-0.5523703421356314,0.1824224768332516,0.1150771961179855
3450,cosine,2.1918011769253987,1.2038518933510451,-0.1818556718293265,0.2222312847804723,0.0559922415114645
3451,cosine,2.4325204723423126,2.9577889511155293,0.061886202365788,-0.5107641005888957,0.036684080768242
3452,cosine,2.9152858008557416,2.1192276561747425,-0.784266159620095,-0.5727535799173904,0.0455180266680915
3453,cosine,0.562202878918354,2.7498239026751925,-0.6227737208748313,-0.331241026339909,0.0120844759253087
3454,cosine,2.272926189779418,1.3102137725563958,-0.2239142469154162,-0.6168697709836204,0.0654353252590179
3455,cosine,0.9909631413009764,3.9121370020646777,0.2223891558431381,-0.4108471263677644,0.0243937098643175
3456,cosine,1.4624261677573025,3.104338467503593,-0.532383905993098,-0.9325856982527858,0.0347413650359171
3457,cosine,2.183989325212889,1.9857855852570556,0.1920254279241883,0.4510343977127822,0.0547478057515572
3458,cosine,2.103886987820816,1.5171646180431435,-0.7114299145456637,0.7873649432640379,0.0490691541763108
3459,cosine,1.9080779341389424,3.2586587195034165,-0.7018310019733661,0.7745889516108639,0.0907097657863885
3460,cosine,0.6509127638494843,1.1703597763851885,-0.6128088020641127,-0.3462387204142829,0.0162161358531697
3461,cosine,0.7783727512366563,3.730711459070353,-0.3591707018263484,-0.6775541652909844,0.0361943587110633
3462,cosine,1.7507440593931003,1.8443045232660027,-0.0753524241310115,0.1937935920598785,0.0764020151654718
3463,cosine,1.7060834145333228,1.5271863939747203,0.6839184836539691,-0.7421455879347296,0.0838222610471799
3464,cosine,1.5394591982510972,2.23914104004999,0.0009426070314169,-0.4662276001932433,0.0492399939600356
3465,cosine,1.7569505898637632,2.4931542350208824,-0.5722490561515972,-0.008195721787463,0.050610874013168
3466,cosine,2.052781685176229,1.5328547276703532,-0.2342705797577119,-0.8730111315358038,0.0480237184834704
3467,cosine,2.783223213423049,1.0391804460061254,-0.3893457491422451,-0.689818359148473,0.0971904820389463
3468,cosine,1.009143496157744,1.2718284965330668,0.633258519081149,0.3618471065277924,0.0351844946899614
3469,cosine,0.6164090930579222,2.410082485200175,0.4267603783762657,0.6217736342764988,0.0324607832851665
3470,cosine,1.9719279610115148,1.7566102709874538,-0.2838210811895892,0.8501194788171551,0.0828623581465161
3471,cosine,2.036578943849466,2.659059129926811,0.4429747617827178,0.2108924079826419,0.0570811262473851
3472,cosine,1.830322163092048,3.02228802655641,0.7156772305466401,-0.918979818155921,0.0307577158989007
3473,cosine,2.266853258336008,3.276145957875609,0.7355531728500284,-0.5322611521617344,0.0706256098735573
3474,cosine,2.7607569814173454,3.091917657120192,0.4723753231243424,-0.7153258462125256,0.0923954456985875
3475,cosine,0.9041214561752238,3.048932395683285,-0.6995084968170404,-0.5247939409294724,0.0158877047638126
3476,cosine,2.46959437058788,1.7827637437324662,0.5863556743588074,-0.939043507726428,0.1089758040677563
3477,cosine,2.88063130896693,2.4074977952677346,0.3020886791982142,0.5867071118214087,0.1266113464879198
3478,cosine,0.6965178005687573,2.740001981645105,0.2264873771685944,-0.9103503183132786,0.0370588390383523
3479,cosine,1.9223480101087096,3.809812381717854,-0.5489878871416454,0.9299602818964592,0.0848910108806716
3480,cosine,1.6913105275172389,2.6315696808257307,-0.1302360351519497,0.1594629596446566,0.0528141913745461
3481,cosine,1.4904897971680395,3.090872438386632,-0.0248053006936399,-0.1692394838275221,0.0698518554854724
3482,cosine,2.421281239851304,2.3883922827403907,0.2474996162434253,0.475041107400906,0.0974225306221223
3483,cosine,2.683811979075165,3.168377305252156,0.1619749302356178,-0.3205262626114415,0.0695235499712018
3484,cosine,1.615633502649934,1.3436342878458785,-0.2172653193548569,-0.5948408724089407,0.0561821883206254
3485,cosine,2.055404175564125,3.3925876518152216,-0.290310850919291,0.7993688670169314,0.0743527526585861
3486,cosine,1.105454634913649,1.2868097172346622,0.7832665006023929,0.2686409546712571,0.0168350567926452
3487,cosine,2.011137139231753,3.1874016873988205,0.082998671055567,-0.8235031669804913,0.053015370583364
3488,cosine,0.9871803690449265,1.212216748420176,-0.3781682969466705,0.8528205484818374,0.025975337733611
3489,cosine,2.3987108999063667,2.9474570514352445,0.6299146212222548,0.8038355004895019,0.0756554432891968
3490,cosine,1.516362094253373,1.917233830608644,0.4600247646379967,0.9333657237014528,0.0858126556966017
3491,cosine,1.719691058081682,1.7924414599353968,-0.6359602350534136,-0.6790191256843296,0.0613455354456573
3492,cosine,0.9960219815812904,3.3101147014075587,-0.4934625817693133,-0.3431149373411961,0.0362119388353563
3493,cosine,2.516542843323733,2.118465222289537,-0.2783368226214948,0.0374519716673744,0.0495569568960282
3494,cosine,0.9237809918470978,3.914949837732776,-0.3637040775283451,0.0200043880153297,0.0387470057050589
3495,cosine,2.699603691515132,2.182372677334989,-0.7233651525799757,0.6740954582206611,0.1189033292979979
3496,cosine,2.055415207724596,3.674812885146259,0.4030082560710777,-0.36615326209873,0.0515397715275416
3497,cosine,2.465658507477269,3.9095367334829,0.3356068529251996,-0.0817863562710283,0.0472712385514611
3498,cosine,1.977308748199956,3.110147320699207,0.7427285788196238,0.8539818160817019,0.033915911602373
3499,cosine,0.7027763132760387,1.9670866788714632,-0.7437746984522314,0.6785792573988929,0.037616847786598
3500,reciprocal,-1.576175826165982,3.609838506633804,1.2734423820544252,0.0,0.0094854225269305
3501,reciprocal,-2.9986608824025662,3.705711518008954,0.9453032416135628,0.0,0.0227168970347111
3502,reciprocal,-3.2684680589205435,3.620294403005429,0.3784497049334092,0.0,0.0098235366486516
3503,reciprocal,-3.727355579993521,2.6164481736638097,1.0756174250299706,0.0,0.0285500165594917
3504,reciprocal,3.9578241293199534,3.0409253281747546,1.9246729892827164,0.0,0.0455885038550547
3505,reciprocal,1.3923150233947157,3.169211603646554,0.976790193514502,0.0,0.0129067413065896
3506,reciprocal,0.5,3.524501825608953,-0.0485502874747565,0.0,0.0028914242296578
3507,reciprocal,0.5,3.5933768573536597,-1.0316826348694423,0.0,0.0036318464000008
3508,reciprocal,1.0905164415754935,2.5219831482632364,1.81029518447753,0.0,0.0281747051835428
3509,reciprocal,0.8406158214365451,2.646612380946137,-0.6722630929997018,0.0,0.0180956476748401
3510,reciprocal,2.180401106473111,3.5199724253295583,1.5399085782615494,0.0,0.0119999634016686
3511,reciprocal,-2.924344565360223,3.579107822023762,1.334483045083437,0.0,0.0155157109976942
3512,reciprocal,0.5,3.642615569040412,1.0442081450526983,0.0,0.0011930890754011
3513,reciprocal,-0.9477945766780104,3.1663095182497263,-1.45076310324888,0.0,0.0052992058924691
3514,reciprocal,-0.5,3.7254046210486393,-1.615047031653151,0.0,0.0042475946651734
3515,reciprocal,2.544994114666109,3.1053858774145726,1.8589648840608957,0.0,0.0312714554291468
3516,reciprocal,-0.5,3.6533756968896336,0.2516006772810306,0.0,0.0029858948705606
3517,reciprocal,-2.644310192477872,3.4367738698840826,1.025056281709788,0.0,0.0163887349767827
3518,reciprocal,-2.1629591780365702,2.55809813717724,-0.5273132327859225,0.0,0.0593356768082773
3519,reciprocal,0.5,3.9225533155649774,-0.9089473608311404,0.0,0.0036093600745364
3520,reciprocal,3.1953312175142896,3.215269898438918,-0.4757611743656724,0.0,0.0328263807304191
3521,reciprocal,0.94136217836063,3.082356550639301,0.7181210144222763,0.0,0.0126017056775798
3522,reciprocal,-0.5,2.800012037240581,-0.8274728285944861,0.0,0.0031430797940923
3523,reciprocal,-0.9493021984776204,2.8220154123086973,-1.1996639631928598,0.0,0.0047479451032593
3524,reciprocal,0.5,3.7509224351570767,-1.270012986024803,0.0,0.0035671392494722
3525,reciprocal,1.3567999109940525,3.408079171294215,0.2563811041420143,0.0,0.0079046003566576
3526,reciprocal,2.0635272289896944,2.753750693759065,-0.548428025252516,0.0,0.0137274929319651
3527,reciprocal,2.952090377766786,2.516164548462702,0.1126770690707794,0.0,0.0832899367297758
3528,reciprocal,-0.5,3.873120640652576,1.6409404099794158,0.0,0.0022510862397505
3529,reciprocal,-3.123727006946317,3.0092340976628407,1.2535034957058029,0.0,0.0370370912822969
3530,reciprocal,2.5941381266706456,2.82851534132912,-0.6584466634551771,0.0,0.0159026823515019
3531,reciprocal,-0.7038025084424193,3.6604568461910807,1.1392853002544787,0.0,0.0060863717390011
3532,reciprocal,-0.8395719109430706,2.8541008589177084,1.2366304224440738,0.0,0.0060268411122261
3533,reciprocal,-2.400875268287473,2.691264539679392,-1.571159476320238,0.0,0.0483880583979681
3534,reciprocal,1.7979052301992289,3.999957564843746,1.587964680027092,0.0,0.0034437481676943
3535,reciprocal,-1.1363318891529604,3.714533611177072,-1.4066474626957168,0.0,0.0077530008396821
3536,reciprocal,0.8342744151472212,3.8820912128068894,-1.3376531537905771,0.0,0.0055241067500713
3537,reciprocal,1.1870360252118497,3.6138130815686296,-0.037198201795801,0.0,0.0104709669327652
3538,reciprocal,0.5,3.052005950660136,-1.8879331616550457,0.0,0.0029795700066269
3539,reciprocal,3.457097157305123,3.691625339238219,-1.862832618558724,0.0,0.0174077885876693
3540,reciprocal,1.6478448881382368,3.2721437776688416,1.8212024744183823,0.0,0.0071942927688093
3541,reciprocal,-0.5,2.853699385343478,-1.8782892060928007,0.0,0.0033077641121914
3542,reciprocal,-1.8386758598059572,3.282675371714096,-0.774867014747048,0.0,0.0089244287373245
3543,reciprocal,2.617184966023398,3.6881546097578655,0.4241839895497041,0.0,0.0121304697934135
3544,reciprocal,-3.1749054532928644,3.508401629447783,-1.0503578617000922,0.0,0.0086827092374174
3545,reciprocal,2.0786094647712154,3.4923018331878573,0.1318706986278002,0.0,0.0156667664382769
3546,reciprocal,-2.289333046182163,3.362527315072521,-1.0312627859830608,0.0,0.0077467940707258
3547,reciprocal,-1.5730066255214377,2.9290176246195605,-1.0437814205723082,0.0,0.0195393039540346
3548,reciprocal,0.8117035335900882,3.343617129915755,1.4705926053790723,0.0,0.0031212532699733
3549,reciprocal,2.223777717689263,3.2452959402174333,0.2671757460445882,0.0,0.012430810613165
3550,reciprocal,-0.9349994474729976,2.854664801802872,-0.927266919177772,0.0,0.0091385293270831
3551,reciprocal,-2.0213509733492163,3.2541594611559748,0.839303339073648,0.0,0.0240955132207383
3552,reciprocal,-0.5,3.76203538088309,-0.6796661949414751,0.0,0.0019769577691225
3553,reciprocal,1.4699090842812472,3.6819655411278034,-0.1362392823208007,0.0,0.0093877562189153
3554,reciprocal,3.875770784207294,3.8467412485202352,0.03237166074515,0.0,0.0210028300688784
3555,reciprocal,-0.8125272630682971,2.7137686163221795,-0.9959173570048954,0.0,0.0051408369167541
3556,reciprocal,-3.793604755604699,2.8638767609226226,-0.7957836243831302,0.0,0.0549803270976593
3557,reciprocal,0.5,3.2448568583134785,-1.021521435251353,0.0,0.0047005674407177
3558,reciprocal,-2.0801910989588794,3.890896516541992,-1.798645333411967,0.0,0.0073624592524737
3559,reciprocal,-2.7996277862940726,3.661417302122274,0.5524968129802823,0.0,0.0230441942839659
3560,reciprocal,-0.5716996942204942,3.332102344070493,-0.2324517442759206,0.0,0.0058684565476491
3561,reciprocal,1.2743011104577109,3.096381146294344,-1.7192994677464115,0.0,0.0049624238867772
3562,reciprocal,0.5,3.2433696242601813,-1.668258188487163,0.0,0.0029911439158835
3563,reciprocal,1.5707130466674606,3.184183840141952,1.113662985586576,0.0,0.0177478854546946
3564,reciprocal,2.5332533757934748,3.710948536401592,0.717791989044144,0.0,0.0185620044697421
3565,reciprocal,2.044791526177728,3.878683059581867,0.0719784431224472,0.0,0.0063116602443046
3566,reciprocal,1.9604374321953468,3.9034116910192553,0.8183223698576207,0.0,0.0065065865646212
3567,reciprocal,0.5,3.044225502392594,-0.3812350730308438,0.0,0.0074457409803613
3568,reciprocal,2.295185789787147,2.8742558949522974,1.039434790171994,0.0,0.0347562197145472
3569,reciprocal,2.603311746201696,3.422905696777944,-1.680551437040847,0.0,0.0262222681954487
3570,reciprocal,3.3268653005602413,3.55544032438305,1.335197270521697,0.0,0.0297685215721203
3571,reciprocal,-2.2232481343633976,3.483105836300014,0.1377632228029099,0.0,0.0158655379242026
3572,reciprocal,-3.604916659861585,3.954942300766049,0.049776247098451,0.0,0.017170450946514
3573,reciprocal,-1.7186891325285698,2.545457932407489,-0.2897542155936912,0.0,0.0210779728871991
3574,reciprocal,-1.1939628986586648,2.676385496516196,-0.7038630569101239,0.0,0.0154070068267237
3575,reciprocal,1.884076353152968,3.5927784626039334,-1.3433736673552574,0.0,0.007119222240037
3576,reciprocal,2.7322183301446525,3.768399931075388,-1.402425562676742,0.0,0.0123540018237869
3577,reciprocal,-1.6256533460702638,2.907154269012279,-1.8235800839486327,0.0,0.0274523251647193
3578,reciprocal,3.45031182546467,3.390603307847787,1.7507131867943486,0.0,0.0248193884409748
3579,reciprocal,0.5,2.9406159393476043,-1.4879655529534066,0.0,0.0022978756593351
3580,reciprocal,2.249323924688902,2.6230599334323,-0.7162366208939996,0.0,0.0197470862932959
3581,reciprocal,-2.4879032096776026,2.6977243843623984,-0.420116458025126,0.0,0.0550223635409052
3582,reciprocal,2.586590400477092,3.1415601809453277,0.5525530907980953,0.0,0.0223574730576358
3583,reciprocal,0.7495208011270282,3.772933786504729,-1.1740670735091283,0.0,0.0041108475377124
3584,reciprocal,0.9879447707152024,3.1456944606757595,0.4309114442616777,0.0,0.012146595800891
3585,reciprocal,-2.5222176958287337,2.6724826589728936,-0.5240363022812446,0.0,0.0174129866355856
3586,reciprocal,-2.8095419714759675,2.996672735243411,-1.4129378976324012,0.0,0.0357419498020259
3587,reciprocal,1.3805479509791532,3.1243992066654576,1.63350725900454,0.0,0.0052156332058895
3588,reciprocal,3.2575574932342466,3.379786984986884,0.4392522042263551,0.0,0.0189886594138552
3589,reciprocal,0.5,3.945471355154156,0.8281504936129829,0.0,0.0030384354871274
3590,reciprocal,3.287906554958411,3.998400934445232,-0.0426529036569429,0.0,0.0162536020274278
3591,reciprocal,-0.6273238836105053,2.5670377590314746,-0.8411325959888076,0.0,0.0095305164764794
3592,reciprocal,3.107009127297613,3.138320857144713,-0.1786680093571764,0.0,0.0219039663425162
3593,reciprocal,1.111094680965646,3.780311759662303,-1.2528070885794462,0.0,0.0062976712974264
3594,reciprocal,2.359345047147503,2.72529624968141,-0.7259898048677309,0.0,0.0456562860863975
3595,reciprocal,-3.066690558093132,3.7845388968625393,1.5919052934609783,0.0,0.0189183349724029
3596,reciprocal,0.5,2.570582420747415,1.905902576505756,0.0,0.004031810649603
3597,reciprocal,-0.6100053197823581,2.7948673391239294,1.7011556428753996,0.0,0.0062963153801334
3598,reciprocal,-3.739668780719039,3.142645987146235,0.2635331793188427,0.0,0.0181522272617769
3599,reciprocal,3.173087425996382,3.71879169644002,0.885592680287075,0.0,0.0155563352884878
3600,reciprocal,-0.7115136585956305,2.9922261817743845,-0.2044852776182799,0.0,0.0083109044786442
3601,reciprocal,-2.4144820319741718,3.0060882475379227,1.1282541127903505,0.0,0.0293244543968299
3602,reciprocal,-0.5,2.7425523965333225,0.1998960093784831,0.0,0.0042484042636411
3603,reciprocal,-3.8480096698544575,2.517549678403468,-1.626553921378628,0.0,0.0873836503566038
3604,reciprocal,-3.984652686024723,3.9652961850550814,1.2187173743541575,0.0,0.0184142018644155
3605,reciprocal,3.0366955244749896,2.817143073488343,-0.2704872543420804,0.0,0.0562317504733345
3606,reciprocal,-1.494561956774028,2.526330594094247,0.1745246351103779,0.0,0.0307121594036767
3607,reciprocal,-0.5,2.8340604336008117,-1.2781911700790385,0.0,0.0052699995224648
3608,reciprocal,2.7060344832268037,3.887419149743845,0.5793629861781882,0.0,0.0157480589289601
3609,reciprocal,-0.97885265442239,3.7457813907190007,0.69217951171371,0.0,0.0037649909638224
3610,reciprocal,-1.8023846865855455,3.125476649615776,1.4392819831267285,0.0,0.0215149375511913
3611,reciprocal,-2.515472306261408,3.8418629933650346,0.8050726819381016,0.0,0.0142614469851434
3612,reciprocal,2.2799933119022318,2.698221306929663,0.7135259274237971,0.0,0.0305038820623592
3613,reciprocal,3.0987353926385293,3.597894135015713,0.8351691666531256,0.0,0.0200934789084216
3614,reciprocal,-0.5739842051102064,2.963223192244941,-0.5353792903432684,0.0,0.005183552374977
3615,reciprocal,1.753841173306136,2.6085212969228517,-1.2973508599017105,0.0,0.0357247235082444
3616,reciprocal,-0.6097165298968887,3.1481006887257816,-0.4489973754824494,0.0,0.0079116336878172
3617,reciprocal,1.5588973535741104,2.9781969546568763,-0.6790816926761578,0.0,0.0154938806076173
3618,reciprocal,2.529478676563305,3.9653680204421615,1.0341131125849952,0.0,0.0060152409969673
3619,reciprocal,0.8282861657919796,3.513063321919016,-1.8466008923555453,0.0,0.0027610029442017
3620,reciprocal,1.44306624387195,2.957597809600587,-0.390705617660076,0.0,0.0218878007857885
3621,reciprocal,-0.5,3.620310799424246,0.5320579252014803,0.0,0.0039117093043954
3622,reciprocal,2.887267930295968,3.7849691850607967,-0.2887135645684813,0.0,0.0188566272199501
3623,reciprocal,-3.815512803177562,3.059417120079744,-0.9286750607259796,0.0,0.0311944167659494
3624,reciprocal,-2.374908398103349,3.5659266087211425,0.3129866737567948,0.0,0.0112798703231666
3625,reciprocal,-1.1770219215745676,2.6988254056658243,-1.7418467416812191,0.0,0.0187547606172795
3626,reciprocal,1.3420328759054518,3.693200127536949,-0.1683117923913539,0.0,0.0083408613292666
3627,reciprocal,2.2721992249218506,2.565758649110619,-1.2927504680357194,0.0,0.0212970824899234
3628,reciprocal,-1.4428974982033589,3.623110882623818,-1.1944614038507355,0.0,0.0109135198281082
3629,reciprocal,-2.752908680016785,3.464044312084803,0.8342498344834102,0.0,0.018500210383442
3630,reciprocal,1.0082618106853047,3.822302862665655,1.0458338162950898,0.0,0.0058007428167132
3631,reciprocal,3.8023608356988055,2.538814504498581,1.8209715483565807,0.0,0.0496490459729254
3632,reciprocal,1.9055951740507584,3.9576084248967343,-1.8818408033453324,0.0,0.0101678655227845
3633,reciprocal,1.5943102466996208,2.8476394274679784,0.4511655865180368,0.0,0.0127995076761924
3634,reciprocal,-3.700968319113027,3.5262245528849574,-0.1768417643824316,0.0,0.0291519093916045
3635,reciprocal,-1.596243137137396,2.571926692021911,-0.245090881424042,0.0,0.0139214226429611
3636,reciprocal,0.829613320681962,3.4753754342553824,0.4832888658132801,0.0,0.0049894422495864
3637,reciprocal,2.340509543254326,3.186745418491736,-0.9920675099530388,0.0,0.0143113934122762
3638,reciprocal,2.3329461024464635,3.005735448934986,1.0285267108694307,0.0,0.0143137394648138
3639,reciprocal,0.7284674730200509,3.732489626714505,0.9702278623932332,0.0,0.0028851952610632
3640,reciprocal,3.355267445043226,3.864994862771999,-0.4857551079839912,0.0,0.0164006411668469
3641,reciprocal,1.543620235764795,2.903373154834205,0.9449163732592628,0.0,0.0149523545421225
3642,reciprocal,-1.0088985003206368,2.816509109896419,-0.2271981825790354,0.0,0.0140151958356776
3643,reciprocal,2.7892714359344737,2.652340404529684,1.5608965547202196,0.0,0.02792675866287
3644,reciprocal,-2.5868155289771497,3.624721296055205,-0.6426071059496921,0.0,0.0213715763765175
3645,reciprocal,-1.2836158055441595,3.397093899660087,0.3847960443525009,0.0,0.006995520600514
3646,reciprocal,2.8979618176310424,3.000350844169091,1.6331206632852484,0.0,0.0336901994209296
3647,reciprocal,-0.5,2.826536430213473,-1.6339433929250036,0.0,0.0067072893650255
3648,reciprocal,2.382240024900108,3.701870914444873,-0.4698616771188373,0.0,0.0090655463197358
3649,reciprocal,-0.5321236977351447,2.7888618655644355,1.4315914974429291,0.0,0.0080359848013898
3650,reciprocal,-1.3377887582058534,3.903588903811384,0.6819595378994348,0.0,0.0086014818810592
3651,reciprocal,-0.5690406755117774,2.776577171212735,-1.003303824326824,0.0,0.0116847891558988
3652,reciprocal,2.178293483621624,2.5471026100467045,0.402129900144399,0.0,0.0168151951625338
3653,reciprocal,-2.105359217114887,2.713243894763336,-0.5790106302209099,0.0,0.0213991422075466
3654,reciprocal,3.4582768724808286,3.7919736372423154,1.490318688430663,0.0,0.0181447565426692
3655,reciprocal,-0.7571201610173928,3.567560145751047,-1.622427269846558,0.0,0.0033241303959617
3656,reciprocal,-1.43102167602855,3.4150848395222706,1.5953819325460334,0.0,0.0090376708379152
3657,reciprocal,-1.9329324375207808,3.688292014776582,1.8615951732107128,0.0,0.0073151058997507
3658,reciprocal,0.8165592891556743,3.0063847690314764,-1.6036551847521907,0.0,0.0115005566222547
3659,reciprocal,0.5325704776880622,3.696613806638832,1.3031478697585597,0.0,0.0017930200533647
3660,reciprocal,-1.0998527931063735,3.548107659361862,1.3666430788296564,0.0,0.0067483223977333
3661,reciprocal,1.748144301834932,3.7779264003089374,-0.571991525645628,0.0,0.0112675971856525
3662,reciprocal,-1.6942607910218186,3.262657902049627,-0.6385810544360684,0.0,0.0078860081434959
3663,reciprocal,1.861846617431909,3.8206607156278367,-1.0474140470027449,0.0,0.0093684437107734
3664,reciprocal,-0.5,3.483727742276965,-1.6680730527679255,0.0,0.0051457639275403
3665,reciprocal,3.835291584311367,2.6708790366724826,-1.902993134053497,0.0,0.0392943592805239
3666,reciprocal,-1.5697062101998398,2.737977606389678,-0.2651358778775878,0.0,0.0212990145172586
3667,reciprocal,0.5,2.7164599069125703,0.9722318014474318,0.0,0.0078326153256496
3668,reciprocal,-2.0843803466352018,3.5082610053230305,-1.524898634292552,0.0,0.0056922118538515
3669,reciprocal,-0.5,3.17839418455363,-0.6645244478757015,0.0,0.0031665618649812
3670,reciprocal,-1.7911163514155417,3.825599031028706,-0.5897992273320063,0.0,0.0119529161849754
3671,reciprocal,-1.8776985193414468,3.1627842765481224,0.7265721332444328,0.0,0.0070882725067795
3672,reciprocal,-1.8231907693386007,3.7712999811506513,1.9466438992506057,0.0,0.007484109137864
3673,reciprocal,-0.6307543689070645,2.721740240470115,1.673901412958685,0.0,0.007072690169278
3674,reciprocal,-3.3173210081071103,3.2832349121610904,1.146476726627181,0.0,0.0206723609011976
3675,reciprocal,-0.6044183261757983,3.144161959467506,-1.97054627946764,0.0,0.0043074254551287
3676,reciprocal,-3.1102004638921965,3.121552411021709,-0.7185966019606438,0.0,0.0423309309101322
3677,reciprocal,-2.6921262235605363,3.068388050977213,0.2248989120047038,0.0,0.0251683169010344
3678,reciprocal,-1.8131526223340604,3.1840225668181663,1.2613677261985066,0.0,0.0155630467073298
3679,reciprocal,-3.141136814451873,3.5423801683704483,1.6719293343526154,0.0,0.0078625220297697
3680,reciprocal,-0.7471392659832965,3.156378088703888,-0.0754552743452761,0.0,0.0059014805957805
3681,reciprocal,3.583984603269438,3.561988090862412,-0.2432504216874744,0.0,0.0323881985148143
3682,reciprocal,0.5755627815044813,3.740219875886547,-1.711510176170517,0.0,0.0021957148180845
3683,reciprocal,-3.0756969857173173,2.618873575504354,1.0846796054202297,0.0,0.0406917862489715
3684,reciprocal,-0.6673683269509922,2.9184616255867124,-1.3136833384939617,0.0,0.0061032021159843
3685,reciprocal,-3.5734746918974025,3.330843724297777,0.2120323896292451,0.0,0.0360875335088435
3686,reciprocal,1.6272855659670302,2.7295929395077203,-0.1026730787606275,0.0,0.0290271702703084
3687,reciprocal,-2.3872388530071804,3.2860853283018305,0.2564845978583148,0.0,0.0281520830072408
3688,reciprocal,3.475406360424333,2.875746409175338,-1.704743603378895,0.0,0.0562564569896158
3689,reciprocal,-2.06956160492624,3.2526043249438783,0.0924000837362326,0.0,0.0141998827288794
3690,reciprocal,1.4244559226314557,3.9935728450965127,-0.0316910040061912,0.0,0.0035673510444483
3691,reciprocal,0.6001998830655948,3.5872263857658115,-1.265585529128607,0.0,0.0020458786191255
3692,reciprocal,-2.5915048980656925,3.6609564467344224,-1.021642788720119,0.0,0.0216248064552125
3693,reciprocal,-2.766624523124249,3.476598200410005,-0.4646595354860454,0.0,0.0220621618924867
3694,reciprocal,-2.1177689652995424,3.1350791457324485,1.5194554429172462,0.0,0.0260507847976041
3695,reciprocal,1.7998983869007317,2.5566285077915434,-0.1387544700301632,0.0,0.0390831429751397
3696,reciprocal,-2.560400803170184,3.226721202251162,-1.0063893907278696,0.0,0.0092090883850126
3697,reciprocal,-0.5,3.3884150961860096,-0.8615899392114872,0.0,0.0039365934808845
3698,reciprocal,3.286580058914917,2.631502886386113,-0.2216186880925357,0.0,0.0714395377674471
3699,reciprocal,3.404857458943201,2.7340814376348144,-0.1134513512597235,0.0,0.0601615167470796
3700,reciprocal,3.5514756386548507,3.5656235114130563,0.8476411050272268,0.0,0.0283930127592164
3701,reciprocal,0.664581194677055,2.7747999050517773,-1.4810774288416333,0.0,0.0111570781461413
3702,reciprocal,1.550495445541081,3.592673150699583,0.2453832304297969,0.0,0.0087804248064237
3703,reciprocal,1.3024149036614867,2.6036241902025985,-1.2472795942749304,0.0,0.0216618558097033
3704,reciprocal,-3.0858795164638853,3.91217626871499,-0.8709174904422237,0.0,0.022379954216283
3705,reciprocal,-1.419716688866683,2.5773746619784905,-1.1135443136016754,0.0,0.0218816461632471
3706,reciprocal,0.7248913355978139,2.5802610726783577,0.9109066148506848,0.0,0.0194094762724817
3707,reciprocal,-0.5,3.0293160217101485,1.6730091525779764,0.0,0.0027252275857894
3708,reciprocal,0.58486778620557,3.4881761218900675,-1.070110016951706,0.0,0.0028107331689023
3709,reciprocal,0.9309494862522988,2.7653470878010498,1.4545498414510067,0.0,0.011268981208403
3710,reciprocal,2.409559150350521,3.5912960063681005,-1.180736054766022,0.0,0.0124312980373422
3711,reciprocal,0.5,3.69587587796803,-1.519409690126099,0.0,0.002760294607257
3712,reciprocal,3.2646145762702696,3.3965898131582097,1.0614692457410508,0.0,0.0137156782822515
3713,reciprocal,0.8357586024539705,3.7640978318008615,0.6103447006739997,0.0,0.0060330292179575
3714,reciprocal,-3.3925407693595435,3.678523144833061,0.2380246760175199,0.0,0.014225052292688
3715,reciprocal,-0.5,3.7346502587006585,1.4041620826881167,0.0,0.0032021119408841
3716,reciprocal,-3.779334026080425,2.9999625484303944,0.1302321437538878,0.0,0.0502197946670115
3717,reciprocal,3.8222863395754327,3.90694954277656,1.2309978801878714,0.0,0.0277149045767818
3718,reciprocal,2.832599070982224,3.2445538880482845,-0.7230785729269131,0.0,0.0240493918545478
3719,reciprocal,2.184843493460919,3.230088346100046,1.4623300622581548,0.0,0.0093775417610903
3720,reciprocal,-1.1553572793887952,3.691799996675932,-1.3146153489702583,0.0,0.0077040188871965
3721,reciprocal,-1.1804171207258092,3.2398525761072285,-0.98459748509275,0.0,0.0110203027270229
3722,reciprocal,-3.275414983101948,3.64776567720019,0.4385825696039704,0.0,0.0147983110932707
3723,reciprocal,-0.5,3.700001778350475,0.6683168712540661,0.0,0.0024424626972136
3724,reciprocal,-2.596844518429455,3.5570316844600662,1.383602708019425,0.0,0.006770702067132
3725,reciprocal,-2.672172175840319,2.618212197843377,1.2521438889280585,0.0,0.0584557787276705
3726,reciprocal,1.1440056756786872,2.5191580984504163,0.5563809803642075,0.0,0.0292765075895999
3727,reciprocal,-2.072196388437611,3.9426268674420863,1.6580734941609343,0.0,0.0123711555284657
3728,reciprocal,2.4305947216884247,3.925422955377868,1.4186581372051976,0.0,0.010048342690784
3729,reciprocal,2.5510394346800247,3.2186103081789232,-0.8810724122232094,0.0,0.0207562703264829
3730,reciprocal,2.292941555336357,2.7359539776371147,1.782732911706431,0.0,0.0165874625083893
3731,reciprocal,0.5,2.886738973655788,1.1753949388477944,0.0,0.0082551809449233
3732,reciprocal,-1.0469156923003782,3.832918083063785,-1.2019439280288746,0.0,0.0027798418367069
3733,reciprocal,0.8846988983988249,2.575794461230935,-1.9962049417925525,0.0,0.0197141910733596
3734,reciprocal,-1.264652422119899,2.6162621989959107,-1.743057014343068,0.0,0.0205038381861478
3735,reciprocal,1.6068623140266016,2.6627141588417755,0.2807831671393859,0.0,0.0169848207273358
3736,reciprocal,3.1102280538585365,3.1107285632312967,-0.9920014344107392,0.0,0.0231876264282534
3737,reciprocal,-2.9358809798698227,2.754957954156112,-1.79860859457804,0.0,0.0468501420744207
3738,reciprocal,-2.364689366205348,2.805705508963224,1.1927044392245807,0.0,0.0207138597236552
3739,reciprocal,2.0694998507138385,2.8417463516656003,0.3127123356373551,0.0,0.0392524649377161
3740,reciprocal,-1.43727169911637,2.940345069794024,1.0355158432270253,0.0,0.0061155729855674
3741,reciprocal,-2.1008167906107174,2.643066130445642,0.2804033403574744,0.0,0.0336791400102007
3742,reciprocal,0.8545999970911939,3.410856594997746,-0.252579255666717,0.0,0.0083267118581088
3743,reciprocal,1.332888079511033,2.86518513078312,1.1166459072129196,0.0,0.0098529301566733
3744,reciprocal,-1.278277775064284,3.829783039272261,-0.6764051202918355,0.0,0.0085559283292538
3745,reciprocal,2.494324144168337,3.417128457387108,0.7470762392495627,0.0,0.0198722199932666
3746,reciprocal,-1.3777695542068882,3.900881676698068,-0.8737318221459187,0.0,0.0090748938822875
3747,reciprocal,-1.3924033993836478,3.041628982710917,1.575712065278026,0.0,0.0205650793151649
3748,reciprocal,-3.827383667262042,2.5999128244130576,1.4024444313472628,0.0,0.0454229662571598
3749,reciprocal,-3.68105849982784,2.876919940717817,-0.2984941206783831,0.0,0.0358248073047149
3750,reciprocal,-2.0159093247883924,3.7006970969072537,1.729128946089038,0.0,0.0140162117969811
3751,reciprocal,2.4937234001793582,3.5849187264173734,1.0933330807173771,0.0,0.0179500146851638
3752,reciprocal,-1.6763112869377874,2.8452346135681057,0.3057995782154483,0.0,0.0245469861915819
3753,reciprocal,-0.9190523586044944,3.942892655281327,0.8676349596784436,0.0,0.0040813973368241
3754,reciprocal,3.989536119204196,3.704481057894269,-0.8539726971050974,0.0,0.0268615401962171
3755,reciprocal,2.7078939723933217,3.0285590809457124,-1.5293935552682556,0.0,0.0211157645850094
3756,reciprocal,2.2389723211267247,3.279658406180335,-0.7676416806699864,0.0,0.0074992436316875
3757,reciprocal,0.5,2.8132419380023803,-0.7604370660532629,0.0,0.0065122620562172
3758,reciprocal,3.78316278106882,2.7568630823391307,-0.4928099716119973,0.0,0.0612169589994078
3759,reciprocal,3.269689095688091,2.95896615622913,1.3864390014703418,0.0,0.0483818698831089
3760,reciprocal,-2.649880052713685,2.9203769695089616,-1.0171954556958367,0.0,0.0370712728584774
3761,reciprocal,3.170582903156032,3.2362757230308903,-1.406821785357906,0.0,0.0183545307903532
3762,reciprocal,2.995290868485628,2.5649322043235343,0.2895982482885477,0.0,0.039895314917159
3763,reciprocal,0.5620284051245727,3.421110573237813,-0.7570016956253456,0.0,0.0031650750550082
3764,reciprocal,-1.8530153884806413,2.61720228069567,1.9917151994470568,0.0,0.0347680124380816
3765,reciprocal,-2.65987627622213,3.096534018416057,0.820871826743848,0.0,0.014886276914107
3766,reciprocal,-0.9959885564410396,3.538014477495653,-0.6989093683924192,0.0,0.0073550228613673
3767,reciprocal,-0.5808362584335081,3.9817058822113776,0.0385894487066957,0.0,0.0029858332640358
3768,reciprocal,0.5,2.5779687930492594,1.2233547741758923,0.0,0.009068773432105
3769,reciprocal,0.5,3.114330814160379,0.3855861874709494,0.0,0.003286563594818
3770,reciprocal,-0.5,2.7155106110578893,1.8480943643579175,0.0,0.0084030296622128
3771,reciprocal,-3.199876811535844,2.662548458136921,1.5308272876978832,0.0,0.0300225306759413
3772,reciprocal,3.813253642245221,3.647660593605952,-1.164622325353486,0.0,0.0285400580340261
3773,reciprocal,1.7257694785312951,3.1943633907083755,0.4001504640369351,0.0,0.0132314140607119
3774,reciprocal,-0.9764482573512564,3.844047633043776,-0.462564693246605,0.0,0.0035375074811268
3775,reciprocal,1.048635360424167,3.8907313269510695,-0.4298581908060206,0.0,0.0039685780575951
3776,reciprocal,-1.0013086319447968,2.663626280629822,1.7803405919815125,0.0,0.0192608653914616
3777,reciprocal,-0.7649347230343135,3.488364175110616,1.2235596423868451,0.0,0.0063300948870618
3778,reciprocal,-0.6513960565167647,3.294556481741584,1.516534713787434,0.0,0.0065510166037381
3779,reciprocal,-3.55656681504252,3.989983980097689,1.148154895714193,0.0,0.0173731824071175
3780,reciprocal,0.8506107151116709,3.067649201928869,-1.594511266751538,0.0,0.0049976714738685
3781,reciprocal,-2.6989748485966008,3.977083806948306,0.7728046971853382,0.0,0.0180713631320434
3782,reciprocal,-0.5,3.010610162615071,1.804961558326481,0.0,0.0045786080265248
3783,reciprocal,3.092827972086824,3.03593830139028,-1.9416498905123167,0.0,0.0453793149330464
3784,reciprocal,-0.983814546232173,2.629483695752057,0.7353554916839453,0.0,0.0156991723460194
3785,reciprocal,-1.9341469381135248,2.515354379532837,0.032675792446561,0.0,0.031890007809588
3786,reciprocal,-2.942265284063117,2.953930660305243,-1.964436428508478,0.0,0.0309789955357967
3787,reciprocal,-0.5339042919517896,3.4106905480582945,1.799476662495207,0.0,0.0048165983740895
3788,reciprocal,-3.8509305535703886,2.629771847440091,-0.542207243022907,0.0,0.0892084150759241
3789,reciprocal,-1.687497384590916,3.976854367409549,0.7479651109434373,0.0,0.0118025939483234
3790,reciprocal,-3.444068845451305,2.5118920753056027,-0.0634819067638545,0.0,0.0989826844211726
3791,reciprocal,-3.8530211963028647,3.615796796276033,1.1186845120974265,0.0,0.026167247263072
3792,reciprocal,-2.187155284395029,2.79159114989004,-1.881560502831249,0.0,0.0415173305084416
3793,reciprocal,0.6330055344997536,2.9084772747234924,1.3483991394398545,0.0,0.0084083278140505
3794,reciprocal,2.705412575827685,2.766275006063657,-0.0969604608467298,0.0,0.0382897923634842
3795,reciprocal,1.2784827680476836,3.55220756494347,1.4181722173278173,0.0,0.00714790671411
3796,reciprocal,-0.5,2.608023464427172,-1.449251166475023,0.0,0.0129936825882546
3797,reciprocal,0.5,2.8052637797750406,1.813072191793322,0.0,0.0053970979939175
3798,reciprocal,1.186676314786328,3.8059675370038697,-1.0282493682432636,0.0,0.0032938341784289
3799,reciprocal,-2.9106368219657925,2.5629972073394995,1.8153962387777347,0.0,0.032230162963514
3800,reciprocal,-0.5244545948596686,3.118318105298153,1.176896796343002,0.0,0.0046506510195116
3801,reciprocal,1.8033435196119365,3.716471334484513,-0.746423679284975,0.0,0.0154521513715338
3802,reciprocal,-0.9196802723223731,2.8970952466251605,0.2522253674794603,0.0,0.014444490003135
3803,reciprocal,-1.0898107149854743,3.7779700224473114,-1.941367894419293,0.0,0.0084845431192581
3804,reciprocal,3.452899183422648,3.285243355457135,1.822545981725076,0.0,0.0338655368287782
3805,reciprocal,-0.8191763767787288,3.1179549912294475,-0.0648001606331205,0.0,0.0040109134625457
3806,reciprocal,2.28746895872736,3.3480610135408684,0.4100848218147761,0.0,0.0180930711196942
3807,reciprocal,2.2479792276446853,3.991536965107761,1.266442716586079,0.0,0.0147144289043175
3808,reciprocal,3.208189770892049,2.994756923086386,-0.4197527348820133,0.0,0.0377065681226496
3809,reciprocal,-2.196490255813769,3.802839012551906,0.3174886785989166,0.0,0.0118057939553294
3810,reciprocal,-3.531060965850662,3.83328595952493,1.0888800673167205,0.0,0.0160206902845262
3811,reciprocal,-3.75568568338109,2.805910898770368,1.83976212644008,0.0,0.0508134768026788
3812,reciprocal,0.5,2.502396545485162,1.9173675481166577,0.0,0.0151291309950123
3813,reciprocal,3.132934313696797,3.246002340165801,1.0397286963601342,0.0,0.0167897419205288
3814,reciprocal,-2.9628236747360948,3.718023475900511,-1.089560160149539,0.0,0.0192210783954437
3815,reciprocal,1.5888367050125505,2.5890946775662327,0.9411341974339114,0.0,0.0359855736211723
3816,reciprocal,0.616913973785504,3.2030561987596613,1.978111198747182,0.0,0.0032962144827614
3817,reciprocal,0.7023655721934521,3.139443011928223,-0.2982202793301214,0.0,0.0061489751258803
3818,reciprocal,-1.0144377798943287,3.130298622399724,1.4770880405908868,0.0,0.0085711530912277
3819,reciprocal,0.5,2.891209775843436,-1.5891410801146937,0.0,0.0078759347573348
3820,reciprocal,1.34677520157339,2.831982190613656,0.4082265849513096,0.0,0.0131925937537644
3821,reciprocal,-0.5,3.3260746144061564,-0.7857019288426677,0.0,0.0022680946822578
3822,reciprocal,-3.479109282318296,2.8984772808243746,-1.264573409581678,0.0,0.047207023334616
3823,reciprocal,3.369698432122056,2.646480858687427,-0.6920253279255011,0.0,0.0388275933654742
3824,reciprocal,1.1987300834990826,2.952438626220855,0.6255275815067578,0.0,0.0152859510936951
3825,reciprocal,0.7899491618484609,3.932505944626308,-1.9828983891691307,0.0,0.0014935375149881
3826,reciprocal,-1.3756450273296457,3.382373044572716,-1.8262386062315028,0.0,0.0047846006483658
3827,reciprocal,-1.0176396188205734,3.816076417701376,0.6658484916538674,0.0,0.0043224270883277
3828,reciprocal,-2.7005595500296327,3.612313190401715,0.9994186944695148,0.0,0.0249032874712014
3829,reciprocal,2.66687786297169,3.0648880430597574,1.1838293691876671,0.0,0.0197856285159801
3830,reciprocal,-0.5,3.899614664303992,0.8823853522849165,0.0,0.0033951931278832
3831,reciprocal,-0.5,2.5959101276738368,-0.6969983936597717,0.0,0.0081017955790072
3832,reciprocal,-2.386926638881679,3.8747027585328655,0.6422973259234341,0.0,0.0108192668053594
3833,reciprocal,-3.9866055325969496,2.770523369736676,0.4191881527326893,0.0,0.0434335922551802
3834,reciprocal,-0.8794259617816547,3.3220613475446013,0.7767008296331723,0.0,0.0053095508314491
3835,reciprocal,1.8475050504500832,3.667740241352274,-0.4602169941017746,0.0,0.0151904652632961
3836,reciprocal,-2.5629431058547354,3.006555171832791,1.7053454425483645,0.0,0.0174508336712032
3837,reciprocal,-2.647889204705113,3.793128781277429,-1.4774554392352313,0.0,0.0074932874242265
3838,reciprocal,-0.5,3.886128297662097,-0.6509592902197965,0.0,0.0038541160850443
3839,reciprocal,2.637423360937019,2.6174137012501446,1.8575599531054467,0.0,0.0448480405794163
3840,reciprocal,-0.5,2.818101847984264,1.9459272172416808,0.0,0.007597759610359
3841,reciprocal,2.2706310438924424,2.521456287170154,-1.4513131236252177,0.0,0.0517760564004118
3842,reciprocal,-0.8619403827484007,3.3548022124251053,0.967493080609362,0.0,0.0094874834714575
3843,reciprocal,-2.6729432416522148,3.1003888248797127,1.5719501126088842,0.0,0.0318988933188634
3844,reciprocal,-2.4682230015837927,3.651221934932844,-1.910688657886566,0.0,0.0222670541570092
3845,reciprocal,0.8806772849450271,3.091085908582,-1.936685895553845,0.0,0.0101066376402623
3846,reciprocal,0.5181802510241349,2.520896401070984,0.889692580378393,0.0,0.0050504043693545
3847,reciprocal,2.8481503956958303,2.863912324454727,1.665957837828666,0.0,0.0184397514784819
3848,reciprocal,-1.8032329046725997,2.57593070928856,-1.086570673997049,0.0,0.0159111667967105
3849,reciprocal,0.5,3.807517305357336,-1.811652836653297,0.0,0.001563808263591
3850,reciprocal,0.5,3.564953300683902,0.3883831522617145,0.0,0.0046944360925687
3851,reciprocal,-1.892814295295583,3.628292457708888,-0.9229872903810388,0.0,0.0077372551649508
3852,reciprocal,-2.652772769022717,3.2163248124895785,-0.3823944320168304,0.0,0.034177579264107
3853,reciprocal,2.2643912186834427,2.560825990567264,1.4106510432550925,0.0,0.0570459518980952
3854,reciprocal,-1.1555623576434453,3.631629463676602,-1.3829211470497058,0.0,0.0035893781679807
3855,reciprocal,2.070030070585547,3.793622301616796,-0.429715089773472,0.0,0.0100887538410414
3856,reciprocal,-1.134324791260492,3.0763099235809763,0.6325741195933121,0.0,0.0084001179396422
3857,reciprocal,-1.7303976822614473,3.762043348895536,0.6832763471428542,0.0,0.0085000366366397
3858,reciprocal,-1.3967262410484285,3.8779282574933855,-0.6040223070773734,0.0,0.0077610294950315
3859,reciprocal,1.117730226822956,3.714983010899669,-0.7580511018069158,0.0,0.0080434184067238
3860,reciprocal,-1.4983656396466216,3.716558989119709,-0.1351610386552328,0.0,0.0110885266258582
3861,reciprocal,1.1648477334325964,3.186336549281488,-1.0694987435189507,0.0,0.0042564053984268
3862,reciprocal,-3.4136527143059814,2.566651675887607,1.0805293368798252,0.0,0.0795457870735075
3863,reciprocal,-1.287262756980141,3.894475924132083,-0.3006316326411435,0.0,0.0040440156802716
3864,reciprocal,-3.9942821169269473,3.3718234664467506,-0.1310857848244437,0.0,0.0282348381432832
3865,reciprocal,-1.97809110738764,3.5909370695133047,0.8754013483127636,0.0,0.0095105711500261
3866,reciprocal,-0.8323947556973756,3.2999407700809087,0.7264623758703252,0.0,0.0077203110899949
3867,reciprocal,-0.5,3.0083227271206034,-1.462607300800682,0.0,0.0071057660810582
3868,reciprocal,2.25832272053908,3.185878845543532,-0.264818418363927,0.0,0.0192285545213872
3869,reciprocal,-3.796907596423448,3.490296113757995,-1.0981119127671848,0.0,0.0285280107021078
3870,reciprocal,2.074420403688636,2.92479533621416,1.029716068468535,0.0,0.0270898751909068
3871,reciprocal,-3.3894557174203825,2.9388298418095253,-1.1025793495192122,0.0,0.0348954801360165
3872,reciprocal,-1.6034323237947357,2.6430112095933307,1.8710773769872424,0.0,0.0228953962716572
3873,reciprocal,-3.075308637043247,3.374129193661556,0.1270590415203911,0.0,0.0336170665848072
3874,reciprocal,0.5140720001930026,3.11987660007802,-0.7677815987082135,0.0,0.0040540629169476
3875,reciprocal,2.892657624614472,3.891822719213385,1.1174057316902617,0.0,0.0141712404244575
3876,reciprocal,-0.5,3.1343876470725047,-0.0216058469276285,0.0,0.0058700570474862
3877,reciprocal,3.3601503633059844,3.2248625453570674,-1.6966950310538138,0.0,0.0287145835269939
3878,reciprocal,-3.9550106558124254,3.528083824397994,-1.560022902498393,0.0,0.0337942403239426
3879,reciprocal,-3.0957883919909097,3.402440391629765,1.9855947620743275,0.0,0.0107155980673428
3880,reciprocal,2.6031899677072587,3.9720924349613433,-1.915872684320369,0.0,0.0059753315541808
3881,reciprocal,3.5566167721632302,2.997050132220519,-0.5644409926251162,0.0,0.0397027043402517
3882,reciprocal,-1.189794043865145,3.6733697822076654,-1.5535043580438397,0.0,0.0074369955021248
3883,reciprocal,-2.9700345658402254,3.4408803954213925,-1.8074215978416184,0.0,0.0141760970765156
3884,reciprocal,-3.922588457119735,3.9339140522371823,0.0999213260772022,0.0,0.020126486671205
3885,reciprocal,2.293275991865931,3.557968550072506,1.9571461502373249,0.0,0.0057350548317422
3886,reciprocal,0.95175065898618,3.3764518726818475,1.510918841679786,0.0,0.0074419633448027
3887,reciprocal,3.506336919018235,3.0164987770831875,0.9997511828628912,0.0,0.0366872041877048
3888,reciprocal,3.732240913953726,3.570475160958117,-0.7530060324378076,0.0,0.0238015164883055
3889,reciprocal,2.983200019497245,2.793580715463956,0.8453651608081443,0.0,0.0243156007662732
3890,reciprocal,-3.4354025098459067,3.624500722091078,1.973937586129915,0.0,0.0164154320168059
3891,reciprocal,-1.795294058284031,3.570621506651104,-0.5457471173934549,0.0,0.0145945146225039
3892,reciprocal,-3.416374002472411,2.979540000816886,0.2994177150647195,0.0,0.0514515943047132
3893,reciprocal,3.159598415106135,3.3149441058359628,0.0950380949833866,0.0,0.036699134729001
3894,reciprocal,-0.5,3.9429215876218113,0.0880767145003091,0.0,0.0013978304986887
3895,reciprocal,-2.457025802081713,3.928435342887492,0.415134151934978,0.0,0.0153079340551975
3896,reciprocal,-3.703555027943345,3.682838718968794,-1.0658056546596495,0.0,0.0207088024717544
3897,reciprocal,-2.8592506346432423,2.6635842177412656,1.8667731367887792,0.0,0.0273242942235619
3898,reciprocal,-3.695596987990064,2.663660072131315,-1.3518065016733782,0.0,0.0573260907921555
3899,reciprocal,-3.374678445270309,3.94326481702259,1.5134201283395203,0.0,0.0104759824828981
3900,reciprocal,3.1401953568130194,3.666934492173018,-0.535861250469206,0.0,0.017517596142409
3901,reciprocal,1.2521441066396974,3.930545838854419,1.2621438340920847,0.0,0.008349699088946
3902,reciprocal,-1.8819484212378272,3.940160812694166,-0.5009866244794687,0.0,0.010842421517148
3903,reciprocal,3.67936869324484,2.5760854150607453,-1.836963727509633,0.0,0.0418893940396364
3904,reciprocal,-0.5,2.9035193037499574,-1.6879187327710303,0.0,0.0073958874476346
3905,reciprocal,0.8141641057518081,3.038363062459106,0.4975263379558901,0.0,0.00542536768723
3906,reciprocal,-0.5,2.853543293892837,-0.395536437331506,0.0,0.0028739862095443
3907,reciprocal,-1.6583855844173048,2.977904726561169,-0.4648902609659475,0.0,0.0094162720476294
3908,reciprocal,3.2171387003688547,2.94579431278588,0.437315280644976,0.0,0.0408521694024955
3909,reciprocal,0.8103138349635044,3.0181435353041954,0.966888324343083,0.0,0.0122174366215903
3910,reciprocal,1.918119276851851,3.219317051563705,0.6166680834593885,0.0,0.0083824121352289
3911,reciprocal,-0.5,2.5764716580825304,0.8058016513260857,0.0,0.0055842252929964
3912,reciprocal,-2.9830618945483947,2.74991329383948,0.884639749114374,0.0,0.0173434793207746
3913,reciprocal,1.576836926778813,3.347622867693043,-0.158594506908742,0.0,0.0112503805408583
3914,reciprocal,-1.6985128569106864,2.978338268517871,-1.5606207280275597,0.0,0.0235106522807196
3915,reciprocal,-2.431848939082803,2.55657782675337,-0.1825855339802768,0.0,0.0436564775271405
3916,reciprocal,0.960897919378728,3.160803712126908,1.7480137123871151,0.0,0.0062551760361283
3917,reciprocal,1.798230329757505,2.971599243668272,1.6541463600682218,0.0,0.0184039899149866
3918,reciprocal,3.1105546169554144,3.051984363400216,-1.2375059984235768,0.0,0.0370385402118477
3919,reciprocal,-0.8422683333149381,3.205813617534619,0.925791081345217,0.0,0.004901175765049
3920,reciprocal,-3.116112584899269,3.359915178801294,-0.3296206224972153,0.0,0.0266778791209583
3921,reciprocal,-0.9409454886689675,3.163379431744229,1.6325546925311951,0.0,0.0079484535477761
3922,reciprocal,-2.084067519189344,3.3096198142537805,-1.4935321007766178,0.0,0.0210677403581324
3923,reciprocal,-1.297081936418966,3.4096143316730814,-1.802838214266823,0.0,0.0048470433687977
3924,reciprocal,0.5,3.29785274091723,1.2631331753790018,0.0,0.002105339913953
3925,reciprocal,1.3147225524318742,2.671722870597641,-1.6083046510723045,0.0,0.0167605934054293
3926,reciprocal,-0.915972130266538,2.656686918204693,-1.0379533274593769,0.0,0.0137318108889933
3927,reciprocal,-0.5,3.6332787860836735,-0.9438054308325028,0.0,0.0017848781282063
3928,reciprocal,0.5,3.0895080251064213,0.3969178391284793,0.0,0.0057413712189325
3929,reciprocal,-0.745657240645011,3.7917017353324898,1.304079383756029,0.0,0.0060026786212506
3930,reciprocal,2.1554867911886197,2.6729023900703663,-1.684600453117803,0.0,0.0252822402849875
3931,reciprocal,2.944199352506935,2.546226022035332,-0.1917083661083696,0.0,0.0223750271316634
3932,reciprocal,-1.0995005636617377,2.7566831202359,0.0987810796057662,0.0,0.0104296828055636
3933,reciprocal,-0.5,3.1333614836392014,-1.725267821991704,0.0,0.0026670983387721
3934,reciprocal,-3.874761057110893,3.122110769665825,-1.7197014721923822,0.0,0.0213807976490083
3935,reciprocal,-0.5,3.750599892327808,-0.999842809752996,0.0,0.0013730300580589
3936,reciprocal,0.5,3.0076422228512723,1.191991745622472,0.0,0.0040263971947258
3937,reciprocal,-3.719432723121055,3.230147683124611,-0.5091237795734798,0.0,0.0318014339148307
3938,reciprocal,-3.999947127131927,3.555958047849962,0.8167471531192696,0.0,0.0137305484157824
3939,reciprocal,-3.786093411363453,3.083245451163116,0.1815918272543091,0.0,0.0376531945709107
3940,reciprocal,-3.563160751781023,2.803030088617966,0.2546977877568066,0.0,0.0223977706361693
3941,reciprocal,-2.342121131461833,3.1061707160623597,1.9911270226865088,0.0,0.0160499621488657
3942,reciprocal,2.9702586487995744,2.5941740944469944,-0.2678833099525621,0.0,0.0638643673045959
3943,reciprocal,-3.595129462306862,3.351907418271873,0.0363603653128254,0.0,0.0205683712124962
3944,reciprocal,1.346992653194255,2.7057180171460247,-1.9134257772797236,0.0,0.0284418501461018
3945,reciprocal,0.8596521030220137,3.5539245650952127,1.9804010743181788,0.0,0.0065323533656979
3946,reciprocal,1.5941805421639073,3.5029827803285745,0.070565196477899,0.0,0.0059605136739201
3947,reciprocal,1.0830538088447057,2.604085328459584,0.016993092860392,0.0,0.0178506204453232
3948,reciprocal,-1.7744233325258438,3.74149702533484,1.89974003337176,0.0,0.0116705926579212
3949,reciprocal,2.542841389018021,3.619693064664984,-0.7652708443082861,0.0,0.0171084161765533
3950,reciprocal,2.5445537637802387,3.3989198876654445,-0.1454878583970171,0.0,0.0144684702584042
3951,reciprocal,1.1107640569220294,2.5850950338057577,0.8321602795042611,0.0,0.0235303595043735
3952,reciprocal,2.398611604050247,2.8388556447730826,1.369537693313536,0.0,0.0316474110662575
3953,reciprocal,0.5,3.589119018658792,-1.2102548784597014,0.0,0.0031753254307406
3954,reciprocal,2.293740373453419,3.853824234108564,0.235940849222656,0.0,0.0118218720820249
3955,reciprocal,1.744426555764773,2.915001458115715,-0.113023523013962,0.0,0.0281056180655483
3956,reciprocal,2.372529478378026,3.100282079619812,-0.4309991437289073,0.0,0.0220099441192775
3957,reciprocal,2.367928832758345,2.618232828122518,0.3642761387545667,0.0,0.0469311727817201
3958,reciprocal,3.498092208085657,3.879428606695483,1.2724836307453915,0.0,0.0221409396419734
3959,reciprocal,-3.716297845121949,3.984198991813261,1.6608494503021194,0.0,0.0208791027158592
3960,reciprocal,3.5353258193729262,3.3493331255910315,-1.3106338278459084,0.0,0.0394720788291937
3961,reciprocal,-2.211970715881251,3.33184133927534,0.2084845307132878,0.0,0.0083774997686504
3962,reciprocal,-1.173630052270476,2.8321649567471403,1.4504669603531235,0.0,0.0198342840589627
3963,reciprocal,0.6233870508656381,2.7877086067227226,-1.3958345339523417,0.0,0.0091460346812879
3964,reciprocal,2.5373403933027365,2.687817615013249,-1.34668251161419,0.0,0.0331124734265148
3965,reciprocal,-2.548380049948185,3.9756225525563953,-1.4866346705370606,0.0,0.0082422115093626
3966,reciprocal,2.026552019509549,3.765417057049049,-0.926426135578858,0.0,0.0116274213709377
3967,reciprocal,0.879034510832871,3.824107437169919,-1.0119040828387078,0.0,0.0040713387763255
3968,reciprocal,0.5,3.154229808012957,-0.5468837200521763,0.0,0.0019524125439776
3969,reciprocal,-2.35177575143734,3.613063965831089,-0.7756066441433895,0.0,0.0157073669519841
3970,reciprocal,-0.5,2.811974799207505,-0.5038652089166806,0.0,0.004342239648906
3971,reciprocal,-0.6481509081092227,3.453533490893336,-1.1762410197839834,0.0,0.0041236568296326
3972,reciprocal,-3.180478592813391,3.349482149889412,-1.2251647107580772,0.0,0.028143282215186
3973,reciprocal,2.9855981220249683,2.509653176631999,-1.731527604851764,0.0,0.0347479297213686
3974,reciprocal,-1.8697982056160944,3.593698166756371,-0.3485918521897857,0.0,0.0169724712833292
3975,reciprocal,0.5,3.397532910235667,1.3432776300269025,0.0,0.0040083029080127
3976,reciprocal,0.5,2.753999070855526,-1.5396465324802464,0.0,0.0056099043014875
3977,reciprocal,-1.565741121859059,2.709675280587533,-1.2860865510241806,0.0,0.0129984207811145
3978,reciprocal,-0.8326617311421973,3.08501958616649,0.4114003401214607,0.0,0.0091185700678403
3979,reciprocal,-3.0410778918643238,2.889742939215628,0.8471820820853266,0.0,0.0236542028280354
3980,reciprocal,2.1721123965779787,2.976070819603524,1.2539869987030063,0.0,0.0230434556859201
3981,reciprocal,0.5202760000587983,3.721654803440388,-0.3574482126657829,0.0,0.0020213869932737
3982,reciprocal,-1.1066078381764264,2.693506268548262,1.26135529047008,0.0,0.0119467253505912
3983,reciprocal,-1.7512415526914609,2.8536032211646125,-0.9918029856561804,0.0,0.0129850602229292
3984,reciprocal,-2.6872478996178195,3.413472819391859,-1.6821606280949588,0.0,0.022139228581443
3985,reciprocal,3.6893306762709246,3.7411810810458,1.3640112035762608,0.0,0.0113059401409447
3986,reciprocal,0.5,3.671630466904408,0.1416157896921084,0.0,0.0021211197966922
3987,reciprocal,-2.772068672983566,3.2318424194412425,0.0323658354827114,0.0,0.0127120746089678
3988,reciprocal,-3.1969680202634496,2.796692322400427,-1.2394345701807548,0.0,0.0562605843888668
3989,reciprocal,3.7499793252297255,3.540956219334393,-1.9763194777446151,0.0,0.0157841561512174
3990,reciprocal,2.528710948337236,2.6254614583147413,1.3843874689231614,0.0,0.0529193634010621
3991,reciprocal,3.423272109326615,2.6447987681490543,1.5582156256665811,0.0,0.067263944246871
3992,reciprocal,-0.8173630142104447,2.5646254469265384,1.7314069127266416,0.0,0.0125349242091294
3993,reciprocal,-3.4802240273053995,2.7584228317238977,0.4107556076403558,0.0,0.0320753459981099
3994,reciprocal,-0.5,3.3989732882081003,-0.7472852091651911,0.0,0.0014117443837329
3995,reciprocal,1.7284093664665583,2.7052790050940305,1.677456034279567,0.0,0.0379712624583118
3996,reciprocal,-2.842187127244276,2.7852241523715806,0.8597923716080516,0.0,0.0192471378377084
3997,reciprocal,3.532929217352008,3.5722606274407305,0.2525143738861346,0.0,0.0310280978776159
3998,reciprocal,2.785077949237821,3.758993519350428,-1.7786595839175785,0.0,0.0066398461449814
3999,reciprocal,-2.2727752099265297,3.9094348536161463,0.8531730994420266,0.0,0.0165027582492895
