id,label,y_00,y_01,y_02,y_03,y_04,y_05,y_06,y_07,y_08,y_09,noise
1,linear,-2.4416865595234585,-2.3134000152967693,-1.745866740006543,-1.081418300760276,-0.649480496019908,-0.12529731000390631,0.25798718026759876,0.9599556132853744,1.434382832094574,1.833111127479921,0.12406503069736498
2,linear,-2.898404670553001,-2.4081454159139155,-1.718735811192722,-1.2033539490790939,-0.6380461820460849,-0.09546197806036846,0.5981092514187772,1.0852577359073987,1.6418278447767527,2.220420668846969,0.06292337169501801
3,linear,-2.468577586250108,-2.518337318504951,-2.5915044655079003,-2.651248768563511,-2.7120686771011218,-2.763373231450324,-2.819716415269115,-2.8857103255787657,-2.948864325814218,-3.0079408325593557,0.005496131400886668
4,linear,-1.8235627441798294,-1.3929154421065983,-1.1818002805513916,-0.812489391857894,-0.5192706033372314,-0.20971816516080286,0.1411972576318452,0.39443346236436766,0.7305215461244193,0.9864989786293807,0.07510473248152373
5,linear,-1.3420784210353562,-0.8488623002214446,-0.35763938496326453,0.19317013104624345,0.9014262316779037,1.1472155864713922,1.8626396574502626,2.0759202283352094,2.7369205861878165,3.3027210514589345,0.1119542165173876
6,linear,-0.0776203490849351,0.016254254461832936,0.12751480169207946,0.21004509828302145,0.2921498040833277,0.3891285863090939,0.4869734903064026,0.5994014468949198,0.6903527391245264,0.7922499418984432,0.012124474636103555
7,linear,1.2405425033198076,1.3582525078892003,1.4358130338104789,1.5435699384862096,1.6445624340696872,1.7286113721538219,1.865848218479231,1.9468665326291155,2.0585221232735798,2.169887078544094,0.021301458857129685
8,linear,-1.9150468686941893,-1.5486455832308597,-1.2809869406088503,-0.9198162184348321,-0.5645061554892526,-0.19902222473045406,0.22068971046372432,0.5036497943186503,0.8793492818723048,1.3132496687537274,0.05060620585288496
9,linear,-0.945026435254893,-0.5087654136609018,0.03544880371839637,0.6249246325953086,0.9160047132809404,1.5837157167496416,2.06360932219917,2.4929179884281534,2.920632144510831,3.5370925118747363,0.07963655064986574
10,linear,-2.0371627614288035,-1.7918147720240645,-1.4633325038212608,-0.9785759754485416,-0.5852168292089456,-0.10546115239534586,0.2434757146982986,0.5960176727464881,1.0731967935630442,1.2547636402276405,0.07865170917827265
11,linear,5.032021458774518,4.67139371091336,3.9899006854011425,3.26465845434199,2.7299542418205753,2.292974871064278,1.7660300746496298,1.3099848776000815,0.8269356617192061,-0.0381919264230672,0.11183050215508859
12,linear,-0.7452023954835602,-0.6116632819045748,-0.4871269430489853,-0.3524710918739176,-0.20667445801538872,-0.09292636262570991,0.029808221707698368,0.14403972947792168,0.2618762912718041,0.4073942623931142,0.0151479398540916
13,linear,2.7180398811047075,2.403551373772864,1.8852363152941258,1.4364542603751906,1.0667297653770358,0.6987570430403458,0.5589971526319191,-0.08747423097192779,-0.3314672271556333,-0.872429014232579,0.08731057720853942
14,linear,-4.883457803812937,-4.165214617497276,-3.2042405346487004,-2.5266246620880106,-1.8305467850731996,-1.0327995344731522,-0.022332546784900816,0.9819033896443703,1.586193488030197,2.3519097011863064,0.14154353624993232
15,linear,-1.2585279086688828,-1.2130565004261813,-1.18486491353277,-1.1426232451972587,-1.1197460238240362,-1.097303263959024,-1.0649085998585741,-1.0076125705886347,-0.9735139131122162,-0.9549722072043214,0.007873259105959407
16,linear,3.36921879574566,2.4601318145960622,2.1165585007521877,1.3934402671965977,0.8806369321019328,0.2871202871594325,-0.20924963562032706,-0.6217995062956774,-1.386020359806237,-1.8746790482738962,0.1473396824818064
17,linear,2.8855290965875393,2.262924115900791,1.6699848255725984,1.1800305973677905,0.18064518003546637,-0.2937010240612462,-1.0410937317905853,-1.6905630985367892,-2.1687885138355294,-2.9088645053496918,0.14587180091934193
18,linear,-4.97525744182945,-4.063287685936256,-3.2677055369181844,-2.733429210582163,-1.6665346835656092,-0.8264200078203667,0.48414108817323087,1.1540585949937403,1.3670971719599132,2.300824457025319,0.21865900761974832
19,linear,1.9738313838046395,1.908937634337419,1.8512168101483832,1.7878997566497685,1.7369942985371563,1.6757949746646759,1.6197088141336946,1.5604806584140873,1.5052853637190808,1.4413604535058344,0.003568841739411732
20,linear,-1.1541901821884604,-1.2092626887367435,-1.2814337077878308,-1.4007588777077902,-1.4753572303232396,-1.5508126706046688,-1.6200600256958417,-1.7269103307512936,-1.8020745422535351,-1.874662938323692,0.009165422561787316
21,linear,1.3082465468415112,0.7763220842676135,0.1801559350310052,-0.3869608320033823,-1.0249985104860762,-1.5629811227184371,-2.127747566892466,-2.769633858793863,-3.3534174532949406,-3.964494413066007,0.05514611714015336
22,linear,-0.8976235439853435,-0.13247060669810745,0.5108353093302916,1.1241232970390582,1.739146852400023,2.3901161938012137,3.1603538082293907,3.7852909543228663,4.4617399166643334,5.028396988340918,0.04495754927231683
23,linear,-0.4140525587021272,0.3236292752786951,0.8979733601428782,1.4492985318421967,2.092659766413138,2.6778346710540553,3.3584466974619813,4.1968564319810575,4.110786105034904,5.1236448376847346,0.17257164034671627
24,linear,-2.5567631538880016,-2.262325250486256,-1.9831170900619033,-1.8074734286154917,-1.506080833073624,-1.284464157674395,-1.030414087013074,-0.8043358113636015,-0.5402585053134217,-0.25582506117004733,0.022221440745796163
25,linear,-3.4021298810140985,-2.53360145930408,-1.9217905664153205,-1.1433519779184587,-0.5137973983400919,0.26209562057202235,0.9271203609482025,1.8332407641588744,2.3601660991530045,3.293204300092765,0.0983671506412998
26,linear,-4.9974971270764845,-4.2199609624479715,-3.7174998560700856,-3.369531704250203,-2.5365499926274286,-2.0360226923484634,-1.311478910940676,-0.41170152347722655,0.11829408875308556,0.5893466038092969,0.12737028317417076
27,linear,-5.15064405746564,-4.2072218391311855,-3.2852052449352445,-2.5759256736857408,-2.2268832109182473,-1.0366436686056029,-0.2792686010866505,0.5659944889950899,1.5429637759653234,1.772708314856817,0.15306439118899473
28,linear,-5.636039735506953,-4.941024786641129,-4.143455951572616,-3.4684843016318267,-2.612294024173572,-1.8291800432911731,-1.1165751109749957,-0.3498344310619501,0.4191321327775344,1.1124594666683132,0.06466931845174642
29,linear,-0.5397026004454941,-0.9316520963063061,-1.2333882625533688,-1.514833579864723,-1.911809023191243,-2.2440653641147636,-2.5430567601408494,-2.853580857191038,-3.2085812611378595,-3.498738584583925,0.030152648859810983
30,linear,1.0413823782406562,1.345490547160386,1.6736728109234695,2.179058586539018,2.49860073692336,2.904268742298864,3.330786652369376,3.6224720286054164,4.021093782157844,4.396762820729081,0.03277821176850323
31,linear,-0.7193417045780687,-0.8684005804237069,-0.9956606332146585,-1.0331100793260437,-1.1501492524856276,-1.2270632050241908,-1.3229369783191642,-1.441010954191178,-1.5264403847421508,-1.6436115038905952,0.027534108792269228
32,linear,2.2278523888521162,1.4376858764920915,0.5085294666297033,-0.25962003567621245,-1.1564670808429225,-1.9825872137745075,-2.7483053459845346,-3.799080978162535,-4.583739710224562,-5.435117414861373,0.07561927741116768
33,linear,-5.494614157305641,-4.8010376164259,-4.046144577647217,-3.389200959461323,-2.9775652807869415,-2.142973220978236,-1.7110316552201672,-1.2292970884609329,-0.5716740459942304,-0.08343079858744554,0.15000858202869782
34,linear,1.2873419993611956,0.368149517384778,0.0360954453307753,-0.6821371180846851,-1.0454583047358526,-1.664077817874728,-2.414381515143351,-2.627972548651249,-3.358232796413258,-3.8953787644706654,0.12036555654005311
35,linear,-4.127227637329872,-3.1688274318621334,-2.3087015068554853,-1.2609112166995378,-0.7448354955962921,-0.12141543135465332,1.247842553155814,1.8176004117250968,2.9642113242803725,3.6693206550267927,0.20277518184898333
36,linear,-0.6374834584106466,-0.6275948133651905,-0.6125211153910473,-0.5954082944766768,-0.585307893880549,-0.5675460005755198,-0.5535835920392295,-0.5378947236333192,-0.5258802692855036,-0.5128994818808463,0.0024709450322253565
37,linear,-1.8072299991541791,-1.6272251083792666,-1.4788138666059407,-1.343165796901961,-1.1726609291457553,-1.0234607790973527,-0.8652055881755366,-0.703369918938179,-0.5419041285191931,-0.39480539454804886,0.010319122114390568
38,linear,-0.7589619924425959,-0.7133549199476853,-0.6047051308548054,-0.5409330018558542,-0.4449609077838515,-0.3688055482058013,-0.28343600675579905,-0.20677968830443552,-0.09813607220767478,-0.033311291457679235,0.017586467772211792
39,linear,-2.2569075391233313,-2.2680411453562312,-2.279108776132716,-2.2887834124555435,-2.2999609017260902,-2.3091315321807704,-2.3223133360261423,-2.3312323879457377,-2.343302443208435,-2.3532215426792296,0.001
40,linear,-1.1231234468197946,-1.4151250905909776,-1.534726416607168,-1.630225042393144,-1.9454693144467543,-2.216711804194222,-2.398309746131914,-2.7153524873442514,-2.8863400674277635,-3.0958134121587184,0.044398071354188315
41,linear,2.2720591901051983,1.1920673862685427,0.5679757300811219,-0.18857936025924904,-1.4610369784292188,-2.318081075085257,-2.8434459524604776,-3.9498400949335064,-4.5725409635225835,-5.728388754153261,0.15491600729575222
42,linear,5.075132639622486,4.102571010880837,3.2880323677931607,2.599231756960232,1.958330620693144,0.975023520912804,0.48688960886797866,-0.39766599861236385,-0.9464039547329581,-2.1084782340789365,0.11730284273687543
43,linear,1.8350957786658504,1.016433101447974,0.26330611633593753,-0.4585443832164106,-1.1305326123359505,-2.0950459687066534,-2.515695789265412,-3.2632551688841094,-4.054186066295759,-4.761674513750179,0.18578952766850557
44,linear,-0.06236240248977444,0.3782201001051886,0.8326934620383025,1.292676972134872,1.7996965882482079,2.345018935367648,2.856122009395267,3.310229443229948,3.7201466516027053,4.335673422538973,0.0828270207655678
45,linear,-0.3025328707120486,-0.9042630743703507,-1.6952194673614676,-2.038753254845755,-2.538060819069151,-3.2586503247822827,-3.6452922929322376,-4.437519201067752,-4.571769336717328,-5.133119375819356,0.14833748011046635
46,linear,0.20863251645994707,0.7628207725570119,1.146900733545968,1.79687252457659,2.3946349453946887,2.530376512794595,3.0303040544256237,3.6062977810218877,4.213677083478691,4.384708792863948,0.10366623635041064
47,linear,3.060023170200476,2.577321834360883,2.2329062903933825,1.9306003833270262,1.5457275804737836,1.28457578319967,0.8587017591541458,0.307765105458634,0.12941709307992721,-0.34161467604000645,0.08650781040823471
48,linear,3.7507711217606317,3.0522472888305554,2.2579730758417904,1.139154853859847,0.7978222024780357,-0.22083263070993103,-0.7323976270908443,-1.766516789728045,-2.1709384645946237,-3.132598383617819,0.17843171143735417
49,linear,-0.1281755700627224,0.357867856801826,0.7282045184137096,1.1676845013408887,1.6002649134906761,1.9999377930639024,2.4574900257381227,2.8537706636036666,3.2829885871869546,3.760526509747373,0.02924112906172664
50,linear,4.378804565433024,3.7230613075294627,3.1585189746404163,2.7963657686415857,2.331535509515882,1.8713221220976672,1.3457527977639812,0.9878676277088133,0.5179541374116842,-0.07782175505989829,0.06408931983789883
51,linear,0.5098615714568907,1.0698088003392283,1.668313799113179,2.0538913658585365,2.730467464431066,3.2389408029743927,3.939067637658473,4.346871930088479,5.019811261985437,5.376179130851722,0.06861569706662962
52,linear,-0.4946311616480795,-0.9358201738933478,-1.597172381712385,-2.2441286682614696,-2.6305835012026364,-3.236159276530106,-3.7180207225283417,-4.225510376452094,-4.894375973971437,-5.416485844565605,0.08561886427887513
53,linear,-2.9651231968325105,-2.3228754425006723,-1.7591883687360885,-1.1319442084912392,-0.04776701295318872,0.5987948865045376,1.663175398741767,2.0649939266363497,2.786833518677321,3.422090826098588,0.16582018945201227
54,linear,0.3341216037450068,0.22727765132506778,0.1163731975609715,0.04662166329858933,-0.04074680172853314,-0.2115986273639165,-0.3200669126170857,-0.40645548269301246,-0.5335298381438036,-0.6055398239064924,0.03132833512191563
55,linear,-6.187034309732015,-5.295485413795161,-4.475457948522585,-3.61904371185977,-2.729826335456529,-1.9866929360872154,-1.2122732539916403,-0.34165528767169656,0.536193845225783,1.2428564581848986,0.054670160614169634
56,linear,1.206180162653317,0.6343606684297298,0.1686521180115854,-0.48608698224938823,-0.9280760168119289,-1.4642390243970447,-2.0625830897374775,-2.6102312056408445,-2.9576889752041273,-3.5584614383966673,0.07709075267136888
57,linear,-4.349530173543631,-3.6803785089599903,-3.028011504258093,-2.2311903244574984,-1.7186518563538922,-1.0733883734009415,-0.6190114840875556,-0.010781339323940514,0.7208698995962463,1.2963709183163152,0.07979513501947488
58,linear,1.4844118044743624,0.8136580173653216,0.015308972359350054,-1.313842037528541,-2.254099574293006,-2.356610853545763,-3.121086462046706,-4.403009630221055,-5.389043514703277,-5.770372807103006,0.21611391634058572
59,linear,-2.134388198900781,-1.537241895545839,-0.8551341389020978,-0.24543436111882233,0.3401301444346115,1.1508864588778642,1.763394187925369,2.3529317244665666,2.8585931532598474,3.5926126171378727,0.0595804356573617
60,linear,-1.7530870018622031,-1.215186946563869,-0.689129193907076,-0.174073293839248,0.23676587090490367,0.875137688348825,1.3706019776420668,1.8612874181263044,2.562044078747078,3.0966685284851803,0.0570023730236948
61,linear,3.803651067803271,3.4906123568257104,3.083849433110402,2.8527300608108113,2.5064532929662526,2.0954819929073203,1.849298320856931,1.5224389335251567,1.3157007611346454,0.9337030545772534,0.06302852019097929
62,linear,5.333575551064439,4.518782631641307,4.015968000131885,3.250182777268588,2.5000455115257925,2.1402504669932765,1.4563131989845006,0.41782290911469594,0.041228155573137235,-0.4293684359565137,0.17227912283739683
63,linear,4.346365371348698,3.855447089532636,3.45669239226519,2.9808860435765987,2.5533673512661923,2.0652854827899545,1.519435034285359,0.9802319835161865,0.5536558610673779,0.1055856943932662,0.055288511790930146
64,linear,5.599106799451976,4.713348757428319,3.9907477546670007,3.0145872799497444,2.2469762833442357,1.3847198576464157,0.3013062271385816,-0.46445006261220784,-1.0367990113509211,-2.3023289402960057,0.15339681986867723
65,linear,1.6429926897537923,1.5872378717545559,1.5520891957178213,1.444294600457784,1.4333244724550165,1.3958609550813008,1.3047397810653518,1.261464254980787,1.202583605092395,1.1469272570691942,0.01391997623404147
66,linear,1.372924157754074,1.0255315346458285,0.010551204297579789,-0.4217636796484075,-1.4330907269682502,-2.1080083622359913,-2.781292115029156,-3.035723964340791,-4.125102237577,-5.0895835239484555,0.16241100586614926
67,linear,1.8251992442083984,1.9799505408653049,2.168267573444173,2.3413061321687296,2.531864078047019,2.715433969956814,2.825896128076611,3.0845083598099667,3.216253786511655,3.3834537581580935,0.029836047960919217
68,linear,0.30362888158098844,0.6354511203529198,1.1372736397285055,1.5782174180418778,2.058331067622588,2.526804769031601,2.907106884703476,3.452514227063667,3.8670236319525935,4.210782407460716,0.05468992994248092
69,linear,1.6201211301647296,0.9345538520847911,0.26441704716811154,-0.36512615351332606,-1.2355936967198557,-1.9329699911823162,-2.6182591573487644,-3.190608797200995,-3.799884028252941,-4.6372156715778265,0.08663712102191024
70,linear,5.21937140634907,4.524198325610995,3.8714966094555407,3.105021556410667,2.5827631038746865,1.6200730265346899,0.8770043974454013,0.3519073175448618,-0.6520456372825609,-1.093786613314205,0.14269877821351587
71,linear,-0.47619211460741206,0.11621517937583513,0.46755761960792647,0.8787822673419271,1.4063860903567587,1.813021611148186,2.291015070297545,2.8090045642932653,3.278946384205727,3.684049361775149,0.04852122379898775
72,linear,0.3330429609290924,0.8509488465485477,1.305271335689482,1.365697393955123,1.8904183169973345,2.211152948029517,2.6801771784404296,2.987237676895477,3.400151930201094,3.971759083760755,0.09658484903375755
73,linear,-0.017927446459701395,0.03437398453772354,0.09093438923530002,0.14977961638316106,0.2066709131108938,0.24842416874543774,0.3036338522864994,0.3420378714712271,0.4037612464887872,0.4651949673083432,0.008318243134620163
74,linear,5.593124492211287,4.97883157851249,4.220373813070682,3.485570632440658,2.8696763701714905,1.9016651012776622,1.519028958757451,0.48297248214928024,-0.023192799986348794,-0.5070919606787756,0.08896392432020644
75,linear,-4.246323995767496,-3.5941160699273964,-2.7056335033191896,-2.073552226936406,-1.3045598810209127,-0.49436820859710456,0.17685525413789588,0.8662563425641278,1.6601400775962394,2.4118127814909234,0.05157121656182789
76,linear,-5.203433240289557,-4.382293244260212,-3.5251566834741794,-2.6369492052322694,-1.7391384546640243,-0.8372780793628979,-0.061848120226696585,0.8126177265365295,1.8247042948562555,2.6063928438461312,0.06289386415907844
77,linear,-1.0356703054479037,-0.7724072714034818,-0.5704361769882015,-0.4108529020664681,-0.221027162392254,-0.14330950073219895,0.11873718536040954,0.26500424851804116,0.43343489480515857,0.6768137194214399,0.04887341908908904
78,linear,-4.402102898715461,-3.522909847564353,-2.6524548473983844,-1.9735161974256934,-1.176164939765429,-0.2553099459487952,0.3807277067879072,1.055264160342705,1.9077757980040124,2.892857269367282,0.18071882828244798
79,linear,0.49131580410470466,-0.015285041850978454,-0.733446738171519,-1.6249879262628015,-1.9147640488290218,-2.8525015009040016,-3.679626854942036,-4.259301345300647,-4.921167605344308,-5.435884664874546,0.14024628797645358
80,linear,-0.35263788910014465,-0.753534380858808,-1.1486675766027632,-1.538286538158489,-2.071507280558126,-2.3857964687373974,-2.8745058540548296,-3.1656280412471225,-3.5673510097557672,-3.9156172892887393,0.04900425336687324
81,linear,-4.322699988251039,-3.6605693006312388,-2.718322749199572,-1.6922010253540158,-1.126649474346421,-0.03213259276737715,0.7909790829641452,1.340467945289336,2.537823989666509,3.3341812607943093,0.18194023391040143
82,linear,-2.067302370965576,-1.8034441306718623,-1.6084042703466765,-1.3361953938686573,-1.1459876269651756,-0.8832655633365725,-0.6398659488008028,-0.3425063097635364,-0.20949899815126893,0.1015750078667737,0.026689549199922773
83,linear,-2.4092725133329425,-2.1697933114303196,-1.8640383156674944,-1.6639767428303085,-1.3587934223460145,-1.154708713620137,-0.8797047160905259,-0.6526415963345332,-0.34931241555437387,-0.06211199334733033,0.03004141954288191
84,linear,4.526994079119422,3.8103530399894487,3.204118626190339,2.6227245542435287,2.038767450024944,1.4763128400553605,0.6498661845314331,0.11613885146436359,-0.5912114531032117,-1.2555239983814959,0.054030370613966296
85,linear,-3.757147141992816,-3.3736844257754597,-2.8764299008761274,-2.063462211748067,-1.6719352385578228,-1.1981158297993169,-0.5997594109367923,0.023104837418553986,0.4571391429360889,0.8612718197390299,0.13478274472992083
86,linear,-3.861789319958989,-2.9401866741451013,-2.0334305130306904,-1.1534472167039727,-0.3019257568469603,0.5848260590684632,1.4671456747641802,2.241128484455436,3.2556194922775306,3.9986474336620352,0.07042577962666555
87,linear,-2.9582951039098013,-2.519148989443452,-2.0141153145316912,-1.3746522856362757,-0.7778901188814363,-0.20854136359264155,0.4416377057635149,0.9005930113558833,1.5251679903006505,1.9956950262000863,0.0750002211292322
88,linear,0.5510883481746112,-0.23744513361247438,-1.0432344689192286,-1.5822897332541448,-2.611725487001685,-3.4249710147292385,-4.452371617964482,-5.096523531371169,-5.8124041792494445,-6.660420082801282,0.12537584525550646
89,linear,2.634980413983786,1.9069689448569178,1.1622701719508925,0.4534967393951097,0.011333378404546068,-1.376287242501956,-2.048008802979667,-2.5323431727250463,-3.1646857096815726,-3.777657376684123,0.16433005240644893
90,linear,1.4439992117644425,0.6470986970405439,-0.03292205531454048,-0.8185912876201462,-1.6146278830039484,-2.260068204493538,-3.038341629624898,-3.782233868409675,-4.412400832622536,-5.430702957468612,0.07193763658081029
91,linear,0.7573848379658688,0.06769216120306398,-0.4198593224474686,-0.9527219808958047,-1.1218265863691723,-1.74352306713936,-2.5426380274233744,-3.084173414984601,-3.720668564222034,-4.35412350774674,0.11388973509105396
92,linear,1.2724548933472029,0.9288835029819713,0.5924579453153811,0.18760365957503164,-0.2336730834107264,-0.8316178050370251,-1.0431793596142793,-1.6329223864228215,-1.9177594277534336,-2.407636696710484,0.09874003890944599
93,linear,4.733425278321574,4.142492066909885,3.8072039165991876,3.240467099799422,2.595785176327339,2.1903376053402592,1.8035252795341896,1.2948297709696475,0.44742862695718943,-0.03232038717681357,0.10534592130608526
94,linear,-0.143746177338922,-0.6036480649118234,-1.1398224694254238,-1.6773602095062652,-2.18690279590774,-2.6972179985171674,-3.2144208904273186,-3.5539813010339962,-4.168160400099351,-4.644990785162255,0.053373096464031676
95,linear,4.3106036739128335,3.9676818912478327,3.382513160031223,2.796413707842166,2.4223612590424084,2.2564231993790025,1.5382581819315113,1.2040393679923291,0.5554134408408805,0.08441604773956939,0.14197136922165604
96,linear,2.992562574561721,2.3036317566119986,1.4939867914670686,0.564392068701593,-0.3072229679185962,-1.1241358826059078,-1.7986984128003136,-2.5833510500277432,-3.5133513791908553,-4.236168211712612,0.10687015760180514
97,linear,-0.37646291850936253,-0.7533588211769265,-1.0021041992927129,-1.3773550957617233,-1.6547360307887353,-1.998029622075953,-2.328496924097136,-2.6826005182163195,-2.958424921124209,-3.312328955652538,0.025820401750227574
98,linear,0.8035318318812809,0.7018792354288974,0.61623022652937,0.549172717377858,0.45057102558149303,0.38885445857960244,0.27019830111458404,0.20425948501184962,0.10439247496249317,0.02730501330606513,0.014234659810101946
99,linear,1.0209968059337895,1.1518766477545943,1.2631405509296518,1.3738216575789635,1.4974950675845637,1.607774409511985,1.6954928006440884,1.8166276005604536,1.9150977641178362,2.0349199468517614,0.012990935804570228
100,linear,4.740776237070713,4.136661432416796,2.800913536537009,2.0045204726925596,1.6146148760383643,0.681591305844938,-0.109675138402003,-1.1716066140528236,-1.7923406413267224,-2.3022269465162237,0.15319330335227915
101,linear,-1.9028794264090019,-1.8061192696162376,-1.6643722135262482,-1.5422616865244805,-1.4529946182259328,-1.3273217853515022,-1.2170422187150003,-1.0992511846758097,-0.9724362825225582,-0.8800778051817905,0.010915273412546405
102,linear,-2.853754976361457,-2.1473799940802647,-1.3639304557332532,-1.2260408293425886,-0.4217819857929758,0.0449199024210966,0.8030497349801657,1.202797086781203,1.8672512463266895,2.436782266087554,0.10345152023391548
103,linear,-6.0258145646247865,-5.04511955117237,-4.609485450740996,-3.9204681178456156,-3.1915405644907566,-2.7075684044373753,-1.8310005135548135,-1.0784874774316058,-0.49247477523813643,-0.04870067696401223,0.11781556283460591
104,linear,0.919850878422108,0.4498554693783404,-0.2438573107822943,-0.8721170015520125,-1.386176695279455,-2.1485061774136556,-2.7726148021370696,-3.2337282016763775,-4.130196562907562,-4.821952727144025,0.0874662066069746
105,linear,-2.2560240174953954,-2.3047221618065348,-2.4710591519867555,-2.6169870716427748,-2.7031075941893654,-2.8482832471621506,-2.973989416149859,-3.078512927768275,-3.2420036113493,-3.3282060070605404,0.022090796470795815
106,linear,-4.797536917048068,-4.192116390324123,-3.5802984120475383,-2.9985532645035717,-2.2646349992134676,-1.9539409396003427,-1.0803919047684536,-0.6186116311417471,0.05762485239011881,0.4912610212424747,0.10731820468147901
107,linear,5.209065056547052,4.859882144491205,4.071261398994188,3.0308880050936016,2.56059569355256,1.9010528574348788,1.2101903947989552,0.42878508957621797,-0.2743915960182641,-0.807960013078779,0.15874830857028158
108,linear,-1.7508087193139588,-1.4804852386703822,-1.0071950783076407,-0.5747915018995388,-0.34867486586411023,0.09959340263590133,0.38973181975462645,0.7683063698019365,1.2595081875663199,1.504266494635557,0.05910969366174431
109,linear,1.0780769839007067,0.3345889208660385,-0.14426602360592522,-1.0935709352142156,-1.2578730239004396,-2.125062984780664,-2.713346888317443,-3.371510555161722,-3.995619258373829,-4.385769957113678,0.17148350926951628
110,linear,-3.000532779518953,-2.4048535708678895,-1.2807014333337525,-1.1079644527749646,0.04279666237968671,0.7918269232075156,1.1974047668235097,2.385442457994812,2.936587968020151,3.6662362141526246,0.14759219907185475
111,linear,2.613506664106165,2.4368824441302763,2.172609286547943,1.913331102048909,1.7652043196346696,1.5526669984264647,1.32585709061593,1.1130885446821828,0.8568097911237709,0.6146130857925538,0.03929515701430892
112,linear,3.117085863226034,2.374961077209737,1.3663042243252037,0.8790764486737379,0.473305587145322,-0.44521512192982593,-1.0167670891937703,-1.9310672236266253,-2.2799005772336325,-3.173394573124222,0.12344635724768667
113,linear,6.441210619829782,5.604874844578957,4.841670145495067,4.153369404151663,3.2736998448735357,2.436920076171024,1.8841060384718196,0.8769595109571914,0.39688655361949915,-0.693038299909328,0.1319270305998857
114,linear,2.1522226342325013,1.8740118826032475,1.6785537396478878,1.438087571997583,1.112888012818936,0.7659849904261755,0.49094544475009394,0.216306693984943,-0.07402700987931311,-0.23715294802369158,0.057362985549847534
115,linear,3.148856524186945,2.6164387335738364,2.3579521988197203,1.3858003431619017,0.9809030234189506,0.7024911671807217,0.012427225453568128,-0.5095073186636914,-1.1004593543882721,-1.6098660120504036,0.12279307895756665
116,linear,-3.6851241688957717,-3.227151401317864,-2.8648251999684615,-2.535849098081734,-2.1351177451905894,-1.7960561554680534,-1.4492077743693526,-1.0420442334632087,-0.7107604085347037,-0.2669762580710864,0.051672971157518864
117,linear,-0.13353928729296644,0.3032076057395051,0.8819943916681772,1.2524946039896205,1.6550259307680708,2.146151133807558,2.402693478070353,2.989565876633349,3.574782300366973,3.8837211302125834,0.07073493313076722
118,linear,2.419264421616794,1.7893449567236004,1.290951124335281,0.5576182692411883,0.07042066252518882,-0.7214456250913267,-1.512657959939169,-2.113280633737404,-2.8930124107332085,-3.3394678697295683,0.08337718119844548
119,linear,-1.3779325248347385,-0.8139618350119938,-0.32064500353130104,0.7323377695066873,1.4514044209953363,2.1486307665093394,2.954799984531851,3.4265191486159,4.5295328241891815,4.903722672367783,0.11866680586448716
120,linear,-0.031084281335166747,0.22500582665976232,0.9099227829403789,1.3409802297954005,1.8109338850187007,2.550679651380445,2.8331063640384873,3.1239409563408342,3.7904829477522846,4.513186937295389,0.14899697872800535
121,linear,0.7885498696492417,0.21051025790543698,-0.4184837948127863,-0.974454672792152,-1.565640681041875,-2.0903500365740326,-2.67581097439298,-3.30249916242234,-3.8997492960551985,-4.4646748602021775,0.04153796162745155
122,linear,0.4428118535587795,0.740115214608889,1.102736044542995,1.4386592239325675,1.6729715223432164,2.0456916751223058,2.352985242918243,2.688689605826744,2.9921299536964234,3.2573064047822275,0.035226879750201896
123,linear,-0.8918773454059459,-1.1555781134168273,-1.5844433315235322,-2.223760370266958,-2.66616460100894,-3.296879291946854,-3.7507876886623324,-4.4053985822409905,-4.985116721531211,-5.178825944147569,0.09624864047508828
124,linear,1.7683958110055413,1.3392125953627934,0.7474481255931785,0.30659815970383014,-0.2279768916841724,-0.7812661146458516,-1.3300695227680235,-1.7499040622529523,-2.531265522656491,-2.9807250454706966,0.09073265264630663
125,linear,3.0039609555348017,2.412581841447367,1.6346101470727736,0.896408987577986,0.15079513781492979,-0.5765459142706075,-1.2418402095588357,-1.9969035817382712,-2.6964160977366065,-3.402488967916386,0.07402944203749012
126,linear,-4.291023539934832,-3.321241506484723,-2.625570613619574,-1.7214855879011588,-0.9781940202750522,-0.12766230275358123,0.6969104968143277,1.4012832994424251,2.2711206739605094,2.760928847682422,0.08605770052697485
127,linear,-0.6697215092346744,-1.1055079621624178,-1.468246916111077,-1.972665183252586,-2.4195155520489253,-2.804042067893035,-3.6424635248017596,-3.7861191214959207,-4.390307370805367,-4.9008279377996,0.12431451923081614
128,linear,-0.08118321755858339,0.4648071749531617,0.6860665501535266,1.2756549582482157,1.6935535872077374,2.2574756439637826,2.557906061820887,2.94154482190132,3.395432614992153,4.008395595295199,0.09992476348311413
129,linear,-0.9414168106759337,-0.3748513566731206,-0.11483474397390561,0.49325887915001626,0.8671958001855063,1.456370221119564,1.6163837427827024,2.1113769473662805,2.673856406842376,3.049009144049201,0.0746962069789873
130,linear,2.776445297457495,1.8711811038351032,1.2628664640861036,0.25897451280508094,-0.13945499014971888,-0.8027638450169383,-1.6514027625986127,-2.6326778455092312,-2.8685491447181026,-3.7072088046678164,0.1867611560015282
131,linear,-5.554969021252187,-4.938155515188831,-4.240401607503803,-3.772698065092976,-3.1057416705749628,-2.594397898033524,-1.9586782191392003,-1.3973771268378214,-0.7472126069949145,-0.25038645640761437,0.06330227496319048
132,linear,-3.5125512016175997,-3.1503170095771926,-2.5174044585228432,-2.1732573380202838,-1.4058170889394925,-1.430289470775068,-0.7652484643007037,-0.4729949071800096,0.04320191696458695,0.5594293951067091,0.11390008233596045
133,linear,-1.7950980896239255,-1.3097081518511047,-0.8205642651020777,-0.4728412970189264,-0.0692539656409395,0.24185416673357776,0.886722125134476,1.26590788252015,1.634573405174419,2.1507977930084086,0.07237549266285767
134,linear,-4.47888145345016,-3.556507655733497,-2.9830853092639975,-2.179952776516488,-1.2431353532670297,-0.5505658602692427,0.12508884712650786,0.8001379665805831,1.579885695332218,2.3734514700342326,0.07223622102268684
135,linear,1.2355686842643592,1.4099736052111755,1.686678130502244,1.9874085699229533,2.111670072555887,2.400410237357763,2.603199869678081,2.8801721974298315,3.089148768954529,3.4105423782556277,0.04751333091840705
136,linear,-3.8566781035448487,-3.2227000007900464,-2.4980564031535644,-1.995299987364457,-1.2060688120737157,-0.816035985446288,-0.18756352402308885,0.41566607677184153,1.0356585790681911,1.8615435272386405,0.13080025837960532
137,linear,0.27722284895267557,0.3947387052002923,0.4674626458928123,0.5715749810887509,0.6708972309223433,0.7592569914396459,0.8558651979119759,0.9696887083099031,1.0457358645453214,1.181523482287965,0.0190786108628454
138,linear,1.926083796724502,1.8194793295526703,1.7206721121558892,1.5996552119025786,1.5299560000288923,1.4181103302122344,1.303492577523053,1.1792294398130145,1.0925688176298636,0.9719661069533085,0.011746425806795427
139,linear,-4.650020305740025,-4.119829084898262,-3.5734262342460372,-3.112165127211664,-2.6976210206689992,-2.4760459433627187,-1.9131216112476448,-1.437831332020804,-1.2142257258600366,-0.6693641244665303,0.07429117890398616
140,linear,2.150985381964508,2.0299559451336417,1.913870811892543,1.7815280158601408,1.6638359664239677,1.5538771440311756,1.4460742738339611,1.3046685148332466,1.180806174486291,1.0735458008401526,0.027340710754968005
141,linear,4.592594287527122,4.189821287322717,3.4705538347252682,2.9900263842511086,2.6967463161449694,2.1947673827127625,1.7306079615285155,1.199627008886715,0.8138103455562481,0.3571610517417867,0.08253669918624194
142,linear,0.629315680062376,0.6824056423816053,0.7229958449766004,0.7520894141374098,0.8185444714916632,0.8684082312850235,0.9244820512552208,0.9425197205607001,0.9980031740840067,1.0574207443668404,0.012139664351764196
143,linear,0.8155673421631303,0.3682359063937055,-0.03230179476283283,-0.4787002512512516,-0.7585270185136109,-1.3478420119814691,-1.7347135570989423,-2.1001601929392155,-2.4453303028516005,-3.0344464937508455,0.07519230755904856
144,linear,-1.2278210806265286,-1.3070673635935681,-1.3793994095679232,-1.50375556169619,-1.5799216374381138,-1.6871722776439553,-1.7611538766511372,-1.8610149432523728,-1.9823619832326298,-2.066269999874684,0.022148763709260513
145,linear,-4.7779388962464155,-4.370251265427699,-3.4454134624951442,-2.872742838700461,-2.3422754743220886,-1.7383902753630918,-1.1630164478424279,-0.4346192587692699,0.057392912265939525,0.7514698845556855,0.12204559031775099
146,linear,3.1962368024500396,2.6832375016735828,2.064452250936217,1.8388538711129654,1.4381946535334569,0.864423520737238,-0.02509371947577177,-0.27522494665756325,-0.7210754697824973,-1.4718238617629265,0.11835325482919423
147,linear,3.3005216366639765,2.6665676632826574,1.5007805585641534,1.0147087863386381,0.2433062249098004,-0.9307211436013362,-1.849044039264112,-2.884382631404208,-3.4081697652173553,-4.3197107503503585,0.17586884346354179
148,linear,-0.16403036326275058,-0.2401208860685077,-0.30752653459825385,-0.3913964087540983,-0.4773464404314267,-0.5516447614536579,-0.6458263689909214,-0.7166329287784551,-0.7959169443931291,-0.8809565638021177,0.007861653839196535
149,linear,-0.3497233522472389,-0.08846932258731605,1.1782084949446772,1.3374244223133025,2.3817073109394884,3.3211299162156602,3.864561916708749,4.433703240481901,5.204732352843188,6.207752407868303,0.1327032112119968
150,linear,-3.086175876480387,-2.3997724016378337,-1.8263891417047937,-1.0019673308808537,-0.3960542131319261,-0.041204856922247096,0.721703993015493,1.2923267898943351,2.146346685505347,2.4803963717332036,0.10832025048316767
151,linear,-3.7168842224894236,-3.097786209772141,-2.535108452467807,-1.6742814187314827,-1.2491112885067381,-0.7640195711268029,0.1665925801463401,0.5755096793634302,1.3847557589139787,1.9985787803249742,0.1618226351808274
152,linear,3.3250160780797713,2.207340792112871,1.6424418483372416,1.0330336953716461,0.05282933426341774,-0.3696375879838777,-1.5029580509043854,-2.1040918548285186,-2.919011008277826,-3.5493215850299435,0.17580801369935295
153,linear,-2.0655845551749965,-2.0825152092698715,-2.1020349653165686,-2.1216965154543916,-2.141384274816823,-2.158301648234616,-2.179208803544897,-2.198418043953087,-2.2167756909076424,-2.233048706928263,0.0017658741625144498
154,linear,1.9222860368149544,1.7229073996793347,1.4783048367160125,1.2479189523572138,1.009891015508572,0.7963337749935517,0.5665942417329332,0.3322142452744199,0.11689195905901509,-0.09857546371613672,0.01850236571448416
155,linear,0.7777061888800192,0.5052832857546873,0.22246330655456298,-0.03710567649785751,-0.3324404875591065,-0.6015429535067884,-0.8793562607864295,-1.1639905980036815,-1.4495997696758292,-1.6645070235926642,0.022203589204496475
156,linear,3.3683837017145484,2.307938257236273,1.8709217367191373,0.8760020344719077,-0.08909756445476727,-0.5600492838446617,-1.4575587830884171,-2.552806154623633,-2.9131992072410697,-3.8934443949472533,0.14899896632026138
157,linear,0.2916690620844991,-0.3982429144886964,-1.16832874846153,-1.6005929607630403,-2.275701846401162,-3.0150951590801514,-3.8162619581375123,-4.306603214653556,-4.998740660450596,-5.882635723856851,0.1802323206759071
158,linear,-0.9042944230737119,-1.0122625769422062,-1.0625142329195298,-1.1966137358051185,-1.2616665789594141,-1.3783490163729946,-1.4584113360889464,-1.5358464001572303,-1.655870422426751,-1.7137687545017928,0.023368675433105557
159,linear,-2.7891229910012045,-2.4240435250454255,-2.229088426522086,-1.9449208463501662,-1.6175111632327883,-1.235214351395266,-0.931460134444522,-0.6377823877581453,-0.3799572271048334,0.012498173039686963,0.04321945262907638
160,linear,-2.212778625280633,-2.222144785843933,-2.232903710079502,-2.2439227199460166,-2.2522212840686837,-2.262349035364595,-2.2723301791344652,-2.278514887907757,-2.2896762787426646,-2.299160779837727,0.0010774693254960845
161,linear,-2.198902646251609,-2.1331912976513197,-2.082599817758093,-2.025202386856182,-1.9785741175326153,-1.926155406733613,-1.846925276323693,-1.7840858106128372,-1.7407150381952574,-1.6669307503615582,0.01172328859547191
162,linear,-0.03625454424565637,-0.24094855029780018,-0.48686403429550795,-0.6554386678084738,-0.8361630072262174,-1.0469602559518185,-1.2747561180370768,-1.4890059908498978,-1.6975269214464779,-1.8719290783535245,0.02710996765157445
163,linear,0.049017763276118884,0.42997831988302565,0.9861532762043368,1.4675030284199286,1.7306216155991156,2.0769614519174797,2.9628761684749563,3.274128129219749,3.500600481362371,4.095252154386256,0.12389055624590686
164,linear,5.62737992381844,4.310464468351775,3.5320798626892627,2.9055143682792735,2.113140846486793,1.3061564776348127,0.5608669815340102,-0.40954475470127577,-1.1796094178263588,-2.1571955232424287,0.19965531891242966
165,linear,-4.276300403304399,-3.6403279735739122,-3.0563902278468356,-2.5331520493417083,-1.7032130100732996,-1.045665997571084,-0.3319443781411809,0.6994695351432172,0.8899810745824804,1.7321985975002208,0.17726936539328625
166,linear,-4.1119834303750515,-3.42281649035749,-3.028206261905174,-2.3801714188652054,-1.7074138798452072,-1.0351548201797773,-0.5444015918228113,0.1831607655905884,0.5404579672092222,1.0780178351701637,0.16139886121418476
167,linear,3.3557100966847218,2.633676928104253,2.236421265254211,1.3537245704890253,0.7446725084576917,0.03142329720382719,-0.531337439114083,-1.456361045602156,-2.175404210018218,-2.661099288380936,0.15264500812475085
168,linear,1.5245970082530302,0.8136029489692937,0.2792242116624269,-0.3244327849600429,-0.6414588551075365,-1.2714761689530296,-1.832798528488605,-2.322058651158706,-2.712117016612659,-3.7562689967400344,0.10745194068601095
169,linear,-4.810847641289114,-3.929245693281637,-3.2351404392944403,-2.2679459409149674,-1.5037477686928147,-0.6607097811919674,0.13778708182470725,0.9438704744149983,1.6313973797972419,2.7029011619099275,0.11062529599277349
170,linear,-3.8121693354468875,-3.4018548252928427,-3.136084634981294,-2.8861238813359833,-2.420832029737424,-2.2558557173035587,-1.965987764214422,-1.8158873199581462,-1.5447019147081815,-1.1893931702589664,0.07619717261958699
171,linear,-0.9052773851629652,-1.1135520719456993,-1.3306297644933507,-1.5269035159059685,-1.721058440023527,-1.9174799978981272,-2.1080252752547692,-2.2994753031476454,-2.535087511456675,-2.7417540603076382,0.02385509136164958
172,linear,-4.932676557149126,-4.3951786722829835,-3.847667526970751,-3.285937375289345,-2.9793160589175214,-2.3855133080645405,-1.863642132543407,-1.3504661750964948,-0.8732862021516465,-0.419333754947358,0.08146872270321963
173,linear,-0.39896600467012705,-0.18589708862986856,0.11393187834814641,0.3387608045651403,0.5906689719330486,0.9049242487415231,1.0331704894603932,1.2734070042668277,1.4199586394590198,1.6381217381013529,0.052916295745069855
174,linear,-3.4051825570552925,-3.0443724299745423,-2.7053340464576334,-2.3259724825087305,-1.9198169641603,-1.6157593009164457,-1.2702961039542764,-0.8412048755895458,-0.49181239807807436,-0.1613686851126887,0.028601096105327784
175,linear,-4.541075510295071,-4.1872709815276465,-3.75843410495235,-3.334173827332838,-3.000687323794661,-2.513262779017325,-2.159790858939296,-1.717576442606907,-1.3134157987482156,-0.8872944415508502,0.023787199521810652
176,linear,-0.2075150735428642,0.48244039209343725,1.226169137216981,1.950606034929788,2.648702548692926,3.3124849197819803,3.9329965883938796,4.715127012041786,5.469509025939526,6.096716943562286,0.05346448831245341
177,linear,-1.8065952748313834,-1.9423761992749253,-2.0502277117641623,-2.2714715274024555,-2.4725547157299155,-2.579289666626517,-2.776002612653289,-2.9258457639698348,-3.114578305402395,-3.282857252433611,0.020259462664190046
178,linear,0.7379593831067516,0.9527776549582748,1.3874849247312864,1.7582101272715187,2.098504802822561,2.3576068400822967,2.771400233342179,3.097362281773124,3.5137119965997234,3.691492317546582,0.04802803775320526
179,linear,0.38533257032027857,-0.4417772100567839,-1.052835537461355,-1.7422737136186448,-2.5174322156933413,-3.123314984943367,-3.9529630203095887,-4.618042702176817,-5.4017920095836445,-6.103526329090701,0.05143309752355552
180,linear,3.555125299837595,2.731230280958669,1.7981307813332217,1.1454935952801866,0.729258696447726,-0.5888150772083749,-1.2421609569362,-1.864617541336779,-2.6859611146406452,-3.7176715162996965,0.20807566696525567
181,linear,-0.9297988960889172,-1.250161471528843,-1.4387213555796723,-1.7962816542143145,-2.0764311302649956,-2.204178887715817,-2.462303847081798,-2.7305478263944987,-2.934820011042265,-3.008779772076754,0.06185992807771924
182,linear,5.217913861573356,4.308907678943243,3.3882234154006823,2.6907932754592854,1.9415506639860587,1.025842289235357,0.2642195816804357,-0.5757237160037365,-1.2535489191328575,-2.1076843239552963,0.05983977844387337
183,linear,0.9898714784513857,1.1066847316469854,1.2385738754266855,1.50236916550005,1.6806998554250614,1.8871430710589836,2.072909762333227,2.2443148666047703,2.314286849970593,2.511264613939148,0.039519119368283194
184,linear,-0.3706915584454597,-0.31237129729900726,-0.24852259507713492,-0.17283033022966543,-0.11659945736994837,-0.045332479897698834,0.021898889138308657,0.09778558079795496,0.15369931539506732,0.20886477872648043,0.005464109697136847
185,linear,4.588645068306954,3.7926966033508993,3.191110317515648,2.0632808574858497,1.4542071634677074,0.8739063725639447,-0.09466622553702955,-1.0161024816670237,-1.4291877616137716,-2.1254667908674514,0.1553600024595995
186,linear,0.865766669810367,1.4056227863047785,1.8095842888609264,2.253215089171728,2.7393669618141665,3.205796982554247,3.6413325773832015,4.149596429567222,4.560491905761114,5.07705764192761,0.04293736165836402
187,linear,0.6382150318105111,0.8169209203067004,1.02902871112569,1.3787052152496209,1.59770390459378,1.747291324250536,2.0918213002925747,2.324982668997497,2.7018959846559247,2.7877088004927564,0.05058071435072924
188,linear,0.03244370283124847,0.4575761823271296,0.9742593697466104,1.152963901608751,1.606559951181233,2.1500239391604326,2.7136589471450017,2.9695852358702117,3.428886817265312,3.9281964827661775,0.08063128803218542
189,linear,3.7489609699643314,3.393242216695466,3.2677378544173945,2.962731504411491,2.781412299745458,2.5428374930069064,2.2897991390663677,2.063723215937638,1.8878225867016927,1.6908148782234353,0.039058878535872164
190,linear,-1.214153177736587,-0.23312288147409227,0.5300500832991791,1.5208235007221478,1.875511661882793,2.617104227956787,3.5334762420879504,4.2927087619764235,4.864436916026322,5.634589426089272,0.13351877167437726
191,linear,-0.8878252692975561,0.02258481325874681,0.580165081013097,1.1888005905105379,1.9612024800099104,2.836544470392921,3.6118257589794234,4.557733137392697,5.195012450934214,6.046278813105175,0.14074441609582247
192,linear,0.3208405465717355,-0.24671645415859694,-0.7983103555726765,-1.302113211679988,-1.7365235561057257,-2.218687769509274,-2.866311645862983,-3.283390637337859,-3.9855598615294934,-4.279672446936942,0.0946452315735555
193,linear,-4.507917469609011,-4.065970619128686,-3.751121617315394,-3.4185240347458286,-3.0811837368264166,-2.7217083476554236,-2.3134010605312065,-1.9249372972942305,-1.7160126925349273,-1.3004935633100647,0.09401117675299843
194,linear,1.6138424911301414,1.1137784818608545,0.3627769396707179,-0.3691635592544561,-0.8311084406490414,-1.2832070174330585,-1.9140036391201123,-2.517572332767528,-3.043817047139536,-3.6633787742279447,0.07267851773063178
195,linear,0.1456982941841908,0.3810701249589523,0.5321734630064356,0.7272617511391194,1.047041752000759,1.1848173382481084,1.4222116213257199,1.598767555387331,1.7739285512494405,2.0117455377066125,0.047911136643131784
196,linear,-2.3679641691431628,-1.555069890675546,-1.2059300141310063,-0.8092481277505696,0.20059046761679786,0.640937768048959,1.1344988063600905,1.6804316268703872,2.4301815621216605,2.8224909900550834,0.11612355907121995
197,linear,-0.1915372869509932,-0.2850043750930889,-0.3471370116152879,-0.4729431691501898,-0.5752773113536781,-0.61675692251716,-0.7033661958620736,-0.7933871926178897,-0.8818123943126667,-0.9835708473049853,0.020332642031375112
198,linear,1.8652466636133385,1.7999552403556145,1.7043728098211353,1.6385949568337477,1.5508573361063815,1.4817763747060517,1.403260692400299,1.3181475874464856,1.2535603577813113,1.172837179470604,0.004975406854068013
199,linear,-1.7653042630704396,-1.7784556952097421,-1.7894756084424488,-1.7963406981259529,-1.80562280988174,-1.8172572646442122,-1.8328675716515204,-1.8400953065970977,-1.849679732971601,-1.8657433642034937,0.0026049102981633445
200,linear,0.18176953931300183,-0.23119158166113832,-0.6144519487835036,-0.9773075014982082,-1.3875867268973956,-1.7677406850410342,-2.0796119650084877,-2.452472962590333,-2.896242766970446,-3.2158948093407766,0.028713989083120797
201,linear,-1.5131358596579407,-1.1586931591224727,-0.5395967240382629,-0.20750721280049794,0.2918936358027503,0.5818222833033397,1.3976562370908463,1.660235437233886,2.15117345391018,2.3390104124435154,0.11819774205625497
202,linear,2.914988594965279,2.867828262089764,2.7644132685685876,2.7048836281151636,2.6024974157670595,2.5223405881657097,2.4506416142830765,2.3410929608376994,2.2561235430537674,2.182217387434472,0.012406902059588968
203,linear,3.9917646646654275,3.047816886154901,2.3101221966173027,1.3614024117881232,0.7455207851174518,0.06585070732577726,-0.5802469065451963,-1.5588221439925476,-2.0171563610485883,-3.0763867047033457,0.12595981256730876
204,linear,-0.3100620886472603,0.2439605766143791,0.8530415318702995,1.3930056552124803,1.8142576715316427,2.386981360306198,2.927909666674064,3.4089406604771124,3.9894028092425957,4.526784666566931,0.04954336484285252
205,linear,-1.5465694735405497,-0.808005561997635,0.06720806168768884,1.0055386062223557,1.7678567937416838,2.7306389278826835,3.540352068565044,4.333111462102256,5.199829875455069,6.264367093742377,0.08272321752293858
206,linear,-4.740558871939649,-3.9011662349680725,-3.435956364662899,-2.7948526717106543,-1.8824685273966848,-1.327165246710439,-0.5750826375219805,0.08457106914953338,0.839887492842174,1.4554950704417267,0.06740167671995571
207,linear,1.7442446592057557,1.7671635551653468,1.7857247284636761,1.8106294948057338,1.8341216371052114,1.854393792673824,1.8766304412636945,1.8992417533248958,1.9191568875792917,1.945096445324566,0.0030385746932151824
208,linear,-0.05201045300930241,-0.31783623231859703,-0.5550207523640531,-0.9008350860048179,-1.3055959143828715,-1.4933540884468175,-1.7508181210935827,-2.1157530045791724,-2.3521224064925326,-2.7281873073552,0.048121390869433116
209,linear,0.44829769575514933,0.06295305382828563,-0.7457538148671372,-1.211441878665351,-1.7114420799152754,-2.1467937596168833,-2.6960803917080116,-3.0600705753780253,-3.622120331845964,-4.185450722714458,0.08963426777615172
210,linear,0.7262503957455764,0.7472607960642529,0.8152091272725055,0.8640229373887278,0.8969452782748053,0.9369166840261726,0.9884359996271593,0.9939560362182197,1.0764813211999846,1.1161107652898168,0.011984124449703242
211,linear,-5.987321769876912,-5.13984947472125,-4.417892010167591,-3.7216112614802817,-3.025392960139026,-2.197205171003874,-1.8462023083651802,-0.9569475436346397,-0.09113299459314714,0.11698745953409384,0.15891050367864076
212,linear,-0.46995414412983816,-0.08334258911334883,0.382173621714759,0.5311869834889629,0.8781815622166421,1.2111251051853416,1.7396479342823903,1.9453199987320344,2.3134630671356513,2.6312622484086425,0.061859342327039005
213,linear,0.3138932352329177,0.4275143010159354,0.8839263633768112,1.0676438762712332,1.3002562679874727,1.8752206119463692,2.207171538044764,2.515819346397459,2.696167026436184,3.0429906878631456,0.0915202525174674
214,linear,-1.8422888497015457,-1.232925123493648,-0.49277742673339836,0.21342685161275213,0.7763207925738977,1.5210396202157188,2.1709958212204006,2.853039223398589,3.521962620208146,4.116251153408911,0.0442079483681353
215,linear,-2.487742343787646,-1.6544179998516715,-0.9580806537705949,0.3986063724794313,1.1230883120654298,1.9699280543250381,2.852395300378991,3.652152626681624,4.391508915171085,5.257505058314884,0.1404609341815473
216,linear,1.0536492967559037,0.6713583851616791,0.2223769015378092,-0.11594422657427911,-0.5840322180823833,-0.9598677832726272,-1.3522608496829724,-1.7791987424224402,-2.195299685817651,-2.6056723470421397,0.027722326274645766
217,linear,0.6231209775890603,0.327455059525911,0.07925105745114638,-0.11962088506012046,-0.24829682237057377,-0.48334421697444246,-0.7022654145630776,-0.957795078017464,-1.1274153331458407,-1.403739219970609,0.05210628634904605
218,linear,-1.5982314183144841,-1.746702322074052,-1.8759260511453317,-1.9901442810836705,-2.2251764145831876,-2.326151890534684,-2.5155308186115586,-2.649866243029544,-2.7950401908199956,-2.9477026842796508,0.02297223209848967
219,linear,-3.2335205536811635,-3.1709392582956113,-3.1194455757439474,-3.067378783241338,-3.0274006513801335,-2.966786768494318,-2.91331891238262,-2.8700343794583465,-2.8133256577031656,-2.7623129516617784,0.0048858649847565785
220,linear,-2.7224399455110135,-2.443444913241294,-1.2671789732523635,-0.41329726745579864,0.1097538356696949,1.217191735231326,1.9711777652750917,2.9387249221912657,3.73958572617536,4.75851673311103,0.1691351849698837
221,linear,1.8945524457434524,1.6887695177707067,1.389904851650575,1.1521231954319342,0.9659524731566246,0.7478704418668931,0.6175962420829407,0.4141206273677681,0.1312095582414761,0.011701678348135028,0.06013741179785333
222,linear,-5.409630935052561,-5.006754847754515,-4.350739530279089,-3.785363655168102,-3.231705833817973,-2.682026969707963,-1.7602751743136684,-1.3268425536607151,-0.1633554358910827,-0.10879469285946486,0.1388146993147361
223,linear,-2.5065093426114955,-2.3229743264922305,-2.2310060986448197,-2.0268494952634932,-1.8716215582575901,-1.729715493910082,-1.4990611557630937,-1.4053394848029845,-1.2088693247617766,-1.016647291976637,0.031321561861340316
224,linear,1.4332986913992423,0.8314308695431744,0.2774914461779724,-0.4149529876186544,-0.9764043459994306,-1.5466607069621332,-2.169192832551915,-2.807011742251158,-3.3902302207040074,-4.023188380782085,0.09045755386578504
225,linear,-0.22987554806656527,-0.8413484055358675,-1.451016047560336,-2.098990611246937,-2.555990099665288,-3.228526911274183,-3.903937635311549,-4.397068028436135,-5.102308914886669,-5.771066411543717,0.06976528656068169
226,linear,2.353054190842785,1.9184156483754466,1.224610479473832,0.5195478565733607,0.15967563926519385,-0.5232120375203677,-0.8096773385826858,-1.5928046997541758,-2.416121312778583,-2.6770089875264156,0.11653379298298996
227,linear,3.78864817163725,3.1766528023321032,2.3800935267821055,1.717086257243317,0.9276126013568712,0.2481580289610023,-0.4654701901285751,-1.0959480686831764,-1.812994504670023,-2.552092141533677,0.051755699915071965
228,linear,1.152017552335873,1.1053890763285026,1.0565678511452816,0.9991357774167311,0.9408236212017986,0.8975790480173303,0.8656267742605565,0.8081372360680891,0.7581558565591366,0.7221514123401698,0.005095762399380562
229,linear,4.856653514311903,4.142613415390343,3.5231052686186493,2.6657365224666743,1.9465015236935075,1.2402932672570113,0.2746135485862278,-0.29344647212120073,-1.138863807147834,-2.093592769752264,0.09326168401904655
230,linear,0.6311185014564191,0.5857464228449454,0.5504418860064335,0.4855367489085538,0.4471162750460686,0.4032952879389464,0.3513266575589906,0.31007436887058715,0.2546179282640166,0.22669351519529896,0.005936016855719691
231,linear,-0.9200031717510909,-0.576819847037399,-0.20993807827315836,0.1445816755403787,0.5260741863447105,0.8967410351554448,1.239475669986379,1.6200249111491067,1.9760094236161347,2.404872604772492,0.021467625620360236
232,linear,-5.470408960040149,-5.007447868873949,-4.196194793961523,-3.4156835203436544,-2.5333264911669393,-2.039631197070065,-1.1875970670282632,-0.6057939493260102,0.2214030033450046,0.6693550095052132,0.14187374467375052
233,linear,0.6437019626615766,0.5398772217895375,0.2643798349623602,0.0010464136898432497,-0.1693025112543955,-0.41251363309919614,-0.5932155422183026,-0.9367473483535299,-1.1173120785547694,-1.3481499231738467,0.03397672290309345
234,linear,-0.21748001488481833,0.0177682270673983,0.15141446587122231,0.34708203050804143,0.5569993057324042,0.7746253467071601,0.9354486188975414,1.1312020185132114,1.3680449331915854,1.5493944560315998,0.02344757373442678
235,linear,-0.708674405364429,0.4170270516798401,0.8981813080279317,1.368416043544952,2.13446529694292,2.8317560791524663,3.619825838874474,3.933406918464237,4.686910028913766,5.540919499438559,0.16846788029134865
236,linear,-0.05949518866460937,0.21566395245825568,0.445986908511762,0.6849160023201012,0.9276186001449652,1.1534485475289018,1.4295584217702053,1.7247130743902352,1.9291240594427836,2.153889098645965,0.03347932718744892
237,linear,-2.7449966509021486,-2.4354677117227257,-2.113774236339222,-1.7858453287362617,-1.4935393413358589,-1.2568511933723927,-0.9475753136439433,-0.6087928106495266,-0.31455082452209254,-0.03184954389125455,0.03701940161816475
238,linear,2.988977606843949,2.8744006649229927,2.7340599573152087,2.6275901953401717,2.473478469835097,2.338539962713177,2.2114632519121815,2.083950735548051,1.9556716233490226,1.8426281105653528,0.010416112281430624
239,linear,5.203645910661126,4.799222486737955,4.102299443918627,2.989708759191968,2.348486233392734,1.300643067829935,0.5989038343808076,0.18893751607880155,-0.8268831476624285,-1.7044410267348322,0.15854740013081375
240,linear,0.9309584202701724,-0.2222337793010653,-0.9337826545220157,-1.480934989517928,-2.0780597745687794,-2.78707387699293,-3.940708786359679,-4.376705848114863,-5.493144693897779,-5.72281360747957,0.2047083009893162
241,linear,2.1654330464815734,2.2947920959904717,2.4168792400747687,2.621372864574871,2.8576209183879193,3.053395276872692,3.1944641786599686,3.3841166584141087,3.5972354932066324,3.757789277433577,0.03922035125682234
242,linear,-1.8881474589308096,-1.902807923522762,-1.9187878903674906,-1.9344006713952708,-1.9489960404338715,-1.965593766586519,-1.9801336688062958,-1.9959370340548206,-2.011477675175062,-2.024877480159135,0.0010667359560012054
243,linear,1.2294512966718034,1.035375984624843,0.82692961314168,0.635082522046945,0.4181429773074716,0.23637113272523055,0.042055682525691,-0.17801628086717786,-0.365678610977971,-0.5753230244684814,0.015735790626831468
244,linear,0.7985137742041775,0.05356389034111486,-0.5029627074381139,-1.4046772295615222,-1.7897478706045922,-2.7968414680792346,-3.4447512308883974,-4.201672577451333,-4.821997599043055,-5.471772710769681,0.09598675400585305
245,linear,-0.89492666456788,-0.4815535555559659,0.03536975217546914,0.47463916015872754,0.9171433002400214,1.37228578086278,1.9768057854567558,2.317657751884631,2.7304515579338613,3.223883494047118,0.04130475908388624
246,linear,5.718601979948533,4.959254771725486,4.385109840343937,3.634190673334661,3.0015263845955578,2.324344798200672,1.6493619389659544,1.176963531541014,0.493557210860603,-0.13656704788567703,0.0802862125621713
247,linear,-3.0365594921726604,-2.49188604584453,-1.7321702636113379,-1.1044144113772494,-0.688678584127751,-0.11087998223993456,0.7124414654749303,1.6287089480896029,2.3269355322435556,2.6118701331585736,0.1893049201408934
248,linear,-4.217607075454395,-3.8724507972048263,-3.4888371885936866,-3.087290152877453,-2.8124321168103905,-2.4017572863864403,-1.984700321143527,-1.7735371977430165,-1.3610832443045062,-0.9407150186027445,0.05824949489237321
249,linear,0.26718856446226824,0.7163431803817161,1.0379066035946731,1.3535816292928091,1.7667649485230263,2.1199039810681723,2.525619692032404,2.792525544174507,3.19145985961105,3.5480555447743245,0.06115883301025247
250,linear,-1.817130355203204,-1.9967770461828578,-2.081473038292787,-2.199212312536467,-2.366716020457045,-2.49769324421389,-2.667606933605983,-2.8464519256247693,-2.990823281440193,-3.0849072644341224,0.022038292378386986
251,linear,-4.5687309414581065,-3.971211400073217,-3.092716825195008,-2.1268932396789126,-1.5766399509279199,-0.6120692051665394,0.05073670773963135,0.9316681065500276,1.7687926400235634,2.5229130436708136,0.09145659522170937
252,linear,4.859553021690698,4.1540851602688855,3.3788440553769994,2.6179000870618623,1.833456164757026,0.9843100113741354,0.17744078931731122,-0.4584762226015118,-1.2766527663213898,-1.9914376303183088,0.06265948355510186
253,linear,-1.7147392549458946,-1.7009816459594798,-1.692598017923,-1.67385309448167,-1.6703052610960023,-1.6570946980930819,-1.644181774204913,-1.636461805280744,-1.6204611565028764,-1.604906732681989,0.003157753121129759
254,linear,-4.630384324715116,-4.071080587385646,-3.5225266669533126,-2.862200477904832,-2.3555710354526957,-1.776617298169492,-1.2138565109761397,-0.7133574275535121,-0.1048476368700019,0.564452841307824,0.04646716186958358
255,linear,-0.8234226708371178,-0.8328937269766823,-0.8428884480119505,-0.8481244215875426,-0.8591929617665566,-0.8645962492577483,-0.8761469371226521,-0.8805312505006504,-0.890755315818729,-0.8996998834044557,0.0014929598094270584
256,linear,-3.3459301329840843,-3.131178146623893,-2.819038879005735,-2.5643885490857405,-2.3232622005714796,-2.0770305354356005,-1.7902935895097953,-1.5116382951265732,-1.1866747944853666,-0.9713165637209537,0.04161291822570156
257,linear,3.953201728302338,3.596484940816037,3.042410386678467,2.7210003822907933,2.3355188229099957,2.0742366890432233,1.6111826673691543,1.2639669860855915,0.9817932534030539,0.5797623787468308,0.1021334124669862
258,linear,5.391411277090518,4.01318357479429,3.467910542400134,2.7379547340041586,2.0385312970071787,1.2297988185596957,0.24930134991234565,-0.5208657271717794,-1.4775339370902518,-2.4833818383162622,0.22676225976192374
259,linear,-1.6261852189510924,-1.5906142026589554,-1.560121948686594,-1.5335146935000126,-1.505080372068283,-1.473207827841854,-1.452636621878825,-1.4270678482034962,-1.392519149006286,-1.3587932845856745,0.004909860271378777
260,linear,-0.657356149105119,0.006812687858285656,0.6228404198776613,1.2762217398487183,1.775524124327568,2.481473292173274,3.134317839389443,3.7913971454306563,4.275865476467156,4.937624031216536,0.08474876941555837
261,linear,-5.423287153841463,-4.593714134434062,-3.655714170509763,-2.808486121256452,-2.089129511221411,-1.0679219286598176,-0.28020436205754057,0.6725601605949693,1.420032475101654,2.3662053470988336,0.0645257800163014
262,linear,2.3639426997906043,1.9875441127306452,1.7011476977840867,1.470777587901348,1.2190707116239095,0.8884155544632629,0.6808882024079446,0.32978605627273383,-0.006632779284279619,-0.25086443446078294,0.0671571553747237
263,linear,5.4956621457119486,4.724901438843212,3.940978312475039,3.0266852008176093,2.108594472554845,1.1120133438367854,0.4020995864494384,-0.5277586706911608,-1.4699838372457692,-2.1946624893018267,0.13735452982614663
264,linear,0.7241165115450714,0.6392861705345972,0.5225237438938956,0.44795325589610224,0.3666794333567692,0.27874807332399415,0.16284074918817634,0.09398241868348417,-0.03659081692444706,-0.12677131645785922,0.014244809120916394
265,linear,0.02499772128089342,0.29139248341039703,0.6065184670888595,0.7989627445083383,1.1675572052804162,1.6859306750207566,2.0045607884212453,2.30349147793367,2.747661942048706,3.106937375118214,0.07567960323275189
266,linear,-3.3485054973248793,-2.733453962893462,-1.9637110962189113,-1.5765365260429167,-0.496545664327505,-0.15643669160420118,0.4739181432604112,1.1207390547539076,1.910948720650873,2.411873240983617,0.11872153274999991
267,linear,-1.0509772667342434,-0.5065523975692436,0.7815512581867395,1.374632469209202,2.4171831222700644,3.1950986151472605,4.577250817666696,5.458036007393434,5.874469537357408,6.74598561919533,0.23299192740393596
268,linear,-1.8117833702332669,-1.9164768278910462,-2.053709325345218,-2.168436017252488,-2.3059659665335275,-2.4007803062093296,-2.5072949628967818,-2.64121143968474,-2.75326044443712,-2.899317163489108,0.011155647725858683
269,linear,1.710073706720664,0.9879860485617603,0.1302118823732997,-0.4684173892647281,-1.0933693633496286,-1.40666216244558,-1.768208782613388,-2.4952870716265174,-3.6334107174099772,-3.714505396886046,0.16075252528364567
270,linear,-1.343052592381883,-1.2575893006530763,-1.1940990194896637,-1.0674304530230456,-1.0187964842548962,-0.8922141553717757,-0.7748911628924423,-0.6990311386322009,-0.6131038409558344,-0.4953210597427654,0.016716636896992983
271,linear,-1.6813929799352794,-0.9147263372301836,-0.17359947819028632,0.6301045249971948,1.4014312702629832,2.033510279022314,2.9302286366993098,3.91634534182501,4.870282100190842,5.96938451603028,0.2147758392621763
272,linear,3.4108327536661776,3.0048387388240467,2.5452916383237003,2.163092993229278,1.708434326145319,1.2170933661584245,0.8280200392553843,0.4432769935041081,-0.048161014059274344,-0.46049993841533426,0.03217647510478441
273,linear,-3.645349109738902,-3.0044104394664632,-2.241149516234656,-1.7951609112222258,-1.341604300115761,-0.7029297975414943,-0.22909649908558619,0.32066569380741805,0.9453533415456202,1.3041401276156457,0.1310872683665978
274,linear,1.7345629295637464,1.1031349108288802,0.10231161879472958,-0.9513061961606925,-1.8548836879336008,-2.592988651019142,-3.306432027691351,-4.364036684324956,-5.095545988427735,-6.073392199358396,0.10059385986138836
275,linear,4.199622362399463,3.9572104295824104,3.5310773367271415,3.2754512499408786,2.9676685299642527,2.6163728481980986,2.3331024687439545,1.9712698485847513,1.6278573242710541,1.4529533779664554,0.06389663527007866
276,linear,-3.221926355924649,-2.4509152727679857,-1.3433840382922677,-0.862776170748996,0.29692630880865994,0.9746436502159049,1.8067711846687553,2.7122769527488937,3.5608822604829693,4.209765020592459,0.126487565214676
277,linear,5.10216286559282,4.475783358843243,3.7114361641636817,2.8092614195929273,1.8028894164478517,1.1907695363874296,0.43355652455429927,-0.376983816000096,-1.167265858430819,-2.0103842156877434,0.10986108007631958
278,linear,2.9206162588757234,2.796452965807278,2.647392216616477,2.5037990718932757,2.3366050445245534,2.209786447897059,2.0770012904917268,1.908964125514336,1.7600436656951322,1.6164416151130618,0.010412264959325486
279,linear,1.7604922046925835,1.5193804148270957,1.285918775193457,1.0805714328713854,0.845742457095268,0.5544499221426454,0.2796637801450303,0.12033766574356743,-0.21994614659974,-0.4734424333584506,0.03125550227868714
280,linear,-1.7851258929001972,-1.8150982882598168,-1.832936128067338,-1.858497261082003,-1.8801855606510842,-1.9076901159048862,-1.9250389926106044,-1.949311970491669,-1.973847261208809,-1.9956302701107576,0.001823367922923623
281,linear,-1.1527017114166827,-1.4481853905818411,-1.7973607639607525,-2.1965830541352727,-2.529553727011537,-2.8999742759790017,-3.243206014272322,-3.621329300823707,-3.9836916400532467,-4.296714611474808,0.022515533259170176
282,linear,0.7883352544973797,1.4758965482747999,1.8720305812299038,2.3415433501389007,2.850029746530113,3.1139472025813464,3.628986374369521,4.083629772024769,4.424306160232564,4.992519334054111,0.1060059436854993
283,linear,-1.0079501973403269,0.0702227661571555,0.3608235828220447,0.8410484692829245,1.4685575407994367,1.8464958001957728,2.873984445039721,3.1549215853009716,4.001975369258356,4.362117226042234,0.15828335281837647
284,linear,0.02251191974749843,0.4159636484070296,0.7980213424993304,1.1606973894744987,1.6965526430258833,1.9169838655096267,2.374339962333972,2.7745422825041346,3.1986664888659826,3.545406640508203,0.06345721012626063
285,linear,3.3914544217333025,2.52150364830881,1.7081538713122966,1.1924963745941275,0.4961793788332653,-0.23723749204447106,-0.9704573379062653,-2.005546872806435,-2.675653272959836,-3.017421300766971,0.1188354616235224
286,linear,-0.6305301091477888,-1.1534219881002343,-1.4726263223899578,-1.9647513631014837,-2.4739913018070996,-2.9850269472684463,-3.291082451278798,-3.8959273719483076,-4.1675758613138445,-4.379560834639017,0.1067700182725136
287,linear,-4.329338946514904,-3.913956266372725,-3.3311490714739653,-3.1421588844070873,-2.771057808286162,-2.362651632241788,-2.0746392277490937,-1.7250260758138458,-1.2625105435952282,-0.9698389420983852,0.08419160138096984
288,linear,-3.266605406425274,-2.911856765992942,-2.5235199077245998,-2.2056428772070635,-1.8597228815931073,-1.4726334894057702,-1.1111764664976442,-0.7968485115884069,-0.4339988674906069,-0.12186340457009494,0.04652338787213572
289,linear,-0.4204349183050456,-0.7575793646544644,-1.095970328656502,-1.4160412712573762,-1.7446321002025411,-2.078659302613529,-2.433144521614685,-2.73587468743544,-3.0933935645632484,-3.418563727979626,0.02070387164349243
290,linear,0.4614722265244918,0.3172991488240282,0.04572019491742822,-0.13878722962152212,-0.34616747295597905,-0.5422564200199654,-0.6890772191476656,-0.9368408985149652,-1.1272126446564588,-1.3487540534998572,0.023751881388947297
291,linear,-2.3770342316054074,-2.0116339263216956,-1.4051575879247822,-0.2991885519253247,0.26506802297331095,1.3012206476135095,1.871360898788183,2.6005898113624717,3.433628303632249,4.328912411922266,0.12917346441192304
292,linear,-0.2332797543401713,-0.03593380547067446,0.3012978533853881,0.4457739268033003,0.7666810579064514,1.0806288121793257,1.3115312497492853,1.5796379535812313,1.8005825535542332,2.1160955688980443,0.050032013406895476
293,linear,4.12566796581329,3.534084245149149,2.964957498552798,2.6057816931438893,2.1176996034980533,1.6625538747233242,1.005129303191161,0.5095075605440146,0.11902593989627108,-0.4207272923441849,0.07867172090644214
294,linear,-1.1874318060233158,-0.9039520775383436,-0.6760087389647368,-0.5550653114143501,-0.3145432846570253,-0.08968118032561773,0.17679622144442125,0.3210792023243578,0.5350995365203973,0.8103167964778891,0.03045191825113801
295,linear,-2.0601719136414576,-1.5029947755660644,-0.6929084781315077,0.27314817713549866,0.9027533704478392,1.6072823254752522,2.292419589805728,3.0933118966341526,3.8934398281831597,4.712909928624901,0.1208630240067399
296,linear,-2.097416781910831,-1.8679242451309324,-1.6587786041048198,-1.4635543430271143,-1.2571558265862999,-1.0347069379910232,-0.7767702320594332,-0.6232662826465704,-0.38844967940706215,-0.1671233339608431,0.03188792181581355
297,linear,-2.37460502905191,-1.9285966613627914,-1.373826191834827,-0.8163451152167078,-0.24072719997413175,0.43305499527466573,0.9427340644382284,1.5118239180153155,1.9516991462864997,2.535317549756016,0.09467709015297185
298,linear,3.810828645483332,3.5039854381146402,3.238735571943914,2.944353032864991,2.665379890870118,2.3958931236415535,2.0872125256182947,1.8506901135649703,1.5879610489184417,1.3589083116365899,0.028771636051820204
299,linear,1.1856430986245763,0.6026149107598767,0.036598091967979654,-0.2620022378477973,-0.7981327471700652,-1.2716199554022216,-1.6046591711221283,-1.9868127229120847,-2.577704177875725,-2.9352719695444343,0.08684466465964848
300,linear,-4.359930624621736,-3.491975653021161,-3.0207403451915633,-2.0597172131255053,-1.7399083036305978,-1.0073061402552623,-0.18277520677377568,0.6144833130037822,1.1426020328601698,1.8362865900064154,0.10367270420558945
301,linear,4.034938525065444,3.371384418923992,2.8462755733199496,2.0671858145528637,1.523240517209859,0.7365084886793388,0.20488226183780026,-0.5155840849228469,-1.0236699998282115,-1.7677351914026551,0.0792356770513898
302,linear,-0.3362823925637496,-0.8386391582715128,-1.3606941496896208,-1.9118837296133122,-2.464299326597967,-3.002905162022566,-3.575994719511504,-4.044450051947926,-4.493943138424175,-5.1285811909830405,0.04735367880951751
303,linear,-0.8668571520964843,0.08418541703042912,0.9610611207193042,1.2947214260143685,2.4847200655998933,3.014887597912723,4.888088248538334,4.764434794231827,5.771094454865589,6.6447750840725845,0.2463506768921883
304,linear,3.2406485162533505,2.962425426438144,2.682143905748732,2.4852366302281013,2.229149204576106,1.9655341597936327,1.7365261510934513,1.4874900715022386,1.2314074265123447,0.9590725061775915,0.028657648536829866
305,linear,-0.21976645976004766,-0.10525698176388802,-0.01890593810386636,0.09674692524306079,0.22160771561450401,0.3334200941078704,0.47337340387905047,0.5838106396438228,0.7095932707723326,0.8160502587360849,0.013322778809872697
306,linear,-1.417950350657642,-1.0197275994765778,-0.8350542666849813,-0.5776696929645572,-0.3290466862289196,0.07905514942015937,0.4097503293977954,0.6003923384891662,0.9944750651801479,1.0320993089744273,0.07688204068574878
307,linear,-3.926336396713757,-3.773697042259494,-3.3645746008142607,-2.8611518598643326,-2.6572676206574473,-2.055406103212553,-1.392704097397987,-1.1381451427735305,-0.7117972451512463,-0.001011199693089132,0.12164154502456709
308,linear,-4.080194597086645,-3.555645256421534,-2.9667989394284686,-2.3537194048752337,-1.658818612122154,-1.1088272232153171,-0.5781422576889855,0.34997149638249914,0.9741958319710107,1.8478353675945787,0.17189143120486172
309,linear,-5.221994863887505,-4.385450326232582,-3.6530747713743636,-2.972253417406562,-2.3059957042431307,-1.5879202965268027,-0.9676662022541999,-0.17811197270601759,0.570742217535192,1.24573240061075,0.10769318278089325
310,linear,3.196639957825296,2.727207775800236,2.363431757974064,1.9421184423103874,1.6074072820523866,1.1398783256759384,0.8257241100958045,0.359398074061515,-0.06286897872327074,-0.49545099709409685,0.05162164442090471
311,linear,1.4010122012398867,0.8239048575243149,0.15726280790605365,-0.3428223615480367,-0.7659162914483544,-1.391122113505976,-1.6968726915130623,-2.2735598436996742,-2.782773531015489,-3.240323378242682,0.09645319695417653
312,linear,0.7769105064522197,1.1433014866166848,1.4562226696099099,1.8846669948475552,2.3033832432206447,2.720399412663223,3.0025647351439715,3.3943744704455794,3.846351905060488,4.245926850860058,0.07154480052135347
313,linear,-1.777942589931271,-1.2737250807210772,-0.3120880127094457,0.7095168146686686,1.5129864134978306,2.038399668707829,3.025926029150516,4.254579316372296,4.592085553742601,5.252405378017826,0.20950265726133135
314,linear,-0.02684121596141358,-0.010094461112515333,0.008811075394459057,0.02809578998476994,0.046434805291926916,0.06433475748350694,0.08313578174049216,0.10176442898123997,0.12106636831571423,0.13829606918435183,0.0011404575294932666
315,linear,4.941811691706599,4.1727552479336705,3.319418703906289,2.469707075477878,1.5462122690358076,0.7579067708604064,0.03194297376182012,-1.0264683771448528,-1.8567129763096062,-2.5838221033751076,0.13118684138945666
316,linear,3.912743564839112,3.398947996383935,3.124051478394846,2.7369632052848787,2.346088537042261,2.046850531338457,1.5034357012446518,1.13543278545202,0.6410016040741344,0.3739732659017596,0.058027917961282
317,linear,-1.8915026730241946,-1.4572805671989988,-0.9890424367819637,-0.3330372683189156,0.07440408141962908,0.5070233940753555,0.9295214251926279,1.5731257724062973,2.208693852229604,2.8774278833319444,0.10175572339672469
318,linear,0.40769037443255024,-0.5006119706416884,-0.8941218204815263,-1.515220799626474,-2.208433427691216,-2.9321575918105722,-3.495766066121742,-4.190375857831284,-4.946680285428164,-5.305336428438575,0.11114950384536003
319,linear,4.251707981382679,3.735597315415528,3.1495541713484965,2.6478758538336993,2.1235103935888997,1.5476547842543062,1.0743129842988561,0.4918357457626625,-0.023949927177028468,-0.4738928757250861,0.042871198997532306
320,linear,3.4530272217966496,2.8606649783766094,2.0543816056474657,1.4605382307197845,0.8002282622122263,0.0556644929506842,-0.5559471846076944,-1.3334691857655878,-2.0143868924834445,-2.7540200344308037,0.06876590197315534
321,linear,-2.769316694957548,-2.619219692358178,-2.4206559754596264,-2.169437480952119,-2.0261335427199683,-1.883836016214918,-1.6556579824978166,-1.4875357824128992,-1.1816257718445253,-1.1059202462014535,0.03400822313807697
322,linear,-0.287446196188282,0.37523366440373085,0.7011450289574362,1.0684961717035923,1.683925818545287,2.3424348545389577,2.755014968149891,3.1561355290374835,3.6721678692259934,4.185843198263841,0.08396675477657496
323,linear,1.8328750852156683,1.8803512452249436,1.9350442485422197,1.997220403042273,2.044329687069623,2.1035194639149237,2.1603315710358517,2.209201299903874,2.2643359241591074,2.3227612084289353,0.00402867446610973
324,linear,2.5121066754245414,2.3481403187225816,2.2004370301686365,2.0817934981431083,1.9750000394253446,1.8355541096608645,1.6184873520939425,1.5246156979891654,1.4529462437624296,1.278947534010056,0.03284545280779545
325,linear,1.8588082246104094,1.6020191708610043,1.3276769700415205,1.06247004067582,0.8692703182738727,0.5870447070885457,0.3258475831430104,0.06320594414986482,-0.22936646463305702,-0.4353197180405964,0.022437555710168505
326,linear,-3.23819063373873,-2.480525394817196,-2.0292279359457983,-1.582559360929672,-0.8099008582625942,-0.12074721614798536,0.3654238278726444,0.7710730906627419,1.3448242938445885,1.972414209283459,0.08787156725012306
327,linear,3.902614796344702,3.6398778306757538,3.3246543110623206,3.0485044870093474,2.855360892017659,2.5689783648235274,2.2512339788233984,2.0436755531615955,1.6492599429930879,1.4845587847869424,0.05582403426025509
328,linear,0.30016623832424555,0.39764191556043094,0.48787099749163965,0.5881996353198516,0.6617703737148444,0.7622297937426151,0.8542492380188564,0.9416799503453787,1.0213629465904037,1.1269249211158217,0.006414580268148312
329,linear,-5.291711501902969,-4.698186083489892,-4.0664699689803205,-3.4843084439946925,-2.912213501997108,-2.3147817487361437,-1.6988347716878724,-1.0576248043802678,-0.46202068311425226,0.15190351314231018,0.03728232242253859
330,linear,-4.572704918423554,-3.989076755987564,-3.3587084219816994,-2.868133687104428,-2.2321401531523724,-1.5647871931501296,-1.0914817926897775,-0.37730829969182095,0.2304900561775461,0.7400068832180052,0.043216737742661875
331,linear,1.538718113795923,1.9368409587651596,2.120619586643714,2.4166583318085215,2.6793080766046757,3.0368033646104364,3.373131719960931,3.569665277353696,3.782718732387147,4.078433219243417,0.06479769595842619
332,linear,3.960750790684797,3.4428180876383156,2.795194996750866,2.1996517658993477,1.5775916419036458,1.1325811363095837,0.3082152772071439,-0.07851170594682992,-0.7415096023918826,-1.3255067318573939,0.06007624766382847
333,linear,-1.274419877172455,-0.86098522951039,-0.5043308293432952,-0.15888285769778115,0.2612001724789897,0.7396422667035724,1.0820664119817303,1.4886899545333794,1.8511521760192753,2.2263674196087897,0.04055891902702075
334,linear,-4.798505494088426,-4.455936861948466,-4.010809029382861,-3.540525853549848,-3.1026498943988234,-2.650581183893751,-2.1156320539212268,-1.7697390763804506,-1.4743780859816378,-0.8934599658855151,0.05269889365938408
335,linear,3.6143960534247057,3.161041239397726,2.7272126352611332,2.34709572667064,1.8251594239158904,1.3616026730426802,1.2389731296643134,0.5157308314898116,0.14732411701042483,-0.4089363018925707,0.07788930686052534
336,linear,1.3595589813432856,0.6924829181408139,0.05310153167931489,-0.6870552970525042,-1.181161213218339,-1.9498279799547593,-2.480655402656435,-3.1449995345939854,-3.806745453272851,-4.509368331719666,0.041368986002072644
337,linear,2.50830763877856,1.3136750440067215,1.1660146078167313,0.0953159317917413,-0.8063151239323005,-1.6385236967989223,-2.2603886154145405,-3.3415217435720708,-4.445756457946104,-4.6987859830803345,0.21154658374901195
338,linear,-1.1123328625586237,-0.8865764461507006,-0.5845810007671173,-0.28874241072631157,0.05757464324117975,0.2966167165287175,0.578600175388119,0.9558576155018615,1.1797466256104703,1.4644792761070464,0.03829625782924335
339,linear,3.7912902881889643,3.108372110483014,2.4072903919077513,1.8197960523199725,1.373380334922167,0.39005393659862775,-0.04084308256870248,-0.7281714036401932,-0.8293799702894786,-1.576000494995214,0.1696815587123511
340,linear,-4.086297628411339,-3.395450844089418,-2.0034325122001784,-1.445344497348329,-0.5819361570922387,0.05533460931529373,1.1317633960243834,1.7799444357622611,2.6322617335874954,3.6202260053552626,0.17014240236918207
341,linear,-6.190396559716916,-5.557387781893651,-4.659295134005454,-3.8025180814453403,-2.7712881618593217,-1.9087605113844488,-1.0828029575935723,-0.25888083176460197,0.5964388325561357,1.6071598784006484,0.10566925967835111
342,linear,0.288632270118634,0.1311562004029682,-0.08417090746105285,-0.2521760374732773,-0.4399486925204492,-0.6523215481166559,-0.7772833363740732,-0.9882142647159619,-1.1543211915624052,-1.3640596864152321,0.01833244702902818
343,linear,-3.622693207934086,-3.1528022898275974,-2.6492409011184015,-2.1886175780014723,-1.7348024439135596,-1.3456323514473425,-0.8516119336432469,-0.3948169919089233,0.13538930825985482,0.5832339032466006,0.03599247313487104
344,linear,2.3839687730588244,1.9712945662566443,1.765534472609938,1.4321714230416465,1.1906608635032263,0.8076127159984681,0.4130498915239263,0.15574643109127376,-0.29045434114944363,-0.5917915153261634,0.05464642882062234
345,linear,4.633934725732296,4.2855199570586615,3.8308430645120226,3.499999091961091,3.0810778414919016,2.7446475426753705,2.2800591326907065,1.8440270101225442,1.4679077015958173,1.0170040882646343,0.046188597885806905
346,linear,4.876753289218492,4.116678302597103,3.197127706132139,2.541561589307395,1.7370494977971989,0.7868804520648406,0.21606904122056608,-1.0396161890502056,-1.4987828610739258,-2.4519898239673212,0.24089775948419515
347,linear,-5.111404953547166,-4.33706955566601,-3.766983977766113,-2.8584805091248735,-2.2742918417151063,-1.7530261704795276,-0.9715141969931899,-0.3265258308913169,0.26941626852666045,1.0588452087069586,0.09442484372239582
348,linear,0.26113738466247516,0.5562333476145795,0.8529953859797824,1.1216209500971666,1.551418162221945,1.711490501779739,2.095790224219825,2.3618790251182227,2.778134458942881,2.9425167079337244,0.053106232302533925
349,linear,1.4187238158291196,0.9283322953108465,0.221825220783293,-0.14249423931962776,-0.7704767628358844,-1.4192604985535453,-1.7683598312165167,-2.5354043627129474,-2.92397254783397,-3.6156824226532858,0.08414536773613288
350,linear,-4.21744796405113,-3.3605482799057858,-2.832631920749711,-2.1724706642888294,-1.3267218720263882,-0.9574853038561212,-0.19452882694098464,0.571641277937774,1.1989737250749415,1.7130142471456231,0.13762049709864063
351,linear,-5.4292808128963035,-4.981273243666054,-4.075015390704366,-3.429620519562012,-2.6888978103709573,-1.8410972402509902,-1.4479437035173257,-0.6020215799200888,0.16891904681328887,0.7521019720835671,0.14248223709694222
352,linear,2.4654281203080934,2.090178908286374,1.847791553037926,1.574381714613043,1.2550130921065341,1.0049638974901023,0.6820849559220726,0.44819453521103825,0.17459625234177714,-0.1310151693920827,0.027770408682500074
353,linear,2.3571754759868035,2.2502732525845976,2.247191508942011,2.1654019034717025,2.085960306661231,2.0497472846464273,1.9591189102099331,1.8944234143360097,1.846236052500442,1.8039151892912104,0.015607327872730585
354,linear,3.899631988550512,2.9287022601472645,2.4007338148573107,1.504975872441271,0.8818365476246961,0.0794209004595707,-0.5800420549859495,-1.3641946079108587,-2.463276133052786,-2.8397493779493006,0.11215303915297975
355,linear,5.7192914158509405,4.855239971926265,4.4637604186556175,3.4385059195136765,2.713513317194808,2.087541021415502,1.1960030476633914,0.1852100715329421,-0.8832224464440276,-1.2300943151682597,0.20606974018904264
356,linear,-3.4167216310331843,-2.6348807917349713,-2.2152414872322015,-1.4834888526939187,-0.8481276163731305,-0.08539328662564521,0.11807131945464516,0.9143983989829803,1.7185339644344146,2.4415793594375876,0.1330341529236944
357,linear,-1.4126237227262046,-1.5338978860199095,-1.6601256195545935,-1.809892729823208,-1.925959764383092,-2.03921161070751,-2.154927952385058,-2.3032807079055555,-2.443738897707009,-2.5736522374393997,0.017567372115522922
358,linear,0.6721350617312163,0.6040287436209522,0.48204106510632416,0.3954180866679513,0.3067896082679221,0.2334939152765605,0.11177127184496974,0.014451055834996902,-0.07883796858033212,-0.1485770770023076,0.01124361194642833
359,linear,4.625703191817478,3.975782325387868,3.6216464539655493,3.165232047468672,2.780521037441837,2.4188119666743386,1.7952367030465757,1.2276498464414882,0.901668942142448,0.2744097423340031,0.10713222267505056
360,linear,1.1340655665379789,1.0257417208529067,0.9634489591845463,0.8231466007304292,0.6716342758651395,0.6251510833461739,0.5389912084301401,0.434504771874193,0.3886765705603167,0.23226075975656252,0.025971473490083045
361,linear,-3.558086010102027,-2.6865560301223073,-2.0123311513223157,-1.1197093084559064,-0.40556340605976554,0.2683867424804952,1.294247650086791,1.9872674805999688,2.639061065171465,3.4862368599074207,0.13305254745574793
362,linear,3.612086389197703,2.7142292996060196,1.7980255065701165,0.982494302541634,0.14941107098585818,-0.7970566275773968,-1.5114375595402616,-2.4772618847620445,-3.3366244586978357,-4.244080470336625,0.05183981846044837
363,linear,-4.046125217567715,-3.4435358840742882,-2.6383549054340545,-2.0452190974065925,-1.3723386725751936,-0.5609824044189943,-0.047815661418977584,0.6690803228999997,1.062083533226644,1.692918976240778,0.15027518770911583
364,linear,-1.2529246499420559,-0.6464362946357186,-0.04303475558146795,0.5109165259195819,1.099181986915656,1.8338398319193747,2.404737577873908,3.1773391981791894,3.7082269116315394,4.31471234953826,0.09614072219538476
365,linear,-1.3384428924133203,-1.0880253439731609,-0.6630625349521313,-0.4356213503020593,-0.04482272630379558,0.1639973177214063,0.369293470919388,0.8741690075815928,1.236107749961682,1.5446257640311711,0.0880162278185247
366,linear,0.13134524317396293,-0.028325366242829737,-0.20139686956622013,-0.3331546392058413,-0.5218480816420386,-0.6749178856644187,-0.798131676725919,-0.9677909810877937,-1.1445815669625548,-1.2922720232508809,0.015545096642420863
367,linear,1.6476689921590968,0.753086810020535,-0.06769652792989131,-0.8658677887310943,-1.853380510764848,-2.7828833919776126,-3.5404723227715422,-4.463106841460823,-5.319038086551948,-6.199821338388982,0.08114409704281714
368,linear,3.7742491991208813,3.1439091314624417,2.8298078983761545,2.288339792019609,1.647251142773129,1.088243541666354,0.5783276556761039,0.0489175702842653,-0.4780171365445546,-1.0224512960696204,0.1286348972841115
369,linear,-1.2713957461676464,-0.8108222822865168,-0.21421862669921182,0.2497129192989971,0.7494105481013181,1.1591934808904185,1.7804153014460737,2.1713492368931218,2.6924860455600848,3.209891193233661,0.041062376733025215
370,linear,3.5143272336034075,2.8347906249518378,2.43492057447964,1.9115027991139726,1.35643808826605,0.7637466701607707,0.4177383531172901,-0.2619080208810117,-0.5318698448382424,-1.1277235301131605,0.07242274272894171
371,linear,-5.576755551495212,-4.784864370539601,-3.7933791561942387,-3.07448738446205,-2.235484954506511,-1.213404663407872,-0.31386677561024284,0.5333672165892676,1.5923922520348237,2.255784519144285,0.1082983636218308
372,linear,4.665590436556039,4.263610342325421,3.941780072455217,3.1966654555684277,2.3381749555477436,1.5952044900548925,1.5087020882786535,0.8354900439542433,0.42177505716201874,-0.4011924117045338,0.1255582404373033
373,linear,-1.0790926404579586,-0.5167420767974571,0.0963794457583424,0.7173019465069134,1.2113563223352986,1.8878847498243099,2.278155986596358,2.7356705013938427,3.6857953731414144,3.9407848365238154,0.11808014403982905
374,linear,3.223119027322041,2.87221222898793,2.491286319987871,2.128522368095659,1.555176799389306,1.5008835447800284,0.9661864608299551,0.642775302386879,0.11340166974948314,-0.19627243563411206,0.07666187715240405
375,linear,2.164241054108915,2.2906988233065606,2.4659837841338668,2.64155044439457,2.8573122187587487,2.9301128103951806,3.1168389258508524,3.266911081409838,3.462319080532347,3.6399780849110397,0.03039726842742029
376,linear,4.204584676869743,3.854105391288512,3.3437335525270107,2.864155769508948,2.332921935542933,1.8365243784195364,1.3894554396785679,0.9794540701384181,0.5596658517395987,0.09336158965769567,0.05302810924309452
377,linear,4.424199037652758,3.6108719565896568,3.1531856459575742,1.681809664642345,1.1047471242420042,0.5141018265632641,-0.7689758961560138,-1.464438344190642,-2.2786794480694863,-3.0608448817041296,0.16790041769325173
378,linear,1.0965079788680125,0.5418784854077284,0.09540594984932872,-0.4410341170422194,-0.905568406022426,-1.2812286875628862,-1.8673019510582627,-2.4175078417484324,-2.844949107372518,-3.4066813246518404,0.04630733355683106
379,linear,-2.4074396925176975,-2.243515084383168,-2.0746421234557686,-1.9313380904400528,-1.7524594372611908,-1.569407124263274,-1.414325046416301,-1.2388357967472101,-1.0573110792692508,-0.9004304681623903,0.016322151319670176
380,linear,0.052473897012778645,0.2955974643208626,0.48215856852128736,0.7648928162972585,1.0437441440461426,1.3109431439609174,1.6097392501999193,1.9061383281014919,2.199947041591563,2.4299210111281364,0.0402109206773105
381,linear,-1.311195882739362,-0.5350584995443184,0.5827943742901326,1.16103984395651,1.8186330824198735,2.22632693011188,3.058945769114267,3.8855798348915283,4.499634843930956,5.492220969413878,0.1934801196006784
382,linear,0.492029809725249,0.5277965756287761,0.5794928401823142,0.6250827050894145,0.6723024058443844,0.710434747307645,0.7598053795439167,0.8009767712878608,0.8382378621120627,0.8818636732007119,0.004539470036237857
383,linear,4.214169281123208,3.7137119408422157,3.216241841966625,2.6635611968452806,2.302347396365619,1.767731094474537,1.2454488940999737,0.7520700195807657,0.3132477234887862,-0.25447412642467526,0.04518199202140344
384,linear,1.5288772026346604,0.757834368906939,-0.0691852735596083,-0.8149551362971624,-1.4520908251015192,-2.2799936775838043,-3.1471904890375315,-3.9657938966560278,-4.6911189971929295,-5.460028794660655,0.07466632983960293
385,linear,0.43915186371862336,0.3775937293722198,0.24630612234910818,0.10977364490827751,0.09090752659253243,-0.029136079893024167,-0.10739915313282701,-0.16066646317183475,-0.2535279508090476,-0.35521956450570646,0.023823955573488854
386,linear,2.3686488185282544,2.233318983255583,2.0955312565258053,1.9297624864990368,1.7471157774208756,1.6500212536175896,1.408760579871969,1.309076266006877,1.151393913854944,1.015868971883667,0.023516408570746324
387,linear,-0.38853915187497834,0.15186651972122917,0.5270514908156378,1.5035347821159546,1.7227194854542827,2.508139581941855,3.0878979891763105,3.6584196616171947,4.157487338055321,4.884466298000522,0.1089419586304578
388,linear,0.5862103682168921,0.8456870853500358,1.0803146979487375,1.2024938745745162,1.4629427408649371,1.622603218559319,1.7707696663981265,2.004639243697224,2.2017599803023606,2.3795563089952187,0.05433695796852812
389,linear,-3.193657580731613,-3.0695103141698703,-2.994443796827689,-2.884488362592439,-2.7839820419802024,-2.7209321547784,-2.6295942982062743,-2.4905022206679166,-2.416662507216422,-2.3346522510855086,0.014800381622367347
390,linear,4.323234634988152,3.6774786249877662,3.3743502306951147,2.7447043872246515,2.197690418702007,1.7729362349219437,1.074996634891174,0.8333113624315213,0.3438836008838183,-0.04420406200086949,0.09704930136674274
391,linear,3.2383813278805547,2.403239329418122,1.7546308689352048,0.826640231374895,0.2659482139854688,-0.5833089994839246,-1.3850576964945858,-2.0760920930917526,-2.7197407551156045,-3.5175242904712274,0.07866022746871813
392,linear,0.2616037598458409,0.5086587787022359,0.7000772251252734,1.0039072069841242,1.3068455669917272,1.5489640050585602,1.803425059613796,2.103530986764557,2.2997177846796784,2.592888765534723,0.03747808041335254
393,linear,0.13631774366539512,0.14374266801457616,0.14953680269754535,0.15991090584663276,0.16461925841847178,0.17328809246647706,0.18065276436480854,0.18915800377958858,0.19277482721151745,0.2049599417024896,0.0015614990863435428
394,linear,-3.7217852932444684,-3.264248084756695,-3.0917368812574706,-2.664833997831332,-2.4242995481417156,-2.0756094669307092,-1.7764508368821268,-1.400208945134588,-1.182564279718435,-0.8801844501432164,0.0686188959646939
395,linear,-0.21376774830573853,-0.7760141321364092,-1.4552969591440266,-2.0318956332904037,-2.6469299445462333,-3.092256768899785,-3.748952117575266,-4.328268320981495,-4.988802722773165,-5.52073871885723,0.040707947737359036
396,linear,2.6167993916868975,1.56595080016306,0.7391011605669542,-0.07231586666010281,-0.719130252844814,-1.5803704469272044,-2.484810953193031,-3.294275204895062,-4.175866048528591,-4.877372782597827,0.07035431243207499
397,linear,0.07551779812071338,0.6055138468050574,1.15904338299046,1.755956313516697,2.3582079000380545,2.8066217306238044,3.357921656200035,3.810988772074276,4.303898181879631,4.947232804351704,0.08045299690431043
398,linear,1.666882249530926,1.2048733743282154,0.9559430466238065,0.4433593591451077,0.09766591103496765,-0.424415096706184,-0.8648036887083366,-1.3788041486598621,-1.719637550360021,-2.14389729242423,0.08805792681003294
399,linear,-1.267599526954666,-1.0847592573410954,-0.9326915821475588,-0.7215681371141112,-0.5584469912912501,-0.4527939668799321,-0.20400740660307692,0.021605941602846877,0.1251919204567857,0.357318109690894,0.028217780246386902
400,linear,2.809097026709747,2.8049646064580833,2.7803455529657897,2.7638496486486672,2.7525515856573297,2.732424335072116,2.7085708324541815,2.69250917830269,2.68048083822037,2.65847242028776,0.004413499925167226
401,linear,-4.474677621918133,-3.738958061612508,-2.9713058752743167,-2.0885718902362247,-1.3306373081615177,-0.3957980499252849,0.6574583603938966,1.6303032356798326,2.360137391906077,3.1513259765339727,0.08931418088236513
402,linear,2.2772763265448583,2.464332238816644,2.6006621652463364,2.696561905370302,2.863009993693002,3.0113911378779674,3.1696994852097555,3.3184598368986613,3.518122704278468,3.5982816423971804,0.016760671628515918
403,linear,1.3319720881730084,0.9153075273095109,0.4757607778110359,0.13920284642953984,-0.2306853300293925,-0.6268628348363325,-1.0039991934850858,-1.3543507477709464,-1.7635607120917431,-2.190187775794679,0.044655728897759095
404,linear,-5.648855916878074,-5.044980961583549,-4.425051816418432,-3.7930834193035743,-3.1734820003751643,-2.4434834224678714,-1.8692189275343603,-1.1948586032126847,-0.5124215444143503,0.07903806866748686,0.05874670026747805
405,linear,-1.079509131591878,-0.4890702781353613,-0.12814439167497643,0.3547294649579918,1.0487717298779036,1.5065306358587724,1.967349155579333,2.490728469851417,2.6813666567218073,3.514802847061925,0.10311102414888673
406,linear,-3.1028800832370758,-2.8330542388565343,-2.4868947117862645,-2.2450741604155784,-1.856497418875863,-1.7548730435322082,-1.3769361885437528,-0.877274623656693,-0.7927515942474833,-0.4667324186516832,0.07896416651431477
407,linear,1.1981212283342035,0.6520652288376728,-0.40685679156556037,-0.8629569997408317,-1.607806708793004,-2.313108866257789,-3.246259828549149,-3.3819128409482313,-4.567773936247436,-5.464227499196375,0.19862303783478472
408,linear,-2.7972040017646016,-2.490704609558758,-2.2175339232482054,-2.0416019885176784,-1.5926749531850977,-1.394211170189271,-1.0887841768056925,-0.6410254175833854,-0.2973506002495734,0.053260569377499345,0.07215078832016592
409,linear,2.935296090192361,2.8355606722057933,2.7491856027956456,2.7105990796169412,2.6095123146393524,2.554431401280265,2.478853618929447,2.374317247640957,2.3131011026582575,2.2155878519722094,0.01474834875564538
410,linear,1.6743112844424515,1.2600286202093527,0.5593750182705992,0.12056737141892529,-0.4773056477549088,-0.916387218716219,-1.4770956144398304,-2.004371341899255,-2.5996575981997885,-3.1221712190989366,0.04840100358131106
411,linear,-2.030637399887715,-1.5942416976225295,-1.1355886555910866,-0.7922108729022167,-0.3526010843725424,-0.006013911411819783,0.4163271199177815,0.8377124290983433,1.2360120860969865,1.609721887730516,0.026118295663329946
412,linear,0.19475674503627294,0.7911993875291201,1.1712625002437809,1.6863207568499028,2.4339680901694463,2.927830490021495,3.3050013130609748,3.863602342803795,4.596175107844401,5.086585846697389,0.11033591022010997
413,linear,5.053242532009458,3.8659739751002644,3.5604395730265166,2.9726185340185425,1.9537423222118049,1.4356007011503253,0.746291089011399,0.22661035409440217,-0.17262517815956752,-0.7679832525544847,0.16189470504826778
414,linear,5.233732686648894,4.656337121659903,4.067882628115947,3.6328826672640004,2.9936040087606917,2.190656312711292,1.8046317648862564,1.2360860022954967,0.5976059695403818,0.1037407154181931,0.10375105797450715
415,linear,-4.708438841563837,-4.001816389286664,-3.5299745150196626,-3.051657761496825,-2.2815811431538524,-1.8415266157710224,-1.3646824077703665,-0.8879249907291714,-0.28140509263864305,0.3097112802933553,0.09295671527930063
416,linear,-6.791067821511733,-6.0472374633882495,-5.064549266166201,-4.196643085518023,-3.2947033858594215,-2.426597094609348,-1.5071203211737367,-0.5291469849416208,0.24307177672201954,1.161343692369791,0.0510107614274575
417,linear,1.044007333124485,0.7885361963563254,0.19822002936924432,-0.3219138952638366,-0.8336591653565224,-1.3675430787118121,-1.7513997803712085,-2.1207411303102015,-2.696603317034316,-3.20009419732316,0.11923541202083925
418,linear,2.4926734229816567,2.3148906858734644,2.173171468657426,2.0348966675932822,1.8440511227112333,1.5839126456493051,1.4401255857432096,1.2394861132778,1.0845408022829361,0.9711386378328716,0.034366367069549354
419,linear,-1.0649673534262003,-1.1476645872659323,-1.2425944048510411,-1.3456032473727897,-1.4342044207346394,-1.5802929754894075,-1.6342925867086018,-1.7578937409932638,-1.8417209445750518,-1.9739911190048645,0.015634282527280993
420,linear,-3.369964568195724,-2.7790642236876337,-2.4292527340076435,-1.840582892220767,-1.3683110718102298,-0.875016016558272,-0.587525214591647,-0.010192870061037848,0.4763708693294377,0.6595588829971581,0.08824644769602372
421,linear,-1.6840842499322959,-1.2993419797354047,-1.075940815607525,-0.7337316370528115,-0.4246803904163957,-0.0924417354290336,0.16101404879331727,0.46269788625336083,0.7959819460402675,1.1339218472829502,0.037554428215923266
422,linear,-1.3292420239283624,-1.5215629549678833,-1.809846755667664,-2.045663571465746,-2.285697086494536,-2.5156282615467256,-2.7482445008667007,-2.9865034952843126,-3.240115141232585,-3.513441706786635,0.023620454624544943
423,linear,-0.9009460896317765,-1.2886483911219644,-1.460633606757322,-1.6534890665068076,-2.062254711996022,-2.4031902241527594,-2.771284578068451,-2.8504354749322003,-3.4039323941364747,-3.6866358190475474,0.08759072129210525
424,linear,1.6254352513590677,1.280247467232788,0.8904110685255592,0.4731742515396097,0.042692193523069355,-0.2555365966682093,-0.68117342288274,-0.9403937087122417,-1.2822781248086403,-1.5988434368581992,0.07246363448642722
425,linear,-2.8565228922398687,-2.7861213452520226,-2.7426046616316344,-2.6765989831551305,-2.6400588455498877,-2.581116668064744,-2.5023312766445898,-2.442325091290834,-2.413825786256172,-2.33297467752528,0.014836353107563094
426,linear,-0.4270248944718952,-0.15766976908415067,0.1449162292052801,0.33740810329352144,0.598773270732931,0.8762657405622453,1.1597826889076663,1.3674229004261136,1.700570459005129,1.9603059923362116,0.02955080436547486
427,linear,-0.24892936655177725,0.1725324853080083,0.5458226530338925,0.9715001824001103,1.337660536419244,1.7888060041538365,2.2166375907957625,2.6583548746287478,3.04564381434385,3.475957637632769,0.02964208736175788
428,linear,-1.142142018854717,-1.0411288541416375,-0.9713159457643277,-0.8351417538141392,-0.7179670034470887,-0.6063873346041982,-0.482089069848421,-0.33439835800872786,-0.23937731592513312,-0.17616633069501553,0.0268174782312659
429,linear,-0.0072944449112899296,-0.4840619194242142,-0.984927530444306,-1.1734812322511743,-1.5729409585988858,-1.993096110314468,-2.3495939332573665,-2.793512186424495,-3.0358042065323367,-3.4769097816950585,0.10026923730626174
430,linear,-2.3470303067492098,-1.878291326861773,-0.7008596949207964,-0.3120438461467946,0.6176424755171611,1.3556409417064765,2.0924172508370287,2.4761362363649293,3.3701441437494215,4.36751651428801,0.17325973854855573
431,linear,-3.7664513157999373,-3.0034074791867225,-2.4056513884870285,-1.706499857473401,-1.1288760496777814,-0.44616443675933964,0.22873972359892283,0.8874384770261594,1.5566451010170297,2.1419253456445784,0.06356314321305026
432,linear,-1.1523151574015031,-0.6806218310533126,-0.18767264028708025,0.4878091195355838,1.2207901812808977,1.9183751779112765,2.3498102056685157,3.0675615604181696,3.7249228147617854,4.409667887282622,0.07860296271605158
433,linear,-1.1379912865386628,-0.4812905215316252,0.2614447975257662,0.9347745333680954,1.633908751393995,2.4469024808413167,3.1324532033995904,3.855651365781002,4.624976047943877,5.213184388522086,0.05075129235043043
434,linear,4.817881075349714,4.057544144542724,3.3056962288779,2.649486441941671,1.9443275321441689,1.2730306335668975,0.5347111988674675,-0.17232417990066262,-0.8900789909907202,-1.6267033674141318,0.051323481206782255
435,linear,0.9781168417107566,1.2891561091550632,1.589350628427703,1.9031863058190968,2.2106640844163112,2.496952084171854,2.849744708813628,3.1807286993943142,3.506030535767619,3.8346911130678296,0.029982480284078503
436,linear,1.8662457797294365,0.9530316735729122,-0.06265216504076546,-0.7709948570730997,-1.5386793287991274,-2.2787641824290095,-2.953604529930589,-3.283701616425146,-4.551049556926425,-5.219142062061394,0.2126468761269283
437,linear,-0.5843997495139459,-1.21533081759973,-1.500426408109558,-1.9195455847326415,-2.51968671574008,-2.859102178195738,-3.4724832414021782,-3.8050673441870364,-4.30106990082651,-4.846017080157829,0.03509392658096139
438,linear,-1.8736523315261957,-1.8287762393275175,-1.785338727947467,-1.7291949799396653,-1.6777978224768066,-1.631727179780651,-1.5935834256278893,-1.544042887194055,-1.4938803785160413,-1.448212334900354,0.003174204357215157
439,linear,-1.017983814666208,-0.3727577857209395,0.11238576506660038,0.8483514840580051,1.2301962325438915,2.1704353333522444,2.9004812604087693,3.6012021818300406,4.309944459854313,4.961978387158137,0.16448431637262623
440,linear,0.31095191917114784,0.1413122168985631,-0.06159399831518571,-0.26293357684780505,-0.4051234347120302,-0.6288684914142256,-0.77934054514189,-0.976953979404409,-1.1736348834282169,-1.3591412398611096,0.03628313178967255
441,linear,-0.11973993473562439,0.23346875299459816,0.4735753221186477,0.9291072192994624,1.1186386191714128,1.408854261085459,1.7203862400315788,1.9967493846344044,2.4997855589756424,2.808885766764882,0.05657225743920756
442,linear,3.8285859832044085,3.22706984163203,2.738416510406387,2.077045660635276,1.5769855662655772,0.8340026930980499,0.1818491204576751,-0.44034525616825376,-1.1334732070695563,-1.6317114814381022,0.06951428650033935
443,linear,-1.6030405238930738,-1.642062329853836,-1.684058054991828,-1.7353878844076742,-1.7845472466974952,-1.8384807219726103,-1.8744844964830123,-1.9491284649338316,-1.972505519442381,-2.0049385667257096,0.006823000398786069
444,linear,-5.801057008099142,-5.043054438839124,-4.438640314736002,-3.8160764934391467,-3.12165599873182,-2.533368377999636,-1.6514636872811843,-1.2305469834628915,-0.5808757370007525,-0.07636518549341553,0.07445339716858698
445,linear,-2.5556346914294688,-2.0814444506646907,-1.6720252290249595,-1.4654742351514203,-1.1866656845467682,-0.9948726631606382,-0.5114876441357564,-0.1879847528587421,-0.06622698355615919,0.46322137318557616,0.07607200104037791
446,linear,3.909646567721864,3.3250284999534836,2.774153984784128,2.0102396543478376,1.4572555697667267,0.9356733379561786,0.4029396986323101,-0.1359872693119649,-0.7157263418105595,-1.2353871586457617,0.07019476537982236
447,linear,-3.3247632175180724,-2.398976312437428,-1.4950676839307493,-1.2115413071973014,0.4691969857989649,1.028592591554347,1.6878691796868812,2.886280491053175,3.382773049579048,4.282279889480338,0.1462978726045854
448,linear,-2.572793410464116,-1.898206633468928,-1.4538951202570543,-1.012452834810239,-0.32266418827281707,0.4033742370954782,0.6271160672467738,1.1289629685121338,1.665843418646875,2.3521996143817137,0.1376469932238861
449,linear,-0.8815982600811778,-0.2612419977490395,0.3313085640231571,1.1094744222439974,1.471230416684694,1.8037133965352468,2.358441889357697,3.1744221728591167,3.670294890686136,4.050382887205975,0.1361657197775645
450,linear,6.623452835869895,5.989870016108065,4.991770742370277,4.093974143321987,3.3962535646387324,2.5077443310136323,1.6151974906902844,1.001421817167714,0.2326821066523538,-0.7064580847796594,0.0923309882421025
451,linear,-5.342616514277537,-4.8104243483479046,-4.055669667068021,-3.5883506778391343,-3.0193355175173084,-2.4367016572789337,-1.8821792461353934,-1.398822774350161,-0.7913117689942063,-0.265289373492371,0.06639958973406193
452,linear,-2.939673527069105,-2.8323190688668713,-2.7565019649676445,-2.7037517804237003,-2.5804649676740756,-2.49068976658855,-2.381824476445991,-2.35037707747937,-2.27105412088575,-2.199040109049423,0.017270878049815575
453,linear,-3.0867404873229587,-2.6202373262526395,-1.9829061239919432,-1.512532766316062,-0.9538906290072253,-0.47245160091092875,0.09012012606847002,0.6330441656107367,1.1747179658091205,1.724471854251,0.03627863406362912
454,linear,-3.4225104750732247,-2.9479715567526115,-2.440318685074429,-1.7300146087452264,-1.1401460145029383,-0.6101738067844326,-0.28610504271543313,0.3711330815908347,1.0226603188558148,1.7340260809247854,0.12265283409870041
455,linear,1.5384214333651465,1.3188192580095495,0.9780647230420676,0.8399844311690177,0.5613100476617422,0.28525529780707837,0.1386614313205369,0.005568513011696016,-0.26092172568547184,-0.39698517035856207,0.053871721148382776
456,linear,-0.860492504597725,-0.4341273856883687,0.09426743406546936,0.5120425926207274,0.9703818984423478,1.4860175688079331,1.9449625216324515,2.406583715459141,2.8276323095949327,3.2985777448223588,0.027636670278479516
457,linear,-0.9314443055897207,0.019663193458849704,0.5055933820183833,0.9821146105978056,1.8390870599809328,2.6637793736752977,3.387119873912489,3.919196078267703,4.390653342991198,5.0213347293677915,0.17328645936635004
458,linear,0.07114072351725784,-0.33583692900819734,-0.741396259973108,-1.1145359438751252,-1.4798358468861394,-1.7686963906254647,-2.268147371575055,-2.6337586341092085,-3.0713602281579506,-3.360260343414266,0.05948062808096022
459,linear,-4.4183308069121106,-3.826589779607466,-3.179043078852392,-2.5669570054777866,-1.9565198825729222,-1.332811487677976,-0.6998113717197845,-0.10878975865294555,0.5138166104510626,1.2115790557712351,0.03959327309206163
460,linear,-3.108786697689447,-2.389501700225695,-1.6597648735882788,-1.0238609972330028,-0.39621281856573237,0.2873009694846923,0.8572355456070263,1.5473037638649243,2.2212531163887546,2.7664913286295616,0.07198005720127082
461,linear,5.606628428272338,4.868307626769045,3.9107001577161906,3.171630502745489,2.5719842791397376,1.53720439442851,1.0821065852719984,0.07799876073671627,-0.4811696101412926,-1.3828123446684792,0.07786000577465728
462,linear,3.8590889641663484,2.8411502189953266,2.459401013528475,1.6925292339468643,1.0559029682694536,0.23426263792394061,-0.22035031003743638,-1.2014156295152842,-1.5220677878566198,-2.4255290122799673,0.13426049730831718
463,linear,-0.7173608345248508,0.06277983934786288,0.7465150311274655,1.6278491134229713,2.4725126822415,3.4038932958151595,4.154928726147561,4.965805172604033,5.768369775883375,6.608932983962334,0.07231014984854194
464,linear,-5.9283313386191265,-5.282241083736105,-4.675140521509777,-3.999958948633828,-3.2522928838243628,-2.6840738072916523,-1.9971241442304941,-1.4959919990406192,-0.7120957248114287,-0.0996093758444403,0.04538578128254059
465,linear,-3.3333152775950907,-2.770864571457362,-2.406836615293222,-2.036296197023512,-1.6708308130028338,-1.297452133384209,-0.8070325825348634,-0.33281568081309654,-0.00772518158817756,0.3080095148518693,0.05326280144282445
466,linear,0.45994789298235533,0.5998897616140711,0.9916863913376981,1.2038877735086944,1.4560568699195326,1.7666147189685768,2.054764261501281,2.249182699931426,2.5990571470036605,2.8680909380321036,0.03535488209366754
467,linear,6.75270849975877,5.387896228451,4.996296436385287,3.8803593359909243,3.0116888041057526,1.8229282748524906,1.2382558733228164,0.5011028418479655,-0.751945755194144,-1.2845251138448042,0.19034645384132629
468,linear,0.3655282662448822,0.24971678500054123,0.09594245087675402,-0.1010321239803357,-0.3239059174014124,-0.5361109155942437,-0.7376852903122497,-0.9194183370935173,-1.0858656069361465,-1.317690763163732,0.029747183323292382
469,linear,-0.5717094920661931,-0.1663319929591304,0.34034270533186245,0.7058077877033113,1.1559182185645747,1.4939707436988399,1.964500494492752,2.3226792707984747,2.700658463184477,3.121880174297796,0.04774430760566499
470,linear,3.2669966167781026,3.181183460398405,3.10361115949959,3.042526220769194,2.987835665165983,2.896574059287141,2.821045614517394,2.7625325109793337,2.695579268272908,2.638523434587632,0.01236763030569604
471,linear,2.803647484198364,2.21627428832149,1.5876026139261632,0.9419341678946553,0.6125267424823155,-0.06737349843856512,-0.7080241310699265,-1.6763574773955803,-1.6702378525971862,-2.675515332699598,0.1331146083215942
472,linear,-0.06523297036114492,-0.09218984558140872,-0.21014074474434785,-0.2943979532729333,-0.3860589703241527,-0.42239239518404664,-0.5087762559059811,-0.5688116421433163,-0.7101270250033047,-0.7745907324351073,0.02258837611095394
473,linear,-0.13111600920770594,-0.6289769862554899,-1.206288901978954,-2.031888720508869,-2.3527673050089604,-3.0696918307624244,-3.681962815793435,-4.30843443896001,-4.86177748654492,-5.119349675941702,0.13733316431161888
474,linear,-0.4114418210464191,0.14895756803686525,0.5749278743154944,1.3765747101038912,2.1192807365024597,2.907663867909381,3.5126960611410016,4.419533836399436,5.3071177301540144,5.62075145029381,0.15187933818235044
475,linear,-5.116253197733961,-4.615095724161553,-4.081811891708563,-3.587902451889802,-3.0534066036621885,-2.558016443369584,-1.9463863532726844,-1.4210813164394491,-0.8586478904079401,-0.37459277855694306,0.034199906502040626
476,linear,1.1430851969635465,0.8016509977592298,0.365862074322045,-0.0788944262120186,-0.5232632556827257,-0.8729182287619384,-1.2341634849887584,-1.6386309075841972,-2.0923415059979247,-2.4528720452399284,0.0318462189089366
477,linear,4.6410380138419995,3.960393761590573,3.0861667603964773,2.9625039149189956,2.0016953043993366,1.3215435232147044,0.6066885558286303,0.10668244315571401,-0.23589481405605178,-0.838288391551375,0.1586601371349519
478,linear,-3.6420586442706924,-3.3355485526961623,-3.0497980558427815,-2.6110071921460603,-2.290269212394248,-1.7218569332636364,-1.4496190708851575,-1.0657960358067802,-1.0063358476153341,-0.39025140159238014,0.09375719632260716
479,linear,-5.302143404451837,-4.765135102457658,-3.7474903288359163,-3.2836678877774883,-2.762338060868705,-2.0116072447307127,-1.6963368017292002,-0.8544981482007253,-0.06336965213341995,0.6882815538609222,0.12645949898503545
480,linear,-0.8832417590616556,-1.0652212502033176,-1.365569377486025,-1.5496179485489248,-1.9643200905402258,-2.250433000985109,-2.4744019666542405,-2.904305355447219,-3.1232088775299776,-3.428155633654332,0.06419664821484017
481,linear,-2.5487337995321298,-2.030947362129882,-1.486792026201586,-1.149571551648244,-0.6266532797699461,-0.1777621274109409,0.29750480448004085,0.6771844787108419,1.3163567380507006,1.6612730561117328,0.056300384141795105
482,linear,2.6610724448610625,2.080192100307945,1.7674030594647223,1.2190480322791366,0.605904717172983,0.14588960682709992,-0.49752952072641804,-0.9887150196084309,-1.5867525230616495,-1.9307851065234538,0.11447097306524093
483,linear,0.5876007898949761,1.0097280399307573,1.3193701261328727,1.6605559826075378,2.04676831039115,2.4830697509258464,2.729958354235154,3.136691030236821,3.5128725736881323,3.9438636597296317,0.07636036771155401
484,linear,3.5040134892978387,2.862262461538846,2.03731039012633,1.4277884135197614,0.8524423072581825,0.45246541634929355,-0.3760148740870308,-1.0960734890101338,-1.489297852001751,-2.0920604081386927,0.1511234546663388
485,linear,-5.137271991104785,-4.582527706782597,-3.8471841370964475,-2.85808818789327,-1.9873213576911026,-1.433621501660708,-0.47764392082752266,0.46411268242304593,0.9315560195209145,1.9523395852032666,0.16976335470254575
486,linear,-2.4508515822983235,-2.1599423810593708,-1.840357391621519,-1.458515133053261,-1.1918311611405914,-0.7568651820880726,-0.37486455466488683,-0.10891293577819176,0.22298259370599738,0.5973103573148765,0.06065783221177636
487,linear,5.610605389941062,4.916135748500734,4.338169392594317,3.765490499190972,2.979639130839866,1.8601879882838217,1.5339288064315864,1.111330648631931,0.1520324661063418,-0.7838823486557032,0.13559809441711185
488,linear,3.8182551771870354,3.3064845502725464,2.594905071963331,2.0099384766353565,1.6002512221815508,0.8427793144471073,0.1586296019136335,-0.5177163337018635,-1.2083643151539865,-1.7618558936901294,0.10183159580656892
489,linear,1.1969103742367226,1.2108324076621828,1.2303591251838164,1.2472105035540715,1.2699589391976045,1.2907559561189186,1.3014958960270324,1.322918495657213,1.34473658187562,1.3578005946966631,0.0020251554935633398
490,linear,-2.8548859522580283,-2.731122374595307,-2.5994568213315667,-2.476241492177164,-2.371179446332251,-2.2533982040059892,-2.1349330217297826,-1.9975990638690617,-1.8953315216891864,-1.7644211814287858,0.008259308966687261
491,linear,2.987544773776229,2.4783186080189448,2.0334455110668883,1.6364388811380308,1.1790347935338654,0.7752197318279812,0.3042820783842818,-0.14328481385217956,-0.6212931666271114,-1.0532051477995203,0.027126812230904844
492,linear,1.8235409332871577,1.9521648544483599,2.1001499964344044,2.2415130350723595,2.4249374617940553,2.5494601528017076,2.6993501335716843,2.897182291418143,3.0337796219679105,3.175348664395034,0.020361000579716924
493,linear,4.034935833345338,3.616006562179568,2.9073327091218255,2.4490744579422943,1.7877628847237694,1.2698699044995374,0.6960485060467602,0.14763162316189266,-0.5263738016042805,-0.996111248754851,0.052326297783094715
494,linear,-5.177808648427105,-4.321305350193793,-3.423341418729345,-2.4193041866620737,-1.6844766193860363,-0.7929923472483908,0.2389702206686029,1.0713245444812562,2.0436648383133855,2.7866613520051953,0.05639651015645051
495,linear,1.407270132356085,1.4238150590773464,1.4329159424193356,1.4419652332941022,1.451141785616861,1.4598654981592805,1.4742024829645672,1.4792460126145233,1.4937427212210608,1.5079215857754384,0.0026392340521270855
496,linear,4.131659596712095,3.652803057652185,3.144757777076765,2.7452510596284685,2.2697547057885195,1.8751147112263522,1.3378444666441491,0.9256676801921021,0.3790719390859588,-0.07431086980357443,0.034856759691968456
497,linear,1.6370630528950851,1.497861712336786,1.4129738159866196,1.3242882381323828,1.187874983770794,1.0818446652693368,0.9535829752371844,0.8537116134291233,0.7939609338415308,0.6489337628541666,0.020841562647595208
498,linear,-1.2001132587528027,0.12052200489199882,0.6459133231606327,1.8965501925204478,2.322825076846844,3.16862396180559,4.141073700084817,4.295096270399734,5.718903154927685,6.500444817672441,0.20510136339468713
499,linear,-1.8318524664866214,-1.6137097854079925,-1.3239636251766997,-0.8894273106575268,-0.5795642483438127,-0.09191136542144779,0.1516910917156969,0.4835512827184724,0.8843276317157196,1.243356303705972,0.08303639083508083
500,linear,-4.592277575070947,-3.8841743068587267,-3.304826629384201,-2.6475148232493697,-1.9063427338261079,-1.261029199347918,-0.6977670245174997,-0.0709886225583181,0.6824283155700198,1.2975524287308666,0.053612671229484106
501,quadratic,-7.5841854746126804,-5.5296023308489115,-3.870730301774991,-2.612595012345822,-1.64242532882336,-1.0778846860824727,-0.9110178199087003,-1.1511596067014798,-1.6642917230269167,-2.617157812602717,0.04180981468733387
502,quadratic,-2.4239098832161914,-2.4406157420449652,-2.3186233727765098,-2.0536389168741387,-1.7134461834765717,-1.2276781602145008,-0.5419769140954628,0.26728433559724846,1.0680659628354416,2.1625358347735197,0.04647517983744289
503,quadratic,-11.619568489116451,-8.148152035594604,-5.466696640369057,-3.103143143653201,-1.6028661573359624,-1.0483793911483539,-1.0574872114982503,-1.3677730565346629,-3.2356783110137863,-5.662916225076733,0.2517519205084642
504,quadratic,11.248815601430607,8.128490304182197,5.869909211967783,3.8962891790653322,2.6657617281073587,2.175626956117343,1.8964035418297338,2.3917561310343998,3.6568996166446888,5.255173141953917,0.11646143728369299
505,quadratic,-2.9732908345382607,-0.7412496025658906,0.8377732659079851,1.783706234420425,2.26546955374119,2.1660173534275495,1.4911249832020763,0.29277035093553433,-1.5509438622326965,-3.9176993224116416,0.04825742923145645
506,quadratic,-2.626850211385348,-2.560555438250238,-2.54333625229669,-2.527746393039231,-2.670479965101814,-2.703345175829365,-2.8302462903174206,-2.95784167778399,-3.152324898501636,-3.4769127430795512,0.026334565848760254
507,quadratic,-5.7677171052746585,-3.54476538465255,-1.6680491661302645,-0.5462913152329529,0.0038241391633977717,-0.17802082195738642,-0.8199262390167561,-2.0864835180371997,-3.8256014768739677,-6.6147029442391645,0.07263244291911745
508,quadratic,4.130893952782872,2.144411634543062,0.8289201163962734,0.03483818550349052,-0.37230950826685133,-0.17268197850809097,0.6185608486976737,1.9343244292964816,3.587970105759647,6.196570934722538,0.10591767834349695
509,quadratic,-0.4246562251250937,-0.03248772127271192,0.35033802838678085,0.8722185702899539,1.5337482123339603,2.1751969720687736,2.7381470305355338,3.5376154601125576,4.388894944817221,5.321852450057572,0.050837998180634045
510,quadratic,-7.217240269296325,-4.400069064116547,-2.265118965613348,-0.8734421710366921,-0.07171200424650853,0.28759867998656635,-0.22482594264008218,-1.4218222216627514,-3.03677173553963,-5.331795593793242,0.13399124753098116
511,quadratic,-0.04562314004636278,0.8397534700767797,1.2691972908256242,1.048568522239631,1.224852702593839,0.316311483372701,-1.203996153924114,-2.583595107729743,-4.718086220828904,-7.023989464062423,0.2556946950329696
512,quadratic,6.724848416617552,3.473543381786134,1.4413496096753697,0.10689402103428478,-0.6002588448766807,-0.34207844254446185,0.2853347825598715,1.7515104295416097,4.026402952753381,7.232066339054728,0.14139684809336805
513,quadratic,3.7391974879501513,2.6285592944707967,1.9480192640671794,1.768236444746676,1.9377557870855833,2.327588276956275,3.107326574839113,4.248478600896087,5.837530448478609,7.619031491045226,0.09112528097015173
514,quadratic,1.9293605036396158,0.9249622907993503,0.18217972643545738,-0.35241154959072024,-0.6366124303832957,-0.716804857247783,-0.4978886384575056,-0.032704600431661415,0.7709929142513653,1.8477043273503149,0.08555002583873206
515,quadratic,-7.810372081338476,-5.699861871796168,-4.022927501587577,-2.826306882402542,-2.015555971013862,-1.7231037051247162,-2.0715338870356463,-2.794973392075522,-3.9424484115698526,-5.812312757864049,0.056624828171631884
516,quadratic,4.633090371571102,3.1015031426887196,1.9219155731091786,1.20794034554305,0.7577303172412413,0.701380263048225,1.1193880376082013,1.921115918808754,2.9734309292413372,4.482928702788754,0.0570474802991295
517,quadratic,-5.919005187341112,-4.68521537320727,-3.694319446486599,-3.0539429628830015,-2.703730031996791,-2.5184284434143906,-2.5531855316404743,-2.8760698822443542,-3.5162202517250005,-4.250933219280819,0.03991487071721974
518,quadratic,-2.7679876821442746,-2.2977676392288746,-1.86734712601623,-1.9043832784122008,-2.1780636173207872,-2.632227720405013,-3.422134302925096,-4.462876071909214,-5.700716791228547,-7.4081402531760485,0.0657525811671691
519,quadratic,0.6737263514689328,0.12888083729117444,-0.29757531745405175,-0.5987297024490079,-0.8021055486533278,-0.9183895672893645,-0.952881876928401,-0.8394884829342742,-0.649433213840483,-0.3386802406802813,0.01904412398080022
520,quadratic,6.485425793794903,3.7487412760906524,1.3779751792464774,-0.5096755167406255,-1.5120171965929303,-1.3061520110012408,-1.2219915865780262,0.7144371374696499,2.507786990736339,5.636871593530152,0.1821209515761658
521,quadratic,8.16535901626801,5.484674007221923,3.1307420238332555,1.69146386537697,0.5787639922722899,0.006754445473105761,0.38236241689345973,1.4742371352640642,3.9201561690426443,6.045586654562059,0.20176409763222675
522,quadratic,4.184290737159552,3.054714609161234,2.448570258485915,2.073571003624103,2.106644566459527,2.646470131061525,3.3939075481457883,4.537108353079308,6.244075433136318,8.144545851285526,0.08998981606574924
523,quadratic,11.126628259404708,8.115204977519076,5.693799082660175,4.06043736926792,3.2388751472593436,2.724554780454214,3.008174928264945,4.223180415331479,5.644203365147366,8.092462217743893,0.10063065481428494
524,quadratic,-0.21276077921060468,0.018475629528913417,0.25593162727272606,0.394400686425907,0.5300125675725751,0.599803434214854,0.6870827681827815,0.6885565549073898,0.6391507195672763,0.5511652461940555,0.014498429560720727
525,quadratic,1.5598998340263783,1.298018590469877,1.0846479503006226,0.8604974661702592,0.46340441435395596,0.12611115239088674,-0.34780624098738566,-0.7610316359508549,-1.1565035100991639,-1.8128054203300636,0.05365272655370455
526,quadratic,4.151703336538235,1.9818086874248038,0.5602152178718944,-0.5407952364767471,-1.4052432209687884,-1.3956924217782636,-1.5158084144883655,-0.6427361773034909,0.21492047762319683,1.820783814602647,0.16553840483595825
527,quadratic,-3.3760892631720805,-2.0064194351657547,-0.8938200827485625,-0.07958961093756901,0.4168167415919676,0.6612483248983597,0.5750026498228918,0.3272118513516832,-0.35025634255605825,-1.3019994680668114,0.030242831755713937
528,quadratic,5.035992543762349,3.4217121949052265,2.225956516442803,1.6661227987170821,1.061093247550513,1.83530109649716,2.754453573170029,4.409230343241772,6.370566484197318,9.52634752589349,0.22361555897634033
529,quadratic,-11.214595371000941,-7.780687401510088,-4.763378414469626,-3.0894062862540426,-2.6220501493418182,-2.3533215580647875,-1.4590802093086737,-2.6466443541968547,-4.4079192683832265,-7.711682925204797,0.2970620032446448
530,quadratic,-4.2628040941459275,-4.212459991880296,-4.177812050422501,-3.861691557882494,-3.43358524839305,-2.4900395886529374,-1.7228493291394538,-0.6879142796564699,0.6173200184219425,1.9490795506775391,0.08199503629207511
531,quadratic,-1.7475203343593582,0.7338609730872809,1.8612541978392818,2.71281702650838,2.605135593552129,2.6539814066237195,1.0866196473433603,-0.5967298587001841,-2.9092978284050552,-5.975024975870393,0.26634182505667436
532,quadratic,9.05646041731398,6.218154957369786,3.8459585635858096,1.9484426344488963,0.8890239560356109,0.3985661805952949,0.027382443896045494,0.6132549436408421,1.5195267424036758,3.4707453667214976,0.1445047128935025
533,quadratic,3.6007807733849586,2.070975223532087,0.7380901829209986,-0.24507582894413582,-0.7479381201457895,-1.4764279747444282,-1.588823739359488,-1.7097718875485832,-1.2568435067112491,-0.9073325790177909,0.10785257826538004
534,quadratic,1.5039300312874255,1.2031597385856563,1.1229829113235401,0.9220676389115077,1.218790441379965,1.713540918011315,2.3680999255630604,3.248904229376216,4.272436140344696,5.738238806838942,0.06325519668023341
535,quadratic,-1.4024296630778428,-0.6413605193114364,-0.12279978111168537,-0.21818676813394539,-0.5559241484732295,-1.6170422025515474,-2.644108649555681,-4.435215800505673,-6.553722127939237,-8.951600815651727,0.11853192531237754
536,quadratic,4.445541095024701,3.298494337014989,2.3912868729980032,2.02048817777352,1.88105824429904,1.9154507644899943,2.355712527478744,3.0496809808720315,3.8403742066902553,5.087759358856605,0.09544593955632967
537,quadratic,-0.4555985964974705,0.58386133057612,1.385431864921868,1.8761470256816486,2.1375279246162577,2.000626766490506,1.663620097141907,0.9096793504154509,0.1633087378805213,-1.1581236267702382,0.04750692016747108
538,quadratic,-1.3982041203460318,-0.4087963816471111,0.29684506580956116,0.8932816231270259,1.434403083246471,1.7287283235592636,2.0124983348403287,2.2007023040436757,2.102065221791812,2.066343214586411,0.03243586981825686
539,quadratic,5.003301076756625,3.509651162185787,2.3185063545649705,1.805087550337959,2.062975227298727,2.1806532331006974,3.48968725321512,4.6065835239147965,6.389517571810294,8.918293082845958,0.20885014372688193
540,quadratic,4.569619813855099,3.284032692754311,2.155673340694788,1.3709776469841657,0.527753837948723,-0.6234258469101877,-1.3300825596833474,-2.0442857072995992,-2.65089926672316,-3.36885404799717,0.15587592372292391
541,quadratic,1.5761387469795014,0.033309035222843814,-1.0635410385224913,-1.9042699837667583,-2.458419624597444,-2.675568607650808,-2.685719015986951,-2.1932567720593723,-1.6151818707733705,-0.7579138662610053,0.06856384670761186
542,quadratic,-7.584708932074408,-4.725644179949792,-1.9765590425760347,-0.1704799038194459,0.8574637626901123,1.439971656817415,1.7062793241515757,1.0719211619892604,0.4087212408683343,-1.5920954208618037,0.2177514653149839
543,quadratic,3.803514684985519,2.571373867258433,1.1183634216206828,0.7155723516248423,0.7042582261899003,0.46953708985072984,1.8581989468263524,2.665221373807701,4.397032536940171,6.561200760165134,0.15652836663338288
544,quadratic,-3.4118940153713364,-1.9017396075659536,-0.7016839991895238,-0.41918216316300116,-0.9532096764445599,-1.2770052252602773,-3.1152348534306507,-4.962048113042125,-7.8473707725074515,-11.06361733527847,0.11711722305765081
545,quadratic,3.798551320286286,1.8077421461041938,-0.18995368875753915,-0.8419585829080052,-1.1903004215071669,-1.0963712077458987,-0.31240796600039156,0.7008953161114757,2.530195384169105,5.017666996248816,0.15412553553383515
546,quadratic,-1.2220205945420366,-1.8227144628953056,-2.288296708799139,-2.6153023646251126,-2.6859208418172673,-2.619173047668635,-2.4124300854546687,-2.017487646803153,-1.4226865348595368,-0.600100298579297,0.037151797542389925
547,quadratic,-2.2024766198205956,-2.109185037845469,-1.8058041709004742,-1.9848907845436532,-1.203753211573853,-0.4946002944734612,0.5524021045627735,1.8644258269804577,2.699919544902074,4.62569993885994,0.1984344486649542
548,quadratic,-5.999501525753769,-3.923078563174021,-2.573233746427854,-2.30250510173183,-1.7053775680670888,-2.2636844961018343,-3.79928236745523,-6.184478335109212,-8.370456247677371,-11.509463489096852,0.2790008863650011
549,quadratic,3.7664390927348252,0.5472732559592572,-0.8707079329251862,-2.178531473874563,-2.454757639225821,-2.3692890475879613,-1.3836303827849235,0.4865936131569698,3.1764702242308314,6.719274956137548,0.2721226754932134
550,quadratic,-1.991665283658175,-1.6696699438192646,-1.3617631841181226,-1.061485154522286,-1.2215866056770335,-1.5014687293744415,-1.772178418855391,-2.3831627419315558,-3.0047135276605257,-3.9212684244773572,0.043686039514148886
551,quadratic,4.249802195791857,1.7058927298308373,0.3579294328089068,-0.43226535791244775,-0.9885405472960548,-0.13387204781597906,0.7025167534505191,2.3021699775341786,4.76251904531309,7.8617547167641675,0.2666739226247207
552,quadratic,4.994906867157,4.460971614299431,4.015873715586308,3.4276388372090296,2.753618681306972,1.915393089097719,1.6011460958284678,0.6360837758612172,-0.12907694044723766,-0.9724885942780558,0.1200870691468171
553,quadratic,-8.668097551244589,-5.568466826458235,-3.238069312406283,-1.3981995269003162,0.04284230310419581,0.7082534648813894,1.0969128504705088,0.8115245285093671,0.0652972948508553,-1.512758816873888,0.17943488326080084
554,quadratic,-2.4792541226181704,0.07709911123727692,0.8921809887427576,1.6683561912380909,2.252086932849542,1.1731401504589805,0.04279719188114232,-2.057687686595609,-4.085687676717579,-7.251951542923367,0.26905159221198816
555,quadratic,-2.0564589232800854,-1.1398543761525681,-0.7433542106856763,-0.6837808521037463,-0.6238901263426121,-0.9160465269166037,-1.4971099371865195,-2.084039745522254,-3.112170126588152,-4.3704591356081774,0.10794398221376253
556,quadratic,3.257200265988394,2.560238199480071,1.978966470964817,1.932395094589746,2.0992661465707547,2.6608440062053456,3.774194745002886,4.999081717912825,6.970462261164648,8.936942749063432,0.11635792585795854
557,quadratic,-5.352802126989046,-2.995397938663537,-1.1098365057299169,0.30244651981834697,1.133492744575497,1.7106775626126853,1.6001714268583265,1.2413686480628099,0.2240753434790383,-1.0481597222911363,0.05906129640817654
558,quadratic,-4.215399023817078,-3.5542158482355495,-3.172368135909234,-2.7105564462217027,-2.165952881702943,-1.7862024700522166,-1.2736143421693655,-0.8845672076321214,-0.612721278243056,-0.07686374961155765,0.12707622785396328
559,quadratic,2.6065206368409006,3.0069154241720604,2.9615047197529925,3.063676604628152,2.777608718065376,2.1448550196997616,1.5992761070666648,0.8422697054131366,-0.5281585940156597,-1.9044784107541408,0.14735936396665736
560,quadratic,-1.8759870672351595,-1.1990601150479892,-1.333174315267018,-0.9407185474781071,0.06340107456549723,0.47780514862882145,1.5455074171395573,3.0017683288587502,4.073849700836067,5.23393332692972,0.18852011652291648
561,quadratic,-6.6950697097558844,-4.115746041258303,-2.308867385475699,-0.7456071658939403,0.3062325452543272,0.7070296224366849,0.7916236719116586,0.2415092065209967,-0.7761160567739442,-2.2740764968585645,0.07969675080597662
562,quadratic,7.816023781801893,5.318812371466562,3.4416664177839813,2.1735901026004165,1.684465166920772,1.5499672921841443,2.4104442548796725,3.8626518802300063,5.865503192914196,8.846444042469768,0.10455532847127393
563,quadratic,-3.811027127756786,-3.628784088886533,-3.4984009803467147,-3.2565935640680777,-3.1235783943503868,-2.7638301670096213,-2.306104764877743,-1.9714534777905985,-1.540732656674699,-1.091673867548549,0.05040532983447033
564,quadratic,5.449039062736576,4.805493123584421,3.307343567154257,2.790570189379354,1.5629267065593835,1.0409589864256819,0.3921439105711085,-0.7246166564870582,-1.199599247810777,-1.793328609444026,0.17509384225875113
565,quadratic,-4.87357705605442,-2.9273943266628346,-0.8138282612815655,0.3627748438274769,1.38196464289957,1.8900890037090972,2.04257525903054,1.5309619041255622,0.5349958195947444,-0.4386817753246016,0.10682613041710379
566,quadratic,-8.23662678008785,-5.594534114156162,-3.93561290305454,-2.3789059532932217,-1.2292183552517293,-0.1131015788069219,0.07203246633760421,0.15568380432895096,-0.24856942908971552,-0.7492139263621538,0.18977946334200876
567,quadratic,-3.521247925316477,-1.392186154708494,0.309843303708431,1.4741590090175736,2.212680003439755,2.472373517146518,2.400019115029444,1.9329934801000843,0.9517993720103834,-0.544200262304164,0.08144235553622484
568,quadratic,1.8635715494937026,1.6608704308250242,1.4925855616722805,2.000441428415182,2.328605326520677,3.2302961586190713,4.062496536522078,5.3872505549029235,6.4693911703682785,8.25390237259669,0.1592816912537229
569,quadratic,-7.408043078175738,-4.577657770180599,-2.823791895414424,-1.1639257168061363,0.3461942000805013,0.4844665589714514,0.26571061970729415,-0.12972099061275993,-1.4914114937828897,-2.750670387682191,0.12296683882074028
570,quadratic,-5.599269521825639,-3.923116677621586,-2.49397295668784,-1.5527883047665487,-0.8250563328566033,-0.565297477620732,-0.3643117108237105,-0.6749245958633415,-1.190620727315734,-2.1340554111706846,0.1055646304896846
571,quadratic,3.3457965873831856,2.2079268030044057,1.1804946698766052,0.9807368068885296,0.9971199889776295,1.3550231531346426,2.027450087333437,3.179432957657155,5.225597383393928,7.250756523979116,0.10515305398405382
572,quadratic,5.033987302554823,4.415468795646663,4.2313390295070965,3.958165071714235,3.1103537524320584,2.541218921149354,1.5955429890848578,0.3028530511625711,-1.3810188830825139,-2.4310526722943155,0.21381025345431892
573,quadratic,-0.5304022031270632,-1.3622898813815798,-1.9373786231277448,-2.35030304581162,-2.6619571522978895,-2.9241526786535244,-2.94877268041356,-3.077996657127422,-2.8935239742080903,-2.637004135370906,0.07187735410539131
574,quadratic,-3.444906551755049,-1.0032202057103747,0.4128324246320634,1.357154865909486,2.041880144466619,1.3857260174876624,-0.26549045430126794,-1.9224997732903981,-5.251096701383317,-8.210054304833275,0.2516012775848912
575,quadratic,-3.143748954036553,-1.9991254173982134,-1.124273705588437,-0.4208644954368135,-0.09491053370975039,0.14516492789761978,0.0541053920535024,-0.014071448289369144,-0.5117155870177377,-1.1706304755999994,0.10100013283251288
576,quadratic,5.196410052545701,4.009083284236656,3.178273529817175,2.4872613603057174,2.1686698346901276,2.0937949266604217,2.282508621161204,2.7121891365236097,3.4067917985575247,4.417043012066815,0.022027255029287512
577,quadratic,-7.849812968078474,-6.129582402417283,-4.573166236055507,-3.553816482367899,-2.557288014733208,-2.096757542978237,-1.7179004396238475,-1.9612831950730678,-2.387249960994226,-2.5557214679131723,0.13139968643761665
578,quadratic,-3.7479877193802236,-2.788914843997193,-1.9733564753216248,-1.206333404363207,-0.7233941537844368,-0.24605162065825045,0.09913545001726212,0.5645660601234223,0.6873672940485271,0.773797402128702,0.057308002305251446
579,quadratic,4.182429199704776,1.788991768939982,-0.09212409922941783,-1.4252424424241108,-2.249204157870056,-2.1779819157413085,-1.917490250374867,-1.026174328477061,0.5605181998519156,2.5997071475044486,0.08745788082832129
580,quadratic,-5.907278933881255,-3.5122388812189698,-1.734415124923736,-0.3160232375941047,-0.04555228777894581,-0.03501756511371611,-0.7827121298138325,-2.3153213580560803,-4.382468366094267,-7.007296293645837,0.13380102640247263
581,quadratic,3.544758291659749,1.4259479926142866,-0.7173008993557468,-0.49335308595759303,-0.8345502009042586,0.05909342662327055,1.1891703040883712,3.033921601265804,5.588026992996601,8.775804933141591,0.27063461022017354
582,quadratic,7.5604166694487445,5.63651255199205,4.656626786995739,3.5478255861195964,3.0984362708831776,2.6964205762375735,2.814997323972654,3.661263217137521,4.20219889267711,5.6521923993977365,0.10909673398503845
583,quadratic,5.8844719362781355,3.780524753555158,2.2149650029779084,1.109622442970029,0.2817274313279549,-0.20421144177069744,0.009316268084004459,0.416721759972743,1.2627665438470281,2.651909476206147,0.06961859823508039
584,quadratic,-1.276366125325721,-1.7520054841880932,-1.7687788830285758,-1.9960967858911907,-1.9221630507276801,-1.3922460562425323,-0.5025657649923627,0.27827111384196795,1.1958949826977285,2.676250088659885,0.12876482325617838
585,quadratic,8.478470632462804,5.0272917043161724,2.15428683040013,-0.5559830775095339,-1.741697897534292,-2.602906768966377,-2.4210995234922965,-2.524227384318534,-0.9047481417102836,1.0505550817282048,0.23509597875170088
586,quadratic,1.9590124878619708,2.7121840647387216,3.1025407839541397,3.3128608670061923,3.0308703243268478,2.622338347138972,1.9716829110238219,1.0022050516938315,-0.5070772803088324,-1.8850376268465454,0.05991153975737836
587,quadratic,-4.131753074144852,-2.234236857666146,-0.6538835760641458,0.3945231671549286,1.1158614348435814,1.561587284022388,1.6089199929600333,1.2577551831585947,0.428986982064774,-0.5562694142985566,0.08175761238260605
588,quadratic,-1.4923438363639254,-1.2432749910585221,-0.6951079646612864,-0.11428901992972404,0.21631319524013437,0.9258436039410798,1.583760181995452,2.1671891988314087,3.059158654127084,3.8253874321625467,0.10302143188560058
589,quadratic,-4.734402818643397,-2.046083948529371,-0.47683301636355063,0.06487221440651858,0.5371980731035856,-0.21137859285103727,-1.1083837353617167,-3.1324849500753076,-6.041935893883203,-9.907251361074476,0.24218805532416934
590,quadratic,-0.7135560923101718,-0.09018385328158351,-0.17866828307462213,0.07559170422577602,-0.7534140109545779,-1.3496655903376942,-2.7883946533032455,-4.281156012307702,-6.652566508004122,-8.477668710007999,0.2095344900706527
591,quadratic,-2.622578352145241,-1.617941817007434,-0.7790883404490255,-0.0906063056562116,0.38273520624102675,0.6011239024770706,0.6934704137312864,0.5905348133385895,0.3815302910955073,-0.08305385176319055,0.026957175336759242
592,quadratic,4.423503562482361,3.961693130466118,3.637350650156706,3.356890194644649,3.0311150342836592,2.8244443580162186,2.6000406596958463,2.3950863870633787,2.286365124965859,2.2030492569637046,0.022466661250554174
593,quadratic,6.555130982800974,4.608332998673592,3.2831502315963754,2.4651923756546146,2.0285983351955665,2.239850878519464,2.6995179424240123,3.9884212252413502,5.420213458157934,7.684475853858443,0.06539850973565776
594,quadratic,-4.209440075997352,-2.7572286856170516,-2.2190394462320726,-1.497149163917132,-1.4797701211155434,-2.0508479374484656,-2.8626488737764517,-4.291486135476236,-6.240588975607052,-8.734723920876094,0.14975973064044115
595,quadratic,12.078396045219838,8.507207865420181,6.028053319061759,3.5515686894077416,2.5525434679650303,1.6959904557481613,1.8250861584197497,1.8468980320505968,2.9656730625696426,4.930835860143535,0.23486840328287634
596,quadratic,-4.866646738689911,-4.387989299889477,-3.8903358862149036,-3.3689957998507323,-2.788815038865922,-2.1714345908696413,-1.5492919587673628,-0.7142158308454337,-0.07533713089405024,0.736328453478485,0.04181838398822125
597,quadratic,-2.267349476932783,-0.971233160712289,0.5401392708804529,1.077936144990143,2.0705111737982906,2.708658707166627,3.7345361590637776,3.641386884370636,4.158707414126636,4.3045042789544485,0.20597687438447063
598,quadratic,-7.528534405059512,-4.927350404426827,-3.2915979069009493,-2.12316182043494,-1.5649374880497788,-1.8853359153302047,-2.5071432334580224,-3.3559847726978824,-5.392915190754787,-8.162673182164735,0.20160407820844453
599,quadratic,6.760779738135307,4.345163819311078,2.4074547500197574,1.5289070620680463,0.8072875569398418,1.3474212777655012,2.5709804482884397,4.311610632812769,7.101555780282095,10.212491258219636,0.14188805364240287
600,quadratic,-4.518109485616084,-3.2023034639636583,-2.0306076214774516,-0.9525863557395532,-0.6853514950415144,-0.7657502905917171,-1.1643606414050642,-2.2685512529693144,-3.2482737774609785,-4.947722277977249,0.11484684242535317
601,quadratic,-11.572008097007583,-8.014881225470852,-5.435024709221089,-3.4234851678293925,-2.030063331747831,-2.0241542302282274,-1.879951138189164,-2.6520771291238474,-3.884838677604307,-5.94299193802004,0.155716141931797
602,quadratic,7.3567650835027205,5.2475724940186215,3.5206998249827315,2.7926150973674275,2.4873501492378867,2.7414119085507287,4.0343830333679715,5.5269280040313555,8.019489106236497,10.748418702580437,0.1721765296510701
603,quadratic,-7.598371622955869,-5.198641151940144,-3.873690292984124,-2.5132010142530037,-2.3672198883565443,-2.2141716806648852,-3.1275999697769596,-4.145740253540717,-6.641622121630357,-9.22023438972279,0.21501700173385532
604,quadratic,-8.09326103666532,-6.113878627301569,-4.5256652996207425,-3.4303100966058686,-2.505560656894172,-2.579128623178392,-2.9001789685007453,-3.363013045836169,-4.648675436518847,-6.010580004181709,0.11672108336147075
605,quadratic,-12.841215061560225,-9.029128963166093,-6.265172513157194,-4.58282939771389,-3.168873402305546,-2.8108887639603863,-2.2691519207674165,-3.2408443156806945,-4.741761242010938,-7.286471464149141,0.19899318293928916
606,quadratic,-0.40976708246137,-0.8119664344436412,-1.1812720484143486,-1.2822309257931475,-1.3218228185751004,-1.16702531355984,-0.7838855290747966,-0.3230665332010182,0.38805296044370113,1.181959236092125,0.03181443306253498
607,quadratic,8.556237618959663,6.528720632509667,5.162978248281026,3.781947011533252,2.926138271780028,2.469190901242966,2.284003441491179,2.424472148731425,2.7988592733656446,3.646936291481334,0.09552374555111372
608,quadratic,6.190872968422269,4.9803579819346115,3.865792482430522,3.0675575835049775,1.8807483336937976,1.4013080323319094,0.49654123642103964,-0.10709042141574732,-0.739029056981156,-1.346183214797421,0.10771521477508646
609,quadratic,0.6449101292887202,0.5339540061863288,0.5100493744282943,0.4167847557047509,0.45453887066864557,0.45294389481566816,0.5411464385638088,0.6697604565098275,0.8014790256309459,1.0350324205514752,0.01615647633903029
610,quadratic,-1.9730701872396061,-1.103953363549841,-0.032946904811024524,0.3924862305594672,1.0357176915019675,1.3115577515391796,1.260121688902619,1.3308820121238927,1.0518946920403243,0.514161952153184,0.10902110052290624
611,quadratic,0.02036043710327128,-0.43479943417015143,-0.7898565615320359,-1.1444613478760368,-1.2406341451596425,-1.6279187465521212,-1.7180789808174988,-1.7816000301178505,-1.6642991416085353,-1.7680452772918451,0.04798948135832723
612,quadratic,3.624292655160736,1.9829234027779141,0.3156661681929086,-0.16404758954425777,-0.5768294111244596,0.5799465410885551,1.7694242332772023,3.9652047300997344,6.361209527728205,10.230219964711793,0.2234584479514412
613,quadratic,-0.8989434596465196,0.35172090585677296,1.4139034851616488,2.2057722250127916,2.5614485424011972,2.9510839599318777,2.7449915777533813,2.609440834786816,1.9923969159246142,1.1660351171320895,0.06398825388360291
614,quadratic,8.449569269860042,6.3812624427845615,4.713759944820725,3.5297626793302594,2.749871293787407,2.4930027532905155,2.445979711367761,3.1511966717460673,4.09387976174184,5.708087745323446,0.07666676377685509
615,quadratic,-9.993039046599383,-6.41886100696841,-3.6116243352997888,-2.3708372980201995,-0.5586502020689141,0.6736816955721825,0.7915700614282889,0.17188579817845234,-0.8033065338418062,-2.6636740312334037,0.22914125687957773
616,quadratic,-8.229809091790315,-5.534031156800946,-3.628066638151548,-2.7687182896360665,-2.3609251233698116,-2.0886808320901453,-3.134437138905984,-4.781014414972812,-7.288920190123044,-10.087879763261038,0.20599389102173044
617,quadratic,2.3203041855435913,-0.41340867750633464,-1.413982470444926,-1.58164715111537,-2.362925486219271,-1.3708223606659904,0.5359333966037396,2.559068033289488,6.040259607499036,8.873699278731342,0.2722279714445409
618,quadratic,-2.0812091884315436,-0.9427549046037308,-0.16759663736565797,0.3394800432628024,0.5269870152805504,0.5642357693177138,0.3828703003838572,-0.40793886238956184,-1.3348401776338126,-2.5868302163484995,0.05325561241674952
619,quadratic,-4.045560858625694,-3.2108052903491915,-2.5281572230731957,-1.97244836368635,-1.4775031872690372,-1.1971297923209907,-1.0569280162496637,-0.9668381861308213,-1.054408725809208,-1.3531341613541106,0.02043373732352707
620,quadratic,3.2016519876817355,1.0485141137114438,-0.5701150402896487,-1.2783524560033686,-1.445196797576021,-0.7617458474839225,0.8428982941318583,2.9929966114920403,5.975199651475241,9.539634381263218,0.07577260946746278
621,quadratic,2.6821458034381616,0.4522911457643204,-1.3436997523648506,-2.1082694016122105,-2.0044741051122195,-1.6107940917485046,-0.18589572833241932,2.235595895860862,4.968340951675144,7.9880893810221485,0.23838768781513592
622,quadratic,-3.968079093653534,-1.7214348633766754,-0.009332788390907204,0.8749690680752598,1.4033856290949318,1.2323823559528417,0.42245456732111597,-0.936620346245853,-2.950568702477476,-5.6144807709492275,0.07608687882890786
623,quadratic,1.6885650420527607,-0.04507894875989691,-1.5718733480471077,-1.9363923237582583,-2.033394097976638,-1.54957285600911,-0.03635345644547261,1.2606405935465252,3.9335212025454296,7.147033792871766,0.16753565507329585
624,quadratic,-9.166336237017815,-6.32583324345046,-4.068236650013426,-2.379865569609401,-1.305227564007811,-0.8044821970256145,-1.0776591186018045,-1.7814562623272883,-3.0887984697925273,-5.038990867472192,0.07480932378597469
625,quadratic,-3.27185341992928,-3.006977163107525,-2.7885215450108083,-2.542332940223947,-2.4317029716043383,-2.285077398113584,-2.2142527174748197,-2.1686659091397744,-2.1509039436995456,-2.2099347772325073,0.016562511519641877
626,quadratic,-7.32631394243935,-4.426348336368688,-2.052279907710846,-0.5286137391420136,-0.185228475549219,0.3341623138961777,-0.5567811457101626,-1.4457685628919164,-3.7887644834726215,-6.650500795739013,0.20372820372710826
627,quadratic,5.727280322007141,3.7518900447014287,2.0443513054112814,1.1242547636071847,1.086786874596011,1.1940851005960527,2.1165834390095277,3.915365443248126,5.995052589790186,8.466775253486063,0.14224571908204334
628,quadratic,-2.2531211289942683,-2.2456188365641787,-2.4699971324189,-2.021209798572536,-1.3108604785242404,-0.4244885353554595,0.561701517249531,1.940214995054578,3.48087711763339,5.255974981476312,0.16320838802428264
629,quadratic,-1.0256755174060126,-0.06606051661139356,0.8515421305088141,1.708936199535855,2.4231647970682166,2.8831087664231756,3.257956073266063,3.5716245955474304,3.652236314510434,3.8118070310736636,0.05375785242942792
630,quadratic,-11.050249200255408,-8.13861032546341,-5.6209822202813875,-3.6467689264997563,-2.3639592604876287,-1.4440170839470197,-1.1429445786959667,-1.5478291894450953,-2.2011973962152687,-3.576693931633085,0.08250897803451783
631,quadratic,-1.6911604034014052,-0.9626042974752418,-0.4030102243101008,-0.0546514255819754,0.12452115976909006,0.20109590757993695,-0.033814563255148825,-0.36078297023236655,-0.9225190269870671,-1.6352431023591065,0.030949463814965814
632,quadratic,-3.1690549896275297,-0.7420561230694814,0.9981379173434348,2.1252174896770377,2.329861350395538,1.369491171311512,0.39570536841292225,-1.9946082391135653,-4.621864067696397,-8.376421994583046,0.20642498606813955
633,quadratic,-0.6253909815186932,-1.196090307624024,-1.658020654814628,-1.9569288912185232,-2.071212416773967,-1.9342267031726579,-1.819156975710409,-1.372251907463179,-0.8408963203563988,-0.2275679693496064,0.0576346211250584
634,quadratic,2.9895866535328297,0.5527409785901198,-0.6444223470782209,-1.2565847354942936,-1.6623168132690753,-0.9827503048465076,0.5715014479884919,2.6272935254610736,4.810847524529611,9.146728845720197,0.1965181886750889
635,quadratic,6.135145239425997,2.736439091032193,0.6306711395454172,-1.1775441944569487,-1.959174366469707,-2.3484562453476054,-1.373252967130639,-0.5297677919941909,2.346597565682187,5.150338567324164,0.23582405501240009
636,quadratic,8.816810684172513,5.125808407317006,2.6520197387601154,0.5016528485810694,-1.0277076900991606,-1.8514536772474952,-1.7596116794269683,-1.1691740573661302,0.5807796659438493,2.4422681864903066,0.11249519081966725
637,quadratic,1.2134579356768065,0.9705690689648431,0.4853769217411513,0.6187983432216995,0.6760220459420667,1.2375651634422546,2.5876243370333967,3.634125748718471,4.5846136410876905,5.928509173009181,0.14606992713948358
638,quadratic,7.8905097823586505,5.188113226606441,3.2296004609607993,2.0491599833814336,1.0968710581630055,1.2913506746031989,1.663681789461975,2.95707237854167,5.005659808174549,7.144463346877187,0.1918361840040659
639,quadratic,2.6917844877872596,1.8473777968865992,1.2349245196306713,0.7499591389811304,0.33240553145392476,0.09622461365650266,-0.007584052137195523,0.009525594618666271,0.18584174858345504,0.45191952842081684,0.01724459967553778
640,quadratic,-8.223411840673636,-4.7336020771287,-2.4183330059753,-0.653978048467579,0.7353159602059659,0.8894656886979827,1.0916747158404847,-0.011820283495926537,-1.2023006610645366,-3.7037654727101685,0.20146337543475948
641,quadratic,-1.5740159144574273,0.4461930547177631,1.2273461050894103,1.8444445293592904,1.7452035285784677,0.857023708338909,-0.3172000797257595,-1.7045313505209025,-4.098799374495749,-6.61507424073137,0.18720604396851842
642,quadratic,1.402197560204819,0.02332332109109103,-1.051405420594288,-1.969763353633203,-2.4986810589963926,-2.8056164508693855,-2.796344739608401,-2.4156263992699625,-1.8735177840786068,-1.0823374717578729,0.05769114496938731
643,quadratic,-4.90819854691145,-4.164839463580079,-3.6401019700560058,-3.17640684837221,-2.9698840596934604,-2.928792538413189,-2.968728263950566,-3.239428997866347,-3.7168492705983107,-4.318880293521211,0.027636705820783203
644,quadratic,1.4004407002233212,-0.7429433801311992,-2.28372522573294,-2.937152192046437,-2.534434250127923,-1.813929419142568,-0.1492835790707756,2.1916282406614553,4.950684999819824,8.547293927121126,0.16888136975359355
645,quadratic,3.9668619667365563,2.9612858095091794,2.1356220657328393,1.4767588184252305,1.1288874717822068,1.1264655572866682,1.3313813009964919,1.7397241590492691,2.3477100717268216,3.3113898592807978,0.06270131528879305
646,quadratic,7.026582879539802,4.561495170781901,3.230069771188595,1.924710509016879,1.028426160997435,0.3984193744996667,0.22538859276910733,0.0022775495606843776,0.48543097600014806,0.8140965575657052,0.17802321898955906
647,quadratic,-9.636669552628488,-6.33529638664709,-3.5898410068954316,-1.7085645673268834,-0.437552596949853,0.2028369341598087,0.08889154625473655,-0.9104030805430147,-2.6598314536863907,-5.152102351862643,0.09778099246857658
648,quadratic,-4.547025305773114,-2.5522178313669253,-1.5163454867666217,-0.4902264228403211,-0.6648182086416125,-1.7260672173935865,-3.0594837682760048,-5.32918514718213,-8.422617669346426,-11.738102256409345,0.27550649730852234
649,quadratic,-0.6907189388896392,-0.19441173377049578,0.3024521952677191,0.8513730790258761,1.2652973377527152,1.8120346341458011,2.044627903186428,2.390112702186409,2.856386071532598,2.914021581494061,0.07100349867598185
650,quadratic,-4.883446643590836,-3.3985676181792073,-2.3340765289675103,-1.4553593649326073,-0.8467021362036582,-0.8688984353000451,-1.2578396722639642,-1.8454943066965743,-3.0374890651437996,-4.333186641340466,0.10858428923184876
651,quadratic,-1.3604695758795453,-1.4536051363457976,-1.1053575816120507,-1.0096308547517199,-0.6816271327155111,-0.3392219818137483,0.2494132174442148,0.8289995046850629,1.2080027058250342,1.956932985776513,0.09697056109417367
652,quadratic,3.0888700395969395,1.7213283581905034,0.816342461977123,-0.016071886470849825,-0.4295994175818725,-0.5174438216819099,-0.44466119754534716,-0.19247982235524996,0.4346125783080762,1.268828642501122,0.09073718574922704
653,quadratic,0.3342968202021839,-1.2797884547403453,-1.7268201204678817,-1.7417054171301776,-1.5556155079011118,-1.5013295026958025,-0.017893638889676877,1.354595876452088,3.3839969223985116,6.104733298159514,0.17159164176818553
654,quadratic,8.179063540245782,5.847618737182924,3.853348625923168,2.559711642200424,1.6574981884937983,1.365492596499099,1.6210203095410818,2.4706782274454033,3.927402675739837,5.814957824900317,0.14338367318292256
655,quadratic,6.32589024392439,5.44147481072698,3.843869538485753,3.5000221158498688,1.860190405711637,1.2391029098574515,0.33359598451265216,0.3571642009717469,-0.8648347408087078,-1.3961057915196113,0.22717988685585763
656,quadratic,6.076565986120275,3.966099454048072,1.874963500415697,0.5874962056325623,-0.19933341477103705,-0.6557542094937343,-0.06737336165055091,0.658174948629819,2.6437822168707776,4.718518473345668,0.1673847910369226
657,quadratic,-0.46970504906863103,-1.2051735722537107,-1.6346693308769824,-2.1284430549204,-2.388163779587252,-2.5839489339071786,-2.6500041928566853,-2.6506222042551526,-2.572228189091955,-2.2582135716122056,0.04911529603936261
658,quadratic,1.9169214355327726,1.8837468246291773,2.0352624479014514,2.191309315836203,2.59077231821908,3.133242793484028,3.9356893180520753,4.634779718204451,5.492755340342543,6.602831719399234,0.08237519519572868
659,quadratic,-4.017991774950201,-2.7296615185774145,-1.5357842948541638,-0.5571582845771174,0.26886857832681815,0.8969414374526351,1.1907283094130825,1.578013030564378,1.709181868308097,1.5803468425818155,0.04867431770955457
660,quadratic,2.796568859687051,0.6813547581548389,-0.9561960864777455,-1.8288475682422696,-2.4654539857993094,-1.7699507326688035,-0.9767090838425313,0.7844374143357371,2.9131667949263624,5.728330951622736,0.1414478450216339
661,quadratic,-0.3633200411752196,-1.152538891262864,-1.6659425494437485,-1.7833546128444577,-1.8001617435895738,-1.293709869233404,-0.5072566184311423,0.5671525270059092,2.1069975149426767,3.844230369956218,0.09006241234086734
662,quadratic,-1.6716772367022474,-0.1718446576888551,1.0068156384521085,1.7703075246457398,1.8599171003756572,1.7052002435106852,1.1497048606005869,0.22768483623975552,-1.2672380378641808,-3.0880203704021856,0.08717246536147051
663,quadratic,6.136308971642208,4.473825966044326,3.085738094966255,2.2059521652584735,1.655045507193029,1.454196184511555,1.6378980349664345,2.376416517937916,3.331253875960969,4.713535001074195,0.03068079897846676
664,quadratic,7.696187982101265,5.155352054353209,3.7314691693825464,2.7434515380232467,2.599478283565895,3.100403580815691,4.367944174782662,6.305639360191293,9.235497877287068,12.78391762318477,0.1154771138762141
665,quadratic,0.5231416052441593,0.263623705119453,-0.04560223834888577,-0.6360054897109344,-0.7853997925413873,-1.504339822932555,-2.2360416677679398,-3.2365686174673334,-4.049290925730393,-4.788276888306595,0.10645910636695118
666,quadratic,2.056674523537959,0.9016167238794246,-0.03821076406627757,-0.6023805481197294,-0.7405279639424582,-0.6944422604869209,-0.2237266731786734,0.4580615391352256,1.62358057894395,2.9837540636636994,0.040753170198434
667,quadratic,-9.649742938743682,-5.607396675330941,-2.922079349873223,-1.0083441823965869,0.43240956206606473,1.1656773889992293,1.7342027896093806,0.5730018221732265,-0.5535148313616454,-2.808635144458453,0.24053927280101875
668,quadratic,6.473081810171057,3.590961517083053,1.375352302488723,-0.3938575784827497,-1.9759881180077863,-2.407553061270336,-2.535490279640991,-1.4806475993280954,-0.30564858464973554,1.452189784764156,0.13458736990488027
669,quadratic,-11.704090298476451,-8.389226569222943,-5.481345098840772,-3.5545208640605597,-2.606480449495453,-2.272070529041822,-2.3978486168997004,-3.4828559937421053,-5.90931463719705,-8.555102403685522,0.19201775621173076
670,quadratic,-0.2472533581091252,-0.9976205747157229,-1.1899215602974376,-1.738215971325705,-1.4373116217267774,-1.1090196423675676,0.0036925851715316066,0.9687494108813701,2.9806803812739195,4.8114177102984765,0.20073081329862422
671,quadratic,-4.934958583287863,-3.558981709651464,-2.60853804432687,-1.3786922091246507,-0.7388341146417171,0.08850602389793334,0.5236524542198284,1.1218198738756953,1.0982670297415595,1.100313531347576,0.08893824708729295
672,quadratic,-0.22523580733364043,1.1692570677057148,2.155771617060784,2.837967336627093,3.0835292252334026,2.9070262770913744,2.2807231066263713,1.207955232217905,0.13771855474337744,-1.4319247783306175,0.07348332319477152
673,quadratic,2.721910870866776,0.3842291741343975,-0.5015121577282492,-0.37630935234702906,-0.5366178360973665,0.020076490994696716,1.9896846223656546,3.597122074293029,5.8236815582495485,8.633754610753309,0.24528028082678238
674,quadratic,8.667729979078329,6.479841966780675,5.018497153525385,3.594747914460078,1.9586949489549266,1.7240658138723637,1.3227657919116602,1.2601508648771365,1.9693471197461991,2.5457116012056655,0.17690956801537086
675,quadratic,2.0079153804437415,1.673921561351418,1.4814021996809068,1.2346272757199666,1.0924829272439334,0.9069222333356846,0.8045814269142252,0.8151372012334892,0.7458299858618079,0.7904784710350027,0.026262965600498053
676,quadratic,-0.640497590098062,-0.13046872197830695,0.40901020961084067,0.7499344937584926,1.108857458299876,1.7537311659572292,1.7816195839958429,2.0965036779193813,2.537144449278587,2.8568661454562627,0.08737323237406175
677,quadratic,-5.676989147506644,-2.9078795339359456,-1.5653237118677734,-0.3078449827876568,0.6743506420582542,0.8916027329707641,0.2510676433306616,-0.5890836973542987,-2.1087735702019743,-4.300799177984967,0.17699786505856593
678,quadratic,-8.801498406695767,-6.076587295970842,-3.407388379708718,-1.8282377432249908,-0.8542896755143369,-0.4049229278337777,-0.7002083573071741,-1.2908578926140546,-3.206082278192194,-5.2837578521726405,0.17560980516901067
679,quadratic,-10.303248905784956,-7.0703868805072565,-4.947125059017991,-3.3494894495025767,-1.8635697137724652,-1.2871563200951934,-1.5367342804896467,-2.960576379632927,-4.292676726500905,-7.378957894479352,0.15793836592039437
680,quadratic,-4.487520283421742,-3.2794584922521466,-1.844615188582357,-1.2072984597173517,-1.260511938667686,-1.4821469611161864,-1.624062036136293,-2.817437060537369,-4.420898700814993,-6.13529723729671,0.14458053100795182
681,quadratic,-5.5048196521665,-2.865093367186306,-0.531598270017887,1.3676294097458523,2.371340511857961,3.329972076838296,3.23219852060359,3.0846962047573263,2.005796636665865,0.5819740925078521,0.1672410502599056
682,quadratic,0.601473021897566,0.4570402992816711,0.3745139037339954,0.29176962037522447,0.7669570678809561,1.232009066619498,1.9301887849768455,2.564439548639488,3.398476897820709,4.636146705625314,0.08219657767403167
683,quadratic,7.0211792516244005,3.919610116838568,1.6862581435146609,-0.02068857544138525,-0.8433114913110961,-0.7564884108124211,-0.19976512782104255,1.167385143436351,3.192287577567807,6.093314831476193,0.05960199790716581
684,quadratic,2.8604063220409994,1.7297427514174304,1.627801185407912,2.4708360898835315,2.336281639204092,3.3461996150485005,4.827720589515393,6.648124638401098,8.266785286602454,10.616634842075515,0.23407355804783556
685,quadratic,3.502588288639059,3.7281651796103703,3.2121148546734593,2.898318395507891,1.952888479669902,1.4305017504627033,0.29055927776605706,-0.6531385578400797,-1.8990623675972893,-3.4638177809632666,0.15616508856496206
686,quadratic,-2.866114143398034,-2.039417691190364,-1.1556065511906264,-0.6913467376714464,-0.3072672975105792,-0.09248884530225601,-0.0961747221350436,-0.42941490358410866,-0.8326253471653688,-1.4362615643678354,0.04264947737302839
687,quadratic,1.7257858926327112,2.2724364469594365,2.680224099582077,2.8842679414375763,2.959647148546465,2.8346718314397794,2.5202358447878437,2.1050220780685422,1.4115422405575004,0.6167251358060176,0.020803052992279487
688,quadratic,6.440870162020747,3.8909562915772113,2.2016762517955297,1.084384254027402,0.669853156618903,0.6980180435655865,1.624748500914425,3.274731489435921,5.283963738564378,8.349492981702426,0.058958393687244086
689,quadratic,4.873602120181118,2.6280786685254895,0.9587632439518688,-0.11413720362589061,-0.5686275604787603,-0.4616951369336923,0.35752592935190963,1.51331706306024,3.4290997532131766,5.839045304238861,0.05697117495767927
690,quadratic,4.1524071444634085,2.2021654844385,0.26737000695013446,-0.7320545673373534,-1.5169693253579342,-1.62179583623554,-1.243616502443415,-0.7454636077593941,0.4329637033573161,2.195801173568752,0.11710222258511499
691,quadratic,-6.402807634225625,-3.530270649395283,-1.4492166594200555,0.5854366920716236,1.8482370866279685,2.723990029912769,3.0291816537549,2.7272643156031044,1.8477289021980994,0.7276467415703237,0.13792286701521342
692,quadratic,-7.248448730362445,-4.279803283509551,-1.8970105689748935,-0.44724816227825254,0.5242264592249498,0.7738682148441215,0.15110490907531332,-0.9970255115999492,-3.004309497090998,-5.627437118114143,0.062453364040699705
693,quadratic,8.483032366371605,6.003920401907417,3.6072734385355316,2.149446144867753,1.0514952704126757,0.5646174079678025,0.41521726965573913,0.8072877417362204,2.2545324998502454,3.9185160426203636,0.1629724078710222
694,quadratic,7.142973018499266,4.315296143398855,2.365087316302024,1.1150905313868522,0.604957719947263,0.8490240668888579,1.8103066398158725,3.71208415507763,6.269961007440141,9.56774494886194,0.0735817153835892
695,quadratic,10.505450464395468,7.863798916050619,5.320104493821503,2.8947001544990347,2.1281982596561155,1.0310958457434587,0.5015791032648305,1.1412706376806907,2.696281124990887,4.34983167257855,0.3002400457215233
696,quadratic,1.8356696328292885,1.9903385867652938,2.1307756328319503,2.253103637621466,2.297105497988979,2.3420793950549506,2.291601674912891,2.255371699157873,2.1836249844757045,2.0588052522933284,0.013821193846350364
697,quadratic,4.156679700281175,2.8126094960283425,1.5725632266791953,0.7815802284958469,0.720366028067214,1.1953287780952697,1.6910476740133529,3.098693107588074,4.597486273232232,7.100676193376275,0.13453536985615394
698,quadratic,-5.5403939690473765,-3.3370760447476107,-1.1981129627707738,0.8034023802883757,1.6166823657219387,2.4703436799833725,2.773256787349381,3.169480652923696,1.9971789015040198,1.724479369388187,0.1797865547898324
699,quadratic,-4.440192858621584,-1.6200340056405735,-0.6502747524210399,0.8816372187048749,1.140589372628634,0.9160179908096484,0.2557318139552687,-0.925174809789246,-2.7023404088424865,-5.300905234432266,0.1820669623013543
700,quadratic,-1.4613241419171654,-0.9887255397417993,-0.403960260460276,0.16198914919500526,1.0479537165485453,1.4191331214625984,2.5885052040282743,3.5377527339851453,4.7161228713024475,5.901720832579557,0.10175737422505617
701,quadratic,1.5294133487448571,0.8483024275062465,-0.0018784674489885332,-0.7790379845135323,-1.4587674846986813,-2.098503237833948,-2.598367763984128,-3.016044021440907,-3.6343371210830084,-4.186484080938638,0.06384579336609697
702,quadratic,4.111839017461584,3.304044106321488,2.4538129052050315,1.8243898266104372,1.2998126307979134,0.7912641349165586,0.44749457821407373,0.02493076378794993,-0.04598907935616173,-0.333348580251283,0.03987989354410901
703,quadratic,8.360478963854906,5.437522973094397,3.2410102095938798,2.060966582749647,1.4294744225654208,1.8440066920343674,2.726474006243779,4.456828871089976,6.983078000669683,10.563374212259891,0.11855728283142505
704,quadratic,-0.6078878136255265,1.2240170213799109,2.509354641530071,3.0344134745797593,3.2155441613688276,2.4293452013409444,0.9842891761625462,-0.9467923334708223,-3.8687263077622798,-7.23467678289006,0.1163827454153002
705,quadratic,0.4228653707205689,-0.18897547090208136,-0.7705567839190567,-1.2153540836710996,-1.4035125166631277,-1.5403666749005767,-1.5389323031293662,-1.3290115134742397,-1.0189183252860605,-0.5570208010526929,0.05215244262555758
706,quadratic,-7.228866674642782,-4.429611532534436,-2.2723883675522933,-0.8673556751581566,-0.12765559500387041,0.0008792103766364773,-0.44515577071207485,-1.8175441498017528,-3.4452734838244687,-6.103586743086487,0.06411135888584138
707,quadratic,9.691405189419827,7.567177518806214,5.3361355546607525,4.418650295974162,3.1952199594168347,2.4016575086933285,2.224126196676354,2.002926401255991,2.5669451098668405,2.494588341143678,0.23259115114564713
708,quadratic,3.0664615215726103,1.6042053919182813,0.26862402209723524,-0.8661814701972828,-1.7670502266095014,-2.457909400918359,-2.9880518434238743,-3.249227796122685,-3.355801117138565,-3.26048484775172,0.046709292453337325
709,quadratic,-9.256075129804781,-7.006773449407633,-5.231268354349845,-4.016315144936553,-2.813389062096374,-2.396815732616778,-2.223251999247041,-2.5067510781668787,-2.622665991769956,-4.2284042973330696,0.1521872648509357
710,quadratic,5.099851036741109,3.405387109121702,1.5016153136182377,-0.15143627232306833,-1.2796795841163067,-1.9591495341845597,-2.246030157271217,-2.4533649665368698,-2.4537507708203656,-1.772677092880303,0.21860337227177504
711,quadratic,-2.1854575124328095,-2.05665633616983,-1.9665680545694926,-1.9085619339762516,-1.897595717354229,-1.9282849668731186,-2.0023966708881265,-2.1001520263135536,-2.2493428023778113,-2.436394151983493,0.007787284207444141
712,quadratic,11.457057559339388,8.701314378254226,5.421927451120329,3.714376379017993,2.8681912321851923,2.4521470150928164,3.3478863697965675,4.3264933359122475,6.626814543891974,9.005295269755033,0.21519021753747858
713,quadratic,2.700260479341875,1.706980719366185,1.1714077455569682,0.832460204229197,0.8829934190731946,1.661555155342575,2.3191513604885072,3.6555219333528504,5.313526890032791,7.42719058985545,0.07655266706794213
714,quadratic,-7.077863879527049,-5.674097279642843,-3.8271311851304426,-3.1991884402439092,-2.36474409805464,-2.1392419954149275,-2.0849156055391225,-2.26952635772738,-2.8555390072327045,-3.6669024545309385,0.15019036011233688
715,quadratic,1.7507682760095058,1.2765150726686434,1.1449588755556444,1.3867703986935223,1.6597885385571145,2.258861987320426,3.0176439967306945,4.232701918321045,5.673993310196387,7.694708054663881,0.11223064301878609
716,quadratic,6.641585849854568,4.252103857660931,2.8588773511172447,1.932296156075024,2.2606396254600205,2.8883803921589455,4.434191554613543,6.657956926191233,9.596189448507111,13.637747166736698,0.1512855182960878
717,quadratic,-12.464721409042774,-8.48526710726035,-5.787966298438532,-3.1152372003848043,-1.7816750932569687,-1.1042716605252623,-0.9632960400459325,-1.7423470849393539,-2.9090280641604127,-5.269331585021508,0.11195157702992381
718,quadratic,-2.0756358314655428,-1.3765303472717159,-0.8166621637313902,-0.5488805588922633,-0.4493963545524073,-0.5195058780787359,-0.7542613720041176,-1.183137035597415,-1.8134416436322296,-2.5953160273114144,0.02245853906407251
719,quadratic,-1.1669957248416982,-1.4358001684105837,-1.6905413679296295,-1.1929330796355067,-1.0888458391708453,-0.16777112545923178,0.4227899713844415,1.6571080089961443,2.6284441695725125,3.5706763039214997,0.15312796927737582
720,quadratic,-1.0789986369243545,-0.04307040380340452,0.7117322949978935,1.310607357130914,1.7075074752062802,1.9365675664345336,1.8926943079571241,1.6247327761556836,1.298710449280351,0.6041827515555619,0.03591452374460635
721,quadratic,-5.121886739619765,-2.94391945017475,-1.2319995462308275,0.01949336659654389,0.8399234514629397,1.0779284202572723,0.6876096932307921,0.03399253252086537,-1.384914170985137,-3.237765547701772,0.11789365974096834
722,quadratic,4.65109803600962,1.6921779772080325,-0.1775308436386393,-1.4379471355274287,-2.6617558221337956,-2.853937374221476,-2.2698146771850185,-1.6732225285314903,-0.3283706236351912,1.8523067098782005,0.16586883802129482
723,quadratic,-4.00885991664893,-2.2758542076723542,-0.7846669719752539,0.2908370964176859,1.0024058303483308,1.296343501717498,1.239724680554784,0.5815053906152668,-0.33095837913025744,-1.5966262533551074,0.0437249205317277
724,quadratic,-4.264033992954438,-2.239286478166018,-0.596362466347282,0.3535992453786228,0.7999027639524446,0.8989598072248297,0.29739161840156525,-0.6197248512836435,-1.9737523398681134,-4.02143252648991,0.06947359326917427
725,quadratic,-8.61825675560535,-6.498953953255055,-4.846903704038699,-3.6081762422049692,-3.080525082672046,-2.752498871074566,-3.237005775762481,-4.022295743645871,-5.145988520567381,-7.082903910802605,0.07964894199698946
726,quadratic,-4.220431249009255,-3.337744988402515,-2.6643455461550682,-2.004228103043646,-1.3505707429187424,-0.9104158997638957,-0.5549170612496962,-0.24301057919955235,0.07159162091064486,0.028146943373453366,0.07118418257759593
727,quadratic,0.2721724612392188,-0.03810638816165392,-0.28282984649806375,-0.4824514532068389,-0.6240050003972655,-0.7161165687199552,-0.7493258107404386,-0.7471132172942976,-0.68701808430063,-0.5492201454306352,0.007724684158279525
728,quadratic,2.528263184458815,1.0943702059248952,0.07368889972233253,-0.01245760754842095,0.16142834653251567,1.0762345394399189,2.438980257871432,4.421754110049659,6.844954919257964,10.006406057479774,0.11509192856201916
729,quadratic,-1.8267284770724472,-1.5012236371676546,-1.5271938641535803,-1.7022323255622553,-2.0611754404555227,-2.69687423945586,-3.56625753611554,-4.600800579126429,-5.90175656223923,-7.304736484496575,0.053003532475390074
730,quadratic,-12.45446176125804,-8.464674802044152,-5.504996438957136,-3.9958897913723455,-2.745499442397735,-1.5585456437699727,-2.543749042033065,-3.0319055081928004,-4.56736696874968,-7.214835791646147,0.3024902030248922
731,quadratic,-7.937796325076547,-5.691936173044282,-3.4796258664229636,-1.9122040939400244,-1.1588903345948032,-0.7610712772636318,-1.208529609253212,-2.1258963763394005,-3.6899197270347908,-5.836437763928382,0.08716480489381384
732,quadratic,5.8384942948842715,4.1279489264509115,2.5219356662364136,1.6834409651349098,1.705517003049767,2.4262326657332585,2.9666794763291895,3.9921692222404794,5.959914035083653,8.338049325866823,0.15303266222563763
733,quadratic,9.69269557226899,7.019876761178348,4.122496687546322,2.0409226425933666,1.308334323488853,-0.009566275963041382,0.3170947512261651,1.144308980768257,1.9893883571962458,3.682548039949094,0.2621621019607665
734,quadratic,-1.3908684072901147,1.1350494388193677,2.3439946637762845,3.512906828095307,2.968741873091165,2.724795434159538,1.0809131561766283,-1.2425407829526658,-3.9976021159191713,-7.6881250167307025,0.24499550704923684
735,quadratic,-4.831816209119137,-2.480089418461927,-1.2892923581646243,0.08161725029655595,1.0670001256163968,1.5758168305696418,1.2367664998146197,1.2872956344076458,0.7816566724270828,-0.2502015318984589,0.17423295509806103
736,quadratic,5.183352144839649,2.3210003993420685,0.9245439863885897,0.25807784958622243,-0.5694910985497911,0.8627732556674351,1.4325373565999449,3.778165669458636,6.363556828192753,10.353058444251829,0.2426774903588969
737,quadratic,-6.153157089862562,-3.136145224913226,-0.9546737332858813,0.30051145464190443,0.6188193219724976,0.5342060119594323,-0.6728493705296612,-2.1701667041315518,-4.969442358499197,-8.208723546459366,0.09920216208044859
738,quadratic,-6.98976970835524,-5.032905234195263,-4.097239606717564,-2.602719437047679,-2.999963136672268,-2.7808477922246873,-3.6931635764908286,-5.626338256316509,-7.66490990398101,-11.404419755378603,0.2394562588023615
739,quadratic,-4.955876262998399,-3.1565962891074184,-1.4165022558206724,-0.7602579304185882,-0.15160318678889856,-0.40256680266506845,-1.3902186980821192,-2.6863355829291575,-4.7215634478410715,-7.208127795246183,0.09816967277117232
740,quadratic,9.103794412690522,5.484588808455268,2.7657738396294036,0.45386501553149355,-0.23817471469133566,-1.2354983473483527,-1.0269672138347492,-0.08787370323150387,1.8185813402350937,4.175045598312759,0.24945958312756106
741,quadratic,1.035612978504826,2.054589625686821,2.7857283359872467,3.0989162708882603,3.137213819621629,2.6963531564222794,2.093510726113196,1.0012788213686319,-0.2531724622192752,-2.0800884643244197,0.058180228058765944
742,quadratic,5.537675544282021,2.970051944421123,1.4518593290268726,0.29271954987085685,-0.1453104979840919,0.34126327961969627,1.2511171438571442,2.7041704405642366,4.825775470889732,7.458763531431732,0.14851448557494767
743,quadratic,-9.888004084063715,-6.299892453834259,-3.753904866303169,-1.1032961668741037,-1.128126138221624,-0.4808081169756299,-1.2245681275909068,-2.130690040044233,-4.04208602473974,-6.41538360950029,0.25313946018725497
744,quadratic,10.317086330489904,7.476256750270819,5.3233448507972465,3.8436850311169097,2.9144970370310035,2.728642696471046,3.077078271958839,4.4460573728065045,6.157356889705873,8.790589763044691,0.09386697310435807
745,quadratic,1.6625367396402568,0.31384552819395684,-0.6814233352208309,-1.2871490671953105,-1.5999766730983114,-1.6042747417725056,-1.288233306626562,-0.5058427001909502,0.4889355880069518,1.9044469955042154,0.037610715463103066
746,quadratic,0.18624220052412668,-0.029387861442681136,-0.10662387749237467,0.2769422598885528,0.6803642269041558,1.2606667150911168,2.147220345333625,3.2735993143422597,4.585140978133241,6.033142220633585,0.04656664901050223
747,quadratic,3.286880768938738,1.479803178023582,0.0871332569069998,-0.9726152302329656,-1.1758537703738299,-0.4690727020036062,0.9883384840724513,2.722207713344954,5.6397753146613105,9.424364953467544,0.15755889333086995
748,quadratic,-3.425901398091756,-2.3515673450432666,-1.7274450505975416,-1.4673533107582992,-1.9411396161737065,-2.6618450426188023,-3.6892212768084733,-5.468184828350329,-7.569638533437972,-9.902645299287286,0.08674239096407198
749,quadratic,-5.57610960326682,-3.1868008407374777,-1.2651208963252147,-0.17896421774125562,0.7968890819107763,1.2012262164147478,1.131001155723763,0.7292720185452566,-0.20559252222637994,-1.618876640239185,0.1005094739009307
750,quadratic,5.435953116214982,4.282292744031493,3.4081380206079928,2.739343511980635,2.4549248195582725,2.4196570553688894,2.65254281018888,3.1395531293667607,3.970383470088674,5.009560180816263,0.02394133225901478
751,quadratic,6.572801860288314,5.584800005550831,4.69147759692225,3.8279633376340674,3.2238371706554956,2.342775476785601,1.473188224712989,1.2771481198266093,0.5088056718732941,-0.03673769884150832,0.18643263073566055
752,quadratic,6.476985784887548,4.844836105222556,3.0713272470578894,1.9705181173914883,1.3847659522844848,0.9328842411680115,0.9241232777927377,0.6382423917554619,2.0497398282950403,2.930491925587629,0.16025538501863557
753,quadratic,-4.721854404242187,-2.614632749095203,-1.1342403346139933,-0.33250692341278754,-0.08453133816945992,-0.3947446958791975,-1.3816411016429,-2.9373961275727316,-5.025132691600676,-7.77085770024296,0.04818169080749225
754,quadratic,-0.776370154762871,-1.1782366861209177,-1.490858931547594,-1.676106430433793,-1.7801717006564506,-1.7635574815800206,-1.5944887885610872,-1.3931152423561979,-1.032545706899321,-0.5641002894321524,0.016147821357448272
755,quadratic,2.251076332457331,1.4020561467260324,0.6822553478878588,0.7771350705200428,1.1738805910451968,1.5266635858731155,2.6940953898908564,3.623628471853286,5.12380381304275,7.0626315655159795,0.14031804091158598
756,quadratic,-7.2048830667411465,-5.675524944313386,-3.912611370906903,-2.517070900704496,-1.7877193577166621,-1.0553734550090574,-1.4140644822476118,-1.6433335260199422,-1.8020029145273742,-2.707224132288169,0.16550458974010013
757,quadratic,4.363055686961533,4.4253205469605,4.275006108797157,3.382412101648196,2.9327527131001148,2.101135430769187,1.2382480293787745,-0.02177358091021651,-1.4797825679165344,-2.6386551190475798,0.20355887449102336
758,quadratic,9.469761210644926,5.720950248112361,2.781821003470915,0.529604910450302,-0.7428444077437284,-1.947683328495833,-2.114766830307172,-1.3242584215512074,0.16931307494019887,2.3053768079958634,0.15310876981362814
759,quadratic,-7.865127167717025,-5.264312541945744,-3.17061923011905,-1.425432531707271,-0.5809003986454342,-0.08409228118506204,-0.15402180726406306,-0.9116107316250572,-2.2161188219031027,-4.150616669534264,0.057881314024782984
760,quadratic,-3.1632052599278455,-1.0531770424023854,0.6240923419694431,1.450394515089852,1.4579635611869681,0.8189355697642604,0.42741057376230973,-1.3751091148716603,-3.1660524378235353,-6.177729056804609,0.20758422794287118
761,quadratic,-0.6386330189855884,-1.2780995423689931,-1.859105937273676,-2.1479832015845104,-2.363875426226635,-2.154447966522931,-1.9838133355423089,-1.6901877129559757,-1.1902215574264126,-0.5901607691599694,0.04607635966725208
762,quadratic,-3.7334438644374983,-2.4698996116771585,-1.6221143058408625,-0.9195601407484797,-0.19097792189346202,0.33335870049030414,0.8203225898191516,1.1265992110653351,1.2370895864966436,1.340771883589988,0.06215450223690079
763,quadratic,-2.9254890688487336,-0.4415767970979519,1.3120852171258748,2.4956045361136625,2.386011269151744,2.279007907698941,0.46003819830132386,-1.1914278144565569,-4.414341450613838,-7.865102918104521,0.2216145322840507
764,quadratic,4.106148249367582,3.4426478434790555,2.8913148469680565,2.488151349108049,2.092380859721089,1.9333728635390512,1.724602419847437,1.6315338304034956,1.709408395068199,1.853598897798717,0.03323880843474546
765,quadratic,4.707295164530347,2.9297519114045945,1.3557556257157,-0.13352138018891657,-1.2914276931762927,-1.868142730443631,-2.7229353402839678,-3.046661442539862,-2.491674666614821,-2.395716866408084,0.19951222139797764
766,quadratic,-6.9159449407604505,-5.395939942320744,-4.26301583042287,-3.3923736666549535,-3.0406652329206696,-2.959971245860038,-3.012417593101464,-4.004112044228321,-5.098532132713534,-6.729766723701828,0.10516177132933818
767,quadratic,6.920341753418058,4.358406652602333,2.2599982279051924,0.9534983949623453,0.5863879035548838,0.39692273644854925,1.2513039099126748,2.8772830123309867,4.763169894003364,8.103552616970441,0.18073186553976583
768,quadratic,-6.043931665712604,-3.6117539974238984,-1.7543309957749342,-0.2634206286936736,0.7117575459787759,1.1508401201949954,1.1272315495091072,0.9818434924884203,-0.4467987732226745,-1.5301880920239537,0.1608383356017375
769,quadratic,4.347259577615478,2.473279499329028,0.7371553695006814,-0.7318076611009678,-1.5922930516269802,-2.019461310529469,-2.4857453933682483,-2.229690325591877,-1.7378514274303725,-0.9409918929714445,0.11417295766200451
770,quadratic,4.165059807811445,4.015386889778477,3.788058474428923,3.44894583006566,3.15023576491364,2.7569085377516123,2.347801049054793,1.996678727963264,1.454738303046419,0.8625083106534746,0.04011455635468518
771,quadratic,-4.41311451215635,-2.5919064450089366,-1.6298458046109092,-1.1983769799487276,-1.062501868414617,-1.7656928865387638,-3.239827499040651,-5.512524195748615,-8.19413029772506,-11.98896329885226,0.19310696417537923
772,quadratic,7.589787845215605,5.801207448992052,4.144698305374896,2.8538349440710244,1.694905289355195,0.6987162594559819,0.05457884532939797,-0.09331794117093145,-0.0678373481996595,-0.043004611574712547,0.10575648206231657
773,quadratic,-7.182871747447094,-4.383102392272189,-2.41817816550009,-1.0581230930010117,-0.5097952161866701,-0.5151313186183576,-1.220735867273205,-2.6123422660399886,-4.5860051777748465,-7.665510228205365,0.08898331347591028
774,quadratic,3.7531497796176714,2.5047807230311077,1.7337458159609032,0.7445627722606198,0.028322938334157916,-0.43798254720701646,-0.738889367618797,-0.43838153051987105,-0.4011215080552324,-0.1988560643405034,0.14243018293839524
775,quadratic,1.2448260550192,0.9247634669736903,0.9442680899075009,1.0557396727823964,1.2516583603089204,1.8695220341071905,2.4254285165591516,3.2896105414649544,4.320914158301296,5.7193197328396,0.10377549198411504
776,quadratic,4.1398636203854755,3.706456892975507,3.0180988200547114,2.652404910577099,2.603743865701815,2.787972893323638,3.3576850859937024,3.9050719396172826,4.905132488293844,5.969889714146338,0.09295010811169972
777,quadratic,-6.211942894822905,-4.929749186877739,-3.7776072494095914,-2.872858161345948,-2.3073685883985275,-1.9725906134438291,-1.8097773628489886,-1.8763452275270163,-2.165385783033828,-2.720790221697767,0.06810335148754723
778,quadratic,2.5554997002398947,1.8209212497085645,1.1741940943802531,0.7979454245991285,0.44220680006804963,0.2311980992642589,0.1988314056602437,0.3499419213084185,0.47643118455021893,0.8465213369602178,0.046137800559205806
779,quadratic,-0.91299434702439,0.1446179371518468,0.993357975481529,1.5549729356929425,1.8441701592006177,1.801385912979594,1.658901143726748,1.1188856053754876,0.36241045776150704,-0.6199790559061991,0.033414245735223086
780,quadratic,5.324898287576251,3.5525945658657285,2.345976932991743,1.7789675023318436,1.5381411070605204,1.7122162115075752,2.773448321213349,3.9486843662203275,5.998403784870771,7.996089258888864,0.10942253527020951
781,quadratic,-8.670535860324748,-6.54750130127146,-4.8716739024001825,-3.7846272659597315,-3.064178386014657,-2.72219447069485,-3.179450903377497,-4.116948239381187,-6.063318859062629,-7.826290007486179,0.17831295519243973
782,quadratic,3.104316260132622,1.339803033616539,0.07870320567118765,-0.5094065480067624,-0.6881625240330813,0.05401173614584015,1.037765041755136,2.7268455579946687,5.152910256223667,7.9143514240491974,0.07712620140882188
783,quadratic,-1.5681447097569068,-0.1869943888030781,1.0241305467858306,1.8157488107070259,2.669517621943877,2.713748183721304,2.691205787630403,2.5012743919782023,2.178328316817093,1.2354254502315827,0.11948961836476815
784,quadratic,-0.7817251913769678,1.0744832406879115,2.3229004141035436,2.851873281443644,3.1387976704156277,2.585674495670569,1.8882365642246324,0.3087643611223721,-1.4896830505606833,-3.9795208307151126,0.15445404873166005
785,quadratic,3.5797009449119233,2.2762757444280948,1.41614458030055,0.6691044326562253,0.30807486751633584,-0.1296670588930977,-0.14009783284456523,-0.10016283804662256,0.14477779453598172,0.7607944303947739,0.10274640169105968
786,quadratic,-2.772154229270331,-2.5038228790663637,-2.3766366650779216,-2.1896572167011747,-2.1844067567971535,-2.2494075094833326,-2.367968611259565,-2.501088293927451,-2.793803370351055,-3.1089606222941457,0.02104645563383043
787,quadratic,-2.5557762710892264,-0.911274327922012,0.6469225104186257,1.561063496252412,2.211094057063335,2.802344348210226,2.916144604174592,2.738707096129324,2.1752986074335707,1.380950946212595,0.11680116291343386
788,quadratic,1.9331243045786417,0.936595378526208,-0.21124302864299252,-0.7213763304819494,-0.1943254565318797,0.5327544495375309,1.4562558349214094,2.9449441357618946,5.450677905581074,8.053461262711268,0.26482287143919087
789,quadratic,-8.843624713102434,-6.237192050489111,-4.366528100340906,-3.0739471839458816,-1.9832152894243291,-1.7647611855542975,-1.7192042287001483,-2.8800745729009094,-4.218401736171426,-6.237065857072343,0.14468459144242293
790,quadratic,-4.524161344691656,-4.283659202943381,-3.997074190957823,-3.5900838943812388,-3.244479561830932,-2.5046584678449464,-2.187545271012773,-1.5002087561610236,-0.9693815027478336,-0.33505504146264664,0.08911802984706944
791,quadratic,5.400861244182744,4.654131840042604,3.77041540522739,2.443594258605739,1.7738341849786252,0.8588009363750833,-0.2101396879209637,-0.729123846367624,-1.2552681331028541,-2.1785262657165547,0.23480223526360405
792,quadratic,4.283017252057224,2.4847521531674777,1.1677600854759607,0.38414314924027093,0.11106446573472603,0.14817241095534198,0.5353105120052923,1.5505291015156464,2.897388334422351,4.589796116908869,0.1362401127306981
793,quadratic,1.4081387432136208,-0.7055113681441011,-1.5288820382228516,-2.12056083545395,-2.4429987085117957,-1.1963337854317468,-0.019725573146332415,2.337972394397041,4.852546975281945,7.936400108963797,0.24001996054961927
794,quadratic,-4.018956578521112,-3.4112336878023846,-2.831529014401788,-2.4800733202210674,-2.1439050317678867,-2.1038903439517576,-2.0078459050207917,-2.0618119140675133,-2.3429925557096456,-2.6572046398022584,0.02913434988061994
795,quadratic,-2.323285274626026,0.23842142788645015,1.6910342340466125,2.386697649970364,3.100307840528929,2.4422696544841935,0.644497150701189,-1.4855687154738146,-4.1972916403349245,-7.3394712823818935,0.27004358064898776
796,quadratic,-1.1080742932918768,-1.3076195536666322,-1.3781802633004934,-1.4253846969180808,-1.3322438197953475,-1.1464604983632387,-0.955983256482912,-0.6129987089079789,-0.29621564774503006,0.21048697262214952,0.02252797144621131
797,quadratic,0.18931639296148497,1.3394666259179497,2.211018668296732,2.718507866219246,2.761365225189807,2.548443540878669,1.9949123437480787,0.9616383087951784,-0.43976136489680134,-2.1711094447437156,0.04362221794200105
798,quadratic,-5.44188237716492,-3.955291613420897,-2.797463075678285,-1.8848875378699848,-1.2352901427494793,-0.8928696811219525,-0.9293564327024812,-1.1078590623474183,-1.637250395088057,-2.518782325111774,0.037547755375523906
799,quadratic,8.733053928295968,6.659866966770371,4.964677910507114,3.174802214362877,2.266741112228362,1.3843262340187334,0.9603712778011838,0.9713279387540067,1.1762453516139302,1.7568500393248472,0.1551987653170979
800,quadratic,-4.970017523227224,-3.9047566186599205,-2.876817522625542,-2.056564350259424,-1.5221705052648284,-1.0382734085260055,-0.6101768936970957,-0.5562361344971342,-0.6536149506861331,-0.8513959689119488,0.054184906248368025
801,quadratic,5.984833995707349,2.7732660124255175,0.35847673441235217,-0.7116501496275882,-1.4811096621716222,-1.6992271581132017,-0.5940520501513455,1.6588155274047633,3.5894340191020437,6.705118518371,0.17091443547263374
802,quadratic,0.9763889453462729,1.936892130069353,2.252205525006768,2.554686458244122,2.437797894783072,2.0903274126153915,1.194143206793498,-0.019189459554926902,-1.3957145105482545,-3.348505891342912,0.10164188616638647
803,quadratic,0.5090002477712682,1.3804764092850696,1.7665042629935435,1.8811853880096328,1.429629103013989,0.6468075648362148,-0.5303969164804146,-2.19511092332349,-4.043358231352494,-6.621932791737666,0.058105669443603326
804,quadratic,9.408499435898726,6.443586770914504,3.722250927686021,1.9263688709569724,0.38092588385362586,-0.06454612338100557,-0.6857861338924389,-0.9982802571991459,0.010770923727580761,1.113114165121178,0.22279100586473125
805,quadratic,2.8764352853496717,1.5552793927681332,0.4217158654572228,-0.25229333788754366,-0.6469695057942634,-0.5899768591816174,-0.3078524528353007,0.45107465635722077,1.4983100293533012,2.953207432697102,0.03863486983321196
806,quadratic,4.592380235757105,2.3636365487514834,0.6932604988759768,-0.24349499704865687,-0.33218270371682573,0.3593885105845523,1.3710742800218094,3.3574292711665645,6.102020086026887,9.81164628181105,0.1143905471337774
807,quadratic,0.8632585775557461,1.9842107922409367,2.806932788740832,3.0219768144061225,3.174320065397927,2.5042705375881638,1.5449580945294392,0.02579034343073541,-1.8033796686256545,-4.151501162999233,0.17073815453658917
808,quadratic,3.221995946023447,2.079592321658098,1.182220898270215,0.46636312879260516,-0.06671324809250798,-0.47432031096779187,-0.7445329360863936,-0.7958251593016895,-0.7229300821170938,-0.4817947447228189,0.048374635401256284
809,quadratic,6.776473967511292,4.221955615777631,2.5616589752774566,1.5214703200183597,1.2373494889857501,1.4379946938590393,2.3240502131737237,3.832216410617137,5.7519907958215875,8.506180090253343,0.15188158120565173
810,quadratic,3.194664924989697,0.27936785891046195,-1.0586610527991274,-2.406030157450363,-1.9873690635710815,-2.117678952220084,-0.6310781842628839,1.382370988426746,3.522328338441671,7.172839563240483,0.2504509061465136
811,quadratic,2.5411508679417896,2.3947830367373197,2.293910797757152,2.0125835511258536,1.492053315317023,0.8117718480886755,0.0437604760570655,-0.9028112456676669,-1.9215657278665743,-3.3394087648499604,0.10554032067500539
812,quadratic,-7.439526437697136,-5.241192650931482,-3.4943640789500012,-1.4291593103149602,0.06306248421387517,0.16074241101978332,1.344519217373994,0.566280007411324,0.8698510089465891,0.8257678193318545,0.25561974517043556
813,quadratic,1.4864679536443,0.2459528135635848,-0.27674533010784796,-0.9580861359263823,-0.6409358804437769,-0.02535776301197845,1.1295026083556694,3.0625814031095215,5.0506483803839535,7.588168076698905,0.13077272781144053
814,quadratic,-5.575376804826607,-3.0918022629455066,-1.2973831896546317,-0.04113940698034267,0.47624394544135007,0.24975964833202396,-0.5245037893067778,-1.7826482490957767,-3.9215722096232337,-7.01588511067765,0.09380296847005108
815,quadratic,-7.50998208168998,-5.487333951913057,-3.9918085493663824,-2.5856215309462787,-1.5134544256633056,-0.7766746968935432,-0.12708307651811518,0.009451569323295841,0.14936749490210996,-0.26160023169949087,0.06746695264645619
816,quadratic,-1.258205231891159,-0.9024713378703805,-0.7127425283002654,-0.1836929833229887,0.28023992674150505,0.7916600721217115,1.6183016231987524,2.5846735180808293,3.8808742680748627,4.81667653173672,0.12491722506481856
817,quadratic,3.9863163619280773,3.170827166259678,2.569488505547181,2.2927149137637475,2.1352953276502884,2.3284441557639664,2.7534570583454125,3.5574971167130833,4.528255614295369,5.805180318459042,0.03783558799386193
818,quadratic,-0.7743593225536536,0.13443502752341446,0.7487301516792172,0.8361787768840174,1.0925099655965784,0.7133522339119477,0.6692937791172348,-0.06090195642473184,-0.7077033225948328,-1.7355842994944448,0.07719109497181342
819,quadratic,1.8311992766748533,2.993033937570171,3.2633598371054857,3.112602982684737,3.0095970752731747,2.7864791556428115,1.735144646477036,0.206768373728589,-1.279118658104809,-3.2130416654958003,0.16897396776455972
820,quadratic,3.204378072002167,1.3964231448924953,-0.1246757350384711,-1.2413161392186907,-2.338846793195367,-2.939968644765685,-3.4269337928896895,-3.4970333179241817,-3.282336617335523,-2.845286066989794,0.06295808311304729
821,quadratic,0.1133166640483084,0.9150818426940667,1.6339206671635442,1.7366280920346497,1.533926261254659,0.826594049545198,0.03837652839160915,-1.1948029438184051,-2.7463957535461425,-4.881504678281662,0.08337204484494745
822,quadratic,6.583366380225893,4.105722527633765,2.0507399129897013,0.6848503057792599,0.01979073378185215,0.06856120805804539,1.329195934123775,2.751485946860333,5.017574374639216,7.938984609286028,0.1433838430076065
823,quadratic,1.812101163822071,1.0429788376324396,0.376214448905238,-0.08234411862604145,-0.7567006794666522,-1.145857217502139,-1.6169624856539961,-1.959006211835331,-2.2245649451296,-2.859574785699813,0.07548071702979044
824,quadratic,-9.284167917030697,-6.650031398201046,-4.557298115859809,-3.187289772792877,-2.1491019475374986,-1.7967711086723157,-2.1727704472114477,-2.9769002868861256,-4.481572192337227,-6.706186376037303,0.06906344111960944
825,quadratic,-10.359393187405507,-7.6015318850053895,-4.512929358419599,-2.7573060646391543,-0.8560321837099807,-0.17529408116609385,-0.2716724345230522,-1.0810958209450394,-2.4750688624624777,-4.301943805543298,0.18976768582329498
826,quadratic,10.519547681869705,8.188896428798612,6.1983895800334645,4.64892115039613,3.40525790618514,2.488765234485858,2.235884607328481,2.275986077997599,2.619390593668814,3.399138454497112,0.06452593330486699
827,quadratic,3.86299724680867,1.795283692162805,0.065792871793785,-0.8379024500048614,-1.2889508085318289,-1.7163186370949082,-1.0543045238562776,-0.0949252164605005,1.36328065905505,3.453766466759668,0.11000279711953574
828,quadratic,1.7406463643508712,1.585455034821303,1.3369835861424153,0.9574359416677785,0.46948009858013007,0.10430333828376215,-0.34427371570247817,-0.8745617979182252,-1.279202504936594,-1.8359211846271632,0.10706735757318775
829,quadratic,7.05538076653919,3.6596668026042205,0.9297933705249002,-0.8540659996573212,-2.0994136871306135,-2.6346252039403515,-2.5959866114003094,-1.8054742026383084,0.2507722731060835,2.4651969902476907,0.14643999579697764
830,quadratic,3.729375639985025,1.263600613982256,0.04179831523100226,-0.6227723698013189,-0.3429195349840013,-0.01861629957618459,1.7645602310619288,3.803241117156454,6.591661028250247,10.423152906403578,0.13191802537117675
831,quadratic,-0.693219442241318,-0.15548277099918537,0.6789944387419138,1.4982952964115501,2.374187379962192,3.436603071133186,4.159189649695214,4.737852547517724,5.907358125621748,7.09181010365359,0.21921824662846617
832,quadratic,-4.96646578822445,-3.0873844036053173,-1.6009708329257775,-0.9306452284607692,-0.7425277604214547,-1.0613861988644235,-2.3336277641871424,-4.142276870371465,-6.437593536792581,-9.48156937772114,0.05651930233116505
833,quadratic,2.1164795164627703,0.8753705690605592,0.6731499509909995,0.09042970756847797,-0.5995943937520989,1.828357400790251,2.517434367375384,4.428157048607993,7.030551689723398,9.75596627434866,0.29197023375784353
834,quadratic,0.9958033860583837,1.3178812978635621,1.5917238852742186,1.8207362285332949,1.3643537639736667,0.8286796625280083,0.01732653322454194,-1.0379957566407942,-2.5736886927513227,-4.096040272404609,0.11324252868535255
835,quadratic,-4.685909987920929,-4.129368180385313,-3.56209975789543,-2.9189113399725546,-2.1672726728816625,-1.3806557982833638,-0.5750154815449546,0.24322729460234557,1.0672603493058042,2.0329407612878634,0.06181761873907886
836,quadratic,-7.128001297467296,-5.130853221704275,-3.5124416420428606,-2.5400069400023253,-2.4964042642036266,-2.444310078886724,-2.9429520107243055,-4.313386716688695,-5.743803308228597,-8.080343929775472,0.1859054103726844
837,quadratic,-2.863536876078097,-2.167172564452253,-1.9692574946541324,-1.9936607484871829,-2.157482415039687,-2.463091377240416,-3.2767213289674575,-4.126050162435457,-5.111747469452221,-6.9742596471173846,0.1214209949650563
838,quadratic,-7.758485857570398,-4.565671670021393,-1.7863619558754944,-0.29023796678249464,1.0674037244525816,1.7875965091935797,2.3908207019242127,1.8155466197730254,1.195739523564931,-0.26832188924022315,0.2083967722855588
839,quadratic,7.36373563541547,5.451538165137447,3.8365187549928157,3.040201592619919,3.0250477930078827,2.933616136896941,3.379725269087274,4.982416932201382,5.985389464785886,8.41316370159426,0.14846905158682383
840,quadratic,5.543927691565759,2.7354826829708774,0.871983989002245,-1.1839333269056862,-2.1086351325199026,-2.598695065465244,-3.2195205725270513,-2.5946268686956286,-1.4247765153691605,0.22081751079993378,0.23585847795438775
841,quadratic,-2.4316265757850983,-1.7271158913315137,-1.2809251331569744,-1.1113763369420138,-1.2070141792882756,-1.650554205225435,-2.342874910938059,-3.2651991083916014,-4.64319102785005,-6.085209546026411,0.037154685929790585
842,quadratic,6.123148247526114,3.7293252843523037,1.6572160500054176,0.030442535212055363,-1.1807225326976782,-2.0674286727067246,-2.5244381814591277,-2.626388019200025,-2.3037735651482008,-1.4933007832704464,0.06874312851573924
843,quadratic,-3.0878802173419215,-2.749304685580512,-2.543582057260257,-2.4654581920399155,-2.653590574674528,-2.9552682147027682,-3.4097886118605976,-3.9240400736528045,-4.684513541348062,-5.676137941380632,0.02643490746658766
844,quadratic,-1.1686057434376824,0.7255617901008282,1.5919503185239199,2.3375342724886043,2.6444773076080246,2.7548945485741045,2.2166543061254256,1.6321182928871996,0.7309491908743965,-0.8951067593950826,0.11356406211486429
845,quadratic,1.4608533352881221,1.0319626346823374,0.7546991342873576,0.4447991945163081,0.16533057758048447,0.027577883463863112,-0.1209898175534682,-0.2100346855138294,-0.3004946937333903,-0.17763161344077358,0.03540420894090033
846,quadratic,-4.754325594799004,-2.9402329296628675,-1.4236637938495291,-0.844714813297548,-0.649791736242857,-1.5991465589836074,-2.2537114424363027,-3.8392737996015285,-5.688886656817158,-8.911560144899791,0.24457565983777743
847,quadratic,2.079638537717593,1.195767462351264,0.3008494209073518,0.08715523883252155,0.13182191049277514,0.9970755089958447,1.8180737429675178,3.034358053832265,4.379385075958298,6.288725598287934,0.12497176319689238
848,quadratic,-4.704488902527381,-3.4935808515335793,-2.7539391506150577,-1.9278368627215448,-1.1610623644035936,-0.6612817507293755,-0.04788576051870881,0.21117719034786941,0.7808931019879275,0.8754680100570937,0.13765209198989542
849,quadratic,-7.339994120225152,-4.536745596480312,-1.9365843305493016,-0.39354151993605024,0.8018524338341835,1.5140763038465583,1.7519187656169877,2.1275260426847105,1.4789365181404857,0.5365539477015997,0.19580034350289796
850,quadratic,0.20107731632744474,-1.0788181594499142,-1.9367344885536841,-1.51324367368179,-1.30480263558907,-0.41465571864921624,0.657295653151732,2.8211674804199,4.833568693382614,8.164308766174509,0.29128600622896206
851,quadratic,3.5155064233016646,2.110377922072606,1.3909347331552913,1.2603085432559795,1.3347782091935365,2.2339852185084603,3.5270532589223547,5.501450567576733,8.145123381238514,11.207317519761638,0.11945775163990383
852,quadratic,8.783663731246614,6.597210823061352,4.902149179886772,3.6561884487007066,2.4849541066731926,1.7906370131836313,1.3134853161644626,1.3216294428051838,1.5066719548219578,2.2362184291846927,0.07339331556534136
853,quadratic,-4.345502678841482,-2.2006321391615495,-0.43646365890086763,1.052556640026535,1.7822029533255532,2.4101581540619863,2.330309999576437,2.093055737032189,1.314249480138119,0.02595725947172378,0.06622461441677376
854,quadratic,-9.794174954519452,-6.849476216595221,-4.96343932896969,-2.9229279502563066,-1.811943700756708,-0.7282634517935711,-0.4294344821421463,-0.6481476951746903,-1.0601877369834274,-2.107638776575618,0.21803802552283053
855,quadratic,6.356014890298916,4.429956895398985,2.305871853171355,1.2251497761480596,-0.2965984361439714,-0.8133053768919972,-1.1135230084356351,-1.248099162935335,-1.2376219671481041,-0.4752287462830352,0.17363954133608137
856,quadratic,-6.360291121263383,-4.560751486801068,-2.926862657488956,-1.8767026655921994,-1.1091761957825397,-0.9488926213431768,-1.179321669567008,-2.0281393997447945,-3.2662208896866654,-4.763884526930486,0.12478962290465866
857,quadratic,-2.42728103888337,-1.7991753736897782,-1.3250954390036807,-0.9868750124601061,-0.5782366428246273,-0.14117225803589584,0.0287780632588595,0.07897425182476421,0.3033735106525581,0.27012987403440497,0.06403236390802405
858,quadratic,4.0199014896998335,2.781696775735753,2.2632291463143024,1.6392261324047364,1.4926455310170008,2.971674432827293,3.5769377349196185,6.009659958703683,8.63691460466157,11.405218877881817,0.2766290058551325
859,quadratic,5.424570792288817,3.9268914196748095,3.0593746941532647,2.2442439616139085,2.0795833922194786,2.049527060843249,2.3983702600468697,3.2908309961636393,4.4463613812778355,5.931160029763641,0.11408617048653685
860,quadratic,3.0631490829934447,1.5296880493315774,0.03340820359857531,-1.2640462807453836,-2.074106802218086,-2.56482753870125,-3.511872870673057,-3.935694684804509,-4.210254567120085,-4.029330309153185,0.1139203858995852
861,quadratic,-4.1839455659307205,-2.195966511584972,-0.22246087580129864,0.1150639538255597,-0.37418596661542974,-1.231566378227679,-2.569545798450485,-4.829893342353378,-7.984568040015446,-11.397335993845019,0.26114664836302953
862,quadratic,4.828057742020937,4.209716047317132,3.680029140891277,3.3114460749690937,3.048714785179536,2.9103774336771444,2.969733224763515,3.0383692940437483,3.2288440062684103,3.633602243807791,0.02580601652618767
863,quadratic,4.110530566351173,3.388366133357273,2.86141890495017,2.6539179400749724,2.661371930628451,2.952937539922727,3.4816794786053658,4.401243252857022,5.51876177918786,6.822090691332962,0.06226133963873885
864,quadratic,-6.23768399532712,-3.7557173266496657,-2.0718365713738893,-0.7941755195278724,-0.594911166932661,-0.7302196694324989,-2.1948182306471304,-4.493551407333868,-7.048773225763846,-10.707240116392702,0.19010248422596307
865,quadratic,0.4845626230096705,0.3253151133844791,0.3442212001305794,0.4489345327212588,0.7001403705326147,1.0246813849998817,1.4926907927822646,2.1204517226708743,2.807270232220087,3.696520866385795,0.02294976687073984
866,quadratic,-1.1196925725454965,-1.235777391128689,-1.4346686203728647,-1.5717608464038766,-1.8429722195777132,-2.1794060498269743,-2.403488360118017,-2.8301315829206017,-3.2750439423598205,-3.707429568086797,0.03575306271047563
867,quadratic,10.620220822693305,7.450107252200024,5.1288001832877175,3.658131855862913,2.9172037392834995,2.463585639204081,3.53060619695149,5.132103812163825,6.829474399535899,9.675998236922302,0.2666693490032993
868,quadratic,4.638604765837153,3.047098048770027,1.705151756975978,0.8083932354162796,0.09555240267504184,-0.3445761940245175,-0.46732273536216173,-0.18512455101867442,0.4106311505767417,1.245085582804,0.054139006690292764
869,quadratic,-8.799167376346027,-5.358650976697854,-1.4526748762970425,0.11117772766409097,1.7319333663261998,2.5567140466452316,2.2850002796874396,1.5932119089575187,0.029750616326184295,-2.5207900794858134,0.24722948418876495
870,quadratic,7.346852645384002,4.1672393267561025,1.9365631501740632,0.44859724371919807,-0.3618051581099383,-1.1184864925471911,-0.9778417442445099,-0.2521671384046325,1.0083917524815267,3.20751410887914,0.09904669959477447
871,quadratic,-0.2015074490884529,0.803326111091257,1.301423724194481,1.1381353739638829,0.8635574140975447,0.05427027859982758,-1.382249345335512,-2.9041354943490845,-5.19145969019557,-7.445898639526764,0.21493606197659315
872,quadratic,7.7976295011204435,5.007104297941877,2.4600862299975135,0.9764070919960239,-0.27895481908663655,-0.8051257668813051,-0.2905415297804588,0.8036521555110485,2.5573012942756344,4.736447234835841,0.2699480756498252
873,quadratic,-6.0465935752470195,-3.7540057632065875,-2.0698150785143894,-0.8279268466763029,-0.303156876142626,-0.5464581013367239,-1.153557925032862,-2.453169105185139,-4.511744883022962,-7.264382173179801,0.09855347376770382
874,quadratic,7.462294399968048,4.30355388259111,2.080006769007825,1.5390022340043463,1.698431523257142,2.152335118827441,3.188064237146155,5.236447003066103,8.352038863349769,11.77204258252202,0.23646881503714717
875,quadratic,2.5616748582437356,1.7559793427251558,1.3461782049041229,1.25226614291057,1.4672098218515628,1.9228291766829804,2.900378356467048,4.224352162134681,6.192962252265249,7.665664858236652,0.14260243410449475
876,quadratic,-8.272436423701574,-6.039623957851997,-4.202073626492436,-2.867927797218452,-2.1787621590335307,-2.107406251500849,-2.362315223159786,-3.114089408088822,-4.36325958794404,-6.225369119144891,0.10516615030549173
877,quadratic,3.702926319320125,3.160419033073522,2.79235095952429,2.300103128578033,1.82280307904932,1.3546370458484953,0.6570044666290459,0.06291482946345116,-0.680676079355919,-1.379753129364707,0.06548557088457237
878,quadratic,-6.817727197194267,-4.741443438539254,-3.396087306309751,-2.6583613432361655,-2.158412449586483,-3.031944326486019,-3.849230529893142,-5.587483239887102,-8.245591356430836,-11.098051357966236,0.15138145548261453
879,quadratic,8.044006159627035,5.979015066320471,3.9561307026362953,2.914284262497436,2.40666789504695,2.6911471491491925,3.9561036513178367,5.224790168597134,7.834360881370374,10.739349538271512,0.10766576065987293
880,quadratic,-13.041397200730815,-9.163949000758112,-6.244713407667008,-4.208294196114812,-2.2577254665883575,-1.6829428122686596,-1.4311390642563908,-1.9514981198791854,-3.0209953464262624,-4.637697717898562,0.14141465620949067
881,quadratic,5.210355492415915,2.969207836645907,1.236732168099475,0.3100042103576096,0.28570889603101896,0.7329112546192358,2.539827181300114,4.608791445392211,7.700099885540303,11.833123882516253,0.1332975822317335
882,quadratic,-4.3234713497339,-2.061855591613396,-0.4508145498556343,0.7692296527133821,1.3762233188762745,1.6607388276427169,1.4783098417905096,0.7289203750576363,-0.6017438456200537,-2.2932253121381287,0.060241562455866364
883,quadratic,-6.9718566816183944,-4.391425055198903,-2.152229811627128,-0.6119435788823334,0.5009903171066385,0.6570810037803237,0.4220590572717952,-0.44889106170331805,-1.9208789586821096,-3.7529131620136034,0.12178259580334781
884,quadratic,-4.239429945298895,-3.403038551724345,-2.8801924942148127,-2.546757796468447,-2.3145382541131396,-2.40229987898127,-2.40052956020622,-2.7842398571631537,-3.365838649629423,-4.039364008170393,0.05064198945585016
885,quadratic,2.029927179774451,2.1914098600829695,1.6984303293820169,1.2437379491681866,0.8256306845181394,-0.09787016359519207,-1.3829976487996054,-2.5157302218924427,-3.879217565748526,-5.409416246701296,0.24477704172236758
886,quadratic,2.273484342604504,1.1825319781798935,-0.43493964639418464,-1.364130783003622,-1.8517960434853564,-2.819633765730283,-3.2690344818746584,-3.602798516051958,-3.277114444858634,-3.439798185219012,0.1328946572813916
887,quadratic,-5.3639877780230165,-3.490522031012426,-2.0800647682554034,-0.7495086884600369,-0.5729122876634265,-0.5901735524464036,-1.2134084754329832,-2.5189524704138107,-4.707984798329486,-6.673186399699844,0.14077372279516487
888,quadratic,2.960374449066572,1.6355522371867848,0.7724471594312964,0.05580678004347493,-0.4072037773590055,-0.9333334365956385,-0.8503382897485595,-0.8270425447911947,-0.6799348836917518,-0.2578769502483774,0.09636145862140193
889,quadratic,3.804201138937771,1.463989208994885,-0.15594490320214552,-1.3915632580354211,-1.8813992514619178,-1.7566510942636837,-1.2271135085417089,-0.02488769421234082,1.7719783319480147,3.9602098869328493,0.0985395026100053
890,quadratic,-7.35934418440347,-5.221708181850356,-3.914890148004869,-2.9539875996139267,-2.6637435354492167,-2.7778987923707374,-3.6189454401161223,-4.6965811576011784,-6.5058294581974465,-9.031236922083357,0.10960287929706558
891,quadratic,9.370649202299488,7.322359842009216,5.5538189885479845,4.3380076354546935,3.372519051644573,2.6531048057472826,2.307853054938257,2.2694641105572972,2.560722199427899,3.2916974292786656,0.05016055836042352
892,quadratic,7.747532683763414,4.773953524837404,2.902455536409829,1.3935904500566285,0.6001684480903121,0.4469252549543849,0.20102794685117242,1.3141256254892482,2.347487108847109,4.613076320218725,0.21527861438607665
893,quadratic,0.03721571997955345,-0.007236677586997177,-0.3537558525703285,-0.98190510157352,-1.5507181912251287,-2.580245237072605,-3.4803581533800343,-4.646413821999073,-6.0465446966593825,-7.650013463921941,0.0816576541440181
894,quadratic,2.6682933041680266,1.855432666105002,1.2580031516244277,0.9993680264099449,1.6426635892686214,1.8500103012766578,2.8623213706657458,4.281728955867189,6.042557677316785,8.572652635419455,0.16387698231537298
895,quadratic,2.4261245646309533,1.9545151354432442,1.4484234083141632,0.6927518615574174,0.11049941568056293,-0.7380942023569828,-1.5653807112807887,-2.2666643006186553,-3.355916613346978,-4.261305285332805,0.10437764272039397
896,quadratic,5.260837257830514,2.7857810216611085,1.482002432190644,0.4639673868540469,-0.0616207418385705,0.29150504423385337,0.649502002103141,2.3781277688450375,4.223251194677318,7.49067207887773,0.20969171457711633
897,quadratic,-0.056617545212624396,0.3114598924928451,0.8874409029634958,1.4155367147593318,1.9478072636703518,2.455353866874304,3.0832949582728686,3.743594829204282,4.4467830785202365,5.187774147906224,0.10732986128112583
898,quadratic,6.272961634402791,3.5276692444915225,1.6804782617310652,0.7646671821910559,-0.3030051206924932,-1.8142382973430666,-2.064461186401326,-2.4141931035754856,-2.2971282312043897,-1.760995696135165,0.22612587648199348
899,quadratic,7.0763881920385305,4.326020655055697,1.898573499081108,0.1551998463827422,-0.9453620900292626,-1.5554608461086346,-1.4668755341168416,-1.0231826266494017,0.11326523084081933,1.962891738196103,0.08348887473859794
900,quadratic,4.617595078234922,3.1807774566483027,2.376513239326245,1.2205601639112784,0.7339141014391177,0.04914037207198582,-0.24127798352713067,-0.43563830207780685,-0.6947950112214617,-0.20409771426543782,0.13808939507349405
901,quadratic,-3.4618414967298383,-1.5025126251307341,-0.4960798876858098,0.19696919900948873,0.2221774355647345,-0.5400852283621277,-1.617602170549155,-3.648315689282862,-5.1729481042288015,-9.01439443678559,0.24336157141930567
902,quadratic,5.972234814089296,4.422402949704417,3.6366117375458638,2.7121825153308023,2.3098644871345893,1.824812116887735,2.0383844971829004,2.2920583286073133,2.9701779162428155,3.818856122198889,0.07586952166090562
903,quadratic,-6.238802110906671,-4.326797181318527,-3.004798020557059,-2.187079012212241,-1.482603204105989,-1.0859155455069942,-1.5249975002103342,-2.821340360448807,-3.67309169454265,-5.211066281897639,0.11507089314664357
904,quadratic,-0.7691008959232852,-0.47762626898386473,-0.9279528769860607,-1.4423336087156113,-1.5790505034624047,-2.6545003888733323,-3.2284981606020944,-4.102115790253376,-4.633493434681715,-6.243656264337231,0.17169061935996655
905,quadratic,11.96039510445103,7.932923101072453,4.643455223700555,2.15213654656199,0.8839624532311662,-0.15774298548741958,-0.209000166153664,0.5859912320477391,2.029567394315532,4.45368820998839,0.12300366585589412
906,quadratic,-7.258440966889021,-4.586439335166265,-2.850770910396957,-1.9275689547182095,-1.7147240503347454,-2.2075461186231475,-3.4588776447538128,-5.750235860557648,-8.554656888486415,-12.129954256011064,0.08482331751530527
907,quadratic,0.893334903354236,0.7888585882283576,0.8636545905901003,0.9230178920359605,1.3132606331804337,1.8504632955302496,2.478004144514895,3.1415083562218116,3.8298836234420555,4.925429680083048,0.06654297792298933
908,quadratic,5.819618005935076,4.768411889006569,3.8362136875587964,3.185373710538435,2.7485309835837892,2.5792136159211725,2.6427581882329103,2.870625405693627,3.428305201990888,4.326959601116577,0.07914608926855608
909,quadratic,11.335788991106865,7.9275210019291755,5.007898883738678,2.8661838859072715,1.255109945022073,0.4776943375912578,0.3002154351280955,0.6216229990224241,1.4742477921757096,3.4995671256881273,0.11888968699114033
910,quadratic,-8.751327167774125,-6.852482132274803,-5.579035244409491,-3.649448915944036,-2.772555465845387,-2.1782921627508465,-1.969780004369437,-1.964455653936773,-2.553367396528394,-3.7465245476405618,0.22220302656780958
911,quadratic,3.3892340175363427,2.7035307125316557,2.3922617305754184,1.7873172493309986,1.234585735318134,0.5671195121334454,-0.014381600743735637,-0.6181422617404715,-1.3090063310635862,-2.186838795181078,0.11821523566235718
912,quadratic,-9.297042481358796,-6.4372928208893905,-4.045722947095227,-2.4016430156744413,-1.3269332402686869,-0.5784362453601577,-0.6426298915702973,-1.4802448118981444,-2.636359285077754,-4.245294965758369,0.07900038013499028
913,quadratic,-7.32638822528625,-3.898995488268915,-1.8581861174500918,0.30166875318336256,1.0387029470842633,0.9647920778924999,0.7194602134142982,-0.30302759959269315,-2.8335723406185385,-5.466323755362022,0.19736323670664735
914,quadratic,-5.75050790100131,-4.609375853374567,-3.778563300897946,-2.844535463682577,-2.0071184879284303,-1.3910255967752576,-0.810430522826985,-0.3575766045466583,0.018742634765230637,0.26488659401219516,0.03954416675025564
915,quadratic,-2.427655963524507,-0.22753765988354366,1.3778222153496529,2.1594926587641896,2.268422223523429,2.019350512265172,1.0770368234662524,-0.8771025316224642,-3.457937550148867,-6.479529758675717,0.18153971517491385
916,quadratic,2.790267144347794,1.2627854848847968,0.16901753212857382,-0.5861559506593982,-1.0355971658642042,-0.9962226704196034,-0.5812939458760903,0.2760326010472882,1.4452724965394164,3.0301388801711098,0.04023793288322882
917,quadratic,-2.5860317050606585,-0.9462563696571893,0.26707401002446673,0.5533638392749939,0.6912975315631481,-0.0764082618434158,-1.1946848337864868,-2.6469475226106023,-5.0060179690672095,-7.488336831359174,0.12660692319180003
918,quadratic,2.84088678810791,2.489281615184373,2.0639014481299314,1.8323035348885912,1.618553702863046,1.496564028499983,1.4395095268548437,1.4353172265674468,1.5757720831685142,1.7185980353393262,0.03844043078580651
919,quadratic,-5.409982512034244,-4.13580730723086,-2.846045053637865,-2.1443643236232566,-1.5860424222420664,-1.439589141771221,-1.581835303644699,-1.902619382655795,-2.6249856118156667,-3.7973037321721224,0.05227947550471641
920,quadratic,4.148162268334416,1.5753172299872418,-0.43235304182833023,-1.1732390146701475,-1.2241929386429198,-1.4182156623981412,-0.29021614345161784,1.315981987312882,3.302233326069969,6.169742665001014,0.16910900895977996
921,quadratic,0.6675555926121364,0.929084442054877,1.2602539007413658,0.6287141068120239,0.4169445986514041,-0.5838278897111666,-1.4054883634166382,-3.160032481291636,-4.543600515474038,-6.4912009482010244,0.14801987376898043
922,quadratic,-1.2334196292277513,-0.15158371239081808,0.8869412732782926,1.6420070825962019,2.2156787235620063,2.5400465246229857,3.068035164851096,2.9526988296421828,3.0945284643535778,2.6588291079402486,0.1273827271265091
923,quadratic,8.0029158974085,5.887329910288828,4.4070413822450165,3.130995624876953,2.1511763035268876,1.527673975778089,1.2896975841467606,1.3524621771666958,1.4199552614535456,2.3107236341918185,0.1353791778308152
924,quadratic,-0.5649069282317275,0.6528508554456587,1.1601446553807735,1.4466629319719135,1.6433488882965135,1.1953018822336952,0.4748277054678436,-0.7016670808002767,-2.2379038387496317,-4.040397397304827,0.08007783319458803
925,quadratic,0.5078092484843303,0.03505018870321595,-0.3855184407313362,-0.772350685024503,-1.1660444969629866,-1.4537284678436615,-1.7249833400840944,-2.0884993354933665,-2.1341127007342418,-2.3134564007875404,0.048498467757168845
926,quadratic,3.4464193887162113,2.771443576676769,2.440278859777359,2.2108261299237872,1.5495984004397425,0.9720936688122455,0.6657478999169256,0.05055237549949734,-0.6479584042200227,-1.3384015409891659,0.1476508899819612
927,quadratic,10.574246635672155,7.704372163082775,5.527567146797513,3.9342097787400006,2.8513547089456472,2.5599428183989903,2.579394415406445,3.3258535193916923,4.98257017249957,6.938829909700211,0.07906583855112537
928,quadratic,-2.9873599330080243,-1.3974693458996879,-0.27200929110577565,0.4385943561836386,0.19972069355771183,-0.9939543755104079,-1.733718625509704,-3.6509135197229967,-6.0680810824304405,-8.985664594430984,0.22483563794523512
929,quadratic,4.172051033661676,2.480230268341351,1.3774415255959982,0.45620409550742924,0.023997629094810013,0.26355836484006195,0.9845820593667767,1.735076640590448,3.1247853202002056,4.636245936600484,0.12232240547283416
930,quadratic,0.31898954943777125,-0.6917324891525732,-1.3591175037215406,-1.798487337858314,-2.074494501772961,-2.0744273078113955,-1.7783420484323946,-1.2224250920504216,-0.5332956519230706,0.5455213782561587,0.03664487913273189
931,quadratic,0.4308478850123848,1.0306238876069094,1.6433527120321132,2.1397470881410046,2.4810036550756673,2.6983146062827705,2.86339318112808,2.9387954359138524,2.9221396961990758,2.784591997761864,0.02361355771602349
932,quadratic,-3.203631186704807,-1.3326478999436588,0.204765325807185,1.2718680837801297,1.9619388520994872,2.074873553415842,1.7144948286726291,0.9525176711907191,-0.31867571623241886,-1.9856160918414067,0.045785813860685226
933,quadratic,-3.481942373250946,-1.958052861345316,-1.0609189958255107,-0.6899356249149309,-0.46639604618336394,-0.9411983966902207,-1.6484511501196772,-2.895499594786858,-4.56267344827682,-6.679917804634115,0.09670729237767296
934,quadratic,-8.183170420383421,-6.20193461806767,-4.8068321325874415,-3.8756801136570664,-3.070984236174486,-2.613458218644305,-2.8389003435844264,-3.2017202235956663,-3.8510928184510185,-4.75003821650776,0.09530821064334166
935,quadratic,-2.6114301879460653,-1.2717695334792252,-0.10928269879870231,0.6301113389350842,1.455739326709289,1.9382134897508123,1.9539110192545142,1.9306141300322626,1.4666233811728533,0.728068039495544,0.11752429151830608
936,quadratic,3.3073768244312034,0.9798537709285835,-0.8923713303554748,-2.0983558511492686,-2.553346112398733,-2.1755711393438677,-1.1322524939225052,0.4247415558484055,2.8134794630303475,5.762621744126011,0.08270801725467983
937,quadratic,-0.8140852525888562,0.6408347351915424,1.8260839320719344,2.503318395779725,2.815745620944231,2.618073033589754,2.02024129488718,0.9192096355135303,-0.871155447624818,-2.735351884263869,0.15848363795115306
938,quadratic,-4.731651648157713,-2.6302265297203067,-1.1511194317449267,-0.19772672768468377,0.178805557109994,-0.09241906071600128,-1.0476998110619116,-2.1837388951584065,-4.243866578055007,-6.805015520311713,0.052566754035574176
939,quadratic,-1.7482736262409095,-0.41398436550050066,0.5175178937335623,0.6750651797345302,0.5811887326664634,-0.17422446228206623,-1.1228627138305702,-2.529856147850069,-4.5496040519117935,-6.844530911224382,0.12375714493581814
940,quadratic,2.829521656322035,2.496285176104332,2.3231770812522887,2.229839914925493,2.2289347642720028,2.355526768817045,2.5819680097086493,2.9082987281965247,3.315163629395555,3.8770199944992956,0.020096370113541945
941,quadratic,5.006341306335782,2.8680689095379326,1.5153837335278542,0.4098100953028274,-0.24323289458703037,-0.6214350187332364,-0.1554526524642837,0.037336110305883935,1.4938092941013354,2.79055457504133,0.1450992815955337
942,quadratic,-7.848684481206363,-5.307466320564641,-3.741050835566309,-1.8324076691947475,-0.8405638694684846,-0.02710864208834625,0.8595645263974049,0.4932605514472394,-0.6648948045043583,-1.2476283659924496,0.1924693716881662
943,quadratic,12.077006505169619,8.660065777735044,6.189611463955773,4.108560598029427,2.5562439128024006,1.9076475138878455,2.1803363105078657,3.240736593862173,4.52017633689455,7.202478349266137,0.2573292753246721
944,quadratic,-4.298557334668233,-2.3316434060567484,-1.5496001813535507,-0.17378744360109344,0.1897299601149924,0.48941711732504833,0.4897050324351621,-0.019711919857160462,-1.0190986185699644,-1.971758930916617,0.13322051399386764
945,quadratic,0.5699706814453436,1.1432499250103278,1.734155855729793,2.1574601021376423,2.7107198936504324,3.1495687726651087,3.496237610575215,3.939389282262174,4.1946506553120875,4.4370971118652385,0.0524420601883232
946,quadratic,-5.266435530461146,-3.7858863590120664,-2.7805699695107933,-1.916036099877397,-1.4177601707478988,-1.39032963315227,-1.824347210238402,-2.4262236296633204,-3.6969301599920197,-5.137974854804937,0.11726017976956457
947,quadratic,-4.500876207840459,-2.3964046350307195,-0.10339466562117378,0.737856114345263,1.4083686556956643,1.754732915276626,1.3892455787237097,0.38900320922661025,-0.4882446188523421,-2.8897749981593077,0.1705013745511384
948,quadratic,-8.294716923385485,-5.137610513996256,-3.0209593270659223,-1.3138928955853035,-0.2567258173017231,0.17901190935182565,-0.34363911347385623,-1.3359698530195365,-3.1072082276527024,-5.420031627211183,0.08368086268230981
949,quadratic,-0.47776203247409205,-0.43707948396940477,-0.451475917338586,-0.5180590479069817,-0.6164048715596299,-0.7413007574557187,-0.9069139674134722,-1.1367804137310582,-1.388281873445521,-1.709678895803941,0.014641070990249107
950,quadratic,-1.2998201494732176,-0.684921247027879,-0.22748180778727378,0.22310061866127495,0.49254964021154213,0.5702559938950607,0.6664308596463073,0.4653500924613634,0.23144271369076524,-0.08528859070162985,0.031492010691824564
951,quadratic,2.8500605539795294,3.213592400694663,3.202633594706443,2.8937171786735587,2.417185216096583,1.959108355890095,1.5163157260995928,0.5442568499633857,-0.5666096548061643,-1.6327056063339103,0.09098709146949129
952,quadratic,-6.155679077019549,-4.672516748684421,-3.528646800751926,-3.0366009615035607,-2.480191910563981,-3.7207519946593157,-4.213561505342035,-6.665312297541439,-8.590479513189317,-12.119161206650636,0.21918647965467083
953,quadratic,3.9602944434229537,3.3587330361411234,2.9854335556673557,2.795299538723503,2.785256319732414,2.9477562790395515,3.3701958012947015,3.989998092099336,4.754374389305379,5.733703992886184,0.023532768396157127
954,quadratic,-5.93558904088988,-4.079470234373032,-2.319622010997829,-1.1553842388049835,0.031222941034325352,0.9004813956192701,1.2507265841354653,1.6256104111685084,1.514399923822423,1.4820492692366338,0.24400347733558111
955,quadratic,-10.165726048091189,-6.6064878482976415,-4.20811079242194,-1.6883415537498339,-0.6356772213574918,0.18154234152602752,0.2558243110337849,-0.4993348394320705,-2.1996313187010124,-4.830583321141929,0.27643391078626456
956,quadratic,2.57680665121719,0.5574333389638229,-0.5302166875669307,-1.2334856118037254,-1.2049782126007882,-0.6889827162438449,0.7198042448366111,2.3342229475671368,4.742617175774656,7.59755679393887,0.20095812543964697
957,quadratic,-3.8328964762417526,-2.9001438086627,-2.289831779259753,-1.5564244600146107,-1.109644207795582,-0.770608642606808,-0.45247600937640453,-0.15800946835710913,-0.23696641003339808,-0.5846698665492731,0.0973699102917903
958,quadratic,-2.5873484208589157,-2.0698379034373224,-1.503641648224072,-0.9929945385127185,-0.2500628402014786,0.451158630803145,1.2464402328198179,2.4135447827087324,3.5663744607789956,4.282946911577553,0.161557068029793
959,quadratic,-0.6793918287302249,-1.2393271502009084,-1.6992362367501097,-1.3813394967679233,-1.2447840499573035,-0.5577489298836849,0.06823571489750388,1.1554693794749995,2.365026024084809,3.928624423220381,0.1079383094827929
960,quadratic,5.04910674032831,4.671958264375147,4.493415619901747,3.8619291995389418,3.198533891222807,2.404261200716462,1.3752550422006937,0.2957033728278156,-1.1186522355802369,-2.4630439102806463,0.07965232344051358
961,quadratic,7.137529896071283,3.7261525812039205,1.040751845344485,-0.9395774137371861,-2.4629999879239555,-3.3254361810650703,-3.6694978903106774,-3.205883871542724,-1.7802124466318066,-0.4759848945566129,0.11864293475374592
962,quadratic,3.6132144227973204,1.4602229062829013,-0.2717650818673292,-1.5071248151066308,-2.1977839107207493,-2.2395650875212403,-1.7335225748755254,-0.5541447000704145,1.0726612162115932,3.1461698285386386,0.05939686107268965
963,quadratic,-4.2387256468821395,-3.260237777118169,-2.4371192732520495,-2.179094025490108,-1.9318087528336978,-2.5425913583006325,-4.158002835528469,-5.958804235289054,-8.246145570464213,-10.825501978035014,0.22059443868733458
964,quadratic,1.9263996513770836,1.2864410207383012,0.690557936181,0.1483820093879201,-0.2521287846316325,-0.8485982019790177,-1.0000261855735633,-1.4172288546375011,-1.6537171551511929,-1.8610096702486407,0.06666996185057943
965,quadratic,7.118651958559372,4.303245458655871,2.562915471690013,0.8631141250344917,0.62521068634542,1.0100269463943345,1.634227699355597,3.0539701664400445,5.292700947248928,7.824914671808731,0.1557536353764946
966,quadratic,-0.12416553928161118,0.2572524653336744,0.6259300631435206,0.8383295673308137,0.9478631831753753,1.0566757723154143,1.09585466333317,1.0210675258982833,0.8876955027452837,0.7554599476628018,0.026033601913021117
967,quadratic,-3.8040278087352726,-1.8131119784406644,-0.09311478478274242,1.279938411034229,2.304335821284208,2.8319693402748998,3.6522438329891322,3.6857406031342084,3.3090476600128285,2.96652970938863,0.09346894977635918
968,quadratic,-11.352427359386823,-7.813227934594858,-4.713454677108787,-2.7180189653915163,-1.291769548023968,-0.493192716673832,-0.6521303251023662,-1.356412751949991,-2.7140354751060807,-5.075324407618947,0.10963457673851701
969,quadratic,9.339980433983532,5.84460831266296,3.8710471854198367,1.8596874347818142,1.0351400446235035,-0.0422374465901324,0.28151467431045357,1.725923811134801,2.884016213042076,4.6878403804828315,0.2555687705106709
970,quadratic,9.974816672587082,7.02252044939643,5.344307117389274,3.6071826352880016,3.0430679609044873,2.8450901349775153,3.930211461602395,5.645744630263164,7.860199989774402,10.909129068436888,0.22012009915869424
971,quadratic,5.055928725528342,3.50173199402577,2.076791929331499,1.7533804355821982,1.96109660493046,2.9613199273674207,4.4688362370782135,6.389799373489988,9.257351963419268,12.24619227344974,0.2285714048774541
972,quadratic,-2.7529233396138326,-1.9750859472784836,-1.1958807944449834,-0.8567424151346081,-1.0464330442522267,-1.1468938316251618,-1.9909637615217575,-2.852255801791908,-4.077408855865615,-5.772292596929725,0.1196327741907354
973,quadratic,1.9704999370647969,1.5989160496498918,0.8874415018006219,0.30845944898209104,-0.14407795928543518,-0.42170153930193943,-0.9166208891805149,-1.3301148295433725,-1.4832636493975,-1.8396526957951995,0.06961941094501894
974,quadratic,4.327840272830326,2.8760412823359465,1.9117734660960797,1.8498605603601685,1.8001271296919652,2.2917911305376504,3.049370180841551,4.753367348257289,6.958808638949143,9.749353164210218,0.18036474836564137
975,quadratic,-6.955970759068587,-4.744680629706262,-3.5430552931154207,-2.7384366277653753,-2.7182372205196788,-3.312698008877207,-4.4360209533869766,-6.314955337431137,-8.894657540140699,-11.988417342660854,0.12716908130649157
976,quadratic,1.7253643300445443,1.4283947024839088,1.550768195981823,1.5924353288420063,1.990472867992543,2.9493244182272718,3.880289733145914,5.283038210745061,6.819287626587831,8.88347706333754,0.08922022491120353
977,quadratic,8.789052608805482,6.382421159673414,5.079093862820256,3.551766678974298,3.083108170549223,3.3495908806101165,3.3216611816073507,4.390403681167639,6.168361100367967,8.62235842757929,0.16634943541556949
978,quadratic,2.8974069193638474,2.4430081571667346,2.0311041559749277,1.4909044142298358,0.9024558184269555,0.2898806887129913,-0.3005831198783358,-0.9328005073701662,-1.6198920253929592,-2.4700061648453553,0.04891147240447637
979,quadratic,3.25372048539585,2.7513602735606884,2.318399008543031,2.1535937196467194,1.7965443472032765,1.7001621345656082,1.5874379559513865,1.3187551733737835,1.418370761379711,1.4921653453635204,0.061593666228441986
980,quadratic,0.29479743722648727,-0.2710910031785982,-0.8270196521787736,-0.5927445520429486,-0.1921222173246061,0.33278005705674374,1.202513076451086,2.310659743259279,3.687191126807768,5.5080210953120226,0.09169253283975083
981,quadratic,9.385016664415609,5.847899383076325,3.007807475820604,1.4389413932898214,-0.0255137031938322,-0.7218752264516486,-1.2828217114853255,-0.16753293959369508,0.63887812509022,2.071590999771767,0.22174653194388735
982,quadratic,4.363693291694113,2.9293048619493325,0.9753412550081058,-0.005097772068686612,-1.4753112103499513,-2.0854386206290547,-2.408848960701132,-2.626928032585107,-2.4546175699626134,-2.3843275361530267,0.18878755581984083
983,quadratic,-0.42092193168264974,-1.201573815357388,-1.6269095995578466,-1.715409289632952,-1.273226971658211,-0.43749920578021845,0.7439130040216673,2.503091349043294,4.465181205232958,6.817642980493484,0.09007991033171428
984,quadratic,6.692301586923558,4.498902471990502,2.719946509018776,1.4500234851980667,0.7864578290042277,0.6360932682653744,0.954566087813001,2.015073005414567,3.232250750193024,5.046753170100667,0.10501182025548826
985,quadratic,-9.756316065857035,-6.410490022236425,-4.431538032103785,-2.782344704610107,-1.8432670451620656,-1.458406232226241,-1.630843233472662,-2.0891671652645316,-3.028475198589435,-5.1771917173249,0.21770290765983252
986,quadratic,-0.6871765320259635,-0.7047424506756959,-0.6140509930335654,-0.3123732367987836,-0.14062338097672,0.5092331818702052,1.3870856843945063,2.2512536841310293,3.4598199119119117,4.705802367963787,0.06920516809977877
987,quadratic,2.9761229486640595,2.435338066992055,1.965896756298104,1.7907628652971774,1.570074093834771,1.4478413928663407,1.5579025235852992,1.6275596735286932,1.8427231804704123,2.3468032410219695,0.043116910995880796
988,quadratic,-2.9868469440832355,-2.310968071518392,-1.8810407141992393,-1.8906814324284698,-1.872172481094076,-2.4904577707297206,-2.774838843256229,-4.090140229163156,-5.1775509170102385,-6.794543296397015,0.12521473713608183
989,quadratic,6.735663890113816,4.55915936689278,2.9926116924484547,2.03670767274242,1.3081077062848672,0.7964441620772572,1.106741609015282,1.9811023643833188,3.1379916932449423,4.576630937874535,0.14260792824967652
990,quadratic,-3.2784225673450167,-1.7897300459015366,-0.508003836509705,0.7110215593683721,1.6747801401239872,2.436142400395963,3.1314783823087167,3.9217303607893204,4.334785653009393,4.616264458625539,0.10734416164560784
991,quadratic,-7.752467798000061,-4.347167552249242,-2.0088238326038885,-0.40224845156391037,0.5819729284833203,0.6692744139165687,0.5496172127803184,-0.6408552540765123,-2.6413658208054676,-5.328990931336266,0.0824493326038642
992,quadratic,-8.96210601435619,-6.624682948623424,-5.035461790109316,-3.725478368727128,-3.515377814025513,-3.081587681465869,-3.1198376012000253,-3.526620142098602,-4.527151460221844,-6.52911039679475,0.18507579470254096
993,quadratic,3.08223509591365,1.558288113152333,1.0806155078750304,0.4713027881116545,0.14497290960380713,0.48060677473449626,1.0661744216782145,1.812356769869339,3.1133709735606887,4.624402210988567,0.1096345882859732
994,quadratic,-10.12159809856171,-7.25372050977519,-4.7970450511403895,-3.098273943333659,-2.082884668532349,-1.5833216607764746,-1.7676095961393676,-2.4646219894369814,-4.00829238304409,-6.048180585891857,0.05409847485849084
995,quadratic,7.0698326486296885,4.552668022032835,2.8403335699740953,1.511938100750994,0.35633269177310045,-0.21958180688691398,-0.4921291933289782,-1.1861894042653771,-0.4827724380699751,0.32060976124038515,0.21295432046118407
996,quadratic,-3.02598540443457,-2.9514596544045983,-2.404192193787084,-1.5793208037447142,-0.6785632674136223,-0.13590668583832224,0.5784143218396873,1.2715579573447138,2.8722032651444,3.679101882834389,0.18397990795706826
997,quadratic,6.9496706690276095,3.626202517579314,1.509471223058144,-0.15155606041980102,-0.5097480227549378,-1.2308862093007273,-0.13097500132714984,1.4198390911898453,3.535584913294684,6.851979954801884,0.17920356075780633
998,quadratic,2.079895240806527,2.5476771547348895,2.4957845753654633,2.167557901978598,1.632129754665729,0.5008082023150369,-0.4576552721341927,-1.9011826857850231,-3.794001449171413,-5.58137028674514,0.07921664328576213
999,quadratic,5.108371401414533,4.250944691335544,3.407597207097968,2.7598445012067723,2.0235352200598893,1.2688224887430173,0.6710942686164667,0.11253982258956037,-0.4810437542779775,-0.9913155340646272,0.04808289001459677
1000,quadratic,-7.520813455468186,-5.661322627664308,-4.361368923836944,-3.3665527273187337,-2.5770586737087475,-2.4373230464260525,-2.630208943080196,-3.311049127569641,-4.219466679794355,-5.483351500383225,0.09506404954381524
1001,cubic,-5.543117677065733,-2.5379200026740496,-1.302706324065858,-0.7814041445016041,-0.13507586844111377,1.130838172530612,1.6392768943433094,4.493520970402048,8.704675681980056,16.484667181089325,0.2947955614925586
1002,cubic,11.751195121508015,5.396687256640805,0.8359627299637209,0.545195853161534,-0.19029174125595802,0.6387410884935243,0.38317168021204456,-1.520119217168675,-3.240209045638544,-8.18257315829863,0.43482505256923526
1003,cubic,8.633192359932817,4.8341248269730945,2.3470030719655757,1.1733753332474575,0.9596800796575842,1.1367531868972527,1.3543418621841556,1.536318252372876,0.3176348549456811,-1.409042959039144,0.13032197893481723
1004,cubic,16.11561920883141,9.084027955697767,6.363332752210184,4.253400679363602,3.768000428796762,2.938703442430133,2.3971807045813027,1.399398275444515,-2.166140433840547,-7.166703884360167,0.4607480481179021
1005,cubic,-12.159850717037347,-7.850539003778621,-5.450085512419353,-3.73822785598851,-3.0124516543453206,-2.7687324996330824,-2.7276205971145915,-2.622068205651503,-2.1258972072733857,-1.1846191852356143,0.1642972411724668
1006,cubic,8.472955725519139,6.567928504261976,4.798929499808471,2.9979934473238123,1.7836605907783367,0.9906931518187833,1.0086793067266198,1.8583685753217773,4.903394454357504,8.759357682149806,0.2097682686010377
1007,cubic,-19.840821916918053,-11.250466582646123,-4.802860826669464,-2.903371018625667,-1.359722538288564,-1.4655125308887937,-0.4233047271893368,-0.5444346237796809,1.2206003916092738,4.82017636506966,0.4942863195763724
1008,cubic,-6.312103322714789,-3.1531649110521913,-1.1894006950758398,0.5560459911704704,1.1523471911903818,1.5962970815319748,0.8496831096540723,-0.404977349386079,-1.4487687949755887,-3.0012620862849673,0.16463234851574887
1009,cubic,7.290665190914051,1.6409187454908727,-0.6690256635294487,-1.5557662878022733,-1.5764641862305837,-0.8160324782516275,-0.04819399465167745,-0.6153531264316527,-2.5196291503152444,-7.054799831161248,0.195221864929978
1010,cubic,5.619764777374972,2.6012201596167346,0.6972092843189016,0.11075111363959841,-0.02633422297233945,0.4745418063864498,2.032046130252588,3.402907312859229,5.310659032099743,7.333073361764448,0.10481575046553729
1011,cubic,-13.021733165637189,-6.922400131921096,-2.761737798019062,-2.2145360560688028,-2.158993231223192,-1.6772163261436073,1.2978982488984443,3.6082720843897023,9.966171444333598,19.975141306798655,0.8499170950821919
1012,cubic,-6.633502251028283,-4.438555103900468,-2.842179525438168,-2.2466065320398125,-2.999258955572694,-2.5567897966517177,-2.7430507869349117,-1.3127560564120038,1.489584706225767,6.180265265710507,0.3035346854838418
1013,cubic,10.97387821693207,5.333455049681882,2.0883187356268538,0.29967990106653003,-0.015287947894423282,0.5556417129475005,1.6041559891773158,2.3630027905124487,3.6590053071985222,4.027368148115134,0.16549816878153836
1014,cubic,7.917628308375792,5.57461604577106,3.9150511413693185,2.6400351093511514,2.1125739131359267,2.055631791875668,2.2350068067858686,2.95801726683721,3.6444618841126157,4.793810755708244,0.07919225881631872
1015,cubic,-15.94978908999765,-7.344567604527355,-2.8244365465203383,-1.4027538793852012,1.143897172109673,2.0815045190622534,3.4844428239755696,5.1008949319727135,11.427093390499277,18.446496617032025,0.839581331092631
1016,cubic,1.8971084626650037,0.20948880989221963,-0.8282271058569373,-1.0152317225050134,-0.8427494354426469,-0.09663142910649201,1.254259615450346,2.947450453589725,5.267093163591372,8.083588965219823,0.21057583311445827
1017,cubic,-10.095079381298696,-5.858013289044186,-2.4240725105116887,-2.228994280034387,-2.7467978726866527,-1.312927874166935,-0.7374899633874641,3.646787298314319,11.07393568279137,22.352403593642627,0.7073773136995531
1018,cubic,1.4550231128391924,0.30346250843523925,0.30192101092422624,0.08620609068400971,-0.2467902422989654,-0.48634434109089214,-1.183828588967094,-2.981385063685568,-6.000550024901071,-10.052853499629412,0.1328707624508673
1019,cubic,4.296974055972601,3.797897858928039,3.1784513099095735,2.475943529023186,2.183890857607256,2.0402391076885067,2.2312038407373262,4.157488980338396,7.103572488033905,11.41912658495754,0.28501464109475133
1020,cubic,2.5770304314020116,1.8280475880683,1.3403388432680152,1.1373571679248267,1.4972534372137227,1.668176020479378,2.5213236055830084,4.038647116209617,5.481066532559903,7.880842643184218,0.10467197142585016
1021,cubic,-7.364407725257361,-3.376851313854694,-0.5696868662485077,1.055218867767547,1.7821045373365514,2.4741691341094834,3.3888837185777323,6.244850556589929,11.31153988481483,19.240107025857654,0.29966753371206245
1022,cubic,-2.0668739919359727,-1.5901764692934561,-1.4321121852050465,-1.691924642681639,-2.174326866291354,-2.654030538873187,-3.5561003579307298,-4.5024128021652725,-5.60006675673266,-6.608974634345734,0.05536035327822303
1023,cubic,-6.93221197430487,-3.2247356002123624,-1.6684514371499461,-0.4258122625794457,-0.23332332527599015,-0.16692183338490368,0.4044588543264769,1.1425582225679152,2.997811342713198,6.573662465032495,0.1735823118172423
1024,cubic,-3.6192043155666833,-2.123037111152597,-0.9380550703829121,0.041551150372761816,0.43492902015798734,0.4957983638310794,-0.19916333269800285,-0.9933712644092911,-2.844111559445934,-5.287431274481323,0.17405438933516834
1025,cubic,-6.822718040038777,-0.6259155556147399,1.810192183489844,1.9806107885370245,2.4684101301047923,0.9642085428608448,2.5391958153549465,5.112249677223174,11.931948639508253,21.783359856721614,0.27715310426689077
1026,cubic,-10.74233982023501,-6.076467174088458,-3.2680353728529865,-2.028866657421605,-1.610657843310306,-1.3182964919048012,-1.4739163321821487,-1.4115423882298814,-0.8018930143370244,0.9971062127007257,0.1618512560620966
1027,cubic,2.0521335150516613,1.8803437977828314,1.3690447312695675,1.0590874755105526,0.5977753907493278,0.502204969292466,0.9235312798278468,1.9474275492551452,3.802876779082775,6.143281317429942,0.16058887419126666
1028,cubic,1.363043845570359,1.8532161774196594,1.4522850515744758,0.46707860157707476,0.20878527717533413,-0.06198840745162648,-0.3432376024485759,1.2851882550899525,2.940813755184627,7.679179302004348,0.20605288138677685
1029,cubic,11.629887435048332,6.622406569433141,2.7789622300985357,2.4502744289208733,1.321553956576639,2.1159337425529663,0.32335249234896934,-1.1905504011152621,-5.633437280920362,-12.31058447634476,0.3918992218304804
1030,cubic,11.120471037931415,4.441020978840339,1.0334308087683053,0.1687398954295228,-0.12234263430511982,0.8145491771351735,0.8969744836333935,-0.4972097510408149,-3.8090268688566358,-10.45882773353598,0.23493196067407213
1031,cubic,4.155808432658516,0.7147239359550542,-0.38878839281728644,-0.5249815457848507,-0.054657949537192274,1.0927745690871102,0.7232510197478472,-0.033442501692544986,-3.239888208183726,-8.902808860335444,0.20270259685194097
1032,cubic,8.765049216445671,5.2401430178161466,3.681205484563145,3.189440348807062,2.8789249602934843,2.2601379924121963,1.097665098819627,-1.1597777957582436,-3.973339927434618,-9.031862925334098,0.3416715057268143
1033,cubic,-15.556555352817153,-9.461152239085315,-6.131704040359864,-2.6961744965274494,-2.7911847619777355,-1.3616649793528135,-0.5747445809393585,0.5512954035064284,3.880365618717237,8.94924721970525,0.5428757051285222
1034,cubic,5.299317235727716,2.0240998334390885,0.9993430655716643,0.23953689680764942,0.49352095077108754,0.7560600466593935,0.19189079187069966,-0.7722669998333894,-4.621159111742868,-9.898647689747076,0.2024095457219534
1035,cubic,0.44075060169384916,-0.1904949018335448,-0.7670420135771032,-1.5997711174360283,-2.208765810109496,-2.7523259209430435,-3.1386066187857606,-3.098870510537897,-2.799987248376272,-1.7899348810638411,0.08639962633757824
1036,cubic,-0.39486833692900075,1.574922439169435,2.1878081931842006,1.7497418073072941,1.1851703600129189,0.6733651129351284,0.397802326264072,1.3488712714351905,3.715463237168909,8.149882641000067,0.12529962755189894
1037,cubic,0.8250344714900887,-0.4439199220977935,-0.9758323799192379,-1.1276100567528358,-0.8196936388389886,-0.03689572931248693,0.6298085158188429,1.2210499452692571,1.4887972939983292,1.3834641967845887,0.09225937614824771
1038,cubic,15.151129574973229,7.901222779145349,3.1401623684057944,0.512702431398924,-0.6752690753785633,-1.042903393698804,-0.49922158063259,0.1984954062512156,0.004728097297952288,-1.0813388956788244,0.11311273982706814
1039,cubic,0.4250787454714088,1.347546949553734,1.5197525828705363,0.6722244044693861,-0.3443010453927723,0.21191206230519793,-0.08308243822940709,1.8112240601646632,4.881991605962444,10.099219242541448,0.2193683152738931
1040,cubic,8.450636441176131,4.894125569535302,2.3258777401845827,0.706186786196366,-0.24673853239625312,-0.4954370799896011,-0.3879339747749578,0.29564632904216703,1.1094883756508296,1.3362204851657955,0.18250149512905128
1041,cubic,-1.094050042251774,2.2220694938171244,3.3887803883365284,3.3295426766090057,3.027435346704531,2.3064409796055614,2.122866115934055,2.687452521463148,4.536411379399798,8.459716823711924,0.1880533486425824
1042,cubic,-5.758120092487555,-2.2732229503624857,2.000879304921259,2.0346369331575014,1.4377618855313772,3.028527893468429,5.239129443097092,8.269325148286354,13.921792804701266,23.96306562191921,0.6003373475479838
1043,cubic,6.096970663874041,2.8217274813206523,0.15392938650341353,-1.0652312897474105,-2.50607216093866,-3.156589038531482,-3.410706525193896,-3.9425667530630553,-4.513368611190072,-5.52731701057167,0.24416561270456674
1044,cubic,-7.145536358326605,-2.7300572290518614,0.08664342246916563,1.3124969769252606,1.469411879585107,1.0014848734592516,0.005146251879383503,-1.0251538590137879,-1.7164734292280677,-2.0832014487539947,0.07351510668556588
1045,cubic,3.6979604264447152,0.4005950222489636,-2.8201382826630446,-3.6322106907032805,-2.626054001040942,-2.8158344254947427,-3.2464863838538336,-6.488375416634964,-12.93224468464056,-23.801496800138274,0.48399121498655
1046,cubic,8.70910630271259,4.409686732999452,1.9490835503744681,1.1656884391496491,1.2755694187342919,0.8775233379921554,0.19858810903172602,-2.6263163002099277,-8.472307628737003,-18.85649452642991,0.33369857150192594
1047,cubic,-7.157099139563074,-3.1282646201338338,-0.6559948225234451,0.6069152049801443,0.9434914208315494,0.23397537028027582,-0.6609027126090087,-1.9438060919899884,-3.0040806673171336,-3.1486652520363325,0.11139611600607678
1048,cubic,2.764715318540089,-0.10781533014281347,-0.9645151354582672,-1.0209957410305515,-1.052004873194175,-0.8209789445118958,-1.4626937498628567,-2.82114265391516,-6.52555362532061,-11.361994671192665,0.2710143125898203
1049,cubic,13.251703146104537,6.587029174611967,1.9297566912525541,0.09241189207619471,-0.3723573806730993,-1.559875640713037,-1.7403142550381168,-6.797357847829073,-14.179010730909635,-26.216253230093397,0.8499887473317871
1050,cubic,13.413691727372687,6.697999166064402,1.8422427012002627,-1.161540450533448,-2.1113656714983557,-3.5109422187617256,-4.262137169979516,-4.050144355698809,-5.399502088434001,-11.1985999943869,0.5255234911823758
1051,cubic,-16.378900308691314,-7.738874808698095,-3.413170058334607,-0.9870739990203838,0.95502756213051,1.3982304946090578,2.4488812199652643,4.676922904772133,9.283937456927593,17.978240165303777,0.6445899739070956
1052,cubic,-6.845063772565008,-2.962812493543032,-0.2679236552567392,0.7856689454044794,0.9907904502514862,0.20512376804197924,-1.0769733633274832,-2.6382960566007854,-4.5181737659991805,-6.446045093653228,0.12424487312023302
1053,cubic,18.886081813423726,10.386820433314368,5.693327697008071,3.5647131012316002,2.532477204292371,2.9352193865277574,2.077898031161621,-0.2765959702418522,-3.8002706632582206,-10.429194196328277,0.5192602684664482
1054,cubic,-7.854711032259049,-5.189577900826231,-3.5509310210307214,-2.8226523148607017,-2.5007564342028457,-3.2784369860567657,-4.947823698134762,-6.883719143273201,-9.562495568987416,-12.744610365581043,0.13827525468687507
1055,cubic,-6.851681357838687,-2.1022598603015434,0.35733592609902454,1.8652328829967895,0.3365237620534388,2.2199091314607813,2.1621662471157848,8.207519528298151,13.322200580878617,26.688951363054393,0.5424425274502461
1056,cubic,-9.902392430974295,-5.054400001121242,-2.5823638728994576,-1.3893068305238139,-0.9612158507952717,-1.9608447012595378,-3.0457938045950317,-4.361683629588075,-5.821906924308132,-6.665542196435984,0.21478004679455237
1057,cubic,-17.281729516345795,-9.067218972629284,-5.136897667275757,-4.646287560291527,-1.2399352349149682,-0.6963902073390258,-0.5843014078895605,2.8653884187210688,10.478245199701039,19.94060671021437,0.711913630052788
1058,cubic,10.211631128619233,5.741459654297506,3.464636161567144,2.677612375513991,2.6268067160351727,2.974930872129529,3.122479475220277,2.617511510572535,0.5850091799050653,-3.333308486171678,0.06816884254147158
1059,cubic,7.853638276767012,5.689298170725358,3.893938136982398,2.9919756048933075,2.9861151884675925,3.3082193233917523,4.3802222005020734,6.4003899819275425,9.44562495186663,13.379243418503428,0.11236587093329188
1060,cubic,-3.2106375595680987,0.48703362468604006,2.33585408986991,2.6233146945724193,2.2791573087322816,2.032279082159152,1.8288369000929583,3.033831916892692,5.3518181007629115,9.161829407079193,0.21319275828159293
1061,cubic,8.34965502355219,2.2136356255529077,-0.9047989394589848,-2.454839288622847,-2.638295968986957,-2.6467467976009083,-2.7296534651726962,-4.505304021324002,-8.35671078830112,-14.877488844931191,0.1662852991982125
1062,cubic,21.223361132073638,11.016975304735723,3.8142010049558963,0.8666723781218582,-0.8171524809187478,-2.368083183238884,-3.040001440268617,-4.218667957011789,-7.696570415667265,-13.068871046532587,0.5208162534288214
1063,cubic,-13.658762177624917,-8.194085934764018,-5.175675787103679,-2.6735020917291683,-1.7275590740768132,-1.4680457166691971,-0.5060680316527325,1.060411135742619,3.09555623778019,7.6510722726732405,0.37405648390558194
1064,cubic,-0.9165871100421961,-0.8915144316219118,-0.7919935000947603,-0.32848735731812073,0.6757555493205418,1.4159766991402907,2.356248556009855,3.1372781010769875,3.996223213103566,4.330132700484844,0.12575112517003503
1065,cubic,16.28169590392196,9.612269869574272,4.682240837129068,1.4183596253867157,-0.24563335000069075,1.023132320598889,-0.9271384427845251,-3.2525121679046145,-5.576011107053786,-9.715398882607454,0.5789102685871931
1066,cubic,-18.45660415604003,-10.254125357589599,-5.214736011322118,-3.430830430765018,-1.9563440356886164,-1.1605330099600315,-0.7404356526512377,1.461217981393763,6.4830995823573865,14.430460891098745,0.25910139265380844
1067,cubic,2.005759326511008,0.7663837674739941,-0.5331501538180529,-0.9376683199643148,-0.7624286275152843,-0.4912416015815369,0.593169740269576,3.0508036359832857,6.012994115212176,10.115324584268379,0.19516125046109253
1068,cubic,15.98338282970209,7.887247427884991,3.373541366263765,1.022834926744052,-0.20106323327023184,0.6571242868025222,-0.7302051118064198,-3.5788811490636676,-8.457514803780239,-17.45630185538041,0.52352452992587
1069,cubic,-20.89953018899471,-12.610615939679176,-7.950497142648427,-4.273488706696823,-2.328909299519292,-1.9245927772298068,-0.9542498920151805,-0.022955003391472606,1.0430597686978746,5.518118094521439,0.6539563577832371
1070,cubic,2.4848141194772513,2.3026108086989368,1.670642613440139,1.7656336488896907,2.394651450181692,2.1296610645192358,3.936869522165992,5.313388048194574,7.314590308915245,10.441566508950235,0.2419089499083784
1071,cubic,-2.7800012158299183,-2.530384196495652,-2.4926607811545343,-2.4585606382076564,-2.9543945273953898,-3.0548577388710108,-2.5825137692523263,-1.1389728736952478,0.8815286309412448,4.334739377537601,0.14757170289080393
1072,cubic,-3.53366736702329,-3.4209839307664915,-1.9617920507037294,-1.4124298975158611,-0.448402534023862,-0.8045327365868575,-1.3734257830938807,-3.022809328213138,-6.510765538846532,-11.802499473161564,0.3012216849117419
1073,cubic,-16.363938278244405,-8.929620295063538,-3.768799313125018,-2.322658132559537,-0.8072190402295725,-0.7218903661670085,-0.7290260588209827,1.6979781315408249,3.874519760958214,11.39163491549828,0.42184374356238385
1074,cubic,12.125277982526374,5.682853734119535,2.9767530758293828,0.8810552845792383,0.6794120031158879,1.384887081919441,1.1811272620600866,0.4945309521161123,-1.6846607812331726,-6.878966857414642,0.19832419603797982
1075,cubic,2.4546371250440995,-1.2112007815012336,-2.9304758062496434,-2.6578165969282526,-2.6818063426166696,-3.493182763765267,-4.690662104102833,-7.064206631040182,-11.35724295961332,-20.983139457690278,0.3957050000077392
1076,cubic,-20.874307412272316,-12.731766050373583,-7.439732806474712,-4.223562637030733,-2.553609086536919,-2.104635246593071,-1.9281130387798835,-2.056182201376837,-1.69416904517715,0.45910333815490256,0.17703867575464102
1077,cubic,9.805396011294569,5.341979859861022,1.9087291972412097,-0.3516294022190741,-2.0012177000439975,-2.5774026533082854,-2.9184319393715317,-2.883342316035731,-2.523540562450738,-2.590802762531611,0.09592456356863419
1078,cubic,-7.061701885889181,-2.993323034834318,-0.9148130906402013,0.13840663773384015,0.6213615842316098,0.40757418894350883,-0.04288885141040219,-0.18350567136562757,-0.09273382963532503,0.783697723288373,0.12082868530373878
1079,cubic,17.63255293323991,9.810591277922581,4.537761590640965,3.1008339471947806,2.5939875676337314,1.965949621709664,1.3936746056241633,0.34462027295192843,-2.7690965206131954,-8.405917468520055,0.3703517080724391
1080,cubic,7.802700040992875,3.2320420580240765,0.9353001717044219,0.4167742777066224,0.7390898727004187,1.34655097261119,1.7927650539416815,1.3579938377974408,-0.19777806797473813,-4.026211492227537,0.09618128420906139
1081,cubic,-7.6440497195233705,-3.48979085040991,-1.5114554939005076,-0.5388044216468638,-0.9547108913480677,-1.3331339822860093,-1.711406627984455,-1.8765664207315633,-1.095227882998958,1.3800136087894792,0.20726726380469873
1082,cubic,-14.079605219342048,-5.3283924644394345,-3.5030625204529175,-1.2365703317278127,-1.0277015509973628,-0.3716002008403043,0.4773647003136312,4.791288907047304,10.28144565300955,20.653952964336675,0.7431475977023103
1083,cubic,-3.3308367882826784,-0.43756633465194916,0.7243489478721676,0.7654258485682652,0.1707696045084579,-0.6272324493280418,0.8122438783668892,3.0079294939868166,7.889679243359298,15.553750224362902,0.43408191290527526
1084,cubic,9.280499897356625,3.94792620077536,0.7847231696987382,-1.1331410607721755,-1.811109844142507,-2.0585757278827237,-1.7059017847354134,-1.6975120173035887,-2.0553561221934618,-3.468760962171191,0.16441618588077578
1085,cubic,-15.87075060272844,-7.17145088449997,-2.0075937350449466,2.306100139260474,2.1853138779907764,0.9919514081000286,1.4967181735796338,1.78006636963483,2.2146662103915555,4.591348490108086,0.5329453665361636
1086,cubic,0.15734896970087786,-2.965334582783983,-4.286948749462875,-4.356885327466361,-3.673521838437684,-2.3265481197116276,-2.826435992384441,-4.41682914048592,-8.31879545916735,-14.934502559520343,0.35341635882480255
1087,cubic,5.939815939756345,3.1755036799157383,1.8526734944777181,1.496066738106025,1.6070823987283347,2.6920915818254603,3.4684217277822675,4.248035333143958,4.281774261885636,3.1637446749832714,0.11877978011557115
1088,cubic,-5.64143573100094,-2.9140320603853525,-1.141071270943168,0.18220331195278533,0.8327206958268875,0.71928062125162,0.36120709264973355,-0.7650785177801267,-1.3312599306901174,-2.841851407798425,0.17220103069979298
1089,cubic,10.003029387157714,3.9847469349279043,0.4345671663088849,-1.0556057013908378,-1.3139409765307124,-0.8343625858999286,-0.9256873754010195,-3.8008094533910066,-7.4546687685274735,-15.72550923767825,0.5163133581504827
1090,cubic,4.5620691463243475,2.620362843546752,1.4900876352089816,0.16496791153083146,0.6400019501699685,0.6048609195898067,2.2303172600247096,3.902961513724606,8.029077799302168,12.173179464596878,0.2965865288291337
1091,cubic,-12.186731301631374,-4.553973047729168,-0.08703753890840882,1.9130883809756136,2.3706289206651996,2.5649691264096615,2.5378992998591414,3.3922318896703763,4.688332506184374,8.951267691787692,0.48916287726875013
1092,cubic,-2.7066642318872542,-3.015833914559355,-2.9762547999831828,-2.6264272404033955,-2.177518690536215,-1.5995965441939672,-0.9188790405765761,-0.2354647063749704,0.4790777508210767,1.154290492817872,0.04868467989250958
1093,cubic,-22.119872039567813,-11.749895809208173,-5.4475175285995086,-1.8260488780116424,-0.6929699675229442,-0.48271783438954735,-1.4062877992660954,-0.5202096348422565,1.4950966636288465,5.6924598182769035,0.20998584772820741
1094,cubic,0.12302404751761467,-1.609709922626082,-2.472560476410981,-2.584756195763042,-2.222583740907253,-2.144290956194496,-2.1895300681170795,-3.2230575831580435,-5.48001934941082,-9.212624276253836,0.07212588999283544
1095,cubic,-22.837367537748605,-13.626699374040236,-7.053465228203975,-3.510380771381184,-1.9391019107734424,-1.0357726215552174,-0.48779761925969484,0.2734345656252376,1.8637565448142044,5.4470272971789875,0.18396964766197482
1096,cubic,5.952293851136854,2.5387379694106427,0.8053773425235362,-0.5325998902618061,-0.3620852406376054,-1.536411828553305,-2.30775727209087,-6.4397340205110725,-10.539518454092839,-18.13501487790092,0.31356793172619135
1097,cubic,-7.028583828289937,-5.051890164637653,-2.0878718558796123,-2.1101020171356724,-1.3920086958790525,-0.9881141781568891,0.20332932910891638,1.9934467553636914,5.060142299648252,9.463591022226254,0.3615969481092499
1098,cubic,10.948576316064154,5.331910462558035,1.7502472611448576,0.117839820266437,-0.161944729009494,0.1524501527898922,0.38298168661961546,-0.21383612297141397,-2.3546819332108466,-6.093345607443779,0.2726719339680265
1099,cubic,-6.575844581880114,-4.590749352148531,-2.9523687947335273,-1.813304480804485,-1.6538756781821435,-1.262151203311498,-0.3794964556100209,1.5083971175458604,3.7293091163343726,8.131240390320144,0.27286717854705533
1100,cubic,16.655856849659287,8.532856653472031,2.7160552147371027,-0.23993306398397607,-1.8905666426103063,-2.1431706392038334,-2.0222173735750433,-3.2563976499563787,-5.4001378609567,-9.369781703194136,0.18246387090052207
1101,cubic,-0.5135126827813489,-0.9679981071009292,-1.7273541113394346,-1.4000485130836844,-2.0536897692955063,-3.0977107171716898,-4.603343854995068,-6.751819810501447,-11.448755952267787,-16.892234493236046,0.22811667560448864
1102,cubic,15.005316559872307,6.199555281458183,1.066439195266021,-1.2755578253649125,-2.1301068743574403,-1.1425808724412,-0.24043058195172207,-0.22358048953846088,-1.0408357941415904,-3.884570378719557,0.17447727008143776
1103,cubic,14.058069151603993,8.3196592976832,5.847331025740963,4.339030704486471,3.006633003827721,2.3881462234531,0.5648134481739961,-2.6849600439447907,-8.62012986323368,-17.610636943119463,0.25248687910652723
1104,cubic,-16.208194497321777,-9.287966187818064,-4.777011034816365,-2.2260542347145202,-1.2564582322604474,-0.5532020261511126,0.0521612129029122,2.195350123752364,4.730174453526866,10.785510918076229,0.4467379782037325
1105,cubic,17.909677568638273,9.948141019363561,4.981840654849809,3.2545538387798665,3.270775123730675,1.36790592304934,1.02529783143193,-1.5281551045612298,-5.478649292778454,-11.789665674802293,0.5612206018705718
1106,cubic,-4.1638405499865305,-1.4414791875179374,0.7326038847680167,2.093378035849352,2.5844420946839763,2.7458897265774596,2.0908783405940556,1.5357411383688544,0.3659627924749272,-0.9660066222997953,0.11275911132574255
1107,cubic,12.407970495837734,7.851860234719782,5.1212459428296215,3.112370941930372,2.416980976070931,2.072606000331322,1.4200658910833455,0.9961082334441158,-0.5156699317111633,-3.367994178840487,0.2443453575559343
1108,cubic,-19.473527641404598,-10.49783141691473,-5.136735667345683,-2.16303762921697,-0.907347869858119,-1.9400568321203415,-0.7960555113372474,0.7910320472158807,6.320154854569295,13.566583270686834,0.7959012464417917
1109,cubic,16.296429921623112,9.110603117682148,4.492258205937365,3.1178246936793736,2.5898073336702097,1.7840443366951861,1.2773255913519375,-1.2051855410731973,-5.627113961231906,-12.852381765459747,0.46287453975108084
1110,cubic,4.500649795233985,2.7249191152316907,0.6712029749673012,-0.5741523734663865,-1.3481486233781608,-1.9628268373982194,-1.8851732008049276,-0.76985832990303,0.934218126874333,3.9152312004064616,0.11398778782974253
1111,cubic,20.942924693122283,11.030672840077822,5.057169384436583,1.7536527563132949,0.6320732856507562,0.03905652255735243,-0.9265309460844713,-2.844987627442173,-7.240938862216907,-15.141561139776726,0.19773047063251015
1112,cubic,8.977089542647063,4.445929302552794,2.2380313849614546,1.0850595146152204,0.014694875690874715,-0.3553195988099812,-0.03208743571576844,-2.848568614369232,-6.969486171293221,-11.551261233265675,0.5066317764140906
1113,cubic,6.010989870595146,3.095908493806513,2.0164497337637792,1.7920647771330709,1.952031688515032,2.4994600022461118,2.1212493973502338,1.006129603361373,-1.7894868315883405,-6.50883540478066,0.09232340583516774
1114,cubic,-23.225620784700926,-14.460124011138145,-8.321091937209438,-5.044039767716925,-3.1964530184143913,-2.5284878944830926,-2.2314317307751024,-1.4134905464503416,0.2798836851489928,3.8846583156852508,0.22348731517055104
1115,cubic,2.854655304858829,1.499794985952619,1.0775410598182258,0.4104629980489247,0.8956964472701721,0.2288390304455017,-1.43254136398247,-3.720871471517268,-8.128207551033565,-14.521262330000354,0.1539736043003502
1116,cubic,6.373637803316901,2.338696572217769,-0.33558910730776015,-1.2947907023937784,-1.435520397211384,-1.0150995335993838,-0.48247109146807377,-0.5179486868504896,-1.1126897499039348,-3.003032278970348,0.11815596746002421
1117,cubic,0.9939199566373069,0.930945076327301,1.3178232787062758,2.023537186064097,2.641739317720805,2.991813952780623,2.4584709718991276,0.6596471477808996,-3.0804085477743617,-8.383553545319684,0.16562388937219963
1118,cubic,0.7824223049115127,1.8920512201650566,2.2497127687457787,1.988279312492134,1.9850014789999169,1.807613864472487,2.038947441669249,3.143478760493964,5.15739470525756,8.516553930259787,0.12879829347323696
1119,cubic,-18.11899816638487,-10.2592278554066,-4.399840162507098,-1.5256231541018064,-2.4057397304146892,-2.056076246993948,-0.9987437832743327,0.10949940678630322,4.036175571411673,10.14254934219318,0.4441025643896069
1120,cubic,-8.8865509006614,-5.6218440804847605,-3.707246261184547,-2.8252594786707608,-1.8993398357309348,-1.006052528620682,0.005638463853207709,1.6434648007665662,4.198754527738325,8.267152077890325,0.11497698418525688
1121,cubic,6.997391783999689,1.110414619369417,-1.5525843651224829,-2.7580986739760642,-2.2907714464250932,-0.3498325543876951,-1.9730134998761044,-2.5004164556971546,-9.361951286208914,-17.911532814392565,0.4865550233113557
1122,cubic,-5.738723305852842,-2.177821597091703,-0.5426274474589795,-0.40552714674887197,-0.6770627418556516,-1.6192322407607913,-1.8005864244249716,-0.8362315030426601,2.1521932714656447,7.002796421123536,0.09684263253078011
1123,cubic,-5.544289621605773,-1.7774151547816806,0.4255198879524121,1.2715816228234103,1.2380434755309255,0.7737698347558624,0.13263363995431585,-0.35928481329806566,-0.29990547724419375,0.6226939767733662,0.042643964663976054
1124,cubic,-4.931296220830315,-3.9018420044043944,-3.082013152765744,-2.7167454665091237,-2.4643385093316597,-1.2331997124264347,0.15106202261957424,2.315304468562687,5.031775150827185,9.450799978237114,0.15677456925525646
1125,cubic,-7.965267885582336,-4.408518557861396,-2.3358726453177328,-0.22134881023562186,0.9907214436623,1.6295269251044648,1.4498033398177155,1.5608231830846668,0.8770642715992492,-0.5207125080922187,0.29367000811682464
1126,cubic,0.9233320913581561,-0.009886534098856398,-1.330686521689521,-1.7014395873942798,-1.8709440379507372,-2.141530366526092,-1.1161675922237346,0.10198478974374155,1.7632300357336086,4.122678837458238,0.13013555014269507
1127,cubic,1.0278394205975978,-0.4671904528520829,-1.4613649435438252,-1.356170321519787,-2.0093384228643716,-1.8005802585332114,-0.7410293596532568,1.2359313674947903,4.02368448405594,8.53143986396795,0.25950819883124443
1128,cubic,-17.932389090513528,-9.268798828120609,-3.5288749664613897,-0.49509033574732303,1.2558609788805366,1.066322239358517,0.9914926426188688,1.7531397109750344,2.5820642930533184,6.236680033187464,0.48580581297408415
1129,cubic,9.96610140802156,5.05071436994897,2.1224434629005042,1.1164202687873392,1.9289437845990067,2.7211266320555643,2.441005906901664,1.8294242750959477,-1.6252212118411649,-6.786073859081229,0.3324610533053033
1130,cubic,2.9467896248648215,1.4168291395306198,-0.742392169180699,-1.218850525626503,-2.9549498541720167,-3.6244308717705374,-2.63523775164308,-1.6175638522691358,1.6635568061790966,7.094500952291322,0.28040135122850773
1131,cubic,21.613106772791593,11.925969266032114,5.677847463586097,3.91099503246322,2.6831743284503777,2.915881538388888,3.3418123861341877,2.781330782534966,0.2625530263392818,-5.197043805222148,0.26587750106547164
1132,cubic,15.263863491719341,9.087267882931961,5.166908411251389,1.7286248054968478,0.6061675456116945,-0.5070955383018639,-0.21958227703589941,-0.4094376141738607,-0.31446474004263564,-0.3262793941216354,0.32668594066953344
1133,cubic,0.30099205028818077,-0.44820578425046687,-0.9510118400631334,-1.242880029140872,-1.345965741877065,-1.426072061307856,-1.4554637425747596,-1.488641341630201,-1.5936017412470385,-1.8370528107629711,0.024987430548194012
1134,cubic,-10.69904821715656,-4.082537407333877,-0.16635912338510522,1.8220125531540698,2.6215830817413077,3.2242774517192148,3.637675006938211,5.522761627935421,9.174334026549113,15.387745611742119,0.13622216563762607
1135,cubic,-6.421042062369131,-5.137756488551084,-4.28247898149881,-3.566633148176582,-2.9369986920691975,-3.1077518663579733,-3.5817008765508795,-4.479644432814781,-5.97908474249903,-8.49320344161061,0.16934414294982852
1136,cubic,-16.995966961615714,-8.852183648638853,-3.3714036267636605,-1.3328655545648298,0.5357960618312858,1.7424405714898712,1.5572745859412738,1.5887101799778864,2.458249946593858,4.266674326065272,0.4031042573127889
1137,cubic,18.182861111106988,11.306948085745187,6.994870106604906,3.737767459244768,2.290813488184397,1.3185551581422765,1.4859525278582018,0.7798966876423141,0.7483008133636642,-0.07482309719066926,0.3216706593121796
1138,cubic,-3.8964402694541826,0.373690604983716,2.5854998898409707,3.130891305696588,2.146035533833551,1.5030248539833158,1.8665529353306878,3.4044647998767306,7.270700771629698,14.153778600254618,0.20999281655094637
1139,cubic,-8.788794008839576,-6.885761608938894,-4.742893140462759,-2.906564051070216,-1.50595938042608,-0.8801932962356981,-0.7356854317192825,-1.3520597300300035,-3.4097561052092016,-6.506994754369926,0.12086305972533869
1140,cubic,11.855560092064477,3.9428265081643024,0.3830536310386285,-0.6120238687858035,-0.3328772789018588,0.010624819544125419,0.34074713376937393,0.4560043082419159,-1.3920690117703005,-7.573449211440118,0.40994870353064383
1141,cubic,12.188041093075002,5.530639710497052,2.0774101226257287,0.5389326852710391,0.7155947457502563,1.222421592786132,2.267025348768452,2.0419046077905003,-0.2016597306163812,-5.341587617809318,0.4057066359765322
1142,cubic,22.122815798064067,11.985559749264215,5.145792870668553,1.761064780984662,-0.893800822875418,-0.45466922141981314,-2.5330578989647803,-3.7291831713514,-5.284000765259388,-10.534128630644721,0.6261658311505333
1143,cubic,-9.551169917143662,-5.785598143243744,-3.5849612400818547,-2.743117092413841,-3.1366085090620417,-2.496187346835056,-1.0255421412036747,2.7537403104498543,8.66658216471628,18.299952692552775,0.48799988302303304
1144,cubic,-3.02212731070284,-4.347859823986735,-5.125959034740945,-4.808167881485311,-3.1679652127422497,-2.591214074503322,-2.908811425688277,-4.729839050629855,-8.157765616877963,-14.078875081945307,0.2703579821508312
1145,cubic,19.770700563050724,9.741853526661444,2.610608027182455,-0.7651045554139486,-2.5111885784483876,-3.073579066750831,-4.135012091709965,-4.64310241559662,-7.092425329062958,-10.79917161063259,0.7441847276104413
1146,cubic,1.171825189508244,-0.49885633102667293,-0.7540597677921475,-0.4941335578522287,0.218893772150149,0.5522574187185603,0.37662697529905326,-0.6793607453672694,-3.8233139703499877,-8.378221942432585,0.09331521495408314
1147,cubic,7.558379740540891,3.213398305586178,0.4288152869106253,-1.094556473870207,-1.5005231937984218,-1.5350281808224844,-1.07831095516574,-0.770081912672262,-0.5923143576781261,-1.235885784840478,0.06689883006224208
1148,cubic,-19.257833243421196,-8.73571258003092,-2.2436937956396443,0.5263724887455346,1.5498787296808347,1.1470594175165563,0.05562733485183599,0.15331618898838537,2.041512837818919,6.533660705495107,0.18429437067646812
1149,cubic,-2.6674634367628856,-2.7304124192337373,-2.1175123800837823,-2.1111151541119586,-1.3647749740206934,-0.678972697563158,0.2633047626439797,1.5407507703542662,2.3439824731107963,3.314877321692777,0.16124458628934535
1150,cubic,0.396731681594309,-1.3499493288969275,-2.0288401009674786,-2.071318041091043,-1.7031617362491693,-1.5660765026453085,-1.1998780093623023,-1.6016062765598933,-3.1103296106144898,-5.716606560701604,0.08954770464493943
1151,cubic,-14.551384883986872,-7.305253865301749,-3.5145904308426816,-0.07945138684549735,0.29144890070662366,2.5929234405167847,3.601378470060269,7.695384234947491,14.074091822215308,24.7151876560869,0.6252331422629315
1152,cubic,-13.73298257525312,-6.626074632204774,-3.158481202996954,-0.9613916402803518,-1.23115258886323,-1.1810066845228608,-2.0272722259053904,0.0435183761559243,4.376432921831883,10.90092435400151,0.4996301254635649
1153,cubic,-8.74104625138754,-3.3630340563082486,-0.6114177178442969,1.7217000072489226,0.9675200461858504,2.2680489520982907,3.688898160308157,7.585791854075802,13.614946147305147,24.21526088263741,0.475134091248056
1154,cubic,12.303880629083688,5.303274900010222,1.9941077874197324,-1.7463025299173698,-0.3796100811263847,-1.6612894056049368,-1.722998363762307,-4.528975234436545,-7.855724671764268,-17.21167059397805,0.5575100462820065
1155,cubic,0.7021260291706009,1.4740035886679308,1.9255756521584488,1.8851960782843435,1.2175665789389343,0.4743388194471188,-0.7229529146217915,-2.065618228639266,-3.353835642176548,-5.104183146579859,0.09847091640075012
1156,cubic,-0.4752366278664803,0.08253515062065056,0.5352201218560597,0.7328867978310597,0.8073959104044846,0.5378296175145075,-0.030530324243428567,-1.0797212969701193,-2.4442779126438476,-4.35498402538475,0.06244815183134242
1157,cubic,15.890600508761064,8.436331643094636,3.9353884208400647,1.7404900811587996,1.6966284849558781,2.262186044328449,3.4148206340843483,4.519234625449204,4.71058925069645,3.6366395799097275,0.17585208643820757
1158,cubic,-11.955463734048736,-5.038523428360064,-1.8102293058415229,-0.272575115478276,-0.49581757543020005,-0.5395189885912313,-1.4327340104542352,-1.1983563126104608,2.0288896033322636,5.667090493787966,0.34943699184841565
1159,cubic,8.332522382165909,2.481797456595129,0.22607231917310766,-1.4836390066436789,-2.425090369477678,-2.613850586032192,-4.0716782064225265,-7.2586996036316815,-13.472720141791191,-22.124858237864217,0.3046732998348954
1160,cubic,10.033780767106883,4.6458905025915715,1.0900326894470278,-1.1032406473535237,-2.0727640103318192,-2.581202391472835,-3.446854547779219,-4.71035679996018,-7.182158349702798,-11.668134990516624,0.1514919019510858
1161,cubic,0.9571774147262488,2.6652526023754057,3.29226618245765,3.373995892952788,2.86683050027143,2.6750134191548964,2.377428530223777,3.363989317521946,5.953509362423496,9.604823571771439,0.21353719667094878
1162,cubic,20.16795524778567,9.558004333053121,2.7415908640378976,0.14998869306816703,-0.6587570102553246,0.07549350705573918,1.1539514697361124,1.8928284601741046,-0.9606289241066577,-4.519989705946872,0.42815315220901673
1163,cubic,-21.353332454843933,-13.110201945092943,-6.946710588879866,-3.41570387748423,-2.884729741884709,-2.783517841407837,-2.7510795138363466,-0.7573618928168437,3.2707295545807975,9.97319972831731,0.6264649555004708
1164,cubic,-3.460766244042962,-2.6374551997728215,-1.737751888504226,-1.2091564434012712,-0.7109146908649966,-0.2432951510451264,0.6797681456771631,1.3343047638819006,2.3325599075186307,3.464777288052718,0.11139470461839966
1165,cubic,-5.107387965856104,-0.3206416586701767,2.5324662014949233,3.383795114252033,3.2293885712764396,2.4474233683276623,2.227502843192661,2.795143901394596,5.638066601526108,10.540829757199747,0.2358556767679976
1166,cubic,-5.499897894968486,-2.7549264619356943,-1.2704007552004928,-1.1221738627475684,-1.5199388593205128,-2.3107582028457156,-2.970276041312803,-2.958312502573324,-1.9129491815238238,0.4262347696191011,0.04646977033306007
1167,cubic,-9.703261730830121,-5.460278252496528,-1.6082408005773283,0.23524592247583823,1.696249081908368,2.3632872987422124,2.043131133242127,2.398054641475622,3.8930186374453584,3.962045172828073,0.4499739996593479
1168,cubic,-11.722166966865016,-5.008814143534312,-1.4222410230453484,0.7354171419137145,1.3907416737281542,1.3948373099697675,1.2622255359480516,1.7208891034694993,4.200039435165139,7.882573006003809,0.3641853745919367
1169,cubic,-19.60394269082099,-10.524610764850822,-5.339381856008177,-2.6814275253042608,-1.9829256358689422,-3.155319599216714,-1.6615069592926377,-0.9721667067609064,2.287927036530581,7.688904699874279,0.5440180938989323
1170,cubic,1.6214850197666448,3.7604408095474273,4.583511301828109,4.58382144702738,3.2599043844879554,2.1506257346402133,4.183056827772657,5.59541433409288,10.45591900359861,19.575101284655744,0.3986695401528324
1171,cubic,-8.29554649589906,-4.343471166459259,-1.9923397778419767,-0.9802901382860719,-0.9661688893678626,-1.9124186355027064,-2.99681825684521,-4.626873838763902,-5.384251189465706,-5.8520572889836835,0.1510373934023871
1172,cubic,-5.914491645393406,-5.778363840632025,-4.611003313725302,-3.6851589933644844,-2.834873370364193,-2.838836547261379,-3.5326244778064058,-6.065177233953159,-9.38932445824547,-15.382069997932282,0.1994845187559076
1173,cubic,0.26330380027466876,-1.8776370157981632,-2.724599662418253,-2.6870532493041743,-2.1731704570166244,-1.426190045055735,-0.8060670357065612,-0.7061976711105004,-1.3085352902418563,-3.163806564695716,0.045297824723419804
1174,cubic,-9.284940097601652,-3.5264805684709035,-0.4051027919929442,0.9813039594624617,1.3945700266059242,2.4884922950489137,2.5054388086917396,5.714985170872037,9.959421002584078,18.262662420007967,0.2329231430559163
1175,cubic,8.237907528726952,5.233845245651973,3.8458742512571717,2.439145430708427,2.0950939402743893,2.1409043635138465,1.885835426671767,2.15550881061937,1.4626887050776083,0.39047234803740477,0.2088967358987082
1176,cubic,-1.5784344670513313,-0.8745091902126253,-0.6534467235978797,-0.725190390714424,-1.0114862657550696,-1.333730489266412,-1.6527100771064571,-1.807142843303964,-1.6727884738766836,-1.0539039382851085,0.020372099741718608
1177,cubic,-6.418095248825448,-4.056833567152761,-2.273898001099705,-0.4779177235947754,1.184245871220288,1.630342865182422,1.903942830473301,1.1839099800773858,0.04317530612549589,-2.7237178991903215,0.17982670622060612
1178,cubic,16.774551211971254,9.595596092927401,5.412440981514466,3.1027291864240976,2.8817060831633645,2.158666056632832,2.298161800298073,1.664293304922987,-0.16858686424795932,-5.070921394513604,0.3304532737524746
1179,cubic,7.53725949943756,2.407174276268295,-0.12667422746520807,-1.603038146627899,-1.886894901275764,-1.6395750831202227,-0.93030536956815,-0.5471792727974684,-1.0981019684968887,-2.588165176971218,0.16841703841145447
1180,cubic,11.513591406847466,7.034194188094484,4.307583412151463,2.8605773944568607,2.6405250283603388,3.1171297941311966,3.669209089807416,4.228834725665274,4.018309579259123,2.6103668372411564,0.12547838679531698
1181,cubic,7.07372432306103,3.504516603167318,1.0951910314790732,0.3437490932357246,0.17480371824973692,0.7403478789063171,1.5006989494604128,2.600708049879438,3.486485859789238,3.6015505373970527,0.07493531924904098
1182,cubic,8.607207173129769,4.755973300044908,1.9805067052676055,1.1376831813357544,2.7412538754407922,2.513238235479942,1.8912634175162744,-0.43502810651666135,-4.716035977916846,-12.466509518976236,0.5352813129266506
1183,cubic,9.366444721791822,3.4945975174909263,2.218218754931427,0.16817377062542888,-2.3514724233008257,-1.8052230885507026,-2.2564501096514187,-5.945377666799068,-10.294526755162698,-18.929235763477717,0.638876512857362
1184,cubic,0.900554494755493,-0.12489458551614047,-0.9099622583385801,-1.5533717223194854,-2.1641395520741575,-2.6921393928342017,-3.2909582441019305,-3.8564700236417098,-4.616489221023846,-5.519869733741752,0.049931442790629166
1185,cubic,19.178373054190182,8.74207040669763,2.9359595866205823,-0.19950559978218496,-0.2722634005846639,-0.1062535858292386,0.48026803690182385,-1.7005629737966235,-3.012069769985121,-6.628333297944505,0.6278909364594948
1186,cubic,8.242507319121625,3.4832491707458955,-0.18361571697816115,-2.4272541924849746,-2.4123875306722193,-3.3336632318016006,-3.740018291667388,-5.475655099184589,-8.044305439426788,-13.474910503597194,0.4649665392518996
1187,cubic,1.3600011451129081,3.3347851429410342,3.6076866162975447,3.464179291797974,2.75589562520095,2.337285409860835,2.1190399137712514,3.175360972037195,5.385049373515151,9.95240606700143,0.10675332887183056
1188,cubic,-2.394435968535835,-0.6497526457930476,0.15482592993845026,-0.09442746036390742,-1.353437729502859,0.10642972992322047,2.5153918869938763,5.361167972604132,10.739554101883792,17.075024653135564,0.5260737023572327
1189,cubic,6.454596677338661,3.432413186120308,2.008550156442075,1.1674110588198034,1.3352008882108306,0.22714937566520557,-0.9613105964074904,-4.324772408950294,-9.378645828903691,-16.4475800425941,0.18483410193617703
1190,cubic,2.254049338696887,2.4825648737351567,2.180351216183083,1.8868173465683498,2.0231776925773572,1.7869050664546873,2.652029737182914,5.531808313717475,7.968722170194146,12.864654493465384,0.26165943340366493
1191,cubic,6.986099292157695,3.562538084357418,1.5774737442556916,1.0385863299749227,1.0489032095241861,-0.5294890185483583,-0.8768207106322237,-5.73174975215094,-11.867010897542443,-21.693796390187504,0.4031038022536304
1192,cubic,-9.778699240344976,-4.205549560738296,-0.3805889700459335,1.6094711815447158,2.3848759259930117,3.1683359883308433,3.6879492082722996,4.358274883910371,5.681785456991971,8.487223258536835,0.2203096062907153
1193,cubic,-19.041906758039364,-8.921670301485161,-2.4922539960403167,0.016667338200841944,0.660649503864071,1.0114473467937661,1.3889690199229348,1.8553522149840642,5.923707073732039,12.397331185360041,0.2317226376897207
1194,cubic,-16.0634959311728,-9.421404384949916,-4.945577670150942,-2.0885335230908626,-1.0430187121387857,-0.4163609091423434,0.17041294810283775,2.053297674301059,5.553521659474775,10.8188996917113,0.29026267142955897
1195,cubic,15.653036081360828,7.537372892802606,2.117369559620028,-0.45218989224584616,-2.1267009184951418,-2.0167765033224994,-2.3329039516592163,-2.4655656804125434,-4.3413379208378995,-7.554767555323435,0.225198439638275
1196,cubic,-1.2864193878144659,0.37698724640125264,0.8790122894962715,0.7247215952981977,0.2372448711570119,-0.3380775081189568,-0.5887914551670436,-0.48337752000298173,0.43289259959886556,2.519729590817768,0.05702231928925951
1197,cubic,18.938430707613993,11.263368436316425,6.55185203262915,3.7392941525889603,2.7043193145688864,3.164872162427042,2.4962260187651486,1.59860253415628,-0.16085273723738247,-3.7368263494343,0.21533961734611082
1198,cubic,-6.263359362542808,-3.1186354200627147,-1.3773830336664024,-0.439347481969489,1.0867725148416065,1.3167477411850914,2.0196804290988855,4.621272769835718,10.393839863092863,19.53244771936115,0.6246581525584999
1199,cubic,-5.359623981487632,-2.7327571109627335,-1.8884377323249864,-1.5135100788401834,-1.3163862014452534,-1.3319015547027553,-1.194758737962975,0.40113864411614963,2.1590338692758886,5.835898164219105,0.17802746837937364
1200,cubic,-4.572901984907896,-2.5306641381617423,-0.9928210941477712,0.6478814416596063,2.2724066953041393,3.0583833929698407,3.0102184893061725,3.0011437767165328,1.3517239329041182,-1.453241765275637,0.248516866013414
1201,cubic,9.81624635481359,3.704639258879366,0.7662756563714695,-0.5877702171968485,-0.9089463108483555,-0.804994380616569,-1.1859220211035442,-2.5651760038835376,-5.712583677093507,-10.92013715574886,0.11474076326023422
1202,cubic,2.0686278373030293,0.9045720978438871,0.21940754562540984,-0.08768691571849357,-0.33390884872062304,-0.4563667886603693,-0.6382449695315757,-1.0415628490374103,-1.694421022334018,-3.095022867328036,0.04973862338651728
1203,cubic,-16.287593842314642,-9.768060858694955,-5.620649645797056,-3.2318106687934094,-3.0110664180489612,-1.4323250937088363,-0.051395772560999725,2.5257660658764234,7.4020200523603545,16.85488680874439,0.7899734548886556
1204,cubic,-12.368368429177556,-6.1135357595252104,-2.3264539512660902,0.793328558078531,1.7906996748002435,2.303387966477179,2.4578016372957765,2.7715744182148345,3.6104669241715386,4.98177184258524,0.29783251034355074
1205,cubic,4.00070300549649,1.8099680548259016,0.3415555604083343,0.12367678378569383,-0.40724178868745164,-1.8098144900021436,-2.5659618671251305,-5.555026088048335,-10.710544198415349,-17.73984674448092,0.4936462242779532
1206,cubic,-13.66277983065882,-5.477635973008022,-0.39525394091883936,2.035247851097451,2.199388799553668,1.9909756564026542,1.314130997433085,0.8399964002481184,1.9625384449498442,4.543917539241829,0.29128484379961783
1207,cubic,-10.145406870391431,-4.620876051914766,-1.5452780221776834,0.19010048987692663,0.7917249054487222,0.3363859993909077,-0.3932811790887382,-1.6056080203432144,-2.268639201107158,-2.4649052269164375,0.11677395643474292
1208,cubic,3.06050601004851,-0.09163050774834147,-1.2256553882819854,-1.4544796539611902,-2.249625956052043,-2.808103862083797,-3.7091156587515055,-5.9923777257623705,-8.358352119253793,-12.153089592451195,0.3451367255266671
1209,cubic,10.245124144275435,6.449540087354713,3.787195237337331,2.22903222939137,1.3418234987435584,1.408778076937388,1.8635026123412821,2.732809971117859,3.756051054690685,5.331373886770883,0.14607060272505545
1210,cubic,-1.2520965942208098,-0.038256136633627896,0.7821061993073481,1.2319267422366456,0.9922708738940179,2.220441514026972,1.836475962771705,4.870243085955752,9.114607343019056,14.015569613769154,0.45441788753838314
1211,cubic,-13.846639456567592,-9.153096336845438,-6.088457571825444,-4.183293833328451,-2.1141088916995576,-2.3276513008167785,-1.0716794383136525,0.46017924200416493,5.051868199732322,11.67538321532967,0.5582206586470627
1212,cubic,-4.6578625134811915,-1.2020951462300151,-0.04938504301241527,0.459699122066373,0.466923570480137,1.408929180536143,2.7416624217558754,6.5346441106794,13.206897156985457,21.14295832722108,0.23339734002561796
1213,cubic,6.001817150744167,4.031408164147391,2.327510742529103,2.174332798969475,0.557326431209765,-0.03451709940180109,-1.6290932908098128,-2.769674034517801,-5.306197957544893,-8.895425519000518,0.3464734758251499
1214,cubic,12.796816675165543,5.580508902038072,0.25700995130270227,-2.0349829600448164,-2.5881778659982766,-2.5848961415338625,-2.5901624594494352,-4.387910080884035,-8.717768155914104,-15.259440786145387,0.40821558763070126
1215,cubic,7.881542362704822,2.2766955676865788,-0.8471950697757016,-1.9370627208071474,-2.4768370602636116,-2.192253527350578,-2.3206448131695927,-3.2459365288081385,-5.55647113820958,-9.85988887756433,0.1540296725683722
1216,cubic,6.809393138534244,5.627111517528576,4.434312279616582,3.290510354825147,2.1113418355200846,1.1815498755675922,1.2450246836357035,1.8374290788200016,3.6495499517859065,7.191483213486448,0.12577174396122845
1217,cubic,-3.256378465416007,0.4540803685096665,1.4899303910638984,1.5332424109948755,0.8633100141354625,-0.437605087406066,-0.29988996679995644,1.3061965667232083,5.015383307649174,11.403109396821158,0.23377982120663968
1218,cubic,6.95852039615093,6.533681910333016,5.412182576857,4.022615620548155,2.5319413290574366,1.6753305534391871,2.4268921478958565,3.977051285633983,7.277575960819687,13.238958821877862,0.16304550181063915
1219,cubic,14.064647657484267,9.436865175555857,6.191574726965986,4.125216285025797,2.32953357222128,1.3936428547581294,1.3808583541145447,2.77329427709302,3.6548060109231693,5.18710779621817,0.24854210529517992
1220,cubic,8.778503934792006,6.069099483786117,3.3864447622777876,2.978832053488174,1.860199303089554,1.2991140435639237,0.5689988296543206,0.10781819759814326,-1.7639792599461732,-3.7719875994766205,0.3107601122989432
1221,cubic,-14.753023663427014,-7.662713086579613,-3.3205084516745442,-0.7130401005726942,0.636642525374695,1.7980932250959356,1.8187075668041248,2.2470240463050564,2.5266925246916836,4.314416582206411,0.1521319921173225
1222,cubic,8.147591937154282,1.0715142336063985,-1.945029067760322,-3.7531708647364037,-3.3737288554808598,-2.741426503341338,-2.3461796727402904,-3.553248057972323,-6.879185561339316,-13.594990590382347,0.2840434281336422
1223,cubic,-8.86720955992147,-3.494588753768742,-0.22181475566195819,0.7989904422386132,0.7310591775321429,0.4626650623930415,-0.27568200802796494,0.16326023081737628,1.3847476609441132,5.758904831989178,0.3512167701319501
1224,cubic,10.820227740404396,3.9199369328702907,0.8922985589905106,-1.4915767213759028,-1.7491005394159687,-1.4025801614348978,-0.6791401205324954,0.09432264633020015,0.00954853448330134,-0.8635166474460448,0.259587848621522
1225,cubic,-20.441207490057103,-10.418200502607489,-5.8726092875994125,-1.65307452010715,-2.7205850590007863,-1.0353756747732568,-0.8235817143758056,0.08129272643881502,2.3261352314430175,4.722474265539755,0.6996140357255002
1226,cubic,-9.110068037036118,-3.47860621071642,-0.3289811097756021,1.1917260503084652,1.3939434424330788,0.9972281787295447,0.28900585423745156,-0.5672206813878082,-1.166896364568381,-0.4307884726799588,0.0952333039256242
1227,cubic,-17.64189093382807,-8.854879638414435,-3.8658560648975526,-0.9605774996631663,0.06675279385376416,0.3433748362108654,0.5584833792095893,0.13938882571726383,1.7867768061315918,4.4990516808707275,0.28440395553079006
1228,cubic,5.546177288033439,2.617077609233404,1.3330433032557274,1.2668336083105227,1.9342826395834432,2.6901688210521897,2.9390949801246644,2.1483374576453156,-0.013519630147178207,-4.241853145840532,0.06107459905996321
1229,cubic,13.298227395721456,7.589607002530254,4.3579412004592255,2.938163930317627,2.0819447283740518,1.4063458923032512,1.0895298294854487,-0.42052068936931214,-3.5462364858785205,-9.158816018772292,0.15077079850258343
1230,cubic,-15.566712264811995,-7.201624901591914,-3.559436572411025,0.0731277584494758,1.9292263075095994,2.3126537504230593,2.2384433361521223,2.5386930190109136,6.663309236681087,9.651320007609336,0.5419044454696472
1231,cubic,-11.718184628025671,-6.119941994481297,-2.6397213966354993,-1.9984911652177813,-2.107336237777832,-2.3909905697503304,-3.3569969908670854,-2.8237970889808466,-1.487246060901596,2.0783722991366256,0.16625074570289852
1232,cubic,-4.322429886697063,-2.5501769056626133,-1.8632544127317932,-1.736690428400382,-2.0458004661871056,-2.4466334720335734,-2.1488570800712763,-1.3362026398662794,0.42740296180280984,3.749230625276999,0.14025543969603577
1233,cubic,3.0317755263533925,0.6251378478004285,-0.889350645627918,-1.1274276362795699,-2.722019571877475,-2.7450618042811574,-5.1931717212691195,-6.138233695062544,-9.077471486342468,-13.36402534860617,0.42296349456950555
1234,cubic,-13.825046068385976,-4.501122271412429,0.5153595229020678,2.7618802645298137,3.1008580124476035,2.1377236853451596,1.777894338453782,1.7692432632118145,4.315741645363044,9.374176598110708,0.3226385653847748
1235,cubic,-10.712026382616369,-4.652657199025774,-1.4142417326006518,0.10505688660932616,1.1791849872152196,2.101973873426724,3.5481969018926383,8.178948705192859,14.281961213001706,24.7217274322223,0.3457871106088612
1236,cubic,-19.565955671916313,-8.82362019035057,-3.2589854506936806,-0.3728159123990033,0.03242065040713682,0.8920706989934397,-1.3986626493990724,0.12516902517997344,2.1294535258814213,7.923326898414679,0.6114500574652703
1237,cubic,1.1668169444433039,1.862870725694128,1.8761090060003143,1.4066039992141366,0.7715918828361923,0.09643039644791454,-0.14107826642478813,0.1833565865998726,1.4159363363457018,3.790222218321433,0.05432364200377666
1238,cubic,-4.856825064766579,-1.3885321496000926,0.4847727665220414,2.1467436766095425,2.7020907132991696,3.247055164942354,2.56928644601009,1.9393854572037952,0.6080145509384726,-0.822051165262508,0.15976925205150438
1239,cubic,17.976383656887627,9.96247462410287,3.5253486686207287,1.5330674707550371,0.3325729875896953,-0.07785497382508239,-0.26181827475128516,-3.7004179328249673,-7.502751105494746,-15.062321328894761,0.4852118219379196
1240,cubic,-8.599223566418852,-4.709806994595448,-1.4580458524134832,-1.530158952433376,-1.5220867646797096,-2.655116158797842,-2.7366584942782026,-0.7679680086112418,4.621675003571588,13.086588831594627,0.44122839141507464
1241,cubic,-0.38386918303039086,1.992699778739416,3.496908390022974,2.8308708886394207,3.094774951786372,1.2532599637318667,1.493604029844096,3.5031807023976578,8.194812371748258,15.130564122415214,0.3353129232806465
1242,cubic,10.03977101400365,3.451508617462277,0.4774183762177866,-0.5027736416727836,-0.5160892212578554,-0.08879539488441754,-1.031867725028679,-3.6146388482712863,-9.221796038384241,-18.948303805884706,0.21260070454945396
1243,cubic,-4.946091529070125,-2.9791630375458507,-1.9918339755666674,-1.6691464091803931,-1.6894769959215648,-2.2825800074355653,-3.065299532157471,-3.8330479308454724,-4.443592945933491,-4.823256250573819,0.04272169172591795
1244,cubic,-1.6992780484559296,-0.32280404547552904,-0.04741812254886875,-0.4066964042563858,-0.8696844965788887,-1.0486396922403995,-0.40692198006556285,1.1395596006043238,4.733637417216049,9.46953907237633,0.14261272233257108
1245,cubic,-15.983406675701392,-9.740032427026035,-5.9895264332912275,-3.2912396193206384,-0.9752578619558877,-1.2196855059552543,-0.9610924066955717,-1.4450602665388215,-1.4123992108101247,-0.34155558694503985,0.4521780517173629
1246,cubic,-4.198692416569522,-1.1377504888176786,0.08448633418409009,1.1576141779924736,1.2481073396288527,1.1634148511793374,1.7597738112922818,2.7332456246776777,3.978917984664793,6.038615987139222,0.18482043959187067
1247,cubic,1.5499744046234996,1.4126668759255425,1.1186212630039234,0.9047324100849072,1.0957747915998741,2.0089761441672143,2.730712191402859,4.184355380066879,5.9931566205939575,8.897472181520635,0.21260669307059452
1248,cubic,-4.924279504559081,-2.483940566956786,-0.9686888057170374,0.07886830846610549,0.826146944516038,0.9431030364182701,1.2218288605745302,1.1231992998356644,1.2594060108088876,1.7022527113037038,0.0792234430656776
1249,cubic,9.709034998035074,5.49356495140255,2.4976894542529258,0.7316412775904317,0.09661284562956375,-0.06381751359463267,0.6228018781051441,0.9553010933575932,1.0158941788902291,0.7183945231497195,0.20075822904897503
1250,cubic,1.7872268630688763,0.11017027996491849,-0.36437201877537584,0.30909817101595477,0.8999813064322677,1.3648790195280103,0.9569081391790201,-0.7968143112547086,-4.52017472422023,-10.54337285751284,0.12618272569598651
1251,cubic,-1.7111213840261192,-1.6082545153650292,-1.1557609297697276,-0.7482709054189155,-0.5251297823639273,-0.8527443964135756,-1.7931480757978584,-3.624622986607875,-6.854906196781701,-10.975770037908235,0.09341732588973992
1252,cubic,-1.8872791546200194,-2.928715409301979,-2.5543143089699845,-2.5679084224606243,-1.8160655433831536,-2.2883877539239776,-2.6289197421503703,-4.176392393945453,-6.15474165438581,-10.419636783977152,0.1854562649286337
1253,cubic,16.737549780568926,9.082786609667561,3.389954508373877,0.7202147285050575,-0.7236631655642513,-0.7500682210815405,-0.5934540878970791,-1.2271424777354585,-1.4345457758796738,-3.9600073912534266,0.2021012857029957
1254,cubic,-7.88550080580766,-7.164266402463251,-5.569292889805565,-4.181168968899963,-2.856865257387502,-1.8305192439476852,-1.863273774819536,-3.2651999290785194,-6.197645758130984,-11.008094882976302,0.1600857772264523
1255,cubic,17.82928324861003,9.676178103004347,4.828566762858345,2.043258111947073,1.210033508343497,-0.4570887411864143,-0.7205550016143052,-2.3869342449205395,-7.350488300224284,-14.885046608182533,0.4136571776267502
1256,cubic,-8.683015832649277,-3.9593944199154607,-0.9829591943466485,1.4753071076922963,3.12139626592033,3.500954089930097,3.7464848992382067,5.659783358790151,7.656943795401583,11.186849579760558,0.44082503035065207
1257,cubic,-15.377068185619052,-6.980684955184702,-2.206274601082473,-0.21401067802972154,0.0015097252671276151,0.04186522288388739,-0.6631395209500355,-1.348757738953373,0.995408695569376,4.4995412227379825,0.2392847239304899
1258,cubic,-0.48230883548507664,-1.9869334179379374,-1.9167608493119164,-1.7057317623178414,-1.8719960802069848,-2.067259329972056,-3.337820505017186,-6.00132789521561,-10.323236156366615,-17.454888462094683,0.15747481795374743
1259,cubic,14.361071009683405,8.838969291600563,5.500473456537149,3.1514742295321247,2.1941536300955202,1.8772378249376127,1.3612277553211558,1.240151529844047,-0.4424634698763069,-3.359144631203717,0.31968258056444304
1260,cubic,4.901046066343671,0.7054903345517697,-1.2879746838467883,-0.6760000658968589,-0.2960794259718783,0.5920460585152828,0.6445808374709736,-2.2822668181324692,-8.866464581326037,-19.712640662392946,0.3764515105586132
1261,cubic,7.830041299452716,5.482767227462951,3.9059693405187335,2.9462873971332897,2.562833368737295,1.5896959450222343,1.7937860721148535,0.29387103633733136,-1.017102306723436,-2.1620129733104867,0.22645772061012426
1262,cubic,-16.889194405594058,-10.441923940131852,-5.6279955679670906,-2.394515370837749,-1.0710483112347737,-1.1356413813561816,-1.421541846196286,-1.3972718428102482,-1.2602629042893467,-0.36198700087375424,0.20716318497603003
1263,cubic,-23.81736995076693,-11.822088917226035,-5.292003521438086,-1.8923401630160521,-0.20201636008164758,-0.15857222729846515,0.4228269222709985,1.849886160985158,4.861808684111049,11.083077902069869,0.5690694616069689
1264,cubic,-6.41478865552381,-5.088429764173022,-4.055378905802222,-3.0982272251500946,-1.9528043383098606,-1.1131785629953619,-0.615276480387235,-0.43199985902935434,-0.7601448296188292,-1.6726302140153027,0.10330001807921323
1265,cubic,1.7840769280277236,-0.2128326376795634,-1.3751356396714223,-1.329094899896274,-1.336287817505306,-1.2902840303098597,-1.4294807641601883,-2.549729587042009,-4.759381274575284,-7.938675473861513,0.1549029910910267
1266,cubic,20.736223103744756,12.361916531680727,7.247910051054697,4.26381488374874,3.603481577331392,3.0259893329074354,2.2259630635808794,2.592278595303087,0.8034421245772693,-2.179727425343498,0.3657812263615223
1267,cubic,4.671686820832444,2.0123085925880133,-0.015296529320298291,-2.068907874053035,-2.7295061698638765,-2.669230848354898,-2.5644180743189593,-0.9666175781688116,0.7540003250149887,4.006762874867519,0.2060972424671766
1268,cubic,-2.258533712747769,-1.8660872410620837,-1.3545361464350285,-0.46754063764659914,0.32353356957505613,0.7401619607249467,1.3129901943447515,1.3895318829096348,1.5248884296112204,0.9645202595505517,0.097908778402518
1269,cubic,3.847360986555585,2.630539357014646,1.8834951111377862,1.4777998599345503,1.1822577839315536,1.0786337128141419,0.72574976523264,0.42616209404863215,-0.361257707156722,-1.6213326149382785,0.04606655051518139
1270,cubic,-10.844331429109854,-7.082107671596983,-3.0976739837677796,-2.907110061980486,-1.1400173219047944,0.21068215446311678,-0.5202303562983293,1.1554641967706063,5.467371139796961,11.582271694326655,0.5403743451954482
1271,cubic,-10.53403439103721,-5.120280210482051,-1.6604381043349077,1.434550165416777,2.205267235364007,2.8078981624347623,2.584679036928048,1.877925162789654,1.6090370808812522,1.6989975465087246,0.34604456046084475
1272,cubic,7.532828453907108,3.4186202134891563,0.9873386045368036,-1.046933961170562,-2.0871732389988416,-2.8518332972588047,-3.496840995968027,-4.585020524308896,-6.4583000295611654,-9.151830920265754,0.11724660984688469
1273,cubic,-2.086532185896091,-1.1843878060875555,-1.2495929155653152,-1.5626214762440425,-1.8279121335771722,-2.260051566847162,-1.6843329408978025,0.062305616002241895,3.702210541958707,8.722197564588594,0.17303220822503762
1274,cubic,-16.394787369077463,-8.793549160584037,-2.7914506806538717,-0.6088368843685651,-0.09252912179760209,1.2387463203536249,0.8844641365904589,0.5598357184978975,0.9234726605847244,1.7997443321900537,0.46061707310213074
1275,cubic,-0.3157511163383727,-0.27785700928130314,0.1948934782072752,1.1979949578333928,2.1403318167952303,2.8676407591416657,2.9963603375053256,2.2345024369943527,0.5961327248527503,-2.817437861505891,0.10497456272375334
1276,cubic,-7.105089882209906,-4.931934621233817,-3.094862105557435,-1.26000742757955,-0.9566293472061947,-0.3008748589759684,-0.7125439377609006,-1.9495935720014341,-4.199872749649517,-6.439663694523947,0.18321981431498038
1277,cubic,-7.259407560166332,-2.5936923752689514,-0.4589743568403972,0.8182822030694716,1.0211259195909748,-0.6326885685451876,-0.21411596878037803,1.4629673316861997,6.229466352853043,15.643619427112277,0.5714095075944278
1278,cubic,-3.205758735364026,-1.4039005507028566,-0.7256371946219864,-0.8429919114784573,-1.1772638006902312,-0.9735442813846293,0.14589736797308137,2.686748203048534,7.229363565302512,13.968256109720578,0.11943200429768298
1279,cubic,3.9167819206153034,2.6670905523960893,1.3397279873066794,1.2238051501661642,0.7378927920180415,1.3560830672801356,2.2991340962744222,4.468778750726825,7.320358580517809,11.376200970210494,0.14669680870346335
1280,cubic,-7.000218528847158,-4.258670520301336,-2.7642257699732005,-2.318583300763586,-1.3951882744744613,-0.6801271806664533,0.23201874949305762,1.8953135578453133,4.276239892714743,7.720622737019528,0.12369815049569359
1281,cubic,-11.597938257028918,-5.8528576375842505,-2.9107718796577924,-1.8393583322941296,-2.283275141199655,-3.328017987209596,-3.1163049460788157,-2.8815977990665993,0.24212023816598183,4.895144683142742,0.26137243412192895
1282,cubic,-7.41829557110597,-3.5950641292675325,-1.3863231062441628,0.2410457308156022,0.8746320082661777,1.0401799953172721,0.685085274518839,-0.08171814337261077,-0.44684024535934924,-0.7411626076552977,0.10586549278003914
1283,cubic,-8.274487550579538,-1.906673588719189,1.5638771971648604,2.647617285566582,2.3079371073594923,2.1567707418629074,2.0960338721774265,4.155289774539798,8.184268624133392,15.430849647482134,0.17175053103720345
1284,cubic,-11.705502355046912,-5.827886069905654,-3.755888011808227,-3.0419624041603988,-3.2434461618792687,-3.302283296920867,-1.1784204248454972,2.440597301395462,7.438688018361801,14.799281724981158,0.6478491234793149
1285,cubic,0.03622949696745681,-1.029838907536431,-1.3452474785016981,-1.0427885680018787,-0.6153952874837351,-0.13236840469576197,0.2652281353924505,0.14577575612269392,-0.536414740887641,-2.234294630537252,0.04415102691113658
1286,cubic,-0.7596305840131902,-0.8226731084011677,-0.5452224260027043,-0.09057234985755525,0.5222954545856715,0.9591065891989786,1.1444159943624581,0.8400753417898771,-0.10652205475244444,-1.8280748740905257,0.04263821295499353
1287,cubic,-4.219047863597823,-4.139992506214157,-3.6053202158885744,-3.2416245534670254,-2.4378623257736574,-2.1124558963466074,-2.419197297077871,-3.8369367439685593,-5.926320722188194,-9.589724614335948,0.11610246272309342
1288,cubic,5.033141697021292,1.639269486251111,-0.21608138151957756,-1.030998396206555,-1.227981082808978,-0.8481376956027722,-0.3331619763310852,-0.04222449536358468,0.08591400808481615,-0.4214795038911365,0.10352231003936709
1289,cubic,13.18352598701086,7.2121840855529715,3.2926129715374928,0.08800261630641582,-0.6030138359618493,-0.8927160700948846,-1.719763339409711,-0.9057617613424892,-1.1436127467410475,-1.3860034982324583,0.4675209053321506
1290,cubic,-9.08643251002967,-4.875134323558403,-3.350999489597796,-2.586475050343589,-2.0119187820075917,-1.7060524699872568,-0.36360941549661185,2.4517402251127707,8.2081624199776,16.776724068807038,0.16810182177354605
1291,cubic,-5.693506724609854,-0.5163499280903224,2.3101315159410425,3.3893786172044797,3.3790589959679838,2.4407489129484516,1.4682287366466382,1.143248552617791,1.9440030011269953,3.883785383258511,0.20233695868863905
1292,cubic,-5.426600615378898,-2.2288623861316017,-0.9797577239030659,-0.22333926860859193,-0.8239388957465407,-1.0949031502574638,-0.20785211138528992,1.7127896448042335,7.321405870598496,13.976540571506204,0.32121962427769984
1293,cubic,-1.7546883039435583,-2.60696797443846,-2.700569656916271,-2.704895147950939,-2.733342805781993,-2.8489952567032564,-3.499831636141775,-4.828968136254289,-6.988553103825372,-10.157164812213537,0.062238066592594246
1294,cubic,10.274918014249083,5.801487884311133,3.375568403752354,2.215564843584912,2.411142731953392,0.8512039188841942,-0.8837262605895245,-4.596897837845108,-11.586096511342681,-23.293678633367936,0.3298371653328685
1295,cubic,-18.57928490744272,-11.325041434917447,-5.969034082042622,-3.028157782011623,-2.7899038336490842,-3.917479719345181,-3.6238676945054302,-4.199106787446909,-4.088109842814036,-1.628182218935936,0.37354246656754037
1296,cubic,-5.392601333236944,-3.595414021616153,-2.068790943243271,-0.8166193264374874,-0.23025196683531143,-0.31620475724916847,-1.0964739940811796,-2.981311681029909,-5.790653258886007,-9.649402622610063,0.09686770358632245
1297,cubic,4.851182770510876,1.5520150424749322,0.08689789650950591,-1.2681432472180583,-1.4021031927963994,-0.8719460674801212,-1.3169380750071562,-2.3004824239799593,-3.8738959040122816,-7.429090285589621,0.23688103774740824
1298,cubic,23.433394779125162,12.525082868093497,6.127058381745088,1.9651223856857398,-0.21945166269945382,-1.4849386159145705,-1.5647230653866095,-2.552284542990035,-4.528409761511013,-9.419742110757717,0.34878086653721097
1299,cubic,-5.277314037502284,-4.944247777703415,-4.344770413687362,-3.6080401531293926,-2.941580665276215,-2.6052879345573543,-2.1276636934899744,-1.9441243221277082,-1.8226946197042806,-2.1223132928916977,0.10263554610541747
1300,cubic,-11.100176567788274,-5.7108041869354755,-1.8845939512354128,-0.2173990658633601,-0.2840740645434006,-0.2624340208479158,-1.0371098833983214,-1.3888081435166701,-2.2663184595939825,-0.6765981088647797,0.25550847547498595
1301,cubic,-18.46303074311721,-11.423064707829607,-6.247955477151431,-3.2816189230484416,-1.6544694435104152,-0.5936025106067163,-0.20533890796846702,-0.06896725773841633,0.3416832400039634,1.560683532245039,0.1239906444063782
1302,cubic,22.311063970472475,13.179937496288636,7.407899027100991,4.460420972638487,2.736346127601749,3.17751734249632,2.0808620160651263,0.9225476250311835,-1.537777495557412,-7.37960081334495,0.30923738274677043
1303,cubic,5.752522483640415,1.1429982097531584,-1.219848176792959,-2.4785042090716436,-2.3473422325744195,-2.0575473688484625,-1.6138481857028815,-1.9740860706243526,-3.085602404626022,-5.4972021588370605,0.1274310739503615
1304,cubic,2.6033650473977294,2.931972562969835,2.56593131356411,1.8577861465955978,1.0334891354338476,0.1604216564014346,-0.30079142581363266,-0.34113150384123914,0.33222420888789594,1.8908945014560867,0.03771868698478442
1305,cubic,4.418710050320458,3.9814507689560745,3.461896345738908,2.8433787158484587,2.5299525847946676,2.543154289713465,2.733869578077475,3.3762394855423605,4.784356995731788,6.177623008843723,0.10205251018134505
1306,cubic,13.602946113359375,8.382213113518874,4.252948127024098,3.2181366973921577,2.4101285882991252,1.5464801616525676,0.5544706927831802,-1.55679866389185,-7.955171481467055,-16.13219952361152,0.3819446987369252
1307,cubic,-11.07806561930595,-6.618083195702422,-3.9578354641170423,-2.7543984619050903,-2.3468920707654926,-2.2649572095259556,-2.583650431196394,-2.326348113956471,-0.4638106286708226,2.1695044729501083,0.23900995190369878
1308,cubic,-11.20330938961248,-7.334740459088373,-4.795087419903269,-3.2310523354744736,-3.0697046085148156,-2.155405241674976,-1.637028144690663,-0.8417578395864337,-0.1514979973258216,2.546951939249316,0.36821917863691506
1309,cubic,-12.264377720714133,-4.064406312446377,0.9822378439006818,3.080486702021384,2.9975396411269926,2.7961068964810543,2.2040750404992844,2.128738068958576,4.365028682463018,9.071770690475605,0.1982717289246249
1310,cubic,0.26074100222273944,1.1447019489617263,1.6542802135337609,2.055431596007231,2.3177046082777943,3.237314624307254,4.020623240642451,6.965113248533898,10.186059794267306,15.58137329417328,0.3668293138094515
1311,cubic,19.827539722386454,9.92151906073364,3.970505648920311,1.7787455648400228,0.008774793456735736,0.11480464694436304,-0.00247682813507194,-2.9233418327087417,-3.6767364294674483,-9.157917826449165,0.5912372058783458
1312,cubic,1.1078746298352193,-0.14096574851100774,-1.0882894681750888,-1.274041680667305,-1.1425371784142868,-0.6237555484613967,0.11448338436936481,1.0603432865601898,2.0284266270841984,2.9774976799828163,0.12021526153988633
1313,cubic,0.21487395658487396,0.10578316281885125,-0.06479572305923426,-0.347694520972202,-0.8112989704723256,-0.5428607849501035,0.16476934154301526,2.6177191526125716,5.828778490004779,10.708754204087084,0.2880061529050747
1314,cubic,-18.519085179832004,-7.903479703723401,-1.763105701810648,1.0487128140378275,2.2589190792039826,1.8754608989349566,1.3482820224972512,2.8305541471081823,5.520687446974563,12.079509549414741,0.5764009006565721
1315,cubic,15.95378067152452,11.34258586098896,7.043136576538562,4.2869531333226405,3.5163366361962924,2.6422922892006446,1.8596158696837781,1.0199528985343624,-2.827361000841016,-4.647742104682736,0.5241329656194481
1316,cubic,-8.710560888420154,-4.2960607775110615,-1.5835604708375106,-0.11564929191751894,0.7086307307000583,1.2787330580245233,1.8916617113213046,3.934860739158517,7.186093619889935,11.817464033534907,0.16317446534639293
1317,cubic,3.6454939659136882,0.17978207356491246,-0.7678793046942332,-0.7797916863604432,-0.7942809744442021,-0.32239960459618394,-0.3111204342748527,-2.0299571708951376,-4.8044557663621195,-9.593181869661914,0.26520646618433674
1318,cubic,5.205339742869423,2.657222272142826,1.1519548039159302,0.4485800233449453,0.006876491218063628,0.05451535261590339,0.6668251130606998,0.8381379993719855,1.0980960857204158,0.7735967006743885,0.10334717497326888
1319,cubic,10.970982911202647,3.9948832048047302,1.1575169575168909,0.45629823309542095,-0.5015818977687909,-2.0587896299512964,-3.3747029293574373,-8.144196514214645,-14.611137034089653,-26.189025218990274,0.44803523808968937
1320,cubic,10.956774354524196,3.493427967021286,-0.7622942992854803,-2.2775096895072293,-2.3184959015608246,-2.8609461966079803,-2.9451712828229892,-3.3517177809562098,-6.534933057314004,-10.804287516261862,0.45133194539149496
1321,cubic,-6.780242169700132,-5.1924624105447625,-3.674149828517527,-2.397750719267201,-2.2338718542721367,-1.932201861656476,-1.067993809694265,-0.2932187954093703,1.287582533602226,3.9575335172685935,0.24911603667639276
1322,cubic,-16.00296906348923,-7.919755549298634,-3.7650768356790407,-0.5501914330803811,1.0472889263628227,2.331237126279615,2.441216303481404,0.9952737122345607,2.898424170990951,3.2242024441029726,0.49206425463507214
1323,cubic,-15.153872590656391,-6.796904156433891,-1.5518061946502448,0.05983065090270456,0.987237048638151,1.2658467888297564,-0.6504213282873186,-0.13371363943042536,1.2693679558621016,6.251280376680982,0.4366991101849419
1324,cubic,2.4843700112660287,1.9277599497969824,1.2363042236698605,0.6584639890875734,0.14436856433645712,-0.0737668119507181,-0.03377620347327488,0.4812071041833932,1.3320330705995354,2.782418672319894,0.042925060463853165
1325,cubic,17.58923859274595,10.046406631900059,5.578674748719596,2.566640556191634,2.2227358551986067,2.2749377796154113,3.165483865085711,2.584343478815609,1.2048018315950737,-2.6247606211440364,0.3803501207845262
1326,cubic,-3.917470944098149,-1.1097166972632058,0.7842582714969292,1.5395941958634667,1.8655524707659636,1.898969090459631,1.9900537994750493,2.7040739171387953,3.9491441306515696,6.586446312828048,0.11130208045196543
1327,cubic,12.483009341806282,5.833296506415032,2.3331575137964142,0.2251091451811363,-0.20943520371608335,0.4348416068208619,1.3155795630172433,1.841605964376288,1.6914845696723912,-0.008402194109388014,0.21000414321332236
1328,cubic,-0.8969726111041759,2.105098015656803,2.73873065195269,2.552234764700008,1.727591920025986,0.6494098810141653,1.1160887053886839,3.295395074210419,6.489770879944507,13.562430744203777,0.298763246563062
1329,cubic,21.23119736558445,11.182925925520891,5.163888462868377,3.129528894969939,-1.3685375548656973,-1.7877833682780035,-2.8659730829025567,-2.2640990381993698,-7.874871245767421,-14.22815655352286,0.9023093281778368
1330,cubic,13.632198578562448,6.223541879115454,1.8000338883306544,-0.7125700289021724,-0.9840671041234224,-0.98489196293847,-1.622330592024368,-2.5894430443689296,-6.005453193599785,-11.598084427557453,0.26748312009227987
1331,cubic,-13.484442059367572,-7.179143099816202,-3.4774128606730637,-2.006788657186443,-1.6090084819484223,-1.3265799982361028,-2.0389025048256384,-0.31446555884168576,3.5794570953658766,9.5365943835919,0.35703906302234373
1332,cubic,-3.2371786472739523,-3.913944655136328,-4.680743957847832,-3.843698849806946,-2.86713023065837,-2.8334162492687054,-3.8262268764619485,-4.774349384566923,-8.43479945924038,-13.79647852105057,0.30364602490969617
1333,cubic,0.9535614273181342,-0.15924023916071461,-0.7869732415628987,-1.263515060728124,-1.9339279240362828,-2.7480903766533005,-3.9733773951716995,-6.235141413698452,-9.510201357182043,-14.172711565064436,0.22049394705280465
1334,cubic,-0.08130682729780084,-0.8480711958996499,-1.748393066217206,-1.9475601367826227,-2.4297741047417163,-1.7152395168352148,-0.8642715536142869,1.208583685605857,3.899042332935084,7.926100032674458,0.22337790287760045
1335,cubic,7.526235867121723,4.455339518074713,2.604436383688183,1.7680004233083189,1.507697373371418,2.127438559779841,3.2825683863704898,4.703360478304371,6.199521027484971,7.883614382671542,0.14046226214544705
1336,cubic,5.204488397748089,2.4926353000222568,1.8212992803560593,1.5125826991443132,2.225131866978258,2.804400963697354,2.708002362717023,2.4871021073486865,0.9323978791712676,-2.220402519769445,0.1595614126378546
1337,cubic,-0.8291211638131096,2.267340005781917,3.4625224250826236,3.7000699213571893,3.175541948563113,2.4357851040508773,2.4668188331734373,3.6563866904542133,6.454808520410748,13.06429219863537,0.30658126545984027
1338,cubic,16.298509016559166,6.930055905855163,1.2965968821031244,-0.3897805593312844,-2.557079323147865,-3.9881181135063972,-3.915114718261201,-7.137125243744131,-11.111414698892906,-19.369932045767534,0.523826299178823
1339,cubic,6.758908289188051,6.001628022799146,5.027138035219832,3.7542490893547016,2.7279827156222964,2.1270794520032377,1.993817566543651,2.865241682822779,4.463921348640916,7.373373025082243,0.09746579156274872
1340,cubic,12.458774358661426,5.727066745749194,2.5019430758047876,1.1310169830737822,0.36085659294629013,-0.5744020568499788,-1.5111182145391227,-5.122469502464886,-11.291908199317621,-21.266684424076818,0.23594568941484897
1341,cubic,20.59875193114524,9.731140057122248,3.785720814216363,-0.12246573308760539,-1.1079213337549323,-1.7335131861891864,-2.739866848489634,-3.5223967446449937,-6.047244916109261,-10.902049784242491,0.30207957412851383
1342,cubic,23.179626343847197,14.226348813301225,7.703068482845955,4.780210691321424,3.5287596874687734,2.3693842443293605,2.890948707855571,1.7396872143270783,-0.9310311933049671,-5.208670949504033,0.3835591559935255
1343,cubic,14.564593787897161,9.703621153140997,5.449861346292053,3.4848528660612135,1.7890500160883556,0.4323847627604392,0.5351189106856676,0.22118483858609478,0.0819354339432743,0.5476604257981619,0.3849414194972979
1344,cubic,-9.83930712178768,-5.219286409231448,-3.7699892844520266,-2.4022273499742344,-2.2791187702056446,-1.9968865629534667,-1.6337480445205357,-0.07336585710389601,2.5945523243896904,6.955636182961621,0.2388356324571389
1345,cubic,4.390491752882924,0.19939706920194125,-1.3793981184328101,-1.4081409996498657,-0.4249355761726582,-0.38233654800642813,-0.6583695572195416,-3.905061416622144,-10.208347105323853,-20.605306686084372,0.17491499089615778
1346,cubic,0.11482978300581256,-1.5300107484266208,-2.498280194512133,-2.945772001162734,-3.0383630147642213,-2.9075069495651293,-2.376843065688547,-1.9303007819773699,-1.2767425776650205,-0.823883353549945,0.09196228051386529
1347,cubic,1.947295230244652,1.8915754930006787,1.6770257915585594,1.0323521335376926,0.1665823654039188,-0.3360385157761094,-0.5226162752188755,-0.32046240223576955,0.6992185367070064,2.5742987627039473,0.07048225341635211
1348,cubic,-0.03066780582557982,-0.9550230614547703,-1.6539870450594896,-0.326444943571099,0.6110299651096732,1.5605907741234464,0.43560752545759573,-1.7826587880522011,-6.652403307785702,-13.66670044112262,0.35151380387661035
1349,cubic,10.204465315364756,4.8898575077310005,1.1880113380035386,-0.4833615357084129,-1.351026364501291,-1.1734778010975635,-0.715532903331364,-0.21251132017068297,-0.5153649090941408,-1.8649953030450521,0.16819041057736936
1350,cubic,2.280886941521932,0.20567130567303643,-0.7226469988622768,-0.8749751641966304,-0.43518583718406195,0.08832030067364334,0.20678954924981843,-0.17953067131337358,-1.631494587902764,-4.65548062194618,0.1597570709186724
1351,cubic,5.18812100091224,2.03099703686052,0.8731114048245914,1.247117140495403,1.6034135117368755,1.4908176393012316,0.024113166733735328,-3.5481780670765777,-8.906166859546873,-17.944464130824326,0.16686493632620839
1352,cubic,4.519446678526421,1.1690361941787082,-0.5970620200619112,-2.38713320339621,-2.545644962733736,-2.5055364321265445,-2.028552976667732,-1.2288458316578728,-0.2718267150229523,1.2191503198357176,0.163685485164184
1353,cubic,7.0062327022990525,0.7707975411603041,1.1741040228518582,-0.4856209909051543,-1.6097155512798442,-0.1739163932580699,-1.0762696178948188,-3.741219885762021,-9.261390348962147,-18.931757065504556,0.5715200501090276
1354,cubic,8.821411019886327,5.887890064619574,4.409977766171434,3.6134609408559815,3.1102207493037723,2.639287056034472,1.587733211685529,-0.5351290735740704,-3.6616803905396673,-8.966436585630502,0.10228864243825558
1355,cubic,11.747311179320171,6.299273297764011,3.2497337081294053,1.869115059630409,1.7194540167846464,2.448733006015974,3.2188616195003084,3.770860667311593,3.2780618219057813,1.6650427560049823,0.07078288107096235
1356,cubic,4.561149433590151,-0.42321847065031837,-2.1874142108116006,-2.9990466098164874,-3.0472066861085163,-2.3313991511138985,-1.8998303851598437,-3.1580112045882016,-6.607481204520395,-12.496576823706075,0.29276663700293704
1357,cubic,-13.693755130934045,-7.39352698128357,-3.818729835816195,-1.4199799384914902,0.555103716141959,1.181452814257602,1.4542538955562714,3.4065496291080115,6.330012366360895,14.489536272372604,0.590401080286036
1358,cubic,-4.355248383468194,-1.5740660393355848,0.46311376133022725,1.7859495910986252,2.108391373526397,2.127986573141292,1.8299466685427743,1.3217851117562138,0.43803979776255064,-0.3236856469599837,0.14653094572343356
1359,cubic,10.829842681721049,4.568630181836136,0.6824873432711628,-0.857220010606306,-1.1660813664323462,-0.5571253905422027,-0.14278089086414592,-0.9840271227521953,-2.9206503083025863,-8.66759062834283,0.37833061044948557
1360,cubic,16.213850855691124,8.866012191945378,3.257436851547605,0.9521518459667895,-0.4397709067369608,0.507405998124778,1.2270374415883425,0.5151305181987245,1.3299414321587741,-0.06202514791753305,0.46166898732087175
1361,cubic,7.702963255421295,0.9929741745040708,-1.6487522265832695,-3.373485573797448,-2.3597045618874994,-2.665616843665897,-2.901922100573087,-4.292354727088439,-8.213210209351368,-16.134517804467954,0.47396786559544274
1362,cubic,-9.207042699603114,-4.364062972009128,-1.8794496795231632,-0.45345416367306063,0.2588031931279669,0.908387282644511,2.3061055185275743,4.7797594723915475,9.621797618712609,16.991317624704973,0.20198943070255937
1363,cubic,0.8334477690310569,-1.4377881141391702,-2.448901527554275,-2.4498504448473857,-2.0549679316445992,-1.3068011729539175,-0.6184226733611567,-0.6566328562189815,-1.5279197433012528,-3.5629245089136936,0.07267876633225107
1364,cubic,17.701365045647172,8.443996063693156,2.965901460913687,-0.29861980731300697,-1.6821841386476901,-1.7999832119217447,-2.6930029818746917,-4.363901811227874,-7.9059760806987995,-13.48607817316803,0.16941892055945304
1365,cubic,-6.707103527725474,-3.958656830082676,-2.325048208345034,-1.8593812329455448,-2.0036726518751458,-2.3694557477159814,-2.6086457774957323,-2.245701622604699,-0.9533967896219953,1.6478467461431916,0.04658172653288035
1366,cubic,-7.493549841653476,-2.0832929964681974,0.5573082081988712,2.3686107212283445,3.183918353334636,3.665704736352251,4.908696791732224,8.78241083215379,15.425910786640856,25.53277176285276,0.39774610515612707
1367,cubic,-8.347467458970796,-5.549869872201802,-3.3197999187113285,-1.9455530579138354,-1.3083160593251508,-1.0704408091771551,-1.4374632178425257,-2.3220907907274437,-3.218749478373428,-4.8354436279059225,0.08600097748262214
1368,cubic,1.4554473000706611,2.2632754770355406,2.3284513061072967,2.338850719385616,1.8427331557441313,1.708661425186466,2.0025397510343437,3.0910302156945906,5.492427714474252,9.189053863730896,0.07427714774662281
1369,cubic,-16.790133988016304,-8.41069957630802,-3.1675254226821865,-0.5800072572506652,1.4463507251699033,1.8482134522527616,2.3023686991485746,2.417126335535501,3.9372607713308656,6.5954799624738785,0.2521007040872435
1370,cubic,-12.781053969456648,-6.550176222510014,-3.228728773042692,-2.112779632364228,-3.2747305607655894,-3.0680445460273376,-2.4773033745756647,-0.9504845565203512,3.593900533020371,13.391891796991038,0.5535952243962654
1371,cubic,11.353480962162555,6.8438177853573565,3.7986702234434837,2.2320243389930594,1.641321074889183,1.874140488596552,2.7452256256186134,3.931634755843792,5.222496977431867,6.395650685397245,0.06462965048378051
1372,cubic,11.203041408145086,5.269059410586022,2.071798018154521,0.20721318901372493,-0.327621167741832,-0.15040480796709105,-1.2973812990366669,-2.745742031337625,-7.013853123758121,-12.7675872377602,0.4675525682039621
1373,cubic,-14.269470639002844,-6.544816908267568,-1.5086275429835374,0.36619859597783044,2.3296408665925066,1.3131483901921552,2.002256229115001,2.1459209036421174,5.167473375580959,8.625678279365507,0.5115792015227768
1374,cubic,-9.610685818964212,-2.0804863728928136,1.8654917574140097,2.160569829372475,2.455726591699995,1.5820075579580726,1.3729143861458606,2.543796603818439,5.894807685173574,11.548496257127947,0.38176319021977534
1375,cubic,6.199161288235471,2.3096955818063742,-0.0844630822363186,-0.9450899409040645,-1.711539802649913,-2.2585805699622363,-4.61047503750558,-7.384176230085791,-11.76402214683582,-19.616784430714944,0.3274791391377015
1376,cubic,7.198835959220041,2.59156125808868,0.06383957651586974,-1.878491862338558,-1.5402607287975933,-0.047016282797435194,0.5774918391988115,-1.0758689042412182,-2.178704396735432,-6.225592983938754,0.3213665172874737
1377,cubic,-6.252637919297629,-2.1527226489793505,0.44820293659045524,1.610426465561746,1.7169042539199382,1.9751986333222045,1.4067854870081828,1.2321175601914818,1.591647697273796,3.1166087184918725,0.14405516658905948
1378,cubic,-16.375119802991044,-8.537985063662155,-2.98305867549603,-1.138478876233212,0.9043371239082512,1.5670363579939541,1.7074080357271364,4.698818101055505,6.8858652489492425,12.100584810227204,0.5582170131236471
1379,cubic,9.377693203039815,2.336966407409278,-0.96827727741879,-2.852218091318803,-2.2476635539541405,-1.8542600987234459,-1.0400000093925321,-0.6123636048234118,-0.6327986487789286,-1.7342286051176508,0.22275386638837988
1380,cubic,-16.485877434889204,-9.099124759676613,-5.205138516533159,-3.077787976109325,-2.7687234849747138,-3.1215196027497485,-3.486876044787003,-3.493171570187916,-1.838143399898751,1.8744385921320916,0.15347587108996505
1381,cubic,2.764747709659066,3.2543824015030216,2.9842307330853894,2.6147260200412337,2.1383437880270932,1.63974536992995,1.6239702415460906,2.330788843637723,4.04555910834619,6.817912261592311,0.09058096778468593
1382,cubic,-10.019756922523756,-5.676031794343279,-2.750685713621419,-1.1775506381147143,0.03627004153305027,1.0692574703719329,1.318696520448238,0.716669597109326,0.6173541548373122,0.27245244603917645,0.21102346508463865
1383,cubic,-12.115001405277033,-4.831229044192913,-0.24287018631161195,1.6244168654011055,2.1592025312417724,1.385037251447798,0.0018955421038733544,-0.7262528433318738,-0.9388582839725623,0.3366383648629846,0.08154679799388576
1384,cubic,12.340460349827465,4.639163947921518,0.28919009328334255,-2.1830322043573775,-2.7809562997831816,-2.8769173440179965,-2.3056052210178075,-3.2859806636869395,-5.11977638733817,-10.36040132071671,0.2508237915679377
1385,cubic,22.07501502301595,12.463362801368891,5.175751565943449,0.9893114839198338,-2.8986327841091475,-1.5224356987520529,-2.1914814754093395,-1.5935614140265058,-4.042599415331678,-9.44609086659716,0.5682444458966878
1386,cubic,0.05905940297106911,-1.050459636416933,-1.5279317683100249,-2.0289682019844264,-1.7899694666629478,-1.2105730269839394,0.3050770626679818,2.872771668902166,6.53769749560713,11.226719427970613,0.1448334488154628
1387,cubic,-5.8661368391886874,-4.46337915882825,-3.4736337138816396,-2.857734584835122,-2.6670101958009385,-1.9971069836751363,-0.8035664104701592,0.9135889654946712,3.683438637264104,7.982267796245097,0.07941233567478387
1388,cubic,-10.600406482732442,-6.357772130870303,-5.049010241940941,-2.130443219300375,-1.0706687748748818,-0.6700236794649848,0.42025569002418417,3.6359885296701893,8.473110157375892,15.406329013230176,0.5233167802016296
1389,cubic,5.122831853657328,4.076681094601521,2.4697108959969616,1.7954620817927105,1.1442641319892726,1.5452274579218122,1.9626227801469835,3.3640088612167465,6.31143343085403,10.168628217814886,0.20198879728149693
1390,cubic,11.502529270362555,5.665741959788135,1.6506274673431907,-0.4520909194894125,-1.4489873285235721,-2.2989125195941527,-3.0372102755905384,-4.136239773849727,-5.657055953964755,-8.47035827757894,0.24926759264680914
1391,cubic,-8.846700776694291,-5.885275584883741,-4.057460016613175,-2.976800302838301,-2.6364818205850185,-2.581097476279536,-3.260173089643127,-4.000988202153822,-4.854822059564717,-5.783566407603291,0.10473597008644725
1392,cubic,6.1961341010387505,1.3417332733619869,-1.5830292115374434,-1.9537824958467926,-2.808892439798909,-2.1730309467572435,-4.136930363102134,-6.201838513907066,-13.91923470016449,-22.752789970933616,0.5815279791041387
1393,cubic,8.232098892354436,4.302907058678048,1.67212703853657,1.2261609729642482,2.1288312745964793,1.8288649191078865,3.5205999854209535,0.7510583149862835,-3.0729328996817307,-10.9901175333828,0.4579850174894056
1394,cubic,-4.529009628419357,-1.9842092299992482,-0.6194600664819605,-0.6738874410035689,-0.6462683065350922,-1.1848449179721448,-1.3799516062855528,-0.6336582054321717,2.3495497886742385,5.727203162059748,0.2513546450947662
1395,cubic,8.981530689749304,3.8415132760977078,0.8433042517453887,-0.2472315388103341,-0.8153795282645452,-0.736115163073854,-0.4391949245573414,-1.373447590336908,-2.6645145116974516,-5.976332767031664,0.15900536549330227
1396,cubic,2.7008077237748127,1.8277409529889586,0.8018010494360542,0.8337338405642043,0.4980951023612623,0.5538352891629135,1.0090691938772682,2.4732111677531097,4.143045835726648,6.856388999738782,0.16934780079120468
1397,cubic,10.425153835347395,4.310252357387091,0.4092389307516807,-0.5090186020723775,-1.079188746507903,-1.9101344606455606,-2.602597391957317,-6.393095658745237,-13.013448358801991,-23.64733418251685,0.24972133364238241
1398,cubic,-3.764646892929989,-1.5013139485102616,0.3336534104546222,1.6129701338399092,2.3461404479393093,2.7434478537682057,2.3363102258977326,1.2520011382763023,-0.26557499990434197,-2.830139418969568,0.05629773548069782
1399,cubic,21.12906070674457,11.730297824889433,6.712959117574423,2.8860070411781944,1.578649430954286,0.5345162039317505,-0.4408173350719953,-1.9076317490676349,-5.597256149821426,-12.152798907196313,0.2583939141832457
1400,cubic,-7.632537749029387,-3.675146142637101,-0.7019963919759601,-1.0715068398207153,-2.2004185480808536,-2.0534827098550177,-2.1911487470616207,0.10415977312294383,5.579120479084593,15.671122883516523,0.526719493148174
1401,cubic,-15.562625848869121,-8.21132571912447,-3.7128233286643035,-1.987292609415025,-0.5030071755130603,-0.9133484492791925,-0.6055533962485826,1.7144078021160818,4.882518951086863,12.420524929837784,0.28878649825361
1402,cubic,-17.342318249093907,-10.421757207615649,-6.0470384789583,-3.470755861040492,-2.5076705356131113,-1.6124264416639862,-0.743906077723509,1.4990716890146047,4.689632867056678,11.065458789648385,0.26443036605810455
1403,cubic,-19.774913705445286,-10.559707174523307,-5.368263965949097,-2.2327213394660568,0.7739438870253663,0.5907102193056217,1.5173815382839,2.8161983698067745,5.62124376851862,10.477455846845618,0.41008617275975723
1404,cubic,-2.0641278163402217,-2.5142957744045886,-2.324040187874962,-1.6172194712089398,-1.0780946074264948,-1.1786595586136719,-2.114915350087762,-4.618955427693776,-8.409680976416876,-15.17792654011631,0.11632288294036196
1405,cubic,-2.8409418666619866,-0.9213831204919083,-0.17390269242871145,-0.23634670981671568,-0.9524496329543418,-1.5459357166027152,-2.1262766758545903,-2.038913941096734,-1.0429224651878661,1.1705285830626662,0.051122849583857606
1406,cubic,-6.214181955120285,-5.220115543239893,-3.948083703406221,-2.726962197415919,-2.231308379998908,-1.64317892386598,-1.1604698784341048,-1.815932478441781,-3.2768253965594294,-5.231965900097492,0.14253627156956888
1407,cubic,-1.1655061802293123,0.956139379085214,1.8438857400442967,2.7378140164800358,3.0072663346171553,2.699281924170082,3.6094002776234775,4.070898244488592,5.968643778830347,8.713251075108264,0.25323862849045575
1408,cubic,-13.679577082603052,-8.403861394751077,-4.659383872712789,-3.1500619540523207,-2.977133073626763,-2.7267971401302993,-3.6934951080658265,-4.614102682999094,-5.1802076567090465,-3.9507154144647885,0.22668878843595347
1409,cubic,15.701051048763672,10.227446299347971,6.163186485942836,4.287496871347683,2.8060961780457223,1.404499894449461,-0.10146073589939364,-3.340151736503901,-10.826546284722642,-20.39693825344578,0.6998833521492107
1410,cubic,-8.778179953481503,-5.024435059499464,-2.7424489464574053,-2.058263624545678,-2.448269287562904,-1.6068225409845873,-0.47018016446663774,2.9250017801778956,8.660999742722147,17.559720840098585,0.344294345066049
1411,cubic,-7.28011509621149,-3.812129253649241,-1.224698154774795,-1.0546554022013535,-0.5690328448465612,-0.36425430623341054,0.019838005212703347,2.1222762048924597,5.786641001838326,10.954253523134529,0.30720981388844715
1412,cubic,-20.53451903878227,-9.644690466762839,-3.033811667597977,0.24050058824547327,0.09731782791949617,0.7964420907899247,0.15861922293569364,-0.11915667029046949,1.975550537724315,5.8697801926574735,0.3859348802747261
1413,cubic,-1.3538082542093715,-1.0190156589377524,-0.6120205773139463,0.12733023428565324,0.37922741096984264,0.7292388208511792,0.9891634061104373,0.8695910013741144,0.4542099366462733,-0.33067960698884585,0.07561493648314066
1414,cubic,6.34575702806645,4.733710004375927,3.433825509234813,2.4946298255360335,1.5783806267356524,1.0532876576756205,1.1178382809259177,1.843365855575127,2.8433553238218057,4.351880647610367,0.09432034739364431
1415,cubic,-12.939904349617517,-5.652504545648256,-1.4623903351939462,0.9485211088551204,1.168910944285864,0.34243751830246255,-0.35421546036057994,-0.658378884237646,0.6117364838921979,3.170370873772692,0.18684412156412616
1416,cubic,9.250971800914662,4.170216740264208,2.208541144721604,1.2331448698074843,-1.4071065115248231,-1.4779398575871094,-2.734720596811951,-8.715293498084383,-16.168815253079806,-26.83074645694402,0.6997190918169599
1417,cubic,6.133629963443648,1.9666698113218097,0.5775068101101277,0.3858555656370652,0.6866808252944429,1.1747298704155233,0.7212721037536458,-2.8412180274436616,-8.239739558869887,-19.413518163809556,0.5059082919681434
1418,cubic,15.156977041271576,9.280478172711648,5.67460816010088,3.6738635847852663,2.792680297414233,1.9623290287271895,0.036514975875916456,-3.9080808636735176,-10.849400507301214,-22.481186331923418,0.43531240689740947
1419,cubic,-17.783596862059888,-10.622247425669524,-6.041284489447709,-2.208795413890368,-1.5129838000247404,-0.3956587703824505,0.0015602846084477595,-0.08130986933545314,-0.007471384001531106,0.8940896862454748,0.2755341824937062
1420,cubic,1.3195037393286548,2.642888472095935,2.389936248689658,1.7143146044204667,0.7031144922833286,0.10350015965916226,1.0456780645524635,2.871923552718555,6.879352046435369,13.779711913594507,0.09043756548735742
1421,cubic,1.294937939715639,2.1166469311305023,1.5687548114017285,1.1179996248813773,0.679687338821549,0.21430871732483464,-1.8821110109505947,-2.9867872855805584,-4.592175092838435,-7.461233424073454,0.27154158483470864
1422,cubic,2.796531408444572,3.5079088358658734,3.6882313517638114,2.929597629712569,1.9676722629034271,1.3084651267438472,1.4481432142003439,2.809557788699206,5.980313036798228,11.163043597445249,0.12761873115704095
1423,cubic,3.8832171291145814,1.5843263067396904,0.5091031786211604,0.1335014512370396,0.5256332650730884,1.487012227856636,2.3868895923214377,3.260092367232967,3.907432259992999,3.922602475961961,0.07581054148730179
1424,cubic,10.662587696889629,4.386297038691659,0.6245231974343176,0.010393734173313462,-0.7341686075761424,-0.02797881924523482,0.17291834215390106,-1.6653152791577086,-5.271100382340167,-11.258058312940845,0.25482995002807074
1425,cubic,16.226230760230166,7.3587182441414924,3.7959798548288015,0.8134021850635149,0.8277658619469375,1.4420714591886934,1.9271960803181456,2.20178860875216,1.534345446963241,-1.0060748768002017,0.392638063102912
1426,cubic,-12.041658103374226,-4.594678966846902,-0.054467178373304226,1.5888433967680515,2.3140073687342837,2.9544333393557327,4.388511977646736,7.728302691646077,14.06008167996544,24.773174752016498,0.21887610859991388
1427,cubic,-10.140241166519141,-4.877714598103725,-2.7051559980389346,-1.77815691225808,-1.0831822685487023,-1.6350396064287755,-0.7327292550317756,1.4862128909730055,6.126377766782419,11.944415314835624,0.4075566958422105
1428,cubic,13.760688635609538,7.613176740537124,3.455086348080831,1.0941654835507186,0.6553790190034687,-0.8438252226453288,-1.529342081266917,-3.063465924950575,-6.979764955721211,-13.329305155550488,0.4044462790805877
1429,cubic,7.20114862799367,2.40088485375192,0.059581027322004876,0.8074876332186403,0.8125003342135185,0.7156408923693862,1.2287959900179721,-1.0034444739884143,-4.907737083489319,-12.084065975313381,0.4561316130888592
1430,cubic,5.565934595720611,3.8800788014147733,3.211493555727361,2.7247518385423266,2.459511511067818,1.8399414509767875,0.30047453481282593,-2.1646599067943146,-5.97912219389161,-11.643981561512748,0.12488636695158073
1431,cubic,-5.281845509892044,-3.0813558386927373,-2.0749415304321785,-1.796339463406862,-2.3674698536428775,-2.906072773853376,-3.837174347901986,-4.32711308137924,-4.4068315510255,-3.6864579247133045,0.043523225515681704
1432,cubic,-15.375869663675141,-7.746332690113173,-2.808126692470973,-1.2183710903530036,-0.5144511970250383,-1.9280208870215527,-2.5487077879492537,-2.6900067074151774,-1.3278211680333007,3.407406841292923,0.2788289565018409
1433,cubic,3.418250761991463,0.5825429079422231,-1.4850055540210745,-2.6797529933742954,-2.436024561809349,-1.9668702505253246,-0.571427505257624,0.8274110313072228,2.8179870760151076,5.1598202638235255,0.17251465123793094
1434,cubic,-6.610887703077729,-2.804173867575622,-0.28724404215644284,1.5622404698017753,1.5687376765961187,2.1723187831585102,0.6552901677050356,0.03227249121160136,-1.4264827976244336,-3.849235323433784,0.2424865882294754
1435,cubic,9.104552987767661,2.2653984601835475,0.37424492862112946,0.17507794607157945,-1.2451781506764488,-2.698520847923431,-3.7925467310719907,-9.601713849221236,-16.127162289202577,-26.766863252902205,0.9201017846102927
1436,cubic,-19.47419657156247,-11.373006046881814,-5.836199517670943,-3.4145258941329533,-2.2426135856084226,-2.2827631293697226,-1.1074347895336187,0.9776451823335195,5.146219448370155,12.462384914724225,0.3095631314521238
1437,cubic,-12.21445547926734,-5.3553662182667665,-1.2776276802631523,1.2098418866510658,2.383823289157129,3.5994115774302293,4.4795553514863675,6.640458468757955,10.749067277478709,17.650976306023185,0.17395777109198893
1438,cubic,-10.170426918072211,-5.283616201592453,-3.087852556345639,-1.5356841597116573,-1.0294348294162659,-1.1073935211367396,-2.811217448511561,-3.9874015177986943,-5.505415398305583,-7.147270456710209,0.25625906899893935
1439,cubic,-19.251986922376172,-9.450275694203688,-4.852448388052868,-1.1829739119103349,-0.1743423620381826,2.3334835548222435,3.127356895619872,3.718916744804063,7.730697518896342,13.813805837662615,0.5260181778061506
1440,cubic,-12.21319665861231,-4.684962486013979,-0.5954738999674781,1.3114778498493718,2.5779303009681587,2.446153684780599,3.157637878588009,4.0190473805589635,6.859254484092349,13.162400683385364,0.5103482650152146
1441,cubic,-16.162314982492965,-8.59436992162235,-4.068975832967832,-1.5892322282524667,-0.44486297953291315,-0.003266591084784415,0.5780123071095236,2.5151360730255723,5.451849720734225,10.99364396683849,0.18222402618747346
1442,cubic,-4.430052903259351,-2.8030275323324254,-1.002296411133411,-0.008296434827543414,1.0265831152816975,1.3921503327137172,1.1010511774351346,-0.43074745634452827,-2.737554594177974,-6.526755855059606,0.0957134041071312
1443,cubic,3.2639171450639375,1.5932429977563978,0.32032895958497076,-0.507152343747879,-0.875103253741509,-1.1237028482850808,-0.9808112982597823,-0.6937108554557998,-0.2344408228753221,0.19712408300224438,0.0347880981570902
1444,cubic,-17.86475645310983,-8.822242738375085,-3.534610320153236,-0.2133259783901208,2.5383103602230843,1.763032640454369,3.281487466909453,6.949433320254599,9.07590520840113,15.816275947834333,0.6941219425898874
1445,cubic,-14.077238602104556,-6.773943277968998,-4.421223228145288,-2.7098106509172695,-2.9412592703631724,-2.896591848424682,-3.4965785878958773,-3.5259374960539365,-1.4350470165198033,3.202748496381081,0.29121545388145076
1446,cubic,8.887277617823564,4.584969115888386,2.2083518469612735,1.547673759068946,1.8039989631235316,2.4018357368851735,2.5354769868577494,1.6925887200395673,-0.7809910732159556,-5.321984733610637,0.0694613325457608
1447,cubic,-5.639808336151039,-2.5255869756701896,-0.817683061892321,-0.5872156269577863,-0.7740526356196389,-0.864137676023202,-3.235094899763603,-5.426848295401352,-7.788464728296687,-11.059049958850611,0.3011314963252001
1448,cubic,-11.078881756806393,-7.530124699149045,-5.629114078618964,-4.06399561878016,-2.8327799214137848,-2.3003466447822722,-3.08658374487574,-3.39248175970918,-4.40611292622053,-5.104260965428845,0.20145435468161216
1449,cubic,-0.21690118851735304,-0.40093865341586243,-1.0420682137561192,-2.0976021033587733,-2.2431024472994165,-2.304860734497521,-1.590636035915197,0.41266892697354496,3.851182090985684,9.386088913978801,0.2039627972163015
1450,cubic,16.733141786406367,7.410687421704628,2.9421169222398245,1.2531621244316369,-2.017665127817787,-0.7808214026901341,-2.830976281903278,-5.162940667980598,-8.599114173238537,-12.88088272320948,0.5380083773252216
1451,cubic,-6.6842419651671445,-1.8367731617677618,0.5661640461833084,2.0491931901543556,2.462774528543833,2.687251210065431,3.491596813802853,4.83625390263128,7.907233078517818,13.490220257081662,0.10354931305719962
1452,cubic,6.625317066910192,4.44399477434391,2.069730705497727,1.5060230424217087,-0.3491917051364021,-0.8643945644340725,-0.9950489075467147,-3.042214313818284,-6.0315678368740695,-12.6601951237973,0.46900168187102054
1453,cubic,0.6400967483215424,1.784342120030506,1.5893339462044782,1.0000555138148184,0.38477579267036244,0.07411261044078053,0.7278372673627362,2.816815751620778,7.625821130754173,13.883280241196456,0.18799014190135738
1454,cubic,-17.263741431902115,-8.560107448962713,-4.764716386392139,-0.7284604736702471,1.1276395689269236,1.698136202493555,2.967517793290525,2.206653363093728,3.9784783848731937,6.968789816477602,0.4102236104732869
1455,cubic,-7.228812428403784,-3.3968927078044233,-1.080834408999315,-0.24562436000107424,-0.2565409359740604,-0.4481792979781627,-0.7085412607447974,-0.942008325429955,-0.21175978315792213,1.2566968982248667,0.08932576962607297
1456,cubic,-0.8393594385056503,-0.784145177854001,-0.39171371704016,-0.12582471761409475,0.7180331118966208,1.4592248512009112,2.411318420640133,3.474025892897277,5.53027043183769,7.632560708678364,0.18719100071024874
1457,cubic,5.744529939116911,1.8197999400096811,0.4643600452597709,0.3001260431680063,0.5194681542604905,1.3594755137937349,1.1337861510772793,-0.7345104081852791,-3.6572748348464996,-10.427911440930098,0.24955523722209516
1458,cubic,-14.078641212365568,-8.413591837844644,-3.6065898634207323,-1.1890205097196898,0.8580085993343833,0.8177260995158858,1.7472356335869739,3.0537945138609164,2.2720771570061107,3.5168053035380153,0.4664731266964605
1459,cubic,0.816080943040028,0.7111855908825031,1.408908005148347,0.748782804263062,0.420461407408227,-0.18428627969982578,-1.1812906691795833,-3.668018650247346,-5.881686591944688,-9.06758644115652,0.2407118554217052
1460,cubic,-9.645989965884112,-6.03273261322519,-3.618257091745881,-2.3250412690847986,-1.7857765403995436,-0.9880968365096932,-0.28684566463280037,0.7460948815501894,2.8791571521536405,5.574678854346294,0.24976454961881167
1461,cubic,14.531222316375644,5.260520938489505,1.8718029995513483,-2.153229262152087,-1.3302314850499495,-0.9765944854599046,-1.4048672386110665,-1.1509266484771288,-5.022012385833014,-12.38533165723518,0.6363473296661816
1462,cubic,0.9072240431183034,-2.7784796524912756,-3.788034371993957,-3.5529118017794823,-3.105967565121027,-2.4193086016549237,-3.1364813636896347,-5.143737467066423,-10.626004352770476,-18.944337937354533,0.21776041383196307
1463,cubic,-17.005826913485716,-8.9989059443297,-3.379234255611229,-1.1547943819347628,0.11021633579091697,0.0887037250959136,0.8792727729383639,2.8843251009708166,8.51634180111823,15.840529367844079,0.34512653110082836
1464,cubic,9.303888249986013,3.0521358808481667,1.127679765769192,-0.2963966745698343,-2.465831618348432,-3.6694773227821686,-3.029358449333818,-5.8784002746626225,-9.155503245482514,-15.245636918485328,0.6277486215704943
1465,cubic,9.452607938922442,5.979628764240342,3.4680314163857475,2.8734215915901915,1.9803849700429939,3.415460994012939,2.241986148170811,1.1695497622290372,-3.0417880006409543,-9.828978865004983,0.41093296374923055
1466,cubic,-16.583438825604155,-9.30192155467936,-5.210589330420808,-2.3907419124577345,-1.333137194769014,-0.5183971273094067,0.5175419650651766,1.9446182660505307,5.457936885027317,10.65608596114284,0.2070448030218688
1467,cubic,13.498602355721932,7.452488893565872,3.5851996225399745,1.9393061450435214,1.1132819587964087,1.2187299212090248,0.8417380325550103,-0.22782320901412784,-1.9937083810833776,-5.5577804040334655,0.3546982146601293
1468,cubic,7.187303986467422,1.9811177973160268,1.39550964475359,0.353398846836803,-0.862391353170358,-1.7799020430560022,-3.8878461810794507,-7.241238318546987,-12.226407388207283,-20.64075640802332,0.5974682726050523
1469,cubic,12.992505746716612,8.080879267611712,4.399608491822421,3.1125002508674737,2.3597308459081527,2.8840236106742863,2.8548096048633678,0.20703984927579167,-2.656651523472399,-5.861191176876602,0.45402518361577143
1470,cubic,-1.2041266071852654,1.1567598013226437,2.2372893426023976,2.78405725503239,2.519661084430047,1.6732667503811085,0.5732480967232544,-0.46155721554573814,-1.824909140771678,-2.4666574565824675,0.10870884348188047
1471,cubic,14.601659309294517,5.458705872079678,-0.04375245029146779,-1.2765831590712262,-1.8756371968126406,-1.4977435864940842,-0.9855888682709091,-0.9828063592074763,-2.854752974315434,-8.181275796985597,0.42987991967151284
1472,cubic,-12.40964614015467,-7.651313477772484,-4.257698525471444,-2.3234782319342964,-0.6134685095514418,-0.6444461141623528,-1.2744151215709274,-2.239183216105186,-3.5192550710932404,-5.140070462591055,0.2407317748078519
1473,cubic,-13.2243337670989,-7.725957562422499,-4.40012592357002,-1.6052349928329288,-0.016141641743391777,0.9770976243681153,1.2985606907441278,1.7796890888440215,2.436250883462491,4.086427007105954,0.21057153044458102
1474,cubic,-14.946164677713556,-8.847382816804428,-4.772174432025429,-3.0993789299263357,-2.999232612102332,-2.0110228656933793,-0.2894462008147415,4.3752681991268485,11.014652146920072,23.920920728735595,0.4244535634486306
1475,cubic,-2.8892866288641805,-1.6702309771874078,-1.0445770985036824,-1.0296428592010503,-1.0602954187325184,-1.2387301733748253,-1.1391339269825382,-0.2742422272334612,1.1825364878739695,3.682740957439712,0.04308582780942951
1476,cubic,-14.71514730161973,-6.541384379262359,-2.481741943506536,-1.10233230739976,0.2972350606211379,1.1554978128908313,1.9734471284466095,5.468299393549382,12.207580885941628,21.577785419167636,0.4894376088900606
1477,cubic,0.6632616912451623,2.0318465736214106,1.7667003402482773,1.6253993277548353,2.0366935166461975,2.478684087981925,3.679632055132759,6.273150055308191,9.918567846101249,15.985441080887231,0.18914841027058768
1478,cubic,-0.5181152903598772,-1.6349426973326953,-2.4876999815368297,-1.4279325368660276,-2.091667784416764,-1.2475774379019255,-0.40587906935938156,3.2366460402534236,6.598316942089275,11.602690369945046,0.3800695062219658
1479,cubic,-8.28051064634866,-4.023947785174533,-1.1067353888855171,0.6027833543326142,1.7397689700043593,0.9532380842987702,2.6461486513167096,4.8113301673602225,7.1116739973156875,12.614722728755183,0.5380381314186635
1480,cubic,12.715095283419362,8.71193713785828,5.464753277644553,2.9803823065325026,2.1795143390942093,1.7927705032532466,1.1103070737537417,1.3158235287110098,1.667529072646595,1.7047784268404966,0.3054483338278043
1481,cubic,-19.679029284349195,-10.416787659730627,-7.2941264376748824,-4.84732572815343,-2.3322092159680516,-2.3400653330013967,-1.967590300566584,-0.22793255816518598,2.261552030224417,7.198734219882128,0.6524106101490352
1482,cubic,14.173932601548259,5.370386989587948,0.14252364972646847,-2.2558536769469413,-2.661714675481551,-2.266143421893984,-1.7022022396370775,-1.5438426016033686,-3.769829040530981,-8.045933813504641,0.18489782654256784
1483,cubic,-9.520827334405626,-6.302931949340593,-3.475060018355623,-1.8301552067157363,-0.5402001637853309,-0.41609840705001966,0.16151225241328043,0.8673165972329622,1.1417008756248734,0.7600076274165124,0.30929487602071737
1484,cubic,1.6795325735247002,1.7227008629451401,1.6907582123433498,1.6815164691147855,1.4573152690744091,0.8940288891984582,-0.16155785672782746,-2.24998213189018,-4.908050432978122,-8.92579435089672,0.0769130643321812
1485,cubic,-14.54733184780889,-6.830724046617843,-2.6702381024624735,-0.4160081830658604,0.12265697388898608,-0.20540739250212758,-1.1380427530126849,-1.5799592875347437,-2.1033346307318155,-1.4025179791584028,0.24981233210582904
1486,cubic,-2.31514232769257,1.1841073956197061,2.760759787619147,3.171148279251103,2.8716320736593337,2.272941340158664,1.891273722353995,2.3625540691523006,4.5535060407106895,8.297674226689885,0.07310627250894015
1487,cubic,14.212904149815575,6.625781782580126,2.768482016264885,1.660223190641647,1.3589555587287623,2.258389864518149,2.714650723765877,1.681182639881375,-1.947747365607928,-9.144514346454235,0.21979799546627246
1488,cubic,14.035239138579561,7.701639627229502,4.179770456518856,3.2515211194684595,2.275225006955231,1.573690585586209,1.1815680768600265,-1.5217178254459942,-6.114856187133674,-12.67090217265675,0.5545588355338019
1489,cubic,-3.268933868874072,0.5762362392078959,2.4783997388013574,2.5896586456981034,2.165307134246657,1.2404738494096288,0.8377158244192962,1.7487433302926547,4.123847011856365,9.162596141148917,0.08368553864198294
1490,cubic,11.877629618187699,6.8904256819602505,4.237023349310869,2.7222960126218196,2.22858114149559,1.230734345746746,0.845471901988836,-1.3988120420909729,-4.362628026340128,-10.15787219608762,0.3817216001078946
1491,cubic,17.824020461221682,8.32875252458134,2.7671141972970696,0.09260601968104493,-1.1073121191204358,-1.7536683007490383,-2.5736250305159465,-4.223609982181881,-7.990578811801519,-14.429786215507857,0.1892246528095248
1492,cubic,-18.20784862038321,-10.350983087040788,-5.133901912039411,-2.7097481249646895,-1.5897986779407276,-1.730439425082595,-1.7163176550623704,-1.5943120838543279,-0.9400818186063373,2.1550270465760404,0.1284683482619505
1493,cubic,-24.062208943015463,-13.602251881428762,-6.746730331340548,-2.929766750597951,-2.1042989697848964,-1.7097758984522253,-1.312614116615363,-1.0977025919381855,1.0412962205893845,7.07210123626688,0.4116694066097767
1494,cubic,-1.4933265448090818,1.1443626722308295,2.852225574859304,3.260320297234742,3.4372151596607035,2.415824764180783,1.0555293741357097,-0.5455876699863839,-2.586214319967286,-4.839782242946426,0.09030261768190587
1495,cubic,8.643393480297181,3.8288018163054605,0.44701219370818196,-1.0402282791950113,-1.4356514884554554,-0.5598049422520924,0.30948643983996443,1.8781609692508399,2.9882622286936367,3.34989296516801,0.14879137688369728
1496,cubic,13.920643294571956,5.593980259721762,1.5640685520940465,-0.42688208120400184,-1.3361658849237008,-0.9864610098560831,-1.4671659508873467,-2.2899498645339893,-4.9259387334860305,-9.429576412853297,0.375913784049761
1497,cubic,14.293548302232114,8.429720791815631,4.319274789369406,2.6037512295885574,2.379333017603847,3.083365202430627,2.196120316645135,-0.09739378194715087,-4.389705962058698,-10.981422427992957,0.44859885658401616
1498,cubic,-8.62592596826379,-3.6679178133573314,-1.0360858481205932,0.007102985774891879,0.577094506988971,1.0224279511182441,1.0299770017944554,1.2402482038102456,2.5509151846373284,5.207999402198305,0.34606229665112975
1499,cubic,-15.429253476293828,-7.923928080562361,-3.24201663798534,-0.07148648076972497,2.50026719821317,2.61838745533121,4.020086935996006,4.111243745331074,5.879649732441609,8.162609098606918,0.599947663991674
1500,cubic,-1.2471670000328448,-1.556665395962764,-1.6464780380435595,-1.3482065236594087,-0.8050428043635447,-0.11440516320899319,0.802549657863124,1.8740645654895305,2.7676350396949334,3.7818493378682367,0.07224188980928604
1501,exponential,1.1806687689489428,0.08677878926350813,-1.668493650147933,-0.24938016752845626,0.7430365779909944,-0.1336441296867874,-2.704318285780053,-8.419886838945697,-23.11495809622134,-53.424515880767075,1.160852558972282
1502,exponential,2.8847245873092886,2.817525899492013,2.8022680015088963,2.754344066697999,2.615796162753521,2.4813323196657464,2.243185581348227,1.975179691123232,1.535348388186603,0.8543147978308079,0.020254806587217945
1503,exponential,-11.188411673385081,-6.158995795260027,-2.949920137700108,-1.0568072923155474,-0.15627701406882677,0.5898794509279429,0.764639962461281,1.317037879725179,1.5480720896692952,1.443116542506255,0.13085889337153847
1504,exponential,29.621758182710767,6.198367033843085,-0.7560200140164516,-1.6742101620473873,-2.3822306733181406,-2.920006254231903,-2.6786745507572416,-2.8429614907132565,-2.031814378445455,-2.9780675043762677,0.5965354345030719
1505,exponential,6.355610537777116,5.615742960397581,4.892651928198197,4.5133852085258015,4.1830536009179164,3.6241646079031518,3.4515527084548885,3.1887332886321964,3.305560262018787,2.9453446928094613,0.09890613179846419
1506,exponential,152.3364209559021,49.632555463525264,17.876685288459168,5.404357037559371,-3.6056250863481125,-2.3853615734892366,-1.3967807863175166,-2.274144411416839,-2.2772483011975932,1.3422222907820436,2.415128575776625
1507,exponential,89.9081498410111,36.16794946646393,16.286597978095557,11.261996101756615,-0.8714580598818866,0.4185823104557993,4.4005273515617365,-0.39146350015439635,2.42394926979858,2.0368480642658326,2.2147562511944727
1508,exponential,-260.11041920631095,-73.87319213758227,-30.728921766329464,-5.05241228279583,-10.518762266497486,-4.165121163892244,4.962867272168343,1.93423919759408,0.4338612806127722,-1.2079681387746597,3.798009307939944
1509,exponential,-2.449609034218699,-2.5016382259447485,-2.689675117598922,-2.8284286792381694,-3.049047819301978,-3.3887554091758623,-3.694060485022721,-4.118095337153008,-4.719413148033288,-5.555981281153558,0.0799211447386983
1510,exponential,91.86389191532558,40.2761244982757,19.666557418608935,2.0743402340121273,7.341995735424703,4.534507429888676,1.3611326802279309,-0.056544731188532205,1.4916727293594176,-1.2586844643515596,2.624507937599208
1511,exponential,3.0913252593271934,1.499443618824693,0.34879912491590753,-0.5138248338410285,-1.0371855570005863,-1.4043727059880386,-1.7087643941548443,-1.9516369716365827,-1.994509725591803,-2.1167518817961675,0.07921436171829192
1512,exponential,17.27089562966232,10.035393449420647,6.130382011258001,5.117151621886683,3.516156925001094,2.701751720672915,3.1347076496330635,2.5180204244426374,1.9535038524511812,3.1777534457580514,0.40283343960919477
1513,exponential,-1.3166070793029483,-1.2628418789597347,-1.4643836837708801,-1.5142523052841181,-1.9433435192645374,-2.4352668548705347,-2.8176262333975646,-3.6754912789536336,-5.007775465300905,-6.664305362699932,0.0943442425234764
1514,exponential,3.1750442362083526,-11.630364875245549,-3.009450910872524,2.468672660094687,0.3873398918939698,-6.042619305653349,-10.580903238682422,-32.975526653760944,-115.9006521746525,-376.5557225017039,5.890009799478962
1515,exponential,16.080027561559614,8.765018164028765,4.97333950412643,3.2133897958333004,2.613536135538547,2.237416674788953,2.2699548136171357,1.8739961907336773,1.9635432665438919,2.0043742532540683,0.12156553637213499
1516,exponential,-0.7675841601636212,-1.3927709491490914,-1.806940571645802,-1.066267166334159,-2.4190605403650345,-1.9874104149943412,-3.51932722522071,-6.178330278348718,-11.915676718325455,-23.84177333234628,0.3875940683118856
1517,exponential,-0.4725190707792244,1.504698679181221,-0.2863101717969161,-2.8082090447910493,1.1035069357364717,-1.423844670864582,-7.632668352745499,-17.575214214016558,-50.67570509955564,-131.90064429364304,2.168558840501194
1518,exponential,-1.0743809652611584,-1.335310437101303,-0.2526045970325116,-0.45901629774553393,-2.200937041643046,-1.1246669376173182,-2.290568407014972,-5.928918026122719,-13.72955335457487,-34.676280090294036,0.5476413249614499
1519,exponential,-278.7160595871053,-74.65339816937528,-22.77932699130405,-11.494943697486612,-11.062936171312467,3.0376331311221287,2.3270192539546715,3.062782094577679,-4.407109075872402,0.8458116724932474,5.8330246973377395
1520,exponential,-164.1804616184443,-62.04126038364821,-23.585017004209806,-5.660333203759391,-7.911756510897018,-2.586970869243985,-1.5940025197923466,-3.2947042872002905,-1.2205550886351144,-7.420568906438892,3.8606746671917853
1521,exponential,-33.9727072214088,-13.379439668489653,-4.819442609961687,-1.651177471411191,1.7143673051398571,-0.5065101203064118,0.5610266934686254,0.2560062599605637,0.2461440424040206,-0.09918034463987851,0.91885839405147
1522,exponential,5.141492106368794,4.926625700803009,4.665476308583567,4.450059266193246,4.263050371681057,4.01541890183268,3.864199949401544,3.7504432790696285,3.6743450985013277,3.4669491492873954,0.03589670991523256
1523,exponential,-9.831758564104021,-6.3437411911551544,-2.0237504276218132,-0.6269142954305641,0.8164548583206996,0.7050106446722384,0.9492939413388293,2.3529444723329975,1.6468284587832422,1.9469286507909112,0.3211759010879832
1524,exponential,-2.0126327459037037,1.069720308899639,1.13154932122054,-3.1849355966418624,2.812311534444232,-2.8485698346062502,7.022009247058355,16.1687851663876,57.50665146295487,183.31915532424952,1.7444220087181057
1525,exponential,0.7286605417788636,0.7579651497938131,0.8239611759922174,0.9721040448043903,1.0931695941100845,1.2342519844265383,1.3854691816331215,1.5943925057834811,1.7689251530459866,2.034002592670308,0.014895899280271473
1526,exponential,-3.3983123324783704,-1.9434273285871522,-1.2007314438096433,-0.8607173572421105,-0.6873476595848832,-0.7378965001779821,-0.6274690882994887,-0.6531010190074329,-0.5658807486917161,-0.5539220117613232,0.04858825145619223
1527,exponential,1.808681104020582,1.7844783731201466,1.740933900798855,1.692733866833364,1.671264160673092,1.6004162303212583,1.5343033427633261,1.4672819753874735,1.3933668606072969,1.3188295770736154,0.013602459463333574
1528,exponential,4.697264094662413,4.410905825795173,4.185402885345701,3.9376260707476938,3.7684138608269,3.6368892070051393,3.5167012713965002,3.388665529072703,3.252107793043619,3.17826464039927,0.029320537106019763
1529,exponential,1.6795151722929578,1.7036261365165604,1.7240429492090694,1.7420134360076316,1.7569228637589804,1.768827420141701,1.7802377583775542,1.795311447877413,1.7993158541764196,1.8057485563949445,0.001897407078738019
1530,exponential,-3.447036496567999,-3.126203288512966,-2.810342141344183,-2.6321516214227483,-2.450791594012733,-2.2848836808001627,-2.160157732688193,-2.0867460341935575,-2.0019885717327974,-1.9366910018617856,0.026466126986894725
1531,exponential,42.83540795845883,18.98175510323697,6.693812618405912,3.7534202612114664,0.5365784316591027,1.2256953003670619,1.0793781090139014,-2.4950123579553827,-1.0295395885825152,0.186562362208834,1.1223387700554937
1532,exponential,0.9964665382272943,0.9007350802770759,0.9143049409373825,0.8688856886520069,0.7766378355773853,0.6259773378962034,0.4876847809774,0.40334045935451585,0.2254213202803143,0.06381435263614699,0.025308512353785815
1533,exponential,2.550335695217512,2.592629149225572,2.631371965431523,2.7095162905082155,2.7713272250607943,2.8622283157640136,2.944817691187702,3.0475080536298016,3.172689121030441,3.3019959183131427,0.008567976421319574
1534,exponential,-0.49458749729196144,-0.37679585637257296,-0.6950543576549066,-1.3204772390222388,-1.5705601452265618,-2.6659369447415315,-4.77605160018972,-8.464182581485758,-15.107369807354418,-27.284667947601275,0.19861935091139285
1535,exponential,2.134205015719283,2.3205786223193887,2.4666436219259187,2.5455670960651244,2.87866979765009,3.202642631605795,3.3992568598886295,3.822019372069254,4.236129673590299,4.734559328114426,0.0636563664542121
1536,exponential,0.05564207369090468,-0.2818062477956229,2.5901641849708072,-9.16575959886561,0.06845076552814233,1.8359522072847405,4.256613478608504,12.181342798085385,62.93983747355006,194.22905319650678,3.1740228034787896
1537,exponential,2.6380442683549377,2.6402763268846154,2.584405210561087,2.611279420156152,2.523876763040183,2.517071760436835,2.3311961204430895,1.7875465373428736,0.9032868978892657,-0.9073394873129594,0.05306526023994188
1538,exponential,6.167761371930796,3.6168865092828617,1.8564619032962788,0.6348890379779341,0.10530595519659763,-0.26999722260321657,-1.1523470238956801,-1.5376934631254187,-1.3503018412100194,-1.1729724219338387,0.22719710225038414
1539,exponential,-1.49241090117481,1.8627370089824606,1.5646567960305462,3.829231151555915,7.807712977562894,3.7251943426332312,5.785077602159321,32.1003102426296,101.2252315573292,317.10251403286424,2.843799451279679
1540,exponential,3.3855514991736255,3.251646926309886,3.154857527696945,3.0568896141871615,2.962559409324067,2.8950521291718956,2.829080196183555,2.768597308564635,2.7174213628392545,2.682025325742662,0.006976875405782998
1541,exponential,-12.373274689411573,-9.030146950693565,-6.747500206875928,-5.024109915379811,-3.7138737961977877,-3.143946373352916,-2.682869685572254,-2.261384131562304,-2.1873213270756717,-1.9586592013337447,0.20172948793708384
1542,exponential,0.2496034288513231,0.2848917160054624,0.2917389497570311,0.3146970303256257,0.3722005744014336,0.42200606805344654,0.5206000066618109,0.6094650020152116,0.7610864442902294,0.9333255588748793,0.011255811135215585
1543,exponential,-136.90895989832634,-45.83786861859034,-22.215686795909377,-7.099648200152096,1.0776760967837316,7.522580205565139,-0.6220100287250738,-3.1281756496762787,-1.119078981160369,0.441630381448721,2.6555461832381693
1544,exponential,-4.49638826403203,-4.074298148538634,-3.696765441687351,-3.382145480509455,-3.151442549329685,-2.93276442561717,-2.71186067428848,-2.6019075694976217,-2.540325185656723,-2.342584125882577,0.03640054961465858
1545,exponential,2.3614697262711304,1.4139756104167303,1.670682945657295,1.5224070747283813,0.20739282836904138,2.267781705777633,-0.29050247146492447,-8.202541912225712,-30.713660123863626,-112.13208927604958,0.9002631962998575
1546,exponential,-3.576828452936185,-2.405813773277579,-1.7096973578135801,-0.9883365766781231,-0.7665977977170774,-0.47881988663302955,-0.33053826467220293,-0.3804486263688809,-0.3142116484949109,-0.10701423097770364,0.06374433623961227
1547,exponential,2.932980306914328,2.4765955970163405,2.093755393291664,1.8556203928826949,1.580704686862522,1.299408991413531,1.224113871065817,0.9042769879718239,0.8252854882964957,0.625464695099374,0.049741093284511734
1548,exponential,-1.4125515130218949,-1.3298009801674138,-1.2925858493898472,-0.82336357471817,-0.5269043607910376,0.44682177678140217,1.450455949709565,2.7629158989677083,5.175512941748455,8.26940066634327,0.148947980807656
1549,exponential,5.41781411795741,5.078988127772956,4.777491530050137,4.451651123601713,4.284926947574826,4.089233742580957,3.8712428239954346,3.621623767040256,3.561064270682092,3.400133068998088,0.03291050077991786
1550,exponential,-2.8069735806397365,-2.685194890141678,-2.5439696483123906,-2.3414781081797513,-2.2770483832394044,-2.16573588788361,-2.0937088037898235,-2.029252998716658,-1.9346335576118068,-1.8606913599436103,0.027415120119658687
1551,exponential,2.367481693377195,2.293264209870259,2.4553209069491984,2.3590168271441567,2.3470608691502823,1.9830307708581623,1.7216565273060132,0.8885887929870544,-1.2604079321001638,-8.075021308383176,0.10006352750954328
1552,exponential,-2.2665167099311545,-1.8456866347930871,-2.5244748449398386,-1.278130375577474,-2.1788688565568464,-1.0361534808620152,0.4560676357546556,3.3979349874422256,7.400106362469978,16.643059910703666,0.4830884127936496
1553,exponential,0.3523996060901543,0.5734808738235653,0.01185185589238541,0.45053439972733256,0.07853144336044894,-0.22751472616668936,-0.45997729806268334,-2.2616975613679746,-5.044797227929511,-11.627766955677783,0.158467370728365
1554,exponential,2.728950252313549,1.0585191908084384,0.3111121934553005,0.5377437601627464,1.6520381454788577,0.43479742793237963,-3.4576417359182647,-12.973213117125908,-25.971035772673936,-60.075144208690205,1.1262999615191587
1555,exponential,-4.5760789937236135,-0.212412592051769,-1.0556805773341937,1.6453463374796038,-0.4750476885510282,-0.8000487535950701,3.1207790423783957,14.424239403209196,42.322790938426074,121.08250604201886,2.0835731744922508
1556,exponential,-11.268094532360308,2.811148131835655,14.580134455428722,7.834102270202744,12.488905801480662,-13.535822488577416,-12.481614045182448,-49.03761718420825,-134.49605629449633,-478.7958343013481,11.55570293422104
1557,exponential,1.11552727343763,2.4490512287967965,3.191644740074829,2.2622305152870243,1.5522145183307081,4.925698948321161,5.893761250949755,10.819008033140468,22.592344261835386,54.80542478020834,0.700142373648074
1558,exponential,9.42820949028364,5.293969521989611,2.4779009609783436,0.6572487821039668,-0.3336203268589953,-0.4683187191827373,-0.9166761383350392,-1.0502237398109733,-1.3036661747953577,-1.3227410364159091,0.23460813698167404
1559,exponential,-72.04842891589337,-32.27319786783973,-11.178261753709604,-5.582895675736738,1.0180892599829643,0.15039815370457388,-3.956545103168311,-1.7489888650018546,-0.9452914496911211,1.390391692725356,2.053830579736801
1560,exponential,-421.05624046660324,-112.01116499618782,-32.448031910976916,-12.83130743575404,-1.0287011584708012,-3.612105199542217,-0.7752900040163819,-4.134888617274285,-2.338151581586178,-4.566986307614737,2.5081780071407422
1561,exponential,4.562431763668506,3.8340037921499586,3.2623138159848217,2.860631565636804,2.501603522248373,2.224552433015753,2.019222469688279,1.8487253117872404,1.694060019543542,1.565031611160641,0.021081850961980057
1562,exponential,-6.383567239048111,-3.321203917400518,-1.6265302303261477,-0.5657006304854885,0.02824809967878321,0.30805312425821235,0.5718766678775999,0.6453143472337604,0.719094300982204,0.6310181014081426,0.05173092662267672
1563,exponential,-0.9151995716570427,-0.8705835970310141,-0.8401903291208818,-0.750678041968465,-0.6539751155567747,-0.6102181559576134,-0.5097624227029071,-0.38129860616175454,-0.2098364804124127,-0.03503704009786863,0.020754082772281312
1564,exponential,5.128184763539625,1.7124646436657378,-1.3328583901112214,-0.04277603918417916,-2.9163834044798223,-3.8425953168240237,-2.064653206356427,-9.81981542928031,-33.29261003747597,-124.49868565351171,2.4808870165046426
1565,exponential,2.06265145495817,0.6679684689781289,2.1113103296761246,2.9392502774991875,4.334808643287449,4.614179165468685,7.9697587297260055,11.873126024530773,22.620611596789466,45.391619614386954,0.9487360006286846
1566,exponential,245.25258420437055,77.70049198027793,27.49231408812538,16.816930659557052,10.716228134071084,3.6917421339295244,9.601584738750201,4.990569341242863,8.010645810699735,-3.203619520863778,5.933186762439427
1567,exponential,-6.43109430720806,-3.8002174825679043,-2.2796364144881154,-1.2059827937700445,-0.9126471863979049,-0.5617249459356761,-0.3856228242524333,-0.2424327403689551,-0.22284793031303057,0.04098850752087635,0.16874549502903952
1568,exponential,5.864413182269545,0.1888543082524874,-7.248547388739116,15.84921119776944,9.46298045323729,17.328622311559926,20.117421622685235,32.09523124540778,94.43365285231948,353.69133680033354,8.09585835132218
1569,exponential,-1.9282464347739294,-3.864489653167552,-2.726103746383473,-3.4105147763561257,-3.5635211538515428,-3.4626513410477022,-5.755556403190226,-8.512925657939503,-13.69688900680463,-25.07966087719307,0.4902128703536942
1570,exponential,-3.113870002166604,-2.44798024723232,-1.949123374851398,-1.6754732036233488,-1.4798290274201358,-1.2981457346219805,-1.193647932334317,-1.1248143133897137,-1.0861541392815848,-1.0999086591971663,0.02380177368292239
1571,exponential,-1.789921299240942,-1.86695661704035,-1.9402819741210948,-2.0243827454015535,-2.2053621172318265,-2.4164499138559803,-2.6587028932406915,-2.909378301246064,-3.257158103869509,-3.542643947630277,0.051324564883526824
1572,exponential,10.08914765060566,5.374509723811416,2.7077371311628213,1.344311444902883,0.48539410997113436,0.1503373766897675,-0.18331512520384985,-0.3016085113683134,-0.31458776484868795,-0.47573466539462617,0.08200379343871701
1573,exponential,-0.6727293107012426,-0.728274372868359,-0.7652951741143856,-0.7817956640279998,-0.8618176758889148,-0.9455062973466282,-1.0725746804745055,-1.2135286507160739,-1.44256284857563,-1.7434929427504453,0.013572483644678298
1574,exponential,57.78812520825804,24.54400949868816,12.31873812761037,5.431304661040129,2.172322100888886,2.0914806472012164,1.7202253458640606,1.5185204771866048,1.6267038216958283,-0.2185274813346243,1.4965921404174576
1575,exponential,-2.026968944161613,-1.9339169596694676,-1.622592340370891,-1.5683119127885938,-1.4155071636333696,-1.2466311222253337,-1.1301235143580042,-1.0654272871261163,-0.9468281487962525,-0.9287527627206285,0.03153354244400326
1576,exponential,1.0426184991707788,0.9431838512649117,0.8862829707138995,0.6581936526046577,0.5440356638484821,0.4618999208617916,0.2361056098596149,0.034809195628710835,-0.21219734876714866,-0.4894442926447684,0.04374849061163202
1577,exponential,-60.869573752837155,-24.43919198017804,-10.486749434004127,-6.518151285622021,-4.329643215491044,-2.7061910148222106,-3.3840556497644996,-1.8789906053163272,-3.6497573929792884,-3.6387326778129583,0.9228861855147418
1578,exponential,-9.375116718304117,-7.148797069565998,-5.827960722179231,-4.956645961356936,-4.331054015279754,-4.124212434016495,-3.6277703531855767,-3.36765698988947,-3.234147905458332,-2.890479091072054,0.11340666754174657
1579,exponential,1.7717258193989782,1.7231967251527762,1.5239998453333883,1.5494999553466968,0.822877658072859,-0.052329163322733824,-3.0853113919099613,-8.135433081684909,-19.534892662233638,-46.0386268027214,0.3328752540309351
1580,exponential,-0.7052462076706131,-1.1390872670763956,-0.4027930162954257,-0.07613405751986091,-0.5580495817462741,-0.6539276956155087,-1.1653971274672368,-1.7584700284305326,-4.796868531612766,-12.635057678342143,0.2589768048874343
1581,exponential,3.8139020315363212,-2.1665771884389136,-1.9134807538387604,3.0371647817621703,0.02837159709316084,4.519044071247386,0.6571460825649722,12.195463481962548,41.3614865813073,149.2384747746416,2.380028201206677
1582,exponential,2.0233310322101974,1.585982340296519,2.1194659637523503,2.2377526448821694,2.9689761242621393,3.2701060904075434,4.183006910148461,7.681629288812052,13.214550053894985,23.745720036527455,0.36593011515046553
1583,exponential,-1.6910849026627235,-0.936502768526019,-1.4951177838690515,-0.5299218961408867,-0.07578000237144145,0.33898652296899384,1.4868051948265242,3.091956230433556,5.503286088453148,8.742292073427887,0.2676645210264853
1584,exponential,-1.5311149246957136,-1.4013787855674364,-1.4673725390666994,-1.5961688443833726,-1.577430940053225,-1.7065047917994745,-1.8163101099094403,-2.2866430025397517,-2.8099835064011467,-3.7686983344699256,0.062369295207263635
1585,exponential,0.6907672916587309,0.590829408123085,0.7847357054680021,0.7399921009499756,0.5997350194821576,1.0688616268668567,1.444388336930831,2.629229069086272,4.4544148365441965,8.601517186826863,0.1482902320952236
1586,exponential,-2.94904104473483,-3.277264654379932,-3.4776431275145514,-3.435843328583823,-3.957996854158066,-4.40550654341892,-5.105781844667991,-5.860217459186984,-6.866786306294037,-8.567216025771161,0.09483200984869891
1587,exponential,490.0799963070742,133.9338951782276,41.375075818458996,11.864156902873551,3.3239047348775705,-0.2504860040144856,3.428879345017129,-2.496719052593306,-2.152829086589063,5.237031676153448,3.6372136991132358
1588,exponential,-27.697362823070865,-7.262489867679576,-1.7920719988277365,-0.10896187383738387,0.5907516968869325,0.9450329998586486,0.8338640856181098,0.8053551792114066,0.8839371466448157,0.848330121233946,0.4421422853030195
1589,exponential,10.583749945150428,6.3017054889996755,4.080886900594687,3.1493500457577106,3.2438793502269174,2.708997631635483,2.7704177294866827,2.6717641903359697,2.6728715617661827,2.480808615994761,0.15521361180122428
1590,exponential,-2.810651712760449,-2.7728702785339325,-2.7292134148445704,-2.6710728809135285,-2.5926961831268667,-2.5349653170349917,-2.414284201209476,-2.3027686446561044,-2.13667290505201,-1.9628872810041078,0.008348190240975925
1591,exponential,-2.0223907909514462,-2.066402372997972,-2.1496973381107205,-2.230383352680601,-2.3017506461296064,-2.407338012594471,-2.529862099720717,-2.6442682653955636,-2.8141744879137573,-2.9617196486437383,0.014292192001762977
1592,exponential,-27.056887003187853,-13.545114717045935,-7.513902092494074,-5.47153166989003,-3.4066899947029015,-2.18496514049656,-2.914807469714358,-2.3297398562471647,-1.3988975514192439,-2.620445586164803,0.6276562624172412
1593,exponential,-0.5282627173971993,-0.41102960486198614,-0.3396548026195007,-0.319464783063622,-0.29043928240955963,-0.15787111150836974,0.3253327948152486,1.134479118795566,3.155884014840132,7.629195105046622,0.05935341288668751
1594,exponential,-4.84868768853865,-3.4037096105044085,-2.5202331351886404,-1.5947301685280948,-1.356587782093696,-1.0380892960850323,-0.8518698595386737,-0.8108668200574968,-0.49184669319714314,-0.597588077833267,0.09170464792772758
1595,exponential,1.0792682523028636,0.5343721033455582,1.2959582841096409,1.7087207849429837,1.7460183931416267,2.1873950593676548,3.1898306289344434,5.194478721902159,7.677635442911361,13.065580869721051,0.2580477719272235
1596,exponential,-0.5420437846583103,-0.35430332391787883,-0.2415564859473441,0.002675647511841267,0.207653101698274,0.5029801708427811,0.7862809630793618,1.2102209652038376,1.6371246750817043,2.208167730121377,0.022442468433919657
1597,exponential,0.836303972890653,0.9457846988964911,1.0375608174535291,1.101729314648169,1.1346740568859754,1.179099840701132,1.19349852055543,1.2022616492414195,1.2162087514443278,1.2348467318898555,0.004149769607175739
1598,exponential,0.4841760550706602,0.2722012624345541,-0.07415294670641415,-0.09323656839029865,0.49147851054443203,0.10922252604093291,-1.8985567371396872,-7.283165402654938,-33.849954186295726,-115.07889514550226,1.389235349391786
1599,exponential,0.4829746695828251,-0.3015270382936046,0.4392925016781999,1.3766400940748378,0.34118609422096746,-0.26715437092611455,-3.8180121505715956,-9.004159722727742,-26.16553724374135,-66.57606814594097,0.915305625848679
1600,exponential,2.4622707325001496,3.239862502036249,3.819977951046503,3.0727316886606486,3.183990051828167,3.8086438878678366,5.986928998130319,8.43487875849399,16.42365643186683,32.07066744505693,0.4984641397449276
1601,exponential,26.219149528461145,9.499427621343916,2.8335847999314474,1.165432275780563,-1.8614178100255765,-4.1911453303888955,-3.5661757200668642,-2.647876509364121,-2.8451839302726456,-1.5241531019966774,0.8764758472630806
1602,exponential,-5.62317019383515,-4.079612467907361,-3.4913259622764765,-3.2430602952172465,-2.901037729239616,-2.7482559240279305,-2.8555711927108294,-2.670346803112323,-2.9275369699062206,-2.8840214378795714,0.08321243260574085
1603,exponential,18.037447514751182,10.31959770171961,6.15064233895864,3.07515906771868,1.8713449997549254,0.7349806860243483,-0.04756830266717438,0.6779032296195897,0.9981257464093416,0.5733700992006925,0.5132132868724554
1604,exponential,3.9595688541489658,3.833166723220136,3.71498855895973,3.5747547472988823,3.4936089887739876,3.404231098666596,3.302742576332508,3.254774064018444,3.1861135758376125,3.147463247424409,0.012993348358259285
1605,exponential,101.12077465765555,38.95704893510361,11.997386427595425,5.6391315015564345,0.9858390501492504,-0.5794048159399314,0.8786344357187521,-3.4645820020928486,-3.9997795274687524,-3.6453906966731413,2.0067055563218967
1606,exponential,-1.458973864970378,-1.3121494696601024,-1.1967666976355251,-1.0780757249141748,-0.9963283726991972,-0.9263282441680601,-0.8366108648252103,-0.7783126705711834,-0.7490379158274191,-0.6835194934229516,0.011283596334050221
1607,exponential,0.37045739246186404,0.49209443864794283,0.6063024183730555,0.6727471679791891,0.753809712129133,0.8400993295754979,0.8681299316796872,0.9578388034933144,0.9655373462608648,1.0259562990620241,0.014782885131981805
1608,exponential,4.531627449139816,3.4276629921809274,2.8101909163457752,2.4227284230414554,2.0125861036631534,1.4619184343928708,1.177348464844317,0.8568919829240121,0.9681918108239626,0.5456437705939361,0.11590266447216657
1609,exponential,-0.27221841500681404,-0.2804098312133679,-0.2512680673384474,-0.25361468826691635,-0.2176586793129212,-0.1704063629311027,-0.126571295248693,-0.05708432089082574,0.03425844757104675,0.18062857213055922,0.006886506268670047
1610,exponential,-0.06359766983995167,-0.32368004411243073,-0.5429502384430589,-0.7100346530959168,-0.8522760558426172,-0.9043051812575879,-0.9827490807315181,-1.0533307067789683,-1.0633571839545544,-1.1095972471996616,0.016871585986007822
1611,exponential,50.61858628125327,27.193146961847948,12.042350189932035,7.80087196162982,4.143997010422635,3.402653238714124,3.608817308994672,1.6589887452310896,2.4939233875198745,2.06699229980915,1.0691961091473952
1612,exponential,-1.6463290220515439,-1.4078622540274057,-1.2421130196320849,-1.139857352766516,-1.0657045787586858,-1.0286911018078981,-0.993500989258347,-0.9760395652731008,-0.9694940928363527,-0.9496349725220556,0.005514061216191826
1613,exponential,2.8620386640397224,1.9942114491405993,1.052927581536769,1.4134839790439562,1.127915900039925,2.7696558212332496,2.6167461683519093,6.094390274500004,11.415613145012308,25.938044863256422,0.6310040172891677
1614,exponential,-23.00720819370241,-10.089942105405562,-4.4181372748308485,-2.660618915522864,-1.6365250628755454,-1.2808789341129736,-0.8347214303782103,-0.900385709079207,-0.6627870897054783,-0.9142519028606181,0.42548387581313135
1615,exponential,-6.452012216249553,-5.448861383676204,-4.701567202658292,-4.103201731060893,-3.709759146304222,-3.397526516475574,-3.175719205772783,-2.9556312121439245,-2.8458082816278707,-2.7744005175420603,0.025510493308161103
1616,exponential,3.4688433664432736,2.688177987034015,2.2829538584877045,2.0310557981041675,1.9460474926873805,1.8593328031838094,1.8311333993137366,1.80768657838935,1.777957169266324,1.779718753193035,0.010643954922115156
1617,exponential,-0.5043065356663834,0.042159481603343374,0.1238475906546842,-1.8491906429210738,-2.163228807485872,2.723478109099575,7.515815064007647,12.309714596801241,28.248264119879586,68.25347215591836,1.5880112197961016
1618,exponential,-0.07750559128035368,-1.4069071460794333,-0.7150177937150208,-0.7807825866728522,-1.2248408266631678,-1.3418452823129934,-2.7772962228785785,-6.981068355917049,-11.954935644524614,-26.12479169143487,0.6055945029659089
1619,exponential,-3.1340169369984086,-3.1517269562167796,-3.4003796238885644,-3.4143444147896167,-3.696475582496637,-3.693026250940208,-4.084906047750709,-4.213277366415367,-4.557387237899454,-4.807110333081364,0.05315995512979982
1620,exponential,-0.08214508130909326,-0.7634189787109852,-1.6225980141827543,-0.8091649756466703,-0.873194765199144,-1.6415912032960798,-2.5065405576879867,-4.275450532650353,-8.361036442414488,-18.644819878234884,0.27377197768419037
1621,exponential,1.5871199437873569,1.7878482843924715,1.6865326511596832,1.8823642051006837,2.0660728662999412,2.304165342618353,2.93544448887641,5.312581443732131,11.383966081322766,25.01734068805835,0.2569905728606538
1622,exponential,1.6493750200098518,1.105422597345553,0.8480510035590979,0.48110300699959757,0.21233642090633195,-0.044826193424913535,-0.17854399858338285,-0.4352414162165814,-0.616120470101952,-0.7585729247447932,0.048869693652069335
1623,exponential,-74.48191961301698,-22.70825121764374,-7.537807520215754,-3.1356011479024444,-1.9896618906907642,-0.6400604582875591,-0.7748647077599687,-0.7080442304677977,-0.4595786399093903,-0.28150248631421987,0.6767767579119113
1624,exponential,28.02833754341512,5.947653097269221,-0.39116811793837947,-1.5096318774538782,-2.496094055182339,-2.3975343859522154,-2.326418670197546,-2.454028379647452,-3.0515216288945144,-2.3650994280646787,0.2395806801510757
1625,exponential,7.604040810778448,4.366997226792653,2.5776139539558933,0.9670407375531218,-0.16633924484944426,-1.0355009638862709,-1.0523132539945677,-1.7178931283513539,-2.3168641743113527,-1.7826236073166286,0.24550398424838502
1626,exponential,1.919927383993,1.7254036818848424,1.5972785919028725,1.5031885379242267,1.4495474895424012,1.3894990649919376,1.3779646635442955,1.359734099385039,1.3473986706891197,1.3352990029218448,0.005341740401447216
1627,exponential,2.602461952574019,8.467922126043925,0.6235158665507959,4.576638081705952,-0.245546557107593,-5.747894077978449,-8.022787125276366,-23.971008393110235,-68.09261276781035,-233.80318364377183,6.315685959390774
1628,exponential,-13.039282712619164,-6.986664317913727,-4.090245683501335,-3.1081302347016657,-1.8608561834645119,-1.3646399783043268,-1.2227961704873305,-1.058678276830192,-1.0314412379513902,-0.36315740436228283,0.280581418000692
1629,exponential,2.075120868781244,-0.4200952131666451,0.29991232849142546,1.6562756448356224,1.8118586866277577,3.907908198693709,6.959272443169347,19.008111367833248,39.75896908729754,101.67536311457,1.1352123386698025
1630,exponential,-119.17819194905849,-42.04201539649381,-15.205864104300234,-4.559114984558725,-2.5580011795030932,-2.218597183454487,0.1856129599830827,-2.3491323989785386,-1.7486157629218848,-1.995867191637737,1.3359683277477237
1631,exponential,-1.0619595719006294,0.8118968509902736,0.9643617686611984,-1.334093956093841,1.5548051338621829,1.8693309826946658,8.30473131725728,14.425903009137816,30.00507333461819,85.24890103619684,1.7592189666280242
1632,exponential,-2.785697081151457,-2.6531350357227064,-2.8331557974741743,-3.4522539775688488,-3.2794968579377484,-5.059138893751468,-6.916002485438377,-10.85825203174561,-19.223319349500883,-37.08791319277923,0.4052622673803932
1633,exponential,2.770743295480873,2.640114288862195,1.9258116085799537,3.359402828616162,3.3913905769754105,4.40814419721758,5.3801810191776385,7.374032208703895,11.868132768290145,20.910673226406697,0.41238830003778
1634,exponential,-6.033425040172062,2.6427100865966358,-8.1961015477038,5.53660257923829,4.339820625037241,4.410792903296161,-6.057952975692172,-20.60198537424378,-57.86808123637553,-193.95117100856783,4.048205492080308
1635,exponential,-213.70903745462505,-70.76239572441811,-20.81241398130707,-2.4718602484031322,3.332874186693968,0.32111390360542524,1.4946306251211396,-4.172959564188347,4.323748594959319,5.333695874546205,4.143708737350343
1636,exponential,32.078228562865355,15.971034628229567,7.9686509523871765,3.6445264328141533,2.490076614074843,1.1146356212869166,0.11320001750143371,0.02084508148861941,-0.22766621567583284,0.11141936291166038,0.5160570499964877
1637,exponential,4.906842492539828,2.4492144820805337,1.036181762310406,-0.5770484548126253,-0.7526995746104432,-1.3660856489536692,-1.8683412249536695,-1.8601677841007014,-2.2783196635854304,-2.2602423982534288,0.1838361630189344
1638,exponential,2.8670424794455958,2.88323157609222,2.8879496509472165,2.919653184233113,2.9346301477477863,2.959824305543058,3.010086805360692,3.071548786040524,3.12936413682329,3.2048119988040855,0.006623882478534552
1639,exponential,-0.857501974544224,-1.7675566473847917,-2.302833538048425,-2.5510154870783275,-2.639918843972181,-2.692067186449771,-2.726576429413122,-2.7667844852747536,-2.7777241443494165,-2.774667928778532,0.03909559871978093
1640,exponential,-2.8343987903387826,-1.3158474461011418,-0.2639657169674304,0.3737114926165539,0.92037398388257,1.1760207991563998,1.455028924765806,1.599725053197557,1.718589311423822,1.7562645913589312,0.03569333418819679
1641,exponential,-38.3388994447058,-18.764816585399355,-8.190064484708651,-3.9160158458488605,-1.3369996825946167,-0.4435030023772575,0.587010806589743,0.8431416712786881,1.2321128650947863,0.8276976438001618,0.37675726238128654
1642,exponential,10.119401005515355,4.043232506314779,3.9195370783324384,4.816054373279211,9.068380058857066,9.242970312073721,2.4809099411457494,24.29294598332853,61.66913527405839,182.6833657076558,4.714087135000109
1643,exponential,8.240094360707328,5.298430591641563,2.9107419291891863,1.6610899082048456,0.4835123118928105,0.1698351410311299,-0.1910103920934948,-0.8834648458676543,-0.9153371051936809,-1.1467074693237536,0.2189459471941654
1644,exponential,-21.375805646551843,-7.312788084114926,-1.9916721896524316,0.0972910032685365,1.0009396441094691,1.2979970112362516,1.757481305896769,1.4391061155735478,1.5583268519238183,1.5918388505345475,0.1496740403633852
1645,exponential,-1.4036645449813172,-0.6300997159404322,-0.0949889359248659,0.373005749435138,0.7354246851006115,0.8853465882175877,1.0223892568310526,1.1567827241201718,1.1794024613372007,1.2339586812424597,0.04425128214146141
1646,exponential,-2.4112862311430474,-2.5282625187350627,-2.7808543761870643,-2.9604328282718018,-3.1726652038097227,-4.024400079578126,-5.467668232508127,-7.579953207665831,-12.117561142987489,-20.03855401978341,0.1124225866957166
1647,exponential,-2.210899770953217,-2.1920996932101047,-2.186845821261369,-2.1297173702352823,-2.0931520827166192,-2.023042991209307,-1.8640990744948887,-1.6079098711040607,-1.1993449575267547,-0.4841223061365367,0.014400355161272298
1648,exponential,0.5366671537705288,0.5118724863005893,0.4996696964976694,0.3987922135371667,0.3367972966728221,0.21071592961152935,0.0865286425845361,-0.11299578208901902,-0.3842353667875678,-0.7998131012022056,0.03131572516943071
1649,exponential,26.09592975183876,16.183979195275143,10.056532463404366,5.887068005554993,3.5911386030335946,2.5447808199496853,1.9950615537012282,1.7739552939088372,2.149630224996215,1.8740951464235363,0.3904951321483512
1650,exponential,-12.772147311340595,-6.587568502067081,-2.772917137097242,-0.6376947886305394,0.5141069788338871,1.1860541842350443,1.2750387241384422,1.8982280374225051,1.6601767507760952,1.9101739370003425,0.12564552081163907
1651,exponential,-45.942203557526526,-16.469350836973565,-5.397693829532767,-0.07435427131607414,1.0071481294639355,2.6515157667514533,2.322030453010364,2.844754304679622,2.8226501172220915,3.36296483886642,0.41754532969326014
1652,exponential,-0.8469599761105124,-1.0779066278569815,-1.250394932922411,-0.9738869059807893,-0.13213163907296344,0.025763490012477297,1.7085319222091817,4.815922978125979,9.285263195563243,18.214807542115132,0.3578059456713638
1653,exponential,0.4516853820825151,0.5009201246316204,0.5320156702108777,0.5795356933629046,0.7098016852785979,0.7563437483124967,0.908312164769749,1.07496157708931,1.29344286184406,1.5634987593043301,0.01337709788402333
1654,exponential,-2.8258350386490223,-3.1475939136089983,-2.0247209204107,-2.2109159368503817,-1.7497098325583011,-0.7894372403141621,1.7175718230280244,7.951277118606365,19.922652940144218,46.73201466979571,0.300896134107316
1655,exponential,1.3673210211517752,0.2889110374320549,-0.5960432568269525,-0.7917880295333684,-1.1852543944771226,-1.4737769317676161,-1.6273120134240442,-1.5259397338275837,-1.64175192367613,-1.6502208568478662,0.08559137535627197
1656,exponential,-58.90110547365682,-17.789989151273815,-4.616762363773238,0.1242104443524466,2.4471782018690575,2.0821923634233244,2.1679190503505543,1.9186412139770508,2.030145658180143,1.4103201449971325,0.39351051984283614
1657,exponential,-15.451297306064813,-6.102011423117722,-2.515043417803529,-1.4580005933445435,-1.3998415447643526,-1.4949888845519468,-0.9801458568161415,-1.4549548856887666,-1.5995239929716591,-1.0677969997710814,0.2581047229860341
1658,exponential,-2.696026101035194,-2.6337031587354693,-2.6586322414315458,-2.615911554949718,-2.5056005672290715,-2.149589719422391,-1.9619582582116042,-1.3888551816517913,-0.6358765400119935,0.38961809391115143,0.062127357921148145
1659,exponential,31.365537223401187,11.461969309256805,4.540032011159471,1.8541081514848925,0.08773464931884739,-0.5621447057414675,0.02773214533450269,-1.1627687015000074,-0.38734108619463675,-0.5161500813685785,0.41530940476469846
1660,exponential,-1.7869884157979496,-1.7472395951858388,-1.644328767805065,-1.6402628330929134,-1.4657038884049902,-1.151328207725619,-0.6178160714980149,0.23247242254510755,2.001730993827274,5.298316841911678,0.07136572446919175
1661,exponential,69.68205771093663,31.77683657422843,14.542212087322094,7.906053772226695,1.95568173163337,2.9843404141438277,1.041442540906,-1.2382797394424245,-4.19207117550183,-1.1995216644794395,1.7454304063240489
1662,exponential,94.01736179084232,38.19021784858568,14.793870048599965,5.943986944198504,1.089665207092585,-1.269543693325793,0.19366817726648577,-0.6500953286211764,-0.20916466485112872,-0.8614329873125978,0.5935115488941021
1663,exponential,-73.33438329896555,-22.46539885570569,-6.363401049130487,0.5229252742104877,-2.225816141197802,-1.8403080231125302,1.125944071335792,-0.4372666121568397,0.9972037284818165,1.7982156317847138,1.5831861686093893
1664,exponential,-56.395313624302716,-25.825682442872722,-11.732147013048033,-6.88707309208983,-6.355562148835921,-1.4705583994870535,-1.0607093990230052,-5.538762614100238,-1.0250987753846994,0.9744478463189912,1.5707064525883827
1665,exponential,17.824213788715408,7.133788054889163,3.7000256650978254,2.875750111551679,1.3677228427094101,1.3544069293214178,1.4437132167111126,1.0478816301761715,1.8068487085073537,1.0762015592593321,0.3247711811215439
1666,exponential,-62.35651723739612,-23.62001975248388,-10.578682718005856,-3.19434329161614,0.7968554953061044,2.3999961580682263,0.9839463012701346,2.1963395778090975,1.6185046708089588,3.161389507743807,1.4951437252515416
1667,exponential,-0.899239726892382,-0.8890301948055732,0.3256331467569902,-1.3833602596662804,-1.2062308517595683,-1.348060891220163,-0.9783124177436965,1.487195535570437,9.357000082265225,33.80273827388435,0.6369842473522284
1668,exponential,2.616540422338155,2.552959206085937,2.648129185789474,2.602322116502941,2.2888390980889772,2.2071081483655104,1.8771970255885786,1.324348336267093,0.3650502572671161,-1.083976680634019,0.05181680381695734
1669,exponential,2.8308570681309004,2.6768697338084677,2.7503112905032703,2.3765118644088696,2.2822336394799216,1.9051874620788414,1.3185326900445202,0.352609468014128,-1.3176414527090061,-4.092654318539746,0.07588114075142192
1670,exponential,3.7575732342559562,1.315980930314395,-0.04240735646670613,-0.6615381754387809,-1.2380384930686499,-1.42110281105645,-1.729092545557191,-1.5392124799938365,-1.3646005318881678,-1.5547653876925476,0.14173253374513364
1671,exponential,-1.9805809824659992,-2.1675937418736217,-2.262935966172188,-2.481776793380322,-2.918145055286189,-3.6108739368124256,-4.342896193151257,-5.205366687851948,-7.031603861721261,-9.429419961288342,0.11614239471751689
1672,exponential,484.58400073865926,128.97453872704838,38.33968132798255,11.509074154069783,4.376162137904611,2.3076057767802687,-2.9057355334063493,1.2097609445819615,3.49546978850565,-0.38804520590068803,2.9154694054557164
1673,exponential,-2.6769803950878703,-1.2267764065743254,-0.08191394886469243,0.6350213697214065,1.0364902714872901,1.369855229024843,1.460338490945013,1.5477853345206702,1.5450628830942992,1.6885697478612873,0.07021658478417601
1674,exponential,0.459639453829743,0.5460047737851557,0.5164473201509361,0.6372122435908283,0.6670819150300559,0.8538414461945794,1.250934239890808,1.740348298128993,3.01311567844094,6.086876714707184,0.09439133975318885
1675,exponential,-242.63776785882965,-73.4111542485403,-24.10069964160052,-6.208050985066213,-1.166646660629613,-2.8953377543816643,0.8964199490331548,-0.49827867434422146,3.1960256510381115,1.2224817647051953,4.177803161329946
1676,exponential,-5.267810598209799,-4.612810325777197,-4.129406679087318,-3.680631909001666,-3.3055900931823428,-2.9769870725754983,-2.704873892184515,-2.537035595143816,-2.3570202084287137,-2.166082272157837,0.019542207936138478
1677,exponential,-0.3524845329078904,-0.15080893729786926,0.139132523685759,0.4643813272653028,1.116766177502872,-0.20717999153868305,-0.9287777232270438,-1.7208608215045063,-11.713639930676168,-29.892868757905717,0.8949396315910894
1678,exponential,2.49577530974927,-1.5653535592332641,2.2304686392609505,1.2623069776666902,5.310654103009251,5.930076709980029,4.737560635445357,18.298294129835533,38.03219665763689,86.20482326669769,1.7868565399948064
1679,exponential,4.2653202974676345,1.6944450103867883,0.6742584273523766,0.17136240876483058,-0.09290234667260476,-0.18116107622605346,-0.10864997985371205,-0.22210309564255773,-0.2932627996888769,-0.177321457832592,0.07222219884847168
1680,exponential,44.72232281486829,21.36093096958703,12.351882011890758,7.731161296832138,6.518060849786741,4.388037661069635,0.98055655354505,2.8157183357246485,1.9831517025197745,0.30144966522740724,1.1438835618232077
1681,exponential,-4.056441587238139,-3.826353266666434,-3.7105396247238773,-3.5450555056974413,-3.341248491111158,-3.2149322015923927,-3.1697804466214063,-3.0011887722317203,-2.8941468934739203,-2.862593229613048,0.0324081890377615
1682,exponential,-0.6073194412245478,-0.5256568436577994,-0.4991444701001547,-0.2079107686458705,-0.11247654792151376,0.005593318660359961,0.491768556279189,1.2595394306288075,2.1644538564837097,3.956996322727154,0.0811511696669638
1683,exponential,-3.1616424367227047,-1.7354312857269234,-2.9501675351196903,-2.7148270014030578,-3.868231511581982,-4.2404686975071755,-5.766688630386884,-9.499722791074733,-15.358169156871607,-26.34137769870481,0.4927019375587797
1684,exponential,-1.3887631906591145,-1.0092335038768052,-0.8679695694869959,-0.6481841992878888,-0.43135424987404275,-0.18515386133826028,-0.1490371150148347,-0.07107106174612243,0.0510928902374202,0.24362954602766676,0.04188578731232555
1685,exponential,148.58162870525987,53.27495628347986,21.070218206068215,7.314869535867707,6.503218315398739,1.7545842533816958,3.202730408452708,1.0076571972895971,1.619633290994697,1.8113921216846933,1.3580657006056578
1686,exponential,0.9254996922050903,1.22893108641286,1.6941409942267813,1.4585222054692215,1.7392397904490018,1.674366064217762,2.4408500138858122,3.7353224901629543,5.90480937699326,10.766373035984659,0.21003487527357542
1687,exponential,-10.691075625397215,-7.257547573036278,-4.811151649291852,-4.177838250996281,-3.5978542329610512,-2.9870608558351703,-2.4542102177312746,-2.104337047042166,-2.4553519897078186,-1.8454949075383182,0.22549686827380389
1688,exponential,-14.167408600908017,-6.527121119779372,-1.571071898959888,0.22771255262356124,1.4885350092682954,2.2939153588810868,2.4080345866382147,2.657691749935126,2.5633330247235655,2.7515623660746407,0.20403561224703695
1689,exponential,0.6217475026514618,0.7014141398687288,0.797302805138699,0.8986431259649081,1.0382092504611329,1.1596871835664404,1.2957984930385222,1.483213367029615,1.7004744157810594,1.896191354119975,0.01518636741881026
1690,exponential,333.6133837897219,99.72418232925597,36.135594848413774,4.362589578742573,-3.5250255003377413,4.6317454647104235,6.434283297830477,-3.6692983450715593,2.9699273129342014,2.116637374929594,4.018486205164804
1691,exponential,-1.983109536919211,-2.075565022816851,-1.4801374464102979,-2.0395542566367593,-2.9157845655033197,-3.413104913619034,-5.563541997112047,-9.961254138542607,-17.72486287912128,-30.285430523255204,0.3318499546904724
1692,exponential,0.5733195960663439,0.6955805473709654,0.21614102724031542,0.12548403013378664,-0.21271298351131337,-1.0246988500179999,-2.02576437941582,-3.321181274423177,-5.462331064292831,-8.36240265982567,0.10933487817552787
1693,exponential,-87.57573876905553,-35.847197001137836,-13.782390356607786,-8.313830463497691,-3.0645768188208824,-3.0561739604874694,-1.838743108960454,-0.14224419014791834,-2.880946793660928,-2.603937277673398,2.444521562265114
1694,exponential,2.1337088091700065,2.0259485393294683,1.900850749656267,1.8360888924539986,1.7860391367590087,1.728437762194692,1.6861768295300714,1.6852998915267534,1.6534742073787139,1.6330008944698802,0.009754716277709937
1695,exponential,-1.0954992633356258,-0.539251826433073,-0.9322347825390835,-1.5802349219267744,-1.3076986550183787,-2.882141163045095,-3.762288239647765,-6.242628497963624,-9.12536779830347,-15.408510398808115,0.39478988337738335
1696,exponential,490.4372177566427,140.3647204001794,38.54643075744444,11.032663217554093,4.920692480666648,3.2786820866109077,2.5336776945248816,8.309102837525867,4.571331455561897,9.518741369685706,3.4315688338776655
1697,exponential,-0.9763366534402658,-1.219407269418813,-1.3695745718911514,-1.322307591044743,-1.5342439245226962,-1.6472435117994382,-1.9656354893425376,-2.4479798416202785,-3.5335686376247137,-4.857857307925595,0.07530787638339555
1698,exponential,-1.2956007985106754,-1.1484458047036714,-1.3564191297039785,-1.3000844311378,-1.0100757433454493,-0.5923489507381007,0.05177685386513389,1.395996415851167,4.377170405212081,10.639155912734697,0.1565705242540614
1699,exponential,24.619846634481803,7.690190165905821,1.0235328759865192,-0.5920635907524012,-1.0797620356729025,-1.6995160956608788,-1.6106296845463925,-1.1545798406783776,-1.6176746587928839,-2.2748776346782327,0.254077475995657
1700,exponential,2.839228555747375,3.1327164998467567,3.1210455833271857,3.534661366240797,4.061363757757392,4.7958032800096095,5.853567284646071,7.202491535038883,9.855600727150527,13.414472864053165,0.10134508209957867
1701,exponential,0.6798759740230579,0.8461779824411243,1.011074241253638,1.1918017124054487,1.4692838212656436,1.6871495182630427,2.0044193450594165,2.419559992032943,2.8712846436355983,3.3681472141522373,0.02205120415906891
1702,exponential,49.864851420534556,14.217794895187264,4.317522712785201,-0.07770667880824789,0.49842804226898046,-1.6809981140895323,-1.1859937126964613,0.9383127859909294,-1.7228143735112524,-1.3688320924673554,0.9748757430017585
1703,exponential,-2.9955272193709273,-3.1959593173163108,-3.669131584727034,-3.8084842182357814,-4.605168813520126,-4.7907419928902755,-6.373190158375584,-9.435069298201727,-14.122631267280555,-22.39597692074363,0.3234439444661385
1704,exponential,-101.6774841577726,-34.23046709648627,-15.801830967666213,-1.585468425321562,-0.6512904660155525,2.887882519553907,-0.5945777093517602,-1.5623280718672155,1.0650043797363922,1.8794806974271108,2.1401024416456536
1705,exponential,-1.2056921651762833,-2.2538194047066864,-1.9241982170797036,-2.064103201577508,-1.5293656638782678,-2.149333265965001,-4.725152329269523,-9.465613717151767,-22.109217316666104,-55.380537498225706,0.3629495446226128
1706,exponential,41.50113247741773,20.308920256906326,9.56257526391529,1.9648203060486427,-1.0216467934258064,0.039702576740110684,-0.5934480085024582,-1.6003450033228965,-1.666366634921919,-1.388351295946141,0.7169823247548682
1707,exponential,-4.582392770795881,-3.850422778804927,-3.3437967781029303,-2.8765878121827146,-2.3051861569634373,-2.237553356643646,-1.9225597606592086,-1.7288038563497232,-1.6317338855632286,-1.4690543600409434,0.07007705237905763
1708,exponential,1.261117821386968,0.9535504800867376,0.6238692427299835,0.593723053979446,-0.07569516496805356,-0.6802183985776136,-2.3521504966314897,-5.49090038541557,-11.284028830469325,-21.751577778243863,0.18753000176620124
1709,exponential,2.529650585177844,2.5305985221285336,2.5593484992283257,2.577352461810334,2.5985640584020655,2.631714866664032,2.7002766427557656,2.7899124990471975,2.9237150333305983,3.141051331739929,0.01566500625725731
1710,exponential,3.08988636440527,2.7500264546602304,2.4829569092798467,2.2313419997298283,2.006064245189918,1.8353455434479045,1.6684788685248813,1.4917449634512592,1.39127437331109,1.2967150229883213,0.014989838073646757
1711,exponential,2.591854706938596,2.2788709731892864,0.92221570292503,4.990581308154437,2.760020609003637,0.359064682687286,-1.2846416899884403,-25.448698457850547,-84.39629734436018,-273.1713917107752,2.694887244369345
1712,exponential,3.2633662375634787,3.4195730838506795,3.588297366424241,3.8100732108339597,4.0359998502967525,4.4183110465729625,4.733805119020332,5.148294818714605,5.704754754981446,6.301432955047168,0.028474403145581705
1713,exponential,-34.63468242693918,-17.925528593051464,-9.502304332051107,-4.886494257384993,-2.9556229364754776,-1.7307100434557572,-1.250334510708979,-0.8294367449063671,-1.0126049541124418,-1.1596289825929915,0.31526368868461135
1714,exponential,18.538806344690343,8.788958711227593,3.6282104035793568,2.6573042407323357,-0.011537580224937893,0.27097184941477487,0.06907149078737251,-0.5247954287030469,-0.7951317215481266,-0.7958570577304611,0.4344975065678122
1715,exponential,2.8760400613702353,2.790530987543802,3.1449608839064647,3.3490708508309757,3.5173667865509954,4.287595250662706,5.1346881672547395,7.295049181506473,10.917943853582576,17.54502192568418,0.09788141449612912
1716,exponential,2.103860838296135,2.011406358876025,2.4146563145699846,2.326326349112316,2.6769778250381577,3.0878513712310536,3.543986985090712,4.46905672666136,5.475663496590802,6.947361344721431,0.09558996136129638
1717,exponential,-0.6610905408841026,-0.08390338903364264,0.3796544962663782,0.7734249059300543,1.2026596485609458,1.4017262415939962,1.534288187066442,1.704358810457918,2.02671307908635,1.97606381077879,0.07406188628310244
1718,exponential,-12.78580160724232,-6.782243934396503,-4.73051690527996,-3.345700069713432,-2.531988854995994,-2.346356748780641,-2.0374132107515064,-2.3777713097934434,-2.0882670938860923,-1.8915212974634916,0.20218733492273847
1719,exponential,0.3266208763042793,3.566393444425989,2.2245311590234564,1.303169627084204,1.204765774096005,2.5936431219146816,3.620134027223175,11.640913690983789,23.782967695201304,59.82504553507478,1.2392637728613853
1720,exponential,-2.0493612826505347,-2.128699254045562,-2.1467811663286285,-2.235430676040339,-2.3237279605088026,-2.296809773502324,-2.51945408549159,-2.8260415520357016,-3.4322511372081093,-4.206009200367583,0.05908237935959988
1721,exponential,-9.736539468317892,-6.233834051628983,-3.696657790198799,-2.6703066893580294,-2.1093761957115316,-1.6890967218177422,-1.481339896505608,-1.0961255969767265,-0.9167674883729787,-0.758364547157028,0.12200910794158254
1722,exponential,-41.390115173857815,-18.56742582810834,-9.160333192165725,-5.097130219391781,-2.0397690548526035,-1.228415811937988,-0.9229551215713228,-0.8068571216944498,-0.9127457869833666,-0.9924967993014394,0.49406005545679604
1723,exponential,2.5564816944878723,2.24048173470051,2.763969884688212,2.5506453051649522,2.9160644080159805,3.800745878731005,3.9679769927690485,5.716077508871289,8.09734385460435,11.90519710696089,0.2366357903955235
1724,exponential,0.36459874978602075,0.14416160186930144,-0.0388122393289364,-0.24918253820078762,-0.45256687663279777,-0.5217335151513336,-0.6823467229636956,-0.7401676681014954,-0.8509269703911887,-0.9067936542418777,0.025749475046747874
1725,exponential,-1.1732009947696926,-1.8564085814723215,-1.2889555994385655,-1.5851021614831189,-1.9905062497344452,-2.3483021829802104,-3.2670612662473,-5.1492836353461975,-8.20200941069802,-14.141428539480035,0.23535831221576214
1726,exponential,123.23607818609052,47.975099768672536,18.38268852513725,9.807254247446501,4.427890186950904,0.9080947167695621,-1.7612925075093684,-3.036022299027378,5.2220657686103324,1.5964281648973666,3.0880354964880703
1727,exponential,-1.7365717900067452,-1.7038322644086514,-1.6934926275364601,-1.6747573356325371,-1.4375118231114026,-1.2188641343364865,-0.9614844831663234,-0.7167714545500653,-0.13111442271517731,0.7982887567558061,0.06514284143941705
1728,exponential,49.00615885377699,15.226209016161583,7.874825698053016,2.723937131055741,3.0737469530498474,2.7789332233518014,2.5820182822103637,0.9112121348576583,-0.003149222914627492,0.3437928508617045,1.1193253135680268
1729,exponential,0.08811586864314952,-0.25170196142311707,-0.04738074494630068,-0.08998587318354878,0.6086982211047586,0.8184016439515467,1.6842709647163903,2.9792547951681843,5.592959190279245,10.168137484514299,0.1641026751262983
1730,exponential,-1.6076129711908076,-2.0906611354307882,-3.5054446338879766,-3.127217601698355,-3.6903071657179507,-3.979094495597279,-6.400331449025386,-9.720129932769552,-17.92495822878854,-31.790993593702286,0.3746377707646667
1731,exponential,-136.07456555425355,-50.094422660515264,-21.402244213877264,-8.246154765473559,-3.068997293316828,2.0176100192528716,1.1333396412977526,1.7508171086495485,0.3324000317361086,2.2812897174717035,2.260150187193474
1732,exponential,9.512570374563518,5.680359711508665,3.662978051905914,2.109735856868004,0.5276516909395624,-0.4580563888731414,-0.5654230246635202,-0.8894633068930256,-0.5502374404416184,-0.6353691619521894,0.29639780280216965
1733,exponential,-0.7651758392352427,-0.36627936103730896,-0.06388578871958377,0.21760965275019117,0.36107053916866466,0.6145711666726809,0.8717993010083249,0.9659159530099035,1.0580113586597548,1.2934978272891011,0.04570812696796588
1734,exponential,-0.6366316271196585,-0.5663216587621202,-0.48157719674549454,-0.42787006349474194,-0.3688884216297667,-0.32043825766836925,-0.2808158734772059,-0.24527330820840024,-0.21102922560243326,-0.1855832253502725,0.004578158142640484
1735,exponential,-0.2501866597007598,-0.41791341115124686,-0.2698599755753128,-0.06811637720871794,-0.09318113601731051,-0.3688992331526949,0.2778210597229648,3.142629904160942,5.378277451826315,14.80941314642397,0.3620372866508462
1736,exponential,42.44629811226862,21.582869611424194,9.2084241305105,6.926211003614387,2.213998994381038,4.5339185554489365,3.3996896951995694,3.3615524476464773,3.3428131852172154,4.961052642713932,1.1469504279229963
1737,exponential,16.251983356576616,6.0601768078451705,3.7489839251730013,2.067149477099669,2.3289560195693055,1.715300374485452,1.8866692369916664,1.7684057807584996,2.5905316898659496,2.141794165193565,0.40043876503827414
1738,exponential,-2.571495903599163,-2.3059441427024585,-2.1350856598482535,-1.9432381848163496,-1.7775455644030727,-1.637896659947988,-1.550010380393023,-1.4383999759041999,-1.3223927895337244,-1.257947349623326,0.016313045870689376
1739,exponential,319.9021160263835,87.6466775991328,20.020597419374305,4.620932009242481,5.573002072703929,-1.6977693633461075,-1.4199549879312015,-6.06680357809838,-0.027567188239173326,1.502535814774529,4.109059745444294
1740,exponential,-155.76483764210855,-57.44511828923417,-15.675200448340275,-1.4061417564674725,0.3238452655606997,-0.7892094937413308,2.4807411149464142,5.1383419238080785,0.9802469529319351,-6.824652942576201,3.6681295373445955
1741,exponential,-38.14665604168438,-16.27873572704287,-7.803112396752254,-3.1403505959633238,-2.2092442410315862,-1.598831469867954,-0.062221501572345295,-0.5091127025276907,-1.2989762542295757,-1.425045836204133,1.0952212474115044
1742,exponential,6.484573637500799,3.8681768982331324,2.190774813007746,1.578045005917976,1.1869909928390892,0.8817051745776877,0.6786690121104297,0.6211687937644371,0.5916507711837365,0.6074035817279734,0.0710453070012546
1743,exponential,5.885816271842196,8.835235487448102,2.0515745649523054,0.9503040102403069,3.5149458867646577,7.922128622279075,12.232391741755137,23.872183578308782,42.07900648190589,97.31724293629694,1.986941918297519
1744,exponential,10.084162301250993,3.635648445555619,0.8958227349983057,-0.3209054213325155,-0.9213522096787148,-1.2480642353528415,-1.1781534846530723,-1.2698189812915042,-1.533938822271756,-1.3065120661979877,0.10478640540867551
1745,exponential,17.971580473724398,10.062873773986095,6.218556081806017,3.9286427110375306,2.65283197373759,2.0099937433052846,1.7305256113502994,1.6628385357378204,1.7456780375875796,1.4293591195307773,0.1539791450206062
1746,exponential,-2.896541342521913,-3.749416381772158,-3.8363225118749367,-3.857931869525189,-4.136745288085723,-4.543930618441378,-6.118292108939189,-7.390205318818288,-11.001613349629938,-15.377112054882467,0.3251500983322535
1747,exponential,74.7486357614872,35.271160885097316,15.32177644871957,9.371634563468495,7.4968341118447555,3.2341702721219505,4.048458861815956,5.434226199632042,2.642142161851015,1.9944344883710454,1.3259586896935844
1748,exponential,0.01775618850166516,-0.580990415903775,0.061970620783044716,-0.012661451851975106,0.9441186733644602,0.7543386804826092,2.0071764848814837,4.753703913004977,7.804724655556149,14.667854652887138,0.3424399178167623
1749,exponential,-0.5595669449321095,-0.2065709792017915,0.13897261139018383,0.41222265847062906,0.6869297793404494,0.8986192671890743,1.0855504646247427,1.279038342901658,1.454818738372626,1.5525926195559399,0.025193705648285138
1750,exponential,0.8175384644158299,0.06375706501120326,1.1404659280337612,-0.010427873972293167,0.5491496609889632,-1.6242384445434888,-2.1017754294183666,-6.291164534039689,-10.639220316066268,-22.399385894234744,0.6522905090072603
1751,exponential,-1.6957170091424936,-0.8149600465604895,-0.2100390425347345,-0.7005419372892456,-2.920297190872885,-1.9775428759119487,-7.69048023423431,-14.44808249081065,-30.218070956654692,-68.00444510344848,1.3029666877183457
1752,exponential,-84.50651255257645,-30.97684372081197,-10.827609470993538,-6.155151182846324,-3.9052336530301788,-2.388419737978706,-2.9701197308967155,-2.2907330297244015,-4.1323516993846745,-3.2258387695095783,0.5943700012636117
1753,exponential,5.065640004374123,3.5915892437406614,-2.9100057141620805,5.558422609527776,-0.7259239152326651,0.25252993532831436,-4.7328024978613055,-16.923429969669886,-49.93458260070929,-128.81896482090488,2.4407935650690518
1754,exponential,-0.5125819219578014,-0.14436811170831867,0.213120642612719,0.5300330563473011,0.8004160182752569,1.006720746118487,1.2346493590426748,1.4183760144549469,1.5409424970707073,1.7076580762654203,0.02014265537982164
1755,exponential,-3.740170175246806,-2.4796667965083548,-1.530257755997927,-0.8803599335787261,-0.30682536885302397,0.009551112332521795,0.11042310961755936,0.39352566088631036,0.5969523957455911,0.7206430393807581,0.0872135537164607
1756,exponential,0.5970260543415623,0.2313297674166816,0.03306339476346609,0.4555934480225381,0.37903528696715644,-0.16308945912657308,-0.6576883458968633,-5.942936061465799,-18.874656984104796,-57.23955748527715,0.5425830038739727
1757,exponential,-342.4204957791592,-101.65576910737278,-34.15234932617462,-5.181601222219999,1.8689892663727259,-3.729664768237987,-1.6178890402306911,4.5310032174517865,-5.490933052131371,-2.083038828641336,8.136767580494267
1758,exponential,-1.9688069200055054,-1.9479750223934342,-1.9163574849176899,-1.906894306393854,-1.897646315426518,-1.858484713808891,-1.8395308347131547,-1.8013721741505053,-1.767590456099088,-1.7067173941550142,0.006792803908805312
1759,exponential,2.7355161109216968,3.3305560359358184,2.8828561384258524,1.7480375666304757,3.7141756826741945,1.2227179428244666,-1.5097271112820656,-5.324968218784278,-14.366642495467016,-34.5298479641661,0.6633697673572753
1760,exponential,-1.1973279915745347,-1.3632506851534318,-1.5312677195579911,-1.672646568683706,-1.7814594846289342,-1.885294091613466,-1.9661034755107372,-2.0827290820554576,-2.0657508101006137,-2.12950097907223,0.021800308746092664
1761,exponential,-6.559305713918288,-4.139699535360927,-1.8594116582857594,-0.5223585172037143,0.37434185248031554,0.7002305055174487,1.469241204834948,1.8704835037259921,1.9339733082966895,1.9393258518535885,0.1956729896001924
1762,exponential,8.077284160917648,-0.6059244061758502,0.5795020370160984,0.21389561033446158,-7.609921560120491,-4.57744435704168,6.136000013027892,40.89091542425386,142.17888123157888,532.537632120412,5.348049454271023
1763,exponential,-0.9428795638248841,-1.0267318232827929,-1.0829469838709134,-1.207322340529958,-1.3222535867405663,-1.5282203647776786,-1.7617775375014941,-2.090249494824369,-2.5228319288203656,-3.0748089360022037,0.019828636655197657
1764,exponential,-18.935636037580394,-10.17063420957644,-5.2107357649978265,-2.8693781250054418,-1.2123849059982186,-0.7093754295425782,-0.4146800189697101,-0.10430570124868203,-0.04404289150345311,0.16299961432093152,0.11872794947342913
1765,exponential,-45.92495170593991,-21.549955428100557,-10.393130483888092,-7.16092386189688,-2.792746660976574,-0.5170131458925866,-1.1580187819439898,-2.448716042434823,-1.2991526307076013,-0.3052975797453489,1.0497306262233035
1766,exponential,-1.5966735860698869,-1.6476491038756225,-1.7235659665827159,-1.7900294246584618,-1.8797704283903958,-2.0178867364229567,-2.181587307890568,-2.322565048169945,-2.5533841230286907,-2.8305915062759346,0.014363848446035318
1767,exponential,1.8894545244139962,1.7833003198829458,1.7095963656760191,1.5938370475985346,1.5041238701116668,1.3309451300088369,1.1593855893452885,0.879454411615318,0.6082140501050239,0.2205648032436643,0.032112982539537836
1768,exponential,-1.1463774643538445,-2.2524863540705793,-0.8678384079600063,-1.4611247786313426,-1.2160856842431729,-2.7038130530548914,-3.131007832111548,-5.434404375334572,-14.226724908671583,-49.22158145997006,0.6025280656378823
1769,exponential,-0.829508857584222,-1.9570486690105655,1.6078373540228887,-3.8305608158913627,-1.4125035052071233,-4.720234559621582,2.56100449415737,12.997017594869227,26.974206647261212,83.92682765486832,2.3372969475931282
1770,exponential,-2.6631605282284774,-2.6311624638030384,-2.616271995475372,-2.5633425214260686,-2.5217751420620265,-2.4861591278081456,-2.428727563921833,-2.355274375005533,-2.2896427678358484,-2.198033637780548,0.006780310092898783
1771,exponential,-114.9124087247265,-44.22154268380466,-18.944787774812216,-7.234391612244137,-4.262815418478112,-3.2236382860695683,-3.0586849396068865,-2.402551171696954,-5.013976226020713,-2.6049186194218406,1.149691279401595
1772,exponential,-2.1775438246629313,-2.020840407849925,-2.052966650330061,-1.782654790828752,-1.8739572413792178,-1.5180550827340709,-0.9727637326917266,0.34972022770018274,2.002662967843757,5.433719154888723,0.11903382224620573
1773,exponential,8.75017447425301,3.2208720056678075,1.0025397051098353,-0.16675029893690885,-1.1486132240518123,-1.3890955237697076,-1.5052938807409553,-1.4922381782812524,-2.053062945932753,-2.1917268228909106,0.20743087882904082
1774,exponential,0.1883860946762409,0.17669995548587408,0.16809653552014786,0.15839993387031692,0.14432187197683838,0.13333894558666298,0.11376956242736172,0.0943197899400045,0.07026666473956009,0.04127509650031328,0.0018441241915023942
1775,exponential,2.652774012754468,2.206014566902874,2.76908805851275,2.9065440218989416,2.9709235279610877,4.401391915901622,6.4412496650141,10.77036471256614,19.85678751868101,38.76611518080068,0.27883088630769653
1776,exponential,-137.34683608963138,-42.46710636342303,-15.731790439702067,-12.075779007717466,0.9638982308110045,-8.592769415389672,-0.6664423588531663,4.013641894873386,-1.8855114147061605,-1.450230936582827,3.0204511018006297
1777,exponential,-20.326336365822648,-7.213614248473448,-0.9785168939053434,-0.2311407420595929,1.1366990317068904,1.814687811614588,1.7819524654062393,1.965785319225113,2.2077418015337926,1.6014647397927264,0.5536957732153358
1778,exponential,367.028246672041,109.95776588264147,20.1421209153345,11.185107744979453,2.0297774918989364,7.552462992233959,7.2667590439116045,12.49617754142874,11.861743850351663,1.3191803460269114,7.5018434857229135
1779,exponential,-2.735223046743528,-2.7458154346402175,-2.6482549616038558,-2.696443141163605,-2.574023755623143,-2.4284821996515107,-2.112160393644016,-1.5566867377135323,-0.7180911573375575,0.8682349711661417,0.03447956922610774
1780,exponential,-21.313402867590188,-9.369639059499988,-4.405932008296542,-2.1386071209554554,-1.4514098898966181,-0.7401922551204978,-1.5113367309172647,-1.9594101499551413,-1.7534337636253654,-1.7743149739857773,0.543975731037093
1781,exponential,3.423683571645942,-5.398974296521622,-0.48538565685235935,3.7674847641379734,2.450136473854659,0.47328219694691853,10.240784166082015,10.995681955525528,29.80153239443172,106.11703124652026,3.0206692414789367
1782,exponential,-4.773068014240809,-4.534361695940925,-4.270484510551104,-4.106569912013965,-3.881699331012038,-3.7536871957640123,-3.5860913847672338,-3.503541349236424,-3.3560909250809843,-3.309422534014754,0.015535298491659355
1783,exponential,-2.4721916410376403,-2.485864176529142,-2.5196839853721054,-2.51854301241867,-2.554158422793731,-2.603128214521661,-2.647509004688522,-2.730170017944712,-2.825710636023808,-3.0136555102882285,0.012641333733239264
1784,exponential,-187.7616587506885,-70.88466275374138,-25.25749095584643,-10.047758891263829,-2.979098418347794,-1.182124331537667,-1.9757369513542553,-2.6488772386124158,0.70729659631335,-2.6719991914792294,1.5089229527022792
1785,exponential,2.0973446788278483,2.0464169575319,2.0465361045665094,2.038000686518361,2.028512503365661,1.9721511675195267,1.9394383472183936,1.8665655838413249,1.8049190437688711,1.6553385398066407,0.009891566397507517
1786,exponential,3.2106573312605837,3.0017838538211987,2.8733309672422966,2.7711689556555976,2.668902288675261,2.613133131521049,2.5475589396247287,2.5374937920322624,2.504692466314233,2.476113286682919,0.011796764133959654
1787,exponential,1.9548702669751128,2.0367626112898973,1.1008555882632383,2.4610448272736907,3.587743987142706,2.925947845625049,5.726995998234617,10.962511561988485,25.216622295405553,60.16609410947296,1.080851873888186
1788,exponential,-143.95109003962057,-40.8342437226208,-10.134356329316079,-0.8078223422996249,-7.090146929530598,3.784512324481187,-0.235207846217651,0.8447089934350362,-4.645171722601019,-1.5159637753087305,2.0787610464413273
1789,exponential,-1.265517366163681,-1.285792291819992,-1.5169825745467196,-1.6849463098968793,-1.855883296617101,-2.110028491525525,-2.5584283893530366,-2.896486376090705,-3.532518196247386,-4.193598675707174,0.05905917004227558
1790,exponential,-3.2735111437027493,-2.193484015173895,-1.4143230388681012,-1.627160529553005,-1.4897263108417806,-1.023486809047176,0.6229303571740797,3.166088933199676,12.097184504289203,30.29601629549527,0.6292896540787074
1791,exponential,-0.2463158228774718,1.65232398505501,-0.2625770452266102,1.3336843073382962,0.08089369910743571,-1.1816750584255868,5.347625434990709,16.749828447072574,48.001813337873564,138.5472602932738,1.3502862020205129
1792,exponential,-558.7750737447262,-168.09344678203163,-31.68902007759874,-43.093494324926056,-1.5766663610213447,25.07110642651694,-4.616992584042908,-2.0431521153846695,3.672258852389553,4.71903969284473,13.18953427430539
1793,exponential,2.7100700867689267,2.740746323047394,2.988240193769534,3.1734800293825307,3.6887135875484787,3.9112899561087313,4.275687582986107,4.789191686028721,5.434688985951724,6.471857976539443,0.11255793236021924
1794,exponential,-1.0078029915906763,-1.0267264354916694,-1.0284092347107254,-1.0663646957162363,-1.102371506199668,-1.1639426957679544,-1.2996358303464182,-1.497682064427068,-1.8126832327844116,-2.3071442242542295,0.014348297096541892
1795,exponential,-1.6062571818228992,-3.090239311731629,-2.680143743933771,-1.4190763135289992,-1.8160158996672882,-1.76535624456905,-8.781333831109205,-25.114966206069724,-78.63404689892656,-240.19788412274514,2.732240599763796
1796,exponential,33.61167101244593,17.045237473603304,9.599823500195473,5.693850700775159,3.8672282585213784,2.7997255219209283,2.457800064583087,1.9673096760081492,2.424696539752581,2.484625158038153,0.39577885761706716
1797,exponential,-7.4525427015699455,-5.169242855446217,-3.942346632721014,-2.535373340479295,-1.9858467880031665,-1.045835643061619,-0.9186241853692055,-0.3838662642457615,-0.13691574820412603,-0.023286231529984814,0.18087704634021787
1798,exponential,-15.234078498718306,-9.062991829719778,-5.1147545077305425,-3.6292627982596164,-2.9547455296966767,-2.170330362715161,-1.9813585920611514,-1.2660387723311193,-1.6878075549064868,-2.1116095869799443,0.3479670918626607
1799,exponential,-4.767573642052531,-4.45077542484398,-4.180419993692448,-3.930139407647975,-3.7488852170312366,-3.588040261337202,-3.364032198503332,-3.2984123571796085,-3.1658239245512796,-3.0711970311277996,0.03515823997045295
1800,exponential,-0.8686661644249953,0.46184086780283895,0.9204860760136757,1.648639572006544,-1.1860520230027463,3.0201443481247763,2.6688944629857376,8.273468600262785,25.588409924798157,59.683161609436794,1.6297881671569223
1801,exponential,4.347406993568574,4.109048650821255,3.8481427406861646,3.6741255208742887,3.410437821451449,3.2258584651562296,3.1422327816625946,3.0528460384186755,2.8593648286744924,2.800077937291889,0.03379781321306096
1802,exponential,57.84470507652384,14.457200632165508,3.636492944256537,-0.9822591748723541,-0.33067990220801236,-1.556550016999248,0.5361364919088333,-0.5307936263146896,-0.8295577404405382,2.075340318313644,1.4571232452677034
1803,exponential,-0.8869817898912055,-1.0126216749544554,-1.2923093152489034,-1.4531203715369647,-1.625613729086751,-1.9024149501845993,-2.1258531583339924,-2.4410512442966086,-2.8250097000672882,-3.211292789507732,0.051392982881517266
1804,exponential,-13.736799510072663,-7.189316609258032,-3.1025141103810014,-1.1111754157511633,0.033312178872448556,0.5873484044529809,0.48481925597699904,1.1876078145323414,1.1769249444204584,0.7538649648099744,0.3724001771829027
1805,exponential,2.35312077743203,2.445841534573422,2.0603454706362867,2.559075721739524,2.686130930661803,2.67443486782285,3.852592028249851,5.218187310889614,7.954698606201086,11.813437024735173,0.18712437394687234
1806,exponential,-219.91003317518104,-65.1503252634336,-14.860045206187273,-1.7355010555532089,-2.677895030065235,-4.644901072493397,-3.8439075752831915,5.817078083258534,1.0651367772074598,-5.858122670073884,3.675734312001302
1807,exponential,18.471314709929842,6.917064532910169,-1.913068294624364,1.421224988600443,7.0330244663949735,8.981381179500534,-7.28608506478618,-24.028317502908916,-86.01239624235637,-273.40952510211616,6.77273279841055
1808,exponential,186.02890993655717,61.16974407130994,17.87312484032048,13.11566184434309,1.8223221688017006,0.2582748975491726,1.69035335681824,3.8004506352632657,-2.417370011979296,-2.3539058937665427,4.4060848021181735
1809,exponential,174.95586332621573,60.89834453259648,16.96696763062451,3.5376504420607984,6.740283171650757,3.4757947404779608,2.594566146716874,-2.999626576958105,-3.363560266102569,-7.376976745505985,3.240366039811551
1810,exponential,344.6114636528791,91.29018735153271,18.824407364284212,6.04682790061063,1.0376089313403483,-1.9230557659209253,-3.3677457156121333,5.3751962860100395,-5.775151349965781,-4.3827790660264805,2.9043715653438698
1811,exponential,-1.852201184170873,-1.9885875772332957,-2.3296968828417897,-3.3357056941746577,-2.4821679371635916,-1.5453250958523914,1.4072922070763272,5.225407690834631,14.255077717975352,43.07127108958508,1.2848342718979713
1812,exponential,33.39963558223402,16.6208106227563,9.501468385395718,6.416075106821831,3.394391210479044,2.673735386647008,3.0243377576590014,2.0522645781346815,0.967668138392729,1.1281762540229687,0.7929515873805485
1813,exponential,6.2925788811087155,6.29413494039541,0.0924751743678629,-7.034246108835592,10.62966635917406,2.1567723795213753,-38.923458653685074,-55.39310172107747,-177.03542346770848,-649.5977486526253,13.568968370848198
1814,exponential,-8.099995024088033,-0.27735736036075287,-0.959048524654751,-1.7275110020191906,0.10329061606692358,-1.8041445385150068,-6.137274239421738,-15.516305820310937,-52.132913402190674,-190.9147593509747,2.8326249466735374
1815,exponential,-446.99912076875455,-141.05051485853954,-37.64043771460332,-9.295387962625984,-24.702233667562638,-8.546117569516214,-8.005200395880639,-6.245121148860591,-11.531879747230542,1.190067634046052,11.405342927820898
1816,exponential,-95.07022900251758,-40.31209901733374,-15.063163374789687,-4.6618580385218085,-5.745479675006397,-3.1769134384451556,-3.8268041801300856,-4.0935111532903035,-2.264214602066897,-4.079686133543888,2.156431859363315
1817,exponential,-1.1800256718317432,-0.4755621001446649,-0.1356517746825372,0.23834419081519145,0.34287127102628273,0.5661781711372434,0.7021159938253181,0.706188412425917,0.8037529294590975,0.7198509854574587,0.04910373428587429
1818,exponential,0.05885448708479281,-0.040429111288377756,0.03049534468057849,0.4224782931352571,0.6744596764863544,1.2841673119182841,3.061570858125063,7.875814162524762,17.78068738325111,40.81126157927032,0.2650424887560091
1819,exponential,-1.1028173631616054,0.035921720755984654,-0.5841326573912614,-0.7825871447502892,-0.1287283418259988,-0.37622789461472833,0.11153056184704391,3.139634889180389,6.4849988698853345,21.982268774833233,0.4594950508416279
1820,exponential,-0.3948502649564659,-0.876504306560373,-1.1160571836921642,-1.2774618806500406,-1.5518780177830762,-1.648477350754815,-1.8491818390017742,-2.015497277756421,-2.116167794699286,-2.1244515505334807,0.048151600819816925
1821,exponential,-10.985622760570948,2.8922123011465466,-4.453284655982804,-11.632420872928448,12.943083473348135,-5.606099017178237,-5.5159088876279725,21.761740407736575,71.1348234111731,263.368882187521,7.075258334498529
1822,exponential,2.874967825331225,3.087993396203439,2.464761706506866,-0.8180358384792286,5.4337526036244865,-2.636479661108673,-1.8069020921645933,-16.858570273299662,-88.74364956850589,-274.813400507868,5.396789566958848
1823,exponential,2.4837938117364375,1.4684169008202965,0.543920804061053,0.053110080103170504,-0.7109071189617664,-1.2219638086994211,-1.526506216124306,-1.6840105269819021,-1.8925127833051716,-2.088054721679011,0.10596726335745313
1824,exponential,0.734489279970609,-0.08937687133934857,1.1777923813228914,-0.2571068548682616,-0.24606826245346652,1.1337756779240187,1.7765090442991442,6.803893089374193,17.853696915188387,41.84382535346442,0.8965881669163311
1825,exponential,-0.635292999557141,-0.7934867299163983,-1.2891815009656176,-0.9408880791788816,0.20545022645768812,1.5270623302581512,3.779703657352869,7.841778117987641,18.041157663770313,37.994338022055786,0.5351781311080664
1826,exponential,3.068064901074536,-0.48733240585854637,-0.07348790736298261,-1.6319505990612062,0.055418993706333186,0.17558326290914072,3.8933508296870007,16.43679972707699,51.29685309429534,139.65025085265708,1.7290997228239402
1827,exponential,1.9606914341177668,2.146963250390235,1.6492686436788926,1.0746543026355462,0.8179394588550752,2.9218519474889497,8.336712760256397,12.446418250988533,25.325481946327336,55.63957721956532,1.4900976401306931
1828,exponential,-2.046015989467915,-2.063969180521685,-1.81599774162256,-1.7054893075229913,-1.5948235566843152,-1.3496485001786442,-1.0752841538974602,-0.805097625124827,-0.4740734644816764,-0.1264837566938281,0.046326180325903944
1829,exponential,1.1073940197944834,0.9183029756167941,0.8484759250134261,0.8189273109143946,0.6148417369570838,0.5537447302258961,0.23417507683527322,0.13770090145381295,-0.18541453538620414,-0.399226145963007,0.03926204944673579
1830,exponential,-504.33310324260214,-136.95333902021017,-35.8842695892451,-20.49927411785537,-4.283942430927491,3.9392024229855123,2.1976044928458727,3.091358019172957,-0.16561796586477598,6.2584779220390905,3.952306026958452
1831,exponential,-17.45767864665877,-11.395480929159804,-7.328870914812588,-4.648276377318491,-3.3691100836444754,-2.906375807628671,-2.1316968757945123,-1.787747629531464,-1.5867416723446108,-1.7723929254409054,0.23706445269162982
1832,exponential,-1.3837034250332334,-0.971038115525446,-0.7193710430610061,-0.5653652195590311,-0.4522631646723302,-0.4266627307931874,-0.43428387638205607,-0.39764048403210983,-0.388009418629204,-0.33960004451082054,0.025899520662103305
1833,exponential,-5.336633959459894,-4.074413260262594,-3.405243341078621,-2.8754515594311014,-2.5669620874825445,-2.3446605795395548,-2.216505965856721,-2.1110643801824107,-2.0417715348998557,-1.9159546816762694,0.05021130732314652
1834,exponential,-4.372801713133597,-4.020805589974709,-3.7481931309051713,-3.525044754704164,-3.3628580318721846,-3.222137139580429,-3.0801870348957268,-3.027645219019419,-2.93574688250435,-2.8307584742151857,0.01875612822910092
1835,exponential,2.6612885510027295,3.9108066213308383,0.5837575901377242,3.7418015042443757,-3.250013968390746,0.7466090968476439,13.153843664659133,22.809348268833176,42.875478224575346,130.5273826567618,3.2502329437044755
1836,exponential,-21.05992119158406,-8.312532389552883,-3.1190991194359694,-1.0241305519235153,-0.46767288126901463,0.591055883296733,0.665098026652058,0.6869835514123193,0.3895718724261354,1.1078664661125752,0.239764633362059
1837,exponential,11.036372877238541,8.270946903832908,6.601325544600081,5.397239315347347,4.481327287248944,3.7885651842069565,3.6105395154216073,3.320007700962489,3.095862402367894,2.7802717946288205,0.1329212002288298
1838,exponential,-4.393282215212152,-2.8388679403565185,-2.0140554404912927,-1.543732255095985,-1.31147617135773,-1.1477571357680507,-1.1430009082398145,-1.1061354448823761,-0.9965952422087465,-1.0061144918508769,0.03743759245625395
1839,exponential,-3.5256007955816386,-3.075340078787752,-2.105595619708019,0.7018110412318559,-0.9805017960141136,2.222179338248531,2.869413846651108,23.38744948509507,88.49027440179006,333.77650689226516,3.9041061577484983
1840,exponential,-0.9135651701800358,-0.17558031910057892,9.59726814621762,11.016933890288696,-13.241103483507656,0.8572594453582703,-1.6834034360810781,-21.229940463157764,-54.96240242640246,-163.68151842367217,4.913370865606054
1841,exponential,5.710177025989064,4.405153646327336,3.6223136625373167,2.932941446450203,2.2964942960242785,1.8912739842439272,1.4100028389521757,1.5334727526413827,1.1791413947468314,1.0814432510243657,0.10840065791006875
1842,exponential,-0.0004873571263508056,0.01991630894636607,-0.3043939350760025,-0.11523992619902113,0.08399678846154568,-0.5592019225886964,-1.1108028206205163,-2.842022859489374,-7.468213418477706,-21.09104882455851,0.22013755062928272
1843,exponential,29.05131035837848,13.876809528003378,6.129638402062132,3.0374379232584534,1.0189602438344119,0.6231310554946049,-0.5819413721170208,-0.9507925284078507,0.14164747729178218,0.33240090147798157,0.6454744338930125
1844,exponential,3.521425153778555,-0.9134431854505589,3.5876387490580237,3.1492464781447587,5.364475629671592,7.021523597005623,12.468542397668358,29.14756891051237,105.10291437244855,331.1208483726487,2.5966818346080056
1845,exponential,-0.4449820130490135,-1.7347327586547292,-1.876013579915004,-2.317538369722301,-1.9848391952676887,-1.6557418042269094,0.38595181644480814,2.1354074028767944,12.382136186803029,52.49380917715219,0.8445685953785214
1846,exponential,-2.2429957539278926,-2.3158084286199023,-2.3724434353543615,-2.4628417555005333,-2.543693733620723,-2.652592096840419,-2.764951245739914,-2.8891474956409455,-3.047464085352791,-3.202986419014686,0.00922996269033582
1847,exponential,-0.14877460827791456,-0.1589494869423202,-0.16699048839387504,-0.20328913691446177,-0.23420005525541204,-0.26641044582400103,-0.3338899793540871,-0.4387902766920838,-0.5485672074490989,-0.7602486949674632,0.009772486538866162
1848,exponential,0.8844363990176173,4.462797755926109,-2.5093720464092577,0.6698187044463931,-0.7411014644171696,6.423081197654984,6.10276333404796,19.968469515537457,63.0080636926517,180.26426278130378,2.645489850086093
1849,exponential,58.062931629197124,25.382073459012425,11.823541793891383,5.276623924843791,2.366824972138402,0.6282405843471391,1.5819379144098322,-0.598995658301098,-1.5878655575733616,-0.6533698628077582,0.7264440088351874
1850,exponential,-2.76910263546898,-2.61553339967342,-2.9886861352766156,-3.3521977074517335,-3.4561625937910274,-4.150798323951389,-5.1617163431644215,-6.010691002577092,-6.92136336760115,-8.717791962872141,0.1310734524958845
1851,exponential,26.393074761324588,11.297623696792964,4.576130354350364,0.7667024923804187,-0.847714089859256,-1.3816188717173787,-2.373860390778652,-1.4597085061597719,-2.582492041916533,-2.6470697391213065,0.3015947078062247
1852,exponential,-4.178376257867002,-4.642164112092562,1.6791523343499986,0.18730285942684777,3.210914960162373,4.862279757914766,12.2114409764828,20.516826634414013,56.82911204148181,162.93343162756602,4.649816823191203
1853,exponential,-0.9819760998430038,-0.5533800497121342,0.3641633129558387,-0.8511054248893204,0.5869457491491001,-0.25703377058350674,1.2016813470754966,5.634716078667983,18.863289178191234,53.81499107335597,0.568714152484627
1854,exponential,-1.4321696811935372,-0.22359777573512363,0.2949459293861332,-1.3517631844374316,0.6620245120626487,-0.9123604141017327,2.570501131157326,6.471025959126148,16.46199466223205,40.41110661008338,0.7271925556291637
1855,exponential,3.816942827265313,1.7281823909470995,0.40674926538054823,0.05513603108164555,4.441177099989503,5.184369803119606,6.936282906169892,13.804463110492573,38.64118316697952,109.37351931614025,1.4356430470706507
1856,exponential,3.827083515759441,3.940871429935751,4.0426729752241926,4.038958434877009,4.396105847945542,4.696522098777953,4.958534263616974,5.299920834815107,5.684900939809636,6.055105351008963,0.06858733114607578
1857,exponential,-0.07669935317533973,-0.31443648083235176,0.7025905515953623,0.4267153656611292,1.1691501051378967,1.3935774420460574,2.4424740748059337,3.4531739437451034,5.305756046382635,7.409087877138765,0.20608133994175531
1858,exponential,0.9843959256493873,0.7912279603505014,0.2148639452653418,0.03551892613888409,-0.24209005910097084,-0.35311864185314845,-0.7015719544508713,-0.8066559835583829,-0.9237191274591651,-1.0987722912088178,0.0527108163403247
1859,exponential,2.5847198738148185,2.594816624167124,2.621425639840627,2.652698675775569,2.7097134750079106,2.7820948702721084,2.8544954209174915,3.002751272692485,3.159192569783353,3.406651887952638,0.014015902074943366
1860,exponential,-5.010773398429897,-2.3405019519384584,4.1331942773554236,-1.5470280983277636,-1.0790360033195165,-4.4207098522622985,-0.019931172369001438,-17.915574228147875,-81.29929573711965,-272.22343418943916,4.79936145535017
1861,exponential,0.6036890459750541,0.7106703402943233,0.8390556157966917,0.9155014428812803,1.0410354394965902,1.1852166272917,1.3606554188783386,1.519358428337304,1.7878169406401503,2.025706560745136,0.015289486318789555
1862,exponential,1.0444974351210734,1.0617975805587465,1.0715549550583408,1.09641206712036,1.1317469021751596,1.1476533014812302,1.164513257843674,1.217674362141457,1.2764387506357746,1.3125454084293762,0.006912728574125911
1863,exponential,-79.68930752817934,-30.45783309938229,-11.12583652445416,-7.261565137219602,-2.096093709486209,-4.306555175649869,-7.510138440558912,-1.8182597088943306,-2.044845795800076,-1.7633073730637077,1.3475315827737966
1864,exponential,-73.8014361015,-21.146248911241916,-8.897950308793929,-3.3497403332160545,0.023855776546154173,-3.8195020153763757,-3.2450271845075935,0.1697620115209667,0.5948663340966052,0.22306282702528768,2.022723416342181
1865,exponential,57.91333296889754,29.07538019996981,14.358358334992149,7.346204994302634,4.5463601405669225,4.02382010044985,2.1252581550207545,3.43897892648225,2.446418479277344,3.418565028665696,0.954003511942981
1866,exponential,10.0556282388101,5.884293302881635,3.133870446436264,1.4464648878470154,0.33432524273005865,0.1841601859604029,-0.4711916923492306,-0.18522842073442536,-0.7337425647295315,-0.7567770015564722,0.17962560935828806
1867,exponential,-2.51850443324545,-2.1849097026129685,-1.9858398861477011,-1.831431769217499,-1.6514867338653296,-1.5434508410025938,-1.4813284734953995,-1.4528779356921888,-1.4160681493003475,-1.3185857031905228,0.027591902048304494
1868,exponential,2.5144391752953883,3.13747495307722,3.3923390032850307,3.3613912586371413,3.6645008679443087,5.145533560217524,6.043613295284688,9.04783682412505,12.953778650211627,21.40582430206865,0.23583566752671598
1869,exponential,-19.90075077814333,-13.076836706505802,-8.45899433261667,-5.307034690294022,-3.174939174347262,-1.5657003305750543,-0.8945442555829577,-1.6578916640311876,-1.1217842819495552,-0.6803388551913577,0.5007206497822493
1870,exponential,19.99693508168299,6.1382971959642125,0.9979299582922513,-1.1990738836097405,-2.4217790347717028,-1.4897510462736716,-1.8162543096254113,-1.023314604498973,-1.9666342111296353,-2.4565992524364404,0.6148732822111989
1871,exponential,674.9597025889375,175.106729943443,49.216657741917594,24.051153765486113,-24.88611875154834,2.7792908922945783,1.2617668149307422,-10.638196359210383,-13.046776501359076,-15.65934168374966,17.386221620759567
1872,exponential,0.6990022580615972,-7.774827603579975,1.9701101581610305,4.091775517913158,8.418870548099374,-4.96991213552885,0.9405553198062844,17.1367055274557,50.498345957830175,209.59906507068737,4.225212224030472
1873,exponential,-29.800115109084643,-13.620208798582379,-6.094817998900661,-2.652025976993559,0.9001391020309383,2.7950947912081183,1.1453851347844632,1.6913960064929934,1.4882010442863012,3.817343129112312,0.9873026197928935
1874,exponential,-2.097443866995472,-1.7676730423256866,-2.017316377245235,-1.0090724461338616,-0.5338108007584971,-0.6065481124216902,1.4505902417281706,3.39609308706153,7.666360522826562,15.370605124677306,0.4156165162284471
1875,exponential,0.10607596396706037,-0.046403879640588674,-2.2312389794675296,-1.0595562660757802,-1.0708682232537043,1.988752187052872,9.279450484094545,19.993923629494194,47.4721374147276,128.46800168357896,1.6286231368632338
1876,exponential,1.9604148035630269,2.1731907392384806,2.313784841083218,2.441339920103645,3.2577467734717658,3.663204281236791,4.7286109097854085,6.169091851367789,8.807984773861605,12.374594733794996,0.1429564290573479
1877,exponential,3.5577764044624516,-1.0200523859969879,-1.5278493902477202,-1.9696640939262111,9.785570258151516,-2.6161570301566375,-2.6225979432635977,12.249418385717746,52.15331467334396,209.9491789396151,4.6858589974121045
1878,exponential,-83.18970821157295,-32.4433435722565,-13.144422766020416,-5.031119884154145,0.007342200482964634,-1.2217152290653714,-0.9940334132651305,2.656360427362391,1.811597537877092,2.8069325377940757,1.2557693097722673
1879,exponential,12.29308833826894,6.931855362237308,4.259506381335145,3.0353036175586716,2.474852634426261,2.13351343026555,1.9251500395950063,1.9695028145987472,1.9710218236228487,1.969899757773091,0.06392870621805925
1880,exponential,-1.2099268046330942,-0.6622957736526589,-0.34810684044665935,-0.05688615296261394,0.18351313394608218,0.47339839259669575,0.5735689254490495,0.6586474578910088,0.7690631671399689,0.8686192326691932,0.027010518868066453
1881,exponential,-1.8349641503982512,-1.7884051988910579,-1.786199684023631,-1.7690945541352834,-1.6901041363195894,-1.6185401540358515,-1.516586367269148,-1.3111553928804194,-1.034669586870313,-0.5970450999432707,0.019574190054554307
1882,exponential,-2.1198300517280604,-2.338397443317369,-5.195554371637998,-1.3023297018929583,-2.2620066583516816,0.5435600631146233,4.130339071634474,7.633891327386059,19.60620009115208,42.78132496624423,0.977769346783096
1883,exponential,-16.199751483577845,-9.167606248261086,-5.242039267970379,-3.3678386033027667,-2.178354824765432,-2.138436919562144,-1.5965557399188182,-1.3377712415477394,-1.051717127921683,-0.643901286867024,0.2667371940587645
1884,exponential,207.56307246483857,54.944326056738134,15.821977489800192,5.8343315669000955,1.1864116318973683,-0.4058709388487738,-3.0186018740681346,1.4396478962248285,0.499539219998899,-0.3996045342709556,1.7000653780431736
1885,exponential,-0.7587736776971947,0.0537801604010959,-0.7002529344577112,0.3441549853493797,-1.2585804655241586,0.40192014003978094,9.779664502887929,29.836914575105375,87.8558667499768,259.3653215387301,1.5862480093906863
1886,exponential,5.681064374648086,-4.613357558137995,7.350446019188157,-5.951290805407754,-1.9080631069051073,-8.53419801221811,-9.786361346817388,-23.368010118954302,-69.15801718351608,-185.5091706950007,2.9081606464702796
1887,exponential,164.4527365063732,59.52523872183193,24.204153584422148,6.067531094361108,5.20006156206822,6.22045216158968,8.607775781896956,6.072088312065752,1.634038020262932,1.9380845492813281,3.5007145845239642
1888,exponential,2.0430711534084267,1.7908616406610829,2.191300197363562,1.831335187277101,1.9722233689761457,1.3911361699683906,0.8169534242696408,-0.05223553848096382,-3.1669177692817727,-9.438840690441989,0.1817843239923579
1889,exponential,-32.86140841258412,-15.447124010737452,-7.217635308265123,-4.861848213499674,-2.6023709037253044,-1.5147650837406688,0.015475563054498709,-2.7894830817972114,-2.2668707456519726,-2.0812163836300037,0.901402644078926
1890,exponential,0.32118713138018457,0.3378602777704369,0.3609898122750837,0.3718810489985395,0.40013450884931673,0.42221303955195383,0.46097509226257577,0.49473878730344,0.5422047742699535,0.5836266077956306,0.005086572624380786
1891,exponential,3.43323577885459,3.1776252749724785,2.9245426501960927,2.74327305887302,2.5486766202564115,2.3969235283997468,2.254462971082334,2.1274417193715207,1.9929610813042922,1.9340292726649586,0.023444541747546052
1892,exponential,-23.100329685982718,-8.542347214028771,-4.06578657209375,-2.4689849593270288,-1.8386189849499437,-1.765273818336502,-2.1322767728812617,-1.9794256969050472,-1.8194756530826346,-1.8074602203428298,0.15786537569653428
1893,exponential,-16.45375324974469,-7.08609067277578,-3.75583431893014,-2.9472671338422365,-1.8612807055855052,-1.6800214619117986,-1.5810573493711069,-1.31169987115423,-1.8119559251279593,-1.695675461970688,0.3240007473047829
1894,exponential,4.747750666617665,4.44457386206071,4.070722448713946,3.627291622179724,3.453418660049004,3.1601594128941777,2.792477036800321,2.7528925381131635,2.4917962570091516,2.2818336056509887,0.06761275417568305
1895,exponential,2.06682101274864,2.0197172629828164,2.0515120014221195,1.7639600891460328,1.7759313725538743,1.4995205293133718,1.1236181332723314,0.13474337250405474,-1.8500285548552264,-5.5743802662024935,0.11979546898165314
1896,exponential,2.303862285353179,3.2125580114135897,2.5637954565801606,2.2576093029529063,1.8479222132549458,2.788699519246367,3.980882926346123,6.249419735916678,13.013746105310888,32.11461328624259,0.6474306162475431
1897,exponential,4.868730089117472,6.359997120439679,1.4208630657207284,9.627600955195966,7.794657604722281,5.293462921785685,8.182558681711374,28.1048932914855,110.76020650721026,400.31886054877793,4.621089672265934
1898,exponential,-214.49307932945828,-66.64813457859776,-25.763185807399967,-6.839451786158854,11.873242811365289,-4.225867226811114,3.9567612269306283,-1.0261508402416732,-11.105211188972442,4.871904971074438,5.756342698184149
1899,exponential,0.10257511200866425,0.19143135296526326,0.39656537527080965,0.5360086542565152,0.6677154596439082,0.9905182639780359,1.2564158240635523,1.5601960745642582,1.9175856734216332,2.2489815130871893,0.03522004301114946
1900,exponential,-1.1874819683002504,-0.5266682379587696,-1.1571834468578448,-0.63317423199828,-0.36360274058231323,-0.039475648215175935,0.2610237807493896,2.457312775796938,5.27538985448049,11.94863950398643,0.3578687061114586
1901,exponential,-0.028378483780792357,-0.05881519283384571,-0.09785037368682853,-0.31802951177246375,-0.42810147070001636,-0.6394273703725764,-0.8158642870425237,-1.0100847049120327,-1.2643277001694992,-1.512726573315482,0.0397851767420898
1902,exponential,2.2346963611160913,1.472376387599221,1.0071950543846855,0.7349770896389312,0.37774033282607883,0.2455663632775606,0.1435134133540884,-0.15784563895768072,-0.18536929511525913,-0.2451846947395589,0.05783702791137961
1903,exponential,1.9462955320486952,2.2217024104887484,2.1258291607354027,2.619867748687232,2.5622086243995046,2.9768036184699422,4.084941787995541,5.693285153220991,8.060152662639334,11.825587929334755,0.23928500017217078
1904,exponential,-2.7222811841798986,10.723192108481742,2.145170088218819,0.7288275860871121,2.8771646062789054,-5.897604142287171,1.0110867143473241,10.779085255064075,51.4637401773448,150.61558012052203,4.505051161041854
1905,exponential,-629.4942971040058,-176.3817201918271,-63.5240485327478,-24.211518043636453,-0.16385766762784248,16.565941488839304,-21.164797612329494,-7.176834242381707,-23.504265502555825,-7.771818874509001,13.743806248432229
1906,exponential,1.3055559890200898,1.061626696022122,2.0240644276326925,2.2514485019377535,1.0929905732695016,-1.0409578296381872,-3.3160720527994463,-11.13730709435869,-27.270415392917563,-67.5369941581319,0.8276092812276887
1907,exponential,-11.970662303935574,-5.916218637667885,-2.627243607050425,0.36884527274583584,0.6581501471076864,1.4353953188666213,1.318935422632387,2.5733458910973406,2.465171738125095,2.4109502281775184,0.32956714879615695
1908,exponential,-0.5340536902635846,-2.6725656500616015,0.01872510319090459,-2.952378987720487,-3.1665161101994066,-4.248156127865813,-5.608100643716314,-12.021094437999935,-24.696189262546508,-60.37183245610653,1.3791754197842592
1909,exponential,1.0780025662482742,2.6734073694259894,-0.8147240391808559,-3.3771966288432065,-1.9692140491086474,-2.141630541758171,-3.776370207016247,-9.256323436795316,-15.567507548802915,-57.137937644202566,1.5814810619177928
1910,exponential,-0.6774722282405073,0.0384687498084082,-1.2777547177044313,-0.8288136945528977,-0.5573377230223521,-2.490873471251662,-6.462309637967877,-12.124621822005938,-31.968707067595336,-76.25600274913015,0.6109548489782368
1911,exponential,-403.77897162463495,-111.32083252412801,-31.537123251773906,-9.438401284179395,-2.543095825998235,-2.7940137941826286,-0.38454433768376317,-2.377819746626616,-6.463496165242572,2.551110806706494,2.965336291315981
1912,exponential,4.134667156179346,2.1446726160311127,1.050814024743888,0.40828620976477353,0.07051606425166228,-0.15030554585984862,-0.11600298589369679,-0.23395894645654125,-0.27990557107813885,-0.23692350076361932,0.04878539448144672
1913,exponential,8.244292193166268,4.902304414175496,2.5450805056560544,1.392216352256396,0.022910209624773498,-0.2227969743226209,-0.44266624092453283,-0.9870696576346265,-0.6399249020970181,-1.4708731808338014,0.26966102371888506
1914,exponential,1.3313273417452143,1.0723303705506728,0.9003011300549969,0.5596075824220321,0.4018022500810981,0.3318660429226025,-0.2457667931302097,-1.7545575343495665,-3.5345384193743223,-7.731084955647449,0.21833089728326793
1915,exponential,-181.44796231102686,-68.34158771568018,-14.358968479626256,2.8590053497558703,-4.550313442020544,-6.808857958750105,3.1063273056016407,9.177644999115852,3.1861718491515107,-10.164207976709918,5.40625556539226
1916,exponential,-12.508081749309685,-6.678019545013946,-3.733627871796796,-1.5530454839411232,-0.623548680372625,0.2257339570718565,0.8127302043064196,0.5729206382478212,0.7152271497528395,1.1671749440548569,0.16095320691577922
1917,exponential,2.8380875738036107,2.717592289953313,2.274932160616742,3.092937978791253,2.4108096120170845,1.7936740891497203,1.5426429545534968,0.49541291160727396,-1.3769961213413586,-5.068143137444885,0.19702128125049112
1918,exponential,-4.03832208877387,-3.8338483730243,-3.5332102291782976,-3.368641353135173,-3.173362629012877,-3.020384227239337,-2.815711021898644,-2.742137827474713,-2.576345826537541,-2.533433860451254,0.03960484928065699
1919,exponential,0.5598301206378814,0.4185280795362269,0.3343679508640775,0.2598128538598707,0.21784999705745586,0.17045110895849794,0.14024176260041135,0.13609304566079627,0.11169309292358054,0.12515718300719833,0.011883377796072073
1920,exponential,2.846655863214884,2.6038718035342545,2.375310771102069,2.2056587844650277,2.037941990662108,1.9270771761254872,1.7971789076663762,1.6969274728856956,1.5797116231202275,1.4866996285627307,0.028088670624673795
1921,exponential,-0.08038108519078846,-10.923241919056524,-10.01745911273717,11.859042528454326,-18.55040769123828,16.167121519705965,2.7989987032526944,59.4415973390112,149.2223884207306,543.9373816882812,9.59172511088551
1922,exponential,0.47400313774996,0.5432880015924287,0.5918091824887995,0.646989001466566,0.8184003360006624,1.0319632428161938,1.243788239806786,1.673529361014194,2.3258241902460837,3.0580144221309853,0.04389109586091626
1923,exponential,4.153703502134668,3.9020325341125472,3.674782288399039,3.5103547205782535,3.377010866230806,3.344803126302919,3.1526463870957238,3.0842696960595157,2.950904812192103,2.8743235236934153,0.03702210089566308
1924,exponential,1.6185073621330974,1.6872343934543492,1.597911978011861,1.6850223975294558,1.54620983915862,1.7355597167855474,1.8735804393588604,2.406698787273597,3.2962945532623116,5.230295089988441,0.04028624042981677
1925,exponential,23.67335627706723,7.078128538431641,2.971032840678677,2.2731978296789093,0.5276810694879533,0.06318398420534777,1.8441092103543228,0.6263943382310231,-0.3654389986689987,0.3046193861471188,0.6051551438089436
1926,exponential,114.37282485299234,43.90059822669461,18.05255212504274,9.303995671392762,6.191575348343642,8.365947243870774,1.6326906211321635,2.2662551816122396,1.425314184378564,4.873791332877731,1.94121932226401
1927,exponential,0.6875399680277638,1.0207394283765268,-1.164439741368094,0.3782429532070456,-2.0785292617701625,1.1100920342123115,1.1527518564455745,8.074850271520093,28.703298289279786,103.61313816459098,0.7790682305122811
1928,exponential,9.66556286598316,7.891470196708825,6.45158147150765,5.31411966528822,4.368578040340727,3.903008700983691,3.133325180708173,3.388431948661445,3.301417728245881,2.5522597805885625,0.1941366067031599
1929,exponential,1.6682073448798103,0.7544036055242381,1.138147899058902,1.0980950182328841,0.2581295795593557,0.34575677311980757,-1.420846924286236,-4.904947389759427,-10.574563635619727,-25.635622144322067,0.434201169116142
1930,exponential,20.932469949785823,10.392271229271909,5.994032216175867,4.279606364795431,3.5721465615418255,3.1851521059675947,2.950533686308089,3.0871491539402296,2.94445450753751,2.925404626944489,0.148471680398881
1931,exponential,7.4646738322256585,5.9164916528019935,5.339205920935392,4.3350921676967165,3.5069248169862144,3.4440335303230127,3.005183532898517,2.6646469764604968,2.6933819657766467,2.166113350236307,0.11255535488143012
1932,exponential,36.63418691024771,13.432394963333937,6.073994836792958,-0.2893023284009278,-1.363050676339173,-3.565413604576416,-0.8038539053166287,-3.4079880620185183,-2.524474742765972,-2.5662193697606646,0.9388453246382874
1933,exponential,-14.01346913042646,-7.717503717521226,-3.597950466277982,-1.3062674841542115,1.5917153077786497,1.3174535867761075,2.2068987102118194,2.2999216318031532,3.099692276519889,2.14472393412005,0.4255663714515414
1934,exponential,1.350317291893807,1.1400729381746308,0.9754832275716726,0.8162118205077896,0.6941756319713956,0.5818982613391667,0.4813062072612638,0.40195193953069064,0.3315394615961351,0.27781342047481217,0.008128739482209404
1935,exponential,0.14028910222685348,0.23912317324840238,0.4578264652820353,0.6481589791710087,1.1198868764919212,1.5822572894569933,2.353865020232311,3.2686198342291126,4.506454090144023,6.575415011541983,0.06125010528841541
1936,exponential,-3.119623944065552,-2.818639680924914,-3.098610826086727,-2.2527493608461797,-2.856086056835693,-2.5130726441981124,-2.3342680415460455,-1.7480617662877656,0.19625258026496267,5.173525819426758,0.22510481016656753
1937,exponential,21.863824848436735,11.313878744917655,6.346756978958574,3.535330248240428,2.0739193826161504,1.2721433803314768,1.2045742814969291,1.091753398692278,0.9610899332578251,0.4585671110537299,0.44995352676156364
1938,exponential,-4.048614927229022,-3.46537761989229,-3.0817165131074673,-2.746030214971791,-2.500382130047603,-2.3332449332130496,-2.1780737241419015,-2.070009486134075,-2.002187337730669,-1.9711727275987143,0.02928839157795101
1939,exponential,18.285085398688377,9.354339892140079,4.718920004179267,1.7685998620902037,-0.11762015205248344,-0.7028824010860381,-0.04178253739921223,-0.10144351896728843,-0.6501259148511143,-1.0292070228923536,0.37698947962944224
1940,exponential,-1.5828448832546735,-1.2850105408516077,-0.8346157265064796,-1.207303948910292,0.38968421404034215,-0.1492903320443083,1.8287159582640276,4.738060628105581,9.110727913954541,15.864566938146364,0.31284719953235873
1941,exponential,1.665557970954338,-0.06290940750712148,0.427585097637454,-1.456963996925262,-4.82150721058121,-2.3115227293236145,-7.210942485092195,-9.075298743711334,-26.604047768028366,-87.52272572085084,2.049123449079263
1942,exponential,-87.24361002317329,-34.611302561780924,-12.069246680007153,-3.010983547604689,-0.3026907566185565,0.4125349271539044,1.7176574151200232,2.2212480701740085,1.2768872574602448,1.1799587956532196,0.7478825643517929
1943,exponential,-0.27704348329242734,1.726931457662784,1.005279451883311,-1.147728191168612,-1.0262594656586468,-1.7802791672391969,-3.3659228276530304,-10.768768568347593,-21.252242974525494,-47.07981754638188,0.6307753726216354
1944,exponential,-0.2802139769217735,-0.2551142136395842,-0.4395140130499815,-0.2267432258302108,-0.21029169494775368,-0.4331020510837067,-0.4015837000162202,-0.893181333934538,-1.7824616009080363,-3.8601201599623245,0.09776992550595182
1945,exponential,4.030953416084522,2.5316357140845307,1.6022802681037387,0.8235843601502323,0.39599886691208275,0.08308189645813305,-0.04156117342066395,-0.22205660905924446,-0.33086293688991,-0.2752778273945913,0.04856642166014059
1946,exponential,-1.578641579770047,-0.6308142594314415,0.05929382694429837,0.5313312739810553,0.9533882736319551,1.3210359818524173,1.46925263933994,1.6922253602561277,1.7885900976278097,1.811267925738881,0.06519082370000594
1947,exponential,-0.6061162717701064,0.3870672983135237,0.8581845417901603,1.2529177268992797,1.4379896390236175,1.5275318449672555,1.642268284684252,1.5267697925180181,1.584305612303906,1.662386065324335,0.05543296529866531
1948,exponential,2.4672296064310055,0.414573059814503,2.1545276409358505,2.282530755564037,1.4657310202957428,2.716448943195079,-0.07390648034865721,-1.094791888361029,-11.600672227385795,-36.783946046322356,1.0565554397610004
1949,exponential,1.8799031270452782,1.6605493511397231,1.0387580759817718,2.125396661271671,1.6656019492027812,1.1600438059735976,0.4254799149219297,-3.49493821228927,-11.253147810364549,-34.322991553847636,0.4469851655641499
1950,exponential,-0.88179778483281,-1.1760979618807106,0.441025130867125,-1.4320857958655624,0.06660282791260563,-1.05092275654959,-0.886651702305396,-1.9556908861657978,-7.396694181165644,-25.05928618058131,0.6246300123329156
1951,exponential,2.6844129479964014,2.094425038465777,1.666674497689718,1.3798664032911663,1.0845224316529885,0.8816590862542866,0.6668618181244508,0.5494487281747139,0.4447313536830826,0.3337102204223083,0.020492273573624147
1952,exponential,-2.2231011058764727,-2.326185291578869,-1.8249460953554548,-2.7504404914809695,-2.650932318812523,-3.674715440082148,-5.2292799145094,-7.236469487075482,-11.756402487697931,-19.58771118260007,0.2628111884433011
1953,exponential,73.24041032337699,23.471240598376685,4.697428962632549,-1.6865693752253095,0.8633769048782778,-0.5973220019568062,-0.6770980576514112,0.2839919426245068,0.59591541209595,-3.0147302732840573,1.3793954420520138
1954,exponential,138.56948634272578,48.123382254421266,16.888744470654505,5.688108634573818,0.16880938510217725,3.534244434209567,1.5154878999130377,2.8819684682439464,-2.7233082898210346,0.9946753305541293,1.7276623582455677
1955,exponential,115.71436877020831,43.334125363263084,12.323066576843795,4.052016146852574,5.666728892589439,0.017368634472552547,3.827050742362852,2.812337425269608,2.880419021890573,1.419851908528299,2.6255740058805923
1956,exponential,11.671830120337251,6.094320054251327,3.3927770446895944,1.9148044087481304,1.1355338402828392,0.46655378945806547,0.5325555567300428,0.501427175883317,-0.08078194472633632,0.03215171490838403,0.19680832416060176
1957,exponential,300.51875250998495,90.01974948100118,29.00251052078896,3.4774880304546656,1.23911187229441,-4.326347073329851,1.9836618854960437,0.4957094225211287,-3.511739721052455,2.97776579914346,3.9211263278524022
1958,exponential,-47.669879183491794,-15.223670162986926,-5.037516698293444,-4.554776997061913,0.28764809749030007,3.4332481287110914,1.2475862411494005,-0.6990922842939511,2.3482702048082724,2.454958688600097,1.2744847071869612
1959,exponential,1.4739710445930438,1.336267016203154,1.1909169926559897,1.0515592427341156,0.962803565397066,0.8592395087679321,0.8107783957504581,0.7312584116343867,0.6539159919401208,0.6025252525864466,0.014917427749422157
1960,exponential,4.079570531974298,2.583390795929476,1.2192778834687563,0.08784884418554562,-0.7313500368874002,-1.1727117584725575,-1.6345875868020354,-2.0026695988852583,-2.036281212883521,-2.4106354050505754,0.13784555580709762
1961,exponential,-103.49706277358908,-37.66332869232924,-15.812030959948824,-6.166929400399739,-3.207354677867431,0.3124256893050737,0.957138510292134,2.6371888830519663,1.3561693502599677,5.547050973209009,2.047808745309571
1962,exponential,8.907940485773857,4.445055953285318,2.399407641759069,1.4687075583756146,0.8999727723813523,0.8594783905855593,0.7244858854575857,0.608795460446549,0.6287539582402779,0.6733537060798377,0.08306975343395236
1963,exponential,1.8854438540817475,1.8619769566136668,1.8256572187611098,1.793305692576235,1.7456945010123006,1.7210549881291313,1.6767044343389186,1.613506119866128,1.541839477116961,1.478689484193904,0.010047667168586518
1964,exponential,-16.467623396539068,-7.17211251539482,-3.88187652515127,-2.64617375463875,-2.572545435241558,-2.148701988070396,-2.2405489044597315,-2.18075461027193,-2.341662852761361,-2.3772836922168965,0.17432289734217168
1965,exponential,-2.878881313539869,-1.6332867861603486,-0.5209342114150856,0.22313329713865931,0.6682246961925555,0.9803070850988598,1.2787622798883058,1.524884487435594,1.6492488424824998,1.7954568646190732,0.06811818435310345
1966,exponential,14.42321346032649,8.663582359788746,5.58884932235196,3.974233138993466,2.8909305643734466,2.1792081537053476,1.9036405895360595,1.6673370003809884,1.5663610328597155,1.8170249071442375,0.11008051495892607
1967,exponential,-11.295689339458063,-8.030703301983937,-5.977617366917297,-4.508152536720834,-3.6273743789892077,-3.1797118206943042,-2.5965600368134827,-2.4127012233175966,-2.3031940322723954,-2.0417360660305084,0.09870609152781737
1968,exponential,2.4137649732074893,2.423937893821513,2.423518252437332,2.38798243989086,2.3829874978560346,2.320000096801133,2.254663838132867,2.155275037117795,2.0225654855088986,1.7769503652077554,0.011949725334424411
1969,exponential,95.98329742562947,30.829094542188162,8.51700466942549,2.5120526916642456,-0.048930298541155715,0.7286305449558806,-1.4876083126190573,-1.5513483532485768,-0.34529618052380806,-1.5986046198765367,1.1748705819916037
1970,exponential,0.8169872452490339,0.8430360463427117,0.6201321372878046,0.38024951430158715,-0.0008772510352225739,-0.4479212040534404,-1.0890243412214957,-1.8567008333309918,-3.007902340232691,-4.536334798780468,0.08175773830056281
1971,exponential,-0.3319391044287069,-0.31827542844386425,-0.6025915074928009,-0.7804389226663707,-1.1233749350603135,-1.471419419409122,-1.9281844377834019,-2.807126179143453,-3.9584729206610376,-5.394680193174973,0.04523518461295021
1972,exponential,-2.097149844011309,-1.5895601207184356,-1.7749240633123382,-1.2246552972554947,-1.226660394986418,0.22182492043617535,1.5866372993192581,4.022865296225471,9.487293157724007,17.994192848733398,0.5600062158651499
1973,exponential,0.9029129602169665,0.8421055981427175,0.6413497519899051,0.38077085507160413,0.09517171260237045,-0.7565668733629434,-2.2783946769017094,-4.402359512545739,-8.210397982248375,-14.532933298993067,0.1412010703637486
1974,exponential,-0.9623806943028426,-1.6007596560980355,-0.9851045350210441,0.777288175409612,-0.16695050656801314,-0.8351363444264173,-2.8205787553611676,-4.367742866429261,-23.210276055989546,-60.12665809535194,1.7440019863091318
1975,exponential,1.6801775925709532,1.4629664284912982,1.2879627967992664,1.3093695127667664,0.5287845591390383,0.4308771646459467,-0.11799123605035,-0.7979398834436277,-2.3871877427448847,-3.955273338758776,0.11095777883183953
1976,exponential,-0.778206859757647,-0.6714047845128768,-0.5510111486500778,-0.46554402016198776,-0.37591160353940767,-0.2984988175176652,-0.2500510093574344,-0.18313371152464075,-0.15928269910611734,-0.09941981053495057,0.010124505526486756
1977,exponential,-1.416114044496696,-1.470478321844277,-1.520324769992152,-1.5558942138400802,-1.606531767473703,-1.6335261932322278,-1.6690907759248443,-1.6822101497423412,-1.7042028557441191,-1.7090878727677776,0.005035386118016921
1978,exponential,1.690102511660922,1.8170074266058416,-1.0313338280190554,1.3272346864351046,0.5696213135600301,1.0907469397025262,-4.684253443712365,-13.558147701404643,-31.172232041912824,-75.37836776203778,1.218324662571252
1979,exponential,-2.2736130862523756,-2.0810674592854363,-2.4160485600408683,-2.384902039934189,-2.370825902007835,-2.8874946855020274,-3.0306712737285735,-5.271651895444614,-9.489175452209029,-18.17261388643956,0.2169323488806342
1980,exponential,410.8007550125494,136.79423950882617,31.269356047156503,18.146160652643392,-15.631631602301992,-3.567966381925324,-9.947968119363559,2.8785130266486774,-11.863349627460835,22.260160332853015,10.998091345636503
1981,exponential,-2.0792370240313214,-1.9815294737331368,-1.9058170672166086,-1.8555431984719317,-1.8068210635557158,-1.7710229059462173,-1.7424288377825734,-1.7124048803550247,-1.693351972590232,-1.6836537301285417,0.0033183388049990497
1982,exponential,40.56195660694876,17.11597900641638,5.741500914508187,2.274594708858519,-1.2592599981553274,-1.3702959743594354,-0.36849958881328904,-2.8689524485451656,-0.9954299654274641,-0.6612856411075652,1.2216616377192948
1983,exponential,103.09795839298982,40.20254295230118,19.01706753083088,8.148373886659073,-0.1600980751050023,-1.72030533136372,-2.537525367748417,-2.7608556091730496,-0.482844943728196,1.9860967227632889,3.251106894029871
1984,exponential,-1.3695207951127182,-1.647643934789916,-0.8661071584674176,0.35541534267962827,0.1450862913702254,1.1772429297850484,4.928402188628091,12.08109402598031,29.59139576099213,67.50410080321144,0.4913995184562822
1985,exponential,28.350532955372227,9.327016850749148,3.661011410277607,0.6973992411718348,0.9929237436784484,0.7323725181803928,-0.366389966766401,-0.6050775600182934,-0.08555091197865504,-0.3133334510133468,0.8191146726296097
1986,exponential,-7.714153646245361,-0.12418783321906202,-1.8349802602545187,0.6878882928424928,-7.7359854947824545,2.1518507510951816,10.844126475899852,40.07823646503896,134.78804404397414,454.52643801432646,4.360818491974283
1987,exponential,53.48859905868184,20.089584731177826,10.289857002791198,2.6225551991379676,1.8050739839280754,1.5877016587551362,-2.7644403281108536,-2.1047554350739954,0.6043550717628015,-1.3357535861972376,1.6653644238414151
1988,exponential,28.064419306981335,6.965587271274397,0.6138894884288122,-1.715706784529454,-1.9641054877160944,-2.7742576083222947,-3.183123327647441,-2.3917368553638907,-2.9809884005258156,-3.0176225339695857,0.34769951977820146
1989,exponential,0.8323929292934568,0.3845842346174375,-0.015316108954549074,-0.3627807097901948,-0.6857661996880273,-0.9578844473159724,-1.2113226639786185,-1.401710138473045,-1.5479220688402437,-1.7029028945777434,0.03087103857484205
1990,exponential,2.4545820334634336,2.4154593326673144,2.374960581474191,2.348838724923644,2.315717969256906,2.2969556401408586,2.2727289953165415,2.249945126193947,2.2411255293492873,2.222154798661133,0.0024535295622038805
1991,exponential,214.91444986328588,58.61995384306745,17.55784510142275,7.77939992120885,4.861735033497155,2.7754491553517497,0.43414645496603166,0.22558291557150123,-1.548304685006328,3.7679880678142905,2.9820383224590814
1992,exponential,-230.15033298118487,-69.0564641189927,-16.040478330695116,-5.324483250304244,-0.35489017362847647,6.7857766585123755,3.9382131561363103,-1.1886864325409123,0.882737595271482,9.366892907295142,4.848422120779946
1993,exponential,1.6200803601726446,1.512976479540388,1.4367556735980767,1.3810715508591451,1.3405813246425204,1.3027851289384624,1.2879830689817253,1.2662345214693618,1.2569423945164768,1.2438373018096733,0.002458269616315289
1994,exponential,-1.30040748775941,-1.1891263252825315,-1.0721839452286093,-0.9978553106092561,-0.9176127219178143,-0.8160447152071973,-0.7949328299500099,-0.7517289022923197,-0.6923774659019462,-0.6498413749833362,0.012109882019849184
1995,exponential,0.03253303777605304,-1.727820851783123,1.7369580411968633,-2.0145168890338767,2.4939807665219567,-0.554069749800219,2.59215741207713,-13.206225946458158,-54.631508591151494,-144.7311391739627,3.2959213015731597
1996,exponential,-8.295292881145793,-5.424220247358832,-3.8030120384569654,-2.635939943861533,-1.5848664336428433,-1.0770261543598272,-1.231013951413768,-1.066043232851875,-0.8189149824501315,-0.6200027106155837,0.16997496640099327
1997,exponential,-0.25086161787552735,-0.334033007904772,-0.3385476281198657,-0.36601967762641824,-0.48955509967567634,-0.5643928742041996,-0.8280343898505242,-1.1986748023934948,-1.8359314180677524,-2.7764932099595163,0.06225470587726628
1998,exponential,2.6663589737703193,1.6137696530482755,2.010782390651794,0.7799029779951023,1.5100801766023872,1.3543076332292558,-0.042961871818001096,-4.865282600567905,-10.772749472534626,-25.989999561355148,0.8819794448941434
1999,exponential,-1.58069009160398,-1.5142675282086735,-1.6754579380811252,-1.3639505023200047,-1.641527159253671,-1.9143934942465939,-1.9684879406175548,-3.065922355315892,-5.200570740891962,-11.559810301832032,0.10002410761074548
2000,exponential,213.3543974873522,66.68446657293327,23.846176585736632,28.476161918625102,8.972750630803718,5.028991807925495,4.508057767973257,-2.7528899059533325,18.16220708053823,3.2883493589807338,6.5349664811771655
2001,logarithmic,-0.4648644135834245,-0.5622884871601345,-0.6859119247831862,-0.7613048850942782,-0.8436246622344875,-0.9325917152114936,-0.9893576243836179,-1.0414098682897404,-1.122808024273022,-1.1468307830176994,0.010910283321160265
2002,logarithmic,2.8512790621456277,1.35596145115119,0.6024792561302552,0.19468168165966102,-0.20448736706804369,-0.398344185137414,-0.6181030894714707,-0.9302698714243166,-1.0028289984541559,-1.240470598169716,0.0559774163080785
2003,logarithmic,-2.521074850228185,-2.529727286427001,-2.5373111757531435,-2.5428868896954584,-2.551211642163232,-2.555432535834049,-2.559907742980452,-2.565776390427528,-2.5699421565666234,-2.5761475914890477,0.0014167757351317676
2004,logarithmic,0.5531050607567878,0.7170551944531177,0.87080107447898,1.0042320633391388,1.1335076972746627,1.2346996791219116,1.3588802198722354,1.4436060258482177,1.53149659955858,1.6035341082671002,0.00850110033577892
2005,logarithmic,0.06178377854538036,0.14889544547413527,0.18760863231797759,0.2253059108318753,0.26179026053096116,0.2976647479940282,0.3162194792444899,0.32458124459943133,0.3679917067157049,0.3849874652530425,0.009501491632367126
2006,logarithmic,-3.3907778784215634,-3.48661256840419,-3.5581942761137877,-3.6330776848647774,-3.7112797377597326,-3.7775319342501508,-3.843903978014047,-3.9081187948784,-3.9669575431602557,-4.018066997670954,0.00461195744278758
2007,logarithmic,1.2704270610532147,1.3371758588429459,1.4186776780898323,1.5049890828520172,1.5620987930836125,1.6124691999216392,1.6712899006372424,1.7283074320355647,1.78922889883741,1.823921879873817,0.006230712971562587
2008,logarithmic,3.1223079909754077,3.1464082807493403,3.1658894418900356,3.1886658163573407,3.207284681096997,3.2221523806995434,3.241865137680382,3.254379530290043,3.265963721696011,3.283496917399372,0.0016972402100027424
2009,logarithmic,-1.5436372511051182,-1.4710513489344081,-1.4038816231075664,-1.3473654655795608,-1.2802082238105785,-1.2486977368581857,-1.1920322603842262,-1.1472744423468166,-1.107959890153095,-1.0604629664661598,0.00807998167532493
2010,logarithmic,1.3970152632546322,1.493078673841627,1.5671029659867648,1.6584776655016318,1.7072544556106486,1.7669776179763412,1.8047271149300057,1.872966690876636,1.9283714601371125,1.9641110449522814,0.010086311824257777
2011,logarithmic,2.5964073829641245,2.7012820564022184,2.8801237751532933,3.014298575270551,3.172948561250864,3.3288568320981597,3.4081467166513093,3.5049343878039902,3.580119563194282,3.735801137857833,0.027656099618191085
2012,logarithmic,-0.06627387148251077,-0.46266280532137427,-0.645681438699288,-0.9327550637575964,-1.050885912267501,-1.2445975560268132,-1.4759338576573224,-1.5463119150559952,-1.667597611022141,-1.8612651168329455,0.03443743943147272
2013,logarithmic,-4.896081346548982,-5.0703441809872745,-5.210529674540535,-5.32832856772248,-5.466829074929501,-5.553614048480896,-5.661610235535403,-5.736894633617749,-5.825360867470998,-5.948327584417663,0.03018155647732858
2014,logarithmic,1.3500203241282118,1.4393279884237549,1.533055099613898,1.592487430627508,1.6615092807758132,1.722686328633702,1.7380222748932708,1.797267884688317,1.8349166142086266,1.8682387331820476,0.013145973086075648
2015,logarithmic,-1.4327276658662365,-1.5368445818628078,-1.6446511741281604,-1.71986708824552,-1.8056233708542078,-1.8785066974502742,-1.9522139162246825,-2.0114616741313887,-2.0743242784183837,-2.1172375595847672,0.012047642559155285
2016,logarithmic,3.284913998344605,3.366793111484699,3.4439224662061463,3.5174402314027047,3.5965446353444626,3.6872543279640166,3.7218360402135557,3.760416164372326,3.848646591190805,3.8826402689609854,0.012712519694411735
2017,logarithmic,4.144465522611017,4.263460122856062,4.4329464488075425,4.555825035411491,4.846010472361574,4.844402583232476,5.029511110601198,5.073064320133848,5.150748657593305,5.281123367357384,0.03570587555997945
2018,logarithmic,-0.8097075708562942,0.552443321599281,1.291518995471911,1.6755143414817755,2.2195924301188725,2.5349265952584994,2.6767940614631405,2.8752502295177074,3.171068361185931,3.2788911353928403,0.09005907988828732
2019,logarithmic,1.8235684523093987,1.9915121100701871,2.140072445195462,2.2525086472010045,2.390196569717249,2.495815836424015,2.5871473796553475,2.699492754399371,2.758297759756137,2.8289142031632473,0.012227098260614268
2020,logarithmic,0.5577932890638441,0.29831348019050496,0.09400285945586395,0.04365627163954407,-0.08596746149590875,-0.2566621826657757,-0.35191028797844565,-0.40959777728676555,-0.5147195140201811,-0.5659103914685626,0.026344596246380046
2021,logarithmic,-0.43059780134826664,-0.2833164921825921,-0.18611889182129915,-0.11208404942261174,-0.05873148387487777,-0.004616205597206596,0.021377715456280345,0.06555947626538235,0.09176804750941431,0.11471182295217221,0.004455875984368333
2022,logarithmic,-4.405167697969089,-4.510371442334588,-4.627663355170775,-4.721957532908856,-4.737016024139842,-4.85692773503708,-4.928090523559652,-5.01577983971002,-5.058319476460093,-5.156911120117643,0.022118058662566737
2023,logarithmic,-1.5824215801860766,-1.7935770433536014,-1.9319869698632868,-2.073922807704625,-2.176261180774806,-2.3372607572725177,-2.4621771834603345,-2.5552402982005202,-2.679596233518156,-2.7027654733707696,0.02640634609099042
2024,logarithmic,3.004765305996375,3.123313785610316,3.255951250398243,3.36490676179217,3.4656120270624133,3.5473804879004294,3.689549973417616,3.7564938491863056,3.804292559278109,3.9027246231085546,0.016351211313509677
2025,logarithmic,0.849034323186555,0.12774904835375173,-0.2658657487240893,-0.5646964359251245,-0.8122425067486962,-1.09773809985673,-1.2124662488240736,-1.3396487375785222,-1.5032078215223883,-1.6510375027469992,0.0373309702757088
2026,logarithmic,-0.22518546225376615,0.12162285864341904,0.4112496208168336,0.6851612354118805,0.8943405021198426,1.0815571761718004,1.2745480662073385,1.4144221188627024,1.598423745530689,1.7169874152361488,0.018612130366302965
2027,logarithmic,1.2464657720952461,1.2911666589893371,1.354839094081045,1.4019112384799768,1.441185947917915,1.4827237773452895,1.4883838982738364,1.513149620917684,1.5517473775436166,1.5751754506475364,0.00845842975811175
2028,logarithmic,-3.397235717480033,-2.3702577212915963,-1.7275474383961842,-1.527145466810661,-1.1319093132986149,-1.058938053001703,-0.7761230233504692,-0.6337321508340239,-0.5973772161490207,-0.42814146161754574,0.08714659700818812
2029,logarithmic,4.28070278572505,4.620673948745906,4.829142113082677,5.0633289086183275,5.287154600666199,5.450043729530021,5.602106031877464,5.738019068022837,5.784330249596734,6.016353538388495,0.04574766731012116
2030,logarithmic,0.3016932003892137,0.37432016905285204,0.4417112856116219,0.4719040379669618,0.5204241339968461,0.5496166810648102,0.5921234763168115,0.6125178800157961,0.6432082173561089,0.6590880047713066,0.005945081886944391
2031,logarithmic,0.45520130590903385,0.2469050763136893,0.16487228655607467,0.08649948502207797,0.04477618497191714,0.019558767221886895,-0.01197817276310668,-0.02764438662885905,-0.03951825622116713,-0.055745559760310426,0.010526121976318118
2032,logarithmic,-2.829536286015181,-3.0033167222699904,-3.1482023013739657,-3.292321239822505,-3.434640261086027,-3.5312022451785925,-3.6825724548774947,-3.8047440752577506,-3.8997622752618684,-3.9843855266376536,0.0256551299982823
2033,logarithmic,0.17636719484717497,0.2021230448695937,0.24158626557834806,0.28523832038664,0.30579023055500404,0.3297052199351246,0.34646585677557523,0.37303878947965796,0.39123973816009977,0.4055293086008939,0.005538322945723519
2034,logarithmic,0.6253903120335171,-0.6492682395331931,-1.240509479365742,-1.8022729312734593,-1.9116905849955768,-2.0622434940487597,-2.3874652688356064,-2.573041883747182,-2.791691819833586,-2.9782689485877354,0.09357462010685356
2035,logarithmic,3.1555677953242895,3.342018749446379,3.44645864156728,3.5783700618418264,3.741371329935409,3.84211270902589,3.9256550702914277,4.01944494785469,4.127054817196865,4.151905906132014,0.03066119320018881
2036,logarithmic,-0.2976390538453905,-0.9866517654375322,-1.4216198991980367,-1.743998191320949,-1.8255471422445568,-2.1632983829875556,-2.3395349243490617,-2.6485136627268107,-2.733441923587893,-2.7909850448282922,0.06365347304597656
2037,logarithmic,-0.3854926395112047,-0.35470701246828806,-0.3286272393119179,-0.3114585830696938,-0.29399173308358517,-0.2782586187390757,-0.2683585821709441,-0.2537182389544174,-0.24207142931310666,-0.23406893592947456,0.0033492685977215813
2038,logarithmic,-1.6743068930563318,-1.6161929440411702,-1.5564734305851216,-1.50518287981026,-1.460984791914047,-1.402303624290801,-1.3698501155490044,-1.3374824224756108,-1.3032486484037034,-1.2565553648602898,0.006009347614118654
2039,logarithmic,0.19904843869241484,0.40143155258486996,0.49280101829675965,0.6607855132949942,0.83543026624375,0.9628172667257636,1.0161721701210285,1.1044330212307176,1.2371443172210501,1.330221623434983,0.02006427409086406
2040,logarithmic,5.500576221250803,5.618227003381329,5.707197958980508,5.860235626238655,5.965073089036373,6.027772239567002,6.127275041830139,6.204905721555271,6.284205206696472,6.377672359963149,0.018583697168980867
2041,logarithmic,0.9740291797664036,0.8802403886335163,0.7829777987849993,0.7273195634727343,0.6424527685871945,0.610896188743703,0.5787816438071036,0.5435820673889684,0.4637363603930729,0.42629561126085863,0.011858016879144838
2042,logarithmic,-0.5809578978941892,-0.6046565270029688,-0.6198239305980935,-0.6383660138345513,-0.6489998502717121,-0.6708709488624057,-0.6771592223327133,-0.6873546376417909,-0.6956619387916684,-0.7093964582885497,0.003766817405492005
2043,logarithmic,2.283106402780193,2.3597823235582553,2.4280154136471035,2.477950428281567,2.5436076585321046,2.5990219829451227,2.6491556663202176,2.704614949180436,2.7444693593998655,2.789774337753901,0.0061978090302541025
2044,logarithmic,-0.8136666965425804,-1.8487278922290948,-2.286331947271634,-2.7570205912853423,-2.9686612048938397,-3.2142895218394654,-3.5015601763233453,-3.6374675676690638,-3.6989733390128654,-3.969035270569485,0.048062037023440515
2045,logarithmic,1.1450357323759726,1.4322685473145986,1.600265938155955,1.6983235464255184,1.7781533464459829,1.8472556351649447,1.8882999904416422,1.9625057844111264,1.9840924925157954,2.021488986223878,0.010453470681957597
2046,logarithmic,1.0481527288541839,1.1825349763259085,1.3259911512809286,1.4256965218504722,1.557897265281778,1.6725489706503176,1.7734013953599947,1.8398498234078924,1.9551653418845496,2.0314968906809483,0.01079766356290692
2047,logarithmic,1.8495903866999703,1.8744653202076638,1.9027797851883608,1.9221539913868715,1.9426953434813152,1.9636529234464564,1.9790264673715823,1.9957192166001132,2.0119872965730323,2.028567587882503,0.0016886274446813487
2048,logarithmic,-0.1407369823985958,-0.2774562273187165,-0.40612899297116695,-0.4993767865808443,-0.6131461057410513,-0.6741463198355343,-0.78281937341619,-0.8844246008972292,-0.9452955818508971,-1.0097680399826616,0.009943894676903244
2049,logarithmic,1.4251233783970891,1.4432024120012679,1.4641915685639713,1.4763510651265788,1.4966997798057788,1.5097645610224177,1.515671897706083,1.5271851872361162,1.537935007526499,1.5482787180143385,0.0027630379116018026
2050,logarithmic,-2.2558797034593785,-2.1753122206477875,-2.098730046615979,-2.0020542606850524,-1.9496120942064907,-1.8963529347049652,-1.843511180381506,-1.7992985472553875,-1.7539150587238723,-1.7206179362289873,0.008386463796942994
2051,logarithmic,3.6292630063240643,3.9511894821342497,4.114688236555492,4.281408373224764,4.524757441264866,4.65212007788966,4.884188191954554,5.0028212876526,5.04021690955246,5.1994918016617255,0.03795417202992271
2052,logarithmic,-0.14049034692353432,-0.42200879233668026,-0.6832248935541668,-0.7982686348533206,-0.8977209991594759,-1.0816483385932238,-1.1006037823286487,-1.2576858246045675,-1.31754924012358,-1.4154686831787056,0.03329797100430468
2053,logarithmic,-2.47087315142165,-2.316247375750892,-2.246092160212746,-2.1581021046351694,-2.1006813136170845,-2.038084946782333,-2.0095830903357634,-1.9746237159746725,-1.905196960981996,-1.8752342025284345,0.013056470282221217
2054,logarithmic,-3.3110591948321453,-3.35115149950122,-3.427592852594227,-3.470186429126511,-3.5256690707404497,-3.5799449940654084,-3.638370231463834,-3.671314575242999,-3.7077180515741017,-3.754662036843395,0.014055777822923327
2055,logarithmic,0.05175452884618659,-0.06216293281952134,-0.1825397541067301,-0.29266672278909023,-0.3862152309196949,-0.4915890924181992,-0.5549346449687381,-0.6655192469025039,-0.7414712279716453,-0.8171901366913337,0.00771258178461098
2056,logarithmic,-1.8972029212555261,-1.8327127898145705,-1.7826492395268878,-1.731680107430316,-1.6832743727716477,-1.6515973842132254,-1.5990709797373797,-1.5702789913968886,-1.5412031315548453,-1.5053870379616554,0.00365282986642562
2057,logarithmic,-3.2262855167955236,-3.3254802947489575,-3.4863755631784583,-3.5198968779909716,-3.664520485483963,-3.7688251992896977,-3.8497603471005797,-3.9926664308566715,-4.04259823547395,-4.06594653984725,0.023421620004650475
2058,logarithmic,2.8031354549938676,2.884074979833972,3.014726365431622,3.0482901858477836,3.137910114698848,3.1993063962532036,3.2670288832159327,3.325325412211166,3.390680007247597,3.4648848169395614,0.011706334924075334
2059,logarithmic,-2.0699846692175075,-2.168560339882708,-2.2421645751453143,-2.3472896811907096,-2.388079350363035,-2.4611063624967477,-2.4985266966855066,-2.561161754872847,-2.592681411902983,-2.656281029444763,0.00988577970030246
2060,logarithmic,-5.301905731120136,-5.4274239989253505,-5.589914979701373,-5.676887966676992,-5.821324397020689,-5.916148707209228,-6.0093167359899455,-6.111454592954257,-6.184237264181444,-6.272535466568206,0.029549025893490732
2061,logarithmic,-0.41005691383263937,-0.22771401123272197,-0.025416638771228718,0.12117726987229062,0.31864994880539416,0.45889132285069995,0.5410353678189883,0.7043126702549721,0.843510304473773,0.8926611063065671,0.0251124739166408
2062,logarithmic,-1.06914642251054,-0.4268805668881405,-0.13755937133029816,0.21822518509107885,0.45888998087108535,0.8398037539012514,0.9002384534281122,1.0479025221120564,1.2157852284356645,1.5321341620207676,0.07490669374472872
2063,logarithmic,-0.7418713635181727,-0.1910565460998451,0.20207466542917196,0.5094448020761516,0.7579069855926739,0.9582855324944819,1.1135942554346148,1.2650112710057537,1.403713867789941,1.5182215478287495,0.01505892912918067
2064,logarithmic,-3.0137238915222437,-3.2345349105465635,-3.4123438553544236,-3.605540978544311,-3.70649445203397,-3.8541879035304745,-3.9965044532016876,-4.119368054614599,-4.168958490304167,-4.298067742398129,0.028997948149297337
2065,logarithmic,-0.09530159548836284,0.13239757497948282,0.328954106316859,0.4454625751043081,0.5944192856830602,0.6816465731483012,0.8291530234151714,0.929682634135107,1.0383652950697335,1.1801641238620935,0.024932058036072822
2066,logarithmic,-0.4354794525728893,-0.4183157273652719,-0.39853249375930383,-0.37964619410059913,-0.36040613783273656,-0.34847235322454573,-0.33006658158859703,-0.3164470611355872,-0.30619411387240175,-0.28535478999900304,0.0030821661609532107
2067,logarithmic,4.1094913034066005,4.270350290473306,4.478418937531343,4.5404087787140845,4.636407673204797,4.795536336503456,4.87622731441694,4.9916552851686715,5.055474423010174,5.148006563941873,0.029735268262600638
2068,logarithmic,2.3848159091321963,2.503550204541794,2.6213879823205755,2.7082908520553812,2.809806788733292,2.906658604534914,2.9696499151431097,3.077047010809878,3.1393546190540187,3.1941972769947147,0.014773752226639819
2069,logarithmic,-1.1804596067460258,-1.37494319394539,-1.5959762936531983,-1.7287568102712694,-1.8267286203515372,-2.0027832858067907,-2.1322525605268186,-2.2489005271982707,-2.319224100980916,-2.3632864998231904,0.03296618947783999
2070,logarithmic,2.7379132704809845,2.7195764820013433,2.698443869837118,2.6847842783656874,2.6716530972205934,2.6578701536711082,2.645771713225773,2.631495798492938,2.623045733460747,2.6109766852805465,0.001977465357779879
2071,logarithmic,3.606016832949463,3.769961181750648,3.9293209429482405,4.07668723955608,4.218571652275773,4.331873454004365,4.441786466638082,4.550948384142472,4.672609119424764,4.767920659087784,0.007675591884783279
2072,logarithmic,0.9877998182215598,1.013943179577303,1.0395831088528427,1.0684681810572842,1.088794129911327,1.1086467280032797,1.1403060965561176,1.1397931741848186,1.16759800227783,1.183950573383681,0.004502702122118707
2073,logarithmic,-3.5295186979091113,-3.624539645086109,-3.7080803288064286,-3.85541375450526,-3.9290822065229225,-4.020955016696735,-4.072040092280809,-4.202023739372186,-4.189951080294668,-4.27691132836662,0.024231841344951394
2074,logarithmic,2.1627476351376043,2.2015020966323284,2.250298460069621,2.290943766078804,2.3270366348200104,2.359097455828462,2.39666884073861,2.420954042207284,2.455234087543957,2.4820236183043,0.0037277861395104027
2075,logarithmic,0.746583917902621,0.6847626174643168,0.6214867891391579,0.5859575739887589,0.5320363653049367,0.5039109143598416,0.47114439073900266,0.4365962778913847,0.40867962078272846,0.37877515497276765,0.005769089187661815
2076,logarithmic,2.5230571051728274,2.536693666775054,2.547415889179414,2.5619524640021236,2.5724649393785195,2.5829506931731574,2.5923227653284093,2.6007438241703498,2.6090592285458705,2.616586814334399,0.001334460849964876
2077,logarithmic,1.9522988951371287,2.348730145276866,2.692726324204087,2.985909494167269,3.206004438088454,3.443652839874391,3.5878672699171252,3.7714065645787125,3.9466036575764636,4.061538664315464,0.016831555107752864
2078,logarithmic,0.32803513048441896,0.11189595992690464,-0.054224744772192406,-0.22239239540171032,-0.3561935772001786,-0.5026921020735617,-0.6381093277005875,-0.7474494957321466,-0.8537313004391348,-0.9477309857494322,0.008817168958424906
2079,logarithmic,-1.639446272820722,-1.1907503174142768,-0.7213826950080557,-0.44041691104973085,-0.2354500174706362,-0.00618016674824956,0.05727281100583582,0.175337035874025,0.3633959078116316,0.4393272629487596,0.06468894419619749
2080,logarithmic,0.33054968313806726,0.49078545889756425,0.5944526327468523,0.7261513114680163,0.8166581266025715,0.9634178914777558,1.042832356250977,1.1497112623807098,1.2037942446613963,1.3157096871618577,0.01887411424088386
2081,logarithmic,2.497942220843789,2.7260662410362246,2.857133713334342,2.9208686126476233,3.0862563516131245,3.2432189005015175,3.2839782758897478,3.3939061135841935,3.4819882665686186,3.594466831265317,0.030808120858987195
2082,logarithmic,-2.2414305496289098,-2.308286826712175,-2.3727920505328512,-2.425834613121134,-2.4798761516816596,-2.5339073047569305,-2.5731316186917206,-2.618746793137941,-2.659191316895893,-2.6949563361234747,0.002903776067307002
2083,logarithmic,-1.064789075410474,-0.6896865841233234,-0.44505634041889586,-0.20579115937541315,-0.006624856919077693,0.17780779349272133,0.30669855582191063,0.4381788828742768,0.5974928198764053,0.6982038557301109,0.011142994431191386
2084,logarithmic,0.6746817870164008,0.7310463125826809,0.7990928883143977,0.8623791143124958,0.9073904902581272,0.951152280753981,1.0041572528575122,1.0551301138176055,1.0830716388563957,1.1112859865002924,0.007640087084369417
2085,logarithmic,-1.7249020403236224,-1.6698198886208546,-1.651791107578439,-1.6125592515828828,-1.5728624457816336,-1.5396109236792794,-1.488691480102912,-1.4875544528214515,-1.464351680057986,-1.4366133956707783,0.007600275577632749
2086,logarithmic,-4.796027918649378,-5.07548715391102,-5.284966093580786,-5.447757341227292,-5.673583312500782,-5.835611989353739,-5.978184615109019,-6.116924315184357,-6.270433377172949,-6.352629816491156,0.019444150608926528
2087,logarithmic,1.4193956339245715,1.5886425419487227,1.7160685351030192,1.7834250604803492,1.943121795324817,1.9812661338077602,2.0672458034817245,2.171562406367633,2.2508317944062215,2.3237457866351345,0.019645159614693757
2088,logarithmic,-2.668815023744644,-2.6537089450976175,-2.6405283782759152,-2.627383654660808,-2.6175100011822194,-2.602507093573103,-2.592750857957357,-2.586541782410689,-2.5728081361163095,-2.565148572851696,0.001415119842911905
2089,logarithmic,0.2889241047023639,0.24013734579793788,0.16314087876216718,0.12062551251100288,0.05056834352593064,0.005208499436299903,-0.05354916477856628,-0.08869555767705932,-0.1269940707489823,-0.15709281186639004,0.009413835483414998
2090,logarithmic,-2.6905041841396673,-2.94281397220842,-3.0937201431448886,-3.3233021171609938,-3.4655762456495087,-3.6289093066062907,-3.7222065103322346,-3.9467134514783,-3.983876463478294,-4.141238587305657,0.03331795114944881
2091,logarithmic,-0.4716938193938513,-0.33922820014534477,-0.22159185164507814,-0.1194483155209494,-0.014622324991224664,0.026519257727914084,0.11997221262995772,0.15628441199342455,0.23827215086394088,0.2547240238807602,0.021355226147858723
2092,logarithmic,-2.404404752678175,-2.415448305865659,-2.422047061174274,-2.426456096333369,-2.4315420874449916,-2.437979135376125,-2.442854766451518,-2.4498024044862268,-2.4546536785125275,-2.455973103310211,0.001601568619141401
2093,logarithmic,-3.665380386565553,-2.362175568944725,-1.4961967709601203,-1.031852479782199,-0.6832384644542513,-0.20759670033195443,-0.014823193176499973,0.2700732682074088,0.46032658135302384,0.6741695820809303,0.08529596992321448
2094,logarithmic,0.10661331824185535,0.24348008368657348,0.3170446703064838,0.3781475091627944,0.45412052845085277,0.5158695377689145,0.5761141364417204,0.6197466124864499,0.6935608297089532,0.7120488036487105,0.01676373859905738
2095,logarithmic,-0.10193928024463442,0.1473792991833189,0.30755373294027033,0.4969800768592552,0.5816796544947125,0.750201565409883,0.8130534608862744,0.9426066946181824,1.0420324885375245,1.1163012025033998,0.019353005541753173
2096,logarithmic,-0.24455448371372585,-0.4249198118058544,-0.5062750295141136,-0.6192447412197334,-0.740776500786486,-0.8354679014177356,-0.9196604135861306,-0.9878541627967431,-1.080749099229065,-1.1580511953998711,0.01396990415203633
2097,logarithmic,2.0005469594097565,2.1300262504708685,2.240854013058847,2.3436795210809973,2.429415390215604,2.5209089033782823,2.6153592505863914,2.690814104907984,2.7714526187990485,2.8197577740207245,0.010209808679654467
2098,logarithmic,-4.646436671460738,-4.779735941196848,-4.904910548516063,-5.018363121556431,-5.1513996179442865,-5.239347185863659,-5.33276123692864,-5.419023024672608,-5.52642306761576,-5.601468919945428,0.013858764928438027
2099,logarithmic,-1.252049207703279,-1.2898149550668905,-1.3228539484037563,-1.357459607563267,-1.388831934289567,-1.4197030126195056,-1.4422553385829393,-1.4612214175721445,-1.4825497571417767,-1.5117761881069138,0.0037172636529279753
2100,logarithmic,-2.3545251902479243,-2.1212057737469654,-1.9580411551788304,-1.8451817282612948,-1.6879719045049189,-1.623614546262012,-1.5135604303307406,-1.374964247599148,-1.353838685236233,-1.2900608325108895,0.02395429150040016
2101,logarithmic,2.511441958461668,2.5366690521070674,2.5584652969172526,2.581993019222434,2.592890521225196,2.6034911585955487,2.618825046615082,2.6257446813118754,2.6293769883192506,2.647891026443229,0.003053260998729265
2102,logarithmic,3.097929648556992,3.2369331278706706,3.292494782716163,3.377326154712407,3.4279501061144906,3.5064232935418147,3.5630760029358326,3.6136856915879405,3.6490076272869705,3.7265508519067083,0.018321931995139658
2103,logarithmic,-3.80838676200432,-3.870746397897665,-3.9377111813508754,-3.9880824896277813,-4.077298780435311,-4.079006025327472,-4.177880952483685,-4.239794561337625,-4.272930620072338,-4.328868438613121,0.016117099637796284
2104,logarithmic,-1.8398487864844808,-1.9863092984294979,-2.1223513282476922,-2.223268573091822,-2.33849207909222,-2.4283067908418254,-2.5123681253433556,-2.593862545701836,-2.6804679824290227,-2.7456060146219268,0.006794794309432711
2105,logarithmic,-1.3849930802592507,-1.5452218844650356,-1.6880546163326997,-1.8533028948865038,-1.9931986306043525,-2.1080363666632986,-2.2404406323657593,-2.33772494705099,-2.4648408727682964,-2.5655199361166536,0.010543206997755582
2106,logarithmic,-5.2689396933098465,-3.4690523694910236,-2.9744210396587834,-2.357142822672677,-2.0821213793743927,-1.8788242376720723,-1.4807736557879507,-1.4983215609128704,-1.3305558201960501,-1.1820916773219372,0.1180533545238701
2107,logarithmic,-1.3335743015506552,-1.629926894283665,-1.8397468085222912,-2.0578883257646217,-2.221967017173917,-2.3409095038168877,-2.4574305507406726,-2.5571635449376298,-2.6679117710678772,-2.757842958947006,0.011046238603253596
2108,logarithmic,-0.8985183872694769,-1.7020592201334335,-2.0952804760078125,-2.7672926058656024,-2.952242468936427,-3.2990328995816194,-3.46615461641613,-3.7249009608368953,-3.795363598763586,-3.9593600538943168,0.07002871094827241
2109,logarithmic,3.5833561284128637,3.810856081871836,3.949421493433025,4.0967934957344125,4.290140053524737,4.340436180647491,4.459089816193134,4.525263676492886,4.634822082354615,4.713221487056063,0.02038966725055221
2110,logarithmic,0.03975395893090983,-0.7202723904112459,-1.1842020301816913,-1.5618488710482377,-1.8963836670833516,-2.2562217774622364,-2.398154743420324,-2.58016281492644,-2.872656150948265,-2.948317430934349,0.031459833148994996
2111,logarithmic,-2.0073268628524983,-2.239428639945343,-2.5299548012188757,-2.6850446066612963,-2.8270024515329375,-2.930554193245093,-3.2130200151797843,-3.273447691198014,-3.4252548676259664,-3.533864096131232,0.033020334340036595
2112,logarithmic,3.0550558756375596,2.991357361113989,2.9578708868540717,2.93250767632297,2.9092202737177995,2.8944922026051287,2.8761583483408715,2.866107165221495,2.8543568314224492,2.8424148568181296,0.0013563801093585486
2113,logarithmic,1.7056420173300684,2.5342408344580756,3.1051157828858083,3.6524684939610825,3.9380593662613568,4.180033976265362,4.487864003626954,4.84711092629547,4.951217679273876,5.06407558674934,0.06928270873962623
2114,logarithmic,1.2080644373601614,1.3770716510790337,1.4852201216970493,1.5735934700199843,1.708649564127897,1.7895036983968742,1.8906390642254929,1.9769296886136247,2.0082217954227373,2.0666798624592446,0.022073619715629215
2115,logarithmic,1.467579991428035,2.3137894094269957,2.9115782538640977,3.3064071657197003,3.537386966639328,3.9354417125993915,4.155549917790802,4.308329706940198,4.502220599799055,4.71839822759776,0.07303006311574503
2116,logarithmic,1.3195512417021704,1.3331627512567394,1.3488123669604422,1.362025730944208,1.3753851860309412,1.3875678659420623,1.3958987743739406,1.4100669405390798,1.415240938960762,1.4249320645301944,0.0010142873753524555
2117,logarithmic,1.334885479595081,1.4477663455634031,1.5661046403222791,1.6945045936287457,1.7903799384622134,1.851762308762346,1.9644681073730663,2.020163137992806,2.115873960055434,2.1785824454871867,0.00931226693199688
2118,logarithmic,3.751218864262861,2.6910724311480734,2.17983627341586,1.9681346375887088,1.6071933048331077,1.3315942623347408,1.2262583246265648,0.8045549949309718,0.8291051321106633,0.5075765064397971,0.09265608284089111
2119,logarithmic,1.0797732880190005,0.9032333784355557,0.7334696159376871,0.627125163901728,0.4968545311107705,0.3879825418264211,0.3432170742944898,0.23834345038940732,0.21079600316888347,0.1438835762590834,0.01796913149248855
2120,logarithmic,3.0067285727503426,3.129270184677935,3.3093122600776956,3.419473539953034,3.578816524269503,3.628662754873037,3.7350426332314366,3.8282866788370984,3.9221992780227746,3.9736908352699576,0.0194421986309942
2121,logarithmic,-4.167023112901747,-4.443582458873902,-4.673199199118945,-4.927214383425431,-5.15518606910541,-5.305746165363811,-5.484086352156585,-5.667876574364198,-5.759144498587781,-5.883071976736742,0.024582665604699967
2122,logarithmic,-0.7363757542252428,-0.5403212020161818,-0.36691356156481647,-0.2684761459866538,-0.1125147210987581,0.01613416553520912,0.10454084699209164,0.22632497472478671,0.3093471313146749,0.4103975145838996,0.01276374736531737
2123,logarithmic,2.09208078838161,2.5944531602177614,2.88772003620556,3.0521062861812847,3.3319690203403516,3.385247242147279,3.5549328122265655,3.66966758656799,3.691604390073604,3.8414201782370694,0.0462195367343365
2124,logarithmic,-0.4344612344868873,-0.4927479433377389,-0.5279360664620406,-0.585955624766032,-0.6150633965146982,-0.6665937922069276,-0.6996970445223673,-0.7329571449971716,-0.7791126547249148,-0.7986657286095245,0.006446822759391587
2125,logarithmic,-0.34651297897830846,-0.5756677471498886,-0.8662746453351122,-1.0758308929328535,-1.2042629761741717,-1.3753885290362848,-1.453384433904515,-1.6277806120241665,-1.6602837685926282,-1.789762359179809,0.03742225524830832
2126,logarithmic,2.079230724205294,2.901742155532202,3.6341137911315697,4.130616280362615,4.448414847618955,4.8145773543772945,5.057789433483678,5.2777009061564915,5.5907135464888285,5.627660092362021,0.10535337744078813
2127,logarithmic,1.9799603526252154,1.9227445384317141,1.8620338799842142,1.8139125108946785,1.7642615673842164,1.714065176437912,1.6935891377878154,1.6624447594395235,1.622155374913033,1.6084624288627072,0.006648149790072892
2128,logarithmic,0.881838325843991,1.3367221377057519,1.7878150683440688,2.128301539554542,2.327481664434914,2.6239775251160795,2.8433070266094362,3.0114014800885553,3.1359233628040966,3.3437243874290616,0.02263050996440822
2129,logarithmic,0.21841896992950677,0.2699381871127313,0.3086526281405157,0.33931909171916175,0.3741051233809329,0.39743233936395583,0.41282922635695996,0.44918207807771926,0.4690785339909411,0.4862236453549057,0.004365827673744204
2130,logarithmic,0.31134039212217673,0.16571563177942553,0.0837230017925836,-0.009823591296846306,-0.08056568049716055,-0.180425027458232,-0.2487400841876375,-0.32058424700425997,-0.3702561688533543,-0.41611736255677484,0.012541961996440913
2131,logarithmic,3.3166492785006123,2.652198327826161,2.4278841746732196,2.2481791133604347,2.102393210267658,2.004720676950717,1.8944548250677544,1.809917428299946,1.717809034525409,1.737011911369909,0.03989716067507517
2132,logarithmic,3.239153008959272,3.361817388832643,3.4691311550768247,3.562496048403271,3.655129756598485,3.7411440294279905,3.81453126852996,3.8859387288991605,3.9527811202656236,4.00451371000912,0.006061349940822341
2133,logarithmic,4.01327664455535,4.137801442643363,4.270272305070422,4.393746050296549,4.474137742118712,4.538985434405714,4.721812585796318,4.787834661613955,4.826095834295494,4.932440855324415,0.025854754638721607
2134,logarithmic,0.7490727690283745,1.1099236926829654,1.3823428983052792,1.6536540407031408,1.8419001955319336,2.015743117333654,2.193508692393748,2.4002954672278833,2.5016674501104097,2.658192657120234,0.019810312581483795
2135,logarithmic,-0.7873630633621063,-1.0945600195742022,-1.4183273555400082,-1.5673831122319661,-1.776134672088919,-2.004921330027603,-2.2227591827261475,-2.286671859307858,-2.4264513882355243,-2.5590342102970944,0.04577612007179862
2136,logarithmic,1.3359102022714517,1.2663015752218874,1.1968328507467352,1.1263022233632511,1.0677010639143074,1.0138346509261518,0.9548448019975759,0.9086772078267504,0.8659347211225458,0.8305170268076952,0.004059444983152355
2137,logarithmic,0.43607104855449774,0.010053876968121968,-0.36750755140875113,-0.6355361900579216,-0.9177796993669547,-1.118116453826992,-1.318774673171233,-1.4665606319616866,-1.5938225854732846,-1.737278112785526,0.02027858025071453
2138,logarithmic,-0.9360654627435495,-0.8510311028621248,-0.777684549285399,-0.7059112943097555,-0.6413720825591886,-0.5875279171091345,-0.5319417790644742,-0.47372293281412814,-0.4243987518090522,-0.3750727659444724,0.004396708021837287
2139,logarithmic,-0.9643675690893488,-1.70305398093126,-2.2163163883155375,-2.6038670693788726,-2.899629650800138,-3.0450703676580027,-3.3182380644221072,-3.4569661305605157,-3.6126784091266675,-3.7817633541599043,0.05065544216869096
2140,logarithmic,0.3297868644799745,0.36531457029810555,0.40713494207480927,0.43436931274972396,0.47679381545046573,0.4990088894298732,0.5264693704685397,0.5486797898430077,0.5768070660843486,0.5982602197867688,0.003382612686438343
2141,logarithmic,2.9138103646363014,3.535862593270595,3.9617492941833015,4.389173329697709,4.669414565996276,4.936377671396613,5.124955673229305,5.375838741952523,5.494858123615514,5.719482063854035,0.041951611831321935
2142,logarithmic,-2.097617132619204,-0.8484895823627191,-0.2150526904745167,0.11344161158082246,0.5645287375536155,0.5999593078550972,0.8550088645260757,1.0844468922467063,1.2623594864313221,1.3411764913162498,0.05968335070769409
2143,logarithmic,-2.6007073009249693,-2.544257490296639,-2.491466022596234,-2.4459533939249947,-2.411380993438322,-2.376036458348609,-2.3395262122884906,-2.3043711418300648,-2.2942682901827447,-2.2427325471859643,0.009210237687149786
2144,logarithmic,0.7811730710273453,0.7462727218946366,0.6819470340467508,0.5994142348383297,0.5573325899454088,0.5109158424347643,0.452335865224847,0.44163693742707805,0.4128800948876097,0.3777818162287698,0.012263661166461241
2145,logarithmic,-3.3654065977956114,-3.549382007478846,-3.7044187047101005,-3.840142050185939,-3.9532151137057525,-4.059662633911269,-4.150957465741935,-4.249905770405737,-4.318028749965936,-4.407693259133432,0.01228638336677945
2146,logarithmic,0.32920094100191677,0.5823056630701671,0.7578642802149458,0.9253302862835656,1.0561401815476255,1.205116600627261,1.2614342798942564,1.336068470386102,1.4435852002353564,1.5068421648320687,0.011951356040304112
2147,logarithmic,4.098693758922802,4.212389974155231,4.375584661420133,4.470430757602827,4.611156948762478,4.686517720901564,4.842717733494419,4.909866141154657,4.968710120904015,5.096705282451316,0.02773273793473302
2148,logarithmic,1.4137431525392308,1.502734379555466,1.575282408157309,1.6247361895672654,1.6583188012341448,1.6891384243284955,1.7767530162528538,1.7935643912975747,1.848554167397475,1.8737217632257779,0.011372434738768498
2149,logarithmic,0.7413044799417838,0.31210951804496717,0.07365285481851032,-0.16654184104038866,-0.33903184926529034,-0.5695816881758713,-0.6979386784964446,-0.84642030538544,-0.9520088238667092,-1.1382404699092472,0.0401142066203451
2150,logarithmic,-0.34469131316048784,-0.21620774088784486,-0.10589029974425772,-0.008828676935902415,0.05573052501315649,0.13940280130411364,0.23824919555449037,0.2935405883879877,0.35795231127349364,0.40454749808973084,0.009100416565187014
2151,logarithmic,1.7181742388656935,1.864212385544233,1.9402989393903223,2.051340488462148,2.1308511702750623,2.215605398531841,2.293176865173783,2.3943366565354647,2.456116008632352,2.5121749349254974,0.012049950643671526
2152,logarithmic,-1.485112818988196,-1.6030799815316523,-1.6831079372388422,-1.764756340808927,-1.8702158412254992,-1.9174270140971155,-1.9971569378750054,-2.07176168128654,-2.132998771503935,-2.186305234237902,0.01404600403198311
2153,logarithmic,-3.719652176002866,-3.8172012064800565,-3.8962046651432187,-3.9612454223294318,-4.027258355508076,-4.104283354457624,-4.154346166196533,-4.212258756042869,-4.262849789733838,-4.315822221011577,0.004024907885123953
2154,logarithmic,1.6444572639702464,1.8509872950217523,2.0778576656183563,2.2342899031023125,2.484722765406384,2.6038770244478053,2.7545315831212136,2.9047882145348343,3.0218722201667156,3.1152410585680834,0.02563169412403303
2155,logarithmic,3.7153856005239985,3.771374161210986,3.86729749911978,4.036997726072988,4.097736382450601,4.219256903807908,4.340616908451541,4.352085627117273,4.463585556423985,4.575704220780417,0.023018588114904145
2156,logarithmic,-4.095510503367,-4.213003122355723,-4.3459355722084405,-4.538283574885791,-4.677083105308367,-4.9054123507239265,-4.952096223056161,-5.11591570966905,-5.266508946112976,-5.336077710824558,0.039475910706197215
2157,logarithmic,-0.5758211227285145,-0.8680187376492063,-1.224654059698285,-1.441521428380667,-1.636971586523158,-1.8428569135401904,-1.9606325569701581,-2.1991664900400605,-2.438578992154927,-2.535593614176739,0.05216943289276181
2158,logarithmic,3.5687260368947484,3.716381982945076,3.86134774458354,3.9757941163521484,4.068541311048043,4.206029369992354,4.292912247046679,4.327497771467717,4.441146317915897,4.513925590521754,0.01695462393937407
2159,logarithmic,-1.053671698571856,-0.8463056733935979,-0.7085867788904158,-0.6055494706170946,-0.5116657770697879,-0.43149677579164025,-0.3737492046233414,-0.3258248621908819,-0.3000046563931663,-0.2538890201790365,0.0066794654309822316
2160,logarithmic,-1.1336555097793255,-1.065730614737021,-0.9910731670227665,-0.9678841954202503,-0.8788406167625439,-0.8043256237140987,-0.7697662693327897,-0.7156616288820845,-0.6824351665578695,-0.6383350449363696,0.013590893458678525
2161,logarithmic,-2.4876250247628082,-2.504410851390604,-2.5144550763905213,-2.5269595651432066,-2.5359678898064515,-2.548873677509179,-2.553758010937075,-2.5610109197596245,-2.5693687165995445,-2.5766388206849835,0.0012154030948152818
2162,logarithmic,-2.2413268638234873,-2.509349189993689,-2.7678440405356306,-2.858690951871902,-3.064411535636582,-3.1939465590097034,-3.313910016579288,-3.3925081671331263,-3.4653845286953056,-3.6283572078058497,0.03901219973900728
2163,logarithmic,-3.345859451684203,-3.4349631326472227,-3.5398966819337327,-3.625635311107234,-3.707886381019561,-3.7694265583555344,-3.83760722768989,-3.9084358747501327,-3.97674763351087,-4.030298293529803,0.004931245448437059
2164,logarithmic,-3.019319849588882,-3.1044198180405167,-3.229879966931083,-3.251698825088019,-3.361490412818903,-3.4079903554621076,-3.482849820929609,-3.5379337970383187,-3.61929251335078,-3.6645186564662504,0.017204878536472096
2165,logarithmic,4.945469286650925,5.143713863964522,5.3015798669120695,5.4428410668478096,5.583728412132387,5.722954557764883,5.8092324246896085,5.924059131787366,6.050774973386494,6.135681333659034,0.019493197451255377
2166,logarithmic,-1.7678287470730425,-2.0120249611608516,-2.1902478650828012,-2.344435557542282,-2.4985420036306034,-2.6498990234009123,-2.757785868123032,-2.7901881092960186,-3.0472756337906595,-3.049761600064211,0.035152543584549216
2167,logarithmic,0.5891433089591189,0.8567688254738499,1.0502805290174033,1.0999530078717008,1.299495720487752,1.3753903597789918,1.410416391772827,1.5284689042154527,1.6541035264830244,1.737887727338918,0.030586362000861494
2168,logarithmic,0.6199985597061778,0.5815713912095439,0.5547096654151059,0.531119252065945,0.5127861134985903,0.49404866437141687,0.47971849653843796,0.4693121994185089,0.45451162274731755,0.45247826829021864,0.0040342038644425125
2169,logarithmic,1.2984772589267388,0.8185218364809522,0.3452753376351666,-0.016718065206031384,-0.2521351551379987,-0.4906422831148731,-0.6458501676489928,-0.9108116868475802,-1.0234760798346874,-1.0724103827362383,0.05431689633348915
2170,logarithmic,-2.479030296762335,-2.6680933970049234,-3.0061937545163375,-3.2180229025962372,-3.3676212857626133,-3.470421066389067,-3.5911173263977365,-3.781317600531225,-3.9806230911863247,-4.0523553893389,0.03969878398802557
2171,logarithmic,2.6341015176546723,2.74746216395893,2.8230635146806304,2.862175409059583,2.934225365821229,2.998129937366277,3.0728057057109495,3.1084766478438555,3.170139724107399,3.209902330790155,0.01099875674472564
2172,logarithmic,3.8947118594194094,4.039302526274364,4.1660276630207065,4.285158370862156,4.434822641273911,4.503903965942627,4.630914077211544,4.69133486763107,4.8020424346763155,4.899812974808513,0.015680411629527564
2173,logarithmic,2.6652415483391714,2.802865739610279,2.928929479669915,3.0621482889386713,3.159276789353765,3.2597832603720023,3.3653887644747478,3.456589707031831,3.5461594719695158,3.6309387598656904,0.006124765450751038
2174,logarithmic,2.197092668019352,2.0600519576155865,1.9577406128467336,1.906673674253231,1.8468114605789994,1.7610869255134114,1.7228993331019467,1.6624529716429581,1.6218256314318098,1.5942533443061708,0.01916149408920267
2175,logarithmic,0.4345295148760617,0.32838883275038855,0.28417352282885655,0.20608148422173497,0.15588895626898921,0.09569586126091428,0.0453310685952394,0.015183224228234945,-0.006177511371193319,-0.06303651036895691,0.010635465859372318
2176,logarithmic,0.7586710731467355,0.6703237435315877,0.6244671447049213,0.5980308430181972,0.5692343438502154,0.5481556733170933,0.5298527156090285,0.5239905147520896,0.5061668590056188,0.4956400410676327,0.0033248504903134776
2177,logarithmic,-2.172363101414869,-1.8625102881034301,-1.6386277926427477,-1.470091873612972,-1.2984433077172437,-1.2125025743758127,-1.073309612915326,-1.028605172468346,-0.9586845217672273,-0.8427749374104638,0.028232886346959953
2178,logarithmic,0.08488346699885253,0.10820254653218217,0.12421817928276123,0.14130588691215382,0.15339393222834427,0.16597369936242537,0.1765610884511976,0.1834339241373475,0.1934760254211876,0.2026526351747526,0.0013657493050351294
2179,logarithmic,-0.8378804181340158,-0.8481173730352337,-0.8554915392324434,-0.8619293402655175,-0.8715423895382225,-0.8787561182391306,-0.885400023882236,-0.8889525339458351,-0.8968043457699096,-0.9001718433498945,0.001
2180,logarithmic,3.1609199228069413,3.3785498937844207,3.5640302515020346,3.726256365509151,3.8779887436956484,3.9834416325580464,4.064879040041081,4.224392161551691,4.334514229521434,4.405579669506169,0.03170414536322971
2181,logarithmic,-0.38475175248130916,-0.646213490762666,-0.8489217426879175,-1.0307247468886693,-1.1827851061792305,-1.31134164870399,-1.4554691628383416,-1.5249926428854732,-1.6844778608636355,-1.7581963077130078,0.0144371612734805
2182,logarithmic,4.995181014606972,5.077146157546355,5.176504158762571,5.2636782247715335,5.337633765839172,5.402999160445998,5.511729209155063,5.572879205937492,5.634356264483043,5.715297911015293,0.017492109127935654
2183,logarithmic,2.210397944180322,0.388139820717034,-0.24821253322345402,-0.8756816472120544,-1.1269238749520136,-1.4331249858435693,-1.2794681993019439,-1.8760125318247869,-2.0006421115175335,-2.286811767911201,0.10780383064429899
2184,logarithmic,0.29004600039908385,0.387735825829093,0.5411173797531911,0.6587919313110177,0.7564014134796972,0.8556299081095328,0.9787129148868026,1.0902235250921115,1.1296448508931365,1.1786730392566842,0.02208428282243248
2185,logarithmic,-1.5867595476851697,-1.6345069071158953,-1.6949640286937144,-1.743057640526691,-1.805573223415897,-1.8412380371682437,-1.8913521087475662,-1.9176769886540377,-1.9467592088357142,-1.9852506702694128,0.007891272475493292
2186,logarithmic,0.4143749203152281,0.4555417849642264,0.4802883574189178,0.520227301747825,0.5406753690058367,0.5716847155295331,0.5804522069081774,0.6092063370641178,0.6128191497624405,0.6445159345729353,0.00542819424530245
2187,logarithmic,2.746452723966429,2.465897015750008,2.251787528504922,2.0662519709435148,1.8878360652588537,1.8226033918513587,1.6750615790313745,1.5525179841854124,1.4858382674695874,1.3994374094036037,0.022942804448076393
2188,logarithmic,-0.35339314163725777,-0.2331041954104915,-0.18996715249546775,-0.15523193737557509,-0.12365139800768422,-0.12630785484059193,-0.08960527794684447,-0.07243670323420977,-0.07099299701992894,-0.0637204737274991,0.005711024217072328
2189,logarithmic,1.2557322394033452,0.18267662772845478,-0.5236233511522773,-0.9031603297504597,-1.3550415374123945,-1.6249003935502446,-1.8068428997801527,-2.156391339775139,-2.1450891650931005,-2.5861320164033534,0.09112852617380755
2190,logarithmic,1.9171208077416921,1.9388401280600307,1.956129973125184,1.969928516287208,1.9849589115774997,1.9974479874155937,2.0085963238268407,2.01752745731805,2.028256948144772,2.0378900369483097,0.0011023004648597547
2191,logarithmic,-0.05732366542856489,-0.12465808677953953,-0.17093452842115456,-0.22067474963708386,-0.24990020130014476,-0.27608167941162004,-0.29895833513633197,-0.33627365026358425,-0.34925792241428455,-0.3695015893237516,0.005054775506223015
2192,logarithmic,-2.1385297645438057,-2.216152973620235,-2.3249800841634363,-2.405192776717003,-2.481957753551915,-2.5412603557353046,-2.5864837332014248,-2.64179160081502,-2.6982881655104243,-2.766466595907329,0.01268921075488919
2193,logarithmic,1.4113866618182138,1.4288809741567607,1.446159306098427,1.4643614319588896,1.4828399765667366,1.4932606193133167,1.5133066931896122,1.5205733922127256,1.5345696302428191,1.5450979383918675,0.0028120848283125994
2194,logarithmic,-0.9228997175839948,-1.0278110322431315,-1.1488981937754206,-1.224520457131211,-1.3427750278575974,-1.4460827021043134,-1.5183645217611994,-1.6229605484452865,-1.6908631809250638,-1.7687724165397096,0.012632219795327516
2195,logarithmic,1.8720323664822291,2.3749932784234886,2.425141096297327,2.8327765414363695,3.054397970939695,3.2280913744098307,3.4214725115299243,3.549896183953501,3.707070515017279,3.7724139352150345,0.05410482942659669
2196,logarithmic,4.588267595384189,4.706973429355472,4.804293927827425,4.898095557451106,4.974205580077593,5.074521104771045,5.144056936287216,5.245354581553974,5.271272086633209,5.365134188317224,0.01603620616277539
2197,logarithmic,2.742177951872679,2.6002401072861114,2.471575024969987,2.399084870493801,2.266810108648283,2.202379147562265,2.1229197622238374,2.0694124350581493,2.0041806140949543,1.9684393028200342,0.016404422336985035
2198,logarithmic,0.6306219005491022,0.7548587173060198,0.8743973253454912,1.032181699735194,1.093621460015579,1.17775057934672,1.2686181429223142,1.3411982278068333,1.4114162736689442,1.4405718744862108,0.012953981688877356
2199,logarithmic,-0.755892725572482,-0.7388470004420162,-0.7285223082821833,-0.7174790111178011,-0.7063557345100673,-0.6963909961404521,-0.6850046082555241,-0.67932480882003,-0.6697462839348582,-0.661374591059083,0.0014715448181057415
2200,logarithmic,-0.69514837627489,-0.4347462653301278,-0.2915628516680216,-0.140368104447624,-0.007306828142106917,0.09872364134109457,0.25118945140013876,0.31452699774356724,0.33526324018365206,0.5101793417411686,0.028536293864140645
2201,logarithmic,-1.012467071134184,-1.726567168033768,-2.1836588537356865,-2.4961844859203075,-2.786002403147378,-2.9727103676799835,-3.1943282373839605,-3.361445327097339,-3.481753684994721,-3.6540958395386327,0.03179277433414189
2202,logarithmic,-1.4153320921370103,-1.373449634256696,-1.3436189252573312,-1.3114259720085537,-1.2846370918028847,-1.2516016357911133,-1.2399356778858484,-1.2051882524672821,-1.1638840263125163,-1.1743621662272332,0.007017181980805758
2203,logarithmic,2.5103607545091786,2.6996500782259676,2.8282926472485315,2.9480284472337983,3.117946739049976,3.2301069687219677,3.309977380300504,3.421011606791373,3.5177135146680207,3.5902561031972025,0.018406197050312767
2204,logarithmic,-1.365341334612415,-2.0274827603514725,-2.5073923053883562,-2.706611562414315,-3.0130648570932026,-3.107392771207375,-3.3492231794354588,-3.496705890593965,-3.5548548181544133,-3.6635631485259625,0.048745943580555715
2205,logarithmic,-2.352313058859607,-2.641080847068367,-2.864523471059887,-3.047703448012881,-3.198123630777558,-3.309326490915529,-3.418288170710971,-3.535511631723102,-3.6163662113270116,-3.7040411231320345,0.009420710021330284
2206,logarithmic,1.795412281260358,1.4575124621969857,1.2202894992726838,1.047502865571431,0.8561532115028281,0.6910614068159862,0.5722860143621573,0.44167925728379764,0.4433931195132164,0.2896971158719823,0.04469463641688296
2207,logarithmic,1.5701295503482007,1.7262686437458579,1.8429235172964746,1.96091763253442,2.080311949322294,2.173325480492449,2.2239104376810133,2.332558127805068,2.409601897084942,2.454679234122634,0.019096194304837225
2208,logarithmic,2.2037772233009933,2.1400269021763267,2.107543475671664,2.0748681585390054,2.0437428102683453,2.025412219538171,2.0066022738788125,1.9839862104882582,1.9691601118241497,1.9563872736198975,0.0022700536874864837
2209,logarithmic,2.6282153907939,2.970133137750709,3.2188791386156606,3.446540291577818,3.668117431188544,3.8413363676790016,4.01187091588048,4.2282793310058135,4.388122834006953,4.4402433923482425,0.025175280682087867
2210,logarithmic,1.7344507289872675,1.642800297661837,1.5492727658232466,1.4536102338193773,1.375088453969363,1.3160178290011182,1.2504225065453185,1.193794192880403,1.1267181676784837,1.0826440940724251,0.004786787915001333
2211,logarithmic,-0.85140633156525,-1.118443522221289,-1.3306940959121807,-1.5288797686806184,-1.720621515461612,-1.8247904807375832,-1.9738061528123172,-2.1362375930734716,-2.243336811842004,-2.333840485627018,0.017182766120461993
2212,logarithmic,-2.5969173346536487,-2.800758563988977,-2.985932317990755,-3.1584516222345327,-3.3131898094472145,-3.4665850280553494,-3.578518599105087,-3.707259251253964,-3.8037956538748996,-3.92144342560508,0.011484054212211662
2213,logarithmic,-5.8375100510270235,-5.983978010776705,-6.149362615158683,-6.275977773443583,-6.3895232625742135,-6.516004226163395,-6.656320131243584,-6.7456117682446255,-6.82737254203795,-6.933877491536313,0.011338851883841825
2214,logarithmic,0.6707237019114624,0.5688955113131572,0.5171102620087265,0.40074517769382334,0.3664956182483797,0.3201014160249565,0.25883446781644964,0.20528705512581713,0.15194216267998195,0.14582620577118446,0.01684702942322149
2215,logarithmic,0.23066349452515653,0.23926125200098838,0.24707435687375756,0.25366459407851444,0.2620082674718037,0.26846515826998174,0.27311149851950217,0.27871048652490915,0.28310631869646136,0.28977222700187405,0.0012431969694061775
2216,logarithmic,-0.5832614111702087,-0.7621840189789277,-0.9012601281684659,-1.0077608675607987,-1.0810164576704755,-1.1724104267988695,-1.251183871193319,-1.3201106212051334,-1.383323575739042,-1.4349259897557052,0.015106257468336222
2217,logarithmic,-1.8453108419727122,-1.9414518240588987,-2.021334381564685,-2.1103115689104617,-2.184179149059922,-2.248380313380654,-2.3283125044843334,-2.3817109361355886,-2.465190439951825,-2.5154434225428353,0.006089589493837938
2218,logarithmic,-1.5974979084106642,-1.5598808953025418,-1.5271591003740266,-1.4804326533775094,-1.4435397429749082,-1.4131220603711372,-1.3794713977659716,-1.3515515589008154,-1.3213951729872122,-1.2897403110469203,0.0035527857270683536
2219,logarithmic,1.054234754609027,1.201773984799406,1.3097668955245738,1.4389860929976128,1.5373250366927256,1.6230117852584125,1.7184361371768337,1.7921157236504268,1.854031934158755,1.9095453641761542,0.008083991080532139
2220,logarithmic,0.649678384697734,0.7135270645246866,0.7717323685963323,0.8174541006344525,0.8606468945802775,0.8849604357820915,0.9046721844133628,0.9288181016103348,0.9453159851426512,0.9698242428142148,0.005869547926072295
2221,logarithmic,2.7836619220634553,2.548251736932536,2.39774939477816,2.1840789794010833,2.0903721703881115,1.984474894760195,1.8972654531745639,1.8391034623908091,1.7511870908174507,1.6437954497997218,0.016086483670417203
2222,logarithmic,-4.220559197503617,-4.343415828323934,-4.4581556109329235,-4.5886300111935014,-4.685654000595721,-4.770587820799606,-4.860599044875665,-4.956314055879302,-5.0350385745679755,-5.1198784010090135,0.007094722384002197
2223,logarithmic,-1.8951553387799787,-2.008443864784727,-2.0749187917851666,-2.1574007388893075,-2.2153423832489314,-2.2847490939318242,-2.334022403761676,-2.375359806483218,-2.4170495880488123,-2.4559420313641955,0.008391785721093337
2224,logarithmic,-1.0861882925878237,-0.7466085963780347,-0.5790509761477773,-0.1728414370887039,0.02926117345156,0.07010431275018439,0.28558143678819303,0.41710070124526394,0.6569438229017278,0.8041407984062554,0.055301810503384334
2225,logarithmic,0.22133593118739175,0.033337514840738484,-0.11219778641309251,-0.23207480745393455,-0.37471358957113315,-0.48155867596335733,-0.5990135421167109,-0.6832011951873811,-0.7987556155925231,-0.8743694794785333,0.007536700508824996
2226,logarithmic,-4.075997886486387,-3.137980938027548,-2.435807715763719,-2.012653568996488,-1.7160431171858412,-1.3241877709241956,-1.2827750175448003,-1.144290125408318,-0.8682528887999345,-0.6573081250805554,0.08858528079329409
2227,logarithmic,3.1127735942127406,3.198286497733073,3.292901584592576,3.3597754547829264,3.4221798584301815,3.501915767180105,3.557675898659187,3.5998339204400134,3.638288142512684,3.7078266390168673,0.008890964797615912
2228,logarithmic,-1.3104198213694962,-1.716949639666027,-2.075891978898343,-2.3375430743552577,-2.6087655652381883,-2.814093304051161,-3.026891724533869,-3.139807739841457,-3.374779827471414,-3.4581865216431025,0.04150654183166829
2229,logarithmic,-3.6525878474432374,-3.772452039370801,-3.9101040095684536,-4.005499278969099,-4.115811158304382,-4.2217015983602275,-4.300563497837369,-4.369660609601291,-4.471525941126261,-4.550664804898512,0.009841080184129743
2230,logarithmic,0.9940023510959954,0.8624288282533741,0.7700224260550006,0.6716768996847527,0.5689396659083525,0.5080293775427911,0.4152870692233841,0.3551666201587564,0.2792715887733619,0.23877348634486667,0.008858023243838763
2231,logarithmic,-1.2964336985045792,-1.278328616545232,-1.2707496575365766,-1.2540230092648996,-1.244727927431249,-1.2343685216923534,-1.2261715208295945,-1.219331509722519,-1.2085174817465458,-1.2008823214101285,0.002459910550036459
2232,logarithmic,-3.617679949491913,-3.7017410605895575,-3.7952331445274585,-3.8807160312224966,-3.948453188725426,-4.034436836589367,-4.090186344532648,-4.141707056762869,-4.202800045448835,-4.252786938430088,0.014802332791683014
2233,logarithmic,-2.963586912788548,-3.0595688938831116,-3.169595339307756,-3.2344631091596927,-3.347897567302083,-3.4109825147465473,-3.4943227105458874,-3.5529231450948573,-3.6271624993403213,-3.684040147188258,0.012427377130769298
2234,logarithmic,-2.7649284634867914,-2.78199632802171,-2.794092245875146,-2.807333529064036,-2.816544505297386,-2.826891688504265,-2.8354739089944796,-2.845492418462215,-2.8530720797085856,-2.8573347678583825,0.001
2235,logarithmic,1.9196434904235045,1.9014706883330332,1.8850828174533472,1.8715690693473788,1.8553361576817986,1.8437973865111013,1.8333948614086253,1.8227558151087828,1.8113057186410595,1.8008793315240414,0.0020708214128947007
2236,logarithmic,1.0726827211483803,0.3311496660089706,-0.10269846706939822,-0.5606948396500927,-0.8498624594375037,-1.1483551834375694,-1.4018607153794589,-1.5770182002677968,-1.916617923060242,-2.057182995231296,0.061215700842846006
2237,logarithmic,3.4736422142714125,3.5637631753851733,3.642606225563221,3.75682657040532,3.8027718085112254,3.8675477355359167,3.9326904325336765,3.956891912849062,4.029442644127627,4.096096998444351,0.014411877487997379
2238,logarithmic,-2.4086306872627645,-2.7265890567054094,-2.906060639675763,-3.0597302438540717,-3.2176453953488537,-3.2332850470117354,-3.3051456507803083,-3.364952591612287,-3.4383210052786164,-3.4616457421160924,0.03087611496113832
2239,logarithmic,-4.366599612468629,-4.486505318334539,-4.559686770067716,-4.663204094892785,-4.736379670390686,-4.816415060486835,-4.893462012196452,-4.915702616600969,-5.027657981089929,-5.110485938640137,0.015761199264792757
2240,logarithmic,-3.706846411486944,-2.58619828305007,-2.1488572914963098,-1.8412864315189583,-1.5934868711450776,-1.4536622845944356,-1.2828191913258489,-1.119885813847953,-1.0367556128507225,-0.9483231784766406,0.022345212392178272
2241,logarithmic,2.0121029487487023,2.108700835837521,2.184719817025623,2.267036375860985,2.3260374313524,2.4118198163900373,2.448789394600448,2.514279343146888,2.5854567677117357,2.6153866753310697,0.012056807897993396
2242,logarithmic,-1.1346197289242674,-1.0978721603328132,-1.0547294431396792,-1.0207439810819068,-0.9765272518747306,-0.9542858821342656,-0.9177442181902786,-0.8890575374970204,-0.8754410619953237,-0.8556320087331102,0.008808729665237349
2243,logarithmic,-1.9530682707240952,-2.262162556964271,-2.5343299463390316,-2.7594781091220404,-2.876286135218043,-3.1344291250643543,-3.2322267554680417,-3.432421747746745,-3.6325757186761725,-3.7036246432099937,0.04604765207484854
2244,logarithmic,0.26987411983741494,-0.09089489188175326,-0.24578559594097746,-0.4100315757617735,-0.4360434689175904,-0.6036291189860398,-0.7113682292514736,-0.6898380648361716,-0.8355201382931764,-0.9191206623593473,0.02686792197672873
2245,logarithmic,-2.4312490707428576,-2.5016819336789187,-2.557054726386145,-2.629855686483414,-2.696566959856096,-2.7461274889250604,-2.7850564936800453,-2.8216616398607286,-2.893885976434224,-2.911526358283667,0.010407933021048154
2246,logarithmic,4.051795937847263,4.113431718078581,4.1889449813186905,4.244197216655886,4.328617595166748,4.382426667028689,4.427056034421026,4.4953051139024724,4.533819819969731,4.598586897784425,0.008087626194807936
2247,logarithmic,-1.4104162487679217,-1.7516696560251042,-2.0219336875971337,-2.147401884628148,-2.262900027618769,-2.3618106486073773,-2.4010319991041853,-2.5229358053354414,-2.616780000629196,-2.6468184821557132,0.03656696614520352
2248,logarithmic,2.533412484770997,2.637605439934199,2.7332825435048895,2.8006715808374945,2.878135506555469,2.963884428980664,3.0103918947073307,3.0763328332257065,3.133251245087663,3.171760553507204,0.005365575686404771
2249,logarithmic,1.751824812521733,1.8952304298622635,1.95697952639171,2.0362747106284367,2.132032005301585,2.1926359175746266,2.2620120278105533,2.33664811075866,2.358054791949778,2.4333512432267166,0.017312398926925352
2250,logarithmic,1.9137790226396794,2.0618186499527935,2.1431271049114904,2.280181359213378,2.4005397356339206,2.51120868619135,2.5660708790779285,2.6770924363520483,2.790995171498413,2.896574890322619,0.019424311279451843
2251,logarithmic,-1.4188655710828353,-1.5460799311137934,-1.6439070060530943,-1.7039253832667538,-1.7681590672500647,-1.8356661436048938,-1.87559856746608,-1.9226786073048998,-1.9557174180968535,-1.9998130398717795,0.005930032932236851
2252,logarithmic,-0.7952739648396314,-1.3721534276863196,-1.7549522686321843,-2.034361882513608,-2.331667316826651,-2.6112053595324256,-2.7791733455670338,-2.8997702226807798,-3.057605334770698,-3.2955183713206635,0.031393881508182155
2253,logarithmic,1.2674417854414404,2.034583410327485,2.3622673185463023,2.7653463266147376,3.080776573056059,3.3388880948949673,3.5350220344825263,3.7257924403599785,3.98113849251438,4.0860631907052305,0.07848263393202426
2254,logarithmic,-6.235629455768139,-3.8286469260290823,-2.533872441989568,-1.813233507492532,-1.3728517245863503,-1.000885917054452,-0.7354252163069652,-0.25497796208442086,-0.05419273328738527,0.15432340938885697,0.07634562783053057
2255,logarithmic,0.7496657257873843,0.8974661952204468,1.0368942266865648,1.1083090798604218,1.157661613331319,1.2487593990408996,1.3030367153145863,1.3670457475250397,1.3999876576185248,1.4666965387682815,0.012085810003304569
2256,logarithmic,1.9593903685530094,2.107589617749289,2.246477652475248,2.37658373408437,2.492975252973106,2.6118307747906835,2.6984583146596637,2.8033277577383346,2.9168933261845904,2.979408769505486,0.009856015989774607
2257,logarithmic,-4.152577862063652,-4.307230793322492,-4.451591675837116,-4.57578917450616,-4.71259070353257,-4.807732583632962,-4.914998137210546,-5.009825684652985,-5.1048716887840335,-5.195835800209892,0.010006531795793836
2258,logarithmic,-2.503019411799068,-2.910586266804947,-3.142787038877334,-3.420140306872524,-3.662334722300562,-3.7866956147133197,-3.970946064772731,-4.247102426552646,-4.3011872007812535,-4.487302600898685,0.055344482180250607
2259,logarithmic,0.7009137013126878,0.771388443683037,0.8684325589124396,0.9236351785655349,0.964964242209739,1.0183112645314973,1.0501059426100612,1.114718821062809,1.1388184980287597,1.1940649127584397,0.008715876016842426
2260,logarithmic,-2.8666412195918136,-2.896787746815023,-2.9278322169046125,-2.9474855443505326,-2.970927003256319,-2.995393738256959,-3.0031308034101194,-3.0184923676520325,-3.037316408739869,-3.0527617166480003,0.003991212590555474
2261,logarithmic,-2.512581200867223,-2.2464795802299196,-2.0682254801701507,-1.9672450358889781,-1.8943263455679284,-1.7896881845948243,-1.7269062779129818,-1.6443379778891458,-1.6153415644978262,-1.6228260922707891,0.027186227870608082
2262,logarithmic,1.2649120952248276,1.0815190414704874,0.866065247075859,0.7410109160973339,0.6209040227525937,0.5399723880570046,0.4041557420986649,0.2998274696042258,0.2888040532536127,0.21872222057382004,0.03320602740938201
2263,logarithmic,-1.2249580674762637,-1.0363224097116195,-0.8753555353140644,-0.7061383450099195,-0.6443495777384781,-0.5614810063336035,-0.47801867960751676,-0.4892308074631627,-0.3572450593387898,-0.2843987620972557,0.025874308886638886
2264,logarithmic,-3.562107300669686,-3.6999752670923143,-3.8375706122716404,-3.963012447984936,-4.115234385275197,-4.223653791673668,-4.32729007221557,-4.42630614563233,-4.516030275895771,-4.594991220682931,0.011679189053121515
2265,logarithmic,-1.938857897203804,-1.947503097680094,-1.9618450040111992,-1.9689553930426635,-1.9754848870571726,-1.982779190231689,-1.9873527192862688,-1.998357460517771,-2.0035114140855566,-2.00834139943115,0.0018907054413017125
2266,logarithmic,-4.043741712204129,-4.295075747281429,-4.423070192908091,-4.563348968325248,-4.739579448317792,-4.844811658580463,-4.950101373715313,-5.057628660610793,-5.1614081512197805,-5.268585891605221,0.022876596398109128
2267,logarithmic,-2.1083612466768447,-1.6142825097135982,-1.1883169773422864,-1.0398289017753464,-0.7339514328573296,-0.5955930818952518,-0.22108688653852626,-0.12237327058575312,0.023324390274893938,0.19561637955989508,0.058046452868321365
2268,logarithmic,1.5503941844913771,1.55715767702347,1.5651884996748662,1.5735598890542004,1.5818199573716518,1.587920911966428,1.5922428603577725,1.6000435711903063,1.6031907448455165,1.6087986764813331,0.0014063034840442355
2269,logarithmic,1.5868620501939603,1.6032514539268137,1.611157332738809,1.6226499267521597,1.6306267009264759,1.6391786763713962,1.6504364659450557,1.6592769109662167,1.6649786977482803,1.6676486547738436,0.002435972906112648
2270,logarithmic,-3.684951831413587,-2.5507624373075,-2.0613645443382693,-1.6936566977363552,-1.3239489499983028,-1.0900445479978147,-0.8442687944451452,-0.6003567257107643,-0.441171732913873,-0.31283504263403455,0.05974053910161276
2271,logarithmic,1.900966005311771,2.0782853565271617,2.322070505528467,2.420366766511483,2.548575436806471,2.6418563087272644,2.7582886981614396,2.8719916484161123,2.935360884610456,3.053354189060931,0.03025629768931983
2272,logarithmic,-2.837025856064412,-2.964265605527612,-3.0497600808449588,-3.1464827718252626,-3.2366249317541453,-3.3217719444601115,-3.392966281902783,-3.4821803871974546,-3.528215401027002,-3.6094117676580013,0.009533238438003067
2273,logarithmic,-0.09551977301505249,-0.05999483715453329,-0.04568518951819075,-0.0342455199201131,-0.01104365658359986,0.0034499754716842304,0.019455346726323798,0.028871495335974093,0.04713284500793663,0.056215273398154804,0.003954158487868429
2274,logarithmic,0.36138941884403236,0.16511558551362712,0.020405011722986283,-0.12440944660956749,-0.2394300302855384,-0.33551645096153787,-0.4307448283411012,-0.552393995034603,-0.6184071709500476,-0.7119618374440466,0.017230620351165113
2275,logarithmic,3.367943347606942,3.4510473000816377,3.5766910531040215,3.792823099955228,3.9580981002528466,4.04807798645172,4.192038398943931,4.373155113419221,4.4119112498447866,4.616204613588152,0.03651613325998361
2276,logarithmic,5.010351590134938,2.599303461811978,1.5994475190766073,0.9377429478259386,0.7657214956600561,0.4040091814395372,-0.08656482852744263,-0.17368016091882604,-0.297627041253594,-0.4860177553587989,0.09124688689664046
2277,logarithmic,-0.36403943022527546,-0.8941546279655157,-1.0599151621961658,-1.2196566539323035,-1.4004137027576755,-1.5050394707404695,-1.6026290125100704,-1.7437518649285393,-1.83293214586652,-1.9640327325246079,0.030558643233653905
2278,logarithmic,-0.11566867173521293,-0.20021924900438529,-0.2792488338741046,-0.3282047178818177,-0.4074302946161569,-0.4591225487026011,-0.5632208484384863,-0.5833232942909813,-0.6518380390519397,-0.7011301235515999,0.013684642164647416
2279,logarithmic,2.064194915679813,2.1899985660528216,2.355972739699373,2.4947022185475216,2.629593735872337,2.7142667902012705,2.828283287158869,2.9299239653388365,3.0345153811671666,3.116547625180626,0.01620562899414926
2280,logarithmic,1.9532258867990246,2.022468213809698,2.0651222913064693,2.102799265035027,2.1703108507339945,2.2065134882293855,2.2410149050010504,2.291960987475153,2.3150786292495256,2.3409794273763924,0.011245484165599964
2281,logarithmic,1.9031246379329168,0.5971734098277108,-0.09672816604351225,-0.6066122986628971,-1.0094566755461314,-1.342884932734542,-1.5504330352630094,-1.8101599805529534,-2.05241866398016,-2.2324505254487206,0.032658318710979434
2282,logarithmic,1.168462075079932,1.2713470855933036,1.369439511595192,1.438072584974346,1.511373927245163,1.597426176224282,1.683036069783329,1.7327748097097573,1.7847867863553621,1.8704276258545014,0.011928532402621043
2283,logarithmic,0.36151997160859217,0.4416408354803765,0.5345854171538426,0.6104197730627436,0.6809517541820908,0.7533799630286041,0.8357637153814562,0.8958528823643476,0.934034523084872,0.993304951494758,0.009739395321601646
2284,logarithmic,1.5994175551836496,1.2951849234329047,1.0467074555487865,0.8686965055473812,0.6831150478960468,0.5126191762870952,0.3825275921988662,0.2569510748930467,0.18570962741531494,0.08883767428284385,0.013245400793464257
2285,logarithmic,2.7335340369533596,2.8934887965536293,3.0541967654541056,3.1693972285605736,3.2297425319140136,3.2859920781753478,3.4062100173568894,3.5529540509243183,3.612206042168466,3.676279332307523,0.024928553489850264
2286,logarithmic,3.309573720819852,3.363984356662037,3.4522274706367924,3.6080841767509195,3.698799841971662,3.812500923902767,3.906745642306101,3.9374052205955254,4.081364867429242,4.114489990326727,0.026233025905049917
2287,logarithmic,-1.1253759455676091,-0.9975652272278364,-0.8917193265182104,-0.805877222909839,-0.7563645230237107,-0.7034156724372745,-0.6524263792231062,-0.6114294875003781,-0.5785932285151828,-0.5369562861844951,0.0069476110168415345
2288,logarithmic,-1.1516993452476694,-1.105739446889508,-1.061994042781536,-1.026524259262188,-0.9782815727997661,-0.9560134561803207,-0.9144773133929509,-0.8850649334543791,-0.8526521183775196,-0.8120796043621159,0.010211585996474898
2289,logarithmic,-2.5187256578476376,-2.5652303898028483,-2.6234696447746555,-2.6728036116361493,-2.7211536358007753,-2.7609912791452476,-2.802471233695933,-2.835083559124154,-2.8710112571591972,-2.9037236773636437,0.003006731987881659
2290,logarithmic,0.660130549843904,0.77603888099393,0.8691108171770723,0.9691562148010727,1.0421376539852918,1.1512288302645044,1.2084988468352962,1.3048090872373697,1.370991799804475,1.473100302223882,0.019025222530125008
2291,logarithmic,-2.7143528411410682,-2.6405357579331117,-2.5792823220596532,-2.5240645590349513,-2.4777269779534645,-2.4305270803420904,-2.3994369882494486,-2.3619408204394365,-2.3295695714090496,-2.300531332535412,0.0028567541295801222
2292,logarithmic,1.4015680507310146,1.440142396541765,1.4741901691055759,1.492604860031483,1.5125851873668381,1.531803977348942,1.546448881757959,1.5652952351968175,1.5790319370097126,1.5881109276223164,0.0033127014856190106
2293,logarithmic,-1.023812691116112,-1.2098671503663578,-1.3924637872746828,-1.498869335956434,-1.6275648274100256,-1.7087707363384557,-1.7836637379728466,-1.8902465638056163,-1.9749737792757223,-1.985936280182779,0.014260795129633817
2294,logarithmic,3.910349744044408,3.998737242744102,4.099378569401346,4.1847044012812695,4.214298639088659,4.34693148340778,4.413447644673192,4.482584414048158,4.538774725307326,4.602818469643243,0.014828946034418162
2295,logarithmic,-2.5675154003873666,-2.3041224186207794,-2.001674517500653,-1.673950151803537,-1.5837854044284603,-1.372936587696316,-1.2776538084232758,-1.1761616128045131,-1.0073414005175174,-0.9336405251544702,0.05055795742886169
2296,logarithmic,2.6435469699676712,2.818321460114883,2.9364368819094486,3.054174318285165,3.1947395186935545,3.279043557281003,3.4557673632864603,3.5259285590369136,3.595328023353418,3.69427064894891,0.02229824604715209
2297,logarithmic,-1.9344642995641759,-1.7950902035273504,-1.693977103346851,-1.594783969343967,-1.5087672166193211,-1.4676465273370944,-1.3702972692495015,-1.328504619542819,-1.2613035649132573,-1.2040413633221105,0.013781848540827065
2298,logarithmic,-3.8854206506760907,-4.007658229913919,-4.113494513485122,-4.250801857474113,-4.326926369352871,-4.4227189377283525,-4.50032292816238,-4.58584460802102,-4.635047164318394,-4.719675837120713,0.024596658130011707
2299,logarithmic,-0.03236750776090891,0.09867159586109023,0.29089476896699173,0.44101322225628997,0.604133034947842,0.7212415036883436,0.8092359338659827,0.9376816526338357,1.0136788092008528,1.107031267466765,0.022166775897449788
2300,logarithmic,0.017573276698706168,-0.16899850669717614,-0.3250615410954342,-0.48776968851897434,-0.5675768314656676,-0.7275916168676041,-0.7901218404443963,-0.9296287824588787,-0.9897541197821018,-1.0356637771873491,0.020145348024418527
2301,logarithmic,-1.1343161176030252,-1.5064750257096475,-1.6798878006636047,-1.8938231276928932,-2.110636171063353,-2.273429485389129,-2.3431075323519965,-2.3319243145585173,-2.514189162925538,-2.571715490071085,0.040772527773905914
2302,logarithmic,-4.491325468846782,-4.645312985713461,-4.720265094471492,-4.845678103019428,-4.944229707311605,-5.03908637992936,-5.1637100735323775,-5.219149024341043,-5.347802554702649,-5.395034426799334,0.0275313975617199
2303,logarithmic,-0.922956536343403,-1.0257014460349883,-1.1093392363184964,-1.175556624574594,-1.2433057716040354,-1.2879194714869997,-1.3587560088612918,-1.4262733277788386,-1.4816118105783604,-1.526459855860826,0.010474315268069084
2304,logarithmic,0.06790679471130358,0.5451678083289183,1.0036425144445562,1.2911747119459636,1.584953370691316,1.8064175863919387,2.0213336099624026,2.1963103904483523,2.3786276125383417,2.549565897956133,0.023221678196073084
2305,logarithmic,2.176743115496399,2.281121118270262,2.3551758221078427,2.4389837908658234,2.5310410622797432,2.5817172112786153,2.67141620939324,2.701979021710663,2.7526717285352693,2.80854061281909,0.014866567525652703
2306,logarithmic,2.4245068802824807,2.5877914087033647,2.659315624831305,2.8004984649416382,2.8707378410574425,2.991622657071426,3.0603790727794724,3.113659317480814,3.2296336090340354,3.2401308641565585,0.016241300857334214
2307,logarithmic,-2.6629516594134364,-2.8034150959369133,-2.9359878950059857,-3.052247136547275,-3.1464246397346187,-3.2669791358008395,-3.346154791213619,-3.43176165653782,-3.519072955880025,-3.571856415547466,0.008372908744942459
2308,logarithmic,2.4195720074365936,2.508706358509081,2.630448644430636,2.696841535691404,2.775513707116816,2.8402721726284708,2.930945126056796,2.9827458886645726,3.030753011875321,3.0706418158117788,0.011520637372964326
2309,logarithmic,2.775015281757214,2.8772848058552665,2.9390219625493614,3.0119969273197995,3.1171965016304264,3.15866865648047,3.2026324988114547,3.289578762103287,3.3197578652159376,3.34884689937077,0.014870674862062084
2310,logarithmic,1.4674368779858742,1.0618675611867703,0.7733587637183776,0.6162267732424622,0.3987530810163672,0.16229170850443353,0.02298477850262165,-0.1597882495491081,-0.32619607379392934,-0.2952263957094192,0.046148778696896424
2311,logarithmic,-0.47279626136039643,-0.6518498540180088,-0.907343526799609,-1.1889935742091087,-1.4124269159576508,-1.6095613840634995,-1.771382053492679,-1.905929777445602,-2.062055374765268,-2.1563378781486113,0.042791020550119296
2312,logarithmic,-1.4749960861023925,-1.5578756181972069,-1.655619401057795,-1.7102760040584113,-1.7902073194454398,-1.8316136417975084,-1.8841732966799978,-1.923763352507496,-1.9814674352166881,-2.0224509279694876,0.010550933698543761
2313,logarithmic,-1.3378546645720877,-1.7484711713634222,-1.963117975685632,-2.266558923346642,-2.3057485574780885,-2.5202137239061075,-2.607928351258348,-2.630325436562367,-2.783725911593993,-2.9852601201220437,0.04173440644368072
2314,logarithmic,2.989160414593769,3.132001133007048,3.35322674850853,3.5306169751474803,3.6323857386352327,3.8189858872923357,3.9112358589515757,4.132308948287156,4.161575467946006,4.348448299698063,0.039667974706287724
2315,logarithmic,2.663774115994185,2.737945099632924,2.79421855778935,2.8532533101983715,2.916647749650751,2.9686928925229132,3.011830770779959,3.049673340417434,3.11069982873019,3.1424767850111586,0.006118183353423463
2316,logarithmic,1.3698306651130823,1.363530031626134,1.33618306432422,1.327693969398181,1.311295375037677,1.3031399840033868,1.2823435144766253,1.2846943805573985,1.2700579072735982,1.2591697197297957,0.003213242781346129
2317,logarithmic,1.5172749658200202,1.4728229281709444,1.4406482913966305,1.4136751236340863,1.399424069539838,1.3654428609518452,1.349968814016299,1.3243529405456689,1.300296821440094,1.2941516572125493,0.005466143227837604
2318,logarithmic,-0.7857712204209224,-1.0290764859604864,-1.2970415451317867,-1.5001812287457512,-1.6788169861221023,-1.854659168741495,-2.0162046621818197,-2.1231487173345682,-2.2433400009488373,-2.3694596015097127,0.016108727408789013
2319,logarithmic,0.05659343155153845,-1.1139077818833212,-1.7498884535822548,-2.141187008118884,-2.5240928059017813,-2.805351696354927,-3.1642878070585967,-3.2053205500990027,-3.4586360842266766,-3.5944882614771108,0.057002984127518024
2320,logarithmic,1.4940152749358697,1.6519121074789505,1.9247168568210529,2.0535964437820535,2.1355626636055622,2.3125660701672555,2.4562948037976438,2.5955723875325196,2.6522683499186788,2.6993557663936336,0.022563308874171226
2321,logarithmic,0.8563244354618383,0.6911262194988324,0.5477969015157154,0.4299348455755611,0.3244628131563597,0.23472375312475716,0.14894148347278677,0.015862288379910452,-0.025722621960852256,-0.09704877685858714,0.016040415641510864
2322,logarithmic,1.502295285937573,1.4588238892915268,1.422242441728765,1.3876381074858124,1.3441514565306,1.3116770278039438,1.288426704289667,1.2547227810937656,1.2253016570382134,1.2061951859280877,0.004543166974296838
2323,logarithmic,-0.32975272642441306,0.07160621515799011,0.4064833730511666,0.72115419827747,0.9057742965533057,1.1266811059613895,1.3285370830952328,1.5102539655039624,1.596036358347302,1.7791481020401774,0.03413784194655667
2324,logarithmic,-2.7141338176398198,-2.8892393967437227,-3.0274779720758334,-3.15896767312477,-3.282616558833762,-3.3995324134772074,-3.4914380921528325,-3.5869312615153173,-3.673614999165344,-3.749792103488129,0.006595319758280016
2325,logarithmic,-0.18768580309529292,0.8250280096823062,1.4211072600828079,1.802029437885263,2.1231735299494243,2.3382492022580466,2.55771742653787,2.8286763282678424,2.9039897166309006,3.003428488123237,0.031012681563687777
2326,logarithmic,1.0094263291946932,1.038817154853037,1.062546974913803,1.0843086294560218,1.096168496535517,1.1121171119499453,1.1258142739024837,1.1361694021549968,1.1485018141233638,1.1580069134444113,0.001470251022155778
2327,logarithmic,-3.3535279650069065,-3.369954527067758,-3.388029687909557,-3.410130090471226,-3.420911326470419,-3.4406424893872756,-3.4552117279632286,-3.4664650509657777,-3.4792218219955653,-3.4927483561308716,0.0019399470734482837
2328,logarithmic,-0.9780130329152739,-1.4212044317679782,-1.7398145251702006,-2.0007021220525907,-2.2525516249987376,-2.464316516606136,-2.689578183829188,-2.8431492448648568,-3.012874559124537,-3.1260423676953266,0.013867042180851599
2329,logarithmic,-2.8163985375958513,-2.9242130956688857,-2.991908204776004,-3.08783014772749,-3.144467523362135,-3.2145137645654254,-3.2651474822715687,-3.3109118784328033,-3.3806431594064565,-3.4149900304548657,0.007584226500453059
2330,logarithmic,-1.1943743105593996,-1.3719581508127698,-1.536705799212276,-1.719247336150863,-1.8359048788149912,-1.9481372655700768,-2.114256413238261,-2.162542488289253,-2.292094133832108,-2.4025338628475743,0.023281657686807778
2331,logarithmic,-2.2596819534587604,-2.3019419918830764,-2.3267558860252,-2.3667014997487734,-2.395957965844712,-2.426209404551925,-2.434829306578133,-2.4602457392386627,-2.485895620510322,-2.507975256916322,0.0056721060714065435
2332,logarithmic,-1.4704693185164233,-1.6200360714404345,-1.7736262865370478,-1.8511624177958348,-1.9217351137597039,-2.009272586506184,-2.055343964328162,-2.1072827168124455,-2.1645145935899235,-2.232232839250022,0.01497396490959893
2333,logarithmic,-2.9615089992861803,-3.447376202317946,-3.973564159175457,-4.298300389718783,-4.660909071927742,-4.852576565375012,-5.146600272385446,-5.343581725342406,-5.587184180692667,-5.675166623813024,0.028766130976259123
2334,logarithmic,3.6911908957992634,2.9028318561282775,2.535345705737047,2.14653460987724,1.9243905101448031,1.7277148641317257,1.463832999587742,1.3204224820504828,1.122503814689559,1.0413725085119547,0.054066727095149626
2335,logarithmic,3.266537083292657,2.959550205203984,2.7589785778209914,2.617387476547375,2.4590897110478087,2.4308548343201424,2.2867623807280495,2.285495869174181,2.2081161961392595,2.1699366639072077,0.020022767439049502
2336,logarithmic,0.476298110645708,0.6281918586190983,0.7092516378577932,0.7685661871441235,0.8821622839086039,0.9994393895638223,1.1003649542285192,1.1367878161466594,1.2814449740309126,1.3083186257794999,0.022707223752416163
2337,logarithmic,-3.718541115885944,-3.8135343683419203,-3.8804526586309627,-3.9755814499041313,-4.069865157708575,-4.134304940124204,-4.171602649842445,-4.254701531239833,-4.299839113337868,-4.34935065325669,0.013985358422096023
2338,logarithmic,-2.356001660785135,-2.4712914390156198,-2.5900576696084987,-2.686225557535789,-2.7761669059404213,-2.858081988515286,-2.9395190712340535,-3.0375101558301085,-3.123654593796368,-3.188768111153624,0.013209629612196606
2339,logarithmic,-4.121571505976599,-4.301952427816849,-4.508191174094391,-4.63902296278989,-4.779447384575663,-4.908982902459663,-5.01615806926664,-5.12795457974407,-5.2067340525565,-5.344733527974307,0.015515045151752801
2340,logarithmic,-1.665440064267811,-1.5092930178332378,-1.4055958965302435,-1.278039183076198,-1.1812335029635364,-1.084476621106228,-0.9809475149204997,-0.9310855140969884,-0.8324244583785072,-0.7826085139238128,0.013027701583025594
2341,logarithmic,1.0053093937001951,0.9538439228353653,0.9297471367572452,0.8798185532740073,0.8751971239414257,0.8500599991596777,0.8343167560739775,0.8183073918676318,0.7938324785526459,0.7689865384342688,0.005531061815722655
2342,logarithmic,0.853939965317731,0.5904738586454359,0.45071923292513866,0.3744340856656189,0.1924220142647051,0.075940968728487,0.05833826471316446,-0.040555726047722146,-0.21009543769147723,-0.31352369111942663,0.03537982098192035
2343,logarithmic,-1.1824362291937531,-0.014005150773134571,0.6024788227506502,1.1464993499750264,1.5369004232943662,1.8852492675409946,2.070373989104905,2.309484099259197,2.493884534375774,2.663229448560788,0.06905093723848377
2344,logarithmic,3.295444982556505,3.622508588452002,3.9857144592774896,4.26355321568829,4.406829139355932,4.684799845756126,4.7710627720903265,4.854080680567021,5.1449968338325185,5.2028895355284694,0.05436179132058893
2345,logarithmic,-1.5264662407466416,-1.653454401099336,-1.7585568663423106,-1.8271534373091436,-1.8458629188830311,-1.912871172902591,-1.933965131278735,-1.9717684013440766,-1.9884229632234207,-2.025918500222253,0.01227392856505707
2346,logarithmic,1.1156170543765505,-0.6183917104367177,-1.4191170939665951,-1.935777574132841,-2.3578591372670235,-2.8809205574763244,-3.049013743046029,-3.38761605890405,-3.4861824733972906,-3.616774778309832,0.07317795395941727
2347,logarithmic,-2.208074267179646,-2.2215103384305928,-2.2332714675939247,-2.243793862119231,-2.2530221362402583,-2.260743579299791,-2.268164483913608,-2.274088043477885,-2.2813847515984134,-2.2882120444657597,0.0012379899022745091
2348,logarithmic,-1.4774251086959296,-1.5693245133919993,-1.6843045477014515,-1.7395926947539768,-1.8163039741241542,-1.8879326054595273,-1.93491691791691,-2.0095574557009317,-2.0565564212098018,-2.109193383361061,0.010517444370305856
2349,logarithmic,-0.5819389672032743,-0.7750735162137591,-0.9516038544936405,-1.1103607360069272,-1.2465196722157055,-1.3998177718902745,-1.5188762245513845,-1.644481205435168,-1.7661087101723405,-1.8576174326371238,0.009692251113665631
2350,logarithmic,1.3179449554486673,1.2108378506531328,1.1241462774449773,1.0104517771206207,0.9382100021484525,0.867716840391848,0.8366529730368292,0.7479726729128512,0.6938365185506172,0.617128093635279,0.011354508738745248
2351,logarithmic,-0.8887253308062889,-0.7494186273094131,-0.6512870217417848,-0.5818960466304186,-0.5109165680130071,-0.4429727028709255,-0.3779737157381577,-0.32278832182064787,-0.26117442930709944,-0.22869747695897003,0.01358124338449024
2352,logarithmic,0.06114610265301197,-0.15518659787660966,-0.349218626161235,-0.5295018681131343,-0.6870339066255549,-0.820777628406759,-0.9527446634399903,-1.0781405264507091,-1.181708336797547,-1.2917422471319755,0.009935352432201791
2353,logarithmic,-3.5661964373979087,-4.074721127380386,-4.298776325844712,-4.652168750350702,-4.977093519410661,-5.086009458334438,-5.3794946976617295,-5.407009499255962,-5.658701930826265,-5.785788435851733,0.05405436564937952
2354,logarithmic,-0.5881243515339352,-0.9026310949900709,-1.2375664374747162,-1.3374918947814423,-1.53959332096808,-1.721195717851106,-1.8468917578120574,-1.8718785494309564,-2.006064283453716,-2.089309012322624,0.037104070502738985
2355,logarithmic,-1.7463885898013645,-1.8359303882803315,-1.9198538371309677,-2.0116818231550924,-2.092068090667112,-2.140764401899996,-2.204132680303687,-2.2717779024789504,-2.3185133555379416,-2.380824460580491,0.006554491709589277
2356,logarithmic,0.994364313195697,0.9846861418629261,0.9767823055083075,0.9703721874474266,0.9606987729920435,0.9535445532933037,0.9474882765676544,0.9437197773087161,0.9364056995327833,0.9315794999691892,0.0016259004863181604
2357,logarithmic,1.3404397279522087,1.0312855127873,0.7688396635650339,0.5921943046172137,0.4214526075562281,0.28752221769453523,0.14306664586998627,0.036318906743724594,-0.062036799148116994,-0.1399057828067099,0.012972157900544288
2358,logarithmic,2.5613971175423575,2.54448561544429,2.5317003046656996,2.521907972816541,2.510132641373343,2.500291560662972,2.4917198756972008,2.483266704998614,2.4737944648014536,2.467787083447521,0.001
2359,logarithmic,2.5889636696085976,2.667678424841642,2.7395185975999157,2.8018621253819633,2.8500189050423668,2.9063252174952616,2.9468235523594664,2.9979930815290197,3.043776123090966,3.078736404681679,0.0043364936109780775
2360,logarithmic,0.17247008394012198,0.28571164366804014,0.3955500335121545,0.5092445149264903,0.6060172295131608,0.6792319407692525,0.7681428700942972,0.8366507852406679,0.9135320804860866,0.9902246460171705,0.00561674934307186
2361,logarithmic,0.787581248145367,0.4276357458995737,0.15609611157219658,-0.03913106105713357,-0.22084355989179527,-0.34804500641727104,-0.4565866562804926,-0.6080498516173541,-0.6907170978602166,-0.7461389665733741,0.019875553067311924
2362,logarithmic,-1.3473833922452136,-1.6861112675004366,-1.8675516933385599,-2.067241305533911,-2.3257426275530495,-2.455850115625089,-2.686711711647901,-2.8406123718378633,-2.9362183233906474,-3.0649897186228525,0.04571680276309175
2363,logarithmic,4.519553739163343,4.7053410870156505,4.869989886984587,5.020918744102808,5.14591462279268,5.260259679716524,5.387375441151841,5.501958733490518,5.603639669806618,5.687228487372925,0.007996020697465663
2364,logarithmic,-1.1143480317916348,-1.2590937081502327,-1.396968060257264,-1.5245640221068455,-1.643880727450659,-1.7509692094827418,-1.8518919440941553,-1.9357969714750878,-2.0314104059694786,-2.088344851307402,0.008727925640244308
2365,logarithmic,-0.4943399718220524,-0.6509876876698626,-0.8354790871258415,-0.9273518057184763,-1.0038030493039525,-1.0987154040477016,-1.1992882929740174,-1.2353868029707094,-1.346079974512904,-1.3634557044495388,0.022148665406663225
2366,logarithmic,-3.763768303856797,-4.03284241706828,-4.3048491782923515,-4.473360006473789,-4.692802766138652,-4.833575818145404,-4.994265352005556,-5.159478477998416,-5.2896597852027485,-5.42486400435865,0.019453004708755318
2367,logarithmic,2.1158456906780256,2.2048553883392543,2.282724553155409,2.339700871712367,2.3748897196371845,2.4358648180243594,2.4958235319781212,2.5640418184107734,2.5876127735824648,2.6494933817566366,0.011133223512570999
2368,logarithmic,-4.078113592300151,-4.276531318774373,-4.495523482950333,-4.682525332975364,-4.845996849074873,-4.980497691292141,-5.121920965650317,-5.239395943505193,-5.367447178287666,-5.466188545438166,0.009575585432831603
2369,logarithmic,1.2020808756314723,1.4713630546397192,1.6910636984604934,1.9351432822398624,2.070934850301647,2.2246798888835606,2.3621859092982063,2.3963289178828804,2.5766971527591656,2.6075575410699825,0.03499301118797408
2370,logarithmic,-0.8576813703608719,-0.6122459740774266,-0.3768724579871099,-0.19933263548882066,-0.013178416061267361,0.10066296290285716,0.25978527110940197,0.3588963930790239,0.42689509538723364,0.5343188937057454,0.029537379748939052
2371,logarithmic,-2.609806133156602,-2.696275517814758,-2.7788311314529377,-2.823804629319562,-2.9270734293294813,-2.9786437718533825,-3.0704202324251644,-3.122040508220635,-3.1215665128087573,-3.191998663357557,0.01655354927328505
2372,logarithmic,-1.7670554923739992,-2.37475115791441,-2.59845187234561,-2.754585318189807,-2.8458027231490672,-2.95671833216261,-3.0786192526211207,-3.0618742698088086,-3.165379044719667,-3.195355249914552,0.01775809715287361
2373,logarithmic,3.960474066684785,4.20886872982062,4.294705218605362,4.404369183098316,4.566435684336632,4.599879110395722,4.751223926874429,4.81015078852807,4.924919182813473,5.010891761916014,0.025690477983500094
2374,logarithmic,-2.1658698589275254,-2.048886346042707,-1.9691880520874274,-1.890387750961915,-1.8001226872961513,-1.7361947201118084,-1.7120295956037728,-1.6445331411229984,-1.6084187460680355,-1.5680632022421617,0.011568369933014036
2375,logarithmic,-3.929153036505056,-4.129235878563555,-4.301518453043605,-4.398737012667366,-4.556089369253413,-4.679708557659414,-4.740161134901514,-4.911935764128586,-4.982179212594282,-5.093273327806337,0.019272270944153336
2376,logarithmic,-2.1010419211290787,-2.063724021163361,-2.0407050357869143,-2.0172036933893382,-1.9969067016088204,-1.9611861632632386,-1.9442253752641439,-1.932569436009168,-1.9175407654684509,-1.9025131438489835,0.005868199468178224
2377,logarithmic,1.8947809156155375,1.8288397471229292,1.7650002584184235,1.7085603226001524,1.655387954314648,1.6118326234798912,1.5676815035073082,1.5230466103442497,1.4840590371603066,1.447107067009949,0.0029576492904641273
2378,logarithmic,1.4384754664745862,1.484927319943622,1.5143388303655445,1.5601992268913272,1.5938110915168386,1.6147130390661883,1.6441537203766627,1.6546518036498787,1.6762172917590819,1.7048764852665674,0.006181426528295961
2379,logarithmic,2.7698564895968385,2.032785401189716,1.6794623215800932,1.1777900221778779,0.9187698077531161,0.5430830906624057,0.3409792647680121,0.14485015235368948,0.032266948099940365,-0.29035470430363675,0.058852671522140014
2380,logarithmic,0.8731219179943048,0.5142962003412637,0.2203464499810502,-0.07787969441291549,-0.29670064371732857,-0.4339812917889123,-0.6346697367646232,-0.7780709321343916,-0.878920219915611,-1.0032648776901667,0.017522644466053405
2381,logarithmic,-0.451523686213603,-0.5830022197051427,-0.6852597943137363,-0.7662210684027027,-0.8527245977203662,-0.9570839907923457,-1.0453612242463939,-1.115252057605833,-1.1658871218705253,-1.233010923121487,0.012399964823446795
2382,logarithmic,0.5692701409607874,0.5811875850980027,0.5923528551904987,0.5995149934626975,0.6066748253943688,0.6148587703610686,0.6219119394411224,0.6263502517118162,0.6339231556245318,0.639937772160177,0.0012953589048456233
2383,logarithmic,-1.7329083428125547,-1.686998838935764,-1.6040255513123378,-1.5516824428247684,-1.5006088538396596,-1.4185613834885147,-1.3918629387172479,-1.3542055498908159,-1.3127858187603758,-1.2563321898600293,0.014501095206722981
2384,logarithmic,-1.8645820780021445,-1.8487402259146937,-1.8362843988190898,-1.8195687377322376,-1.8104549827319838,-1.7988254441864218,-1.7890908322036319,-1.7798827957436856,-1.7737221684803035,-1.7638365817832773,0.0017663020301948269
2385,logarithmic,0.5720054865887648,0.6240330154509199,0.6670708134472273,0.7040896826546008,0.738866853217056,0.7734951324770831,0.7977782484102985,0.8293680630129673,0.8538782769749332,0.8755941523834482,0.0032169223507971575
2386,logarithmic,0.8554862443147828,0.9822639899026232,1.1250320487343775,1.1931847588049918,1.2731507406598201,1.3640066609754067,1.42531460536023,1.4707935372359442,1.5577131295194393,1.5569537332415466,0.021943034392292126
2387,logarithmic,0.3182612874085329,0.07085578481588233,-0.07032509199192942,-0.2770721367517322,-0.4664652657607069,-0.6305104548557654,-0.7283315708062436,-0.8170509032104109,-0.9873605723744471,-1.058224199582121,0.03888070496517336
2388,logarithmic,-0.7089984546939604,-1.1006150303514886,-1.3660239578992033,-1.617665246673176,-1.8761923354305137,-2.1102174378452494,-2.355739205358631,-2.457237297415383,-2.619098942888411,-2.7423373638441277,0.046696880655293885
2389,logarithmic,0.5786524090488359,0.24619391166150895,0.03791886173564365,-0.3606928445261643,-0.5861266537800364,-0.7053480215034797,-0.8691709622604019,-1.1766238439069392,-1.3473836758301974,-1.438143501336768,0.05648338935300639
2390,logarithmic,0.4506574132413894,0.15854084966865117,-0.13887296959161588,-0.2970628027949991,-0.34606935600116717,-0.5970662352406756,-0.7584579553281752,-0.8543323133392391,-0.942934653585962,-1.0110886491562225,0.044187639373748734
2391,logarithmic,-3.045863834505449,-3.1648144196004697,-3.261663427885867,-3.34887849994517,-3.464501452358884,-3.5195824277763217,-3.5892069679857985,-3.6587518949507376,-3.716865362426029,-3.7504045610353076,0.012539623324117195
2392,logarithmic,-1.566910852858709,-1.4899779470968182,-1.4211827972212174,-1.3690166032126334,-1.3213985454185462,-1.2683707463243714,-1.2160927638316126,-1.1661855001929207,-1.1408168864098982,-1.100408051695207,0.006138455428011988
2393,logarithmic,-1.141747866663842,-1.0776824148058177,-1.01700667286068,-0.991591430389608,-0.9582925441643352,-0.9099119813588255,-0.8923840304447826,-0.8659088652683502,-0.8508424346092098,-0.8300244661709234,0.0063694566350187155
2394,logarithmic,0.39144621364278764,0.5326898745308174,0.6212829553962068,0.7789872585701614,0.8906658624469476,1.0403245242018027,1.1374135355058763,1.2270404743391872,1.3484241523340463,1.3499667908446384,0.030520227066398543
2395,logarithmic,0.46498502309897294,-0.5325830715585274,-0.9608597087483751,-1.356662527257953,-1.7485250406110713,-1.9159106844883909,-2.0772469184330005,-2.1738752661684035,-2.4975686182610906,-2.520171056729324,0.0616152325797578
2396,logarithmic,-3.7117791856306055,-3.8544059327118587,-3.954574467686932,-4.070687749155562,-4.166077809547477,-4.264714177303649,-4.363781426652007,-4.377529396833015,-4.455781823125966,-4.518526246558885,0.023101399459085754
2397,logarithmic,1.1178103109578215,1.2251023795113387,1.325401640960313,1.4041654486158084,1.476619878344661,1.5528392982295933,1.6121066335800767,1.6723541979463465,1.7119089208732066,1.7709501810573458,0.0051847560093647715
2398,logarithmic,-0.3356901044596044,-1.2598521554200544,-1.9493280334211032,-2.405384444404487,-2.7899305934387058,-3.1600960734142824,-3.3387213970622143,-3.6312165047731644,-3.8475611052757452,-4.023325344355958,0.03596652043344038
2399,logarithmic,-1.0778393926652152,-1.110970081852638,-1.1334644270285563,-1.1553592681061202,-1.1705146651753373,-1.184434254574933,-1.1968116413462058,-1.2061575433902045,-1.2144080004110684,-1.2266831676650225,0.001436875311649061
2400,logarithmic,1.339683772511833,1.3471715481464561,1.3619440785981507,1.370659817415784,1.377530725658288,1.3892157216657401,1.3935830934545803,1.4012732983206675,1.4068993660061688,1.4142480744279653,0.001
2401,logarithmic,-3.223956892366736,-3.3228786585360433,-3.468087541338851,-3.557028178117919,-3.6910637129488166,-3.802922323230105,-3.902041631240361,-3.971069523969331,-4.067348474952159,-4.12516333702687,0.012808509537344156
2402,logarithmic,2.4942398614129244,2.4240869499207602,2.3703463718761597,2.3170393884421037,2.2724963723823057,2.2424052043149327,2.201709633653169,2.161548561525184,2.1407177011410834,2.1133910894546584,0.005852748112967358
2403,logarithmic,2.5917915687276096,2.6151835218490325,2.6475293290361233,2.6580068941622743,2.6697313290158093,2.685085255692981,2.6931202942696433,2.7023090872578615,2.7143979876488924,2.7232034751232868,0.0038842087865734545
2404,logarithmic,0.008291659607518858,0.024403923393854856,0.04687242640424723,0.058411408443327664,0.07281636616849993,0.08605049442904225,0.09319335542833032,0.1097455519198533,0.11327012000619882,0.12146762288840783,0.0031871684408932583
2405,logarithmic,-1.8703942509254772,-2.1017155103241882,-2.2772733035127306,-2.48065266533507,-2.6309744644015947,-2.8190490006562396,-2.817462454656526,-3.0670210183427082,-3.1480194640865125,-3.2483729600997036,0.025069863027052587
2406,logarithmic,1.9559778296453283,2.295425255266249,2.522634597575894,2.7728282502070316,2.98608103792227,3.200668001115606,3.2900949166231857,3.4706665028381365,3.613543870507714,3.7482306208625267,0.0244817094652626
2407,logarithmic,0.37668449615564914,0.18629654216148858,0.01787968632504458,-0.13206605898611912,-0.20752891346126556,-0.34695924280752494,-0.456958938915962,-0.5176748864916693,-0.6476103147325346,-0.7070748546607992,0.014384216669530247
2408,logarithmic,-1.3063993726865766,-1.4489914086130857,-1.572603717778937,-1.6491850689487664,-1.7265549670740974,-1.795069346030957,-1.8553218818021262,-1.9133260068160287,-1.9783234387061361,-2.031332690067038,0.006966445467175141
2409,logarithmic,-1.4612481019932742,-1.419950748808164,-1.3961059869063848,-1.3623871989190652,-1.342674140217912,-1.3121731053553858,-1.2949957841624462,-1.279532778908735,-1.2434473523137752,-1.2330820051358193,0.005467911603631732
2410,logarithmic,0.17297265466899775,0.2368024729238931,0.3093583706152378,0.3747398431106861,0.4417448951825603,0.47843028914519514,0.5104420393304373,0.5671433874295043,0.6024530277089891,0.6200285534464106,0.010858332157779524
2411,logarithmic,1.8098994834419313,1.032201485041377,0.6993061619801599,0.49439048874112024,0.34011277453717603,0.22222682078696873,0.109549314954121,0.004412575167994114,-0.078138842776469,-0.1133030735456564,0.012402553125331103
2412,logarithmic,-0.9531555059653236,-0.8577200461954898,-0.7730792742152027,-0.7151865549856736,-0.6185502933248465,-0.5487959833334255,-0.48148416318676496,-0.44004555987469557,-0.38985706142284027,-0.318147340983532,0.007685649239566653
2413,logarithmic,-1.504801825299875,-1.549998164145398,-1.599376742071259,-1.61773886288897,-1.6692044033298925,-1.724688940312403,-1.7366769850551018,-1.7611123870551677,-1.793606607507395,-1.8225313014489877,0.008363683715387253
2414,logarithmic,-0.29450824521431485,-0.1170389266975275,-0.004913727815157235,0.0932220188487165,0.1895810443332902,0.2811349787273507,0.3410887754552472,0.39840898564097754,0.5175940165568356,0.6051233787668677,0.023949387148054592
2415,logarithmic,-1.911468356738799,-1.8814856178479806,-1.8539156166921724,-1.8275584869870458,-1.8125354135918599,-1.7915811163218243,-1.76720526514595,-1.751394618990003,-1.733982670367009,-1.7101694002524668,0.0029475590663269923
2416,logarithmic,2.6728685046728904,3.0265843568143556,3.3024743745749126,3.4938436841828326,3.743236039690374,3.8935013726269827,4.016777077493767,4.191194123154158,4.340250902373602,4.371145406568091,0.03954386306228578
2417,logarithmic,0.29724250593562596,0.26657438799169153,0.2371507164595773,0.20962828724067956,0.18552861129061265,0.1672428911818987,0.1423661440828818,0.1252166941108962,0.10638455808145,0.08890341859250929,0.0018350639253648677
2418,logarithmic,1.57427520765938,1.6778019603617498,1.7891861916819003,1.8783741156163374,1.947409155461519,2.0284296138587026,2.104756575045319,2.171592113373209,2.2266668402860197,2.277015355903962,0.004802217827027776
2419,logarithmic,-0.5039183432854945,-0.586635181482093,-0.665214287596712,-0.7670844837556408,-0.8675613643141638,-0.9612789421756748,-1.0076626753658302,-1.0600548868932076,-1.1377908606254792,-1.214697770071556,0.017370905743863074
2420,logarithmic,-0.7349207402275134,-1.037391710894424,-1.1576132285665748,-1.4531882188679748,-1.6139192268746194,-1.715002297716836,-1.8484042115296841,-1.9188718312958732,-2.0169748435677115,-2.179763932609666,0.03171522303888696
2421,logarithmic,0.2194998949744485,0.32947270533453044,0.39354769411128865,0.4827387222069484,0.5476070263962985,0.6449941780381618,0.7101045042908898,0.7497540495730202,0.833814548609536,0.9000196953841103,0.018986276905540743
2422,logarithmic,2.743042739585951,2.7988662069448775,2.8447414797929316,2.8884268463555807,2.9273753965226534,2.9722577467953832,2.996219615352178,3.019445758462704,3.0584477278335465,3.094965815643378,0.005321946351998904
2423,logarithmic,-1.0335085903111105,-1.2124287631859443,-1.3186270313788977,-1.4203861252930845,-1.5128664616728016,-1.6468174742064918,-1.7332960434318567,-1.8121223566339861,-1.9191492585644034,-1.9779626062462228,0.02883077747337256
2424,logarithmic,-3.6185076747048157,-3.786683454421568,-3.901906348007833,-4.106143388974695,-4.208673901669357,-4.31717206570432,-4.401100083311231,-4.485729578834548,-4.62824420009583,-4.6965596335936475,0.02050689973207739
2425,logarithmic,-1.192381089183681,-1.2488349079209466,-1.3079764289531717,-1.3477644146324177,-1.4016732223795325,-1.4307178092580517,-1.4597235514960865,-1.5009758830452367,-1.5357269702526506,-1.566852481121975,0.0052920428952029
2426,logarithmic,-1.213896175832079,-1.1618448078405526,-1.1248337927203977,-1.0868435155567409,-1.0420330369512323,-1.022947399538608,-0.990859126257426,-0.9530396294865165,-0.9272066758613219,-0.9006953489645759,0.004176708406441862
2427,logarithmic,2.8219374011883573,2.663750402072528,2.5538452058450427,2.447757020522048,2.388671248054538,2.335715452474791,2.267671431913299,2.2175967728143697,2.172771750969064,2.128135078001059,0.015473612557723261
2428,logarithmic,1.8683783287086089,2.105852287771722,2.350597114550554,2.510487956373599,2.6709845626133237,2.820101295135372,2.9231706665651997,3.0819699694865874,3.16981418534774,3.269673236893204,0.019659936614421298
2429,logarithmic,0.05032574365138352,0.4593355615208269,0.730189308564855,1.1195198260996193,1.3507133693957243,1.6201549614681616,1.8054483060812574,1.891533961777986,2.093346414808595,2.193104036910402,0.0550178621639568
2430,logarithmic,-4.157753663108908,-1.9441710628556417,-0.9029710740054377,-0.47924422329281796,-0.02826961964397484,0.2994812621600883,0.48682404867112145,0.8474692460408016,0.9128861907199178,0.9637755172045507,0.15098694839228505
2431,logarithmic,-2.753418751704442,-2.7150487380478747,-2.6820125538982507,-2.653745665907979,-2.6267559781762695,-2.597929819364565,-2.584105474355436,-2.5639396130684418,-2.54980677183374,-2.534842015377678,0.003595526126573702
2432,logarithmic,0.22237912873769908,0.1438532004351265,0.07201117295452665,0.010355272603284293,-0.04282201252319971,-0.1116853685106203,-0.15536900280675925,-0.21319909615583477,-0.24240528278229112,-0.29182845100877386,0.005534934448709233
2433,logarithmic,-2.097180376030839,-2.5514893957712372,-2.8600320759255964,-3.1553405703381636,-3.3985581081319967,-3.5667146963178493,-3.675818893898997,-3.8848687994570685,-3.982584188737459,-4.152606957646784,0.06128642090271782
2434,logarithmic,-0.9946172454955884,-0.7515995954339659,-0.4492177521361303,-0.27590394184988504,-0.13591377258934742,0.04385745794327843,0.208396164162429,0.2832990864288877,0.3585581500055578,0.5150690003749941,0.04530917445436717
2435,logarithmic,0.7268724448892065,0.8332351676635761,0.9721218897044749,1.0761944324953407,1.196263853131001,1.3050258341865633,1.3974708467610593,1.4753843581833588,1.548464755852059,1.6287086758740004,0.01135570365418149
2436,logarithmic,-2.70714649655913,-2.714699177590578,-2.7233724165478326,-2.7287777292967994,-2.737054384433603,-2.74476904516957,-2.749074692165712,-2.753667549334992,-2.7606017898590993,-2.7686562184591046,0.0014621555778700536
2437,logarithmic,-0.7272928061664753,-0.7042811785719236,-0.6631278699436074,-0.6405706670887177,-0.6124819886668571,-0.6073248839146648,-0.5916542817115568,-0.5813995810763583,-0.5709749190244615,-0.5532324625713149,0.004902462607359451
2438,logarithmic,-2.3925990416717022,-2.5683518466657826,-2.701263235755504,-2.861706263979153,-3.032752600155357,-3.1274298245164216,-3.250699324972158,-3.3413981424540267,-3.4652273939678815,-3.585920431863184,0.030514181228889815
2439,logarithmic,0.3589407187809158,0.09573672901186293,-0.15322745788504652,-0.37358713150418144,-0.587395574395328,-0.7560697717554767,-0.8952880968520435,-1.0564632512820997,-1.1993946032217682,-1.2902721574784273,0.016500182997510993
2440,logarithmic,3.6269731699479895,3.7192539082513822,3.8083817074600943,3.8757667430102716,3.9501212045587657,4.009946735476019,4.077403684923119,4.139191826583164,4.185678051154945,4.2393258949394115,0.0043096866678740105
2441,logarithmic,2.069454179423247,2.188859422013929,2.2949559620830486,2.3904929422710834,2.4625986172722993,2.5291983784311163,2.591946815879467,2.6882072214574255,2.719593104563843,2.781753476945726,0.018713515011760867
2442,logarithmic,-2.749992049511049,-1.279783039895957,-0.48834040654952704,-0.03270228001509073,0.2772502535866252,0.545583647898861,0.827332246754237,0.9643563912139956,1.1959330249660851,1.3449396758112175,0.047321148221157544
2443,logarithmic,2.4847456469692424,2.503648238066459,2.5248873420693574,2.5350986521321426,2.5459738532677907,2.5621806395464914,2.5716242095792565,2.582436506117428,2.5891884809118433,2.6010030631431706,0.001960368029525245
2444,logarithmic,1.4660531641445542,1.1752832341864097,0.929820123482904,0.6354410121522528,0.5203894828510998,0.3475560600627268,0.20604536763420261,0.07568964969235868,-0.018723287113921298,-0.14710630817419684,0.02129591592411106
2445,logarithmic,1.2976895394676755,1.28086688485547,1.2419983872201994,1.2195293845337492,1.1992786839434568,1.1691464025402292,1.1483487794827165,1.1350278773423315,1.116899070684706,1.1022122483339305,0.004757013152413529
2446,logarithmic,3.5643567952045494,3.6259302686646144,3.6773411782844705,3.7248624125535916,3.7811799544518263,3.846575011649693,3.86841262856844,3.930745128717369,3.973148404164939,3.975553154599164,0.012559924927515877
2447,logarithmic,-0.6066389854390017,-0.7506374757065093,-0.9006540542720143,-0.9818210428994255,-1.110750593460147,-1.1701272667248062,-1.2663954582579307,-1.3053031866779603,-1.4039959481363544,-1.456183285195726,0.020841389152382345
2448,logarithmic,-2.7621351096490554,-2.8623771788644423,-2.9023728136325024,-2.931775774135067,-2.958673385299769,-2.982462055022052,-2.9957393400633396,-3.01283271339014,-3.023719339013844,-3.040779594194048,0.005723018528114494
2449,logarithmic,-2.8135435006408778,-2.957833481333354,-3.074278954611525,-3.10918707547709,-3.215804512181098,-3.301233270833614,-3.3653585852214656,-3.439868693923947,-3.4539440074356174,-3.5673847978135407,0.015086712321265948
2450,logarithmic,-5.816130323675729,-5.9401818403134685,-6.113571102560611,-6.174390862135171,-6.278945499696647,-6.3621092673502915,-6.43106342676197,-6.549442776996834,-6.626732400702995,-6.736789647360444,0.02540604220035845
2451,logarithmic,2.400845493866309,2.4769076853316885,2.609230116945375,2.669935752711124,2.7380286765107376,2.7861737752571836,2.837844208106827,2.8956263514258436,2.9052588951295406,2.957924219560075,0.017062339772680023
2452,logarithmic,1.3675987106152523,1.4678997997489165,1.5670417926628302,1.6636276766211815,1.7472019068003695,1.8077796844367828,1.9012223501494994,1.9656072212544358,2.0309754631200674,2.087934920142234,0.008389251158281572
2453,logarithmic,-0.6526252084159414,-0.5311941979010657,-0.3974994398774354,-0.28152923248428213,-0.20409525042938875,-0.15142938382918802,-0.062477959613807726,0.0014768384750781759,0.09265377360856186,0.137022887921273,0.018786524004433716
2454,logarithmic,0.8181052192378409,0.9090304070703588,1.0001719591765392,1.0903594336594782,1.190612721136163,1.2611296443055207,1.3386311894500602,1.3934331262554593,1.4657352464794198,1.5198086860285214,0.011218941861764751
2455,logarithmic,-2.4894794068954083,-2.8009661664773513,-3.000183100837389,-3.252141377260816,-3.388062773004627,-3.5605047728989514,-3.6689703127987645,-3.8011195520421523,-3.912431836209356,-4.046427628464,0.027528794358390635
2456,logarithmic,-3.340130557178959,-3.395985445073519,-3.4355421248913287,-3.500083864761889,-3.5577595233815202,-3.584030367291866,-3.637210371104082,-3.6666518779343136,-3.6994512601027703,-3.744165211957872,0.01130215012651579
2457,logarithmic,-0.6120484006575535,-0.7067462404937778,-0.8654782533504645,-0.9604212093685642,-1.021470639698681,-1.1038839931428028,-1.1917059242272203,-1.2923441184409623,-1.3383753741349054,-1.4000824043329605,0.016144222414125314
2458,logarithmic,-0.6272723051729869,-0.3737206951283478,-0.228596571163869,-0.07112989610036831,0.06175984806184992,0.22457165397360207,0.3008343770826512,0.4108091788569484,0.5232780283699514,0.6204000440544848,0.014685008927182842
2459,logarithmic,0.47659124039684114,0.4688111608032606,0.46200482084154004,0.45494945731926684,0.4506242733280429,0.4429950355391445,0.4383119133005404,0.4321560698186606,0.4270148543569526,0.4245373447956361,0.001
2460,logarithmic,2.110066781976951,2.1417090401564085,2.174923222113918,2.2331038715506715,2.256977133938664,2.2904244509977114,2.292580591042515,2.3330347047659834,2.3660705264044273,2.372806361680743,0.00860616976272779
2461,logarithmic,0.04800204729327899,-0.027302181705335174,-0.10937013986316382,-0.19570784783296316,-0.2717987658461262,-0.34647459632321426,-0.3868856946491094,-0.44627581517430104,-0.5195067882256644,-0.5233318037264851,0.01707723434331059
2462,logarithmic,-4.965528512815008,-5.141790099319942,-5.278617250358461,-5.409825543175357,-5.550573531359669,-5.684708147474408,-5.791916456739133,-5.886675486042016,-6.005650614989077,-6.092483119927053,0.009132579345283756
2463,logarithmic,-0.7227078457051359,-0.8036317968023949,-0.8732514374273642,-0.9205697781123701,-0.9720120218192391,-1.0287681892764864,-1.0744301443047746,-1.1178325861739546,-1.157984459452063,-1.1926695943165655,0.004239607245226051
2464,logarithmic,0.8659731412895162,0.6844301133538668,0.5369191281193151,0.3725703633023295,0.2407468141317228,0.1276642125097391,0.029048536094510885,-0.049263712928913954,-0.19539481819089877,-0.2433629728395106,0.014365788530935498
2465,logarithmic,-2.025962271617445,-2.5712878649260538,-2.941135017938076,-3.2202088798392707,-3.4463358543543308,-3.6301538558718085,-3.7686342650428455,-3.9144053793362863,-4.005178259456372,-4.126072133220389,0.016874904587990566
2466,logarithmic,3.7313626618112727,3.8466446119620143,4.06398637631985,4.126010114402149,4.296033262037762,4.438081585804722,4.571892207308292,4.691294282915558,4.7755239458335135,4.832122301188502,0.027944036922966105
2467,logarithmic,-1.703254258935579,-1.7456225750708074,-1.770874179493105,-1.8185438361543762,-1.842932610411244,-1.864892699077606,-1.887767273769696,-1.9156846786950867,-1.932555998642924,-1.9533383961080337,0.005485994038880886
2468,logarithmic,-1.460676483333859,-1.3202903203735195,-1.2049623438180215,-1.129679626247517,-1.0168218887022473,-0.940228478734421,-0.8755918456582894,-0.8089509883720191,-0.7424009470873217,-0.6852785441425755,0.014855951000472078
2469,logarithmic,1.3104598676350616,1.344139355751559,1.3594463979119233,1.3897190763097969,1.424190699752948,1.434287126753314,1.4551658626029473,1.4770508077300757,1.5056719832758145,1.5116784897567395,0.004346788702794211
2470,logarithmic,1.0535817885799106,1.222951656453331,1.3774911025319863,1.4795384612698825,1.6001447837768676,1.750878090055472,1.813614055272763,1.9047527332544476,2.035002745538003,2.105161163154917,0.013301799301132657
2471,logarithmic,-3.1796762075993916,-3.241369586328564,-3.327154278358224,-3.369000395370607,-3.440573655292184,-3.503707156555192,-3.526785375795436,-3.5840408039561797,-3.6460492566164127,-3.6865123472130006,0.014304305346351093
2472,logarithmic,-2.097780750239074,-2.0046931528380676,-1.8833911735148987,-1.8230119819735953,-1.713528947509516,-1.6490685159729523,-1.5960329825252317,-1.5005412136742937,-1.4955022797993869,-1.426094835789121,0.020136825000876622
2473,logarithmic,-2.8521932426768597,-3.0157871494051633,-3.1658086164905925,-3.2618842559610357,-3.4799292747929877,-3.5223202529037994,-3.668875424054532,-3.7425351669382243,-3.839372443659596,-3.924562484766745,0.0289037278162467
2474,logarithmic,-2.9475914468060544,-2.348756605770975,-2.0357590201033666,-1.8079539183871984,-1.571824812451383,-1.4286188938283635,-1.2948079631947367,-1.1740126773116422,-1.040778631404168,-0.963622477933788,0.02450634839603272
2475,logarithmic,-0.4773896085369912,-0.6248549304472559,-0.787661461195386,-0.9027864070848078,-1.0040947674629508,-1.2074646696856854,-1.2422480247211023,-1.3347576416368698,-1.4038256843616388,-1.487164168852412,0.02749093130569825
2476,logarithmic,-4.149085510146413,-4.327637884267383,-4.506002238400041,-4.668438870482775,-4.787284880295218,-4.901562717051838,-4.997019090945563,-5.186826527291125,-5.260456693117405,-5.326688104824701,0.0303111590635654
2477,logarithmic,-0.4041840310593451,-0.3681722637931429,-0.33360260704251093,-0.3064622836764752,-0.2757844481184099,-0.2501459390946591,-0.2265679881288868,-0.20108828764227757,-0.17808505759485624,-0.1582729017351956,0.0018722170295617164
2478,logarithmic,0.3627069088496672,-0.018805197444788473,-0.26324325204705834,-0.42148568924799723,-0.6453977041529999,-0.8473386633364904,-1.0572691868897004,-1.1890796454332884,-1.2680377862073382,-1.533378409498183,0.053798541943566904
2479,logarithmic,-0.4244297633477308,0.06173279791567827,0.4000433758739993,0.731769411668063,0.9204795202548679,1.1224270828767833,1.2939640346962171,1.4098725925298679,1.507895239889441,1.655344136023402,0.04720347323057871
2480,logarithmic,1.6382536466013642,1.624039349326548,1.6108755868497988,1.6007397635627507,1.5921341678068297,1.581003632214578,1.573491011229477,1.5658219100305488,1.5573175656182299,1.5492107283876186,0.001
2481,logarithmic,-0.16966867428369764,-0.32222366337287217,-0.4816132887379696,-0.5817476921076092,-0.6714888821037457,-0.7645795279286497,-0.8864790048754181,-0.9546682188088331,-1.0021429180436976,-1.069626855876702,0.015244352516289071
2482,logarithmic,1.3664498613163827,1.468842930898702,1.5235760889708312,1.5815438864338776,1.7126445888539608,1.7579368068020726,1.8333680008009687,1.854349301840341,1.9133364922413243,2.0044451803273584,0.020227668944203116
2483,logarithmic,-1.66737810646378,-1.2828875052798119,-1.0104126583563555,-0.8609021074114501,-0.6380670209673477,-0.5315553391820924,-0.3890237958737157,-0.2985243804942605,-0.20517960243437355,-0.10195339498362771,0.01844951368443921
2484,logarithmic,1.6652751608211211,1.5069047590705436,1.3188485131352095,1.1684565175520256,1.091543801217251,0.9637735010333749,0.8791354124844707,0.8297448113142185,0.7463587606833041,0.6836568007830384,0.02822511126285175
2485,logarithmic,1.7774632477691483,1.7874894563204018,1.7982868833463912,1.8096864021499615,1.8176099504782648,1.825409708567723,1.8347183145786794,1.8430914152687126,1.8505312408307035,1.8570563660988253,0.001
2486,logarithmic,-0.6770366464863924,-0.9741630749115705,-1.2436678158942536,-1.4892161150243608,-1.6867722488251828,-1.8587154298410509,-2.04989051452103,-2.1202265535442453,-2.2869646440834757,-2.370106389296138,0.02212726855088601
2487,logarithmic,-0.1599959954203038,-0.21640740074964415,-0.26105342146833754,-0.31082530994725927,-0.34688073619497345,-0.38578691073179744,-0.4189348114871583,-0.44666704723771145,-0.4765465244418479,-0.5063711913418192,0.0028046914303935726
2488,logarithmic,-0.6011107835394361,-0.27785802651672575,-0.011063109446730925,0.19430783842613755,0.39114344452924404,0.578007208363852,0.7525672938999719,0.9140624228373995,1.0370735793660315,1.184009417892478,0.012206516871588675
2489,logarithmic,-1.0296555369489406,-1.1978530812583972,-1.3600411341931076,-1.5222907055501411,-1.630829959291746,-1.763947882830378,-1.8194487111574311,-1.9119538556697595,-1.9876198313328826,-2.0948076300477605,0.030461399397422532
2490,logarithmic,0.0692410496088983,-0.112191828132607,-0.25270273494504625,-0.37905862548066915,-0.5169132474991263,-0.633379040429898,-0.766190816571541,-0.8379761595323469,-0.9381865361180058,-1.0584318051546566,0.022649998089502726
2491,logarithmic,1.6963716732734921,1.9034362289455677,2.0551213798952923,2.1909468588432066,2.3514548701548934,2.444250477682917,2.565480003146594,2.69746278771318,2.7973486755730566,2.9064403928618696,0.0195342663799042
2492,logarithmic,-0.12866901762853428,-0.20896393743622432,-0.29647961388313193,-0.33504755726638613,-0.3884947324911486,-0.44256794481102424,-0.5103305698217149,-0.5457671584041626,-0.5869515513845256,-0.6298850662407555,0.010934797511915161
2493,logarithmic,2.242717886393981,2.460514036490524,2.6764622930729254,2.813698999908474,3.007371134369598,3.1595620754296845,3.3100555005749484,3.393935033269798,3.485848921997886,3.5253938175066013,0.033422373642506956
2494,logarithmic,1.3599795648993127,0.6969106749530701,0.35988416352445113,-0.019927625991733845,-0.24686235810819515,-0.535233135076577,-0.709753577072017,-0.8335548707971279,-1.066452369885386,-1.171140181473906,0.03084364754107453
2495,logarithmic,-0.2504685491153782,-0.620204999773453,-0.9289372487935541,-1.2493158065911556,-1.500771412697474,-1.7019549112757986,-1.9055486489479196,-2.104871590574113,-2.231580074768143,-2.354052197165119,0.019961463453186393
2496,logarithmic,0.2872379093166837,0.36659042406184,0.48356271544403545,0.5624862765041431,0.6238890322553613,0.6855745516255616,0.7281558649834338,0.829405456560004,0.8339747929466876,0.8488554284549427,0.017729548666587262
2497,logarithmic,-1.4438207076798681,-1.6545832404961058,-1.8035514353939976,-1.8874161986801514,-1.987126640206629,-2.0506124536679207,-2.142730568311617,-2.205631486207355,-2.2337839611946366,-2.2972311831432886,0.013698327169209658
2498,logarithmic,-5.345163543785961,-2.5031363759908833,-1.5708231022107193,-1.0789941917867292,-0.29122862465607263,0.3307466282875393,0.05847667212362451,0.7304136212738179,0.6899172040654675,1.1208791646083922,0.14198746323495293
2499,logarithmic,1.9353091174946384,2.1172190318835677,2.3055764729723673,2.4472145958084486,2.5877488364007517,2.7104048891436836,2.857795668713124,2.952055815539099,3.0333300166463824,3.1628241674117668,0.010771518820291592
2500,logarithmic,1.873899578544272,1.9631299496785228,2.0453125617265573,2.124290453124856,2.2065727910300628,2.2720978193466883,2.3430067222617774,2.4045414208353604,2.4615037208495423,2.5236766439754863,0.0066696171862804625
2501,sine,-2.627984566033855,-2.6372727085093417,-2.5642950534423212,-2.450013587344706,-2.279548568199588,-2.143594157311842,-2.054857576264865,-2.063427463209099,-2.1386047063687914,-2.285429369521607,0.008218331792695955
2502,sine,0.0363274582069915,-0.04549392606188994,-0.15581807152038765,-0.7750139756664763,-1.0339628080482322,-1.63509402503486,-2.1299921127722925,-2.703883076931092,-3.2367867445037444,-3.650244727461314,0.12053184442523905
2503,sine,-3.966526089277054,-4.128891122763623,-4.055123747217313,-3.54902518232392,-2.6704721257391366,-1.9210459293543916,-1.0773992966803911,-0.43553514652748193,-0.17198753323097737,-0.40387475896459646,0.07678953819589793
2504,sine,-3.935213289518549,-4.7871619801059655,-5.403363493802262,-4.863109187381238,-4.17030449680728,-3.2458747142909967,-1.827277720943398,-0.8500553083107278,-0.42855044159937034,-0.46215403083116613,0.1373879390907049
2505,sine,1.583182014716533,1.5004098800818355,2.720061253507504,3.3815593323046507,2.5519729475178425,1.396116111217362,1.6474127535788394,2.917281585799169,3.324896953866049,2.181787308951433,0.022588258940426122
2506,sine,-3.5997277150595,-3.5315324153671117,-3.3193332039585894,-3.084224789519664,-2.8021966642512735,-2.4587120378560807,-2.176268271492686,-1.873667787593145,-1.6189794246966023,-1.4422950521336575,0.015320903095188578
2507,sine,2.700276321311969,3.714579730213939,3.595189313637334,2.77968138726998,1.4209656784456315,-0.21495435246188555,-1.3644476188985775,-1.9885488769449118,-1.102380143049069,-0.3396395371220917,0.18863332511802108
2508,sine,-0.4995769747991718,-0.47963665262740907,-0.4418407368777276,-0.41854426487171903,-0.37820849104983795,-0.35155826707368043,-0.31092246049348266,-0.2759258140388088,-0.23492643711843597,-0.20853631969076317,0.0058601360579673125
2509,sine,-2.767739656862472,-1.4883499858012987,-0.6349753951843934,-0.4286181954962152,-1.5025203065219976,-2.691117189559181,-3.5133645256572272,-3.3642094199606203,-2.4092813744329575,-1.0507684249478946,0.07559917724699004
2510,sine,2.668659685462751,1.3903611119014418,0.7756140278080986,0.941392456304797,2.0035695866129495,3.2601332668316125,4.0137651944202775,4.196911085883729,3.2247016656694245,1.928465606161613,0.05761726966432028
2511,sine,3.733106153587969,3.629860732302688,3.589953860715375,3.5033254483479856,3.349618711169886,3.171992757811207,2.9343936815101435,2.762865381147327,2.5543133458579863,2.222625509066413,0.03641449867656678
2512,sine,3.5673517500993936,3.5389280139908017,2.130866990680755,0.8222160618502502,0.5922031392619872,1.7538292309924493,3.3471332166407577,3.7738824531536252,2.8586024253470677,1.3909146154780383,0.057716713972759875
2513,sine,-0.4928686987490862,-0.4897789993337291,-0.33019859842873583,-0.23308706241540125,-0.17598196272901584,0.012109378046095392,0.09755391143601254,0.19263101514015815,0.3566178069104301,0.44401754706393554,0.025508350701571834
2514,sine,2.1480805927311306,1.9360452881685968,1.7997684996460885,1.8209763835555484,1.9702844610916512,2.1851952146248017,2.3706952537025634,2.3903983501156323,2.2546075348086685,2.036680126504683,0.009104789570296546
2515,sine,1.7162348434086816,3.523012974432882,4.71786820644752,3.808491443374906,1.969223718100471,0.2681396925473185,0.23337049195698567,1.8533732323509733,3.503086335380549,4.466138904392986,0.095218556660575
2516,sine,-1.0398166425129007,0.42584808130692425,1.6221616431462647,1.5941365807173127,0.35253608635662825,-1.1426746445287226,-1.872960891286853,-1.1993617297547354,0.2859371610617173,1.6225841262969627,0.05125621326578817
2517,sine,-0.9186886845016594,-3.3926119145440796,-2.1771992786898156,0.6049774387920988,1.2958106328955277,-1.149218730482933,-3.4104109948169095,-2.151982355070707,0.7586276582311686,1.1329098697184918,0.0981331034866624
2518,sine,1.0248680421682104,-0.5260455432114177,-2.049413182891613,-2.608809815853845,-1.7465992630917595,-0.08160535535530504,1.2181924381225704,1.5682694853494306,0.5372196881222977,-1.0420192311838627,0.047549124985099694
2519,sine,-4.512508428614278,-4.209589806491218,-3.6920988990019934,-2.822109343861222,-2.1113124649478867,-1.7054330515922276,-1.4748902924338754,-1.5386330754807784,-1.7320444077576578,-2.3800578368754173,0.07226438780079392
2520,sine,0.8208008059164233,0.27843732382648556,-1.0225773769729678,-1.3779924663479066,-0.3275901363858537,0.7892725921471181,0.5414134984414464,-0.7464058559427055,-1.4569425026764642,-0.7160902404820835,0.02706283805773956
2521,sine,-0.5481606206915626,-0.32194997814633075,-0.5197918349258354,-0.8654561244245164,-0.8083221390534843,-0.4495169848818692,-0.3085270330102675,-0.6174986823455156,-0.9464808970777525,-0.7374313226229838,0.019473334707348657
2522,sine,2.721115268789445,2.442404558031172,1.7837148255817787,0.7358872681841447,-0.008484033070221088,-0.7218209878687882,-0.8348477643807904,-0.7642318869291788,-0.23717286202759535,0.6244925172479956,0.05218963342205163
2523,sine,-0.48458761695600416,0.04193003662621583,-1.4488051713350323,-3.2921916313328596,-3.6067246623781335,-1.6138513598927842,0.3643118028028743,-0.646117048561599,-2.835814033513412,-4.251777623662143,0.11963328100691054
2524,sine,-0.6152344203928249,-0.6312912916653746,-0.6571345908186792,-0.6969752928087737,-0.7450157379926468,-0.7974817380637189,-0.8475622788644097,-0.9171991250551844,-0.9593598161342355,-1.0230969742767537,0.004611048006807285
2525,sine,0.1399596656861494,0.08034454735332092,0.40952830129823886,1.039971610147375,1.5423246765672376,2.0571866570640998,2.153538232063491,2.0862572854732613,1.5725141709598034,0.9502017277253878,0.05289380460824964
2526,sine,-3.0111024422005674,-2.6877939951742675,-2.7914691683774033,-3.1435281735093588,-3.2518798989807873,-2.9692873992765754,-2.6931210656295317,-2.8389728040656768,-3.1766420529962596,-3.2559381659338755,0.00980462155400434
2527,sine,-3.3621394039761574,-2.833316107479864,-1.3571126422096003,-0.04616157432607165,0.04617960988750944,-1.198218257509348,-2.7171054268983164,-3.359766135353824,-2.569884496527114,-0.926802512977193,0.026131732245645276
2528,sine,-1.8432712087947816,-2.047780907777746,-1.8035743032684368,-1.4792191030542536,-1.4681617504093467,-1.8090740079028493,-2.051977251731194,-1.8703445152154983,-1.5119864427583982,-1.477118758962146,0.01759535296778323
2529,sine,1.297858667550587,1.2188947888833526,0.8336324230465921,-0.09571457439273089,-1.0469092872019277,-1.9686123485685305,-3.0257179243183763,-3.795696173979737,-4.150677590741792,-4.339262984497369,0.061169995263012894
2530,sine,0.27313917461370374,0.5088027689270633,-1.3998768969050026,-3.3563186353519296,-2.2974316409972113,-0.15326420436145005,0.604009967019402,-1.1280264183318622,-2.915670396613143,-2.7061395922958904,0.11227604303862697
2531,sine,-0.40478241743607907,-0.8839038437025217,-1.295251930364698,-1.501238440422461,-1.347575303572204,-0.9648611255594598,-0.46977620904858564,-0.10920292774597473,-0.01778139936587749,-0.2496184929478266,0.013341100195595201
2532,sine,-1.8667705526783653,-2.3188917834252476,-0.1817698783757567,1.2729627989869732,0.27563783688374993,-1.894642558583334,-2.2725388010440524,-0.32597789057811244,1.2428341501875142,0.3666848646228627,0.10475140238299069
2533,sine,1.0698202856494443,1.4570716959408836,1.5326573086406152,1.2867416813646806,0.8476709749276734,0.30116793006630294,-0.031799812317911916,-0.06811515409467646,0.13033246346716387,0.5166864126610597,0.02439664355907575
2534,sine,-0.8195220269133647,-3.3672381181328213,-1.8401137143011344,1.6474845459766825,1.6254523479393395,-1.5616621548094063,-3.2607109211215524,-0.7563794964146173,2.011026729239283,1.0810905667136363,0.11543438125618309
2535,sine,-0.41473557618752205,-0.3706915110524482,-0.26915700587359404,-0.1624248175717781,-0.011532380179274965,0.11014825168613473,0.25583250745024266,0.39747433042607816,0.5395819797372652,0.6601095692677105,0.013538081245025426
2536,sine,1.0580070396393086,-0.5946889291987232,-2.2805013243760905,-2.8216931572870387,-1.935545971962926,0.0038633158900856224,1.2899178031958964,1.3022407323234053,-0.20039406435977325,-1.824399616699495,0.09361354915215264
2537,sine,-2.2525823008851025,-2.6704850327826555,-3.3010725817664284,-3.56704674471153,-3.100621475639233,-2.470976583780141,-2.3060798799030153,-2.878432259773527,-3.5496209983793867,-3.519723106498142,0.025386414259610076
2538,sine,1.6965368586145473,1.6738488772381839,1.5745907151095495,1.4810078210660231,1.406038007650661,1.3456610750135978,1.2457987801634207,1.219104425531681,1.1634268449279388,1.1328748359805094,0.013803342440189582
2539,sine,3.201526315620755,3.8217356063770893,3.696847731593125,3.1518151038113382,2.324768279306143,1.4476402711988476,0.8395893493492035,0.7719524224873876,1.3433949637149982,2.2413156772230827,0.07944744326691715
2540,sine,0.7219722812851798,2.054062821262127,3.5538178569121115,3.402151068196896,1.968114459840766,0.8500502772036903,1.4176362331779702,3.117774866934877,3.8017190724956467,2.5908504989114225,0.08483777193764326
2541,sine,3.1344848475559886,3.267119366155599,1.5992262500569874,-0.2731218854959474,-0.5369117177485382,1.003936871992235,2.9787580175262933,3.4097436386157534,1.989225038168028,0.01999763461460537,0.03351311496975348
2542,sine,-1.7579471790779173,-1.6948586432737518,-1.4760338460525086,-1.36520897040434,-1.1799753518472862,-0.9144925560859842,-0.6806088616083164,-0.6012873850935829,-0.5258487119436943,-0.4149217615049466,0.037213849527776496
2543,sine,-2.4730085870106633,-2.145285745529512,-1.7413892718023383,-1.4025680273401293,-1.1523686724454614,-0.7661730406847818,-0.6581581545817409,-0.440220396822274,-0.2331363153008297,-0.10777941594105522,0.042903494091350046
2544,sine,-2.110127772316805,-2.554569246627664,-2.8092029472024134,-2.804648854497593,-2.4691967754826196,-2.058322333881712,-1.3702364264880278,-0.9666394625307861,-0.939236594739852,-1.2381064092122998,0.06745780603518944
2545,sine,1.4034018566147768,1.3197267431759256,1.2499597481189089,1.10683185373863,0.9457774896917714,0.7326091147343398,0.5457769918179775,0.35694939519245106,0.1974306216860838,0.05715967388419824,0.017702013626876963
2546,sine,-1.97022663198333,-0.41411642760434975,-1.6337448901226843,-3.7308484148429497,-3.560228250520909,-1.314283122679122,-0.4695820738382983,-2.239482547309631,-4.006324385267555,-3.0865587312087284,0.026435223271898844
2547,sine,-0.68446323971684,-0.7395777826750273,-0.8031559983245405,-0.8592476947598675,-0.9128101201653247,-0.9654702097545983,-0.9979602692187173,-1.0333652695130922,-1.0703301203687379,-1.089799198058152,0.006086232367613832
2548,sine,-1.1585721996265899,-1.5801035796559229,-2.094455404026245,-2.6210756358518927,-3.1271119912265295,-3.63351729642078,-4.05277068034799,-4.3941116021007405,-4.649401422271203,-4.71838728890499,0.02939145830995567
2549,sine,-0.4356687315082662,-1.8531502380021063,-0.6035834989936115,1.2930647633160866,1.057814299504241,-0.8898283624374022,-1.7721533753950287,-0.03770180018650977,1.4796392201117101,0.6235795457329718,0.04323726722188206
2550,sine,2.0751199142544725,1.2900789581353516,0.43782528573870966,0.4257197082501363,1.2536647492867505,2.0382221757212133,1.889598716338027,0.9238049229065991,0.2746026728148163,0.6910937974095072,0.020997949939412314
2551,sine,-0.2104997416681192,0.5875264729684972,1.4866410080027872,2.2168347772165307,2.2666904220147055,1.5048514143520153,0.5356281199305243,-0.11300468374759585,-0.13456431541895253,0.718811674621064,0.03909511522368126
2552,sine,-1.2263801556657912,0.056485668089481744,1.332781899948498,1.4218561453097325,0.3841816759209033,-0.837162898615632,-1.3176796540925895,-0.548380174228405,0.6666692201390126,1.4760298261145817,0.06778653636660087
2553,sine,1.937059977823187,1.9301559119809686,1.9064120399679632,1.8084262525630759,1.6574975946275994,1.5132894845948364,1.3244305038113153,1.2211267910158858,1.1412078936136296,1.0470914602364985,0.01607168091490132
2554,sine,-2.6114114523282965,-2.416804576618683,-1.9455088221384023,-1.8804065911382088,-2.2154179905284583,-2.611184785097475,-2.6021204901390034,-2.225773646822886,-1.8646125568044343,-1.9654090028683349,0.020890839709194333
2555,sine,2.7206336640541884,2.3450467217035404,2.157750758374643,2.3312073857278186,2.700287512930319,3.1694978062878008,3.58320648267171,3.784046172419274,3.6409159767260664,3.3157273786905117,0.017721071342898728
2556,sine,-0.29957727583363974,-0.3234322775988308,-0.03749326711986925,0.30062586061041474,0.3375713747485675,0.08227786763248707,-0.26242772322596497,-0.3577857535914893,-0.09346145150177636,0.2507334871970518,0.015336181730103761
2557,sine,3.1533233170375605,2.5581172941763954,2.0121593419100523,1.9610888906221153,2.3638452806194867,2.9840887108552714,3.2120900015643588,2.7955497017127526,2.2663601395717157,1.8388489587584014,0.04636643215075944
2558,sine,-3.0237154280415974,-3.5894699493633997,-3.6548384806967755,-3.227275533667476,-2.569799144556186,-2.0874917183342907,-2.191548120211163,-2.630135253915872,-3.2797933923134437,-3.6601812893687686,0.025589662677657665
2559,sine,-1.1138705483748925,-1.434023146001776,-1.005967321039105,-0.3688345306538863,0.5090319104249952,1.2431588638434856,1.6181710664533229,1.5243508832835526,1.0725382704487325,0.007935759844652807,0.08260048791276892
2560,sine,-3.8425872163353083,-2.390243754108004,-0.4963356738035704,0.7522098034764503,0.46019838846738004,-0.9610248932290109,-2.704446261497747,-3.9061351683446386,-3.7904779135966042,-2.4510618364723475,0.0997935257548423
2561,sine,4.396934092092341,4.340757041367173,4.144093291215137,3.8953745862437006,3.7728788561980378,3.3980375914216574,3.1217459835134536,2.715971846756829,2.4786097573768266,2.1354217791871637,0.04263188339015857
2562,sine,-3.21199247077807,-2.513164201232242,-1.8388078478232412,-1.7344854842021216,-2.1554706494986777,-2.9157791388484853,-3.2903818974835475,-3.2988237136653615,-2.569983661024052,-2.000378977496772,0.047889784382149275
2563,sine,0.40022046542643736,0.80786643118037,0.8205769478946233,0.2648254196061195,-0.4643105254930387,-1.0725701920108026,-1.3404382409055817,-1.1271962911386035,-0.42480188661128737,0.31101086726361143,0.03376282741206404
2564,sine,-1.4009638887870728,-2.3994164792692234,-3.094721472085212,-2.358175686572828,-1.0137368143525844,0.06841199782521806,0.5536081699307338,0.34839110897432846,-0.6769073961921463,-2.0975075714919265,0.11756356625752343
2565,sine,-0.6118477205246823,0.2167688369212008,0.5708974997834112,0.48357577288357956,-0.018153382864070505,-0.9025498397168544,-1.585059258807376,-2.069389981168523,-2.0625940514599685,-1.679038935667841,0.07638693604457819
2566,sine,-2.384885377239233,-3.0051611223372743,-3.532843779457761,-3.671672971784853,-3.2854924678591364,-2.7091280952505334,-2.131473602936166,-1.549637635607517,-1.3476802676910293,-1.3850644414930675,0.0586973849531501
2567,sine,-0.9079273699218443,-0.6236547635973998,-0.5097604370981554,-0.6073111678108365,-0.8021101828015833,-1.0606435290834837,-1.079732153704108,-0.9134207905938448,-0.6451144156663904,-0.5183879504230434,0.017203349235017516
2568,sine,-3.925255119033989,-2.723740528680821,-1.4061810575135119,-0.865624844312074,-1.6863401961618236,-2.968000396044646,-4.150953811279081,-4.252680565974974,-3.2752283204678974,-1.8111327245269735,0.0441347355716679
2569,sine,-0.3468353383493795,-0.997207577659977,-0.45816548114629596,0.50272723721795,0.546053366975055,-0.3905519091404356,-1.11658766104296,-0.36505271608056594,0.507739859700529,0.49552825307987003,0.03904399516562938
2570,sine,0.8192003514169841,0.7931682039355608,1.368527814033944,1.693420167022043,1.2860236393319053,0.7195477518845319,0.8710728100386544,1.4710660349205316,1.659008138114055,1.1270418079078472,0.014441936785339263
2571,sine,2.406140871577465,1.4127437480737908,-0.8654636659676926,-1.4431456919810055,0.668433630644173,2.548764569918322,1.7048023332321631,-0.9178767987790124,-1.3396605179503034,0.47007200976675184,0.14012044301776172
2572,sine,-1.131971512192024,-1.8941960040318833,-3.528945501931834,-4.293449827917375,-3.582046684472045,-2.0382424664393093,-1.1648638006221672,-1.7478289433283463,-3.2595552435618864,-4.365646761354438,0.04844867698321481
2573,sine,2.3160001293579913,2.4662807496081753,2.57244337388083,2.637785648490687,2.5199705771278578,2.3379406376718257,2.1740208152229807,2.0100117212074187,1.8492477519753872,1.755508817562808,0.01756153993181305
2574,sine,-2.812479766129174,-3.8821377012255534,-3.9114879526883217,-3.1692066541731014,-1.7939780135990542,-0.46413266792587204,0.4280029271771961,0.6187837668792979,-0.22895707586663513,-1.5467226018799356,0.06265405285500947
2575,sine,0.5653444970411219,0.762211971105176,1.033431945674247,1.4359275064576809,1.846169695315346,2.13108524153915,2.6987054781655067,2.9263530783272818,3.4728474194194043,3.7743710517619222,0.06375581262698825
2576,sine,-2.601396409730991,-2.4514884546445774,-2.286920108454256,-2.0644170771155617,-1.8183286893718027,-1.5902942481967577,-1.3281187284990112,-1.0045327776166348,-0.7649986777792461,-0.577174081868663,0.026320278649004658
2577,sine,3.7381317231480002,3.4918349111210736,3.2455135450087393,3.0565966130627964,2.806985233107138,2.326788511218825,2.184916491360919,1.9530482934143032,1.8378078642048552,1.5458010068846684,0.05380254787211299
2578,sine,-2.875584212628834,-2.233561032839904,-1.6895715457480345,-1.548943549299419,-1.994839433365471,-2.7032193195003975,-3.046515712344993,-2.83852246789806,-2.1665641778819635,-1.6293790948920914,0.020086208713921475
2579,sine,0.5442229738236782,0.35056293890093093,0.2560487420815271,0.33527943179899744,0.5039137784749428,0.7250983079451016,0.8405773762051216,0.8377326283638022,0.7025899339371189,0.4848084019849519,0.01227473896918573
2580,sine,-1.104530654683894,-0.9065026992613098,-0.7782491059835877,-0.6811154630132455,-0.4959902081646452,-0.4213121510866587,-0.26233710611401256,-0.2172486848353424,-0.17686321450268452,-0.06487253236057458,0.021986829316531443
2581,sine,-3.19793041237508,-3.529285476883791,-1.558872554370062,0.46802833254432213,0.8696534917004636,-1.4838424089118196,-3.749789538287454,-2.9437119029398398,-0.7011071165618405,1.204442766525811,0.1577878386089615
2582,sine,0.2097242664425607,0.9332925070236936,1.866035203927251,2.850606693175063,3.789703870026059,4.539102188429067,4.94918131475542,5.05713815247248,4.6561018319473595,3.9391270457501744,0.03817869625127134
2583,sine,-3.399759561180317,-3.4320258093717912,-2.9246014390797987,-2.826086202046389,-2.172424386808184,-1.849103587046839,-1.313285310736487,-0.8512762189658101,-0.41433200928391006,0.028892405217005843,0.10925628654628165
2584,sine,0.9336961833496766,-0.7101982516483966,0.7207867680424026,3.2717586336548865,2.850618398617132,0.29627872584591686,-0.7355924530460058,1.4605830919084073,3.4496155298054543,2.418109066765839,0.049861136645721685
2585,sine,-3.087222032803136,-1.4129103372674698,-0.48284026016266496,-0.7178262456723561,-2.2847721883509196,-4.042224618530368,-5.152166448082281,-5.266087382509261,-3.995802056630405,-2.136856796597661,0.08385218258291346
2586,sine,-2.437697929166279,-2.294733861997751,-2.1030105310570675,-1.9731844975088966,-1.8270049739398753,-1.6344349042435111,-1.5156889458328402,-1.3730063888485164,-1.2298181127959287,-1.1405522550024545,0.026320800628769497
2587,sine,-0.6655096426786787,-1.0836365743571725,-1.261249222874548,-1.2263596159790886,-0.8403218735337076,-0.4243714999805339,0.06349610213590563,0.3401753634204078,0.4578958383422188,0.12133293383345166,0.03770369806788463
2588,sine,0.679293621443766,2.5006173638426676,3.69155896106402,3.4210048444522445,1.9037957773746852,0.16612949893063392,-0.48091072084888037,0.26241548353103533,2.139102335348425,3.5280870627954033,0.04256345519823301
2589,sine,-2.377349188126331,-2.691206429939439,-2.902767533066074,-2.3056542282574783,-2.2427724601082533,-1.5647655489016692,-1.002756190888875,-0.11356191988510557,0.4436064154056878,1.024398954520493,0.09891218439566711
2590,sine,-2.4818893753277447,-2.885681457584928,-3.176998185603106,-3.200998002081897,-2.734891382357058,-2.417244888735269,-2.3233055577300155,-2.598389956635513,-3.024796487845432,-3.246757206575267,0.0287608949534656
2591,sine,1.3707989232576647,-0.5665554924964313,-2.5739606797942174,-2.7189607567612084,-0.6200133300191061,1.1589909563298035,0.6093545634390537,-1.78412392116781,-3.0220891690459513,-1.762578742885562,0.05789469809493212
2592,sine,-1.0236649361025731,-1.14862346639597,-1.3441020359777107,-1.4743931007184305,-1.588032011121764,-1.8568038118430041,-1.9132719067373865,-2.0626141336297765,-2.184063330522039,-2.3711621653551953,0.03766316438552228
2593,sine,-1.0690880750240608,-1.3264164883747616,-2.510938323344829,-3.2406586714966816,-2.5425136692647192,-1.4354155162776343,-0.8291769561254891,-1.5562609766287467,-2.6322950785424735,-3.2872171104475094,0.06409402313434275
2594,sine,0.7042566033812867,0.6458582850075927,0.37369696260684704,-0.2743537760484341,-1.0089507894851553,-1.825572412044504,-3.026402569686345,-3.5079881146741956,-4.205910299254086,-4.886856458130593,0.14210946552176282
2595,sine,-2.403204654250015,-2.107662741110579,-1.47526748584484,-1.0716468721207522,-1.14129932008238,-1.8082058260835019,-2.252129199528077,-2.4405768056348447,-1.8572487437535457,-1.350759574988213,0.0445059047322026
2596,sine,-2.1429471350331757,-2.347821430342217,-2.6481895244869826,-2.7035459421325796,-2.530219400958096,-2.2469467250313735,-2.1268547635380113,-2.2819379427480224,-2.5613891086505913,-2.7270764924269844,0.008852561353270437
2597,sine,1.6938652181367981,2.884816546402559,3.1966176896382206,2.4263591133948967,1.448361352333022,0.3104257949278693,-0.293515450251414,0.3116218078048624,1.5787626484969561,2.8834767248964637,0.09812638995290483
2598,sine,-0.736891005357817,0.2084352778061983,-0.9012972237378533,-2.745846956207433,-2.7905738128914814,-1.3080666186472092,0.08517332717742344,-0.3054254818694505,-2.030412333228517,-2.9824479419703374,0.07978563439674136
2599,sine,-4.480000045439805,-5.219090208433691,-5.431312202440608,-4.5403753644473746,-4.162718051666475,-3.611129915174323,-2.5392106495736297,-1.6097606700430744,-1.100229842056067,-0.6895454598626636,0.16254472671790257
2600,sine,1.452801982324476,-0.6888230794036048,-1.6966842948439755,-1.4917173841195794,0.14908017719277292,2.2943799897480956,3.0200725318513175,2.2341949238601937,0.2958962235250024,-1.476434043877963,0.07684856004546949
2601,sine,1.815437858079542,1.3823802394013907,0.876025561727134,0.7298836204836077,1.007854885463204,1.5120450526000992,1.892172937518281,1.9197603189133652,1.5435460082254464,1.0192551341080602,0.016483410641877836
2602,sine,1.1895711998814062,1.0763111616173158,1.2110731464888207,1.3655136674888204,1.633400035458746,1.8128139126839493,1.9285016496462415,1.9188803244693347,1.6995856171916415,1.4739119856332228,0.02258321394823331
2603,sine,-1.2368264235315878,-0.5909116514230884,1.3728934059864148,2.9340967211351803,1.8164923118448624,-0.18058453850846756,-1.2860653226796954,-0.08134525578680685,2.059695396571365,2.813199701254712,0.10479195808473792
2604,sine,-3.72817200830422,-3.567360321164374,-2.896599559070004,-2.0522775849102137,-1.2149880974830314,-0.14723061932149,0.5222724844689863,0.9228436577450569,0.8233976963457,0.3983240293747682,0.06790299190320408
2605,sine,2.6948812191598805,2.9058427301950904,3.1585122052489414,3.298702821329632,3.1533542563419994,2.8972864918348016,2.694745583714935,2.756766820529241,2.964894595273544,3.226273908403392,0.012332456073327296
2606,sine,-3.3815310143779245,-3.8730436730506725,-1.9176670313661115,-0.3598674797852071,-0.9318617003434801,-3.250241591658816,-3.9800875871063472,-2.4061411178009324,-0.24380309970055283,-0.5021568028625821,0.10924998417004086
2607,sine,-0.8906602848421087,-0.3637218720809029,-1.8829422622565393,-3.6517127993374143,-3.345008918855066,-1.3201468700424568,-0.3845503806300918,-1.3123081150346043,-3.3397125871461655,-3.726008580352542,0.08454530696280611
2608,sine,3.462411565070702,2.1187963876953,1.3105591556147584,1.7519965163361952,2.9598497698599564,4.080116184358323,3.9973643115759376,2.7866008499132553,1.5965133519327073,1.3219764023572296,0.03228051213230999
2609,sine,2.990663422928076,3.051617416120997,3.0873902073929504,2.9996578602691804,2.809176198042869,2.5224508994184474,2.2590520474963194,2.0186817225912024,1.7694806363672633,1.5453304725214996,0.03368107205656365
2610,sine,1.4417246295989705,1.9453769010804514,1.9788415267804949,1.8829627835778808,1.4733456025346894,0.8801642541852355,0.37095836840280094,0.08847594722864996,-0.07081060903073785,0.32782120348880495,0.047564108957846164
2611,sine,-4.9295292828625525,-5.425357143489909,-5.447210635068476,-5.410968027613242,-4.503980485113261,-3.935888003378733,-2.289567269708913,-1.5042389893566557,-0.6290620162776446,-0.2002667820062087,0.14448090703380106
2612,sine,-0.7254347324783,-0.780614652280189,-0.9109761150964961,-1.0755648012007342,-1.1864455423858387,-1.3564030355132148,-1.5784642619306473,-1.8181211050907966,-2.002012435883401,-2.195217699129025,0.038977710276247
2613,sine,-2.28614399670266,-1.8822945412880514,-0.9878962755255632,-0.37873345393647656,-0.49530844998324575,-1.0380231828059852,-1.9430161437044895,-2.2856236934248155,-1.91832601685719,-1.0731064056676214,0.058918771439752916
2614,sine,0.8838183014377409,1.4711703720876206,1.3340861680608003,0.5062788404210071,-0.5041521325225666,-1.64209189235409,-1.5855420345059212,-0.9843228700811829,0.18332315834218432,1.0765969165367975,0.10658876259059374
2615,sine,2.427108380179086,0.9693339657592073,-0.8650778994761507,-1.3819465318201871,-0.30885517956887976,1.7157747348616381,2.4988840588218757,1.5206076304130558,-0.3763535311764693,-1.1080876820553394,0.1272939725084454
2616,sine,2.0892794377667174,2.0715712705144007,2.1586212786350454,2.2349521576169518,2.362994197461475,2.557526488128144,2.6815622660650362,2.7257653225732152,2.6684457225160703,2.641570796989399,0.019650940594401308
2617,sine,0.8531846192112342,0.6870544843003203,0.37323527704356374,0.03584175021664618,-0.21426939798546146,-0.6420390373191985,-0.8397044648279142,-1.1568189267470668,-1.344685296443818,-1.4941285486793756,0.032232270894868575
2618,sine,0.01886420666747466,-0.1305884156924521,-0.8322858871066977,-1.0298569717797634,-0.418145126559123,0.07676613493446864,-0.2910213367361248,-0.9417872985147435,-0.9711336345378122,-0.2936819276632458,0.0204676927819438
2619,sine,-2.0065623257713465,-2.0262500330200233,-2.1246028283583525,-2.2000113790339397,-2.3132467973837683,-2.401186562972819,-2.5435712911737896,-2.614994318650323,-2.617969748497964,-2.607934333082039,0.015752907735083675
2620,sine,1.7238924332982453,2.3827208987989095,2.735877169095667,2.9998591041017786,2.7951720341000725,2.2699021099948213,1.7510869857417226,1.5534741827872218,1.7097974164530174,2.172227092223456,0.04775288856208225
2621,sine,1.029844603144877,0.9988118739430537,0.9768737569169044,0.921634176462352,0.9101387321852586,0.864517464219327,0.8465613282609579,0.8122728021861222,0.772493606893503,0.746093618607428,0.0066760903055458
2622,sine,0.9019402161045478,0.9624926317672129,0.8163327940987579,0.5166349995561166,0.0471689650981694,-0.430653283727471,-0.8501021692979734,-1.1210605946896095,-1.0889869101849368,-0.9473498130578052,0.024638289933545724
2623,sine,0.14316235809151404,-0.5004042841253268,-0.9107980128093763,-0.8067456479188136,-0.29623076926437814,0.3266032262143996,0.5374349899699056,0.146933505154934,-0.4499006431471913,-0.8097192965606266,0.04270955266438698
2624,sine,1.4316210553763502,1.2643595450715073,1.0394311267832237,0.6819158796086991,0.3878617078325421,0.05177200953248251,-0.2660426988406779,-0.5835194931527116,-0.8640693933748829,-1.0723752235455861,0.027315847075932802
2625,sine,-0.6258974621752597,-0.6391271900754757,-1.129528121703473,-1.4316361063923908,-1.0953008015767571,-0.5877909260467753,-0.6921062384198842,-1.187538521006954,-1.4022073856484496,-1.0326901295553794,0.027927818056848318
2626,sine,-3.160597587559746,-3.453956130683086,-3.1174865349366234,-2.6847509676901984,-2.588245916009514,-3.0329092412321317,-3.4580891455917775,-3.256268909952087,-2.7877974200335776,-2.54134546458186,0.021341297813361734
2627,sine,-2.951880411793655,-2.7210605794640177,-2.337806890854926,-2.0645853958905085,-2.1799499894867953,-2.6043939883043685,-2.9429297288818197,-2.887628188308608,-2.4927667283221413,-2.161310317907971,0.01799295872429459
2628,sine,-1.627820735511751,-1.350325448159379,-1.121937497822356,-0.8438137163451369,-0.576927073478422,-0.3929681738681447,-0.15064210844824197,-0.020257686913747915,0.04993161271982373,0.0906644916223649,0.021920915388135277
2629,sine,2.5624422202266888,2.4809351928057937,2.7341028116175625,3.0197269246356075,3.0262493363904603,2.7325363038706625,2.486844930564999,2.556691730493421,2.874043542585838,3.069227298535209,0.00460036100350072
2630,sine,-1.5246803746659643,-1.4330434784890853,-1.5516248569976145,-1.9469599543713685,-2.4928133034113555,-2.9856860697612913,-3.456966495828251,-3.752334934847812,-3.574176996721138,-3.202800651104119,0.061648765340784346
2631,sine,-1.2041499738470662,-0.7969952595363837,-0.6403276955103235,-1.368844522533261,-1.9986674920753558,-2.5213881508762035,-2.850092920254968,-2.4822051137586763,-1.8241420004288633,-0.9504339246664609,0.05999099522799388
2632,sine,0.791834171842455,0.5313290273607328,0.2686859351663201,0.3085292034506886,0.49483479713535133,0.8550271587850693,1.2080529093915695,1.441792834810202,1.53356642968181,1.4042327684464602,0.017074328914787936
2633,sine,0.5884960584113614,1.8869362652285546,2.5655775006725823,3.033948810468332,2.5025290601203305,1.297493662975646,0.03813744367032254,-0.8829334439781015,-1.2893727825881234,-0.7967608690987018,0.07305745227980259
2634,sine,0.8236067873489634,1.2080434478852493,1.8258265360672092,2.602273130943976,3.354095293986567,3.9606469326628977,4.3780763642104885,4.293199845087651,3.9213300141011698,3.3155029197467445,0.030038060001698133
2635,sine,-2.2611880576737375,-2.207046852868636,-2.2321943876108685,-2.2563390457022265,-2.300914291208643,-2.386616985951016,-2.4989876165538525,-2.6210045070101926,-2.709277862656075,-2.824446972001644,0.014990946346639512
2636,sine,3.2182360398884473,3.0297632226437883,2.616799533273926,1.6084314414560517,0.5703789785971141,-0.2991026913529543,-0.9212495687211846,-1.2119491227709012,-1.0920562294616527,-0.8008693347976493,0.08545351390427217
2637,sine,5.089474733397056,2.684019862445783,0.080330429873682,-0.4169031630873061,1.715621249813344,4.480233890219546,5.105617339976829,3.2659423028423036,0.6953786271822624,-0.26596149863228763,0.09636713220044624
2638,sine,0.011003079004470492,0.24319068024798968,0.31299200463292387,0.22669623171682132,-0.0065323610743659895,-0.22888396806818098,-0.24183876799074652,-0.0811861848828192,0.1477276913187017,0.32263868622384745,0.012388653649673712
2639,sine,-1.108833513211513,0.9687548631950491,3.348580303616903,4.475252152086336,3.153096601525181,0.8254452628960078,-1.0951350646837308,-1.5620011978434098,0.1913160733764732,2.710933913020273,0.06921261795561476
2640,sine,0.10851699929991306,-0.974183779699485,-1.812782165458465,-1.715095036810853,-0.8787582807477773,0.2146467487672151,0.750842119547943,0.41153228733767944,-0.6416107155246299,-1.6159898128572376,0.01858636341712001
2641,sine,-0.33192917937013944,0.9296330878907154,3.7022960497445077,4.208103998098067,3.9590730351916052,1.8396555034301747,-0.42006414832404143,-0.09292621367506806,1.4904041671260546,3.7739391691702755,0.1537088699159829
2642,sine,3.3123375755370943,4.256150647988749,4.901860123567394,4.595776244253703,3.8341497539855447,2.8566165001105857,1.1549602098384457,-0.08978469145289006,-0.16607714311221147,0.07405143169152653,0.17441145906600963
2643,sine,-3.6168681400878637,-2.6148040049883923,0.21777208830424377,1.6081451464745349,-0.086437551228088,-2.3743836106955993,-3.9431985096441586,-2.7962582543466814,-0.10748748600272781,1.4681977631523069,0.13335698834809329
2644,sine,3.08258011037417,3.7612493664384132,1.2164733899119449,-0.3400625055716635,1.106680749658287,3.634035730473841,3.212227488072283,0.5871463091956516,-0.22835845364434204,1.8300121473150297,0.10584593265473058
2645,sine,3.742867113296607,3.0515255731425386,1.3651379663594272,0.4470959011832352,0.780451925433413,2.2002607216596974,3.6211033233573175,3.6868087237265366,2.648429026562915,1.1716120285344207,0.051828150115250195
2646,sine,-1.4563076518912579,-2.24184464429156,-3.815916169167302,-3.976357414335138,-2.956934288643768,-1.7352567371829066,-1.6437975652834491,-2.7324835770277667,-3.911766901028431,-4.0933925644711655,0.08008196169288306
2647,sine,0.22522373824182826,-1.4009129332860855,-0.01969007158772275,2.2087150296240554,2.8882207070443973,0.9073358062777335,-1.0231671959709534,-0.803557289253075,1.5524138847498041,3.1056121311749028,0.10731108022435089
2648,sine,-1.3237021889734655,-1.4188277869497863,-0.47120236566843476,0.704657341276113,1.672352773022795,2.452531211214722,3.4691876883534407,3.843470949848328,3.740645033454477,2.904870256430018,0.1858491828560435
2649,sine,3.1981910801213727,2.7301803722984648,2.4223920829888814,2.4865749297887034,2.878844821048789,3.329007301153326,3.5183523552117175,3.3283246358892487,2.936346381553135,2.528785606887581,0.01991423237211038
2650,sine,-2.6297953808276855,-2.5713129159009607,-2.4942236941347735,-2.4347653101512248,-2.3334049036357065,-2.236653350096281,-2.1289347827262057,-2.0578529836295814,-2.0289571605390266,-1.9941050132565301,0.013909743121665744
2651,sine,-2.671644956777524,-2.4808482589598153,-2.3380115600040345,-2.2798099730553982,-2.04274088529189,-1.8315617775117925,-1.7126966335689549,-1.5181463854917567,-1.2882727110250511,-1.1001430526712,0.044919593559462706
2652,sine,0.1692227019214983,-1.3745804003446207,0.051474157581004217,3.003035382194055,3.2569182543015978,0.8138621570061899,-1.3952946038620453,-0.10820951490716477,2.772704151940286,3.4166002170203678,0.15693513083153762
2653,sine,-2.5338778798006647,-2.381584467714891,-2.041701599872677,-1.6140007890622319,-1.1886227022017264,-0.8853866008891322,-0.74445289467881,-0.831589059915344,-1.0720409914647764,-1.4728026633786677,0.021149763112518125
2654,sine,-4.033041493948833,-4.730462212059809,-1.8389186310453256,0.16257926292839925,-1.5191538203423127,-4.399902150170817,-4.356233407733703,-1.376343114726487,-0.03385597611457419,-1.9463577496294107,0.08645787505439821
2655,sine,-2.2113854961977317,-2.2355642372956734,-2.2828558587719563,-1.8351809685641225,-1.3421373893191084,-0.7463500820933064,-0.012111613798675827,0.36397190523988815,0.9832675899899102,1.1536053537835107,0.07143914644529072
2656,sine,-1.992095974640018,-1.8290886810301326,-1.443932292567623,-1.158832540697173,-0.40031017185392204,0.15572359592350177,1.1431575546281654,1.7099288513194972,2.3892035748690383,2.57748450403202,0.12944338859626658
2657,sine,0.87168388975097,2.609409408462861,3.264839968579792,2.840319727309369,1.2787983004899257,-0.606617999530973,-1.58820672440189,-1.456259487100674,-0.05964134272495285,1.6996077345661822,0.04628943019051716
2658,sine,-1.7866407826239195,-0.7525591109301659,1.3441719710493152,1.8069246783911608,0.5894995425824467,-1.660387868852212,-1.1625127508682018,1.1578639062673661,2.146543132458142,0.8915810188431522,0.12935591835736338
2659,sine,2.055387907681482,2.491927193052993,2.925448373699058,3.1169136706925125,3.0132577376013354,2.6458873409900208,2.1780357365997074,1.8757559617964947,1.79534332835336,2.049101681209493,0.00940992617478421
2660,sine,0.9642230272959433,2.487914064444095,3.493482215010014,3.592109990477642,2.3903458177834973,0.7815698717131447,-0.5140999645157102,-0.9117030027490556,-0.221656282226609,1.2548457694718198,0.054158287136637555
2661,sine,1.0913242974529929,0.5384321313133009,0.06614938295737825,-0.37491525566422357,-0.3782015056024962,0.015753793242705663,0.6550125471361776,1.093145506530207,1.0220271392132916,0.6731831159242574,0.042884022839127345
2662,sine,0.18326801430242295,-0.10590081758912975,0.25296791492901205,0.7993602325922683,0.9060821196568244,0.38930808715439585,-0.12124263580394343,0.05078792309588421,0.6548202143356677,0.9524483987569672,0.023948734267082078
2663,sine,1.5936925931095312,1.8424628189099974,2.2157657855154986,2.5459578002139467,2.878000121520028,3.155028350012571,3.3573881538312103,3.442412648969512,3.4621073297676594,3.4911556954858027,0.045407711809607426
2664,sine,-1.8528291670944619,-0.9086115672027362,-1.2882551224211696,-3.367783297511974,-3.897110770457983,-2.6144710634133044,-1.0316291934136899,-0.9071285673109114,-2.8101076747415052,-4.181547506063268,0.12153999815340298
2665,sine,-2.9867896345952225,-3.840063791014887,-3.952145683673952,-3.4481211181683418,-2.6480160187377555,-1.6372215471479847,-0.8332492424856068,-0.11738507073359739,-0.3640322172539299,-0.9131345139868301,0.1054215903954316
2666,sine,-0.769653905722684,-2.330403876160228,-3.1725756221915113,-2.237200937160034,-0.32145580733771134,1.07903646432475,1.6050067523563931,0.9816607203870837,-0.9130762449712544,-2.1818154273250743,0.15467601748569818
2667,sine,-0.5694318130803926,-0.7713601864339565,-0.9975441213264755,-1.2047212084811367,-1.1006541603641382,-0.900240559561867,-0.6327378580500227,-0.654071842429586,-0.8672755219471896,-1.137172567247977,0.02041384137506951
2668,sine,-1.149396193769893,-0.6156773040486989,-0.08363162569353638,0.21861655858662893,-0.06485618133736328,-0.7144478853925743,-1.1935096884077692,-1.1770601090660198,-0.8362255990353913,-0.21535637202267957,0.03210319239698073
2669,sine,1.9951557408169829,1.8523354916729475,1.621171656859216,1.4363433315970202,1.2967501983880774,1.0797855029712038,1.0064296633285819,0.80860424949477,0.7416891100590269,0.6446965574036265,0.023918389749222932
2670,sine,2.917714949653901,1.2025558387512194,-0.5205918773230783,-1.2493727553424725,-0.6008081941289448,0.8875654472415166,2.5219425352970086,3.7711586655410034,3.646579521246226,2.712698177981026,0.12925973631296844
2671,sine,-1.1162192477468225,1.1920550547893118,4.072524788272954,4.407433521133779,1.607477675865311,-0.850285121755181,-0.6790884910969925,2.0935902566755127,4.471457051442075,3.837622534142454,0.09438255825812987
2672,sine,-2.0048772034255156,-1.2315356626375498,-0.5197401807332326,-0.5684277227106282,-1.3335995760861654,-2.0661855983964146,-1.9044128573173318,-1.1474920218818279,-0.6305230164956163,-0.6891436325588591,0.050414743876639745
2673,sine,-2.4178667208112543,-2.2574958441008808,-1.9705660834644712,-1.7413717746650141,-1.4579610512067185,-1.2668357556806114,-1.036892696425676,-0.8973106250283364,-0.6948578441269815,-0.6993394803054148,0.050674588888048926
2674,sine,-3.986347171818955,-4.931312426378356,-4.7224608844052,-4.977700346729937,-4.49339829994993,-3.8705340488972837,-2.914793778744092,-1.9339683142892554,-1.3423014726500955,-0.5061015360526541,0.13781535249541216
2675,sine,0.5362614912785009,0.45582525649767364,0.29039142970356935,0.03608560492465407,-0.1381517023073444,-0.5383926664477761,-0.8471257076122121,-1.3107152398439559,-1.8301151252302845,-2.2473916706848347,0.08175831237789404
2676,sine,1.82851473159435,-0.28713080027606613,-1.6810321290464567,-2.0820484115091125,-0.727596055997343,1.5613886261021728,2.8125618227369995,2.616769936681334,0.7736690571910154,-1.2496922922053648,0.1006271955813715
2677,sine,-0.1333612054310681,0.8713102414254075,0.7273602647936238,-0.2872176487586675,-0.6928363556080865,0.23753957395640923,1.0024798387135978,0.5124517789231573,-0.54002128030309,-0.5333694790758922,0.02736580272846157
2678,sine,1.7922553580778473,2.2030618971412292,2.750558717265014,3.117355370030639,3.0881639892004373,2.6350689588072242,2.127587312804937,1.7071529763211528,1.8204006879231536,2.296616980366115,0.030994769257235516
2679,sine,-0.8437271190490155,-0.689780115704016,-0.46756594767999127,-0.23687190065310157,0.18658844683016207,0.5030057658561762,0.7519977726790318,1.0071713248015093,1.3029034136132631,1.4664682841484853,0.05678426026415336
2680,sine,-0.09058898377099392,-0.472591624362931,1.824720193108551,4.608225800387105,4.9823027049340185,2.7806881768512213,-0.1478782760919048,-0.6582075740468811,1.682072353479338,4.483205037358378,0.1512849126159112
2681,sine,-1.06402296904119,-1.4846561299747612,-2.12041510006006,-2.330267658506174,-1.7727496505748848,-1.1676813198057148,-1.2008519313233115,-1.7478237057895112,-2.3251887792830384,-2.1265788283214135,0.020031060550815584
2682,sine,3.588938724222971,2.5948212361334364,0.6745374874322566,-1.082574332014912,-0.8955360844649232,1.1108893938721232,3.00013170647165,3.5179165850530936,2.0642227228666203,-0.2581226515672326,0.10511471901810458
2683,sine,-0.960639108270275,-1.0485394528700218,-1.256620949418693,-1.4942820454345827,-1.6915602798553164,-1.8724410752925928,-2.068927612559791,-2.217962501595789,-2.369359493918384,-2.616842971088979,0.03882804055510003
2684,sine,0.1574998425629896,0.22143519756529179,0.39689858372082587,0.6058421058089986,0.8394449857991707,1.0433923476073415,1.0814565324747472,1.0025277156410841,0.8629498791125242,0.6251209825127206,0.01499871622718723
2685,sine,-1.69874999172925,-1.533174053937136,-1.320514512262509,-1.049399431649287,-0.8807912126059686,-0.546004580109352,-0.19052290606763406,0.2380706752718702,0.6400063161678324,0.8830791774858051,0.04788961095005123
2686,sine,1.8069069682134131,1.4518964717498402,1.0891917425004172,0.994516318935013,1.3035887702745947,1.7400431753450756,2.245047855408589,2.413225003596717,2.310084568424078,1.9972937538265114,0.04389887548572482
2687,sine,1.2538099871194945,2.679897375684003,3.8074885129688685,3.875084083867545,3.027823812172453,1.6514303597328814,0.5201794937699893,0.04286338985564349,0.8254762899727703,2.0764949461266204,0.0663057918743359
2688,sine,3.49648530502551,3.7027358713972434,3.411962491751999,2.8137368963002283,1.91654355618841,0.9899998892716015,0.6100244933191181,0.36536678366402764,0.5628667951506303,1.181357157701167,0.05656270407269453
2689,sine,0.14655297996586594,-0.29217983020431854,-0.8582583635391601,-1.1865787599573483,-1.1267715929729334,-0.6884664092949215,-0.1579708388420813,0.23688276278458656,0.1653210836958259,-0.22148232072445814,0.01802901561411624
2690,sine,1.3073448249323913,1.3198189195482228,1.2416501478201025,1.117173435395141,0.9660010813942983,0.8422387360568279,0.7394259304457977,0.7287834532181358,0.7783565323095962,0.9027061567885976,0.005211042884767264
2691,sine,-3.7070054387908478,-3.0812633160975658,-2.228789779954501,-0.8800610721687275,0.0028361236548138657,1.1706625200176817,1.765349018714232,1.9020404412958651,1.5570528537435373,0.7326511290290942,0.06836372698272597
2692,sine,-1.9655012404764678,-0.04822698155694885,-1.3339918096186036,-4.040944386682002,-4.057318728227022,-1.2645703827652268,0.03770633387066192,-2.1559486502722174,-4.405443517723151,-3.509470739134052,0.040737092636966
2693,sine,0.05243293116583658,0.4206746681802122,2.5450173460029935,3.4117306422380094,1.238035923251242,-0.13130001136844033,0.7436583504477586,2.882409259482019,2.852329262528144,0.8763649624162474,0.10641744990873443
2694,sine,-0.012843526432007004,0.02495516508536972,0.08768246027303175,0.13133053992608432,0.1798707393936316,0.2764669963347395,0.32547816078210356,0.38781897226500756,0.4187816150480464,0.4910051898822297,0.013123137526404696
2695,sine,-0.4904056256774446,-0.2065102714039738,2.7149886690625147,3.8016890922592594,1.39630142510441,-0.868512024749972,0.5250470956229579,3.38368474712709,3.323524172902889,0.4483317151572918,0.08570175592687125
2696,sine,-4.049783993999317,-3.189116073964787,-2.0068726000020716,-1.9138755678655621,-3.0038494169140337,-3.928229678387735,-3.4538265983637877,-2.249897157953431,-1.768875198275078,-2.8433710269684234,0.03586710420479002
2697,sine,2.484185459074575,1.683307149444745,1.0329017272678747,1.086847367084476,1.9999247583672215,2.650966781100339,2.7033699018724375,1.7821405261844128,1.1177256385303647,0.9843949862485454,0.052790033116358145
2698,sine,2.9110823088413205,3.3146308767998143,2.9830485720040083,2.4579440741939367,2.4034468050317734,2.9649381267824713,3.3064963036585064,2.9697466211155588,2.449617918779821,2.374605831866462,0.028204714429803896
2699,sine,0.9872964722265813,1.4798661620166687,1.90618145575332,2.0187116727637973,1.896365467122978,1.3795709724246044,0.863127585815018,0.6907491300112981,0.8166223757024418,1.0877958016386922,0.038089813611825084
2700,sine,1.5196173060478926,1.5857526540834666,-0.47358080337000585,-1.9962099617369065,-1.265983059202362,0.9998784085838458,1.7942988297189244,0.30889747758290165,-1.7478854500221872,-1.6134613354390677,0.1281250427105594
2701,sine,-3.78375074363773,-3.241901005608633,-1.9035601248790457,-0.7622021609582537,-1.1325020900057734,-2.288383904205746,-3.6558275133461624,-3.6125425986976483,-2.4086850341763135,-1.103483635571971,0.04362177325982642
2702,sine,1.6075237715645534,1.8021137191104208,3.0187336209104543,3.4333081777378904,2.6421073116838456,1.6618919571547373,1.7815979285092671,2.936825997488858,3.4586150949708885,2.6524882146272066,0.028166683876184352
2703,sine,-3.8548121853836887,-2.82709580055916,-1.2609053943417676,-0.15753157758991332,-0.3846968193716124,-1.3423260816511013,-2.882721822693335,-3.983040060767242,-3.871992347366835,-2.816173522095648,0.07908567814852323
2704,sine,0.4905154855698839,0.6348310254336517,0.745801434100748,0.9425823280142287,1.0753318484312306,1.2681076886088711,1.4783111533939117,1.6532299090481897,1.8256627983309122,2.0810158756592174,0.027087014888250955
2705,sine,2.385882316120714,1.6004971979575648,-0.273259910378688,-1.7208409865415897,-1.511890995581454,0.17848139687903655,1.9611571933013883,2.35755184513084,0.9644493808811508,-0.9421795786547265,0.031631813875758925
2706,sine,-1.5024667995878072,-1.6321040608528914,-1.7366689505955415,-2.1094893220919113,-2.3013944030276146,-2.7505447851038487,-2.9152376127135367,-3.345041715456533,-3.461077658721316,-3.6008416096105496,0.049357780602949854
2707,sine,0.6853929508299494,0.5591483111794842,0.4998907605661407,0.3821691878844519,0.3177488291955141,0.19724643059844876,0.10815725793321891,-0.002752185758923292,-0.09523733298742305,-0.23775133954667335,0.02434126818914629
2708,sine,-0.1799905193707518,0.07214730964929505,0.17375398294059324,0.1661635743799569,-0.007008744214670235,-0.2744308474082127,-0.40548413498995073,-0.32796487730240154,-0.1458026205350163,0.08792289321610854,0.01946854280774713
2709,sine,-1.357258158740677,-0.29934094056386057,2.8309724537491157,4.377035473080488,2.607252269903579,-0.35392002485269364,-1.2256094218397315,0.6934283056650157,3.6678190338525956,4.353961900872545,0.09973106220600136
2710,sine,-3.741041639599281,-3.5093685407407125,-3.2565219459537498,-2.978084800638267,-2.5933667134724327,-2.367763229484773,-2.0544929476488165,-2.0236672388600723,-2.0246181569443444,-2.170657311869241,0.03350737059974511
2711,sine,-2.749940449993257,-4.230915355561316,-4.768042607583121,-4.16675131482341,-2.475496793965044,-1.1804505684807332,-0.7087504775367265,-1.3459656278830874,-2.863710542290222,-4.293808878342809,0.0799910204311552
2712,sine,-2.5824590614900873,-2.641271929580537,-2.7369589453041576,-2.812550867910823,-2.9071978905912927,-2.962746693541654,-2.9906417300158568,-2.9981467131229356,-3.0164269614270367,-2.987895395353665,0.009908853777953868
2713,sine,-2.3017452078440512,-2.0609800483074405,-1.7678695320433206,-1.5283217401985056,-1.32072364628728,-0.7417674368060193,-0.4436848920270824,-0.07798965679669881,0.20783092788946167,0.6606672738282453,0.09077086968123672
2714,sine,1.5754757936487278,1.078037695877066,1.002320765444039,1.422207229218764,2.1554970052974016,2.83991518363509,3.1698322811311295,3.043557304568758,2.487180546555103,1.801024932344598,0.015815668297959103
2715,sine,0.4662267700746429,-1.4734880186583852,-0.07867778511291063,2.627759390478321,2.5302132242468103,-0.11811108115706612,-1.5074837366703764,0.506913016658353,2.810706457621668,2.1159769182722696,0.0659719453115419
2716,sine,-1.7965448739108272,-1.9529125830293135,-1.826884676006415,-1.375332130720698,-0.7569090146477202,-0.24332784628564114,-0.038376143577839146,-0.3088987875584953,-0.7549962832293524,-1.3865689180897252,0.03176874013356255
2717,sine,0.14956957569767917,0.594246582591811,1.1532202946573265,1.2806465057225591,0.876649036339962,0.28283406976611974,0.1251240352888226,0.5053846286860425,1.072114617337015,1.3046149827142004,0.010159559180924944
2718,sine,-2.418576634934893,-1.6747287465822316,-1.302572299477901,-1.3879399948517515,-1.9802147204304203,-2.773785680609362,-3.4093611363254874,-3.4561403162373137,-3.1988786243726364,-2.478378176144687,0.04821104015129616
2719,sine,0.09187793560282176,-0.632006553850118,-1.7452504212717357,-2.7247128000560497,-3.7550944249335663,-4.515112494920297,-5.025028023323202,-5.229162198834157,-5.009334364540379,-4.407373159238692,0.03868826945082379
2720,sine,2.3981253605946207,2.410656674530397,2.7499843374986535,2.983906102581236,2.801345547812631,2.4434336479750325,2.376462366955777,2.6874634021354655,2.9543277318756456,2.8567015551918167,0.006359953830140245
2721,sine,2.299846710700055,2.33187076708518,2.3395654901130487,2.3377079339951172,2.2361985609269883,2.1883105804971104,2.0389288886635257,1.9772628677583741,1.8302253679380174,1.7847004103311817,0.017179995707832824
2722,sine,-0.8049071444084043,-2.6969299438595726,-3.8714662184356783,-3.307656866239064,-1.5563649931065209,0.13049183395088165,0.341727063386431,-0.8756917960031138,-2.872341368979051,-3.8981832417515863,0.04282324053822259
2723,sine,-0.1391816125943518,2.131941796401876,0.41937452968378924,-2.3869741564850373,-2.590769244109807,0.34297282853580646,2.1692834497824833,0.5051366299984313,-2.414241180833427,-2.3920390406018788,0.12653720985818603
2724,sine,2.139454417236114,2.32269667563677,2.421603011749447,2.4005630082298888,2.2209750610016257,2.040485364981167,1.8843403225398057,1.835727924398355,1.92234104393429,2.141226504060584,0.015070649312722475
2725,sine,1.3260352500204007,0.6326094755494169,0.11492946098141076,0.37015236488039394,0.9928898487756104,1.5467601417832584,1.4178599036058912,0.7229872992568125,0.17588689402734903,0.19683130749796657,0.024911935174015486
2726,sine,4.263854404391471,5.4247917905280225,5.186191124232761,3.6659562749609793,2.051734099210242,0.4598479564854374,0.11587359310427034,1.0336630463664283,2.902158190113658,4.590540320905762,0.08863818298858786
2727,sine,-3.255085709838539,-1.5830226246282613,0.5931116769279772,1.2781249987117775,-0.5745318549027693,-2.6619211291460823,-3.01025086649042,-1.2571576465953167,0.940897283165053,1.0542971101899339,0.0647825137294453
2728,sine,-0.9393886637072929,-1.1643611789162998,-1.5337021971248452,-1.812647547627614,-2.102489276902017,-2.5155008047510314,-2.999101889598336,-3.2713767909822105,-3.5208135655179076,-3.8912653251170073,0.051562359063021285
2729,sine,-4.174046517007556,-4.835438793565685,-5.096872813189667,-5.332969021259764,-4.338719272628843,-3.474648128027456,-2.144157464808882,-1.032916882337943,-0.1944823975034701,0.10820432898909502,0.1176723690658881
2730,sine,-0.8406610619789368,-0.3384124694259034,-0.03227976053686572,0.3693828261590307,0.9721180238348138,1.0956454651481604,1.59140312311607,1.642338388267338,1.536087841858501,1.1197491664032309,0.07716048047704006
2731,sine,-2.78815366106655,-1.0801846611417658,1.7030377858963162,2.872970278522547,1.296898502299872,-1.4891242375583815,-2.811354170552264,-1.2157989230262456,1.6162144481676324,2.7601551352048115,0.05583086431362849
2732,sine,-1.4561150412519392,-1.962029442391364,-2.3417036444650132,-2.2496279398837578,-1.8006351984538616,-1.3772200744959417,-1.3491604487563569,-1.7327692157912065,-2.2300512621236095,-2.358910641558527,0.010069314858623666
2733,sine,-1.027065866541363,-0.8608965268066994,-0.744038536962271,-0.5671703152662746,-0.43790807589325204,-0.29011097530603597,-0.2016600528490634,-0.0948273624303798,-0.02779113051537198,0.03619632313079192,0.014474585031274897
2734,sine,2.7204436838369617,2.9853565514607188,2.7874139929470583,2.4155094759913758,1.67260656271219,1.0227769341519959,0.41346767209726093,0.27739134310966507,0.4884448707979919,1.0757098993244492,0.049024977905415115
2735,sine,0.15778703328148758,0.10385441069613771,0.40123672039863156,0.675608728564186,1.1352367787200592,1.7693370361688812,2.4051836208729895,2.963675675770906,3.485322849814129,4.0580532511910175,0.09862039177573431
2736,sine,2.4587876059156364,2.126006977664941,1.5548804120208866,1.0847410406994564,0.5422519783590756,-0.07310957761381051,-0.5616968136834952,-0.2336367210220697,-0.13053544748961796,0.27173087491041464,0.08577317913106244
2737,sine,-3.3454621223177363,-3.3053447311900297,-2.955313245597152,-2.2617616702481587,-1.397888698920761,-0.8986583320906583,-0.5071497148603089,-0.7958910805349627,-1.421451329925355,-2.262623213131651,0.06329695798987345
2738,sine,-1.4008745317734208,-1.1659735075611881,-0.7110900787625924,-0.38813014250482447,-0.26122912945725885,-0.6581910722988623,-1.1400666842825922,-1.336674435085914,-1.2877764504843414,-0.7491599726687331,0.03757744378806929
2739,sine,0.11167432497218743,-0.013406133538849244,-1.9564531570676431,-3.0680379090185244,-2.714196722281118,-0.8983295025608917,0.20633874190652568,-0.32811247103284746,-2.0642541775104077,-3.254135424951078,0.09519664779451456
2740,sine,-0.5713809238331317,-1.1990613362069102,-1.2581709005882975,-0.7189242625565383,0.0698128141122535,0.5731921454470708,0.5732595313173264,0.028213986772148782,-0.7613268796474996,-1.2571119791542038,0.019237391411403917
2741,sine,1.8273775328211135,2.072188037970642,2.3946675672575473,2.365099053475568,2.0452644346040048,1.7891081243608524,1.89921804893577,2.2298759824129544,2.4190110045062356,2.232976672955159,0.01297725869109565
2742,sine,-0.03130470996535631,0.06865891420526503,0.05841631981158522,-0.04131615959458565,-0.1623577744794569,-0.3243839915627881,-0.47871137409728926,-0.5621993992686132,-0.6198850471677976,-0.5294296225968298,0.023876884613164527
2743,sine,-2.7628365734134794,-2.1742635326646607,-1.3915067590421808,-1.2648317825077244,-1.6706047000967685,-2.516929101107494,-2.9790963305326055,-2.989032325795214,-2.363505826010172,-1.6261296272602979,0.03650714467792748
2744,sine,-2.24835370609376,-2.1634589448946002,-2.598196461778635,-2.911919065545199,-2.611217647704526,-2.172755572438208,-2.1729754175923244,-2.605908986381669,-2.880287633067059,-2.539199830461922,0.024623955107259194
2745,sine,-1.5590690834984875,0.4666432864731986,1.9559912753757487,2.4327731170653264,1.336593859182599,-0.6980685672346122,-2.2090007720462927,-2.3561944816558764,-1.2393476297136607,0.7461331828279321,0.09919538297744082
2746,sine,-2.8996094526717435,-2.6916103995276144,-2.1420436872508692,-1.8417070937618318,-1.5080906009273918,-1.3078846507522313,-0.91704873812555,-0.6689060498675032,-0.29934486721991366,-0.041842257669240095,0.0583797681026757
2747,sine,-2.307191246666702,-2.3303199144452873,-2.336518291609176,-2.382892812925304,-2.4124982850189545,-2.4484026675818655,-2.4754558192951914,-2.5316502500673304,-2.548728491582261,-2.585721347778243,0.006017470739211711
2748,sine,2.3834411045958896,3.302034242998595,4.047472622464921,4.239902710171105,4.079126450437459,3.2259997259607105,2.344655838821029,1.5596080635034169,1.383974127183821,1.6230241602272562,0.06715555466812224
2749,sine,-2.0277790012981787,0.30478646943402116,1.4944353444526126,0.7068439418564171,-1.2938830326570174,-3.4551890837492905,-4.426592632939031,-3.1319377152103463,-0.9388253779067327,0.9897323157913372,0.19251367592076726
2750,sine,1.0345007266741453,1.0542584229393643,1.0574261452810665,0.9557442022046885,0.764440090461254,0.6043654472664518,0.5095043768859473,0.34939943417023517,0.05433918368789034,-0.083203514895747,0.03614478596187549
2751,sine,-1.8298082119166486,-1.8618634805072225,-1.7963658342669084,-1.5526431012069823,-1.290241243352466,-1.0300994061401125,-0.6740818681134242,-0.21400993059114173,0.12426945864495953,0.40088042548925856,0.04998343242417721
2752,sine,-1.6242403533219945,-2.604458285881194,-3.1387822942897343,-2.726467343296196,-1.9209311183691644,-0.9227111784266504,-0.1761493138454741,-0.007041114696100664,-0.25544418357416027,-1.364175289465702,0.05635452665472366
2753,sine,3.747443020055894,1.4121647523398222,0.04334593937597238,0.7674140696212903,2.884125926823312,4.784515322968955,4.8176265722474,2.9824830308833468,0.8394577921840016,0.05781758265905952,0.0378203965029479
2754,sine,5.272899749636871,5.721282536371622,5.536101330142878,5.660709461704492,4.9975591363468395,4.411477391289374,3.492630270503872,2.5120279320023156,1.1049824736113942,0.610465482742126,0.15331010507508508
2755,sine,0.8032235684794647,0.43457249570407536,0.19758790515576716,0.20629143123473476,0.44580069806554523,0.8161227105927498,1.107670045340261,1.1113793467330593,0.8823380026663016,0.5228574445873463,0.008480873546942045
2756,sine,1.8404247285492195,0.34233222084446807,-0.747390054624819,-0.7773302978441203,0.06468740936843598,1.51426188453759,2.5851004775835955,2.1447462554539625,0.9202255005283695,-0.3595810849720753,0.051644069887942255
2757,sine,0.017413832987128747,-0.16102335382755573,-0.40584218142144746,-0.6783288475841227,-0.973235040180434,-1.2949599555918598,-1.544444726086072,-1.8730706781789677,-2.1767330122626376,-2.400934529638513,0.021239933780750387
2758,sine,-1.629519067334444,-1.7758113746708217,-2.0098354217631975,-1.5252812072899058,-0.5664499789482371,0.6439855602265412,1.4150830867696889,1.8368261399587342,1.955375071701083,1.4147391225401402,0.1100032016801308
2759,sine,0.9275983556497986,0.754883253219227,0.08195606832659479,-0.45779063947679777,-0.2739612419289048,0.44825141204547225,0.9241786302703477,0.6626060933401969,-0.12113374747725511,-0.5029667040617963,0.04339246852560942
2760,sine,-1.3375878566743975,-1.213073536257547,-0.9624722530133435,-0.7847941724408863,-0.5670783186332596,-0.421504490280582,-0.23506120664587601,-0.20449705887690522,-0.11818580146287265,-0.15159046352327452,0.03344626137530495
2761,sine,-1.7745918717582685,-1.8684700503248999,-1.3583935248751056,-0.6314574309497745,0.28156103496224316,0.9021935909296572,1.572562020941795,1.614493872805377,1.4206868986038572,0.8689623861344148,0.08494217842245759
2762,sine,2.258043430425695,2.0300880116472677,-0.9101774247854524,-1.9737653307127834,0.1318280481571262,2.780942844923551,1.7225511069340804,-1.3458557681541101,-1.9814785783386013,0.5066591648069085,0.1356036432084517
2763,sine,4.323636418831658,4.387768322139809,3.8539302916295535,3.037537581203366,2.261838200073159,1.2116242368525416,0.24650271041869368,-0.21157257405018098,-0.6404216176266854,-0.9940472777660287,0.15650597279217746
2764,sine,-3.196214695969793,-1.5215372630899369,0.15157308676990525,0.6064592665944999,0.09419208593485431,-1.9308414154749332,-3.4714176370323626,-4.444529662693355,-3.668060398315873,-2.255617133015802,0.13693888497933396
2765,sine,0.43212859462993736,1.4691098545811725,2.159247239964705,1.7769636035104448,0.5136082616441463,-0.675754983940327,-1.3902811092185432,-1.5308060004895085,-1.221769319244259,0.2155143933939635,0.12306583116283443
2766,sine,-3.0964750008132897,-2.7326746493521292,-1.8800565107169052,-1.4008299607086991,-1.8042110555901902,-2.697988267111611,-2.994232399744273,-2.393491541116781,-1.5208859578593468,-1.4281906825587276,0.06013927291680209
2767,sine,2.3873118336370966,0.981663013022291,0.3409579968430294,0.10123038578828139,0.2820334708538751,1.1614988107799316,2.6710036969631354,4.138550323299901,4.9364811926874665,5.680431206535655,0.07573358848881921
2768,sine,0.6656435066626971,0.7170182502407337,1.7098145445066573,2.1019002756304443,1.320699097182648,0.556806302779428,0.917722905067075,1.9239273972467872,1.9934699509194223,1.0800174526153306,0.029035226395315816
2769,sine,3.363694735254153,4.142119635997069,3.9999239614510538,3.084327174778883,1.6920994926968742,0.4297778085540859,-0.7135450164108388,-1.0582853107177013,-0.61295530601447,0.651486317681706,0.05151539332400043
2770,sine,1.4571915084645282,2.0224565550620976,2.768143644640347,2.8543231778568323,2.3231883903355364,1.6018711635121234,1.4714730921877734,2.159615173289567,2.802106702264494,2.84245058042645,0.02213057708224167
2771,sine,0.03923552679248919,0.6762179293829566,0.5429122969732346,-0.20813338578437462,-1.3001430331764434,-2.269204301344871,-2.344357822726855,-1.8311622061586226,-0.79414639775963,0.032205385828091765,0.06212575766961972
2772,sine,-2.5484633131818075,-0.869101423819973,-1.7891724913603346,-3.772357987266415,-3.7889496068245068,-2.2479366663402276,-0.8952352581992294,-1.8312394553355476,-3.9560956663797504,-3.7910852402917565,0.11449589491193429
2773,sine,-2.0970502609616517,-1.2758804147164335,-0.79133768323948,-0.795707423127254,-1.1709671760431635,-2.026532601866884,-2.7722026506782,-3.3420084859597696,-3.5278313603241775,-3.1393820153304075,0.05013061992188349
2774,sine,-0.5583459613437389,-0.14361529567110526,0.33663414440557327,0.7744682200750092,1.3179583206704122,1.7084281123139593,2.2485819694660125,2.562413921859284,2.837285305438101,2.8318866866445305,0.07079375720728853
2775,sine,0.30477576202486656,-0.5814495102122038,-0.5977690477143459,-0.15018295830161213,0.6915841915838143,2.4124511287041654,3.219046258176885,3.760815803629854,3.4591646802070892,2.9213656411712763,0.14024076677698083
2776,sine,1.0799255870836884,2.3896897912461164,3.166323155230562,3.6318961316078338,3.417037921237834,2.0223293620986422,0.7227821896771964,-0.48449200027619344,-1.5360903026186297,-1.364336940720248,0.17470361315018593
2777,sine,-0.6793075912427116,-1.384988584983148,-1.7626612226316611,-1.2401752570512876,-0.4141200977030801,0.6328811814138577,1.4256002155107534,1.3939661270719492,0.8609203274033417,-0.11515211968784772,0.0475980772331936
2778,sine,2.993563300083403,3.3971468759262344,2.971718946013049,2.2339272963998122,2.0462541349467087,2.7360867149765626,3.3303964082599333,3.130795361788749,2.4080898904835615,1.977472056869131,0.03177920686365835
2779,sine,-1.4108679193581146,-1.259609283196236,-1.149418874634612,-1.0464287260717313,-0.9174466037975597,-0.7843773458978186,-0.6586755145587856,-0.5768609379870054,-0.46137447268705295,-0.36864692547047173,0.01800031903973112
2780,sine,0.4925145683035195,0.9124166146565087,0.06184966795752299,-0.9758866995911353,-1.0155844344326523,0.05661302117162141,0.8887261061144205,0.4920239283167234,-0.6719037832777861,-1.1799406115157738,0.015809170556228744
2781,sine,1.543199043252152,1.0293082626808605,0.699743160456674,0.6994237590207041,1.034148199946896,1.7059844179585393,2.477226363342846,3.1625078774963677,3.716568940795888,4.004305264104349,0.03943906722068393
2782,sine,-2.192535448145064,-1.7260081025149958,-0.8796578157070383,-0.7572751967701163,-1.5249105830408074,-2.1742472682569667,-1.9547271124852452,-1.0872452791594651,-0.6780456793367526,-1.2428799722478112,0.015028146495594226
2783,sine,4.21912555883558,2.7348539070892226,1.3152072023911252,0.9515145664357743,2.0104577575917846,3.575339778412794,4.521531252908462,4.497948706715903,3.095279133377153,1.4528028446633907,0.0659464597941159
2784,sine,-2.623295909052168,-1.4892653323158929,-0.6016087587049231,-0.2152739596433179,-0.9429807486458222,-2.000877599714362,-2.851104069102726,-3.1426345617499893,-2.64389703693727,-1.5535821928476565,0.07036075835561698
2785,sine,0.6246863297255636,0.9952299333666467,1.4087927006684644,1.910800060438376,2.4990978172780087,2.951529401719982,3.475557007037489,3.85520683351739,4.243612459336409,4.50020963555007,0.027654860787000562
2786,sine,0.41417355539203715,0.4220812127733928,0.5744318830795749,0.9607445322211061,1.1448073976936173,1.574114942843382,2.0116027259414846,2.2887557991388667,2.7385586995128963,3.0671851931913885,0.04832362838543805
2787,sine,2.378252017976683,1.7428946110219372,1.7081367227457898,2.1336064774783905,2.6600547034128055,3.5263135521246594,3.705386141073086,3.3770180743566063,2.7323982880376314,1.8468464463967629,0.06515768104172237
2788,sine,0.4281884122130148,1.4609551013942466,2.279891320804572,2.497363699141858,2.0041394598264244,1.0940381599640452,-0.10815198264559833,-0.3739589276321702,-0.4642439313577772,0.4544228450049388,0.1030213974210468
2789,sine,2.3712744573562303,2.488706684117325,1.5037796322515022,0.9376177532653912,1.5702132585416861,2.409567373231001,2.3193061235385337,1.3849646651943746,1.0617617723602797,1.7359967484061447,0.05253850326054594
2790,sine,2.523473783593884,3.9924165143582555,4.972777528409352,5.3821144195886985,4.962946105560783,3.856302257692291,2.6640978457488442,1.1746508365423105,0.4051528792575549,0.3312699466260549,0.10133711920608991
2791,sine,-0.02916765394861964,-0.30126346953986227,-0.2388552267686082,-0.06444926240936627,0.3200520871919883,0.7116548549353535,0.9897329499913596,1.1720127335686537,1.0254721138723917,0.795104822215441,0.0378480640008992
2792,sine,0.9924512061477164,0.4372198877073952,-1.7879938942671778,-3.2666262107083206,-1.4987032049659998,1.0166372850438705,0.48487732861967875,-2.276353905460164,-3.4170132699047446,-1.0084193293659274,0.11553292246304281
2793,sine,-1.7954546310371102,-1.009917169073017,-0.9506827044862264,-1.582570026944604,-2.5350980115291484,-3.290270678284307,-3.4765379495860227,-2.9616300259875414,-2.2593965311090116,-1.3933842347778276,0.07622539736645466
2794,sine,-0.35971748142880255,-1.789744727628196,-0.7241007330047732,1.4688894266113746,1.7228545627614327,-0.300006898101083,-1.8078885438093488,-0.9094992780904432,1.4985244770450294,1.6148957629173744,0.1076797761206972
2795,sine,-0.0490694154643781,0.4592574895330547,0.051835447613255155,-0.7409937346646163,-1.6730641401506696,-3.1303250993478855,-3.9798732331199482,-4.955834389413102,-5.343739494019605,-5.248406122030578,0.1277522679803221
2796,sine,1.177842254256002,1.4142326186243437,1.6052465257127895,1.6394069829748892,1.5075451765469727,1.2713142587383377,1.0865520175452326,1.0703292067106744,1.229084065189937,1.4709879336601355,0.004034478573212259
2797,sine,-3.0452091592478645,-3.338548977689188,-3.0543755770662235,-2.2567269822254894,-1.4168266799534748,-0.7713510979423542,-0.5212429488868385,-0.8792713484157899,-1.6751228721975213,-2.573510080367538,0.03868212191734147
2798,sine,-3.806936099961353,-4.095843325195338,-1.8374007017564016,-0.19746220269025683,-1.6141995103768136,-3.9958502435155583,-3.998137617933302,-1.5173182514956574,-0.17762056529460152,-2.0539760442778556,0.07279262521218348
2799,sine,-2.909404997498885,-2.892508568489513,-2.8680810197055457,-2.836925331836006,-2.8226622353040156,-2.787943175047428,-2.7616250267927436,-2.7245826739691377,-2.694802620033087,-2.6648368716239124,0.002709388237783887
2800,sine,-2.064648271066266,-0.1912874491104115,1.302870890114559,1.859652981979882,0.6839004017905883,-1.4502498332166476,-2.565350862829741,-2.3627346749003597,-0.7458458003087272,1.1050784416667991,0.08444247756861821
2801,sine,2.4404486878164837,0.4029150269845379,-1.603919157401711,-1.605308576149234,0.32539175664219677,2.5152720583439567,2.461182118865764,0.3431313470388795,-1.6162580197996061,-1.5295978563852335,0.06284029977569627
2802,sine,-1.592432190024872,-1.746229156011895,-2.039293048354628,-2.188414557779425,-2.062729019775525,-1.776955024537424,-1.5964520605260994,-1.6576551401712014,-1.9314604579132264,-2.153624877049564,0.005379901466381436
2803,sine,-0.8409459547838435,-2.1306643672682197,-2.372082822011217,-1.6265894307707887,-0.13001207389841207,1.581241288402318,2.9460773148889188,3.3176418315946274,2.1544505169986885,0.5506564095098881,0.12478303713195547
2804,sine,0.24604543709540083,0.5442376212427795,0.9352587521400461,1.6979145327753824,2.1979662737780363,2.708443904220922,3.1897880892685224,3.3411772759898946,3.610436668991157,3.4610717554853254,0.08067040744720408
2805,sine,-3.8680064352461714,-3.8851955165789773,-3.705020755971225,-3.3975781384941253,-2.9766364128594645,-2.488925627611426,-2.1354201483338615,-2.0491230783996865,-2.0773811058655904,-2.357687874790224,0.028913300019221523
2806,sine,-1.1676054906482212,-1.9476443235897016,-2.29667408763523,-2.4147705757881806,-1.984556461780707,-1.2853972531106488,-0.6339225834832622,-0.09155225462484676,0.08325375545773356,-0.25405077625115424,0.03945749659504002
2807,sine,-2.6601424785783574,-2.1593065728799115,-1.9784227741980225,-2.4907847953264923,-3.038698296427253,-3.5185007171423193,-3.6241845021859653,-3.270471559705615,-2.560799713017192,-2.058881997298335,0.05364255241839719
2808,sine,-0.3994334517085961,-0.2801640681348856,0.16943671888144535,0.7447506978465881,1.3564568941614035,1.948941082516986,2.316116033294353,2.4152887075799425,2.173119125566404,1.6700127806335006,0.023502452878796303
2809,sine,-1.0716690692682658,-0.6002218179890039,0.1408066892445321,0.7737064470234649,1.3781498261667056,2.0013473993492434,2.2951414865923385,3.129495271172886,2.7721839983050107,3.0480611664632384,0.1365920509224624
2810,sine,0.7464876317395497,2.1683170306022035,1.8284448087168184,-0.15067401012320855,-0.8718196154457039,0.5471777123067535,2.221337356857838,1.9259980997488029,7.449440063981476e-05,-0.7781457297536504,0.08400487978910451
2811,sine,1.2603587860489573,1.076673752147306,0.8022975412742986,0.6290486068827625,0.3873753762462312,0.07260737981547816,-0.12330579175154406,-0.2542881747474189,-0.42746183703015317,-0.3575110177203362,0.04337581903425567
2812,sine,3.953985494488096,3.805690104474304,4.278962035188796,3.682943901498512,2.8900440180810847,2.303287874286993,1.4276751331829054,0.5855256923999432,0.10727328249537108,-0.43962961109270676,0.1320949564778572
2813,sine,-1.5618760200714414,-1.6464576942266773,-2.9778745155580015,-3.6628829603389708,-2.959648303467328,-1.6123531071692179,-1.612652628447774,-2.6360136132947907,-3.7030308553736293,-3.4083756158603675,0.05922695590815495
2814,sine,0.7988460239224923,0.8947236498562702,0.703366028071008,0.04249979038195493,-0.776183014016423,-1.7654776075473306,-2.255899147635145,-2.865675747030276,-2.624182924006359,-1.9714255204571367,0.12494437823047573
2815,sine,0.21698655077967263,0.13076293169643868,0.10312886667293865,0.17062279429117783,0.2734475762739951,0.4075988188338424,0.5588628213883179,0.7559491782882722,0.9190050484151933,1.0640657522107964,0.009182054662958345
2816,sine,-4.48317396373517,-4.143908750670835,-3.802129664434053,-3.2226658115356863,-2.191640933585284,-1.6867653835733918,-0.5769531635148598,0.37131777147717615,1.078757174796519,1.3790622130734083,0.1293108712534631
2817,sine,3.277335635816151,1.8217936934348642,0.09300106287533742,-0.634309600697496,0.20327238857980837,1.929906963026045,3.167445846925565,3.3582497726584486,1.995331340826407,0.3434006878501464,0.09365489283844108
2818,sine,-4.251955992663444,-2.6513056862524484,-0.4266988622787201,0.5511896472972517,-0.46674255655330965,-2.6680530731961105,-4.361244748959181,-3.868663937387485,-1.6972041017961221,0.19127525737222464,0.051590367086929906
2819,sine,-0.35783590495173906,-0.29601802510334724,-0.2308012722604786,-0.09205724580106259,0.08533047764849766,0.18841568922635787,0.23557444996902768,0.24339437795792954,0.21322522391059368,0.08598091102097281,0.018738274303742333
2820,sine,0.9507291682597655,0.8188596094463388,0.26562599904620704,-0.43398164266543876,-1.369816239688055,-2.191000111085312,-2.8672770660916833,-3.228951651477689,-3.302782769585049,-2.873363672798004,0.04351524841503125
2821,sine,2.520508877750097,2.3681786970848258,2.662055117605905,2.9652348017237764,2.820610517884889,2.4379732250539567,2.4171376795023116,2.766154387222939,2.9635740109883195,2.7248920442138314,0.008397972916566026
2822,sine,-0.05621289383302352,-0.9235093674823156,-1.3802613462069193,-1.2424950176379217,-0.6619360964831278,0.36064021071416724,1.3724340414777338,2.1392567308033503,2.4164169425017117,2.36241128303368,0.058475209152764
2823,sine,-0.6547060955625454,-0.39975359290128926,0.025312388390895627,0.2903877662233954,0.22208688535116686,-0.12984909107296502,-0.5253024598155872,-0.6620834449102326,-0.43079389103653626,-0.010007113473749127,0.009178000173567352
2824,sine,-0.7995466233128492,-0.7099237906787893,-0.7230575881485919,-0.812496531972508,-0.9305900120857304,-1.1189680811230442,-1.204132576949886,-1.2815810265078755,-1.3010048613090668,-1.1930231075579862,0.02109119992325027
2825,sine,0.3823594735455966,0.3613558490105019,0.24155034156388877,0.2366061115265843,0.12073667012377784,0.09081599931884177,0.02294255101462777,-0.06277978482026794,-0.10024049818440374,-0.17430034097461455,0.014530699126465374
2826,sine,2.421515759393483,2.451449309087597,2.477718448634528,2.3426827463310715,2.096488972015403,1.8742893195151684,1.5538260205449388,1.367128303901006,1.041859744040938,0.6609456842983956,0.038723955428006634
2827,sine,-2.7740542524983725,-3.5413730516518322,-3.64035847768074,-3.0090368199753614,-2.1483445759232085,-1.5001186415303254,-1.4890874269395529,-2.210831956328683,-3.1029268603343323,-3.6454527126898824,0.05349565596595988
2828,sine,-0.12648361428136518,0.28998167194213254,1.4624877248230526,2.68824813954273,2.818716958053426,1.8671787946200018,0.5107859769070006,-0.1127295389429839,0.4186031642916438,1.532338495591676,0.057860594826428254
2829,sine,1.0789052993793353,1.0663546858716089,1.5439839315395227,1.9732220385688168,1.8794927674422308,1.3352066677613488,0.9725147303778958,1.1270322585488861,1.6787074146677294,2.017848938440052,0.027275177656597878
2830,sine,2.2391128890081573,1.2365958051696644,-2.204120845390704,-3.10627135097612,0.05947781296860055,2.109553325385373,0.9360988631157671,-1.9674611490487592,-2.9242054698469113,-0.4225214872813254,0.18930182369233556
2831,sine,0.9560139928042822,1.5353626063951036,2.1970343804718953,2.2125826387469765,1.489915377424693,0.8655053206122671,0.9226620366614214,1.697169984418213,2.2738904181427197,2.079904476909289,0.04123823220633436
2832,sine,0.03849811148891827,1.820088687414596,3.679299016212729,3.859559908782048,2.7993032456849614,0.7655761859255398,-0.9093913556522222,-0.8309544230416663,0.6120913606806309,2.816932480051301,0.11320022339064512
2833,sine,-0.5575182338585275,-0.5396571783203884,-0.2170849217307372,0.5103180250407043,0.7981712905662428,1.5263533937574842,2.0412237768356505,2.527490269282681,2.858917573944855,3.2196330625406833,0.07432775931857052
2834,sine,2.8247108975237043,2.738629274927588,-0.764968567391038,-2.624220917084393,-0.7530177120405146,2.5372743704165277,2.6289178850946446,-0.4269534970400393,-2.685575932519824,-0.8681211065367388,0.08724477315617767
2835,sine,-0.9669058180997,-0.8549010418821944,-0.8006427260004451,-0.8173909160277867,-0.8979040494198738,-1.0694214009457554,-1.1967029324298524,-1.344147629736477,-1.3810343549418114,-1.3911954081313114,0.014064296625865556
2836,sine,2.2741445103495255,1.127026546304504,1.5298716520440607,2.931257413947677,3.53102863117239,2.401019002342698,1.1087013453303072,1.5549992495245633,2.9455123700681156,3.4386198934237107,0.06651202481763431
2837,sine,0.2198751860222643,0.6301543938090248,0.8360076005889681,0.7388001653128503,0.19979014664269892,-0.42401281376386746,-1.0659431107539588,-1.2895508272996186,-1.3555277937340473,-0.7439043845328538,0.07926546978060232
2838,sine,-1.3146712187842868,-1.128426742252386,-1.0759473973379603,-0.8027779427759966,-0.670222017465127,-0.47680812020651986,-0.30528557445943405,-0.14875860723631334,0.00892991032636337,0.10222603973413208,0.03019161656008304
2839,sine,-0.5437126665613781,-2.132716968527004,-3.4528373848042166,-3.5799910422263905,-2.3823440972478274,-0.8954856534521834,0.44122244817041234,0.26314820236052966,-0.9894489138275294,-2.52669628757181,0.047678890979200084
2840,sine,1.443577597163107,1.893060903000329,2.0596070962363675,1.731176705263874,1.1455307993234334,0.6476009395807565,0.3195514046130762,0.5823763315106725,1.1070146753237116,1.6451064432680684,0.042973491421893675
2841,sine,1.3352971535111848,1.2340390015521259,0.9692343100541454,0.7218796919646348,0.7176683107192675,0.921998661686603,1.2058948375933116,1.360008668268783,1.275823719441137,0.9883038525049375,0.01582334256734695
2842,sine,-3.2411812769803947,-3.5045369642280195,-3.488367200188936,-3.1214146992059395,-2.7094518366714104,-2.16290861237664,-1.6212042417568222,-1.1927849366780297,-1.0494574788661222,-1.10675634267349,0.06719362600854463
2843,sine,-5.3320271018467125,-4.996029295776185,-4.814605905105725,-4.417231307770561,-3.96501980326133,-3.2617021477403605,-2.875810830494333,-2.2564111151563564,-1.6057629092250498,-1.1536931766475977,0.06282494402517819
2844,sine,1.409582128482727,0.2691861248987107,-0.2642190778369264,0.24876405251002798,1.2867790634703906,2.9026176711853546,4.199425449624449,4.967496744890632,4.728933132679693,3.5881316596505446,0.06742315571693927
2845,sine,-2.108837764138799,-1.9844533580493753,-1.9235220357100142,-1.7934943373179024,-1.632365330066824,-1.5524926096301515,-1.4567991067097157,-1.3261862239096334,-1.1459252211779989,-1.0853397556310012,0.03196054169962191
2846,sine,-1.6096296303156004,-1.7819155011862637,-1.9710534286410801,-2.052561391533007,-2.02301112161951,-1.8782777747478034,-1.6837550959925136,-1.5323232691920077,-1.4570611938307,-1.5050889925351958,0.015417027504232508
2847,sine,-1.2475706920039884,-1.535139499485765,-1.7250789321726745,-1.6385772596505452,-1.3839721336462822,-1.1304589632456956,-1.1993507310439746,-1.505341072273138,-1.7174716964682055,-1.6697425491926015,0.01394267860620392
2848,sine,-2.4023388485229074,-2.550231072421695,-2.539960414633128,-2.4198416398385074,-2.232456545717994,-1.917586205743153,-1.5918825146676436,-1.228094954732197,-0.7941763130415008,-0.41990461660534717,0.03330011790862356
2849,sine,0.7286709906115507,0.6439113790692806,0.43884857818145306,0.16825758932013224,-0.06320635911035553,-0.24874883326343702,-0.3937857112168234,-0.41557487841623,-0.2625327796590534,-0.08900056116987712,0.03787750763181483
2850,sine,0.16152477718928998,-1.287232034299493,-1.7084096207911412,-1.514869348865159,-0.11843825448199112,1.1954747824180825,2.1286338362952426,1.9468945621207927,0.8886769655311462,-0.6107198048147823,0.08111270569318614
2851,sine,2.6860766810041623,0.5403573792018183,-1.2135969703958593,-1.7249075001683063,-0.7270953204996651,1.4638343603313435,3.411012397385809,3.856564334785962,2.6501397463584198,0.5812449026510933,0.06688239335838952
2852,sine,2.2149545397421373,2.3781735399033455,2.7079822408627536,2.7801157325639876,2.509071190103347,2.245100790239167,2.338248665531807,2.6951924408136136,2.8150286951718484,2.547609335948127,0.011086435084577297
2853,sine,0.1358295887335546,1.2349485432754592,1.823148455468508,1.863887285620132,1.1546394101904967,0.07701431025468478,-0.9733446167491382,-1.9449608020198834,-2.111040456606366,-1.702376420567699,0.11721218774385866
2854,sine,-1.1711252601623374,-2.7397099070409836,-4.358040523619013,-4.173707812364482,-2.230204402688349,-0.9778619490593894,-1.254494871074728,-3.3287244106781424,-4.60061022775011,-3.5798192340479367,0.06455559714503376
2855,sine,2.141672478850433,1.1572774758039117,2.4162035755799707,3.910365259470618,3.856814976616676,2.2483278109501996,1.3507441180605775,2.0620056265491806,3.6943607407985097,4.011213404672392,0.051326942032301294
2856,sine,-2.569675590952747,-2.5722040162406627,-2.4946806784129745,-2.595900844338707,-2.709231507742722,-2.845287681536792,-2.986903676179351,-3.099057045781302,-3.1657226254746473,-3.0491810783409674,0.022059815401306273
2857,sine,0.13661668639813584,0.4003034216789219,1.1704156354406048,1.6156345475119283,2.292114969879751,2.896538150323226,3.561903103980811,4.075994146558285,4.514058607576789,5.0445817523844445,0.12839166814577974
2858,sine,-3.967789207089528,-4.462363528911255,-2.5436704915223376,-0.7431200391009926,-1.2393455379543914,-3.2682211504778906,-4.5607273831908595,-3.65172168156443,-1.395646606380003,-0.8186580326767785,0.12093876817337282
2859,sine,1.770698968838169,3.9152774550348317,3.170356203774879,0.5741396644060641,-0.12098867821477846,1.8389155653514666,4.127654229066143,3.0789173566369277,0.5865814940480862,0.036745914269103896,0.10733121603172509
2860,sine,0.046330596668056716,-0.2809147540501449,1.3018817304417791,2.7000680994131856,2.5082589034241893,0.6490430989869287,-0.49400871514500844,0.5829527822824462,2.2755493380052796,2.8646518265300394,0.050340203865054285
2861,sine,3.1583764200966167,2.7967566413301808,1.9482223759990211,1.027209351083797,0.14230963208864847,-0.7921000368445371,-1.3200315002817513,-1.452321792800542,-1.076053080889236,-0.24129458530235073,0.04655420845674815
2862,sine,-1.0889958394449766,-3.2221739765260398,-2.1702203307974313,0.3249074378713488,1.3642874855473615,-0.631772613043788,-2.9343225399761756,-2.5034335033314137,0.12299411925471306,1.2890305961989552,0.10101534114489803
2863,sine,1.5393473841358298,1.5676875971587838,1.5386669387038237,1.4340804598366794,1.3458650939544863,1.1922112724502525,1.0590130055841038,0.9877648230509931,0.9768187467930322,1.0213194352749007,0.018920656067466405
2864,sine,0.9710969370424046,1.0117902333371036,1.0755357355969808,1.1505997378571955,1.1794837435412886,1.251796774552976,1.297481864852884,1.3353478011068858,1.354528283110198,1.3828782908772275,0.007903733622524832
2865,sine,-2.04287585331195,-0.5825449596606123,2.248313251301214,3.245076705311507,1.3118217791069589,-1.5975432589962506,-1.685156591572422,0.7173577850087268,3.064545953843478,2.577626362690192,0.1068825312501889
2866,sine,1.1951262238522096,1.7000475703696234,1.8938716533113369,1.1890305741543272,0.08491645594014485,-0.909115824513568,-1.2541854160880435,-0.9655712935715165,-0.09904007120964595,0.8828699934969675,0.07315320846547585
2867,sine,4.20224656599095,4.640644172084661,2.8417126199836136,1.0694108638132727,1.908628079749497,3.7178055184031784,4.692625546273244,3.1966796240504376,1.5554364895504935,1.405991030046398,0.12171823572839925
2868,sine,-3.301945284932863,-1.952119564312795,-0.4892933738396088,-0.40843917811691943,-1.8427547037461114,-3.320283366657065,-3.671361172131054,-2.18323475322841,-0.5304523362342308,-0.12734119904352112,0.10775129867932026
2869,sine,-3.1340482012207906,-3.1039394144086763,-2.956424741669947,-2.5679754387691283,-2.296902812381958,-1.9878035703129708,-1.8346861791214204,-1.9265058452433248,-2.072490458441405,-2.369947622267786,0.03334583553037331
2870,sine,-1.8589704530679416,-1.8597400728353644,-1.8977261908140424,-1.9649283917362816,-2.0523441637117705,-2.166558260672175,-2.296850234270632,-2.434475963994218,-2.5751754083088367,-2.7041710758390742,0.006999508148976392
2871,sine,1.0333817520020938,1.5856146197870766,2.0626808424300167,2.2606847713788105,2.086328620307947,1.629824163208897,1.0723644796107132,0.4345987422760521,0.10023066586304846,-0.048935777574317045,0.024041258184208995
2872,sine,-1.0238911258094732,-0.423685999006256,-1.031208603531662,-2.064955365551345,-2.471522867114817,-1.5554224069099702,-0.6114877359969072,-0.6257901009236864,-1.6195485650824675,-2.460978985835527,0.0349128464285125
2873,sine,-2.5000391781092475,-2.673982704832601,-2.9092349181977575,-3.0440783665655227,-3.014982904350915,-2.7933680818114817,-2.576019305215975,-2.4690014629189707,-2.5203186575252303,-2.732452531347484,0.013295139076476345
2874,sine,1.3951711438104113,2.0041694561470162,2.1258183277339864,1.6175489637293647,0.900544989236924,-0.2772459707185971,-1.580782332139161,-2.696845158725957,-3.501911913882092,-3.8806405658012126,0.058888250319807
2875,sine,0.4852555736719863,0.5057101641280373,0.6397618193797737,0.7456274382870536,1.0830016371657751,1.7735326701079313,1.8356137861764534,2.482587594908717,2.9799231290459214,3.529469414058151,0.09080162729210024
2876,sine,1.9637060487537388,0.6278788582490302,-0.6205593112512873,-1.2380149083076855,-0.6712330344467101,0.6023267705561506,1.6284540491348578,2.20225764093494,1.6307998491126505,0.12502091610150665,0.08517683687077657
2877,sine,0.4835495355431047,1.1644504234825144,1.864549541700857,2.6876074784432302,3.549914897069734,4.179804422329469,4.759337780992535,5.141505459567426,5.316731080885579,5.100704722482852,0.035552608735638855
2878,sine,4.605137595035217,4.092314213626225,1.2813649145439938,-0.11363133825884547,1.6947890766687013,4.429302682341268,4.321193188268389,1.5284349591959578,-0.11178836582491207,1.4380125105930444,0.03840382665303263
2879,sine,3.521598679532095,3.964571122513133,2.7098735040587587,1.364443003335422,1.9271065992584377,3.54986648111974,4.005490775259807,2.5792433055900794,1.2931023514010678,2.039321871480188,0.05131563896064087
2880,sine,-2.4430278130411462,-2.2511039315329167,-2.001715737031926,-1.7538470367229346,-1.5683394100103596,-1.392414959188598,-1.2292344367506183,-1.0800380257636908,-1.0072516765703126,-0.9402513659394602,0.021660656125036485
2881,sine,-2.7221852613492925,-2.603550358477192,-2.6068556146578397,-2.2865564201028468,-2.1232243926159184,-1.8236924712649731,-1.3801357424977672,-1.2253081113747477,-0.7514464773082138,-0.35434434701178924,0.056913044587598736
2882,sine,-0.1588666917463172,-1.5353935819332898,-1.850092022227864,-1.1607993811479504,0.10890486391580166,1.4132743602099522,1.8111047593053027,1.0464898703559078,0.0028735113132017168,-1.3030848112847322,0.08989084306442632
2883,sine,-2.0700871905799523,-3.467707705048274,-4.590632109591892,-5.104619320695826,-4.563315900891517,-3.4627618173411556,-2.055093275206793,-0.8488458978467154,-0.2792737851760373,-0.7572955943284911,0.041837196148463374
2884,sine,-0.16483639751099327,-0.04939944604703754,-0.008731684807887361,-0.062051021820080134,-0.1454991694188648,-0.27820876691484103,-0.44368653764693156,-0.5512917753717209,-0.6205970825433661,-0.6003131028550955,0.013293817425828462
2885,sine,-1.5765061576880042,-2.7976018424164355,-2.5038922408977866,-1.0976937919821368,-0.5044271637194782,-1.5686011231644146,-2.743783541240243,-2.5930304938596054,-1.2314437272708258,-0.41157254212726135,0.036987856114607136
2886,sine,1.4310667870715135,1.5987982432567946,1.895592768487065,2.1279005095236205,2.3475231386949678,2.481297277942929,2.6200402452886693,2.7908143343462513,2.657035472823932,2.6610645342179113,0.0390581907670921
2887,sine,1.6326261503326227,1.522056016916282,2.166369839242846,2.7130996189248324,2.470910351890606,1.7967357197370915,1.4128345316601285,2.085826436252582,2.6222772856681904,2.5534228454292593,0.041308701839812376
2888,sine,-0.5683466935725341,-1.0492221030790614,-1.068715218800554,-1.2301755374154792,-0.8086918419545666,-0.2920462961907571,0.4271696772270755,0.7676914560527511,1.2479421690651002,1.0468170141313715,0.08088117767800997
2889,sine,0.9759143344856517,2.0079135969360307,0.5647673379607754,-1.399139584618315,-1.5769856483561682,0.3074841068414565,2.0337518216886172,1.2228571656122575,-1.2444194725228572,-1.8187198284323252,0.11565339300973752
2890,sine,-4.684929509685247,-4.844357538851499,-4.55001378619591,-4.419936686613642,-3.9204664514095247,-3.256616515653908,-2.562554479403078,-1.8492828782016848,-1.23911831643938,-0.827799279254394,0.0841881361570426
2891,sine,5.134472935008024,4.850407572950077,4.3907608921249786,3.3485872095839717,2.197943763076581,1.0025190518910732,0.33974080353594327,0.058467349475682356,0.34961687120108503,1.2339950999518383,0.07519393758637108
2892,sine,0.13186213722046097,0.14679264333588554,0.19261814100443342,0.22050548376883872,0.25229341613646655,0.28945369785584274,0.29804366844358937,0.3404054959619682,0.37918192289581204,0.41484013577851103,0.007848650079992052
2893,sine,4.4836362804572465,4.351643233056896,4.310986041069343,4.113432208641116,3.835041552211356,3.625839822397001,3.2745978305214627,2.9591952645081867,2.6068562949828924,2.263926460735812,0.04056349236858212
2894,sine,1.0765496061614273,3.9652952161132484,3.157368438163415,-0.13070709166825853,-1.4438303452859333,1.4434383231197307,4.046501902185527,3.1431476006568633,-0.6587438907804306,-0.8971813700410448,0.1656541235441145
2895,sine,0.050846052984618154,-0.21795610897379974,0.4716587852744245,1.8659983864243734,3.317463558000798,4.570429866848254,5.036500399962231,4.638263624485115,3.4261188367479645,1.8972920673344025,0.040450850393624393
2896,sine,0.7935816228625387,0.37098833371541484,-0.5583532737614416,-1.144827104290061,-0.9309864977861528,-0.007564894799004358,0.6947437587071921,0.6542814315103669,-0.14372412030716913,-0.9861648835624072,0.041480342873888375
2897,sine,2.3305932418946282,0.9497529827062128,0.16604675954345868,0.6925148325571434,2.163118436730699,3.649847216102291,4.454685319313538,3.9909948968589566,2.447130662036947,0.958871417724019,0.062341131509245175
2898,sine,-0.8272459382812718,-0.9004567507131089,-0.939181247212857,-0.9961400743413883,-1.0347758963546942,-1.107007291443849,-1.161598123968484,-1.21962990055604,-1.26469373788713,-1.321353767668272,0.010175757660368502
2899,sine,-0.5025583279122745,-0.47553182029059754,-0.18916005241654266,0.04484597584204003,-0.04105125854254977,-0.35244272606062804,-0.5144478455135209,-0.3620467960467248,-0.02016635811713533,0.07571792879136059,0.01087307036612668
2900,sine,-3.8944951489545616,-3.575955958383746,-2.866725639337295,-2.288115198318401,-1.5334848585504284,-0.49366616076487735,0.4727354136484452,1.05365371493485,1.5923258206127486,1.8904880454882071,0.13713675312426304
2901,sine,-1.5636243445910794,-0.6614383497354935,0.014749108055655435,-0.14192555765571657,-0.900328883155529,-1.6455008013165082,-1.7632713345851216,-1.0392592205746016,-0.2729970233021197,0.01779658192312589,0.035065656470875076
2902,sine,1.8113417365770914,3.183409168329037,4.14740718589931,4.358757954907782,3.47714799312067,1.912422395514823,0.7093625221906783,-0.3237280572509086,-0.4130413000841847,0.5965436838027216,0.09413977714304055
2903,sine,-0.557269540942969,-0.3459442232790407,-0.04451486712234725,0.1351632828033399,0.41268908176626085,0.6462440656513385,0.7893340032800056,0.8899872898663643,0.722079658784103,0.6259807631553855,0.041775187083171385
2904,sine,-2.1137820761514132,0.514516351786222,1.367436401727944,1.0267170712855085,-1.0708076628019172,-3.189621778334054,-3.8430784363277213,-2.8165983703223194,-0.7488607580642941,1.0398049044568356,0.12383843533921769
2905,sine,2.240576271552634,3.184864797698357,3.9990785533796473,4.136018764969191,3.689830888714576,2.8171710677157797,1.9206026199867274,1.4479348971893264,1.6953310472903305,2.504644145023603,0.03299135468771529
2906,sine,-2.6016466148897224,-2.327465015019158,-2.2016619396339534,-2.20418560718522,-2.5029538302216094,-2.752267383648045,-2.9235523794650575,-2.9212042335704527,-2.7235646905139204,-2.412316774370405,0.02185444698165541
2907,sine,5.3316720569460845,4.944975058404709,3.8429623808046163,2.6138477544603353,1.4955537015426867,0.7386772564472419,0.1993361571798815,0.25459712999131645,0.9908748436757584,2.3686635735346604,0.1846974157342868
2908,sine,2.9213777317393763,1.4865168341832837,0.09950470696519559,-0.2656948137761403,-0.12956789084842144,1.0230108669713691,2.8746063605944654,4.405245328523306,4.9194979110990635,4.9483530682249945,0.15192040131219786
2909,sine,-4.6688231158889595,-5.2719472135901215,-5.110455510208738,-4.261388776646463,-2.769478198144554,-1.4600129734106184,-0.45573395291092306,-0.16861210188021372,-0.5802368097200266,-1.7717310561377881,0.10734954977149241
2910,sine,0.8433805330585894,0.8358707685342965,0.7772744963519655,0.7092647288704993,0.649511453515817,0.6061225608050266,0.5640848680345697,0.4823261340905693,0.378321869202554,0.3508772474822698,0.015145554236582173
2911,sine,-2.090061603615191,-1.5762107692951617,-0.7973902004283104,-0.4144533920385815,-0.5259178144883806,-1.061851903182208,-1.77831358027207,-2.0712292603509987,-1.8265616023529456,-1.155388574265633,0.038415734993215656
2912,sine,-2.005479934880922,-3.145987554161289,-0.975206705749823,1.4700800518335495,0.9729994490118477,-1.8231170451323868,-3.0707346090044108,-1.2877794194956014,1.3865936768269875,1.233309171689977,0.05922757906115206
2913,sine,-4.180876650334875,-2.889430862615645,-1.4946924422268892,-1.0102258200150005,-1.7806720770046682,-3.7246015595674153,-4.573629270516984,-4.790844638849957,-3.4136032631545734,-1.7536158848089478,0.13160354869260685
2914,sine,3.8266821250214225,1.7811881900815307,-0.5022001630221309,-1.3484234560518806,-0.013499369187512449,2.388282440511036,3.9331690368230925,3.563974380241269,1.2927909279694605,-0.7524845081900771,0.06058131791948881
2915,sine,0.8228338931017422,0.8380995163715845,0.7552382733072698,0.6589417274813436,0.5721807958897366,0.4699636698261127,0.37555297284830913,0.31692049878129785,0.26688187318743234,0.26960818049813123,0.013750415705697433
2916,sine,0.47494589171097834,0.9039159241514072,1.4678084682322206,1.6473759400394146,1.1253566659279406,0.5238438693338041,0.5339487686912822,1.1064171040123305,1.626532990718334,1.5091077695122737,0.018472095934629604
2917,sine,-5.24218833515276,-5.863188987131631,-5.2480234049006595,-3.843418733191749,-2.6850596616133333,-1.4896446021784606,-0.6348479439281952,-0.001631858803777142,-0.32273599570600464,-1.7065201845023321,0.14511440013547292
2918,sine,-0.49789446058849196,-2.639322502864106,-4.361307694923302,-4.414821050164206,-2.882993688233119,-0.5317865138040034,0.7337166686259267,0.3797452458828262,-2.3140408923924056,-4.282290889854522,0.1828690203392929
2919,sine,2.6244512624044045,2.5413857592008755,1.973438215347311,1.750879411038406,2.126570618589916,2.653634066387593,2.560370820697505,1.9660235451875345,1.7212866544990184,2.1022643414576625,0.02673525562150187
2920,sine,-0.24116285923897068,-0.28632098753916696,-0.20668083010874683,0.2009843948938925,0.6024665835630598,0.9344662908173613,1.20579947042661,1.365766160779446,1.3626379908449409,1.2980361157699554,0.048091047259576615
2921,sine,1.875142767857548,1.6087907068036233,1.381159189844528,1.196050567297345,1.1063458391547079,0.8271509564690758,0.6912966070480839,0.4574772574373711,0.32250199474424945,0.2283925333353521,0.03658724983446933
2922,sine,0.43978690792798636,2.302687441664949,4.2835486996774685,4.773906496828843,3.242140615172482,1.019005089195665,0.18699927940850258,1.2445636657478494,3.673548551497936,4.936027935393615,0.10197370451860438
2923,sine,4.2367782910917535,4.980086801541669,4.820753486639911,4.735567698324437,3.9237223578443228,2.7921974498415536,1.8726318092721537,1.190156573061259,0.881820581062922,0.7489650534080968,0.10803369550765583
2924,sine,1.8704975051000867,1.6399938939733234,0.6477402220534472,0.061386850733552295,0.5840176121656989,1.734752038488831,1.8480085681488403,1.0935362918595102,0.24155933766635634,0.3558087341315307,0.049957680155956995
2925,sine,0.5800632681533457,0.49898005781070726,0.43096059486808397,0.28834841455365984,0.2638440935148514,0.15352898455559633,0.11505152101981055,0.10200896939995845,0.11021914879870853,0.15452254141337796,0.012867208696256386
2926,sine,-4.840091871837499,-3.731120264841677,-2.130243903109142,-1.0671524621423192,-1.4088568745145988,-2.582465495938769,-4.001344740257384,-4.861041275511305,-4.43300616510634,-2.95099273505454,0.060356764235831674
2927,sine,0.470943457350033,-0.4786990252508345,-1.0009669558872047,-1.2895635990900032,-0.8802342004987407,0.059929658529053145,0.9445875790457581,1.2114241402364352,0.6442414906067822,-0.12505846292237438,0.06899661864063468
2928,sine,-0.8572158579314948,-0.7222453766425362,-0.48817832279784634,-0.25339372694249074,0.004012059154862376,0.20301440830517753,0.2933214967298126,0.2889384340961618,0.16335269083841628,-0.06689934727487033,0.014718215777809377
2929,sine,2.030870430332611,2.031486221181167,2.100630081664054,2.229072021098672,2.367615161653945,2.5613606320554196,2.7659258955522734,2.9693391805110125,3.106730066778491,3.1975140933881803,0.014757136788518064
2930,sine,3.229690923107443,3.0838302509329147,2.7455130257723326,2.599391600368507,2.827081082602525,3.0973213963647126,3.198305750947334,2.986570614578756,2.6694370711518145,2.6398379855140544,0.01506443815149007
2931,sine,-0.29652840040924605,2.0287917689710864,3.8537530507717768,3.3725537346956647,1.0126005787071937,-0.8777644980067062,-0.5860036920891665,1.6399405652958554,3.699601395798046,3.620628771907835,0.05225560238482792
2932,sine,0.294551446611952,0.6149680029639887,0.9499236253179142,1.3362173419322871,1.6906318950928427,2.0150893491262036,2.327721382754598,2.5555444712565003,2.7003692551546,2.8253428885331022,0.01762598523080565
2933,sine,2.4655140131361755,2.401915308579547,2.3437230529875825,2.2953014009048616,2.237437562328529,2.195380310806569,2.160822515551947,2.1329500653132043,2.111092528682767,2.1022052665738937,0.005020253462047015
2934,sine,0.1850434362886427,1.061633268282074,-1.8843029188208145,-4.3810135312714396,-4.081414900297176,-1.6582159117793687,0.8017540775021204,0.03894419554830575,-2.217808434486983,-4.284512215115774,0.16143516451323592
2935,sine,-2.2712242259544935,-2.1053669126170127,-1.985935453731412,-1.8591338068755228,-1.7341053214237638,-1.636070849799409,-1.5396042693218908,-1.4524957541328183,-1.384977232986636,-1.3458304700037373,0.01472867086727125
2936,sine,3.0317797642356825,3.423867968328351,3.688975785059544,3.623611874648833,3.265186662074568,2.9179165933723126,2.5015878714032036,2.053355205881103,1.8488632582688649,1.853740687758863,0.04616465198836813
2937,sine,0.8577381803457375,1.1489665612016464,2.041204810556625,2.2898981117959742,1.6491876643612675,0.8880394895368358,1.0216373094438542,1.9034668033186073,2.261745480519235,1.8361231647994016,0.04815047497542902
2938,sine,1.021519770172465,1.002769455823076,1.4843319289211452,2.1257657974377517,2.921991139290387,3.641440413142864,3.9717903638931427,3.7087924361278204,3.3302512477882877,2.5900076670750773,0.08187941045449014
2939,sine,-2.735753829487053,-2.7716283939591255,-2.63526940760068,-2.438648792741101,-2.1200204578290465,-1.7967362287973379,-1.5917413462543895,-1.3931835821625884,-1.3652575908989066,-1.4055573068741591,0.03048719022795168
2940,sine,-1.2450724183193769,0.7373842642840699,2.1767357488141457,1.657388459532545,-0.203458752159342,-1.8529020021021978,-1.682221940566179,0.056019471397288634,1.9053282827120475,2.0839882605301936,0.04994884497206958
2941,sine,2.223410075499353,3.508552116935876,3.8867526502980647,3.116041653405588,1.7126545887161504,0.5603769186120029,0.49594282268559153,1.5044549579642452,2.9482711159303916,3.844395076147148,0.024933977033551654
2942,sine,2.7391703818760846,1.4873781071876455,0.3151232463866382,0.26587942916717683,1.4401519098737958,2.7240820280551725,2.815748463607685,1.6306004630040025,0.38823161255780564,0.22871372128633916,0.023174224354456964
2943,sine,2.9951702680516488,2.5777918994524915,2.06346332080382,1.915321905678979,2.155991287124183,2.618327170504052,3.067826168148929,3.000852278896205,2.6457502963296946,2.1454647093140093,0.025370785472538522
2944,sine,1.7012298747630767,1.782988386567611,1.9213359551633482,2.0744245727663233,2.2740683267366624,2.349524757095023,2.468198583389245,2.5463450065996907,2.6421381783786058,2.6811181692268393,0.0249485461586779
2945,sine,3.191488815591114,3.7883134036784623,3.32624627757794,2.937830110497182,2.194072763469298,1.26045927042578,0.5777382687049081,0.3014177114971119,0.42635979068395913,1.195025148610637,0.11981788220573461
2946,sine,2.6640401069552193,2.6538206218741833,2.396813217790663,2.265104606782324,1.9572646552394282,1.860153875521461,1.4325300079762944,1.193169179644977,0.9737232288049879,0.7061370959356591,0.04945792060656794
2947,sine,-1.4023082020669364,-1.357646392993988,-1.4119932034357587,-1.5290786204940516,-1.7195190054399891,-1.9317180153959015,-2.1872102151917585,-2.4366524114636405,-2.640082792768702,-2.825607361435025,0.01368818315544968
2948,sine,1.6320529460745834,2.387693012751597,2.2233953895689837,1.0098886706239838,-0.6235048451028727,-2.0309137853142167,-2.6467113873820045,-2.169052772456345,-0.8111932696338686,0.854585335649388,0.04763628761206248
2949,sine,-0.1261414489298026,-1.5584990086228956,-2.6976868160681824,-2.4245979395372834,-1.215413717192725,0.34159152372442997,1.1352472835149878,0.6331136821776997,-1.005435288234218,-2.411135850920962,0.09768565830657987
2950,sine,1.7606094429851444,2.171122427404734,1.6222847718569289,0.4184120597050693,-0.9004087879256317,-1.8719671274771552,-2.0140772773629174,-1.776489801495099,-0.6433403221879427,0.7515947759102855,0.12570379589892872
2951,sine,-1.56056067739133,-2.254011393160927,-1.5173466023553457,-0.302674772405579,-0.4748182376074286,-1.6153295902440563,-2.207227704296516,-1.4735990667348922,-0.287826770902881,-0.5414857161284433,0.059849465395422616
2952,sine,1.3898536467302363,1.4244780193976085,1.909539854544542,2.1381648018838186,1.7669378310435218,1.3505693848824984,1.4999859386277374,2.0017856824293623,2.1124279272186968,1.6785600080726752,0.013598952366186851
2953,sine,1.2212769107042247,3.1833176569945247,3.4076474097068905,2.167210441987905,-0.06436651272670182,-1.8443924041154542,-2.2281390741367493,-0.8287431427867855,1.262440829588257,2.7279598293940497,0.11726721222808266
2954,sine,-5.366482348132442,-4.781157420913703,-3.827282263343947,-2.7697849858301957,-1.784717343045158,-0.7187912909369811,-0.08134659977545891,0.20917549621675285,0.15907559308251695,-0.2630553663794645,0.04303642831271473
2955,sine,0.9090366308683623,-0.608300850444505,1.0477521934109228,4.387719164403287,4.87028906487137,2.541454746150054,-0.47758941012201866,-0.11410261425850257,2.4749331958445446,5.521078510732311,0.20765230914401775
2956,sine,3.5052723238464263,3.2949734940067286,3.063539141314583,2.788916488369365,2.5154255017746445,2.299226656676871,2.0906679305767297,1.959088039824014,1.8568075494987188,1.8527422571829215,0.01607217749744462
2957,sine,-1.07734204405678,-0.8881602039067905,-0.7240625154641651,-0.6719783142011262,-0.3795091424455195,-0.07487970230097185,0.12580404152753746,0.3610003119795101,0.5905812555430767,0.7329143343155547,0.04028493015496767
2958,sine,-1.2152476600292206,-2.270345961844658,-3.734113669833571,-4.531206705974738,-3.53965596857317,-1.8273185407426347,-1.1821908128428344,-2.157042394712974,-3.8520982611700374,-4.43272311037873,0.07526815563206993
2959,sine,-0.053201260540144284,-0.3621647939316082,0.041353408563554794,1.437605236647269,3.241315005761187,4.508538705338404,4.787200354776377,4.130844762791089,2.7515469376357853,1.3386302645001893,0.1443995038430314
2960,sine,0.018250076749044834,-0.4276262141563427,0.6794832545057038,2.013934233941646,2.160768368770923,1.2108358993628565,-0.1492515795597951,-0.25715153994688555,1.123349266645034,2.1760200222251203,0.050577414558946
2961,sine,1.4496237563088177,1.7018686366417706,1.766247171542071,1.5724226913077155,1.3395915878985305,1.083029249915808,1.1156621197275276,1.3014334167927488,1.5904604871587618,1.7524645724395027,0.022078828906895807
2962,sine,-1.6220616338052225,-1.3054633704888035,-1.8032612693450372,-2.341100397786962,-2.1240895334824597,-1.446300937615149,-1.3982467408116068,-1.9361188348080465,-2.362757906471263,-1.9912420394002353,0.021801361897822905
2963,sine,-4.22686545916099,-3.6230927589731685,-1.6896201761216898,0.22896270024600762,0.400887827004102,-1.1610637918426867,-3.3036576343423847,-4.238281223498644,-2.9570357634121858,-0.7838774020894848,0.0953071620060944
2964,sine,3.4465155986027036,4.269477972657721,4.78184042502012,4.795673974394892,4.300228973015654,3.6360979070827035,2.5696941788755816,1.474747395078135,0.567765058734447,-0.001057874442036616,0.08817329117909824
2965,sine,-1.5071309466095202,-3.19958651655303,-2.937041461870261,-1.143379509082349,-0.3988612435181188,-1.7028203756812677,-3.2642412858691428,-2.817045862189599,-0.9422052227840053,-0.4017396905996687,0.02401478093203606
2966,sine,0.7833194625109383,0.7217645434298221,0.9484515796576725,1.225957156687566,1.2984827368788594,1.0495734463741253,0.7923734077732674,0.7232296838489042,0.924459018936019,1.2270197175748072,0.013511147261578281
2967,sine,0.6561699558318536,0.41778331448101674,-0.08421733369919988,-0.3639972634018887,-0.7491727292191578,-0.8461445526794178,-1.2905048171858513,-1.3005443592437889,-1.473744959171052,-1.7708050195350125,0.07203030606349708
2968,sine,1.211636105484089,2.265957027445915,2.2070176281411062,0.7993335935748952,-1.1474132797943526,-2.4121132657362727,-3.014480018769731,-1.9705482127107738,-0.25202570806370406,1.5283049631684145,0.10392449074833181
2969,sine,-0.9613556972021692,-0.3956940315408574,-0.45121174814832543,-1.3062297958585625,-2.7630500418135187,-4.094815710419388,-4.854538023536654,-5.099722924114731,-4.516637742594924,-3.340081186173741,0.07776604674608233
2970,sine,1.4383085713131887,0.9570091888673206,0.500963965365972,0.3603684006031938,0.6972000945015909,1.2307080800210468,1.50601248732925,1.4228402001242662,0.9701251742042933,0.5247481997371348,0.030904433394606703
2971,sine,-0.10727580836359549,-0.8987276471565746,-0.8091944234941035,-0.05501391997693393,1.7447226588173121,2.793841068857321,4.22882168543374,4.870071722377758,4.358173025602406,4.034726409807389,0.1741074934388851
2972,sine,1.0185797852058398,1.0816161147575896,1.0593928845462701,1.002638694376222,0.8990013360549745,0.7952797709929859,0.6797689057106034,0.5670856136594083,0.5120989803119252,0.49311554785489214,0.012212059681995749
2973,sine,0.30073977806643554,0.2985781304244236,-0.12694411187922333,-1.0786888298701556,-1.834872484627378,-3.025791155976099,-3.9062092755482687,-4.484481344431905,-5.108856486438637,-4.6158461491248,0.11867882230785032
2974,sine,0.5210813795573025,0.5977532990613899,0.44985822688419586,0.11724569583641664,-0.22810090150008194,-0.4959887934079761,-0.6305204358405241,-0.5572350967194433,-0.3599764291896795,-0.011468277272320178,0.03622467086046546
2975,sine,3.050230560882875,3.727745302003137,2.329523927274034,0.9294915459796331,1.5601148645756662,3.2863146132757124,3.625656518272757,2.061911043323378,0.8952859127946435,1.8437165486142986,0.022906367492994247
2976,sine,4.099965847986335,2.2127079480148653,0.6468060347647642,0.11749043454698149,1.0222921609369344,2.8687360374508057,4.397769589809017,4.470592683562044,3.1606750107927217,0.9945038467460661,0.09134287191871891
2977,sine,0.034475881866549395,-0.20593314824846085,-0.4359124227626998,-0.7005330192937372,-0.9757487641501787,-1.174024787304724,-1.3552592504000325,-1.5799653440859247,-1.7590080512959154,-1.915295561039742,0.01920984916095142
2978,sine,1.5985404127674139,2.0183050744312268,2.2536743862397115,2.1162883287765077,1.6459651991803115,1.188110125617,1.252531235916239,1.6435876167459926,2.058635188452616,2.2847750234622395,0.025798234021332005
2979,sine,1.8182583068755618,1.0992472379573883,0.4459057005216177,0.12872499354561553,0.3708655710412669,0.9318901871597385,1.6683742903375751,2.1589190686917505,2.194072971214522,1.754042760171965,0.02447393724095584
2980,sine,1.9490476288786964,0.41240346885531465,-0.379555433539752,0.007650647172227667,1.174152123910885,2.685640959283077,3.084933363571106,2.5760807230764518,1.183264706055853,-0.08975669427884254,0.06493921276720822
2981,sine,0.18405687545427835,-0.06115267772218955,-0.27691959578073927,-0.5280795080277229,-0.7973174132374353,-1.1488066921374396,-1.4125332383559248,-1.7199111260673368,-2.0014436696055444,-2.2537092203855487,0.01773874647618583
2982,sine,0.5121888493961576,-0.9910159629425255,-1.9527996499264026,-1.241993830902197,-0.2336480316418152,1.2271928973079274,1.5658565723243552,0.5527617018010228,-1.0303657238105208,-1.7591388110520947,0.11580712373357593
2983,sine,-3.9407709477942148,-3.6017198748913533,-2.5137752441849623,-1.5827585248747382,-0.4666490425128672,0.5113498677950035,0.8862042430686172,0.8915344745796461,0.48277304646002145,-0.4182911303581646,0.10689584119780296
2984,sine,-0.01824804010382079,-0.038718984970176715,0.034914075926418056,0.09133671932910581,0.18961693489564146,0.3160547168469714,0.4599260445448473,0.6229570582796914,0.7349253839228661,0.8848900977753267,0.009312782715358035
2985,sine,-0.8861762189341844,0.10178590641680249,0.9707632652680904,1.1328351687566762,0.8838774036845974,-0.25494215733304865,-1.241132025172561,-2.024393221052934,-2.0251642272160946,-1.5116770901552858,0.059599009241862545
2986,sine,1.6598112486622167,2.334069837614011,2.7082678561517493,2.7303061284547376,2.3264379240969437,1.6462165176644659,1.0460562305965817,0.6147006497023325,0.6547954419098038,0.9594258298025732,0.026700369642322853
2987,sine,-2.2884277936463255,-1.4652850372830155,0.86406247572858,2.4654873472441885,0.8533469276479486,-1.726336525588065,-2.1806528902590014,0.46488394772681085,2.490252732588159,1.387256794814814,0.10926288104751491
2988,sine,-1.4391539097231336,0.15633806061598077,-0.5333193049300542,-2.52393404519211,-3.0478324799298253,-1.3243199366585865,0.05057091729558631,-0.6871337537909898,-2.626768096514787,-2.9609970165594044,0.07387218700264316
2989,sine,1.0169347052245084,1.9683589814428746,2.918099074257797,3.0438859090702057,2.247241611536948,1.185721756472691,0.8054655559585461,1.4649148269822847,2.5319279114382254,3.1101218639925947,0.05411280114439192
2990,sine,1.3630607630487095,0.9992506721982816,-0.8492987301123059,-1.26582866509908,0.45491632171981566,1.630609852051181,0.943561428601482,-1.0742008952991466,-1.1314282362124894,0.49935114259283786,0.09927647339466823
2991,sine,0.355561076178468,0.7962960466901702,1.095662055583268,1.2038942241215542,0.9986182145588537,0.6259730836496405,0.35582412272163855,0.09496386979492273,0.27125929670722404,0.6883643962739182,0.0290726242516623
2992,sine,0.4510301258028566,0.636283004455588,0.8098862135806884,0.9643691996525299,1.1316702626481001,1.2302895873327038,1.3380110600827317,1.4238686635127569,1.5300654485337337,1.5750358741979598,0.025109892927374897
2993,sine,1.214779966185674,1.278915125092196,1.3875129731705496,1.4596400751287926,1.5651623841847273,1.6755312401329778,1.7686610226784274,1.8027800912853522,1.8215889368808118,1.7645376309536474,0.013098305112127097
2994,sine,0.867019565405653,0.15269446069046516,-0.11967289593321491,-0.049118109462767914,0.42838813204207116,1.2298440250769807,1.7937837939445092,2.390573987309907,2.556885876654874,2.335571706266194,0.06068860432266424
2995,sine,-2.8865467939159815,-3.357660093492876,-3.60247356193275,-3.364063924997339,-2.8753268340729354,-2.1618380011658207,-1.565080892669913,-0.8809758130945419,-0.5580055619658464,-0.4882250727446753,0.04880549869976452
2996,sine,-2.6613010959118326,-0.04482387219499041,1.5633589642778642,2.001151333527664,0.027190258813106397,-2.201122656100448,-2.645233013473724,-0.7107696002938244,1.8048815317922609,2.4207181976998853,0.18295855112365073
2997,sine,-0.5420840555640603,-0.5527123296317454,-0.5950636305119907,-0.6253154182240918,-0.6540538925501564,-0.699770056922911,-0.7501361796931507,-0.7760573045025657,-0.8080354071145872,-0.8397352611436272,0.009735202841059307
2998,sine,-2.58893944203122,-2.6964981666048984,-2.4634438893239063,-1.9432472290779466,-1.210870860417469,-0.4236126578651851,0.15199647059342983,0.5248019373944546,0.6154317795292911,0.29330904357851445,0.028249116953756502
2999,sine,-3.4570474965821467,-3.1285530895891274,-2.638998611754093,-1.9424422340139107,-1.1965944583148425,-0.4547662048111323,0.2956221612704782,0.8228068358624261,1.412711833798443,1.6199340773646438,0.12481036551630634
3000,sine,0.15852376754608055,0.25199677658943875,0.44239177108016037,0.5491204976306919,0.6896505339306551,0.8165509598188753,0.8772705184592047,0.9868591327552148,1.07159935401502,1.2058603801720473,0.029052008452805384
3001,cosine,-0.08871138521630062,0.4970219165821051,1.049118637900797,1.4016983131186564,1.6992632017438665,1.7463103273293539,1.620061443962484,1.29245411176447,0.8002783376020259,0.2589469531036935,0.016253013218123974
3002,cosine,1.6163111318888173,1.021211956791265,0.5991600129101237,0.2632112328310491,0.06896655490436901,0.09392409902264831,0.26768561323636486,0.572540101200776,1.0248674941553182,1.5827384396255566,0.019386849947284106
3003,cosine,0.05390945100073471,-0.9653841760349553,-1.6870376098639814,-2.1944038645458,-2.291296634097878,-1.9460519911503327,-1.3191654699108195,-0.5585449873085102,0.2699236569442811,1.1657356790092857,0.07855061053659672
3004,cosine,-2.8191957895771296,-4.883608746967665,-4.95082503639432,-3.347002172022433,-1.1881563479493549,-0.1435300712034838,-1.1410093342334902,-3.304381287628916,-5.089641686158478,-5.103662332715285,0.10927806402179899
3005,cosine,-1.4128933282744118,0.4675676582336616,1.2030494258077669,-0.10217051886285401,-1.7553214828998511,-1.6214630921445599,0.14443297424784152,1.1496284495233584,0.11794111277241687,-1.5245678770614735,0.04078983309724487
3006,cosine,0.844172759818916,1.769241818186944,1.7494223695126545,0.8535717091064617,0.34286933842313033,0.9473791198959324,1.8954194019195578,1.7203391080220634,0.7796451811119679,0.26765135546478946,0.03495655405419411
3007,cosine,1.0411401673924585,1.6219069313147298,1.465408982646223,0.7001390282252897,0.3287268566413738,0.6764201174158808,1.3735895603350625,1.6962558934308931,1.162405475945587,0.40079839874474193,0.03445324618376571
3008,cosine,2.2721338565882814,-0.8854723277733997,-1.6377093871918795,0.9941557499671967,3.5146410266120425,2.3873229634178705,-0.6235013206890557,-1.7758315861838008,0.7959023664926688,3.4370361192488077,0.05602835984926337
3009,cosine,1.8235415574640637,-0.10687539649454726,-0.8380023635694315,0.8532136272023394,2.1976792527639275,2.449130859279613,0.4018936803867309,-0.8466635243386025,-0.01717242825211529,1.8700835753226568,0.11116401227827083
3010,cosine,-0.10599200482816856,0.4480123326894244,0.975267754091106,1.5192355416562648,2.022058890344866,2.489617682233962,2.721778393937633,2.861937919636561,2.6745333557852797,2.5341937595808695,0.06116745369556165
3011,cosine,1.1825485037660903,0.4848980984968487,-0.01089497342135131,-0.3370893001421768,-0.47225681663850383,-0.22524523779564348,0.3432472970957109,0.9936346265503281,1.4545518387200143,1.6137680098470415,0.06894153125707209
3012,cosine,-1.3781827673549913,0.12067315223181437,-0.04053620128986181,-1.594435579628277,-2.6136919385547754,-1.8453118099029027,-0.22332351599661016,0.17187584072759887,-1.1775383556177221,-2.5821620879808584,0.03967077182075339
3013,cosine,1.2124357315437482,2.6459349964109378,3.6994942791616223,4.025248800224835,3.782001272078463,2.682554386630122,1.3845622246466467,0.0010045150166371822,-1.1015564832205895,-1.9141043527522894,0.05725629111304239
3014,cosine,1.200729715150421,1.4754212159570246,1.7808602216464169,2.1875470367468997,2.3774295601774798,2.4756529529577804,2.333776434678037,2.019973281572274,1.7153088306988526,1.3144768409561287,0.04111465556812545
3015,cosine,3.7711221481834962,4.385522253910722,2.9446624083126918,0.9067306130202794,-0.5309392574595374,-0.0658357075663629,1.9380293933183284,3.972553272675023,4.3514264567451,2.81270426989923,0.062458662598569865
3016,cosine,3.2038925431327767,3.1137299353230548,2.196225386543076,0.5858383757058282,-1.3691697629781792,-2.4218711565922524,-2.8195123321798707,-1.6699649878967908,0.023539562955318116,1.5971678404094867,0.14353794776570877
3017,cosine,-0.8143365092054781,-0.4383145434618541,-0.05462579656211414,-0.04061752335531507,-0.16698297885352698,-0.48950639778172755,-1.1653343957117857,-1.6642067781024887,-2.248754004866479,-2.7387902999526457,0.06344551094628165
3018,cosine,-1.7180276818237965,-1.6327192990748367,-1.652527194732291,-1.8572117709338103,-2.054157551591795,-2.195493593551075,-2.1826580977180043,-1.9986114733058826,-1.7924888085993684,-1.6422606294436781,0.008790686483624242
3019,cosine,0.6683939065450398,0.29133084310484064,-0.16081642487127004,-0.7651128419366984,-1.277365888734251,-1.5881059594333131,-1.6055105831844536,-1.346504299720942,-0.8052601769401978,-0.28530921274901994,0.035278924708238193
3020,cosine,-1.4284647224892757,-1.502062153642569,-1.484912107815771,-1.3966746908840284,-1.3257417767103261,-1.1764880984151438,-1.057982093038,-0.8214007084674193,-0.6043192351887307,-0.4330630700201901,0.02072794253810822
3021,cosine,-2.5572971962602358,-1.0318193837406835,0.3719383308603935,1.6440064930495548,1.9515106123206465,1.6964870125101217,0.7029471097267241,-0.606146054955745,-1.8158954824733087,-3.514755414610803,0.11262895047866468
3022,cosine,-2.7468383316260208,-1.5361746641386624,0.04445534231170516,1.090557185264382,1.3193692759454914,0.7286133604156376,-0.5464759035806569,-2.0641255742928504,-3.027259966582396,-3.1574235839318185,0.07991983798260151
3023,cosine,-0.5991652671646995,-1.2806142840128396,-2.5963962361947637,-3.497902339281176,-4.09692158764525,-3.967355327021226,-3.0275411142463633,-1.8092453200458674,-0.4737239598561658,-0.1578664916065013,0.13590069599004723
3024,cosine,-2.5948795095488717,-2.953893658542854,-3.2605582615006106,-3.55463062148725,-3.7797641928580004,-3.9013144404353564,-3.9420736171020763,-3.8829026964902296,-3.7618766703933377,-3.529774578776846,0.01531239383240247
3025,cosine,-0.6797270605980333,-0.4405602123286968,-0.057654777037445655,0.29343606081316786,0.31083673661953437,0.004278946695575159,-0.3622382644283763,-0.6510351811645876,-0.7693070601047857,-0.3695971080245387,0.03267694706694999
3026,cosine,-2.0424222960304492,-2.657415695654865,-2.5899194734557964,-1.9018115335922712,-1.0137727306658466,-0.703807621758236,-1.115971000351733,-1.777093744527021,-2.6696527436646877,-2.7494543917086895,0.05276320961012273
3027,cosine,1.586553784770451,-0.156050483012002,-1.3704305680606184,-0.3852782790635255,1.5505318986177814,1.595206315943926,-0.0419947563365522,-1.2055273108018392,-0.5526233573203276,1.216865440511036,0.10237872605494229
3028,cosine,0.16024547727551092,0.5223341288968304,0.8357049773754059,1.0819093393701047,1.2326227481516734,1.246287136757255,1.090488201269757,0.8592458380025457,0.5654960975274609,0.18194226410598055,0.015178015021058958
3029,cosine,-5.152515952100514,-3.517976062228689,-1.7795854322864837,-0.18343408873832187,0.24284099496354736,-0.8576041781363887,-2.214627861322248,-4.103035475691214,-4.954055397441334,-4.747525271139523,0.12496239336107061
3030,cosine,1.5972906601779797,1.608910348171829,1.6590150189446073,1.7162052400652135,1.7631649421410918,1.849857614466231,1.9484034492541014,2.0310411528149106,2.1507926312112478,2.293134148917743,0.011238100517375622
3031,cosine,0.1315938237964714,-0.15379931445599695,-1.5187022692717504,-2.9646593307336198,-4.830520109443632,-5.529637594982104,-4.665896921042318,-3.034475839971993,-1.1930151764957921,0.16629817962457993,0.1826204193357918
3032,cosine,-2.230127497837339,-2.2263723118739844,-2.2131937917933393,-2.206161031776245,-2.178160411517255,-2.158307633929244,-2.141030657001941,-2.111637716982535,-2.081046461431777,-2.0527240625789513,0.0023409261913344697
3033,cosine,1.586241386305453,1.232137277709519,1.0391588253019226,1.297618528892967,1.5937179386718476,1.5260977987826119,1.1543794419360327,1.0799067586330202,1.4124863202747688,1.6363726096887534,0.01442989371177447
3034,cosine,1.0156758137078,1.106760559228128,1.3871470539649653,1.6304533105674617,1.8331436602481086,1.9710091546070914,2.0548867915030584,1.9687639295820367,1.7519719935669207,1.6040097698061677,0.026332798998415965
3035,cosine,0.9966834754535843,0.5706318428270619,0.25201934973422063,0.14527813155143182,0.19569592332782554,0.40493089498729345,0.8116460955960239,1.2380788413640498,1.6375992058634123,1.9159961880370608,0.032123264936399554
3036,cosine,-2.214464249142629,-3.3207576734617144,-3.3629637932311214,-2.341430486290033,-1.4452585831100666,-1.7517178177911024,-2.9379062583218136,-3.580574356998986,-2.8806801110381324,-1.7241264123285185,0.02295154224094126
3037,cosine,1.5356620950896647,0.1308547517912641,-1.88478326196969,-3.044800145279201,-3.466787609432764,-2.254701381482367,-0.3621187208472671,1.3662322946112624,1.9852012774641263,1.3307994463542006,0.16439314985491946
3038,cosine,-0.14027304487361617,-0.572957554619483,-0.6269855278699644,-0.2504503238791353,0.11687322939438556,0.0749312498014882,-0.3211803579930702,-0.6518961783192854,-0.5208907838928576,-0.09860665494769731,0.006858922653598798
3039,cosine,-1.8266319825122606,-1.682486457039981,-1.9718963853274902,-2.5932969675015745,-3.219406557304305,-3.6948712417434115,-3.7687851707493842,-3.330331259237378,-2.673746850429474,-2.00726202222668,0.021668787743074985
3040,cosine,-1.7933618533267335,-1.223113127483382,-1.2548084545587963,-1.8325761043374142,-2.3823324851621246,-2.2771893386066555,-1.6393109571954543,-1.1572095576000032,-1.352461613968188,-2.0136833162086245,0.014014289513078895
3041,cosine,-3.3805471570483197,-4.004734034297103,-3.1133964158642846,-1.5996793579915025,-0.8772361445463887,-1.7424660405312669,-3.4162450985752826,-3.731582730182888,-3.0699928557374476,-1.5014630978989985,0.058589978804966907
3042,cosine,-2.5495083629051423,-2.638214614589279,-2.6988948230798178,-2.7760216226175913,-2.8227664751863433,-2.880252886438842,-2.909384559318104,-2.9145578445992513,-2.913461969668843,-2.884130294741508,0.0053981281742870165
3043,cosine,4.306930923284357,0.9275439783353533,-0.7848433887602925,1.1644842907858097,4.291239487472637,4.571957205088225,1.5622441448917974,-0.7368813204991802,0.5551270994378004,3.8955862247148203,0.0785459818985708
3044,cosine,2.3962490392308715,1.7636405588829653,0.74551585294607,-0.617063395281426,-1.6500815131977162,-1.824309756964788,-1.5861624089430029,-0.4938609049834995,0.8738269946190962,1.7947207761499644,0.0875355544681874
3045,cosine,-1.351746092197269,-1.2785633202377291,-1.2186547864643242,-1.176009195816902,-1.1490576472668923,-1.1362902270666613,-1.1443136159737841,-1.1663096347023842,-1.213553268285604,-1.2672963220531257,0.002247459580853241
3046,cosine,-4.784800758292113,-4.824339769678187,-4.863613964931922,-4.90957758992474,-4.9278071852492635,-4.949570371882366,-4.9643175625594775,-4.979085597651139,-4.975742923079676,-4.968033085457905,0.005410424337773108
3047,cosine,2.115291750220838,3.5172270552488194,3.4167194397470686,2.274685179509906,0.7910046268804563,0.8865592424171409,1.8818594319026525,3.3197958382843455,3.558013171830056,2.7627714335672757,0.0991675785689457
3048,cosine,0.2855080051266267,-0.11840984772380206,-0.4586131675200512,-0.7548423102413939,-0.8303947490765338,-0.8391338850899159,-0.7227049872987302,-0.3737626635592574,-0.0026783690659983542,0.42215797426935364,0.02730403187413319
3049,cosine,-2.4645251403875403,-1.2515217796168836,-0.615474713385009,-1.5841878260885247,-3.0494520426308007,-3.668680013470869,-3.0836909758190125,-1.6691461811414594,-0.5109382917192345,-0.9933080993514798,0.09719297486742243
3050,cosine,-2.372123335842949,-2.2947546693865184,-2.1964969537274444,-2.0342510952264865,-1.877081285406134,-1.7579391836250078,-1.7354710117578098,-1.8062237742735023,-1.9416804739094684,-2.105880524147369,0.015799082399867003
3051,cosine,0.6652663567552551,0.3845197573325421,0.09965448045472217,-0.06972098241527572,-0.20013497638389463,-0.27184917711841855,-0.30212643451252225,-0.2054805133739201,-0.07280065438067698,0.1421961330617192,0.023964358110794517
3052,cosine,0.8089458776021653,-0.15995385489444436,-1.2447981040876261,-0.8780999084868013,0.28057993936203196,0.641300523433445,-0.347766671171307,-1.2321929655205714,-0.7188738968276563,0.444086745492947,0.0572098107485199
3053,cosine,-0.9094898844782411,-1.0831406651840323,-1.2269402930726307,-1.2891610954737218,-1.3002783319125673,-1.2460404808263734,-1.1432627437334628,-0.9618699016586183,-0.7640876282300019,-0.48083502583027576,0.013154930657986
3054,cosine,0.5561924265962235,0.6426601966264182,0.7155632547295845,0.761634700216119,0.7762746164018599,0.7782213525900575,0.7565469461585644,0.7087017272049706,0.6552725322108329,0.5567534166317083,0.005192341074419609
3055,cosine,-0.10554115695777613,1.990369219005872,3.8618959523676706,3.3968942341212123,1.3625998640593227,-0.13141889001775725,0.7848992489934571,2.9379648396881066,4.005988950433997,2.428216419628138,0.08384535767117511
3056,cosine,3.332746995596158,1.3640873687877981,0.28397136081962515,2.06827949105003,4.259529415989395,5.011271023120762,3.8120746811966524,1.435496185456301,0.5899955588611902,1.598826678096781,0.11560147088416721
3057,cosine,-2.447114334252446,-2.452127482098964,-2.446598869461517,-2.3625342198870394,-2.291409638015636,-2.1548746564990826,-1.9454616405522167,-1.699166978847854,-1.4862875186504674,-1.1861145443514074,0.022214499976396445
3058,cosine,-5.466133009176486,-5.339397262995355,-4.61365684702729,-3.2169548728005326,-1.411421895537448,-0.5262503594227602,-0.29145125425780855,-1.083334663222086,-2.354166226636217,-3.9143875935917354,0.08213887352990512
3059,cosine,-0.7966438474880619,-3.7683860329685235,-5.303857131845962,-3.7068914067100898,-0.536499400134296,0.45154432919705895,-1.8332824307496165,-4.702680553527176,-5.0128714054296895,-2.3641945513899114,0.11043424599390211
3060,cosine,-2.241650052353145,-2.3271274877321213,-2.3965089361979097,-2.4475349188131776,-2.49284304795006,-2.5062439037338162,-2.503415655112026,-2.4767344125468385,-2.4268240463100814,-2.3634470712869393,0.002996442228707016
3061,cosine,1.426672791859775,1.2134687300374745,1.039957581797249,0.8738822753605328,0.7840141228774468,0.6983324601735895,0.6564055394983199,0.6600241989937253,0.706831305723534,0.7880871052063114,0.006278891141540492
3062,cosine,-1.3577383322930376,-0.6036130946709465,-1.1769473547329508,-2.4921021607701577,-3.407052257299405,-3.0716477383271585,-1.9072914793900868,-0.8373665735985942,-0.7532649845652412,-1.5936514735982565,0.0777133152228884
3063,cosine,-1.8774367437857198,-1.5507469795269249,-1.422341411289941,-1.6871723836501835,-2.0956720467058862,-2.383173909575181,-2.303008656953674,-1.9346108013965235,-1.5069796501304944,-1.39270329429355,0.02763678877148278
3064,cosine,1.161803397026711,3.203946200321538,3.8918175429862405,1.715849880673749,0.03669688762985142,0.6134419226366082,3.069517229576564,3.8261273878029716,2.071147183807402,0.06873253785127667,0.12136470788839815
3065,cosine,-0.9244785984905866,-0.18156526030713727,0.7684845422961,0.6570291490600798,-0.38863170516094236,-0.9020391117183987,-0.39181257629044464,0.5147932455710457,0.814603336544814,-0.05644909455770163,0.04142735263191392
3066,cosine,2.3670793056713406,4.394399567580608,4.270528664328725,2.189007757762444,1.0848093604555382,2.457302052009148,4.334854879268175,4.127652407787459,2.0189486230902065,0.9646924884428311,0.055486330664590425
3067,cosine,1.031265746044078,0.24071335158880902,0.9450835645718074,2.172334968435913,2.6581384602668225,2.0572733942848096,0.8277293791170605,0.3330225875837559,0.9854739367962072,2.3602431022472885,0.049437822250782984
3068,cosine,0.1574937873192409,0.563292052563896,1.8921793916312446,2.956148512429898,3.3621631115378587,2.992022332546395,1.756351231502517,0.6130901274115415,0.1358097598164622,0.29317983228661243,0.06994490945190629
3069,cosine,2.0348261967320105,1.4276375485655688,0.9744181240094079,0.6952177081146393,0.6058402313710536,0.751447217865618,1.1317864294219722,1.7051208245988208,2.338766479775321,2.908860978033482,0.024764286425692672
3070,cosine,3.7618591582642256,3.7046294591179145,3.6814509873051757,3.5468388234667994,3.4650813507324,3.3197051130907727,3.1845686470962313,2.952826640577492,2.809864979147021,2.556534594241816,0.030484448601782437
3071,cosine,0.8878480947923082,-0.0892688956436826,1.1954987085482542,3.1898305134744556,4.846673810628802,4.999313499135237,3.5026142505010056,0.9689322749465565,-0.06571430902839118,0.8684871455843234,0.15597020208540166
3072,cosine,-0.8011604508301671,-0.9017708009866534,-0.9720351916799315,-1.0415140427620977,-1.0947120468964053,-1.128748617647803,-1.1468756464605452,-1.1641366492537637,-1.163891296027525,-1.139952371081475,0.007629282720785587
3073,cosine,-1.4990965854415712,-2.2804141799977518,-2.3442611139411573,-1.6667060592736458,-1.1314629595149464,-1.5219787790869028,-2.1956676212627646,-2.4131343521384063,-1.773947874088552,-1.1927977416533009,0.031707927676608696
3074,cosine,1.21625296592894,1.2906431799499878,1.2096975425174472,1.057540285892649,0.7842316779174984,0.7128912267512806,0.7155571165864197,0.9268216915873952,1.09625668028841,1.2586275434025664,0.018877368347117934
3075,cosine,-2.6890143823850208,-0.8840943804287712,-0.5372682881303914,-2.133274619448499,-4.126077099942706,-5.145579404197076,-4.33457465741098,-2.3180561315950063,-0.35063040934417333,-0.9451854193868546,0.11256418063161744
3076,cosine,2.5973557863616756,2.925249768029626,2.9688112751489135,2.7289670683853364,2.4418592387847142,2.5193961915532226,2.8560150899680687,3.0359357448524045,2.7853200325682366,2.4628171276714204,0.012866463671368093
3077,cosine,-2.661991791529902,-2.7674498535198935,-2.8721637632108923,-2.9537239505845845,-2.9926580348083234,-2.9985428102770153,-2.967532056147903,-2.9148720175284164,-2.827834590999447,-2.7082026241685746,0.011488462906976521
3078,cosine,-3.7730979359062533,-4.351729223168296,-3.6849974961618277,-2.468873496885715,-1.6007948111415302,-1.86403155106787,-3.112703436737501,-4.135446925710746,-4.209016396614592,-3.1766946170357353,0.037135851478986646
3079,cosine,1.2653917505639487,0.4773829552658415,-0.256815853005656,-0.9549472883270451,-1.521175533313655,-1.8916782740475544,-1.8424624796088813,-1.6071358499706423,-1.137473564899419,-0.33783369465017216,0.10351326845310385
3080,cosine,0.0006628324907092392,-1.8908307231530255,-4.559816838616811,-4.584467776319314,-1.6455560569365855,0.10185376405533743,-1.6368183582527847,-4.416752650815443,-4.717212540375612,-1.9362389547609207,0.06240997109689086
3081,cosine,2.231601868852323,0.9211138476217614,-0.49260256423085325,-1.4408764181459115,-2.117985718050076,-2.09479582247212,-1.2703093021703493,0.04627163669566678,1.6926429030104972,2.3266450305752495,0.15384647808816113
3082,cosine,-0.2627325220089549,-0.26128404824334167,-0.2569739111030259,-0.2565670845545214,-0.2625340606459974,-0.26535785430189485,-0.27151580253811436,-0.2798274442433575,-0.2935475374722369,-0.3036665189332904,0.001
3083,cosine,-2.4557710022708172,-3.407143625954218,-3.544405724260189,-2.677197130741748,-1.9792363484340383,-2.3241281896865598,-3.3009500690849625,-3.640053935158439,-2.856306792200807,-1.9917291044678087,0.019254076608567598
3084,cosine,-3.302820838106701,-5.082331475560526,-5.347355406387784,-3.237799629654706,-0.8554864404436888,0.03312190661655391,-0.7647375786519517,-2.636708896618328,-4.214142535621113,-5.320605406833447,0.18872291794831556
3085,cosine,-0.2599667648878627,-0.2561871038324367,-0.2552966373061028,-0.2540201163919859,-0.25557754581891673,-0.2581935246353707,-0.2633749962819483,-0.26991357537620675,-0.27597596194365487,-0.28416290100807595,0.001
3086,cosine,0.2112284300907978,-0.4730824608540982,0.6672988647186929,2.7522897541642277,4.0989823412508155,3.8794854070888207,2.0402211483306796,0.10896243004373769,-0.36073916045595983,0.6659521761160543,0.07132902807765198
3087,cosine,0.4745258576557235,1.909298330558713,1.2556085963975188,-1.1262829602924957,-2.713941776766714,-2.7220848690271926,-0.5572368583132974,1.918683974029331,1.465787292309744,-0.2933645450267408,0.15265516798879694
3088,cosine,2.6853770918596664,3.448580752861447,4.203774841520747,4.643578858047639,4.887862039991382,4.828773343456482,4.4512781646024795,3.7664164920075107,3.045702331612569,2.2492296141036396,0.04072562083381014
3089,cosine,-1.638187075672139,-2.3080557411820743,-2.735441475768533,-2.904594161150513,-2.740574590502542,-2.3735781148244097,-1.7590576125817878,-1.1100822232838472,-0.2915257257814747,0.3901065170165882,0.04302595985588543
3090,cosine,-2.0673402673974324,-2.6264177440254253,-2.4808465140286104,-1.8391728846689146,-1.4591677835379333,-1.7509852896532463,-2.388416762620168,-2.6291776867247796,-2.1747196891869693,-1.5616225558488817,0.010743931551626425
3091,cosine,0.2102863019593809,0.44939568343390696,0.8111648968803211,1.1231449777460485,1.3709374133794767,1.4419799760004302,1.2867118262344999,1.0026746899983017,0.6036514069946244,0.37309048601287964,0.03969524357717498
3092,cosine,-1.5169445602418357,-2.049306484217887,-2.3361139143502485,-1.9871892084061766,-1.4235595678019144,-1.2331819840594291,-1.6562293845824527,-2.186918123441859,-2.2962409712293326,-1.8542124872191716,0.027916771698898186
3093,cosine,2.1766046699618067,3.694336415324252,3.8465869028752113,2.762394593362391,1.6165149384823625,2.1563049629358964,3.49959060956826,3.9223837526392487,2.8417648380116916,1.737178672594902,0.06140071865505225
3094,cosine,-0.5706261281953491,-1.380729863836931,-2.067678148740435,-1.705157455119,-0.7901823531301256,-0.5883990076543054,-1.4602511285677013,-2.1042490342774722,-1.6978710148782934,-0.8099235059826195,0.020672739011185624
3095,cosine,-0.6159875878412986,-0.8089651986554128,-1.14314693378226,-1.2520399755382643,-1.4895749756708094,-1.5899461842554037,-1.741164044311001,-1.764751708036301,-1.9756611553202619,-1.9896789132099262,0.03867515017250353
3096,cosine,-1.111147227020834,-1.1242340110904516,-1.1309939186486007,-1.1207264642446664,-1.1006918947818394,-1.0693661164159025,-1.0274699125643398,-0.9788399786321015,-0.9195846312546437,-0.8428561001704515,0.0042449200915312445
3097,cosine,1.4842849279286108,1.6662034885623356,2.1549790816859216,2.98765506616924,3.4495769386968607,3.887140146304964,3.8117465280422986,3.3769406153403585,2.657600197485369,1.9749452959696487,0.07572266397985249
3098,cosine,-2.3005469360607114,-2.676499900768625,-3.1602659803986306,-3.470442359922253,-3.568001180488946,-3.440705734971538,-3.1269783266035884,-2.6460270258176495,-2.264299692270949,-2.109750611088006,0.024592913708776604
3099,cosine,1.6049392679371193,2.346762457601099,2.5148401002607867,2.341522614258118,2.1345094680087975,1.476887727858955,0.36780130241700093,-0.2948161909615048,-1.3374561251992374,-2.2995051343246407,0.09318042714260295
3100,cosine,0.28791141238875206,0.3217854600257344,0.32842495801323196,0.33091390366551754,0.29313703827926013,0.23395853203594805,0.18066143385244138,0.09230184924746894,-0.011441905805769613,-0.09881951593114241,0.008363273227630412
3101,cosine,-0.28497019640269533,-0.6249338923093044,-0.8721496062691927,-1.0627719496633483,-1.3248063164645736,-1.3712773117561576,-1.4631969114244032,-1.3814790411458886,-1.3235098063026773,-1.190237029725995,0.02716040397336011
3102,cosine,3.6268350636730045,5.222959004639845,4.341598798805015,1.5936576795188233,0.443986527565285,1.887812159923687,4.597251816295256,5.296798670380113,2.944276805004361,0.7019050976308813,0.09152885629389818
3103,cosine,-4.253347425025678,-3.4555346812536953,-0.6998228345701609,-0.2695415731696035,-2.693231802487674,-4.317264367847486,-2.7241639395576525,-0.39644253883864344,-0.7273704127941869,-3.4299101319610585,0.07797825549917792
3104,cosine,-0.025802504879084597,0.9397229158803496,3.1635045813306664,5.109391758881429,5.779014129012451,4.625077326582226,2.3664977236001654,0.2683153894973259,0.09985080288974155,1.6059147687118775,0.07918934066680448
3105,cosine,-0.09754945718538408,-0.13323678705035433,-0.15257213316156365,-0.16823494910919037,-0.16912502721391165,-0.15105998968358844,-0.14171546497822,-0.11999402434170528,-0.07430415771573594,-0.026026564751895853,0.003729824973968199
3106,cosine,0.3743298993791542,0.9090509494931419,1.4178295397043619,1.8685711294382648,2.1119987687797535,2.170786984077572,1.9705720177255341,1.6292106499407544,1.1791612673300642,0.6506093820652614,0.02197230417510153
3107,cosine,-1.6587314391132821,-0.7424281131276036,0.5894583788190775,1.5566574654406662,2.2538058706962714,2.500478870584881,1.642965669331604,0.8178462068728896,-0.6477306574699344,-1.372887180366749,0.12456799809754585
3108,cosine,-1.0868613229038684,-0.8051809935439775,-0.5564090146328806,-0.33920012251723897,-0.10013425321930551,-0.07844767571408384,0.000977594420739511,0.0723360181192588,0.027819925380505543,-0.11901802038506193,0.024644858986617155
3109,cosine,1.0183769434376895,-0.12297994031979145,0.4781428227862679,2.682313280537213,4.785065614714185,5.286707920729468,3.170896553113864,0.8681042900658323,-0.3022891671340181,0.5722745876564869,0.154219342157885
3110,cosine,-1.063102753646876,-1.2629429649170059,-1.4201607872144417,-1.519649948496721,-1.5810227668426589,-1.5929402384775175,-1.5433005859671938,-1.446785810100321,-1.3089881378802426,-1.126989169431618,0.005175680217665137
3111,cosine,0.27126943988740887,-0.7313480717396529,-2.575343460047512,-2.4885407737167187,-0.5561626900123684,0.49503408661251624,-1.0743481060010465,-2.790136545127042,-2.3370477863738097,-0.33163652584552106,0.10161520666692936
3112,cosine,-0.4925719386677593,-0.10020515570653396,0.7826269248434209,1.8625952371485477,2.2658417283849306,2.176632812040924,1.412368024986651,0.3371023937823378,-0.3267268205964835,-0.5194243488800595,0.03322549590233109
3113,cosine,1.470296703094126,1.2335741087231455,1.0795243648564001,0.9554053408310301,0.826349648504682,0.7487844972109757,0.7293491912792558,0.701373984870875,0.8100298258957612,0.8549739847922179,0.022904292002647413
3114,cosine,-0.2590212399076015,-0.10337523352341235,1.3420057095091802,2.9019985122955947,3.7345293464164997,3.3748808937498134,1.8950906328332353,0.3033235434311832,-0.3656152507325654,0.3969662934575502,0.04443912028097761
3115,cosine,-1.0802314315516661,-0.012576894736488098,-0.10828363290874213,-1.419963588882456,-2.1634174751114448,-1.3302971488844872,-0.21818625491333699,0.021210253772311602,-1.0979576239765845,-2.068968874706858,0.03830939865068613
3116,cosine,-0.7095731106436169,-2.9501507989150273,-3.9731504369936945,-3.0777428689908506,-0.778215466004693,0.2397970575753882,-0.6938294308471287,-3.0562736754100612,-3.8127214717802187,-2.9531589561800953,0.12549441073141135
3117,cosine,-1.9667905051307715,-1.5564852458961347,-1.1670511971924475,-0.7355325604646911,-0.49431774384242627,-0.4263802853603391,-0.7763783554469127,-1.153286366479075,-1.6067130596805208,-2.0010150676276686,0.029729850589401398
3118,cosine,-1.360474489518226,-1.1296372290763839,-0.8990069406155229,-0.674171612138288,-0.5319164535114947,-0.4388227096120891,-0.2858464080467071,-0.22574403158417727,-0.20831832801405994,-0.24513446423654517,0.02028505528810084
3119,cosine,1.0413298709738117,2.360294363302968,2.814201217904415,2.081532710010857,0.6862793377431973,0.20787717462078892,0.9569072244212885,2.266502413135938,2.784552611294559,2.1017289745091015,0.03155046478572948
3120,cosine,2.400171092642178,2.4563740046297653,2.47700557673608,2.491247038693558,2.4761858669356864,2.4432607069032053,2.3979664669697827,2.306709541824641,2.2207413736701107,2.113146841581843,0.004661979215793485
3121,cosine,2.9371857566789323,1.9347509887296483,0.5958214675227088,-0.5330496194975141,-1.076090287505009,-0.8673328875475317,0.014854609556234157,1.2982207207438723,2.546850633897215,3.3558362313852075,0.05264505288132359
3122,cosine,-0.9931686631692038,-0.8408763480966616,-0.7328330861922101,-0.6768923516142544,-0.7580777011533957,-0.8744786777051617,-0.9825185882924339,-1.2512696452079028,-1.3928965751082003,-1.6811847728314209,0.025270628839529442
3123,cosine,-0.7676234157124822,-0.7853292275262074,-0.6563035801409562,-0.4437774234947611,-0.2761216965646159,-0.1850563379941873,-0.22479091725270556,-0.3968099545958595,-0.5830351165558945,-0.745719228942422,0.01293629106232008
3124,cosine,2.3890116041986675,2.6757465840727988,2.959385805434419,3.224393117645044,3.459821592536907,3.6353665052879323,3.830574842909866,3.887095350050768,3.9855825422862265,3.9801717997004493,0.01844798277491809
3125,cosine,1.8555985404372415,2.2498184919601174,1.9818922252566245,1.3371407521873784,0.7919739695584018,0.8212992623176885,1.416169915290512,2.052733836624009,2.2296949022853982,1.8068399443086056,0.012246545401762877
3126,cosine,1.457222746554379,3.0611298244060046,4.2951341583148785,3.530068202566859,1.7919443361370575,1.2864434007115308,2.657392833548678,4.186669060772346,3.800137285311029,2.1026607242816824,0.02183594282958539
3127,cosine,1.8582115203173992,0.9309090694685757,0.95605093083834,1.8970464610106672,2.5143760252457965,2.087654711667973,1.0951621094654433,0.808414817069334,1.5378704444368718,2.3542954473648745,0.04105725351266443
3128,cosine,1.8594793812621357,2.3765034034050254,1.295978920893389,-0.41067184362383374,-1.9647347309778511,-2.352235742083414,-1.5269039947605956,0.23044147001727708,1.8216330859576852,2.3357774737107015,0.07097738670321509
3129,cosine,2.55107916477601,2.8417288073292175,3.033510209177595,2.9377005348124356,2.6660795558414265,2.4542280787342845,2.526140911343979,2.8083348840442497,3.0423975009269952,2.95679822012014,0.011875876222904222
3130,cosine,-2.1287306724796995,-1.8749029612583104,-1.6385030570969874,-1.5231493024099907,-1.4726523030062892,-1.5192758165071314,-1.6425538722426194,-1.7909130516703329,-2.0812410254904163,-2.326398667874922,0.019967315005111067
3131,cosine,-0.9300758897089912,-2.520218183772038,-2.5399726345733518,-1.143422439847362,0.9678466056902315,1.8423346057073913,1.0062482731552822,-0.8657895563518032,-2.4308159701511594,-2.753750289057457,0.09965408730719821
3132,cosine,-0.7947930115176026,-0.4983692766671134,-0.253993578967646,-0.36921553797377515,-0.6964911201836598,-0.8645011920811195,-0.6916051975685458,-0.3747953563561464,-0.25879358848143913,-0.4965322638044305,0.008468864676813247
3133,cosine,0.19646140817125315,0.7656111974223436,1.2859968596034654,1.717626468896925,1.897361543835003,2.0009820869408634,1.9943309439100871,1.5268086102375487,0.9948922365414944,0.5687462802371849,0.05232591448359024
3134,cosine,1.1763506950908285,1.1233603429013517,1.0703040910140398,1.0110872705277472,0.972781429018898,0.928105235838065,0.8798481359075161,0.8602148873647059,0.8215465941829809,0.8036942052429852,0.00444012441159664
3135,cosine,2.575025463916999,1.2449320011352825,0.07083470884489623,-0.4150184981498317,-0.5212183491970054,0.17294986274391233,1.2798004895343196,2.768349527206275,4.012808770623518,4.567450383998235,0.1250780430261405
3136,cosine,1.541295191562258,0.84917694817781,1.85198416516993,3.8747602874025784,5.181652148964276,4.748020827320397,2.940593204783566,1.1446125286365507,0.8274309245346572,2.054104716302885,0.0723127405190833
3137,cosine,0.4021884735198711,0.45989206844705777,0.5983841840059936,0.7535677724662728,0.9118632108195476,1.0112186526315752,1.02506053596103,0.9378323447933554,0.8040345380819452,0.6249454615345326,0.006365218430190747
3138,cosine,-2.1518035461887997,-2.402476120167834,-2.6145778546409684,-2.723843179429664,-2.6888087680945607,-2.5402097439938434,-2.3055222228198966,-2.090256042988309,-1.8778893043809708,-1.8312366552282358,0.009753192700659526
3139,cosine,-0.8871267263071575,-1.9992553581525139,-3.0163969938149076,-3.9163193846257145,-4.365026614409528,-3.7826211409994346,-2.9015860306443853,-2.035831834088826,-0.8693043081292129,-0.5440806068186358,0.12542617269035322
3140,cosine,-1.963138496730323,-2.3213002318339715,-2.6606076852033147,-2.915779263709494,-2.8995586894467196,-2.700675319180742,-2.3439247669749017,-1.9671588169257497,-1.9037146902248197,-2.042435037464691,0.03194004801023161
3141,cosine,-3.136130536035051,-3.2900803385619053,-3.3521030145124144,-3.3593477932295643,-3.268819877173951,-3.1328991156545047,-2.8806053354934877,-2.6252910343044285,-2.311844772559901,-1.9928268852410163,0.014842437799785425
3142,cosine,3.5149759922833037,2.7042059073961537,1.6705483609534573,0.7545192873133133,0.7536796921778957,1.5775316890311408,2.658576073485067,3.413347466419938,3.030612887058965,2.5213099985203744,0.08847378810564038
3143,cosine,-1.6059534807978508,-1.9267153522951226,-1.4138791819693999,-0.4254053488644871,-0.08610857480410623,-0.5473762513726357,-1.4920655685803628,-1.988957342664039,-1.5253035049737158,-0.6425544967308561,0.045717327564485204
3144,cosine,-1.260884025243913,-1.4381323116270766,-1.2760860132601877,-0.9957015325219359,-0.8073928681449036,-0.88781633633689,-1.1973452898979051,-1.4034437164794669,-1.326888600589175,-1.083543260009047,0.016414585229810968
3145,cosine,2.312358635684318,3.7765360879179086,4.3080750409932955,3.188187492637605,1.8706635336677884,1.7540130098499376,2.8435967088666794,4.026942235881899,3.941636563181951,2.6327453380832577,0.059640642630971394
3146,cosine,-0.4190115442289915,-0.2975399888226991,-0.10036084508742579,-0.0765811445352827,-0.06364751701562056,-0.06341127594065439,-0.12004153420588022,-0.2240553393970099,-0.3291075799237037,-0.5344861812314705,0.015281161621789876
3147,cosine,-1.5086935944038156,-0.8508196050560082,-0.11713385442622364,0.5759129090469647,1.0140642574207646,1.055277997244354,0.5668751404674552,-0.2406599726311262,-1.0488545401402511,-1.4937481184294958,0.06251956958340849
3148,cosine,0.7201786022534199,0.5812634745865919,0.05834848097581462,-0.4211581509796719,-0.7889611858386953,-0.8325695864652797,-0.6342108658559702,-0.07866016937002088,0.3782969736387552,0.7423127672388158,0.05181716969267851
3149,cosine,-2.4904024633083983,-1.0785666727458247,0.4082155507500063,1.3901148320193693,1.2932409581033417,0.15075769378471576,-1.3097530059252616,-2.696818409662765,-3.112817063399282,-2.3551521517417053,0.03226329075712534
3150,cosine,-0.6270868488071152,1.4243766277852101,2.21424059882424,1.0088221117196368,-1.2127050944430342,-2.8746803016973406,-2.470561796204956,-0.4220392381592739,1.6237514568309601,2.1662402069866107,0.04288928319258473
3151,cosine,-2.390400370504016,-2.6072181910386796,-2.7402941238479586,-2.820591043006378,-2.834679441730436,-2.779671466569447,-2.6700651505479436,-2.5132760535425085,-2.2670052294123444,-2.0245054299474448,0.013168094785032532
3152,cosine,-0.746745871978048,-3.0719817478745903,-4.746434742036234,-3.294342742153575,-0.5738847305969101,-1.1709152313779294,-3.558558360438362,-4.712795474761696,-2.7040670016812953,-0.5028689773154636,0.14412251906369833
3153,cosine,-2.372565942314473,-2.3713350401932645,-2.061473249447887,-1.5443148074591269,-1.16136066102975,-1.0120898191076833,-1.235105371155902,-1.6902066452380147,-2.170171794335632,-2.419828013094631,0.013131548683871931
3154,cosine,2.100316992101041,2.5745156835621787,2.0761816115716725,1.1728289457902752,0.5055048868502592,0.7753912334284914,1.635752142747193,2.487043444670025,2.3869858877822345,1.5833608193597815,0.03220550918270458
3155,cosine,-0.7858492870320316,-0.8225596121632915,-0.8435523571070145,-0.860141053062803,-0.8556157388664075,-0.8377827766211008,-0.8183813406780387,-0.7829515400661752,-0.7366137038031334,-0.6833104249909668,0.004084670782802498
3156,cosine,-1.8570926284268048,-1.9578515080832983,-1.9741462148555764,-1.9797672606389956,-1.940996150229833,-1.7820574477765991,-1.6122034877065667,-1.368619215663342,-1.1405014170740335,-0.8985095695188878,0.02175187621257694
3157,cosine,2.591599238491523,4.908641146151219,3.9519319891711375,1.1220152240213308,-0.5464761776570306,1.0411268587490672,3.986198387227895,5.0129653331146,2.626303734018603,-0.09893774033081595,0.06576011970242747
3158,cosine,1.8084203716809144,1.7109674201498701,1.521774051460129,1.3002187041375608,1.2035649715579784,1.292587488763056,1.4873046642881949,1.7191548559000411,1.8303247484302834,1.7608187343726454,0.014612498057237525
3159,cosine,-0.3294720012529589,-0.21749864090197468,-0.11024828764399058,-0.007353987536008761,0.05242021032930064,0.07684191218650417,0.09158805114904384,0.05043044584095397,-0.005231606953235943,-0.09940623154428684,0.006436392500712958
3160,cosine,-0.9939302050252191,-1.0130939123317224,-1.6188325822887077,-2.4250089621773037,-2.86767581693711,-2.808340567400318,-2.028358306285031,-1.2569601859737505,-0.8760948330571637,-1.2611154188281606,0.03357990982032546
3161,cosine,0.22363167602072168,-0.6322007900887557,-1.5907822970101582,-2.3773563432060976,-3.040945031487204,-3.24323939012046,-2.9916614195997995,-2.2600111908081413,-1.3848303728834734,-0.4280855666001107,0.049917694039757585
3162,cosine,0.7811127636285166,0.6885836254095462,0.9225361285227437,1.342331682949088,1.6361576085841285,1.5851667543091852,1.1888113302118433,0.8187110377973141,0.6538057082494527,0.8513129494901794,0.02444300665673269
3163,cosine,3.391529452573167,3.586693799740715,3.6380181248847236,3.634583625581465,3.6567987778756437,3.5004637779736587,3.278398121821116,3.0584342013199604,2.6582220990958088,2.3482920530976243,0.03272685718567306
3164,cosine,3.1559063501671307,3.495345792437767,3.7693084788505757,3.975329611990842,4.110612281375971,4.14332147589235,4.094980532404261,4.001010808960464,3.8019806540260626,3.5401003591093345,0.007023896078104277
3165,cosine,3.4718557047270417,3.91754238236897,3.1055394965742775,1.4187446416682734,0.14773567023537965,0.4987569367087023,1.8062342262638722,3.2558883741768345,3.9417349723112274,3.2067494457140273,0.11018781873354341
3166,cosine,0.5204755141527317,1.4897495526435158,1.1341408370106736,-0.31733284575124704,-1.312512191986211,-0.7958074433964757,0.5842705655726929,1.5248817656649343,1.0032739438781568,-0.34783045550957264,0.06837240196052602
3167,cosine,2.733479713956732,2.954082236004282,3.1517833289438726,3.3315924873885288,3.479360000630151,3.607635676675934,3.731320335827998,3.828911022886551,3.865612868440692,3.87215331114155,0.018649693417836344
3168,cosine,1.9663388366229322,0.18449382870307518,1.3178287092425773,3.859051418858434,5.02219466235125,4.072381307035541,1.3079362913817798,0.22608453565060438,1.9248953316377124,4.298645094965992,0.1466830123304733
3169,cosine,-1.5117283289569612,-1.18145883355447,-0.8945857309943739,-0.6235326248917095,-0.40422364706503733,-0.25003863442199126,-0.26200855606593704,-0.37173297203133887,-0.4714948429244383,-0.6716958264731778,0.031661828244637744
3170,cosine,-0.24192552313076177,-0.8142545238235702,-1.3941762494447174,-1.9146631643582774,-2.2845909961850843,-2.5251486482904517,-2.535905713771397,-2.5094158118179966,-2.203687735036983,-1.823600085532006,0.06740986789676126
3171,cosine,-4.26133095360503,-4.522058479600467,-4.674865049581779,-4.788836480629882,-4.726824640310124,-4.587901696019137,-4.342859360811151,-3.9441054281108596,-3.526073078310318,-3.041890323983951,0.04647010049049685
3172,cosine,-0.6402045243220937,-0.29312402517316205,-0.5620476829143629,-1.2387007099664658,-1.7415949286569292,-1.5890186707318563,-0.9505940643753084,-0.36294333968948156,-0.3651869203353635,-0.8816711746617751,0.011927500721099557
3173,cosine,1.8279634050476612,1.8469317898199356,1.8595669743887142,1.8729528111912654,1.8678013652539855,1.8614623589134442,1.851199749966256,1.8296548584833408,1.8044251422708129,1.7726369970196758,0.0011882822021088639
3174,cosine,0.6030571134898774,0.8415263194378613,1.6320766139367557,2.7236110645235114,3.5981986909868837,4.087362469875599,3.5997491773585915,2.5684625807836228,1.6403172473083572,0.7756290181044332,0.06126329088733149
3175,cosine,0.03333521224793138,-0.38238812205988404,-0.6979078898214668,-1.0592339819867906,-1.2325625567155443,-1.1705299858101172,-0.8241968886719401,-0.3736491624920008,-0.15971911807222877,0.1277366543994815,0.0438499619082538
3176,cosine,-0.10796613745349823,-1.1307783003480358,-1.7378305015179052,-1.347584869307717,-0.3615688350814995,0.1890952188933097,-0.16535612850735817,-1.1381270659928433,-1.6704632260359014,-1.299878615183609,0.030746004284381054
3177,cosine,0.8065304431485352,-0.6122893500973828,-1.3818710748697036,-0.6262378408948288,0.8944430072047768,1.3444265343829263,0.3827126261507039,-1.0838821501882154,-1.315266579855614,-0.1262169289075177,0.04351221663396673
3178,cosine,0.43367689682671784,1.8830949490671416,3.9978387427761763,5.108262257785943,5.671841145741081,4.804615614237186,3.5728388982722157,1.6555881744675285,0.16301679492761392,0.03232926416805504,0.1656600051963452
3179,cosine,1.6082276340940562,2.4531188283013456,2.3863690728881184,1.5907082115469984,0.2288492834146074,-0.32450234387362165,-0.3064319533917005,0.6608420245641919,1.8326093176047467,2.646957874838589,0.06082716827897958
3180,cosine,0.6892988139193819,0.7272393333213374,0.7368500461132601,0.7589422988271741,0.7372485879269257,0.7170733959230816,0.6623653530350198,0.6018763085235975,0.5114220814518347,0.40632616674152255,0.006508993226601436
3181,cosine,-2.2192938678930316,-2.474536580638012,-2.581979286165793,-2.639165863944384,-2.5845481674400888,-2.3837457662630093,-2.1841459094869853,-1.9428307789420236,-1.7376824769926627,-1.6470402776091502,0.02752015057930613
3182,cosine,0.5956028017164485,0.9309446257884718,1.0275850679842096,0.7528708117257352,0.42812205770055906,0.39845353027866937,0.6640477451250764,0.979207787814177,0.9926428863418244,0.6727892178314033,0.006131354269989627
3183,cosine,-1.9567346616494958,-1.6510048167684712,-1.1325010277837613,-0.6730703171995362,-0.4475562913100648,-0.5787676886382975,-0.9802080119379514,-1.5209894116729548,-1.9301569320326237,-2.053179765739725,0.018985310242540323
3184,cosine,1.2440539504455859,1.3877232971093891,-0.3043994236533603,-2.3199872558494326,-2.985210938761989,-1.6261047561476125,0.4479765570359578,1.6396694516183667,0.7128706175433116,-1.3791380696151458,0.044344445242855794
3185,cosine,3.9892971994671917,4.156488393157859,3.2728607657363358,2.107044061317846,1.0290289257817389,0.9499963704671123,1.6942073926287196,2.9217303569266275,3.9195558343460943,4.206877766323244,0.055206831185071775
3186,cosine,1.573760006224959,-0.6401885841878064,-0.5110101198956949,1.7204552316182273,4.060797223059065,4.863438718610692,3.0666211872933524,0.22595171695794092,-0.99742339360544,0.28917604901776656,0.08665149121057832
3187,cosine,-0.9357768481638378,-0.9905850159748839,-0.9987767889774317,-0.9952066239047209,-0.9494642136236519,-0.8982415833266405,-0.7971857170378699,-0.6566127694960852,-0.49140271082649706,-0.31151774612790567,0.011566459490382892
3188,cosine,-1.4563931631933422,-1.9542682719263988,-2.2466707568476068,-2.341643680092137,-2.237616762862569,-1.8496450363603039,-1.3190366920345824,-0.699842227798287,-0.049740511573753754,0.5543205280111415,0.02606773356280904
3189,cosine,-2.2689906156834727,-2.2575991261528077,-2.02898260176405,-1.8346597139175935,-1.7094427278642386,-1.7373425227321064,-1.8654881030405848,-2.066217772329431,-2.2398441443395756,-2.3047520830722856,0.018746898404641856
3190,cosine,0.32592768231559954,-0.043913227933963454,-0.21427309786191642,-0.014356369391944518,0.3559655509267579,0.5730403389455236,0.4415169953603421,0.0783364034622238,-0.19006201254108293,-0.12500172883140892,0.00543312814350354
3191,cosine,3.2801536862686453,3.3145002010448494,3.340127909838831,3.362190298098418,3.378311716941587,3.375558529725209,3.3743375133047,3.3625710212668145,3.3375406768510074,3.3147815702928725,0.002916864910266123
3192,cosine,0.3948435414293298,1.45237057338523,2.8155682331774443,3.671457745706353,4.297501865630952,3.9273274371301405,2.9320142735218337,1.781977457906477,0.514095006746107,-0.16694957442604755,0.054869479121249586
3193,cosine,1.53689023139489,1.818232748848871,1.753028350610237,1.4817737757922875,1.0271776680259415,0.7235317610300795,0.780282886311724,1.0350464986373706,1.4513462407567683,1.7138904494270428,0.03405147092714216
3194,cosine,2.317664721083541,1.6202637185237316,0.4831291665825891,-0.6873675662201004,-1.5166261871411928,-1.5497638237578355,-0.5452453959406584,0.8189747499458414,1.92901498428754,2.167221893583801,0.09130295827018618
3195,cosine,3.3012985670602317,5.6102060462304175,5.111461080894931,2.5611697197866037,0.0891978223637096,0.6868337802297443,3.5237198640870098,5.535428752255562,4.9023809014661595,2.2867809680023763,0.10410578676384992
3196,cosine,-3.345958439637575,-0.9905289166666215,0.4354478610389719,-0.9855576089707633,-3.4753946982563435,-4.296904964175456,-2.4042341990862193,-0.01993541961762911,0.1344907800468122,-2.026872609328942,0.1084764037081213
3197,cosine,2.7699724858267123,-0.04208925032162447,-2.795404962773441,-2.165006430167918,0.819214624604771,2.9464661430698045,1.442482799782296,-1.8980848030810884,-3.0299760335117165,-0.5863545655385431,0.08740212030587251
3198,cosine,-0.019184665976683377,-2.0659230870305847,-3.555809481573563,-2.718818112379895,-0.6810297406745112,0.4272417501470658,-0.7653550822676043,-2.8783703093434516,-3.5990933730806423,-1.9560070330702373,0.05122922756471389
3199,cosine,-2.079741815604292,-1.9367780252286517,-2.016063378753373,-2.234613845791355,-2.479299502995934,-2.55167016425039,-2.418632212938144,-2.1551137305860033,-1.9716034080193459,-1.9534082378206368,0.0087997275537727
3200,cosine,-4.256939167991704,-4.865013486935255,-3.5005257010738022,-1.6706900813011645,-1.0806188044730893,-2.2433354264288132,-4.08825692147713,-4.884262297125037,-3.7890734941927335,-1.8372370032507814,0.04244404237689509
3201,cosine,-1.6806266085205381,-1.254436910719226,-0.8944822165771966,-0.5770699370619419,-0.3619789907844013,-0.23560615769292892,-0.1765328036279659,-0.22472385259397398,-0.34882036247075354,-0.5752951352219944,0.022098879766794494
3202,cosine,2.7919145811673975,0.2995380966198842,-1.5669763300945587,-0.6383678744910407,2.036517415123995,3.1045407106357046,1.253138419999068,-1.2631673261820584,-1.2538355193197992,1.2730955135280144,0.05478366714708396
3203,cosine,0.5117338277843998,-0.43008975442749786,1.3281582096341562,3.5799918171533536,5.346839832036925,4.639239689642134,2.6990699121271353,0.4392210340187087,-0.24229237799589157,1.013088483367644,0.09446239083739713
3204,cosine,-1.5013736883935447,-2.038990311832932,-2.5949504335201725,-2.926026781387211,-3.0150470057415446,-2.7634776280046798,-2.311015800399513,-1.7312783917132668,-1.2366638160208812,-1.0141623232365697,0.01752662209712526
3205,cosine,-0.3605560291981413,-0.26781228618549136,-0.1929710316291068,-0.1503082663815769,-0.11089096712790193,-0.08155153589804712,-0.09520398569796336,-0.11513893420901265,-0.16350368378837732,-0.23876725881921715,0.006854385574334497
3206,cosine,2.943898969602822,3.9631930271444276,2.958090168858141,0.550182082350183,-1.1092731228736634,-0.9007270650521236,1.0683844532828575,3.441235641815214,3.7466410342014873,2.5483669612155326,0.14328624541298668
3207,cosine,1.732129306589003,3.057460291335339,4.007113259654088,4.548608758763588,4.2405086888047,3.4915191597781954,2.1565531783635636,1.019719164927835,-0.2182471109886196,-0.9238252702184386,0.06999162951758874
3208,cosine,-2.517526816127244,-3.81534475577858,-3.9398271442443433,-2.7102799010755154,-1.1683962859681634,-0.33612441584707253,-0.6414437011920341,-2.2565651428051052,-3.579581096837039,-4.0256911347028685,0.07057577514573955
3209,cosine,1.7472470846017363,1.8520222623072984,1.7586198145650913,1.505357531240015,1.3043698695304642,1.281852465467895,1.4648272677685026,1.7088586607052545,1.8383659038061562,1.7841977991399318,0.008711056000908556
3210,cosine,-4.862260249378429,-4.987116928395317,-5.065705067948948,-5.15068620210706,-5.224139750060998,-5.279051481021738,-5.301675817455639,-5.351957779544886,-5.414164917447591,-5.432595596993242,0.01403613724280752
3211,cosine,-0.7144840473394433,-1.0705770331672773,-1.2332480690672074,-1.036736737710802,-0.7243678629809711,-0.6426114448015642,-0.9013269086900322,-1.1932049988262285,-1.1623526519314886,-0.8378941830349693,0.009596663201678318
3212,cosine,-3.2991681528536407,-3.9297219063291893,-4.268075318458734,-4.525669744938385,-4.225959959670023,-3.762081603080635,-3.1321418890681705,-2.485437622696021,-1.833143293798549,-1.48169154516399,0.0469148494625022
3213,cosine,-0.30811703958394454,-0.13919057397152246,-0.042307366191263,-0.08134352138277975,-0.13448115664294794,-0.24508221031347072,-0.4139213654421245,-0.6594419785802562,-0.8990319523236807,-1.1770218875416874,0.01708329346594492
3214,cosine,0.8238572199769137,0.1597914889991438,-1.2332355534216368,-2.1803437278755724,-2.568631065731472,-1.4987887804988806,-0.06464453238358431,0.7392332427984536,0.34330437535708874,-0.9052487897552699,0.08216182803767862
3215,cosine,0.7282436264977886,0.6469034182093292,0.9453324817599594,1.3602540294573284,1.6749069144232132,1.6277714856250098,1.363755966356254,0.9836813074404643,0.6310051141473405,0.655418612953832,0.027066229074786674
3216,cosine,4.405771142097742,1.5623678100286407,0.7049618366848531,2.712835087993798,4.913576797403582,4.139351907886178,1.5796107598888502,0.7312566689897987,2.8235239501341494,5.089942062241916,0.05653969198306804
3217,cosine,0.6426674141170606,0.5196661153503654,1.3479652315581399,2.3925094815169934,3.3471513959268093,3.8110190486511764,3.5189508913993515,2.7831425462097394,1.6168646133364466,0.8305915191496251,0.06562105889729374
3218,cosine,-2.769739890809892,-3.613182407137483,-3.0146807044790362,-1.0352939422939327,0.34026194575575175,0.8408675323401029,-0.38071080045621153,-2.2442377106460687,-3.627802181068353,-3.455680073716219,0.13448997567235663
3219,cosine,-1.7729839792750421,-1.3729915237135868,-0.7355273831550397,-0.025605252314620644,0.5496080258813575,1.0242597047076947,1.2222563696456687,1.1769422724246072,0.840408897277001,0.417686779715007,0.07031447479030267
3220,cosine,-1.4689877442084447,-1.9437993132422524,-2.402100038070907,-2.716600656159933,-2.8354687980255684,-2.6215769788929264,-2.2528627700595996,-1.8106064771637134,-1.4053637646295314,-1.1565578416863194,0.022136607302499552
3221,cosine,-2.5192765063287723,-2.6224050070425142,-2.5647416874799935,-2.364326151597078,-2.146031444624339,-2.033669328052473,-2.0796732409568564,-2.3027816678562885,-2.503379724113822,-2.628493030920848,0.008799761865410309
3222,cosine,-1.6850439954640533,-2.048209541844223,-2.572491070087124,-2.93188851604735,-3.2707810623762676,-3.408469833617172,-3.3657350717307026,-3.041032500924878,-2.678628570826704,-2.2252520033880736,0.037448757683957064
3223,cosine,0.9379191910509636,1.1086396475269582,0.9250167726995291,0.3994240119397653,-0.07925050301766376,-0.27022283287945026,0.01828406474342568,0.5230389939397446,0.9359293019576203,1.144033620972317,0.044506175335817015
3224,cosine,-2.841229325678201,-3.7932148539598796,-2.8062882195641277,-0.6946910843912366,0.46885742874913877,-0.7876442199465419,-2.6592418665699786,-4.115811757018931,-2.9197454693424483,-0.6814429147510777,0.1128432718464216
3225,cosine,-2.0298953986238355,-2.0669012087736855,-2.1011220946087197,-2.1351187366747264,-2.15717885907653,-2.1767625848239547,-2.22248241618639,-2.2265524308004094,-2.2313455197621574,-2.2499440896203122,0.0062993427894033095
3226,cosine,0.6462405786908064,-1.329338620348175,-0.5200511303601406,2.1839281888255404,3.56819247398938,1.9242885031737562,-0.7840490996848316,-1.2664365148640768,1.010392112642015,3.3368452741042502,0.036371046846333376
3227,cosine,0.21116425451113258,0.40373621302393886,0.5682472664552438,0.6973917550726223,0.7413501762393082,0.6884555929041826,0.5654249829326959,0.3754418585290312,0.19197367621734326,0.03355151249424209,0.005724238678417844
3228,cosine,2.468807380965522,3.4701675763693154,4.2796830301547155,4.676307410136086,4.619640688148602,4.108889610097451,3.263845248863927,2.1271689479514406,1.1789226407421538,0.26450056985784226,0.04777832775432405
3229,cosine,-2.4886116973120997,-2.1628489282825765,-1.7327055309364467,-1.3894322100352363,-1.2375341631247472,-1.3642949851413821,-1.7248603678308996,-2.1563661294217384,-2.469148932492977,-2.5572896177087943,0.012782501473268664
3230,cosine,0.3095936756600681,-0.8228700730254013,-3.1942928650816924,-3.3714626364866076,-1.1060393763131386,0.1329822114989339,-1.1275798605831486,-3.3527153343366103,-2.967085668170555,-0.8157982875765908,0.10860057616321758
3231,cosine,-0.1510810442739317,0.025364100536529415,-0.08040925235074428,-0.39550286713909016,-0.5752559491468816,-0.4338123030923027,-0.14269660681195978,0.02441399392957396,-0.05621357200789899,-0.3962320080835649,0.0092970755473179
3232,cosine,1.3589777876404143,1.8752797662665128,1.6198910554696053,1.089159593916248,0.7113197574994208,0.9122919516181407,1.4324614454025244,1.8188845175523944,1.557096137378338,1.000957679033669,0.03025891644866546
3233,cosine,-4.135362592775707,-1.4391107346983614,0.35400449925731625,-1.1863028833956661,-4.035737466571117,-4.279755202600203,-1.808703644005631,0.28703057369695006,-0.8542203741056302,-3.681122131138227,0.046259991973810824
3234,cosine,-2.8436612672379455,-3.0275580148990895,-3.205987312933939,-3.3611875288037507,-3.5254070686826324,-3.6134302209131177,-3.749619398191429,-3.8005176778502316,-3.8722771966361216,-3.875140202476789,0.01856086197122645
3235,cosine,3.1356962320789683,3.6275205764190948,2.0390824415921145,-0.3833988397652584,-1.8865907010437406,-1.0424358719526647,1.2520684975692444,3.358873669967108,3.5187724023961744,1.7545613142161218,0.07197298101030963
3236,cosine,1.4736028024028682,-0.06792807076570351,-1.1744875521676774,-0.5691059514465064,0.9736689184662494,2.002720440773786,1.3704160410372996,-0.1706738840491215,-1.1426078299149287,-0.5138656935980168,0.029004536618480632
3237,cosine,3.7042217434915226,2.77583736116721,1.6475206215122298,1.9664365216796773,3.35039363599221,3.763018213184033,2.5004578536395896,1.6613972292392316,2.279983444308324,3.707501938012928,0.07295851778819934
3238,cosine,-2.479683387690444,-2.56152277047723,-2.635508700292407,-2.7010065405247534,-2.753885708696123,-2.7727779750132315,-2.7875215870923196,-2.7709088024357675,-2.756160643154399,-2.716428370909384,0.006427485717233769
3239,cosine,-0.12636065088907678,-2.6109903979483784,-3.9517695377004336,-2.0536426418240743,0.18292782584183934,0.03485898591073629,-2.375710425739683,-3.8930999820705066,-2.339245700040705,-0.09021010055919218,0.10243039735408882
3240,cosine,-0.9771066801010198,-1.5477241417723593,-2.2009006208569137,-2.666829955784798,-2.9929784997094515,-2.7761049726278237,-2.3003945139822775,-1.7002913286658579,-0.9329050645077916,-0.559787580992582,0.05870048947932476
3241,cosine,0.1122192212442844,0.10667562360239892,0.09814961775317552,0.09247355279313549,0.07709116611435167,0.07064841564498577,0.05490575178373336,0.045855077376780726,0.037337219082198725,0.0173553475183922,0.0029415993931346065
3242,cosine,1.0896917053096398,1.041163283264951,0.88483975614273,0.6847617699188522,0.5483467917655858,0.5374528150224857,0.5449842314818866,0.7552840231965406,0.9518816324818081,1.0757655298620474,0.013263983474412188
3243,cosine,1.5117902092148692,0.5299647843063392,-1.2837234989255992,-2.771826812651516,-3.208626168813818,-2.119505656636906,-0.5875660032465807,0.9431109452972988,1.5128633268763296,0.9017987506072331,0.12187663984671876
3244,cosine,0.40249694904316985,0.6354367725236632,0.9555602949539524,0.9546094987776683,0.6504350662773813,0.39945033152856246,0.5725001929128227,0.9014742220717291,0.9962999513082832,0.6945365804569639,0.01105893904116013
3245,cosine,1.8178150724441247,1.8702853248973241,2.0119328324584047,2.2505937929441573,2.3624334727386134,2.516556430516438,2.551879160325042,2.50159592617061,2.3844502261677225,2.1973462890124082,0.019022266339999414
3246,cosine,0.8843144147850829,0.69498181089041,0.5563684089847005,0.5068164714556753,0.6020572708368889,0.7084070249758264,0.8184008888060634,1.1354398973858353,1.447839567760116,1.7385891214664215,0.037413113066833203
3247,cosine,-0.03268780299390163,-0.21352974136953462,-0.4892252745746619,-0.8294162707214284,-1.0301814084857663,-1.1842888259728335,-1.2272302765136458,-1.0787123993656242,-0.7998806655966912,-0.5472832954305312,0.018999560114273846
3248,cosine,-2.323128516843088,-2.042110264239387,-2.6189221730464443,-3.488025831472571,-3.811907221436458,-3.3105449152559654,-2.4075839426852306,-2.042630382172307,-2.4979132498798595,-3.373602518939291,0.01847620512538597
3249,cosine,2.6522759919916896,0.7180959673157202,-0.10481185335299312,0.949076164808314,2.860730496224046,3.0339743694541608,1.4210470954099317,-0.22275920417129225,0.2259857144050683,1.9723666970389877,0.11064288416948835
3250,cosine,-1.2972596093468856,-2.305699578042569,-2.1759355705222156,-0.9982339434911686,-0.21910899053792435,-0.7620189398644615,-2.256691230916302,-2.172444665603037,-1.3100788994942183,-0.2654530618404759,0.07551305204375756
3251,cosine,0.28766722602770317,0.3216443519367079,0.34913737081827384,0.37358581276269986,0.3917716601234725,0.40307612690026634,0.41048075786302796,0.4106894225505544,0.40373567218017375,0.3953000060652226,0.001502084617713457
3252,cosine,-0.08330444766618172,-0.4271049966366885,-0.6055306834228216,-0.362939424074087,-0.050121810687899455,-0.0740788513115089,-0.38505674280442254,-0.5908395403099339,-0.4168691914120721,-0.11338770191264037,0.01699245699376844
3253,cosine,-1.772988009788114,-1.756126816007452,-1.726694416798106,-1.7344328473758532,-1.7284404149516979,-1.756972153949349,-1.7923566700512976,-1.8314254273846502,-1.8895400920260896,-1.9415844261579307,0.0044000918211245495
3254,cosine,-3.7812386502644313,-4.0993717281335575,-4.38074167091837,-4.5735029727567404,-4.725120114628289,-4.746884569459325,-4.7066486920371275,-4.616569130380569,-4.380560244859973,-4.122220583089648,0.013451735661505437
3255,cosine,-0.32978249838033835,0.30101793555404305,1.2069724432753273,1.9930211194010943,2.616424095970253,2.5898297082205484,2.074348410291481,1.2293143894956333,0.18622928629239477,-0.527647133045316,0.08821156380962437
3256,cosine,-1.701215785007322,-3.2647420097722435,-3.6003464339429447,-2.599267194031503,-0.926087389826523,-0.1419683466284609,-0.8384072211135809,-2.4994449649005643,-3.831436708984114,-3.25148026040127,0.10807360898341883
3257,cosine,4.012583578104743,2.609712973000804,0.3028371480887808,-1.257570665626246,-1.4541608468286567,-0.3613527662153495,1.6381619782980994,3.591685012873362,4.137044697641189,3.583494507564829,0.1040870016281119
3258,cosine,-0.1700201953037152,1.9831359434886786,2.1019378470928385,-0.2594955904699292,-2.536223264260799,-2.9897895812376323,-1.139383939123288,1.4815130283178188,2.1511141249654395,0.40314159181874104,0.13750924794007915
3259,cosine,-0.11891241128078664,0.9462298262099924,0.6188784848335244,-0.8522813891139688,-1.9150262291320297,-1.7288171121218718,-0.5302150999403696,0.7121057415973551,0.7416868164818524,-0.39388526125118345,0.0769429652758312
3260,cosine,1.9937743262523786,1.8492565235506737,1.7585534417955813,1.650899734831838,1.5414236377318193,1.4905710455986594,1.5277662627773425,1.583547002776907,1.679726421111171,1.8003951007197843,0.011391966270020669
3261,cosine,0.7133750698366633,0.24245618403768787,1.2076925384722061,3.653945775001363,4.905715900040956,5.075604599011664,3.724158969845727,1.4155751217751236,0.22740613666841303,0.8007352842504921,0.15571899800688507
3262,cosine,-3.974792756363385,-4.260539254338783,-4.583745320226693,-4.781922246493382,-4.731508275356546,-4.777713279428277,-4.550062690374409,-4.242607057408787,-3.8166202639360014,-3.383753452522299,0.04231772080263354
3263,cosine,-0.436479481532608,-0.45134467359742525,-0.5188653983220436,-0.5168700337746757,-0.4296148505985337,-0.3052041483452744,-0.10481326528735081,0.10858912705255935,0.4097494188410731,0.7082375596016358,0.018563770198067507
3264,cosine,0.6587419523311844,0.10448523664747345,-0.7646450794015167,-1.310696630688106,-1.3809606587494385,-0.8936057329817377,-0.14928431802164943,0.46704214928586085,0.7799220702246901,0.36174561307693354,0.05214927948510953
3265,cosine,2.234589951669262,3.746386789235393,3.8504248345855316,2.177034958624057,0.37318801015441233,-0.191579043980443,1.0445556600036414,2.7879508727794686,3.909005869545093,3.377021924216257,0.07171616792659413
3266,cosine,1.438532484302293,1.2735177675088456,1.0377228948911121,0.85660534015033,0.8602391923294468,1.0188620082074742,1.2711339379421256,1.420075138635103,1.4014374407880896,1.1889129209962854,0.008571882340146126
3267,cosine,1.0429467847103764,1.211569081221664,0.9916948050585218,0.5605200050609458,-0.006726253749035009,-0.30079201078312473,-0.29375031141766167,0.03444392411716139,0.5254914616226812,0.9589311655151167,0.02020173993534177
3268,cosine,2.3969674351683516,3.1200467027815075,2.515819398671199,0.8220397825913112,-0.3171702884535616,-0.21013985768337243,1.0160519299257063,2.649122248470658,3.1520189253082833,2.2685034278721377,0.07617902679389485
3269,cosine,3.110518266156966,3.0930640642521627,2.91308347896031,2.3211469909790465,1.82983484703321,1.3025415999811263,1.3622511572239828,1.580804838041603,2.2403800046482303,2.838841693901367,0.06282824351353535
3270,cosine,-3.8700573311526263,-2.698754976673032,-1.4019131450819813,-0.654650908132469,-0.038772249613742635,-0.19820243734104948,-0.7396975652021429,-1.5155516731901706,-2.7351621245264757,-4.15595862874827,0.11407718314468286
3271,cosine,1.9522448533079273,1.9178828513526025,1.8426770733323523,1.6552528537105615,1.5104022353382642,1.286049401999925,1.0051257745175575,0.7196306449951981,0.4131394117820269,0.09916975318979827,0.013156280645405125
3272,cosine,-0.06985465195951222,1.574105229925081,1.9138555792944523,0.8250507819036748,-0.8378434129923694,-1.4674409115137916,-0.21379621654708425,1.3331621967664589,2.047368687860242,1.1073662041715022,0.0988639199223938
3273,cosine,-1.2688632720392796,-1.5698512249231273,-1.606553879471466,-1.3659064580632412,-1.115686315997805,-1.0736257817588417,-1.3617297694335855,-1.618954215492609,-1.528730745640895,-1.2523164362466588,0.0185401194519967
3274,cosine,1.1478018311744536,1.5368379537501382,1.7735118779769965,1.736214197091317,1.4239461479577424,1.1772364885574174,0.6540226810605951,0.10697115462164644,-0.5837946586064064,-1.291098303419212,0.06401906653214075
3275,cosine,-2.2196001346371634,-2.736250678508257,-2.540600065297748,-1.6340391338055944,-0.5977123841681735,0.07738899279942708,0.01667604598168699,-0.7692674886319695,-1.9012726293387832,-2.649416024479646,0.05379470764467081
3276,cosine,-3.213051230805639,-3.401702065711257,-3.222773213100019,-2.7459959127580458,-2.2938150864825286,-2.0576888919334597,-2.4439788130685196,-2.928871465586695,-3.310696322191066,-3.3920672864450006,0.04326635721660305
3277,cosine,0.15536402933423185,0.11267701687030288,-0.3535213924426328,-0.8041285627373649,-1.0932422278292824,-0.911655170302347,-0.541317686377246,-0.07872179343690362,0.1740742599837175,0.11926794212501245,0.025441259549122606
3278,cosine,0.2686841016602738,-0.3363965663205181,1.601823521433348,3.852795203015795,4.423338571868981,2.8757170585356024,0.4096171456965273,-0.2777517098764362,1.2505478755334547,3.5701407372139258,0.0907603679721997
3279,cosine,2.053715363200808,2.2770905492469415,2.063099567139775,1.5810587861452132,1.0836110678508386,0.7487759900724074,0.8800198875394787,1.3141776002623244,1.8337253216877856,2.1843860428068416,0.01897301290481774
3280,cosine,2.737023223661987,2.9508547900324724,2.7655934550887835,2.371234541215084,2.071090160680558,2.1410123685107507,2.5157938177287065,2.8774787086134586,2.9038340664963362,2.5936177915833305,0.005962280817956792
3281,cosine,-1.920745250682732,-2.217729060422945,-2.505691829939915,-2.684696755026744,-2.8176368928485775,-2.875402003813797,-2.8869709444552423,-2.78492742670445,-2.5949998352135557,-2.358978736773641,0.015730129901153713
3282,cosine,-2.7712833118752926,-3.183466602952474,-3.4288842989791712,-3.6098038544336997,-3.9213956919695434,-4.099861125220643,-4.176310451916103,-4.283158207170294,-4.519506667639416,-4.520685946432168,0.05165839757106206
3283,cosine,-0.4478703881700468,-0.7029798578885418,-0.9732255979806671,-1.1930241619107764,-1.2521720893014527,-1.1557118674588813,-0.9694971658356587,-0.6942741188165135,-0.4453522421183368,-0.31595294209192615,0.012302478320088803
3284,cosine,4.270174736284682,3.6768695635143804,2.694226541905956,1.5972861016718614,0.525980010122984,-0.2228499411625295,-0.287734628529236,-0.1088537491670172,0.8437128033743763,2.0363585879405846,0.058405698219644
3285,cosine,-0.8149960124123861,0.45063973612089714,0.7339967775908574,-0.04568724716263139,-1.3478299015835413,-2.1084434984760394,-1.7249087025655445,-0.4709093689282691,0.6001450007918353,0.6834607507744968,0.05753610188257695
3286,cosine,2.2433148665629647,2.4398482362120477,2.811355019354193,3.087369397295109,3.369941592056961,3.533025763451664,3.5119824142345974,3.297370610244489,2.941994261255848,2.632649609963652,0.04147934868700925
3287,cosine,1.2358000838349932,1.6206656096103205,2.0149482677967985,2.3678795770053207,2.6284390982430694,2.8607964561793673,2.9978170937584365,2.928327413518802,2.921115060468254,2.7456579533368064,0.028652754499379457
3288,cosine,-1.4454086485725928,-1.3959712384835146,-1.404253227757913,-1.4064500720932156,-1.4791646747101312,-1.5699194971956312,-1.7035696578890223,-1.8662253289480732,-2.0327232522495433,-2.217855595692273,0.007478488812032086
3289,cosine,3.402342785592574,3.929755294935077,3.153116840228194,2.2124871060115265,1.8888072122827486,2.46524442060548,3.3364311919747753,3.7116151208751846,2.95031998113363,2.035111261509855,0.05656958611701429
3290,cosine,-3.653879797122966,-3.7037156669429763,-3.1872041003411145,-2.47917597936997,-1.9932360423120072,-2.137288828815234,-2.771741285299137,-3.4446886989993284,-3.7375565832009574,-3.4618132742636862,0.01293230017095141
3291,cosine,0.002522136482872278,-1.6186888885541206,-0.029551330260733005,2.9614616754968286,3.7794442097903467,2.5379492914753867,-0.5656057377920531,-1.4999252852508935,0.49104829713224013,3.521022796688459,0.18751125584931666
3292,cosine,-0.053767409054517094,-0.31333451993781336,0.024530996356656044,0.801238107558868,1.5713218503647834,1.9515665151510164,1.77965260703697,1.0892270067212384,0.27004010059406475,-0.2485852952121835,0.018141569451469147
3293,cosine,0.808096385755433,0.9426130765876376,1.4195042050486912,1.9656322741171803,2.4090539726182847,2.392527115337022,2.059548836868627,1.4129907792805814,0.9434657193764542,0.8331027767213387,0.03584780282794309
3294,cosine,0.4473147558048742,0.4439203555867459,-0.12939221032884046,-0.9804925557014674,-1.6187046033936596,-1.6996187440624118,-1.19326711689329,-0.39392332066187197,0.2372818843711367,0.49737233088850036,0.0209449963147667
3295,cosine,-0.8495282302920295,1.6613462793979867,2.402810871648756,0.2897899944251723,-1.7023334989528809,-0.9094200293449328,1.6765540142109119,2.4515231215633104,0.32804789799954454,-1.726379103685506,0.05119702872196578
3296,cosine,-1.6766375290752675,-1.9273132463134142,-2.0875473698979743,-2.2724740063803233,-2.2988229720749467,-2.305174895068389,-2.237851462601176,-2.072010913351635,-1.8692505142098848,-1.540342752698627,0.02234948202564878
3297,cosine,-0.1426164173870089,-1.0181545226253188,-1.8137572856642734,-2.194250062488131,-2.1440141724842654,-1.5562466321915027,-0.7114561971721624,0.14523402248434525,0.9112734024960848,1.0080530607927976,0.04502938748044608
3298,cosine,0.6396681512201534,0.6480213587551917,0.6634823501833911,0.6940974181148992,0.7290134930400878,0.7610881638507374,0.800911748593176,0.839719957418306,0.9095190996415755,0.9447464515232635,0.006598114626494493
3299,cosine,-2.212817394173463,-2.6044462138837865,-2.7378778027339177,-2.4786907209165485,-2.0574512541243988,-1.865789405121925,-2.0472110944082806,-2.4897607759540175,-2.7524886848623664,-2.6522446723006166,0.018961296378172177
3300,cosine,4.2608055659849535,4.382349133919409,4.214960895794243,4.1726055983574595,3.860961078275563,3.466034140936338,2.9508659861988753,2.4103684070713345,1.7611832331573278,1.2270532420387124,0.07337919661443348
3301,cosine,-0.5709842737703493,-0.9056857344431847,-1.2113057981701894,-1.3863154654945893,-1.528421671345728,-1.5433083203317186,-1.4336432566497708,-1.2339258329602318,-0.9588048536610964,-0.6078640208882772,0.018786732280117648
3302,cosine,1.2653426920988886,-0.8767990867921938,-0.9678538957626761,1.2067104607438066,2.3862381730433704,0.7835632509596292,-1.169548223556469,-0.5843830871190234,1.7200868260204552,2.2900169393571828,0.05245011215337281
3303,cosine,5.56960740247502,5.192143646749907,3.840903577621009,2.3701646123613345,1.0117852706044996,0.10547779585980939,-0.023877825401033115,0.763954233341438,2.112235418823511,3.8419590288035024,0.060409755004840644
3304,cosine,0.43974371644621624,0.20960330914652073,-0.11828804176513602,-0.3098991166404,-0.5571292752709608,-0.7236288661343813,-0.8619307311241042,-1.0518407201719122,-1.0841156889552843,-1.1969254846778796,0.036820653959358636
3305,cosine,3.7786417507268637,2.52366748156062,0.9999041546638319,1.283037848763644,2.860934969564235,3.7898329514186297,2.6461571450516868,1.1310270531641506,1.2770734370391512,2.85531524036083,0.09558062152291295
3306,cosine,0.0755624911243494,0.22350455345026649,-0.9039983625152714,-1.700172022999475,-3.248478263578736,-4.552585153214391,-4.662622393707135,-3.88753019078335,-2.7946621629466755,-1.4631801453419022,0.16429345879707646
3307,cosine,-3.94434297646085,-4.3581906443787295,-3.5992653846587985,-2.1390275925378117,-0.44085556864375475,0.08951226760599773,0.02272442788270662,-1.40392908087685,-2.9272028893465816,-4.095403288471431,0.13347944020325386
3308,cosine,-1.8493494593637627,-1.6233321013256476,-1.9629545408046327,-2.624483437401691,-3.2692855187468224,-3.3878553534178435,-2.93203214012183,-2.117091698991223,-1.6686988293977667,-1.6822096168325138,0.029486355511341232
3309,cosine,0.6287020509636146,0.6559521378746358,0.6697513962646425,0.6682990222401959,0.6234602436298798,0.5936552354842306,0.5195062542782789,0.4245334775502144,0.33304701784175006,0.2618722215869258,0.012375016771350568
3310,cosine,1.0461559756835133,1.2996179576335247,1.5582969561182203,1.804668008415265,1.9674869574457015,2.0928298115628587,2.203390012611351,2.257034465680895,2.2875925295670876,2.1829502130657956,0.01905651272471073
3311,cosine,0.38175033352017207,-0.3918639199259091,-1.1330573839192308,-1.550659951393344,-1.666694210768283,-1.3595088030996358,-0.8090816938564779,-0.04864059699747865,0.8629966143408936,1.902851193123279,0.04886977899030401
3312,cosine,1.6611143754073399,1.1847786734710306,1.1569449385350459,0.8982775069199609,0.8972361399804786,1.0666901385572034,1.4580672806398467,1.6847284090364985,2.108102354272967,2.7420011182322686,0.05427269720827492
3313,cosine,2.8246760721637023,2.451111871706393,1.831276665044635,1.3201654517211272,1.1520435789197803,1.5395241820279353,2.1215081324727993,2.661338962641448,2.7016255577588364,2.277914793129069,0.027022119907347368
3314,cosine,1.933886884863231,1.4553189819453292,0.6288663604168443,0.09148726771039205,-0.49004104032545487,-0.7927397944329699,-0.8771958726789585,-1.0948400064994486,-0.7869927361299289,-0.3555416404834863,0.06934694738183778
3315,cosine,1.7683869799068928,2.1265912565897938,2.4682373024402118,2.7560908094789025,2.9213853870841087,3.0189147292478236,3.0202409327285884,2.9805127158108333,2.8102276369283863,2.5760942880827336,0.018083065812103307
3316,cosine,-0.10710011785924414,-0.5994007177215773,-1.6510655052959446,-2.6019178417027033,-3.3834847688784384,-3.9457681523507895,-4.043779904913896,-3.532153542422891,-2.6319541714649546,-1.7744522304006327,0.09638476835595046
3317,cosine,-1.7608480437434515,-0.9147796737526896,-0.9076268560911532,-1.6979402749578134,-2.1865529012825666,-1.7034998864021293,-0.838988978668263,-0.8541271772613097,-1.7134665755424803,-2.2398330203161185,0.04194315945284961
3318,cosine,2.6913039893630684,2.9135187049184834,3.1245334594290917,3.2518511621247224,3.294284510970323,3.2124116224534673,3.0275885986031166,2.813370821594319,2.6034319554244267,2.4400205756627513,0.010072631871873254
3319,cosine,-0.8133215107182356,-0.867792288500765,-0.8752543235712174,-0.8789787921477359,-0.8604003319024545,-0.8157727109837034,-0.729331891266016,-0.654731145712902,-0.55360264127798,-0.46827985886923945,0.008765988106947654
3320,cosine,-3.4432967909142853,-3.4958183691987084,-3.5410000111397273,-3.589414759142213,-3.641055464555681,-3.6699295654996043,-3.70449220870646,-3.750023760176944,-3.766812780789329,-3.787930522917906,0.003966170733859937
3321,cosine,0.6912169616763525,0.5677169497780161,-0.42920412676072933,-1.6532060409679241,-2.286431042249161,-2.014109069605071,-0.8784441458775369,0.31536434679106323,0.7804264912641433,0.05595132692299935,0.04870187249344082
3322,cosine,0.14011345400577738,-0.22108813056611415,-0.006168514821681832,0.5058552465211592,1.0686825554532895,1.34859579146581,1.1460229799965593,0.5913228159658781,0.018489401197645413,-0.18924761834404719,0.018848347054565447
3323,cosine,1.611903972801493,1.5082393641324259,1.3707540400513343,1.3313467064979783,1.3588381755730528,1.415544142146615,1.5618967408644227,1.7346027882726447,1.9495736470754859,2.1454563496466275,0.019000821098945776
3324,cosine,1.359681131492059,1.4541225519675332,1.6500254673118921,1.8053494217257262,1.9545855944277297,2.0027771807932826,1.87440514455184,1.6615870509139483,1.4893243326960495,1.388616228780911,0.021269952054662165
3325,cosine,0.7473553514782646,1.4673876823389411,2.833149524323859,2.769411724068466,1.401929557222144,0.7791274722981649,1.8306357494678365,2.9682429543744617,2.3623050045725287,1.0850016662939344,0.04211403812501856
3326,cosine,3.6008162664523997,4.7820347460734824,3.814527894056884,1.8220272405025781,0.8768022907566193,1.8988971588138202,3.9552474119055256,4.796748567472063,3.5554406896354456,1.5946083915192246,0.047508474378228256
3327,cosine,0.5901769649704681,0.9831660637357735,1.2134946884533242,1.3116586262087768,1.3621338170130666,0.8395186301256979,0.4179054151661975,-0.20688609823290294,-0.9147556302485406,-1.8968370480612087,0.080505526781216
3328,cosine,1.5925921477770328,1.3797662077450612,1.2093969890821097,1.2074278052160352,1.362933271638135,1.6256127051537292,1.9951228731308033,2.487772966657631,2.9305139401464353,3.3887321983297416,0.024070335820305554
3329,cosine,-1.0830936453683764,-1.0053000553413942,-0.9350703118699876,-0.871204376747959,-0.822725012096424,-0.7708172379697465,-0.7326916509106854,-0.717811761331916,-0.7170934766220739,-0.7240778069803653,0.0035251910789024046
3330,cosine,1.9694933590761283,1.9466235956447102,1.932255964882187,1.9229241634857197,1.9160353379973083,1.9143872551354235,1.9121917079885247,1.9213237155529939,1.9294839684045912,1.945551808885349,0.001
3331,cosine,0.2232719861617201,1.3499842432721298,0.648608468377662,-1.4696597839174834,-2.938722032493704,-2.4184786258344646,-0.43823393626832374,1.158357006168615,0.9291263353463355,-0.6787428695826458,0.09731421673658096
3332,cosine,-3.0488125398359553,-3.016797711629105,-2.831807517810833,-2.6303869709354752,-2.4804951302736464,-2.450109220019864,-2.5753365250931095,-2.7752738854872363,-2.9628700562349533,-3.038773433247462,0.008071103541597608
3333,cosine,-1.1417078091179074,-1.4121912638285565,-0.7784934388724615,0.26989292607752235,1.0773446916593967,0.6710878388528726,-0.2776203616250393,-1.3477398058125842,-1.2823407654987895,-0.5480922586524044,0.05905836724080167
3334,cosine,0.31041734133889753,0.39665070531040036,0.48090851401745366,0.5162081464105338,0.5083025871149613,0.4756315168429546,0.4224487279431338,0.31019564688512663,0.16745639502750373,0.026548666350569888,0.009198743870096324
3335,cosine,-0.9693504220164252,-1.3180496378451754,-0.28227414309935095,1.3811573624121851,2.482790931968824,2.218770429311291,0.37522829880994985,-1.2578735133516177,-1.465650809413149,-0.06600318284104319,0.0707725773111232
3336,cosine,-2.1731619279417624,-2.014242616221396,-1.858857583102353,-1.656134612311274,-1.6229146535472019,-1.673271295391838,-1.7732884812028868,-1.9392027679008297,-2.0853745510803576,-2.2306189553966873,0.020734377731627687
3337,cosine,0.18364363901725225,1.8320931079825205,1.717962544026192,0.13694941053484735,-1.829524361070887,-2.8628426831402107,-2.028414060577719,0.05393790119010788,1.7103205899325307,1.7130468349595906,0.08307654934974365
3338,cosine,-3.848376800229773,-2.8383405067448364,-1.9590548824128768,-0.9594269456948198,-0.806252701035199,-1.124278041968979,-1.750811331096377,-3.244591545326009,-3.9235739960196407,-4.1720130405547,0.12117635261881499
3339,cosine,-0.34058587862129286,-0.04093831871541488,0.031736049672056045,-0.20076001599286172,-0.47981480232111473,-0.555478172152325,-0.3104437416354642,-0.013970628866452397,0.018856203974062593,-0.22037375761442446,0.011384016698574318
3340,cosine,2.139710774592538,2.3239685811776614,2.502697741994891,2.568554978336705,2.5421565982853234,2.5077618097887204,2.386158608712868,2.2012910194888176,1.9611141070005964,1.6908182764997362,0.022114311592457584
3341,cosine,-1.9996681901837432,0.18657711550909303,1.3926508247401213,0.6364920410197007,-1.1092702029554118,-2.725000179508674,-1.8473018190258839,0.18486329450123137,1.4163299132360407,0.743609838412933,0.08797592289477801
3342,cosine,3.779744573047047,3.33587851632072,2.8289789380926056,2.340759044246526,1.9317883255801154,1.5160138311052416,1.5169736452706646,1.53612641342035,1.8222984670847344,2.230409821080906,0.045460967458929614
3343,cosine,-0.0657247756525814,-1.878445841337758,-4.486239652547293,-4.344773716485995,-1.526278434458289,-0.24051187847630587,-1.3963534439094771,-4.603470137526499,-4.653461978757863,-1.3517658787988547,0.15785779956966767
3344,cosine,2.309522544043792,2.0775612328458175,2.0732270694833774,2.357006220094798,2.730399612699037,2.9494948602518414,2.969707212290714,2.679140312502533,2.311319081516875,2.038940237930732,0.01920017852956675
3345,cosine,0.8330751600236019,0.04166526031411918,0.750656851604933,1.986435950909312,3.667609792231656,4.053305179529697,3.474347355097355,1.8425901473988529,0.46652286318481967,0.09593113797593844,0.09680364187626503
3346,cosine,0.9638892388816065,0.7453273126455132,0.413179943851799,-0.17168916355775812,-0.7441892647088766,-0.9810315228392191,-0.921931823140213,-0.5047160501977472,-0.14167080193376785,0.43938314544076235,0.06297026197334081
3347,cosine,-1.1053559818788485,-1.4652383938428597,-1.7874795331052642,-2.0234700577827294,-2.0936869691631874,-2.012229601524134,-1.7352597698097962,-1.3773076257360592,-0.9402515533357674,-0.6467453900442631,0.0400718943704535
3348,cosine,-2.048232391714307,-2.005540411101874,-2.402209347187395,-2.95395654501612,-3.3399635593046333,-3.371627924342508,-3.01725027548575,-2.452186602011164,-2.115233991853016,-2.032949077011919,0.024848135766230153
3349,cosine,-2.1400293776196793,-1.8177720885300679,-1.7672038813986426,-2.0639700505357714,-2.356182462225577,-2.271729492814793,-1.9186405888910298,-1.7225838449812623,-1.9291146727453539,-2.2297058594663612,0.014499193934288007
3350,cosine,-2.397623008056154,-2.6495864060838645,-2.9898039881583554,-3.225927234121425,-3.309627447867271,-3.2185730882873043,-3.0316590815124336,-2.7566509590656367,-2.4919388996966902,-2.1524414872045754,0.025784413277453344
3351,cosine,1.380691985387428,1.263444411481667,1.1386022334931891,1.0410116971199372,0.9880427465175253,0.9727630081971371,1.0152816415473436,1.1052416472502269,1.216775458470421,1.3334247534676729,0.0037391015051226628
3352,cosine,-1.5834343786098124,-0.7214701488117649,-0.12841468121054617,0.010588052366120218,-0.13587641928528635,-0.7244599628787725,-1.6130261241157993,-2.53594166085877,-3.349964871017681,-3.7878317332130678,0.0515013126047262
3353,cosine,2.0273812778368447,1.707466119238725,0.8178519635715047,-0.20771420203646,-0.9435653536558448,-1.4689255068395042,-1.338533946289285,-0.9710988058164903,-0.029666100411031904,0.7720502596817932,0.09786957753716723
3354,cosine,-2.9795898212714835,-3.3710882625095926,-2.7995649102985194,-1.5368832476952876,0.210142401908536,0.7252082946863738,0.6083234900392194,-0.4839826225644301,-2.457747276125998,-3.1261884089299916,0.13022129021205647
3355,cosine,1.3302651117290538,1.716748885078852,2.1231953396064718,2.3564030383265986,2.3772473211702922,2.1692301706091097,1.7846393266887532,1.3957001572817698,1.1905969398180016,1.081352386103973,0.03644978329147983
3356,cosine,1.8111357655400482,2.4464316553949095,0.5195613005308912,-2.012833389969155,-3.4222421984103675,-2.0650498187093427,0.6850610865062242,2.5332155795828193,1.698841545306399,-0.6240911369170292,0.10812991939361037
3357,cosine,1.911451973883678,1.277175101230724,0.469520597303856,0.5932568931696836,1.4520437344366002,2.0165967705949686,1.3922933531719683,0.5200349391239963,0.46481647902207157,1.4931621931371284,0.049722192706536196
3358,cosine,2.368456455669753,2.533705794830401,2.084401100343845,1.3471959695310287,1.1232688151825212,1.4529024028071762,2.046704873228145,2.5005379572497186,2.3311973190227984,1.5727112914059076,0.03609563503369571
3359,cosine,0.739547346842817,0.2092975243112734,-0.1547225197374169,-0.37166271929325373,-0.43515046616015535,-0.15665870343212301,0.2443956679092333,0.6865080816931515,1.2029089283172718,1.6122139505741704,0.034298015694632034
3360,cosine,-1.460762893386602,-1.3532711914106927,-1.0646540854693483,-0.4038479105418519,0.20097945542956797,0.5987131705625732,0.42967744291747917,0.08674058801528413,-0.5064964121007433,-1.0918516018720117,0.045101023266042616
3361,cosine,3.9533651864092687,5.050634792645466,4.328910654843067,2.2728512548501545,0.922492308112818,0.9099361946991628,2.3621341896758525,4.256547011818369,4.963908499015973,4.027080818288418,0.06657678363946287
3362,cosine,2.1939476899303028,3.168389948358442,4.145139006985721,4.8923492290267125,5.238624173521481,5.029780508176511,4.447854139216041,3.6857201955400956,2.6335739520141774,1.6908531521128154,0.04579943410920154
3363,cosine,-1.506583588249435,-1.112843959526428,-0.8741066303186196,-0.5829813172150802,-0.7988418781568324,-0.9990734629290522,-1.3359171858974337,-1.6393822922090096,-1.961324093334158,-2.2296715764361856,0.04814796476636656
3364,cosine,-1.3871589099393657,-1.4681766696866119,-1.5155062363003142,-1.5275474119476533,-1.517374747643605,-1.4609060678313457,-1.3748188283418799,-1.2614376162249792,-1.144011055712977,-1.020155729875149,0.003901426212338848
3365,cosine,1.7308772595583737,0.7281796145648218,-0.38523949154303816,-1.2799781839131632,-1.5021560460494692,-1.0712275559521391,-0.11954505364849802,0.9660495173361671,1.7684235798749361,2.1265939610339184,0.04276280658976159
3366,cosine,-1.2688176561177833,-0.9658368051188301,-0.8185132839570018,-0.8675026335958167,-1.2289748934026894,-1.3764226185794215,-1.273723558109343,-0.9873439220151535,-0.8078501691910188,-0.8906225803749593,0.019368939100160725
3367,cosine,-3.0451889426635446,-2.8720094064031896,-1.995919477895519,-1.3554419670404136,-0.5873563881295443,-0.6381386473361547,-1.0426651266966702,-1.824611788890944,-2.625801556080051,-3.057533578092792,0.07010561875574739
3368,cosine,1.2171668265689974,1.762261740208052,1.369539828032338,0.03163699252547256,-1.357558117216029,-2.4807595332680346,-1.8438713684405106,-0.8953170839268966,0.6558164801321186,1.8047352782536696,0.10303658562863381
3369,cosine,2.6917141233280573,3.0486855724864483,3.2878785665937267,3.4353102028782705,3.5140629706044613,3.3750899915635513,3.194257891897288,2.873124275436183,2.5382258981447343,2.3054157510903224,0.016380374685769257
3370,cosine,2.6576954247085216,0.1486797973814393,0.4582039312528566,3.2975806117709867,5.33211038778731,4.181707092039638,1.0112763514302774,-0.3739354476982372,1.582280300218474,4.678334686111135,0.13930136605908594
3371,cosine,-0.8456093116824153,-0.7214370017212764,-0.7201710777172788,-0.8646158732113564,-1.045863612728224,-1.309670804677074,-1.7262601970382565,-2.0987413844855833,-2.5884860432965096,-3.0059761765080673,0.017813987640812556
3372,cosine,-2.222983662249298,-1.0243093487693493,-0.24269298094464486,0.0827079490580529,-0.012493191205384349,-0.8201979562325302,-1.8597311242489487,-3.120352428556341,-4.034804267014352,-4.510245690654135,0.04208566259162789
3373,cosine,-0.46579732950930064,-0.9725969567913567,-1.4402619807275503,-1.6805009333722347,-1.8575797776953609,-1.6163813814936594,-1.266653012135277,-0.7122425357404824,-0.12141179588386947,0.45013798560774937,0.06048781623218508
3374,cosine,-0.782112122748414,-1.8308679985828724,-1.2760224459370735,0.9753296700133242,3.297113217123403,4.12935944735255,3.1848111686862675,0.7041212753156296,-1.2462271247438772,-1.8856286384753307,0.1696114517278724
3375,cosine,-1.6656089710112445,-1.654141397198744,-1.6495712152635162,-1.6923015868550246,-1.7135947119807555,-1.7901622077837192,-1.8563554327701675,-1.9427246199857031,-2.0579813425362734,-2.1542951964779027,0.014067755954018584
3376,cosine,-0.7919189127121649,-1.0864263328656598,-1.3505436985703567,-1.5667486247317657,-1.701714019083546,-1.68980653055386,-1.5666433010744842,-1.3694386591050776,-1.0936779392998086,-0.840575764885826,0.02361692426186879
3377,cosine,-4.950538716416704,-4.771078148970946,-3.081211345971704,-1.4009989918045074,-1.050541146729813,-2.3647632147838524,-4.310042015575292,-5.102305498433599,-4.059882081011715,-2.1363084138426576,0.049979939347248266
3378,cosine,3.146088876023381,1.225091447682933,0.36178721253611373,1.6239714509171848,3.471878371331869,3.803674898450144,2.4236903531783605,0.7406258092327918,0.7500162684003565,2.5660124314017163,0.08428448502472898
3379,cosine,-5.551823227216455,-5.505791406508337,-4.498806456046021,-2.342022756277511,-0.6893561540233358,0.2907008742866129,-0.22005940584956407,-1.562408141212704,-3.523752569989181,-5.003040421674203,0.12185106323835498
3380,cosine,-1.1133775206918752,-0.75084158848215,-0.6857751870256069,-0.9643983698828025,-1.2468422959641217,-1.126272452212472,-0.7912842940419582,-0.6331317147166808,-0.8699474483353673,-1.207909438075224,0.01984913011205846
3381,cosine,1.6842199903070574,1.9961859750213107,1.945597598209178,1.5971914554525926,1.2314262118673818,1.0155928563740282,1.245657410010246,1.61095360658823,2.0223054625624957,2.000552763010845,0.03258030020560974
3382,cosine,2.9581359945003007,1.692275001913779,0.18698686892667155,-1.0803456803370575,-1.8246987771545622,-1.8803562528163111,-1.261997301746304,-0.07268541618459462,1.5386070914317038,2.7292895633004357,0.049985206952616615
3383,cosine,-0.7781523301099833,-0.8235521576846748,-0.8566504054649984,-0.8734885662870098,-0.8789783065224578,-0.8719959274525613,-0.8529151637516545,-0.8117535525133517,-0.758852702685708,-0.6966839306850473,0.003972020013463012
3384,cosine,-1.2126431597584564,-3.134899316247751,-4.7733061477245355,-4.1250840209964315,-1.9520676394246994,-0.8990127615371133,-2.2261428559848544,-4.371748910628052,-4.8121769748458,-2.9240102040401186,0.05755599192541994
3385,cosine,1.0736052708125496,1.0903287361448597,1.1078482351812327,1.1126474169642433,1.1211114888353826,1.115901634095045,1.1128734075010405,1.1008539391240395,1.0849287216144614,1.0677278134601518,0.0015732680526052041
3386,cosine,1.7373220095583957,1.8062921787166208,1.881663369784268,1.9569429213629326,2.018946502491875,2.0840834328882667,2.1398820906629976,2.1921110061492737,2.240745232850208,2.2906550238423358,0.0038801467576239463
3387,cosine,2.5864713510598056,1.406413447064954,-0.5546352228199025,-2.2841799831435647,-3.0774227496247963,-2.597219304119468,-1.111359011261875,0.6382884714082357,2.3154641441160213,2.7649808988300153,0.13603987867864084
3388,cosine,-1.5283620337918942,-1.7287941449906419,-1.9323367559139666,-2.1020642182607454,-2.242056575950868,-2.3535543701444688,-2.4548606469244856,-2.510907881473034,-2.560292409890119,-2.5424432096015144,0.008047971605127888
3389,cosine,4.100065542389477,1.5493244857308721,0.1317284467135259,1.7767399431626347,4.334647703649863,4.111916650688581,1.6827068491998196,0.1644305565364842,1.7046802062492536,4.2397392018139435,0.0481659007039092
3390,cosine,2.184681622583435,0.7359433716576539,-0.7909415754007402,-2.1877736979506897,-2.3366534488753805,-1.8212895995734655,-0.386027638307732,1.0958347246040376,2.544556243275927,2.9088236525327518,0.09118565031783124
3391,cosine,2.863829776855193,2.908135664053086,2.9490174411788095,2.9608826628696936,2.9427718394059363,2.9342634190933428,2.8756000850430916,2.7796744952773134,2.708421240423584,2.5897059000527762,0.010788638852151958
3392,cosine,1.1295364908917844,-0.13895803166317564,-0.755928344339764,-0.11264660557235198,1.2183721983268312,1.592048075866428,0.8154882753530577,-0.28393351541928824,-0.6667301280592215,0.07417062798537974,0.05983149687782964
3393,cosine,2.269201022596804,1.532573601074479,0.8690875744783031,1.2474822375428773,2.103281476730283,2.2521753349162403,1.5073863004084929,0.849154312110309,1.2851720911965876,2.185858701906137,0.03400328143826332
3394,cosine,0.6630099810897375,-0.7648964330001354,-0.6746072471875605,0.9785485125839409,2.170024061551014,1.3578440097023043,-0.36211585188288764,-0.9870693679781081,0.2760855359732481,1.8756453159887359,0.031969124935531265
3395,cosine,2.8915616536554225,3.259836574478052,3.6644005929151673,3.886366892567116,3.6070752378609185,3.318140742322852,3.0050101113377474,2.4236746975514705,2.0442509238128825,1.815414581460494,0.04618872854760561
3396,cosine,0.4932035280963859,0.02270165842189245,-0.6280888180167127,-1.1417351200756172,-1.342843765889095,-1.1463373873607827,-0.6354433698478594,0.036123661172814334,0.5096062030713209,0.6215090411209596,0.035751076764039685
3397,cosine,-2.304134145407513,-2.1611896211953616,-1.4518824933985468,-0.40433117622016773,0.4368719057611643,0.7800506790910553,0.5104987948167148,-0.420278371467306,-1.293559354141909,-2.249710076786399,0.04706060362313346
3398,cosine,1.5432898413677598,-0.8477192610522858,-1.4206534830807833,0.7511700693205079,2.6188461335423074,1.521853392406956,-0.9116806275362286,-1.2514929633344727,0.8950800710264462,2.538078146052384,0.06507547869579924
3399,cosine,-2.553966388613337,-2.490479347768488,-2.4391409773705965,-2.3841653060400576,-2.3456931119266087,-2.3213905809766167,-2.287062563627875,-2.2839308682743282,-2.274793263286892,-2.2888627740903913,0.005589924098636416
3400,cosine,-3.937346513781779,-3.479559333005892,-2.920846859105307,-2.3882276213832156,-1.9343030921924087,-1.6428868942675217,-1.6434052047462304,-2.076497830136972,-2.4971916952566726,-3.0919326215744087,0.06503981575016439
3401,cosine,-1.4717931947551428,-0.8419950099421571,-0.9845033598640763,-1.7633961648647578,-2.641558418013873,-2.905569876545419,-2.362506599843771,-1.4537553447903375,-0.8320924790651507,-1.0037583016172023,0.02443657397991374
3402,cosine,0.6484794884646538,2.07350188676228,2.1552279456486,0.7544528713998854,0.02485014599036963,0.9331521576216032,2.2182794564907025,1.8418881632304953,0.4329274832428032,0.03394484242439661,0.0324288377571955
3403,cosine,2.68073966485844,2.6082787706824506,2.525464748675046,2.422183768114463,2.328127259866999,2.2878191828435686,2.2468090590243475,2.248591992768396,2.3203506962809985,2.3750883290501053,0.014147477494328018
3404,cosine,-1.7826806296592612,-1.908015778454533,-2.1611270848919015,-2.3914301777848097,-2.4143620150435994,-2.2455971384466675,-1.985709615446576,-1.8046941536236432,-1.8112782184427159,-2.009401875237199,0.011784145074717232
3405,cosine,3.5983185960637782,3.0464960046676217,2.2394590484766237,1.3134983211478406,0.6988464369776997,0.6389387642822569,1.0920479564519978,1.928884217678986,2.7971017793452737,3.516682387030976,0.024054743869296336
3406,cosine,-0.5634120771764132,1.5384110319400826,1.635786651823893,-0.1470045559313226,-2.5418336377542055,-1.1241948035333884,1.1833858072250938,2.191603663219277,0.35935023967382373,-2.044021283221368,0.1495721918561004
3407,cosine,2.5944891811883317,3.0213308887846786,2.2213978316872818,0.11656971541935579,-0.9675293760002511,-0.4656104023836464,1.0836407467645768,2.7040551448175236,2.8063521045981763,1.5867015622593543,0.10143735416316436
3408,cosine,2.290887754210627,1.9698332188598409,2.1347624595866073,2.6270044146190195,2.9009698340233925,2.769233504197909,2.3848120698934827,2.0364061926423553,2.1193129594108115,2.5381519191193167,0.02483136320092534
3409,cosine,-0.10205463064772922,0.10350032975493659,0.20452546432517327,0.2934400836303485,0.2066119124278609,-0.04602477863312936,-0.3320020723805142,-0.7168790060143724,-1.0157920433552106,-1.297472222807493,0.04156084894305978
3410,cosine,-0.9688904623863097,-1.5208579613657762,0.10430852161436607,2.2368891018116344,3.2245963946319516,2.2853951434541155,0.020861414537748812,-1.417070985148037,-1.072081974399956,0.7744332787780173,0.07441520147837054
3411,cosine,4.688797141511474,4.630519984905628,3.8727965197251777,2.537421701663141,1.3808660409922844,0.9102010878549357,1.2555175765163418,2.388317386837401,3.7276679120414578,4.582740320905492,0.035002173224157884
3412,cosine,2.011975616773038,1.6700751173657165,1.3776500799378169,1.1001230317852315,0.9606927079089416,0.8724222784689596,0.9148443761159679,1.0604054190208496,1.2950596814020208,1.6149097489217532,0.01798223263130861
3413,cosine,3.840844002317801,3.265692236398602,2.456698433703061,1.803592109807511,1.7965783602230767,2.4550072952483415,3.1975153904470885,3.7676619785888317,3.7877887555739576,3.2030714959615616,0.052290383985226944
3414,cosine,-2.4061463025146783,-1.0249063195133439,0.7846623394284362,0.2576846114278771,-1.4634594172241702,-2.365140807589773,-1.062109385666271,0.7270531366328838,0.47044368353454347,-1.3538314228576096,0.11245303513141304
3415,cosine,2.746011558949364,2.517708742002034,2.3931655377483994,2.158062668180724,1.9536594005333254,1.8293912507636962,1.732135374828181,1.7814293605552642,1.7994555630624491,1.8955865525660345,0.021839641535814018
3416,cosine,2.107292061275787,2.701136792754983,3.435162382173096,3.803299436551049,4.016274955830719,3.6188808431207495,3.0908944218270835,2.3567878851690502,1.8022870429371367,1.4674245451032373,0.0652468666535556
3417,cosine,0.4363715536631408,0.052633290251184156,-0.3087691955065727,-0.6035630918651191,-0.765956231529962,-0.8482780301354779,-0.6940352725239906,-0.4312271174927554,-0.054250639882121254,0.2901732819624413,0.017713883587932532
3418,cosine,4.4394436644408595,4.303024659263643,3.058023901524084,1.8308453022836577,1.010535511279187,0.4677777262808272,1.3454886493587042,2.603548976315528,3.932792621483096,4.5559949708413185,0.09148031975664192
3419,cosine,2.8012060572987023,2.725391054143308,1.569198319134217,0.1956278686473571,-0.6233143571258435,-1.1734524966628426,-0.2134490525770359,1.0339530894009006,2.2798538612157144,2.8460338134577103,0.09994842736401598
3420,cosine,-1.0687323646402105,-0.3947978046701431,-0.741037074428452,-2.000199414572478,-3.405247826559016,-3.7107597617152224,-2.7548586837974933,-1.3259404239536456,-0.3946098657833244,-0.7338068071275712,0.0781473032900108
3421,cosine,0.2606724919488131,0.3484505520000416,0.4057343809774924,0.40840109270923913,0.2830698713902048,0.13315927763540478,-0.06501234143738094,-0.487868873683326,-0.6967000027887793,-1.1268059360074516,0.041118122412970894
3422,cosine,-2.5548289554901586,-2.6861810042578584,-1.881928791747345,-0.3909066452833494,0.7071579346979426,0.9000014133150686,-0.06410425733098118,-1.5572747009949648,-2.6379739140161167,-2.679280040157924,0.030470706745451503
3423,cosine,4.54995850736989,5.110627037577909,4.288759271090301,1.7335972878942905,-0.7734302498313255,-0.1803786142290112,1.1665114490456936,3.4770459945587104,5.052970410013525,4.896529726722445,0.19754753263612693
3424,cosine,-0.7550530515911282,-1.7913781256964114,-1.9646958975120448,-1.2651614804771472,0.07704724099017884,0.7360034400091239,0.3943202919085364,-0.8356124924538022,-1.7607533200563217,-2.213044786283917,0.09850149476121986
3425,cosine,0.06514893807697292,-0.34152369897344936,0.4516166927627587,1.7629721152152684,2.6980008041732995,2.6698299829112493,1.4632978440878546,-0.07781726887825108,-0.4591752862264174,0.08172797016147537,0.0710669241582502
3426,cosine,1.7601785620230095,2.942806559193304,2.5535409770788813,0.7901178836321644,-0.8482321440735621,-1.7078202508938984,-0.4898085846885094,1.6827934267442153,2.7616137794064706,2.7060923491026574,0.14030087690786766
3427,cosine,-0.43470341472600793,-1.6289329913513106,-1.5718555021884362,-0.0586730558052197,1.270938376621049,1.5208051038569796,0.0676566302322148,-1.3816138092783667,-1.9585760037250208,-0.8853895066379596,0.10796694403217726
3428,cosine,-0.9582735373950275,-0.3762668541856392,0.3282381771553032,1.031710983655956,1.4172566883919417,1.8948807220516344,2.182154192759476,2.2100052777400876,1.949850198824965,1.8071098608732838,0.0753890628802187
3429,cosine,-1.6843569023996874,-3.0585632446692954,-4.272126568098513,-3.6547334641966676,-2.128052683719299,-1.352695553117978,-2.3457646071870832,-4.056587013826822,-4.195449486330732,-2.6627799029081447,0.06989619339058606
3430,cosine,1.9541996959764654,0.24917062622275576,-0.9164915605654144,0.29834104089903346,1.8950426300691152,1.8540430327918045,0.11625307224041237,-0.9106629363667291,0.09188906867255894,1.8812155266131028,0.0753891903755818
3431,cosine,0.4174408769569826,0.8535575190793975,1.0759269867840864,1.1791703269821494,1.0216204605763513,0.8531187150904805,0.5247100287043313,0.1448331895206854,-0.0879728275474643,-0.4688927484544186,0.03415810638906277
3432,cosine,0.39681941439134205,0.21283338545751346,0.46403336674269674,0.9360144122288144,1.4423556629091547,1.7092390995803501,1.5858217432189623,1.077755126959001,0.5181956545273282,0.21579810437296243,0.026940134097789666
3433,cosine,1.2094985207962552,1.0839822392724363,1.7357109886744122,2.8757001104688764,3.6309232742437176,3.7215021075430252,2.9469119286073546,1.7470168165562672,1.0624046667428293,1.203363651879018,0.04672319692279484
3434,cosine,-0.810882881548807,0.9456643603299877,-0.3151676524353822,-3.4242600025563346,-4.763699701113354,-3.155502520469906,-0.03747340054983631,1.0293449809234523,-1.4814633304391853,-4.399445588554064,0.13584043463500048
3435,cosine,-0.6810211810805813,-0.47938204998689715,-0.2939349922632475,-0.15790873305723702,-0.09399374400259876,-0.09234692275198554,-0.17739303186027738,-0.32412331054417337,-0.5193315187080919,-0.7507229463418844,0.006738147874361346
3436,cosine,0.43705009174196846,1.3230529679043177,2.3512656003106884,2.9475386843313576,3.0050138962925974,2.629069772417651,1.548020084509754,0.6212048110229511,0.18987470690521052,0.1254211506648332,0.09479533690125568
3437,cosine,0.71385208437937,0.559677834908463,0.44227968972210163,0.32818520395228634,0.24888392993959566,0.2075292007366236,0.2128288267455298,0.2530998270907196,0.3098901780762224,0.3889198406071179,0.009562387082195242
3438,cosine,1.0599680475023436,1.5362277843647714,1.8082324043011024,2.0514108604681547,2.1124626588914412,2.0538902662255194,1.8951969580360064,1.571661344215774,1.098891308619684,0.6560237582753621,0.02462748151628705
3439,cosine,2.663267734312638,2.6745280412924153,1.3700914221605702,-0.4933881473372716,-1.6104179534864473,-1.4641224375696051,0.10250747644034773,1.8265146210510814,2.888864940271452,2.27807205615863,0.08089813944305577
3440,cosine,-3.388192774975949,-3.9214635286663113,-3.5729560394772024,-2.5050528512386556,-1.661224745702115,-1.6617017027183902,-2.1843487284559067,-3.51763781615238,-3.8281229144148363,-3.669891344075447,0.08069229646367793
3441,cosine,-0.9140959895208239,2.089411014594144,2.527629533274732,-0.22622786575080847,-2.1276151927321907,-0.4299764728341147,2.4151850868535534,2.3307500906293344,-0.517788824378961,-2.1129746826413762,0.06765691108988815
3442,cosine,-0.8659672515203604,-1.183608270454784,-1.7487941377829073,-2.3220032276581852,-2.595139988484252,-2.416245627032046,-1.853240280018856,-1.231520503331844,-0.9394179484547951,-1.011592819944694,0.022407016578972493
3443,cosine,-2.9732930924663066,-2.804128227036099,-2.4821592745079766,-2.2672997207047265,-2.0329307812381545,-1.9280604317887502,-1.9299195432666227,-1.9791397836691829,-2.1640704469716128,-2.392315050086077,0.03299643718462108
3444,cosine,-1.6935889350327091,-2.5447113556128533,-3.338441632816781,-3.987482940179036,-3.9213927347689053,-3.585287786973577,-2.671554155791994,-1.7792430284135392,-1.209179079547035,-0.6590119627281686,0.06373244226762624
3445,cosine,-0.15939868848496969,-0.09045104140480628,-0.49078132133873015,-1.1495450628040604,-1.7122162871607536,-1.9926496438501977,-1.7171307272214957,-1.0665316804012601,-0.36602066463008076,0.05903384661535016,0.07221699038246213
3446,cosine,-3.5847490592177063,-3.6335709407872394,-3.642195904391129,-3.644014022678103,-3.616562543425481,-3.5650244035209386,-3.498671200663223,-3.4039014875643834,-3.2988545894484225,-3.161391125346765,0.003724794002110249
3447,cosine,0.6287444565369562,0.7145310113673926,0.7819931582092705,0.8972467555979756,0.9467287870337258,1.0513722060099604,1.1012493883787555,1.1840384672631623,1.2449201034973456,1.3028735340202482,0.011041153967384644
3448,cosine,1.0314435366120687,1.5974922929292519,2.310456639707577,2.8617238501252777,3.5529510974704723,4.0315437893835675,4.292778708913943,4.42264756142717,4.351002710042825,4.1056514958761285,0.040546040881958914
3449,cosine,0.6882072262164354,1.1286957677350316,1.8632082629649152,2.5268439064156074,2.9888931899878046,3.1913711318814495,2.9011629409458775,2.280775788734822,1.5840903700470623,0.8336333150097316,0.049612433697847305
3450,cosine,0.15312696241299353,1.7240784433129566,3.3165013429074035,2.8663138683091836,0.9988502238101564,-0.24272681926935455,0.7169998441160431,3.186350120502829,3.308635297801481,1.973134659322203,0.12596635379755067
3451,cosine,-1.9686618084106609,-1.6281319550546656,-1.3780454958709991,-1.3589600766329675,-1.3580988552752031,-1.4728558101675642,-1.8124174064224137,-2.2750963648495186,-2.7020172135747083,-3.217865292171259,0.024366828629649027
3452,cosine,-1.5212066635440538,-1.2294963314614826,-0.42253000278293734,0.3684862903675022,1.1052365553623307,1.295014604007439,1.0105798829133754,0.35882693962936363,-0.5764152463138108,-1.3651386667674301,0.09678802677271983
3453,cosine,-0.670285670885179,0.17779749957354915,0.3285051640061769,-0.6209339755492885,-1.543766561938578,-1.3829302923354663,-0.3183325708652735,0.4876477260241773,0.0059678691366029865,-1.1009728424966325,0.04697714448942066
3454,cosine,-2.8063539223481566,-2.838339445581527,-2.896039344599325,-2.940327019091119,-2.977822518016867,-3.0116779357499834,-3.0393937552168224,-3.0542479623033802,-3.066750075953388,-3.081026349533338,0.005972585424805751
3455,cosine,-0.3290566805320084,-1.279621163438071,-2.032561566988687,-2.4335828782057525,-2.843609956067616,-2.741348650622066,-2.293871607475904,-1.7290598727736093,-0.9101405804860558,-0.45505137146617114,0.0859230623729618
3456,cosine,-0.14785761876688808,0.03338514635133831,0.19760649108913234,0.2587317213799353,0.2718726257667273,0.17299274310753432,0.03231414643038156,-0.12992362785921105,-0.34762386950942853,-0.5155872397166,0.01609588363101639
3457,cosine,3.9735465066233933,2.7218936282763346,1.0178992151295967,1.421480907725995,3.2948838413281996,4.0098071431731395,2.5827093977455133,1.0184717832584744,1.5763041888611833,3.418214384745349,0.04146094832640652
3458,cosine,-1.8953515658178512,-3.680479787701379,-3.4243125228167615,-1.8335420367842035,-0.5702930396870993,-1.936645219804073,-3.7432504726785143,-3.6532537995770626,-1.8306030163466693,-0.6813467302871101,0.0824400790013391
3459,cosine,2.1960751553733084,1.9408215220502596,1.980524205105232,2.318498722668974,2.484475746987739,2.38099674167036,2.0620634187391382,1.9202201863874508,2.1480023127697594,2.431202971346788,0.01655505704171172
3460,cosine,-2.1305113544622047,-2.2091007270949725,-2.187446902213701,-2.118148897697365,-1.937048007466344,-1.590828593712156,-1.2631597800407568,-0.8481016900312416,-0.40329113540347405,0.02424032144365687,0.048046287931783324
3461,cosine,4.986343236262754,5.32077958365718,4.145513984829036,2.555301050661314,1.01946622008971,-0.25715355530018436,0.11000740665794008,1.3877650061383529,3.1790916954891277,4.859623218140961,0.18312644289973232
3462,cosine,0.5391239726489123,1.2594984661276882,2.439683800615736,3.6135379612968026,4.451661698596031,4.798928761142885,4.586124371211945,3.886674864643781,2.798732212039998,1.7006991347290255,0.06545007756664768
3463,cosine,-0.8105516365618828,-0.5713217715562008,-0.8442798158618898,-1.3922947430413686,-1.735028288218732,-1.5710784798816455,-1.0692497941388504,-0.7169756696811308,-0.7103034403130696,-1.1077001826736286,0.03329031201783062
3464,cosine,0.6898272852117134,-0.01292796293641943,-1.2619278844047295,-2.4693500647737867,-3.0502300101275766,-2.539148029393196,-1.4457074616540877,-0.062469248596687024,0.6015723630689376,0.5052348594824448,0.05156272141069185
3465,cosine,-1.3036269260664755,0.017039854792070878,0.40557805847210404,-0.8110416503138903,-2.0115121415768873,-1.9621347952979236,-0.6322443706904903,0.4241245362213564,-0.17370588591470698,-1.4611143504941837,0.056905312768315154
3466,cosine,-0.5352045946697854,-2.3405079014192522,-2.3222562435387175,-0.2224764279618603,2.254329972804686,2.9350795955658597,1.7558022501282986,-1.0419630231128554,-2.6237584575929844,-1.9518392206773767,0.14099063569866505
3467,cosine,-1.6216852262040566,-3.835580671969665,-3.2023335137498155,-0.5901367286078281,1.1326356571382707,-0.48020462880088055,-3.3803571631606086,-4.132615230259928,-1.9219435976915573,1.0718074355993203,0.1531291292304655
3468,cosine,-0.7477988301123124,-0.739598361121666,-0.7335452504358035,-0.7289353409262598,-0.7275835299118402,-0.7248524908402812,-0.7242140662152088,-0.7267223878133388,-0.727952440262546,-0.7349890972937388,0.001
3469,cosine,-1.69657014950426,-1.430142051631506,-1.148838055083542,-1.0025948254060428,-0.8005666971188172,-0.661864001860628,-0.5698830180735184,-0.5216909068848314,-0.4119858188252016,-0.4784880982711294,0.024819423203730467
3470,cosine,-0.8869552331705508,-1.0841077998791129,-1.204433965220677,-1.3307795992522102,-1.3665412399532506,-1.3482387005883179,-1.2482336703117207,-1.1223259454535903,-0.970885481270895,-0.7464739741200341,0.017989804964399017
3471,cosine,-3.1205992478232276,-2.8602091285147173,-2.276166607999275,-2.0337740194444267,-1.5998715708270976,-1.4152693617140846,-1.260023038426544,-1.426496579659351,-1.7866418401666588,-2.2617705499123124,0.049409222283810963
3472,cosine,0.16587761902487685,0.7131198259341444,1.3841760712850926,1.9225830891302453,2.184556116185269,2.085645520946333,1.6362010992850522,1.0241365118653283,0.32948786250676193,-0.05861673276100976,0.024041122816997256
3473,cosine,-0.22003920057246187,-0.6554523784747885,-2.3284492947158055,-4.223201987439671,-5.161917859866485,-4.443983630223685,-2.2443863119077188,-0.5869285489217294,-0.3531781220105244,-1.4817704189751117,0.11142245134943937
3474,cosine,-1.9247239208339442,-0.5850903875797194,0.4966710567636238,0.09715601002432592,-1.5171470765599846,-2.0320461721429255,-0.8125434139525799,0.6117571737684198,0.26524796372613313,-1.253207817697657,0.05893955838640862
3475,cosine,3.0976788745003656,3.4100053256836826,3.678178196203881,3.8215779114992783,3.8703793066089136,3.8203591927388225,3.647345364575027,3.4037781084771943,3.1045456963336373,2.7798544403562624,0.012043079337397273
3476,cosine,1.0885903512970787,1.1786186306444901,1.5314669658146978,2.0748747966035452,2.167197996479726,1.9228808937026147,1.4247355619832458,1.142773600652373,1.1172707857678164,1.6727839026918718,0.03549909897840632
3477,cosine,-1.6162182313049103,-1.6598979584246156,-2.4352728753783666,-3.1446009731955726,-3.6996633067184588,-3.610870632161067,-3.0847330557630768,-2.23165782935822,-1.7105114633523113,-1.747334659464729,0.05091374314929904
3478,cosine,-1.6451755343355168,-2.361021610666567,-1.731642879561103,-0.39679707926774355,1.0286382809731716,1.4297429599008757,0.8031891963480198,-0.6515390235452603,-2.063182473527506,-2.2768909976749585,0.07100477100526695
3479,cosine,-0.8209526518208028,-0.9085225474398929,-1.0414360602030508,-1.1838656364866704,-1.2932764865539905,-1.3685781190773703,-1.3502098811131327,-1.284466894556169,-1.1770076849802706,-1.0247930693425924,0.007510784954919193
3480,cosine,1.3442548389314282,1.330231907209057,1.5454624808780468,1.859129767829061,2.0453823502791724,1.9645252126124508,1.687632138009904,1.3913828291932377,1.2961536445338622,1.4541384839071332,0.007338333220417816
3481,cosine,-0.8205242495914734,-1.468472493740559,-1.816478982473134,-1.9227518509530885,-1.855926841340041,-1.5687449898617434,-0.7887953512531485,-0.09430613842306218,0.6037645153444041,1.2893394795462545,0.09796372199091294
3482,cosine,4.03288733745414,4.819445993353476,3.4337395585579005,1.0815816851875237,0.1080446736290859,1.0550222113955732,3.2021086174535776,4.705478481839627,4.037579933595516,2.295389065993048,0.11883605111744973
3483,cosine,1.5482171745705544,0.9451173712058637,0.15699934740690885,-0.7032067940830385,-1.3619533571069944,-1.7123978177609114,-1.7447199401246003,-1.2550269665209586,-0.5491076147420113,0.2822619849862456,0.02154589334164944
3484,cosine,-3.404191836055084,-1.328373822993305,-0.7629915132403203,-2.3167698171066076,-4.265554837132492,-4.376931125028645,-2.6039441418781735,-0.8049065141341977,-1.2077282744100588,-3.198545400923482,0.03066116671040555
3485,cosine,0.3396018924579418,-0.09723900925681334,-0.45102898806426917,-0.27269233063180504,0.24638368564516652,0.3564254735027085,-0.03907341089275644,-0.4532081301399508,-0.2921111642919819,0.19393872878526802,0.01628099910577898
3486,cosine,1.8355384877740013,1.9891432850019797,1.802652586305939,1.4227148130538882,1.1777423778505176,1.2868676066517784,1.6297734918701139,1.9538750374909786,1.916231533901535,1.6174181648096957,0.009951102914628727
3487,cosine,2.0602486597893495,1.7226152596227835,1.3146899427878727,1.0194611091858092,0.8028296506701403,0.8231277721602991,1.0227361232569947,1.3700829177629676,1.7877338767609707,2.100091929609241,0.03611925461794972
3488,cosine,-3.454560297479372,-3.6008373328447507,-3.7312808171203002,-3.8361812813180998,-3.9499043689618962,-4.021059825370569,-4.1333245343926155,-4.175346028415102,-4.252207847943894,-4.318302974383267,0.016153279221788067
3489,cosine,0.012970915853498022,-0.17346714335717,-0.5168941986715773,-1.025886404813633,-1.427414391707767,-1.7274759647963536,-1.652821236231916,-1.5565900319981871,-1.1434320973320775,-0.6844886657684378,0.04524504192439
3490,cosine,-5.352391009446591,-4.384827508936295,-2.463048339880856,-0.7587077905089238,-0.348437555305742,-1.4667120074743694,-3.7810513669565102,-5.282384319607542,-5.0563389372300005,-3.087625275381018,0.15790382787873206
3491,cosine,-2.755094951890743,-3.4204534374304645,-4.057795497180005,-4.614802063230641,-5.049083664996154,-5.355608915399534,-5.434075963503022,-5.4004525759899,-5.077788719148646,-4.725193615094558,0.024926542679723697
3492,cosine,-2.1106376537166613,-0.7251081311310336,-0.14360164097232228,0.35180847978180185,0.02779169743617746,-0.6863944767846204,-2.0171545668832453,-3.289765625684406,-4.2488698133085885,-4.851251953961282,0.10393056576471134
3493,cosine,2.122990327793207,1.1154682752565532,-1.892127710416693,-2.1189420513193618,0.8223284826053069,2.154492734126719,0.29583839507791543,-2.3361698512688487,-1.1740916336742948,1.5744738458494942,0.1337805425333825
3494,cosine,-0.21759244594671856,-0.07256767922573215,0.12559769173876903,0.28863449020489373,0.3619028850996835,0.3258972554790268,0.19179963895564375,-0.00037488015789961804,-0.1664368371785387,-0.26401241566480704,0.006989092438324878
3495,cosine,-2.780989110505766,-5.297941394185014,-4.269302634626377,-0.923717169831734,0.5359994209881099,-1.5790968682586672,-4.664231014851935,-5.124263333932305,-2.3970071658183123,0.5011396303303135,0.11798693861339363
3496,cosine,-3.294363877398778,-3.2259625462315116,-1.7175710913036644,0.4603638158289006,1.9785189594552421,1.4501646140806448,-0.09262540771183314,-2.0918640941609943,-3.7587753088148217,-3.0118119645755383,0.17312515533096662
3497,cosine,-1.1382413878659787,-1.5067092277618066,-1.7981281134372453,-2.1848097212416393,-2.3893155610186,-2.5393418025576646,-2.8469775686597374,-2.989207385149667,-3.044990255640179,-3.1671531074994337,0.04497795212166635
3498,cosine,-1.9831693885902193,-2.8899538527694073,-2.1544057637046468,-0.2747361741714026,1.8418880966389555,2.339270689675401,1.1987495170078064,-1.0124263158298914,-2.832173188714762,-2.8383989414249546,0.08826360385972261
3499,cosine,-0.1885728250559362,0.32842730147947696,-0.2947622366157491,-1.2551082320482052,-2.401706373485712,-2.8695736293827334,-2.5876476605519074,-1.892701109654208,-0.5793109588826983,0.24856596773851752,0.06905679474228117
3500,cosine,0.5023896121407815,1.7408286859297015,1.6702111399388528,0.2643828050551341,-0.9424591667714576,-0.62084621461474,0.9238361572411994,1.7647890503997934,1.3094721039736055,-0.19252649822279608,0.0532605177105572
3501,reciprocal,2.84025836728228,1.2997998029615998,0.7276879999998821,0.2695577773069562,0.027865545485323003,-0.18616640113677108,-0.10554503810847435,-0.42101224919598673,-0.3740174846579616,-0.6299301627224428,0.09227405490103402
3502,reciprocal,-1.3701721015333033,-1.3688620272209706,-1.371549757854259,-1.3729614390169362,-1.3744066689496797,-1.3747953270676398,-1.3738357909855066,-1.376653327383853,-1.3771994441105717,-1.3765897910703448,0.001
3503,reciprocal,0.9737330705945784,0.9412106208257894,0.9113510657912021,0.88278452705981,0.8634764538577542,0.8415717809126587,0.8252245233442028,0.8105678798322288,0.7931820701297883,0.7791060191836139,0.0012531476579377976
3504,reciprocal,-1.4063270902707046,-1.4207485498196233,-1.4396756356384053,-1.4505809343207792,-1.4641708551789958,-1.473584585800875,-1.4862211530236815,-1.4867937924562056,-1.4939674607669453,-1.5002308318669912,0.0016312506808779709
3505,reciprocal,0.39534779023747685,0.35176803807155266,0.30693814503879185,0.2724865911456208,0.2435087439937992,0.21715423422580452,0.1973834671719437,0.1830978568153023,0.16053758821598763,0.1434696625018721,0.004880312799105017
3506,reciprocal,0.7838529514972583,0.7798314548174948,0.7779076150559346,0.7758918185406637,0.7749971745859625,0.7727520860459162,0.7701474155545852,0.766849440371395,0.7686774688839629,0.7677891693918659,0.001
3507,reciprocal,1.4834500326881501,1.4635424850326577,1.4500328571064383,1.442181333570096,1.429871221232858,1.4144058433915618,1.4053131175600673,1.3898858568647823,1.3910533468572104,1.382316333146123,0.0027386062555428393
3508,reciprocal,0.4729688761381022,0.545921290462506,0.5804732176558336,0.6075152683373343,0.6433999500203625,0.6690700164626696,0.703449550437882,0.7262253714650333,0.7482753199597914,0.7507239972081239,0.006707486726213344
3509,reciprocal,-0.14193441221132083,0.0028883848547002784,0.09139120447047815,0.13855500510196117,0.17920085183700935,0.1990135808194769,0.22057437988158962,0.23797934552008254,0.25917273647150463,0.2674039237677969,0.0072892944741802836
3510,reciprocal,-0.8941539679931476,-0.9677374812897671,-1.0312308721453274,-1.06668983445535,-1.116318981312091,-1.146856867692518,-1.1599240604032937,-1.1984441338202547,-1.2167594010448843,-1.247813618351351,0.009378995024021036
3511,reciprocal,-2.785383252100798,-2.6488191291791354,-2.5269786492054833,-2.4549546238865227,-2.42747762777172,-2.331852461351508,-2.3040315274332523,-2.264350542684725,-2.250844331897072,-2.2414375527054555,0.011600634136680216
3512,reciprocal,-1.6786860444225495,-1.6780052423117298,-1.67470103959758,-1.6734316661351425,-1.6725933516284295,-1.6727132111669625,-1.671007587783426,-1.6687980378845881,-1.6713751246694424,-1.668247225129893,0.001
3513,reciprocal,-2.818428296390075,-1.7513483862679426,-1.120331492829626,-0.9846823318653894,-0.8059798295294367,-0.6535194178302526,-0.5188478498662241,-0.5003372594144421,-0.46182911587223674,-0.3180967965006034,0.06055365659712009
3514,reciprocal,-3.070224275798573,-2.3750981557829403,-2.0276751047093153,-1.8023896483193191,-1.6821289169386504,-1.550092561163205,-1.4948715574545353,-1.4416286890365595,-1.3837698364917155,-1.339062306097991,0.010613777022177907
3515,reciprocal,1.1520333263085971,1.1976321447386966,1.2358852887551632,1.2751202474253687,1.3103938274317233,1.329163698205646,1.3520749613973102,1.373050701096772,1.3950807785150232,1.4065137620683401,0.002264167157813761
3516,reciprocal,0.36377941416058895,0.2870447542817228,0.23191774426715958,0.1759514886643017,0.13423755005356974,0.0927435232026024,0.06650054195275794,0.03493875304051942,0.006524899065541049,-0.00847378011072064,0.00507859418144508
3517,reciprocal,1.0487668413578684,1.0684172479447904,1.0849895299312775,1.1029497192634259,1.113680260840169,1.1246861883953618,1.138393688641748,1.1507385070911742,1.1609468898161912,1.1684037529391456,0.0017216357187034494
3518,reciprocal,-1.0410392900900896,-1.0509483149682988,-1.0606372003212021,-1.067892210057556,-1.0724428654503924,-1.0795279957481523,-1.0837037400608538,-1.0861921630556792,-1.0904461086216883,-1.09327390514017,0.001
3519,reciprocal,0.1321853586151068,0.13694153899766356,0.14503581773874952,0.1465454395493296,0.15053481168654287,0.1541529793529005,0.15841302573036808,0.1580511390132397,0.15948589379187542,0.16262688467905984,0.001
3520,reciprocal,-0.677478564953611,-0.7031927799940462,-0.7349426997362277,-0.7524741435626564,-0.773474303906846,-0.7998645313797628,-0.8046773856719615,-0.817214514797407,-0.8332664669922516,-0.8501613417654283,0.003959701974305817
3521,reciprocal,0.6627600061373357,0.9844134346490662,1.1649568377867425,1.297160820648013,1.3878076465865459,1.4337152974446714,1.4852742595691777,1.538028810058575,1.5869446850980902,1.578284552895345,0.01866886395548102
3522,reciprocal,-5.5074087027094585,-3.9021838524208436,-3.145953347276474,-2.8841853402646906,-2.7388745371410805,-2.6491779542755327,-2.539441903385001,-2.3952616116868612,-2.3986774646316213,-2.4476164352885617,0.08556657177269572
3523,reciprocal,0.09522597627304616,0.11479504947691684,0.13458459734139064,0.1524300093646289,0.16474227953702336,0.17966711369226848,0.1909534637297944,0.19978898479256862,0.2062604046916858,0.21711705586296137,0.002274905179808821
3524,reciprocal,-0.3080800825189844,-0.25769689045634764,-0.18955461160636952,-0.1481517538283314,-0.1083761919721725,-0.07144657458796673,-0.029015337354010462,-0.017837350216647264,0.012588902641640714,0.03195756870623314,0.009317750706296368
3525,reciprocal,0.43045576625731796,0.4336373234105698,0.4404932401278618,0.44534566417560933,0.4537021744203215,0.46061640852902436,0.4667216362040582,0.46795537362863404,0.4750166927156256,0.47681926677160485,0.0014142147988943476
3526,reciprocal,2.3123335354661685,2.2801705745284453,2.2483489258979192,2.2191447811020812,2.2007522711049843,2.1679732321962617,2.1606713769356456,2.1468608755351037,2.124496987024047,2.1120598761822347,0.003858631275484057
3527,reciprocal,-0.2706882583158792,-0.2619489089076406,-0.2569980678587767,-0.2493421443395835,-0.24448462983609603,-0.2397162191843157,-0.2374393157730414,-0.2324826960557019,-0.23089463040645886,-0.22681956209563434,0.001
3528,reciprocal,3.1173969374050334,2.8464841794964864,2.6605213626805453,2.5430059493078434,2.4694161283662432,2.3769395653893275,2.34089308613585,2.3181269672039915,2.285976861792814,2.2374348735149963,0.017528574218711023
3529,reciprocal,2.1155328014345143,2.0743683509923367,2.042934887040764,2.0210140315145186,2.000785754210146,1.9813147422842086,1.960214663578922,1.9331653253033643,1.9351547677479428,1.9140151897290671,0.004895437087959545
3530,reciprocal,0.5657508085757034,0.8509928730305477,0.9746584981867483,1.0508316794065806,1.0899788630891378,1.116989984235352,1.1419705755182479,1.1637737296113448,1.1742757838966824,1.1828990157063624,0.005160242569205584
3531,reciprocal,-1.0306081781863607,-1.0206945967898688,-1.0149199942158533,-1.0104205624035925,-1.0053566053087408,-0.9999781747490625,-0.9971872251309559,-0.9952156463539874,-0.9938964847281838,-0.9922734129522273,0.0011006776975608199
3532,reciprocal,-1.858863832593795,-1.544635021318311,-1.4083033359122976,-1.2121927628191216,-1.099081488582143,-1.0356803649877144,-0.968572950303734,-0.9391686637644382,-0.8958661714630417,-0.8627308855663964,0.021408334629593545
3533,reciprocal,1.5561528385725838,1.5390156405911235,1.5253032684900638,1.5171125309039875,1.5076446007296604,1.4987920258781813,1.4914645089605274,1.48289970132298,1.4744017837713757,1.4718356745430632,0.001826096535112907
3534,reciprocal,-1.7289010504530786,-1.7369278493427454,-1.7447341525236348,-1.753433559993498,-1.7586759189030787,-1.763668202038545,-1.7707559651802018,-1.777005838436615,-1.7796329099888692,-1.7846261264751169,0.001
3535,reciprocal,0.3308326383643732,0.31246588785481605,0.30126501478709866,0.28780257153814204,0.2763610505762902,0.26681181022527367,0.25471487770053036,0.2460557598455152,0.23660175250534712,0.23076510342312234,0.001525965627479764
3536,reciprocal,-1.3146767382366387,-1.3159537348715795,-1.318630004766011,-1.3208148711686627,-1.3223402234412274,-1.3215667984563109,-1.3209979418257456,-1.3241794472995905,-1.3239165905231327,-1.3275222084407199,0.001
3537,reciprocal,2.0387901155671475,1.9857094134731754,1.9311548821517133,1.9193170577359306,1.8676086915016978,1.847050264475472,1.8284140598386405,1.8015965740048383,1.775497667780959,1.7666728531275038,0.005347912629202895
3538,reciprocal,-1.5953830582689663,-1.54319338876104,-1.5078977391917263,-1.4760901532187312,-1.445146034412682,-1.4221201364205405,-1.404853329462417,-1.3831678075123754,-1.3596160756780677,-1.347779412781852,0.001930344881559234
3539,reciprocal,0.9428746486766308,0.8307512933296012,0.7508701916483187,0.728991307890882,0.6917310505592259,0.6633790180995915,0.6490489075378615,0.6313808430594853,0.6071083467912194,0.6047784238126667,0.009303546398299344
3540,reciprocal,-1.2806279670204157,-1.2659533880670122,-1.2508504254066186,-1.230154741658313,-1.2188863287846372,-1.2097481379963027,-1.20069689679047,-1.1891620675314103,-1.1763644385942484,-1.1635084452373983,0.003485104124664381
3541,reciprocal,1.7006104651500733,1.595203904597551,1.5131102027358385,1.4539737585706831,1.391508272786041,1.3554633857961456,1.3167627297743751,1.2836494204818507,1.2573704163890669,1.2340999592776403,0.0033291372842130735
3542,reciprocal,-2.171194438096206,-2.153469591493458,-2.1380433445341214,-2.126705770560244,-2.111696797694731,-2.1032501631937235,-2.0952601384951626,-2.0896499825136603,-2.081009375743489,-2.071495064701759,0.0026954851658290376
3543,reciprocal,-1.4379432074474292,-1.3915165228004953,-1.3490548259324062,-1.3152595361666475,-1.2847317449370106,-1.2646020456768206,-1.2441720708816741,-1.2236741061693102,-1.2112499699444819,-1.1928546074451467,0.0023021605546335562
3544,reciprocal,0.4858624816703734,0.4048674891443768,0.3343496743272567,0.2958464859399409,0.2556696383155793,0.2207055850853498,0.18892900549209415,0.170696117926577,0.14633218161823708,0.11917262049041524,0.007362185301168937
3545,reciprocal,1.5040234163851613,1.5047280929005062,1.505352962976082,1.5059958579353494,1.508204041277613,1.5095223751807103,1.5077835225727338,1.5095187038037214,1.5108658608955883,1.5103433918218168,0.001
3546,reciprocal,1.65066168261996,1.5343121550110503,1.4562507712465655,1.401701981880094,1.3412507653464432,1.2987519942084709,1.2603472521664414,1.23075062269824,1.2072621587331533,1.159995568696778,0.010660842293167392
3547,reciprocal,1.0016447060658504,0.9788313698810945,0.9532652694690115,0.920753788420756,0.9177009856125667,0.8968475085691099,0.8783113168837735,0.86547496345805,0.8459896929410642,0.8456568542089488,0.004611760027449161
3548,reciprocal,1.2258695405455162,1.2045558323664594,1.1852110473012665,1.170355237217617,1.1530710922427296,1.1395536098028078,1.1249468793761335,1.1125377765395819,1.1044688362538069,1.09084193261199,0.0017758497260700731
3549,reciprocal,0.34308917330312466,0.37155017170120735,0.3980761718624287,0.41887136029691063,0.4263759814053077,0.447134238767796,0.4581164562090218,0.4720047157317631,0.47904046483424584,0.4954557605533405,0.004545407490913555
3550,reciprocal,-2.5250451199385857,-2.453101241345284,-2.411963715509258,-2.371327958465616,-2.3251158642089003,-2.2833619136212824,-2.2652313946522566,-2.232008794507677,-2.216729903656275,-2.2053126827963343,0.007583658492279097
3551,reciprocal,0.4494863686980155,0.6102465452369012,0.7753087709058428,0.8459354749166555,0.9274365302139819,0.9719361544225436,1.0363053540992684,1.0886111929657578,1.1062774454805533,1.1389411837703154,0.016935761016890514
3552,reciprocal,-1.2127864958151344,-1.1504064414331647,-1.1013958038261713,-1.0679369994002497,-1.0355740037529502,-1.006330352729482,-0.9912176015932083,-0.9781562741246682,-0.9608070962459615,-0.9454059968221501,0.002731927600494284
3553,reciprocal,-1.077001010893793,-1.083883523384309,-1.086710301705836,-1.0916700410733753,-1.095216226067667,-1.0974336913883047,-1.102331488107835,-1.1017357090288205,-1.105264279667095,-1.1069604965807212,0.001
3554,reciprocal,2.0489043748314364,1.8085629295981518,1.6470081628747955,1.5308863094056437,1.4377177370975285,1.364362379683612,1.3130321946097456,1.2592144032726518,1.2186005193150216,1.19314283782564,0.005488505254622208
3555,reciprocal,2.0533440578873328,1.4754653513545681,1.1318553901756012,0.8826891224015192,0.7586668827740671,0.5883190093010601,0.5252828657023152,0.4018558612068057,0.3131941355393476,0.3028497781666019,0.030591354571245098
3556,reciprocal,1.381085563364138,1.3135460270450077,1.2693692127708895,1.236514551199024,1.2069031899330454,1.1900968339260245,1.172200487241271,1.1565329316050867,1.1468885487826346,1.1328068511941518,0.001749540567480417
3557,reciprocal,-1.8544545280026985,-1.8138343297377433,-1.7781085260706662,-1.750325979163571,-1.720757735010392,-1.6995372450984239,-1.6745571073147705,-1.6571685802098464,-1.6413187078887843,-1.6267161482836086,0.002074555809937231
3558,reciprocal,-0.7749140784798658,-0.8150962916332406,-0.8602103040767473,-0.8859786228213462,-0.9107019295850262,-0.9385248038200288,-0.9420724289500167,-0.946603667326862,-0.9658067050957123,-0.9641739936511317,0.004299541669649139
3559,reciprocal,2.412432711566049,2.3058811817978873,2.178062331451645,2.117976745863869,2.0686831840148487,2.0307197276503044,1.939903706268233,1.9173190440504293,1.909588007772903,1.9003627580432194,0.014806634236175436
3560,reciprocal,0.28035287004365395,0.2858135149388817,0.28963761091612317,0.29330671539943765,0.2960358377659801,0.2987685222272631,0.30053085992116857,0.3044043083166649,0.3047897681197133,0.3068635980690563,0.001
3561,reciprocal,1.7674567093170164,0.69078289749287,0.1445473245393381,-0.0876455878419572,-0.15173670330900582,-0.3727668631216779,-0.40090685742311366,-0.5170898753126456,-0.5402756011559762,-0.6236624696784492,0.04113073509594045
3562,reciprocal,1.7903765636493092,1.7328757577850529,1.6983272714766282,1.6514224074247632,1.6192166513326172,1.589010691161166,1.5671339311441388,1.5456631256701978,1.5291581635869205,1.5020919624057307,0.0056243764920802545
3563,reciprocal,0.01891025579541268,0.03502655115818192,0.04755539173647688,0.060179276843611636,0.06940659012088368,0.08034837284140972,0.08949107518034212,0.09682994350340034,0.10634789005259694,0.11165863861466566,0.001
3564,reciprocal,0.5547899609188445,0.5057898783090601,0.45932282908764444,0.4233303012577986,0.3923349601273975,0.389866385537322,0.35419376099763555,0.32025494950388705,0.3040207401665791,0.28036174976155215,0.0072293638121897034
3565,reciprocal,1.1253405829604997,1.0763473558760963,1.0398165724687685,1.0077199953961453,0.9771670384950623,0.9545369212311078,0.9348893336858325,0.91817319220232,0.9045032343269755,0.8873250376702505,0.00223577456938511
3566,reciprocal,-4.162497612229611,-2.915858630221424,-2.3555980690183618,-2.0622750172950006,-1.8340641675105103,-1.733465291306752,-1.6193989363366403,-1.5252868530327839,-1.495203611814143,-1.417487861780299,0.016510296455926124
3567,reciprocal,-0.732085304717071,-0.7436531600066254,-0.7521856151448877,-0.7652148024034239,-0.7767877285334561,-0.7757961257880067,-0.7844297924213983,-0.7923228833361147,-0.7969744811116533,-0.8003059735067075,0.0017504873073734106
3568,reciprocal,2.3233536192235618,2.281874430026338,2.2657924713618907,2.2349320481122845,2.2084780961768176,2.1853285745407556,2.1732913813647565,2.1602379627326584,2.1507134409194144,2.127749111420689,0.004575029567569385
3569,reciprocal,2.232430804185871,1.605019525279164,1.2470484937877175,1.0552404005638665,0.9256679010979352,0.7869814038744984,0.7608767988771981,0.6941038068050348,0.6480462298780904,0.6019837454798179,0.024147892808075656
3570,reciprocal,-1.4730060532764855,-1.3435599700307457,-1.2250576787264613,-1.128976256172915,-1.07451222545373,-1.013587925890073,-0.9897914309551691,-0.9489771974489956,-0.8977575972553484,-0.8670604627373452,0.00919731385078321
3571,reciprocal,-0.39950129493027453,-0.41034469900027176,-0.42305498060825264,-0.430029918619227,-0.4424211640947068,-0.4500897458704127,-0.45726959313102655,-0.46441436624997096,-0.4713312145097284,-0.4737825438326114,0.001
3572,reciprocal,1.7800000207578393,1.7760115236477876,1.7702492724978791,1.7657090836112883,1.762305597632494,1.7573532685437134,1.7544102731759783,1.752059352944473,1.7503517528874295,1.7467408121121974,0.001
3573,reciprocal,-0.31610873455013627,-0.3162381193806002,-0.31498792348660837,-0.3196499420298143,-0.32090633121622675,-0.32327094735719925,-0.3247223634176961,-0.3226866687512376,-0.32653345880522155,-0.3286391086428562,0.001
3574,reciprocal,-1.9427814028354498,-1.8657084783948694,-1.8143541772657887,-1.772157404588555,-1.7482686221221049,-1.7383648616523664,-1.718222023355534,-1.7025944919179636,-1.696286771773907,-1.6903923864524788,0.003709359754434111
3575,reciprocal,0.018279657852762365,0.053596614175152234,0.08728109635210815,0.11396466224013663,0.1430165774874416,0.1626329921719981,0.1766482076735065,0.2062024570183028,0.20620690867636393,0.2200890105774524,0.003062877642641641
3576,reciprocal,0.4755798017572051,0.466026332973295,0.45681643033209685,0.4527515932642667,0.44674530078542507,0.44316212653877074,0.4372229433503513,0.4349000619140564,0.4303636503688585,0.42867694031411424,0.0013849064185459663
3577,reciprocal,-1.0246668554007707,-1.0160512188760262,-1.0088894335018466,-1.0026068233267098,-0.9978097751930202,-0.9948064489860402,-0.988713899413191,-0.9871983681553147,-0.9813123919918573,-0.9782238915582244,0.0012431552299178334
3578,reciprocal,-1.6519814490408882,-1.6528858264460302,-1.6546618695618567,-1.6569126637756604,-1.6568287065415457,-1.6571659396128169,-1.6584053946338289,-1.659679923270669,-1.6618200541413928,-1.6588635374703171,0.001
3579,reciprocal,-1.2329491903495453,-1.2398558296719606,-1.2452127466903453,-1.2503927604149818,-1.2548480260952786,-1.2614655252574636,-1.2643900011745715,-1.2699054151140652,-1.272139614175821,-1.274946913302172,0.001
3580,reciprocal,-0.8187506710543494,-0.7540344686315121,-0.7231757060006555,-0.7109801269109528,-0.706709397783057,-0.6926077303806801,-0.691793515039021,-0.6853936654629693,-0.6858583327691247,-0.6807129959867884,0.002495394914274687
3581,reciprocal,1.834703781670631,1.8139010929724728,1.792894128838725,1.7750818866605984,1.7588759941791632,1.7465776028808555,1.7325499323905724,1.723202772648328,1.7125744149276771,1.7033378630730975,0.0010667556303036773
3582,reciprocal,-0.10638124798644906,-0.08906258004453566,-0.07533410285436058,-0.06098154271143718,-0.055646602211555346,-0.04894279740894988,-0.04252568507990245,-0.034835467968020485,-0.032010497167323806,-0.0277401012137048,0.0017562934105453548
3583,reciprocal,-0.7584093618115195,-0.7799617662554006,-0.7954379579277494,-0.8068563458807086,-0.8139170022733543,-0.8351720472548588,-0.8463253246108977,-0.8417726602831338,-0.8595616595969043,-0.8633754384034985,0.003024287129497362
3584,reciprocal,-0.6123561394804713,-0.8150796713532389,-0.939015370772369,-0.9944915661920222,-1.0663836938483915,-1.1153102981084542,-1.1313227353967177,-1.1938432289856507,-1.2034723564334189,-1.2134983477535746,0.011021289242523219
3585,reciprocal,2.2243880790370056,2.1865591540476457,2.145700181689874,2.100938749769049,2.0905645288570893,2.076229954573584,2.0440263785901815,2.0294698788692456,2.0148746577255183,2.008365867844428,0.006835693052912262
3586,reciprocal,-0.5934232112799456,-0.5868143163505548,-0.5757250433014711,-0.5676424730834404,-0.5634393742912718,-0.5578051688423961,-0.5524751404637271,-0.5496462789491017,-0.548165128347829,-0.5425906453457492,0.0014139911619994838
3587,reciprocal,-0.008854058088893012,0.061649141740376716,0.11175855930578814,0.16091719151406428,0.18817363934366227,0.2185469275303956,0.2515143667305222,0.264433086946705,0.28790466484073296,0.3041696554561832,0.007288834013960496
3588,reciprocal,-0.7760692115035265,-0.7430853158983235,-0.72307235062182,-0.7005059974794848,-0.6861579726049786,-0.6721161806915226,-0.6587344237721483,-0.6547293192887877,-0.6510581417114869,-0.6409041179857621,0.0027641302922212277
3589,reciprocal,4.240935134492758,2.829678726348688,2.1544732002820366,1.7742101757004656,1.6475053883240942,1.4229879819233497,1.2479954330072707,1.270798449214677,1.0721669033377805,1.0632061874555911,0.06471638978711575
3590,reciprocal,0.5996264290542127,0.7031648402674977,0.8049273913217512,0.8653422228531762,0.9270581586607968,0.9686717640852992,0.996774466767013,1.0197928949721202,1.0474396041327712,1.0620505538908074,0.008130980587537627
3591,reciprocal,1.1921828686197253,1.1857451826697267,1.1844426342728993,1.1795967141638106,1.1775559924705803,1.1761686239191913,1.1721300894993667,1.1724378730771448,1.169350902804155,1.1677954845426992,0.001
3592,reciprocal,0.7733194221823394,0.7869832357004329,0.7989270991130625,0.8059494313340682,0.8170672601991581,0.8242982547334676,0.8302568163518417,0.8366980058398235,0.8422277337724174,0.8477983338522486,0.0014303306146130957
3593,reciprocal,-0.808847419491126,-0.7698101350622213,-0.7369200371827331,-0.7069046487610857,-0.6874576471512187,-0.6660976231068791,-0.6523486882209488,-0.6344774841153836,-0.6203257542017716,-0.6120567626029283,0.0026444507681542507
3594,reciprocal,0.22239295565714734,0.04703924681492188,-0.062401007620663806,-0.16174600380389123,-0.2200392087300526,-0.26745877688146,-0.29382238065154787,-0.3308265269152759,-0.351057221718704,-0.38483175523442376,0.015656223652757414
3595,reciprocal,-2.084221395545454,-2.071806061317422,-2.0610932582600543,-2.054241848005532,-2.046963564939154,-2.0378615651456418,-2.0323984043562615,-2.026790804547343,-2.0202925626853405,-2.0167208502036296,0.001
3596,reciprocal,-0.2619245447421251,-0.2848020472886004,-0.30269447688772183,-0.320035468267126,-0.3335352719370423,-0.3477953586655247,-0.35891522254262165,-0.3711851638273897,-0.3809882833463741,-0.3912246013763233,0.0012251174541614708
3597,reciprocal,1.0373744808851793,1.0325291289112017,1.032316356566102,1.030489393932363,1.027549205040921,1.0256584045329948,1.0249894062248417,1.0250999359981532,1.025189274073636,1.0206936311056307,0.001
3598,reciprocal,0.9494226594312503,0.9319339403401281,0.9192455062352101,0.906140252871427,0.893165590770241,0.88190912828335,0.8728795003843144,0.8619564190723981,0.8555679275591355,0.8468829460497328,0.001158636194168183
3599,reciprocal,-1.8330017699896188,-1.8395406204163947,-1.8469215165441406,-1.8528217533840268,-1.8584509761562498,-1.861182520680279,-1.8672788297744929,-1.8715761883741584,-1.8757726467269695,-1.87721952976688,0.0011854416799219356
3600,reciprocal,-0.6377541970918189,-0.7009728007080197,-0.7387564580540451,-0.7715769797517728,-0.7990596270976497,-0.8186526022925856,-0.8489863159371468,-0.8649513131421734,-0.8788858741116192,-0.887938886337176,0.003777368109024557
3601,reciprocal,1.697588759904254,1.498797249078424,1.3264535526346706,1.243006487762937,1.1544692086659878,1.1341407396403942,1.01061396919968,1.0012201285677442,0.957776058862085,0.9151402838577556,0.02010460975422609
3602,reciprocal,-1.912243181321425,-1.7741857551640747,-1.6815560702213408,-1.6025960417785685,-1.5515805281659758,-1.5107066643660296,-1.4819925544217636,-1.4365917882725898,-1.4183817699088308,-1.3955510443125279,0.010824133089038674
3603,reciprocal,1.7223170941426251,0.96381818528632,0.5831978630783932,0.40307210376842795,0.2934250897179997,0.14071365819487594,0.08412092331853113,0.0036179205438129844,-0.036379645307179194,-0.10716037523598779,0.03662022923678166
3604,reciprocal,1.5973288292791603,1.58839945703984,1.575186609571056,1.564754746261278,1.5552812637251447,1.5473171722942234,1.5380330133549014,1.532539410114802,1.5260122244795522,1.5212340754444138,0.0017489173282806208
3605,reciprocal,1.4622355856517337,1.4719622544853428,1.4844504798518712,1.491597672475486,1.498910424544423,1.5048740443219408,1.5126241174753636,1.516668095919401,1.521151220969676,1.5256534605959893,0.001
3606,reciprocal,-0.5125710251367465,0.10260087287326645,0.43259127513832113,0.5847715684218073,0.7518457230371316,0.8368129421350238,0.8754163552354709,0.8738271335254475,0.9288134978471005,0.9659026419691341,0.025666712319939812
3607,reciprocal,-0.11278733092693692,-0.05179381852898544,0.0027171379386736823,0.04252465429295445,0.09255879841182188,0.1203054831133949,0.15050223840963844,0.17292252404793043,0.1949159528900235,0.22269722660998145,0.006759709474925589
3608,reciprocal,-1.010606755474589,-0.9590406678132912,-0.9209728933480703,-0.8917967042638228,-0.871022216561029,-0.8546606861552019,-0.8476335656449472,-0.8260248301125301,-0.8226765017745709,-0.8328076772018379,0.005137170010425291
3609,reciprocal,-0.43156948751398383,0.286094058209941,0.7082060624110589,0.8028118707795416,0.927230924054754,1.0257591441685623,1.1470909626866324,1.1948144388451067,1.1919762688941162,1.2324352855831437,0.0363724659449042
3610,reciprocal,0.27102744058562916,0.2705915263431077,0.26950740260911643,0.2700154027938197,0.26991767095640923,0.2670157311720779,0.26686024540422504,0.26719068133836393,0.26622542847958514,0.2645546790334429,0.001
3611,reciprocal,1.8957361481784603,1.8705317951813851,1.8578006715263884,1.8261017417374112,1.8128264710400361,1.7974924425501406,1.795074217260439,1.7695303818719612,1.7623661907153747,1.756917209136017,0.00416746770551517
3612,reciprocal,0.6459192969914308,0.6236439935420713,0.6047056405525744,0.5924627480995237,0.5765156776458578,0.5673976546042814,0.5534508813915611,0.5445529104015481,0.5263780161677046,0.5251568443345865,0.00250149328223861
3613,reciprocal,0.7115343205978611,0.8233729175166322,0.9006139580876394,0.9491278083702135,0.9977482183932873,1.0450055701805256,1.0718641144403733,1.1070776226270065,1.1242607743118371,1.127997521184855,0.007079504500372954
3614,reciprocal,-1.5062359195028103,-1.4256411714326986,-1.3666586065528596,-1.321916737152697,-1.2787730309279932,-1.265766583342978,-1.2298617567435852,-1.2258181698670982,-1.1721919861649235,-1.163868748546893,0.009593228542286869
3615,reciprocal,0.21636234422293266,0.2159909680561718,0.21504130613282027,0.21161733928983312,0.21237214541822605,0.21285745011849388,0.21306343894740934,0.2126527221962533,0.20958177270637357,0.21136102271479787,0.001
3616,reciprocal,4.218826175017854,2.8707787023265645,2.2629155044138054,2.001048086769907,1.7898457245271941,1.692448294782545,1.591484154392172,1.517551068850703,1.4367539330437604,1.3984526695864625,0.024315344758882678
3617,reciprocal,-1.2189356519617374,-1.2218250448914605,-1.2244081687636879,-1.225137489358635,-1.2261777633163407,-1.2283563611118462,-1.2314737764322388,-1.2308883152922423,-1.2324822408109806,-1.2339284084248934,0.001
3618,reciprocal,0.251792969819754,0.25469373362569603,0.25654773521344415,0.25930027400211625,0.25966500050676344,0.26358667018122744,0.26513168821172145,0.26813548317416974,0.2675667063394617,0.2700641649519387,0.001
3619,reciprocal,-0.23811513209962384,-0.22478486076618276,-0.21433586365817062,-0.2066017359984402,-0.1978005152967261,-0.19292542097751056,-0.18721683975912562,-0.18329141627044468,-0.18124810573919656,-0.17532945080254922,0.0012818412660782802
3620,reciprocal,-1.682290535360543,-1.6406810783815615,-1.6083058693209882,-1.5732143115345867,-1.5486968824996585,-1.532730791738395,-1.4980159215116449,-1.4915502511788983,-1.4696862572358367,-1.4608683944270786,0.0038991783789785513
3621,reciprocal,-1.1860905883640964,-1.1366922681825646,-1.109982370707351,-1.0925092519277249,-1.0803325541492317,-1.072756911111555,-1.062158360397991,-1.0580323164811625,-1.0541647722240215,-1.04832041789598,0.0019403127795751824
3622,reciprocal,-0.24142577209763516,-0.22872135459441423,-0.21997425027006573,-0.210229299932886,-0.20340476856892653,-0.19608808914002254,-0.1906323794556862,-0.1854466790450976,-0.1777351035782106,-0.1742699487869857,0.0012636097027664216
3623,reciprocal,0.9926691040863351,0.9159047815344233,0.8573225922020367,0.8263659079641272,0.7959540382291769,0.7687449523408665,0.7436318751111367,0.7296228273135473,0.7339126836395364,0.7135819214050978,0.005108621235595681
3624,reciprocal,-1.863494344925385,-1.8350685107424103,-1.814553317349594,-1.8003781363984572,-1.7859195372146799,-1.7695709006295892,-1.7603897894012237,-1.7429296734381792,-1.7339225075329123,-1.7271230084467317,0.0023470198954815167
3625,reciprocal,0.07499118368152002,-0.12921225539928208,-0.2737980941866482,-0.4075314999080312,-0.5472011050585586,-0.5851184090371473,-0.5715655136708768,-0.6670627578497145,-0.7466434417348157,-0.7049024735299789,0.014932317011811563
3626,reciprocal,-1.0338026723319644,-0.5141071860464793,-0.23867602110626146,-0.12955869013994573,-0.014560061339574439,0.05880610264944887,0.09472946055220863,0.10641547523224038,0.1435700548586087,0.1767477088862855,0.02061001085753448
3627,reciprocal,0.3080150923893439,0.2931606812627087,0.2836909185471188,0.27245384182739213,0.2634589940773649,0.2549516412757754,0.24450138141852207,0.23833995250168116,0.23343466788377754,0.22579429923047567,0.0013170489357463202
3628,reciprocal,-1.244445151407895,-1.2631505731643329,-1.2824264854515175,-1.2968279632339463,-1.3134599913012412,-1.3257673975670135,-1.33861246150746,-1.3476074462748384,-1.3560646873220912,-1.3659192629844408,0.002184983801801941
3629,reciprocal,-0.13444491535807543,-0.14596031104186763,-0.15661654397487948,-0.16676333080342665,-0.17798300212589013,-0.1823034473869435,-0.18729213315237872,-0.19450042114677646,-0.19592052281991962,-0.20525988488842736,0.001
3630,reciprocal,1.6513887741075948,1.4245812863359963,1.2960419945953192,1.1292303867044728,1.1157085707189558,1.0318954427136648,0.9977601204298131,0.9645739086516635,0.9950155241560643,0.9161511330911559,0.021951007202385315
3631,reciprocal,-1.6302498378305883,-1.626470804462733,-1.622145369025102,-1.6193310131940597,-1.6149888473121805,-1.6141819015064705,-1.6115072965355643,-1.6075389097506758,-1.606455938168483,-1.605876349619267,0.001
3632,reciprocal,2.1540173592697123,2.134462091314904,2.1174768297562254,2.099066901783961,2.0846942754106412,2.071549090225863,2.060747320447458,2.050918643130082,2.039444717862494,2.033272584388402,0.0014419206734698447
3633,reciprocal,0.11587901940865317,0.1007721995526068,0.08406916344639223,0.06912524136108666,0.059547531274665236,0.046915899669553965,0.03820581842308601,0.02662455904485811,0.015318865925664619,0.013302626242817877,0.0025356862326354947
3634,reciprocal,-0.7421799376608409,-0.7590610340598902,-0.7728295283262625,-0.7866754563042302,-0.7982541945858496,-0.808636104844183,-0.8181026806235677,-0.8272878645938471,-0.8332439549263705,-0.8402153100909402,0.001308893595767587
3635,reciprocal,-0.49058487091622405,-0.4260594579492333,-0.378392613842261,-0.33897354684506426,-0.3000934845905929,-0.2649423171537655,-0.24529853182122843,-0.2223261183847293,-0.20615382952810465,-0.20160476744329917,0.00932052321260659
3636,reciprocal,0.023506623413243673,0.04933609766710827,0.07306036252549382,0.09258730168211794,0.10977886513270523,0.12658309347862007,0.14264291430173295,0.1523304555207546,0.16420397807002482,0.1738903163599386,0.001138171341543637
3637,reciprocal,-0.39816892260023257,-0.45418345995367504,-0.5103093205846977,-0.5559675570185938,-0.5888619092886169,-0.6209628562681192,-0.654518697948034,-0.6713048603502227,-0.6908196701296088,-0.7045788388733969,0.003784438718009529
3638,reciprocal,1.6511625428003418,1.651291184218391,1.6499669583486474,1.6503174907200886,1.6494259642952904,1.6463528318235192,1.6464516042019044,1.64836527986198,1.6458396124337988,1.646099839692795,0.001
3639,reciprocal,-2.059837517356657,-2.0441277935002713,-2.0337167351528644,-2.0195532386661434,-2.009399526005754,-2.0027930445139366,-1.9900565305642515,-1.9808022601550557,-1.972939570725234,-1.9681305785592886,0.001305193382139962
3640,reciprocal,0.5652662079252879,0.36076668353651065,0.2189854769684057,0.1089683158719165,0.030045632469825046,-0.04352113688744852,-0.08162720462197012,-0.14635968940305322,-0.17354363569141684,-0.20648256174324356,0.006018782020365682
3641,reciprocal,0.80493855549621,0.8203940872481167,0.8304485600994909,0.8438385871142934,0.8504878547579601,0.8547393114785707,0.8642020136767327,0.8689799481985083,0.8731061780984649,0.8797181590426743,0.001
3642,reciprocal,1.289508703763139,1.2728181097626259,1.2577734427120646,1.243219696070883,1.2279527444436316,1.2183611632070726,1.2067069424249985,1.1993747883630155,1.1901071894973763,1.1825975675213827,0.001279230602677153
3643,reciprocal,2.5241974058937338,2.460938680825495,2.393559898434411,2.3459288509314224,2.3226130324144143,2.2756573742295547,2.2426550938975565,2.226910881797832,2.2085633552170583,2.177564454766454,0.007180220032411252
3644,reciprocal,-0.06152762248617667,-0.08645681489406412,-0.11279599816950671,-0.13213518882023717,-0.14956797460371596,-0.16647390675779788,-0.1793399701704032,-0.19263571145576422,-0.20497489721603668,-0.21673532587414462,0.0014678207058429111
3645,reciprocal,-0.6254147928248893,-0.6414441767460568,-0.6567881447161713,-0.6641580766280103,-0.6773078369216892,-0.6899908157963767,-0.7001033242495773,-0.7038226895570199,-0.7102410197468525,-0.7186282820835674,0.0017746735930719148
3646,reciprocal,0.6099630958536962,0.6485668277241693,0.6761233901002948,0.697600031391123,0.7172171667743461,0.7377773073327215,0.7519910074817912,0.767014500521317,0.7803438490066186,0.7886196396428041,0.0033590476040885253
3647,reciprocal,-0.38662927814908365,-0.38450940651491033,-0.3819140804583647,-0.3795399847321266,-0.37568390096218207,-0.37589360440817315,-0.3739584786856847,-0.3724545617409502,-0.37310407287315384,-0.3697470900830055,0.001
3648,reciprocal,-0.6179046583167136,-0.6217078646425575,-0.625908935093824,-0.6298070713990326,-0.6325528975118209,-0.6374055693621089,-0.6357700856249028,-0.6396864406684635,-0.6424645200939452,-0.6435546172551486,0.001
3649,reciprocal,-0.1030927435709546,-0.12536771233852426,-0.14544525837587535,-0.15458116891669937,-0.17031429734860015,-0.17839980860921947,-0.18995163850770352,-0.19775504132754898,-0.20459182870072612,-0.217848391332019,0.0023093595107480168
3650,reciprocal,-0.23306904458023903,-0.5073682008959169,-0.6771313015048317,-0.7943685811018409,-0.8522177050895196,-0.907830249873806,-0.9672002110107497,-0.9901358877932279,-1.034353093284975,-1.060469534794961,0.013278223087556246
3651,reciprocal,-0.872899289747073,-0.03988721091968468,0.34664364313199963,0.4706384473553623,0.6540451666536657,0.7455712293748762,0.8495239808968678,0.8338750054048473,0.9199927465377982,0.9342533079053525,0.03694045915702711
3652,reciprocal,-0.8522585041064524,-0.8323690770356411,-0.8128735485609127,-0.8003507628158019,-0.79078914046351,-0.7821414160613017,-0.7805918253638826,-0.766656892536814,-0.756151580689291,-0.7495802720196456,0.0025244203755479195
3653,reciprocal,0.19991637630711329,0.8333494327013886,1.154794735411565,1.3035177242767868,1.425268072482084,1.4839990890521129,1.5421584082840978,1.5721136494385304,1.6237265316781488,1.6564530247803468,0.011840770272432842
3654,reciprocal,-1.2428556842833034,-1.022702451706927,-0.8777832077260773,-0.7656807049003244,-0.689211034761279,-0.6168489017536165,-0.5795504019334498,-0.536300638374126,-0.5068243522276846,-0.46974096471625065,0.005162556942431956
3655,reciprocal,-0.44587736770711156,0.3974970101855499,0.6727803107021877,0.8237400717489585,0.9314582797440504,0.9667915122536318,0.9827992986508028,1.035845637998521,1.0802875585284848,1.1067630441070324,0.02212965659489107
3656,reciprocal,3.1274073060254457,1.1130540960718043,0.497486002586408,0.1977991089825515,-0.027903144901312234,-0.2345975081114827,-0.3367365799138259,-0.3282492166134954,-0.5092241404790406,-0.5390938939136711,0.08347333032380957
3657,reciprocal,1.967586869679819,1.969034091815169,1.9689861508662025,1.9713549791223686,1.9722650720818538,1.9737657303998914,1.9743695047799117,1.9744086101512808,1.9758730508845788,1.9758725670453527,0.001
3658,reciprocal,-2.235225332318482,-2.214988794059607,-2.18470834957399,-2.172579406012945,-2.1435911766652036,-2.1305748128893653,-2.110265103396326,-2.1005727111621852,-2.0883303966322755,-2.076838932423642,0.004354274175068419
3659,reciprocal,-1.0003780656125898,-0.9719108657541526,-0.9561471588001702,-0.9371402654892028,-0.9125544623203654,-0.9049988752554763,-0.8945687825987444,-0.8814204682488398,-0.8699501296425258,-0.8618668197198229,0.002619167482116833
3660,reciprocal,-0.11814540194396067,-0.14405001997897282,-0.1638869276729251,-0.18040234919772696,-0.1927583461507556,-0.2064499373832594,-0.21334993010778747,-0.22598397480322222,-0.23536415914465905,-0.2403917610342311,0.001
3661,reciprocal,0.21842269356867988,0.23127100658115576,0.2586250859007255,0.2702467354655171,0.2891290453922108,0.29659077049873395,0.3097673445867834,0.32457563013683327,0.3346795605340925,0.34218609074056616,0.003164098341923594
3662,reciprocal,-3.244948696273752,-2.752285073264359,-2.4590158794547983,-2.2819080385832176,-2.116280833532507,-2.032965012237056,-1.937923507789585,-1.884088937633337,-1.8036719390306957,-1.7661137021756939,0.013100753041355271
3663,reciprocal,0.7050568654323924,0.9712605548679555,1.0960366111215578,1.1753547617551505,1.216146666271933,1.2776678273331312,1.2945765760387875,1.3165928437732164,1.347511603529431,1.3589532494511682,0.018104569117493276
3664,reciprocal,1.8226035527295208,1.8217847375470477,1.8179351469009666,1.8141272529913322,1.8119871279957152,1.81051564048234,1.8060341765001022,1.8067292723374313,1.805514405868609,1.803772666656207,0.001
3665,reciprocal,-0.7296379784061207,-0.6272520803626779,-0.5643454352232893,-0.5105948412786122,-0.478491148844115,-0.4651430024316767,-0.4357957002982203,-0.4179320439546146,-0.40349505419576404,-0.3948084850453971,0.007295159431914297
3666,reciprocal,2.6555724849824287,2.534639785857457,2.4119758458691614,2.34720890331003,2.313337256233731,2.237353926109566,2.2463697270390637,2.224150132232894,2.201418213904962,2.163456643617917,0.015104647264628455
3667,reciprocal,0.9320502965858113,0.9448102803726239,0.9503145067794454,0.9599226975623382,0.9640176889857678,0.9692633488639203,0.9746915454745374,0.9788471964974013,0.9815980822541959,0.986022536099134,0.001508919493384201
3668,reciprocal,1.0552201447984935,1.0560784602906725,1.0498887603385905,1.0488427780413931,1.0484978436416843,1.0464457195201466,1.0465979174024012,1.0453409214963534,1.0430034366323437,1.0440566796391604,0.001
3669,reciprocal,-0.846752878186401,-0.8669431826889884,-0.9028182432872778,-0.9122629767148487,-0.9228359776426548,-0.9405552145607737,-0.9510460639047464,-0.9609374797446071,-0.9697289105429511,-0.9820980859585533,0.0036367656721242943
3670,reciprocal,-1.6839784411499361,-1.677630175389965,-1.6732953856433401,-1.670048589812854,-1.6666198764194204,-1.6643038643641461,-1.6612425289974646,-1.6599527842619077,-1.6571587468723659,-1.6573670957423918,0.001
3671,reciprocal,3.286456868195614,2.8238484791970206,2.475582085561541,2.3993428560157186,2.1603206047808694,2.0609292407809,2.0328958317912735,1.933794517278027,1.856033248530635,1.8168515404241115,0.027124462671949644
3672,reciprocal,-0.08994044496340177,0.11974964588171794,0.2607841457451725,0.355994242332626,0.4316559324199084,0.49195819033108207,0.5333181912206869,0.5686135412361352,0.6003989457159515,0.6370798111868095,0.005027755431282564
3673,reciprocal,2.3704053314810993,2.3421078223605547,2.308931082828804,2.2924136443874197,2.268395721408725,2.2484665297757984,2.2349104379096403,2.222036313452054,2.2041870776479784,2.1929004568304147,0.0022668556811165368
3674,reciprocal,-0.9084338663484423,-0.940291523682344,-0.9533568591175282,-0.9774467840878134,-0.9898714818017139,-1.0009426079402262,-1.017778854635619,-1.031028462021161,-1.0375096673996964,-1.0447942598249775,0.002336836454888828
3675,reciprocal,-0.15053739990070059,-0.1702965387457927,-0.19320964889712822,-0.20120637188294327,-0.21355181068026857,-0.22271324246733828,-0.24120424511422575,-0.250404226228746,-0.2668097918877572,-0.2666829861684783,0.002911143942780851
3676,reciprocal,-0.5228088157195224,-0.5002757908412206,-0.4786773585174687,-0.46168648898774145,-0.448129146870931,-0.434973023496634,-0.4226538243755003,-0.41353287944328576,-0.40102919840006884,-0.39539611539634834,0.0017047739641063613
3677,reciprocal,-1.7886560104689404,-1.7738933119681,-1.7581861620042813,-1.746980245303161,-1.7354162093319252,-1.7251828927898674,-1.715889442702038,-1.7089924641353895,-1.7015956493156799,-1.694381075411645,0.001
3678,reciprocal,1.4264578546748812,1.4417992823720824,1.4551208612630573,1.4655013592555994,1.4748021537504417,1.4848289005199746,1.4943113439354199,1.5019499222862223,1.5078322473769141,1.5131143315456876,0.0016751439347396338
3679,reciprocal,-0.6203856509457932,-0.6011330628905023,-0.5831469620253826,-0.5702916283467779,-0.5587048112376871,-0.5462353562608239,-0.5332969876728211,-0.5242189514465826,-0.5161201067383377,-0.5085114562443511,0.001
3680,reciprocal,0.1936316313211666,0.26551927553024124,0.3318216920779889,0.38306829744123655,0.43721115631206403,0.47078302498229463,0.5036919917660186,0.5329007050231069,0.5457551039189098,0.5811497045919283,0.005933999299341183
3681,reciprocal,2.258695115116598,2.2329177528780213,2.212961142546243,2.2016054945695824,2.1903944655951113,2.177294940439688,2.166746151322773,2.1526880687716616,2.1428955008009627,2.1352074809274866,0.0031458936621208277
3682,reciprocal,0.4859822547561628,0.5090434475401544,0.5288484897602143,0.5481255234281326,0.5622536310697769,0.5804667250838857,0.5951184957942697,0.601761776142039,0.617276942770314,0.6218570192014774,0.0026884759198872797
3683,reciprocal,-1.3482500357816576,-1.3272841656279986,-1.3089646058606417,-1.2938295079987185,-1.277142083523241,-1.267419618708128,-1.2561876333229687,-1.2475563806171095,-1.2397213113489225,-1.2315091829166065,0.0016480198754221514
3684,reciprocal,-1.5784781715502443,-1.602345080481105,-1.6221358897184404,-1.6447574749068725,-1.6531692768530577,-1.6671977783488279,-1.6813414343441988,-1.6925264823667072,-1.7009845481458785,-1.7109766190837457,0.0028573877089426774
3685,reciprocal,2.958915489364932,1.4060977054367167,0.7437940202355666,0.4527682223327475,0.18400638106476155,0.0030873116263212194,-0.06878870124812413,-0.19525225494049606,-0.2284199097571965,-0.29169560229834146,0.02268245373833461
3686,reciprocal,1.4850834772659611,1.466145003124184,1.4540640653078762,1.44259822079468,1.4283291160655578,1.4191234345173878,1.410620609215725,1.404735249442297,1.391203054430051,1.3862447276332654,0.0022116139814405086
3687,reciprocal,1.179284120737351,1.2141370016066104,1.2469772564403099,1.270780176020248,1.2818562771292612,1.2995796069976844,1.3202121114946255,1.3293050144663952,1.355144971606168,1.355200610165862,0.004094369409291516
3688,reciprocal,0.1507053910269416,0.23528239860566813,0.2954604916324138,0.3419087881697865,0.37793314400498507,0.4203911199996937,0.46070538486500007,0.4820584337071981,0.5042768262104735,0.5242392419493654,0.003322181913266343
3689,reciprocal,-2.0982048442614722,-2.0535074142297676,-2.028056362360396,-1.9958485143473752,-1.9705481834025196,-1.9481635687193544,-1.9235636551252422,-1.9068352771912174,-1.9043243872200801,-1.8932279773147147,0.005560439253935617
3690,reciprocal,-2.7323707055085844,-2.5517834006363573,-2.446297376779344,-2.316092789897491,-2.2447198418760204,-2.2076667933159375,-2.1742131881941673,-2.1524189406392034,-2.124331052551486,-2.072831883579345,0.014999137074967158
3691,reciprocal,-1.54370807869704,-1.5523070126167715,-1.5604567798525733,-1.5668795387564147,-1.571579134583095,-1.5760960096467376,-1.5811864164316343,-1.585632321666965,-1.5880382340042565,-1.5908721626100135,0.001
3692,reciprocal,-1.5523878409920413,-1.5343406173613885,-1.505725804222509,-1.48705629608697,-1.4699904161894366,-1.4593648789132898,-1.4417739556294298,-1.429588844268076,-1.4161636430014808,-1.397604182148207,0.004356375045377859
3693,reciprocal,-0.5877435418986326,-0.5603647061288208,-0.542636943151992,-0.5207043800817587,-0.5064997406377414,-0.49309463591929986,-0.48586578203741526,-0.47531672221164367,-0.4701039575183469,-0.4626532524226386,0.001518249753137643
3694,reciprocal,1.296530555244944,1.2571318568143448,1.2049574197551012,1.1797382664474074,1.1490015441723862,1.1360957796087976,1.1094146204232678,1.093335515258138,1.07827145763261,1.066005746977911,0.0037594246054460973
3695,reciprocal,-0.2646856848456137,-0.19665348830398371,-0.14655465858939695,-0.08837590326464033,-0.06073049587965645,-0.018403978431681532,0.006435263973840758,0.029826166509499128,0.0522896172587123,0.06592831268922221,0.003985834626433436
3696,reciprocal,1.2331810134974446,1.1262128010440735,1.0642567488268049,0.9915184140823416,0.9475845191475465,0.8913569640748432,0.8714802572807577,0.8461546681591665,0.8195924215819493,0.7972690408716613,0.004617260439918976
3697,reciprocal,1.2036654587776487,1.106867634007372,1.0613580931725746,1.014994120301531,0.9933458668172777,0.9673858384244964,0.9414687308346555,0.9314151040539779,0.9180094090289848,0.902026912450904,0.006408338274794737
3698,reciprocal,1.8584960215414268,1.712079568182806,1.6602863565335457,1.5828020665614597,1.510109600016912,1.4747520298128085,1.4305485609977873,1.4166537130465955,1.3670150200153388,1.3776184407141785,0.011597296163413356
3699,reciprocal,0.5246520808389714,0.5196408591582116,0.5148037870429143,0.5086500455658115,0.5062825242602695,0.5014814456728938,0.4995568109017426,0.49574342854366144,0.49227568093001545,0.49154689592264145,0.001
3700,reciprocal,1.373623166964572,1.308014054608013,1.2739540120289194,1.2225982840746465,1.185200334059351,1.1624583777499315,1.1334933510499483,1.1128577110573024,1.1126730769197335,1.0735336600577357,0.0064270223254456185
3701,reciprocal,0.5585834093930742,0.5597319436167829,0.5656313950121489,0.5665207731004444,0.5712359674015518,0.5705209398741278,0.5746355130058521,0.5763786861408493,0.5755436582275011,0.5771067175968652,0.001
3702,reciprocal,0.49463705218807663,0.41706916578805653,0.36141280963567507,0.31189923399233155,0.29926410948698295,0.259733360594719,0.24970288739104982,0.21591510159816044,0.21746422838611007,0.2089577192309342,0.007721176846236835
3703,reciprocal,-0.8193579476702942,-0.8137260910850176,-0.8113316537319608,-0.8077605091567694,-0.8038542631997723,-0.801351645151769,-0.8024854467775191,-0.7982851442654815,-0.796638068554188,-0.7963713187606168,0.001
3704,reciprocal,-0.4942916156529424,-0.614080976854259,-0.7038847205348961,-0.7703284766298488,-0.8194593618713347,-0.8684654775992454,-0.8952186527836976,-0.9226296488147645,-0.9503667793325598,-0.9609455416687981,0.006319135061782921
3705,reciprocal,-0.3052634341408188,-0.31144741623117034,-0.3168899467721179,-0.3221804824927582,-0.32576983642521495,-0.32684221980647243,-0.3299167101039547,-0.33141220174594177,-0.3357457917237167,-0.33776808563327704,0.001
3706,reciprocal,-1.9826110631715614,-1.6961330967996255,-1.4842988569418218,-1.3579957531829685,-1.2779312915285566,-1.2157077566238117,-1.1634387824529702,-1.1057858663412528,-1.0872907238666956,-1.0599231774563123,0.011389207097081215
3707,reciprocal,-0.8880687941315523,-0.8688405264956406,-0.8598351459720404,-0.8500605459908166,-0.8377502524508775,-0.8298810925097114,-0.8215830968206097,-0.8157419603417289,-0.8062009509765258,-0.7992048611290568,0.0018993179454847213
3708,reciprocal,0.387979005042616,0.5090884649432521,0.5997106923941089,0.6627149247996661,0.721465794329406,0.7546074459195292,0.7927159082864104,0.8170826171131962,0.8554914168167586,0.8698265391350415,0.006032136813136724
3709,reciprocal,1.7487468367302994,1.6762920623494209,1.604918027753567,1.57051944790822,1.5327506140747864,1.5069451248655652,1.4683662390014898,1.441224309240732,1.4312626116935399,1.4073505129866977,0.006005557611327612
3710,reciprocal,0.20592352966739913,0.21676353465396053,0.22413365359360604,0.23212208468404108,0.2382324621559217,0.24475832134873723,0.24907061394479918,0.25756364788851216,0.26065574394340496,0.262028815342258,0.001537083037801267
3711,reciprocal,-1.0766144029423987,-1.0509502511680615,-1.0352848089224878,-1.028185834848426,-1.0222270183039739,-1.0191424338093156,-1.0172764709938993,-1.0111588173928598,-1.0087911779764387,-1.006037353148132,0.0016669217485130441
3712,reciprocal,-1.875223693474268,-1.800023808645262,-1.7617603436296017,-1.7014079842345284,-1.6813241972973925,-1.6380723747975552,-1.6443661545235928,-1.5980019210148941,-1.581560613975969,-1.580797351726236,0.008089666637271833
3713,reciprocal,-0.5187810826489924,-0.546427662750989,-0.5687175080028491,-0.5843301740914654,-0.6010887656826138,-0.6135186841165025,-0.6236492358908257,-0.6330774753224195,-0.6424438798492396,-0.6470198414337447,0.001
3714,reciprocal,-0.31252159045087136,-0.23963291172347526,-0.1902193780613328,-0.14914847835222103,-0.10581001325705928,-0.0836696298015191,-0.05988555220068939,-0.034019939000032876,-0.015169879144347243,0.0012653462421262835,0.0023097751539398683
3715,reciprocal,-1.2307351141725862,-1.2132994966029989,-1.1980397020071338,-1.1842716561353948,-1.1753325824182281,-1.1650371967105337,-1.151549822148876,-1.1447635439117465,-1.1371035318404006,-1.1307584248415863,0.0016608869668759683
3716,reciprocal,2.16586674321899,2.1280109464723136,2.0957362106714563,2.0664334625881478,2.0407678457934266,2.0250991972864463,2.00256189408722,1.984612280463636,1.9685406840893653,1.9572316781965828,0.0014878736192129947
3717,reciprocal,-0.923641206535757,-0.9236002709927152,-0.9233015954413235,-0.926735007243838,-0.9273835414040879,-0.9286288294908145,-0.9285806241081268,-0.9309542357575905,-0.9284083646868949,-0.9313098987385448,0.001
3718,reciprocal,1.5105062650549028,1.5473778809141119,1.5759518580810263,1.6036716265794737,1.6236772184968682,1.6464027201384126,1.6683411196152569,1.6836603796181346,1.6955210021910427,1.7074736829815678,0.002160325750797352
3719,reciprocal,1.456456046007337,1.4347300237759144,1.4158454637443907,1.396783514475834,1.3830554478860695,1.3690072599428673,1.3571673783005245,1.3434801293369794,1.333861294398118,1.3234381384641227,0.001
3720,reciprocal,0.9365098458619152,0.9503085134745943,0.9642643789533707,0.974482271258739,0.9866233070624401,0.9940636237104721,1.0064235357837543,1.0157740876897985,1.0238516650040212,1.0289508018247633,0.0012433255374702651
3721,reciprocal,4.101921238258381,2.6204977860802807,1.819497935245066,1.6219024758098493,1.0436722197617685,1.1438485938026342,0.9120417828184236,0.6512420275584563,0.8834022549923072,0.7903682477532454,0.08403961688408
3722,reciprocal,2.7507009248199994,2.550648486192889,2.426249169449373,2.3468841386453625,2.2839970523557116,2.239827398835905,2.205150606123859,2.1726733471533466,2.1402155803696368,2.123994907225277,0.0038949278308240934
3723,reciprocal,1.5088234525502222,1.4917544089172203,1.4743308588919746,1.4592124740804675,1.4445623884889562,1.4353922432217205,1.422125345505348,1.4114971953140296,1.4024523195017184,1.3933458723239611,0.0011141078863428256
3724,reciprocal,-1.0746958704567986,-1.0808227742639243,-1.0828542371835437,-1.088750983803917,-1.0908869466042546,-1.0944060968379916,-1.0973312470149716,-1.1007103647291934,-1.1025654940422502,-1.105223387862948,0.001
3725,reciprocal,-1.4230301448021945,-1.4180414828204797,-1.4121555941143442,-1.405659547089446,-1.4028666190518937,-1.3993838263145177,-1.3965090625259953,-1.3924775961093736,-1.394079821726695,-1.3901057991425572,0.001
3726,reciprocal,-1.4340263065626506,-1.4012251482250826,-1.3321806192518781,-1.318671913220835,-1.2896740546258372,-1.2559291119565075,-1.2462645606514804,-1.2138506528546371,-1.2081136209325019,-1.1760233264803155,0.007515956258249699
3727,reciprocal,-0.7519122528245524,-0.7472703747912853,-0.7405385104024588,-0.7358682817010896,-0.7333995014593796,-0.7304137934945393,-0.7264926193712404,-0.7250532219876172,-0.7241573818402568,-0.7221735164830511,0.001
3728,reciprocal,2.1113899572865917,2.0848929299755614,2.0655419996553883,2.046786351316411,2.0281001034418917,2.0148322971572576,2.0046183976021723,1.9935002534794264,1.9879764094346895,1.9761728279170183,0.0031450978346410753
3729,reciprocal,-1.9627661697427345,-1.9129286773147196,-1.8850958678828824,-1.8493076734512617,-1.8213154602679713,-1.8067186255878092,-1.7776264356050797,-1.752582514491214,-1.7463229410672632,-1.7300855241802795,0.005561521006343579
3730,reciprocal,0.48184592791048547,0.448880960076679,0.41432319136241674,0.3898746821470945,0.36667785158515015,0.34510912236172375,0.323949816914425,0.3096528587384666,0.2936531417228351,0.27939313125071774,0.001959360163362098
3731,reciprocal,1.0125614396765408,0.997841845700977,0.9862675373063113,0.9742380276283663,0.9672184698438131,0.9585217320183788,0.9498356656366103,0.9453530439705718,0.9360128356519412,0.9270901930787758,0.0017310853248180761
3732,reciprocal,-0.5568049505233044,-0.2920485711085169,-0.1347424243050939,-0.018216006961593333,0.0496365357688007,0.12772081449082007,0.25197326644221557,0.2707091725835703,0.3186822779382962,0.37135670241428625,0.01461820601361837
3733,reciprocal,1.3333811156193622,1.268717891352295,1.227548510269858,1.190113701340704,1.162523205153965,1.130623489708337,1.116797822618881,1.1021414438772603,1.0948739869283144,1.0758861122773944,0.004151019167837805
3734,reciprocal,1.294148221078972,1.31112088118888,1.328642002821425,1.3470945613713114,1.360008053041104,1.3689575497117736,1.3890978958303029,1.3991935555846864,1.4039603291784417,1.4125147247858423,0.00378438099571346
3735,reciprocal,2.585220858021307,2.4598512421378462,2.351750723311607,2.267079142950811,2.223662542707856,2.159042679791129,2.1223758262611767,2.094977054668252,2.069294557971149,2.05081232722255,0.016472617015217298
3736,reciprocal,1.2475881993578157,1.21905676769853,1.1947512871951949,1.1737641544407427,1.1567061261205933,1.1440925151898755,1.128331200800672,1.1188480883717056,1.106253934903828,1.0969749678024896,0.001
3737,reciprocal,-0.06699308252250769,-0.03208876409065929,-0.004647342076862379,0.020665084871388694,0.04019995056202088,0.061795308295694074,0.078717107607166,0.09397974722155607,0.1116095151962189,0.1220543394903312,0.0017681782530928588
3738,reciprocal,-1.6886687107724563,-1.6677842667443112,-1.6520866512426018,-1.6413263822432025,-1.624614650610135,-1.6143911702900033,-1.6074356793676228,-1.5955944073037538,-1.5826852751030387,-1.5758124741948696,0.002028683383198873
3739,reciprocal,1.539888277794573,1.5245619528438732,1.5164622570390833,1.5050378396554842,1.4930687624249632,1.4859095522922154,1.478720420618847,1.4691748371160624,1.464446177442213,1.4588040721125894,0.001
3740,reciprocal,1.111600556422433,0.9566026554954075,0.8426588530959531,0.7583963357575051,0.6881949862103585,0.6363456691121999,0.581390086237733,0.5341520577226386,0.5044310713370845,0.4687426055332862,0.004903507598569943
3741,reciprocal,-1.3454816218029444,-1.2364393845217634,-1.1522507375933837,-1.092029382334977,-1.0256616306991366,-0.9985675202841281,-0.9618686074753224,-0.9371902691033779,-0.9117439900333804,-0.8938153382662922,0.00735949373684031
3742,reciprocal,0.4984445322016296,0.48307481403442226,0.45749729663631244,0.43866246872026693,0.43234643242822524,0.4155023586369625,0.40364311774695716,0.3948339964033433,0.3915173656161475,0.38211578960485104,0.003418796468162319
3743,reciprocal,-0.1180120230860219,-0.08306584582303478,-0.05860779996471108,-0.035720670332365055,-0.016157861107396622,-0.004445656965975908,0.014518329697883078,0.021170971214461803,0.03004491715365381,0.036458360622247575,0.0018640217271260785
3744,reciprocal,-1.557224134268608,-1.5697622319844147,-1.5789578688346944,-1.5874529314919474,-1.5955247610009666,-1.6014669687959644,-1.6066868476499365,-1.6121964560044415,-1.6168332840863404,-1.6206191316472875,0.001
3745,reciprocal,0.6481796878595388,-0.028639581357622852,-0.36115924269430943,-0.5335057284799748,-0.6567731940224242,-0.733967807732401,-0.790280681282977,-0.8510370823075216,-0.931922738358578,-0.8610110499818291,0.030435465081588675
3746,reciprocal,-1.3882403271186718,-1.394245990621405,-1.399160517767823,-1.4020845422007744,-1.407087940156308,-1.4108825817694455,-1.4144997103476287,-1.4173078732444928,-1.4185745571212025,-1.4230161602743896,0.001
3747,reciprocal,-0.89964288684967,-0.9559264406356922,-1.0123367114131323,-1.0435846009220038,-1.0741732774602686,-1.0963161913930637,-1.1229849518545272,-1.1406564528856475,-1.1503098323319896,-1.1658856990274005,0.0036204245522322045
3748,reciprocal,-1.097142955246772,-1.0338307552032096,-0.9874174033864055,-0.9637704763864925,-0.9278966954100298,-0.8960851758763007,-0.8875808723490134,-0.8638819579400675,-0.8477809535471371,-0.8347802841103609,0.004451127091308016
3749,reciprocal,-0.47191974922510405,-0.5013314354877859,-0.5288678757607388,-0.5467310572081129,-0.5655514000594863,-0.58965280831707,-0.6035369458396483,-0.6144896166051573,-0.6362920812422942,-0.6402358268775189,0.004756670810993411
3750,reciprocal,-0.7668313814943177,-0.854812671292132,-0.9171137918995927,-0.9709635449874331,-1.0242243872211512,-1.0601727783540231,-1.0996102954537712,-1.128127192031769,-1.1320335291964982,-1.1702769512460718,0.009201269435803001
3751,reciprocal,-0.18757522531543278,-0.14918419785048911,-0.13342128739909925,-0.10339056357882563,-0.08870985389931202,-0.07744796733379719,-0.054265906660235966,-0.04632944291486417,-0.03580513924721278,-0.007992100731894403,0.004502815369732555
3752,reciprocal,-1.3350317849699402,-1.3145941255744082,-1.2990104456824068,-1.275397604661773,-1.2639398874643544,-1.2517441210368738,-1.237565683236771,-1.2290677670207932,-1.2178441380635,-1.203614044524069,0.0018808310714881241
3753,reciprocal,1.7606394685738267,1.7402449537081246,1.722399708986117,1.7105711165553683,1.6949421289114337,1.683955060486954,1.6759287896459105,1.6658020728573744,1.6607984786624521,1.6529719632509774,0.0010241915417216817
3754,reciprocal,-0.5418706153534734,-0.5286642656955055,-0.5196015692747504,-0.5089515441390906,-0.500590273369456,-0.4916453994139325,-0.4887075161034044,-0.48245660740864005,-0.4758372913380316,-0.47356507103482404,0.0010267999302029387
3755,reciprocal,0.8756539361397531,0.9713140690974066,1.05008714213797,1.1210207089690627,1.1560941187342206,1.2241697499066024,1.238850322756147,1.2852126682142437,1.3073982267129431,1.3210233629422907,0.009644517793077408
3756,reciprocal,2.0809481381469452,1.93336593792311,1.7899947891994523,1.720934697077991,1.635993354677389,1.59081102709223,1.5171108962062156,1.466244832166725,1.43402971256241,1.4502674726156866,0.01512006649968432
3757,reciprocal,1.5348970564229967,1.5535981513643529,1.569385175236093,1.577222757059954,1.5852032213362341,1.5911780355965688,1.6008944318772966,1.6092031874391568,1.6179800667625774,1.6205357408328596,0.0026069030940747257
3758,reciprocal,0.3818843537774676,0.48117210334000005,0.5581400325664239,0.6192208639737316,0.6763988944556728,0.7224785639135196,0.7559901564339315,0.7878603878070355,0.8185775075260339,0.8418614802201625,0.0029279348597828474
3759,reciprocal,-0.6695346823663819,-0.6644448048948894,-0.6580455804436897,-0.6560051664780657,-0.6516693739215216,-0.6477153842276209,-0.6445281991996106,-0.6446590549976622,-0.6420597984994258,-0.6403798590786257,0.001
3760,reciprocal,0.20204241331847173,0.20130363275275895,0.19847711762410072,0.19710201259323834,0.1976732116565383,0.19658672397605448,0.19635552773701043,0.19616479702322082,0.1946939893575453,0.19687189166357902,0.001
3761,reciprocal,0.5419794865202742,0.555431307092277,0.5673546273066716,0.5781935344325811,0.5882997036428929,0.5971379491384194,0.6064588483050201,0.6155753540610268,0.6211107724584114,0.6278143943035842,0.001
3762,reciprocal,-1.3633705525290862,-1.3419760028629062,-1.3290829870044234,-1.3102094830006525,-1.2973568624082672,-1.285537348315051,-1.2748748472240037,-1.2634925010664293,-1.2519186612439144,-1.2418965896298417,0.0015354509895571355
3763,reciprocal,-1.1014045248552329,-1.0759125260530817,-1.0677340401566595,-1.0496236693954935,-1.0407589966616158,-1.0205916977830243,-1.0130204992824183,-0.9941580421035228,-0.9888349017071235,-0.9822253324153342,0.0036300513983109494
3764,reciprocal,2.790335806267894,2.1258441824672585,1.8533070234223725,1.7269103054411807,1.5669816088936535,1.5566963461112782,1.4945751619540073,1.4375754906953202,1.4391310521237397,1.3878424586811158,0.02342397527445898
3765,reciprocal,1.001894905018651,0.9878276681763785,0.9788533422824922,0.9705590936738351,0.9615045616440785,0.9528323260007115,0.9476394144083247,0.9418988454837974,0.9389767680681049,0.9324416932651045,0.001292229784477183
3766,reciprocal,0.5685721288724613,0.5902807449772106,0.6040871902487612,0.6155623792752425,0.625065906114684,0.637454316078078,0.6406323715210562,0.6482280851587329,0.6560089787866936,0.6635041903521989,0.001736272629976023
3767,reciprocal,1.9713719879188634,1.883356566853526,1.8107759418089333,1.760262028254599,1.7098773113315955,1.6685212541037235,1.6271975510310104,1.5975849061810687,1.574829181309109,1.5465268078565455,0.004228641624221385
3768,reciprocal,1.731084557340494,1.6952346873756121,1.664005665496298,1.6485490434023893,1.6260683822142445,1.6166103885545595,1.6020447171662278,1.5870961727612314,1.5754123050523319,1.5661337615693904,0.004078202048768033
3769,reciprocal,2.592322244527447,2.504773401567906,2.427836885988982,2.386031190427349,2.335658490706427,2.303286597612659,2.274794849388903,2.2488569662470645,2.2207787887297568,2.2094413448366006,0.004491137645914511
3770,reciprocal,-1.7475338484743794,-1.7140883212583482,-1.7011177100076826,-1.6792930965883992,-1.6535130269071454,-1.6246291558050634,-1.6147002389322478,-1.5936634986028684,-1.5898879465946403,-1.5818711897479383,0.005174328632754415
3771,reciprocal,0.04576868075764597,0.023911461873342754,0.005799169421478601,-0.011883003165860495,-0.02719028950783591,-0.044815697222298397,-0.05720921720245051,-0.06592958391395733,-0.07898594687018351,-0.08744066151309166,0.0016344221007936685
3772,reciprocal,-0.445418848535559,-0.5856435185345695,-0.6867276965747855,-0.7636725727301564,-0.8307534516694697,-0.8756611637018124,-0.915698459142062,-0.9621105882560347,-0.9842211659800489,-1.0154592737733912,0.0040606918140729436
3773,reciprocal,2.2823579397208142,2.223208102406314,2.1736360581713154,2.1379578683757376,2.1130104689346854,2.086011932457348,2.0571222784434493,2.0359166713960954,2.0263237023512315,2.0094205942106806,0.003636552832667077
3774,reciprocal,-1.3840079678818218,-1.3543153144979414,-1.3337696179477703,-1.3154913637589005,-1.294754174983834,-1.2817412421103984,-1.2644744973934354,-1.253201439248099,-1.2395130790374336,-1.227746812773195,0.001977820043309924
3775,reciprocal,1.3916821849783119,1.4250862812041414,1.4678008807518075,1.4949821535296177,1.515077617385953,1.5470328165477643,1.563432198988454,1.579149302871795,1.5938752648206322,1.6078561212355822,0.0037291984833414627
3776,reciprocal,0.9298474584654001,0.8097024905436163,0.7187717840178788,0.6766581388630929,0.5958867369100391,0.5528508246551214,0.5216135103432149,0.49159946222009376,0.4540575001540813,0.416819536411003,0.008544319662314198
3777,reciprocal,1.9064282115283255,1.9007538947721347,1.8946274983394908,1.8892727122054234,1.8864522897478326,1.880311172704409,1.8772571405318308,1.874009192000562,1.8691845132026175,1.8668419788501687,0.001
3778,reciprocal,2.254108259885407,2.205988884460202,2.1653405990207277,2.1330007208315926,2.099078483707697,2.067574129940365,2.0497366599296005,2.0262425172730256,2.017385360997034,2.0040005409573793,0.004024933633468436
3779,reciprocal,-1.5309524345439172,-1.4500534394168128,-1.3952710163586275,-1.335061264932174,-1.2887414439229639,-1.258416303623604,-1.2113759991977529,-1.1856961255348077,-1.1600823838508278,-1.1402307226329804,0.0041119984785584094
3780,reciprocal,0.46280289445942246,0.4135588262344128,0.35861331143685854,0.32427000670754863,0.29882208677554684,0.2691198047153258,0.2655672639731315,0.2388631328956763,0.22769300453907987,0.2186780312199717,0.005891456527039125
3781,reciprocal,1.0948784831726346,1.2257569219111566,1.2991352006842574,1.3380982849001677,1.3742875395609575,1.3919907280792325,1.3965564609975494,1.4107494817891324,1.4185820921838121,1.430181136625956,0.0027261291719204066
3782,reciprocal,-0.0726400942847299,-0.07164963445492643,-0.0754962034900881,-0.07707541533208373,-0.08125848036187287,-0.0824015157482536,-0.0849737015185555,-0.08861693640897556,-0.08958847029704185,-0.09027039679708636,0.001
3783,reciprocal,0.4567235149830455,0.47438055789257993,0.49337163383486754,0.5072883728823088,0.5198625120459985,0.5328651919580064,0.5449694617160277,0.5555318280083708,0.5638168284166801,0.5737952405060024,0.0011581235672613872
3784,reciprocal,1.5379106519886232,1.5482734849244062,1.556959356773566,1.5652391689728116,1.5760829819264737,1.577832580251159,1.5835051189013596,1.5893174851851373,1.5912717214398389,1.5978508963243527,0.001703781870245625
3785,reciprocal,-0.6370701680528285,-0.6305143323048568,-0.6244391888456149,-0.6201744985704848,-0.6161268957472782,-0.613388873081921,-0.608622026409531,-0.6061836333496713,-0.6047215271049836,-0.6002110686096047,0.001
3786,reciprocal,0.37704334385396887,0.37544663897564196,0.37492321321726346,0.37262797874073067,0.3720934586402556,0.3688269905625659,0.36833707713301084,0.36860923413987595,0.36707197569664285,0.36688426455158124,0.001
3787,reciprocal,-0.5968878806631291,-0.3927605008835434,-0.28468887216821337,-0.20153547141414171,-0.14484118936591817,-0.08408296551358606,-0.05307859239565317,-0.007603117714869817,-0.009113202965963334,0.03065966089791721,0.00963334299420087
3788,reciprocal,-0.36044781298779727,-0.3427463388233845,-0.3337923927708854,-0.3130182469329295,-0.3071594891019628,-0.3002303350214371,-0.29266017784893344,-0.28537524677142406,-0.2844722118245827,-0.27900664149696697,0.0024010567524097278
3789,reciprocal,0.7725198547543783,0.4331881463684167,0.2265537698314659,0.1267754059161082,0.05225311770565544,-0.018002593809005357,-0.038630994795903977,-0.0775687244358228,-0.11327325983618422,-0.12961015792103556,0.011412024393556626
3790,reciprocal,-0.875880516358359,-0.8747471304125839,-0.8745055390060917,-0.8713437431988167,-0.8720566858592377,-0.8694741523752301,-0.8717003281233315,-0.8688738406198093,-0.8689782841489014,-0.8671344301375025,0.001
3791,reciprocal,0.46451333681003587,0.5687641806573516,0.6403930905480975,0.7061313262513652,0.7362038860006823,0.7803991269521352,0.8079452104894422,0.8198467055588485,0.8525226801530498,0.8694469586011357,0.006937680421908108
3792,reciprocal,-0.3811843684693163,-0.3974427588936623,-0.41303797102920825,-0.4281754892151262,-0.4395353332954354,-0.44741270004169104,-0.45693755629275207,-0.4669628708946529,-0.4720532155301777,-0.47898805681000617,0.0017522131208063479
3793,reciprocal,0.3872666892749888,0.34225108565433643,0.303942523698711,0.2758699033922081,0.2485407327997414,0.23641976119390345,0.22321624152073752,0.21170961554920154,0.18975528719554713,0.17670681349752385,0.004282426174200623
3794,reciprocal,1.4541363230589854,1.4309154953470884,1.4118478307189803,1.3999402010670514,1.3939454682079417,1.3811996367027695,1.3690495862042071,1.3658986466849257,1.3586884758722706,1.3498405047347943,0.002964551284403581
3795,reciprocal,0.597945925514522,0.6126046508870672,0.6230013341674233,0.6320014760533701,0.6377681918044581,0.6494699573224271,0.6539239197684897,0.6648546054925135,0.6712753784409043,0.6758131728266679,0.0015914417157359086
3796,reciprocal,-1.9244104619294509,-1.9265053941141845,-1.9298193503929786,-1.9321777421971813,-1.9339838150347364,-1.9370672846041401,-1.9357909229356816,-1.9380533337486898,-1.938473736191397,-1.9400737959909908,0.001
3797,reciprocal,-0.9622460787413118,-1.0858703701665473,-1.1633459435704072,-1.1950612761340533,-1.251377642109098,-1.2626498187572093,-1.3040785167115694,-1.3088697825237334,-1.3244457051318586,-1.3421798196523849,0.007897699642349149
3798,reciprocal,-4.433676234529806,-3.4900933233616196,-3.028719648178355,-2.741219522209433,-2.5569728030439767,-2.605608790042229,-2.4270817615934637,-2.42867669755036,-2.188198272560498,-2.2561761778742087,0.04280436869495121
3799,reciprocal,-1.0726642002839555,-1.1419634920290296,-1.2259488245048782,-1.2738411989272562,-1.3124384270483376,-1.3491506403477984,-1.3838754085296963,-1.4264140272813084,-1.4484786950911808,-1.4604388089385103,0.008025873562048586
3800,reciprocal,0.8868752835173438,0.8590112879580937,0.8343670845018314,0.8136802807815985,0.7981124422600248,0.7807482503019776,0.7661025470265725,0.7528476796098321,0.7398355970573202,0.7296151032353846,0.0013114256324130043
3801,reciprocal,1.159670371990346,1.1270056327105669,1.0993179454606588,1.0797827945502567,1.0633955218205293,1.0514046548685863,1.041268697149628,1.0285573425168426,1.024991672080866,1.0140031208937046,0.0015822429448810755
3802,reciprocal,1.9418027226920396,1.9358962995394622,1.9365222396519701,1.9335486348174338,1.9317195890412295,1.9300058391551165,1.929431071136252,1.928100678533789,1.9260513351273205,1.925950148752768,0.001
3803,reciprocal,-3.644849377072093,-2.4598820282640026,-1.97434718295314,-1.6678975011926465,-1.5372865193882626,-1.4279907482596326,-1.299058666393278,-1.2908004713932233,-1.226675110826856,-1.2280919163400215,0.03712674503593867
3804,reciprocal,0.31181872094265367,0.32561650762708544,0.3412940654201138,0.3479934646775963,0.36140470483654774,0.3673080079755156,0.3789087878293643,0.3860583789966472,0.39343746670789564,0.40364822027179353,0.0021955661705287876
3805,reciprocal,-1.8444299573429488,-1.8127025163486634,-1.7910731875213508,-1.7711855543384527,-1.7624700611478608,-1.753707094533672,-1.7421719191844856,-1.7405582294873894,-1.7296906328420814,-1.7295837654443609,0.0019276022975366007
3806,reciprocal,-3.4779276725436934,-2.9486017592952587,-2.6040135078421627,-2.372252147874798,-2.228707842157133,-2.1760422262510555,-2.0990315021746286,-2.019638202347271,-1.96434343508502,-1.9237729820032041,0.034304678974064466
3807,reciprocal,-1.0075927605794173,-0.955660810423481,-0.9136785164121876,-0.8815750079189202,-0.8585182223361756,-0.8400481385574746,-0.8141215162013425,-0.795273092398898,-0.7808380551596881,-0.7621405899953375,0.005409711460261659
3808,reciprocal,-1.5627727320796434,-1.5750984662254395,-1.5857201144269641,-1.595813825756536,-1.59997915611252,-1.6096138194903145,-1.616262681163988,-1.6187272852965164,-1.622451306188573,-1.627328197160409,0.0012807659255201186
3809,reciprocal,1.713409251466457,1.3662888222012346,1.2435450980940557,1.1675383003558668,1.0968276480168742,1.0815725071280733,1.047856128222963,1.0604215670683252,1.0209161967300193,1.023093696698507,0.010845919447600895
3810,reciprocal,2.1474736511037236,2.0561005729598336,1.9648817770456597,1.9247415181727496,1.8840796381058726,1.8397161397545745,1.7966734001825997,1.7719836608178337,1.7478420118608606,1.7389039694307453,0.010619584986432675
3811,reciprocal,-1.9544387026541052,-1.9148919994394396,-1.8824801795710933,-1.8503955486026744,-1.8292514790591978,-1.8045632298229353,-1.7900384140071373,-1.7702371579242298,-1.7549384214892205,-1.7403016349368334,0.0013659281274114355
3812,reciprocal,0.34057429162792324,0.3582376873067827,0.3744146767361716,0.38759020672311123,0.3966539066623335,0.4072804579627652,0.41608185559667055,0.4251537183032892,0.4339731104814643,0.4398168106090675,0.0011294477206214497
3813,reciprocal,0.1933528920846032,0.3886272600216454,0.47309272980746647,0.5194299897148645,0.554914253580095,0.5732627526641033,0.5873477814610075,0.5941907418556022,0.6171290328116218,0.6189196593766002,0.004583580302414643
3814,reciprocal,-1.5576082546959809,-1.6204196610357668,-1.6599684653849354,-1.688990479959397,-1.715323816735794,-1.7350140639185125,-1.75646903962296,-1.760466722086978,-1.7774345638034363,-1.7889978520607646,0.002671724332084746
3815,reciprocal,-1.3147134522434003,-1.3125666083874357,-1.3140324103298602,-1.3132564721472146,-1.3143444726741405,-1.3125570003178222,-1.3135702721488116,-1.3124550913612318,-1.3101018349245614,-1.3120671971480937,0.001
3816,reciprocal,1.2194300689730162,1.1895785619792105,1.169156683967758,1.1493994401000391,1.1380934975780692,1.124042045239605,1.1157241829327125,1.1063855313145996,1.0967785370266723,1.0915378559820674,0.0011770481070340149
3817,reciprocal,1.9302862175946838,1.924278975433423,1.9228509020369005,1.9206143325394722,1.9174777925242295,1.9157611003002741,1.9157916095165857,1.91220099423506,1.9112998379309276,1.911464919670141,0.001
3818,reciprocal,-1.3133835827423361,-0.9037167791241305,-0.7204578599027238,-0.5588710064846008,-0.42117780285658407,-0.32809420632795616,-0.27768634983347423,-0.18328250641083724,-0.1542180108860274,-0.12199230073308497,0.013731422824118586
3819,reciprocal,1.0093675113155594,1.0396256197227232,1.0653926230681405,1.0911423398824047,1.1139326248800385,1.1327844405275425,1.152280257673438,1.1561176058615938,1.1765687030074232,1.1903887173657441,0.003418417198469367
3820,reciprocal,-0.07825986858980626,-0.10904452726804073,-0.13336936727501672,-0.1526179152195876,-0.17803414414225063,-0.1921221133725877,-0.21057245003331818,-0.22238382258444583,-0.2374663519213803,-0.2523720697866782,0.00270260860689822
3821,reciprocal,1.9207316316362122,1.7574459013479526,1.6688630351132503,1.585945419722812,1.5044757252403083,1.4814387960278144,1.4096936667455373,1.3933690988715983,1.3828132373256492,1.348381207702475,0.017316014753620216
3822,reciprocal,-2.085643257140226,-1.7750334585709782,-1.6412429090067284,-1.468982330914246,-1.3610772746071877,-1.2564826691691668,-1.2161083947227944,-1.1644050949722864,-1.0902520818642714,-1.0618870518667287,0.023823141031871848
3823,reciprocal,1.6871757815693782,1.7011485207978632,1.7114839552901706,1.7205881799592788,1.7323856766736463,1.744675106592092,1.7470856819428868,1.752721458956862,1.7588538193014813,1.7673663398135364,0.001733875690224611
3824,reciprocal,0.814213358977941,0.7663779798269003,0.7268173685441196,0.6929285040681032,0.6672098351856701,0.6381928197272612,0.6183048063816887,0.6007411446722947,0.5892386569046008,0.5725608948793272,0.0023924030092257694
3825,reciprocal,-0.4890333418057696,-0.5738595179018966,-0.6425434966546013,-0.6972128414028071,-0.7401182683877873,-0.7796702009443713,-0.8094657701645073,-0.8486314508457747,-0.8617647771111892,-0.8906034997644515,0.0032694688581074746
3826,reciprocal,3.074077195342313,2.583929614792728,2.207580568109733,2.0509376986459293,1.965384272434207,1.8395106948511222,1.7535048487659655,1.7517455322203466,1.712182610524042,1.6277951297599336,0.023871310550268567
3827,reciprocal,0.19225605326835635,0.20684024078987331,0.2261047915762208,0.23851547104020168,0.25193882627234254,0.26348927465150723,0.27245078013047075,0.28363505070098455,0.29016418402040944,0.3000166215057794,0.0018198052220162215
3828,reciprocal,0.855480969715045,0.5877833695106072,0.4348735395874079,0.25251358420707337,0.1677151636854984,0.12833564377853116,0.040183610653313696,-0.0032442817735571193,0.0055248167436787315,-0.09328221668818346,0.02651678472730614
3829,reciprocal,0.9490257007038692,0.9595673622144689,0.9668993216415854,0.9716365226326317,0.9816321942981991,0.9872279780301035,0.9927208845564319,0.99917406677037,1.0022111953599322,1.0074554870769268,0.0011019070062971614
3830,reciprocal,1.0950041936620152,1.0795964445608712,1.0724318228378775,1.0580922656533136,1.0501803655161759,1.041829368163162,1.0345096373694733,1.0276035738579026,1.023968292564535,1.0131964336676418,0.0016326099602490744
3831,reciprocal,-0.5781356864984186,-0.5827371340631979,-0.5841732853001255,-0.5868444751600821,-0.588195216331372,-0.5902335499603487,-0.5914015907618568,-0.5926152328155603,-0.5937868738073099,-0.5947637017844994,0.001
3832,reciprocal,2.3446730730259997,2.149118546161752,2.091346837645291,2.0499522480081454,2.02699855143106,2.009756106928212,2.000309641769481,1.9888460809846387,1.9865337629470488,1.9760163517660896,0.0024461527488317115
3833,reciprocal,2.4350710567266964,1.8898816355112085,1.6045723949539374,1.4179754855194313,1.2550964200536956,1.1131064616897506,1.0520699723054345,0.9768001702001335,0.9404780887065082,0.8773657455798267,0.012004240470721555
3834,reciprocal,-0.03173212016300936,-0.09725864039698756,-0.14825899052897282,-0.18839321140345613,-0.22855742516525068,-0.2628408724131882,-0.285599711849208,-0.3043142129144223,-0.31865164248454353,-0.3399984617251307,0.0038036130952542615
3835,reciprocal,-0.21429953689353382,-0.25095596513048385,-0.2773572913318289,-0.30261787323501294,-0.32455256318199266,-0.3403125190002174,-0.34845804622007265,-0.3508118686081618,-0.36022431688940293,-0.3785081224038636,0.0044305767481334045
3836,reciprocal,2.285295176208561,2.075428663043947,1.9377530228377562,1.819805003944877,1.7927392809103273,1.7274152896829766,1.6819936036138459,1.6302308404113415,1.602486527249383,1.5948040124793004,0.014655557018721841
3837,reciprocal,2.0255506261892076,1.9994207587761548,1.970940270173616,1.952035035658943,1.947548893026982,1.9307753955940634,1.9167061317936307,1.9105743330435048,1.9079442905057709,1.9013399664621289,0.003361065104612497
3838,reciprocal,0.8760927044281452,0.8507888356106627,0.8265917639909743,0.8084799963886707,0.7911616706562417,0.7740531951959857,0.7599824761445929,0.748614078466845,0.7332197214636161,0.7242272749437799,0.0020043060077633117
3839,reciprocal,-1.7803162539121271,-1.6684479438237907,-1.6238838903825457,-1.5682943684363149,-1.5381731033063324,-1.493940762855838,-1.4646167099443954,-1.4488314305484171,-1.4167477748263408,-1.4445701612836472,0.011363750600042157
3840,reciprocal,0.8448516752942898,0.8361179160979026,0.8301425857599011,0.8237049188121027,0.8170580633408935,0.8103754995139374,0.8088300624137255,0.8010589826679333,0.7970304272124594,0.7949881786246967,0.0012887996627148827
3841,reciprocal,0.004048051592069208,0.036586273793087196,0.06259085755574692,0.07958482798786867,0.09821252482490998,0.11111914025591184,0.1243313071008242,0.13446345334808593,0.14653268359060118,0.1535255693196178,0.001
3842,reciprocal,-1.7335430925967563,-1.6908079980056645,-1.6504471084027978,-1.6189203677122488,-1.5834732973100507,-1.563593961604683,-1.5350796082433174,-1.519673459388354,-1.5119412835933284,-1.4913595267142314,0.004172697627319484
3843,reciprocal,1.611133042309064,1.6114726573773384,1.6117187717195731,1.6146658292803744,1.6133448203234613,1.6149705141803035,1.617055559984633,1.6159109710373232,1.6184713349460544,1.6187809934825657,0.001
3844,reciprocal,0.46430093886101614,0.48022460773794023,0.48988674422287837,0.49887956450297904,0.5053743498118725,0.5125132623275789,0.5154211906813663,0.5212967820658723,0.523256766550866,0.5254387494933467,0.0013659008065566515
3845,reciprocal,0.9354930450154493,0.8495868444543412,0.7976361635929972,0.7358131254123262,0.7001750288169701,0.649134794294434,0.6300280593664704,0.6065544531455553,0.5806319138604352,0.5638406226775751,0.007756100340490399
3846,reciprocal,-2.074346858117437,-2.0525475309979564,-2.0278110800659483,-2.01452577577982,-2.0032815217127786,-1.9856734804879186,-1.9766912096357543,-1.9614027123471527,-1.9515128179081658,-1.9461223020862273,0.002614326616762797
3847,reciprocal,-2.08701983618057,-2.022393092472831,-1.9831828501059612,-1.9415050928265374,-1.8967294236053451,-1.871465925206467,-1.8513574525559768,-1.8360896228295351,-1.8158407023666645,-1.8050862977193556,0.004015237217823513
3848,reciprocal,0.43507788663598257,0.4160625617424854,0.3916547438990778,0.3717627427800788,0.35982909541946645,0.34976051602644426,0.3361260407314601,0.3239179765445381,0.31909992480535915,0.30573351857364695,0.0031479683636648696
3849,reciprocal,-1.568709391905669,-1.5402727968295022,-1.5197897016374506,-1.4932364265584215,-1.4802179989842403,-1.453207131898447,-1.447683986245434,-1.4306889160878185,-1.4187584723523161,-1.413100919651056,0.004251724535564988
3850,reciprocal,-1.164069115100535,-1.131473092883494,-1.1031589048066224,-1.0775309909719946,-1.0558249954687655,-1.0314786676228465,-1.015877561383653,-1.0031749660286384,-0.9882677650983698,-0.9740544439720515,0.0015930764051413494
3851,reciprocal,0.03212519653162397,-0.01326963885261096,-0.04162355809808604,-0.0669725651647937,-0.08297839006126445,-0.11037525626501722,-0.11754445592120809,-0.14429663809827115,-0.15730125332866438,-0.16424868052920674,0.004570430643515937
3852,reciprocal,1.463343632795592,1.4569193007562333,1.4505174971266825,1.4437479869375756,1.4401069095868606,1.4355208587624146,1.4318147480072791,1.4278030162942117,1.4236259563965608,1.4241534840749985,0.0011470952488169086
3853,reciprocal,-1.1604216195349908,-1.1530831315300314,-1.1478395468940037,-1.1430478800942858,-1.137741841864632,-1.1344816377773703,-1.1324003377419833,-1.1280207786326226,-1.1253272236520273,-1.1213405684066209,0.0011485729909898935
3854,reciprocal,1.4048885143090397,1.3974527314367091,1.3885825750991496,1.3823497767268946,1.3770195907960199,1.3694475150643224,1.3657091864346,1.362167012080922,1.3581453192995303,1.3532062934941285,0.001
3855,reciprocal,-0.26879023931609486,-0.2365787063867573,-0.21756946736693517,-0.20364446697679187,-0.19156799860064996,-0.17502118954917745,-0.15801564435386609,-0.15072703454909867,-0.13899745743769984,-0.13041904781839417,0.0029417683466730887
3856,reciprocal,0.8174130243711099,0.9117943978362433,0.9692437359471728,0.9999800884101864,1.0208541815779293,1.0369430802675312,1.0494168797041137,1.0562627528978112,1.071064058250872,1.069711618912069,0.005083564063801825
3857,reciprocal,-1.7876589044529068,-1.7867110124533072,-1.783891898474284,-1.7840649922742948,-1.781527905220441,-1.780404621152787,-1.7776817828287623,-1.7799087709543937,-1.7788752952327211,-1.7787785127377154,0.001
3858,reciprocal,0.315112009318259,0.4263250256380082,0.5426892772730707,0.620292783693548,0.6572072639040587,0.7342223787425243,0.7614395437535465,0.7891348902869496,0.7962107070890785,0.8220500491510813,0.012787890089336671
3859,reciprocal,-0.1762779298387616,-0.21762175065083184,-0.24768588952023696,-0.2769909789624637,-0.29601750389788245,-0.3130901113995209,-0.32905690316734887,-0.34561168292406125,-0.3634194245916891,-0.3728625075398179,0.0028824836332309225
3860,reciprocal,-0.9673985068720344,-0.9621700193956426,-0.9504070601973451,-0.948002956443803,-0.9380850801573535,-0.9345655456835406,-0.9276714814642193,-0.920962642785484,-0.9166317113301612,-0.9150931455074951,0.0015779308222362417
3861,reciprocal,-1.6389925478556924,-1.5865765864642758,-1.5385165861084915,-1.501689544955033,-1.4711885972264511,-1.4477405867081417,-1.4247446041271352,-1.404510765999812,-1.3839191954203798,-1.3734954150390535,0.0031243492137251424
3862,reciprocal,-0.9244573797530014,-0.9382348489793112,-0.9485834342851729,-0.9580604924235181,-0.9685123754096576,-0.9751733022451663,-0.9837004151314391,-0.9903178964290996,-0.9964653833958139,-1.0018674143666013,0.00142706137367523
3863,reciprocal,0.39083729427015923,0.5519961204148444,0.6744417891606661,0.6948391151083928,0.7707779975442368,0.8256210548754613,0.8346692403245445,0.867209599881045,0.9244084247251513,0.9344847854211343,0.012424003894877307
3864,reciprocal,-1.1163499272908728,-1.1397360577634135,-1.1589289981951971,-1.1768767503070203,-1.1915344915929014,-1.202378750022617,-1.2147398387898427,-1.2251280658866925,-1.2337995492567877,-1.243737081418479,0.0011344767070308303
3865,reciprocal,-0.6764716737555934,-0.34301176732070077,-0.07937499819052098,0.025210924080686852,0.10639464594103615,0.22922603394149824,0.2962187195229102,0.3177319607721742,0.3361534265742618,0.4397660768263518,0.03224244016518373
3866,reciprocal,2.2219525309740944,2.1361261631113786,2.0796627879613108,2.03259257490904,1.997414669412511,1.9728817632129751,1.9542307445790201,1.9430872751089472,1.9179698697856682,1.9077501249293787,0.004574921141394693
3867,reciprocal,0.27146064862371255,0.18964878352977327,0.12726433856616473,0.07652931696759425,0.03508851517078035,0.006263561812162952,-0.0368565831674952,-0.061476247591017746,-0.08640329835172111,-0.10328650519072365,0.005249505670460821
3868,reciprocal,0.038590681946223185,0.05025032459723187,0.05904253122353241,0.06558359858834543,0.07064719727104743,0.07578435774650064,0.08308405599094681,0.0861820196885667,0.09067999192330814,0.09589997668515539,0.001
3869,reciprocal,-0.6656249413220852,-0.7695075846451773,-0.8536332734253845,-0.9048875131638474,-0.9449543374141633,-0.99595453262168,-1.0241667781658206,-1.0580078694883477,-1.0862939956409938,-1.0918608690016238,0.004166968796489761
3870,reciprocal,-1.1184476499332563,-1.1385769053928065,-1.1521497354611743,-1.1571447291949708,-1.1740505099257954,-1.1793117375348003,-1.1952217412794572,-1.2005557867654286,-1.2133066985518057,-1.2165593265532877,0.0026637114765711207
3871,reciprocal,1.0850100280178057,1.071692244861115,1.048307992881561,1.0350341062118733,1.0233151034518004,1.007710412596997,0.9971226732990234,0.987986901443315,0.9737812515844096,0.9770452320518532,0.0032524446518962906
3872,reciprocal,-2.287253546770834,-2.2236881340546355,-2.1650070474121916,-2.112096730693043,-2.079699223967043,-2.0422318803097426,-2.0112019741483294,-1.9946791346780501,-1.9740603619915051,-1.9594369172121042,0.0028128045981196726
3873,reciprocal,-2.6435344788617456,-2.522938710489711,-2.463265421530206,-2.395168728741012,-2.346503190416973,-2.308226212264861,-2.2740912248455265,-2.230114994307462,-2.2112698526277654,-2.1802135630298416,0.008131044037809041
3874,reciprocal,-1.7190645254026948,-1.180212302190292,-1.0049717419873703,-0.6797916128037002,-0.5368337129533127,-0.482930761922064,-0.3099117409535371,-0.23041962974222296,-0.17594270614497903,-0.10175911417738913,0.03832694424843553
3875,reciprocal,-1.3217645127977256,-1.3915256739154205,-1.4550593440907047,-1.5030600712090045,-1.5449409158321452,-1.5692347057191984,-1.598944887340726,-1.6261573181973554,-1.6415909171554668,-1.6633231224801435,0.0032077738705083834
3876,reciprocal,1.7208443448651787,1.6987518037340097,1.685365050911604,1.6678811681551948,1.6584001031995144,1.6442566068194016,1.6310014783055304,1.6149705497938047,1.608770255411752,1.5994262819518716,0.0019332340833754515
3877,reciprocal,-2.8273331184009836,-2.5095990212653234,-2.329051787725312,-2.2088633900166803,-2.083761871192102,-2.0163204612224903,-1.9295841586113467,-1.9160232066368608,-1.8319755760602405,-1.820193909902802,0.028116768381991147
3878,reciprocal,1.3846513193807113,1.281897250560799,1.2100480417628723,1.1543178146071076,1.1080783646699939,1.0609961132636556,1.0247906830864209,0.9991191597761095,0.9694430957047294,0.9485129047230169,0.003096135048645651
3879,reciprocal,-0.2692309229276027,-0.2761381219665582,-0.28121864467895125,-0.2845898226552342,-0.2864724719553467,-0.2877926734255844,-0.29165967042859897,-0.2931843178933152,-0.29256560317690034,-0.29254978459482917,0.001
3880,reciprocal,0.8958139827853654,0.8689317387021805,0.8478792341828573,0.8293636975142313,0.8129685811467503,0.8001466844396223,0.7867039800033789,0.7737943464861117,0.7650196746978066,0.7558052041272695,0.0028515957713166253
3881,reciprocal,-1.186555049337455,-1.3826283131695547,-1.4785093277330774,-1.5430329251020165,-1.6059103867273148,-1.6150152279148418,-1.6450140017559662,-1.6673929219439996,-1.6654326561504849,-1.6907851313658935,0.009857978980101082
3882,reciprocal,0.37842348660940567,0.3662115323079773,0.351576201044887,0.3401741502597856,0.3293817906782166,0.3204587070680495,0.3154688803361975,0.30561670655510803,0.3006745641427164,0.2945937317488088,0.001765933894939253
3883,reciprocal,-0.027150938207607396,-0.09534879161264428,-0.15035120002669008,-0.21185424400949335,-0.2598355117807844,-0.2886914644483428,-0.3296513560404768,-0.34678912600964673,-0.37219246786865234,-0.4020578916671756,0.010604793444946695
3884,reciprocal,1.4292252989030112,1.4164883292959822,1.4065280213143208,1.3958734645813846,1.3847070046689023,1.3768040703103348,1.3696945991714433,1.3596033018093365,1.350245345253638,1.3457050110408897,0.0025383119185795394
3885,reciprocal,-0.3011388821539293,-0.45203865260438725,-0.5589025925077492,-0.6486431831273656,-0.7223005330762955,-0.7830477856880445,-0.8191990644093647,-0.8718020330278062,-0.8827420057856918,-0.9167124884643105,0.007872547230213236
3886,reciprocal,1.0506988917169837,1.0470529636134494,1.0450221365552488,1.0413383500597453,1.0404852665762236,1.0372237888485356,1.0351281190983412,1.034331136654025,1.032961249872799,1.0282263586944644,0.001
3887,reciprocal,-0.8287269789161937,-0.8065841559799094,-0.8019140856734213,-0.7864338161859177,-0.7801678819206974,-0.7732614504643546,-0.7643438054463205,-0.7595375581677342,-0.7541228263414818,-0.7473416193742414,0.001980970234880542
3888,reciprocal,-0.3838726908811097,-0.4807231394406061,-0.5382251604086649,-0.6041114161503571,-0.6209137643424972,-0.6312990585129378,-0.6695804975806933,-0.6993731317126853,-0.7262147963210097,-0.7160476888016467,0.009148094080217495
3889,reciprocal,-1.560655983519522,-1.5614849094563108,-1.5633894743103585,-1.5643776419023074,-1.565756370616979,-1.5648357283568184,-1.567060164015754,-1.5692878308609883,-1.5681997034508823,-1.5693675896391763,0.001
3890,reciprocal,-0.33178298862874045,0.23448623960307946,0.515795640842551,0.6578993997488246,0.749144276177935,0.8034422361004508,0.875167299285371,0.9044520332589551,0.9332423480619674,0.9731940784585584,0.009260711695518644
3891,reciprocal,0.8194850216291638,0.7656604945542286,0.7290706264196632,0.6858638991227874,0.6643493496271496,0.6444625564401643,0.622189739170833,0.6097469929097699,0.5887660153692352,0.5733485957912564,0.004900615936444275
3892,reciprocal,-0.24998160068374126,-0.01849620938736397,0.10317815772007013,0.20125530673674993,0.30088980672076854,0.3659451570482973,0.41015542854713466,0.434511378725787,0.48449995153096354,0.47777598574955715,0.012861717533986607
3893,reciprocal,-1.030789031576256,-1.0293189336417075,-1.028754173127961,-1.0273292795777063,-1.0251642369775686,-1.0254582778040455,-1.0263201300024691,-1.0274831475171837,-1.0255122362595026,-1.0226043233535498,0.001
3894,reciprocal,-0.8253100566616843,-0.8280677046531041,-0.827123542729884,-0.8320566905902602,-0.831560914102415,-0.8332867097831433,-0.8348116787039697,-0.8367456574733836,-0.8392075782203418,-0.8398922031765027,0.001
3895,reciprocal,-1.8104410199422858,-1.7931088011528022,-1.7859699479489133,-1.7743702048277958,-1.762598304680343,-1.748279519496784,-1.746065379067266,-1.734550615823541,-1.7297129807517866,-1.72145305563419,0.0020550039651594217
3896,reciprocal,-0.48587048546540135,-1.0581709696596782,-1.3384399521356123,-1.4814644543700897,-1.5342455190484332,-1.5420271711728524,-1.638366961919132,-1.6454223228404126,-1.671612165065542,-1.6918883392100272,0.02723133382929769
3897,reciprocal,-1.0127524826809304,-0.9999592523195551,-0.990096711120968,-0.9792718450496544,-0.9720334278555677,-0.9647198515480969,-0.9582986471001996,-0.9508610391959521,-0.9454075314630316,-0.9388996792637895,0.001
3898,reciprocal,-1.8971581174758805,-0.43642271390709697,0.21215606049038496,0.48762219783838373,0.6376746474926864,0.8697046808271564,0.9783677251268612,1.033260201686836,1.0618016446397445,1.103086366567228,0.03715421146500052
3899,reciprocal,0.3811424812923745,0.2835626033689232,0.23119076479127332,0.17861157128509697,0.13458089482700106,0.10660026080787612,0.08007468977641316,0.052244188869045416,0.0355049774514881,0.01750861623796233,0.0027855542015773746
3900,reciprocal,-0.36714070225531237,-0.3946533639928439,-0.4100465388503662,-0.4252698813456319,-0.44248615603308333,-0.45697881664954165,-0.46813149844783164,-0.48073513126475187,-0.4888497806152135,-0.5053679022910575,0.003760034830251291
3901,reciprocal,-0.8973741453521831,-0.811493439765795,-0.7429697256087802,-0.6974974631928599,-0.6744390637227484,-0.6468459573561136,-0.6282134308773246,-0.6128903645718897,-0.6027415969431298,-0.5842896351034015,0.0046133283077263625
3902,reciprocal,-0.7767671894126114,-0.6740335716661604,-0.5895964192308749,-0.5364010242720176,-0.47311082974226804,-0.44743554435350147,-0.4131122816807213,-0.39333582716917675,-0.37192144490803775,-0.3478125360088689,0.005908124108499256
3903,reciprocal,0.9184194554873578,0.910212630285681,0.9027134602483488,0.8991599348365732,0.8951008112633183,0.8928355846158926,0.8899503211705411,0.8878571787889309,0.8875940874022795,0.8870929691056972,0.001
3904,reciprocal,-0.1290040629071243,-0.17761123264211176,-0.22110467611147994,-0.25294247749357784,-0.27873390962894934,-0.30125719342141344,-0.32659010486359386,-0.34834503904869496,-0.36024840927850243,-0.3818438770635019,0.0031162870550340495
3905,reciprocal,-1.410845943886193,-1.3970898110148606,-1.3808614878053733,-1.3713222273336996,-1.3563373342848901,-1.345182504491197,-1.3326364074068182,-1.3285938682128233,-1.3220621835896644,-1.3133459592605439,0.001731089098399073
3906,reciprocal,1.376677433439338,1.394312754500446,1.4097404864572058,1.420994678500488,1.4337067318346757,1.4451174502563022,1.4562682127697286,1.4661061083551694,1.4794966847217608,1.4837228110170553,0.0015368575322973613
3907,reciprocal,4.180145704714592,2.725554616542541,2.030369016417215,1.6833415974690482,1.4854903044867536,1.3895724172910087,1.2119180526613098,1.1632398500279524,1.1128133542878433,1.0530558378037462,0.04791655473045894
3908,reciprocal,1.6028845124873492,1.5538229187239583,1.5139619836674871,1.4937272775364938,1.4693271195428754,1.4710886577944906,1.44065353797175,1.423959859586516,1.4027147015522365,1.3920703597698316,0.0064056107304999565
3909,reciprocal,1.5683119762265347,1.5718840096195963,1.5739076087692447,1.5748521133025963,1.5780438929209726,1.5774576907267401,1.5804748505316795,1.581110571199308,1.582442999047687,1.5821169566433784,0.001
3910,reciprocal,1.0225532431621922,0.958739741106377,0.9032959223248301,0.8670586173284898,0.8252446372584277,0.8071527244453947,0.774789559860592,0.74975989516522,0.7456175610174192,0.7261813660794828,0.006247239445890144
3911,reciprocal,-1.6728552282054003,-1.5861610297261615,-1.5338462853575656,-1.4885712366319088,-1.4716846976618612,-1.4366227483713114,-1.4059708800425572,-1.381573044190673,-1.3745416198001799,-1.354724133889388,0.007355098249155357
3912,reciprocal,-2.6175757524032646,-2.501136684051092,-2.4036309845874704,-2.3165179686317026,-2.269571026161286,-2.223659161167778,-2.1649726924581416,-2.1464547626813713,-2.086994813771197,-2.0996483655771314,0.012063833892117976
3913,reciprocal,-0.7429382360559992,-0.8118254420415929,-0.865962969786274,-0.8989335155388629,-0.9334544824166011,-0.9596874420533162,-0.9702073258484796,-0.9859851411333485,-1.0068954779007213,-1.0142279998949093,0.004179468569832247
3914,reciprocal,-0.6849000578607077,-0.7105140119861165,-0.7232907129821717,-0.740235826005053,-0.7512954062002701,-0.7616231817371413,-0.7691996181707996,-0.7771668763990119,-0.7831480285599258,-0.7890541025539393,0.0019175328166847712
3915,reciprocal,-1.3473188404777123,-1.412955954045563,-1.4732214210434469,-1.5078591687449152,-1.5491452809927118,-1.5708521809898364,-1.5916819257792616,-1.6066765070465225,-1.6318715109468975,-1.6461223766350963,0.0057727815460307105
3916,reciprocal,0.29017493182289317,0.2626395106966604,0.24615041036433472,0.22874610174657053,0.20652848151657158,0.1826440755011958,0.16406796655602462,0.1525117642728818,0.14218679247335272,0.12945488398642455,0.004641318416104249
3917,reciprocal,-2.0542327115710997,-2.026736371919811,-2.001182781791837,-1.983248446516611,-1.9681237202399737,-1.954479478869418,-1.941198541351538,-1.9163302278169307,-1.9188016671809738,-1.9087540532120952,0.004053703984703127
3918,reciprocal,-1.0450782457960162,-1.0714097814646415,-1.0956556171866576,-1.1134227618083237,-1.1315175335162753,-1.1522827071685977,-1.1646819735607439,-1.1793905195545369,-1.1898958849137125,-1.2015289127204687,0.0022445723277412367
3919,reciprocal,-1.4717557761537354,-1.5204041392238383,-1.5565334273560032,-1.5897070730525564,-1.6013038874846033,-1.6192532049313773,-1.6498896882412708,-1.6580092852920576,-1.6628613323950625,-1.6792370265455197,0.005757630650129682
3920,reciprocal,0.395398905524626,0.614078066213785,0.7430648942039054,0.8474654449762749,0.9331392143279987,1.004030347374525,1.0505057486649958,1.0853673636604686,1.1336343001898008,1.1588526654370477,0.00801741229200277
3921,reciprocal,-0.470734807857367,-0.47751341488719334,-0.48298108626332814,-0.4879788318237838,-0.49417572269045595,-0.4970860845401982,-0.4999240295046162,-0.5040472053626665,-0.5040193819671897,-0.5076165191170241,0.0011393173844953834
3922,reciprocal,-0.7152803410297195,-0.7108552762365656,-0.7085852245424937,-0.7069755933209306,-0.7057638365351884,-0.7051297704975835,-0.704471592092467,-0.7016137766617822,-0.7023786826562548,-0.7022837995127318,0.001
3923,reciprocal,-1.7233365330526333,-1.725532107062661,-1.728187564524955,-1.7301299911774526,-1.7292035497273972,-1.7303154578037707,-1.7313826686570357,-1.7352784883844345,-1.7351188327700662,-1.7357203841295346,0.001
3924,reciprocal,-0.2547192337175605,-0.26490567908018303,-0.2723818258510655,-0.28002675131097,-0.28665455488621233,-0.2946900564790262,-0.2995118194753077,-0.3042113548482544,-0.30635385550898175,-0.3109408821015259,0.0012302047185699747
3925,reciprocal,1.95952765805595,1.9299720329144896,1.9069902857123031,1.888500038520367,1.8720026056590628,1.8558482767799387,1.839707611541435,1.829026536476324,1.814781699973902,1.8089443698443848,0.0013836354418378341
3926,reciprocal,-1.5985601971449477,-1.538805146021589,-1.4841039017777344,-1.4387739087793403,-1.4048128403556024,-1.364745935909304,-1.350240593294852,-1.3105680407137443,-1.2838214771805911,-1.2810620238571189,0.009761939982603187
3927,reciprocal,1.068458807631647,1.0319742068400786,0.9989614005954489,0.973860497031881,0.9502482226540894,0.9318298566749759,0.913177892966158,0.8983053963004558,0.886195399072224,0.8720470779657803,0.0030793620294449777
3928,reciprocal,-1.774426104485865,-1.335251873819002,-1.2046933813922573,-1.0512844106348378,-1.0060858044187713,-0.9335442829868511,-0.9158356484830128,-0.8845725845195934,-0.823495256263561,-0.8171951868820162,0.022933594812036655
3929,reciprocal,1.0487668075516101,1.0394363400155875,1.028721245487561,1.021121169933261,1.0134675362102874,1.010263346195231,1.0058753523248853,1.0004995547466942,0.9938981530239249,0.9898606108986027,0.001723208902669788
3930,reciprocal,-2.6752994475942304,-2.2027736063176544,-1.934701430377369,-1.7672097567046055,-1.6305035320069987,-1.52013219205706,-1.4464370536868678,-1.3964716123675587,-1.3296251804822086,-1.3080160977788435,0.01583857085319707
3931,reciprocal,0.3404315155453208,0.44390213803034245,0.5109689944800226,0.5869690448566508,0.6452121328285487,0.6731258168723969,0.7137686077332286,0.7453974307845173,0.7725660111749483,0.7908696126968686,0.006579155211173471
3932,reciprocal,-0.6664517331262955,-0.6789668940757666,-0.6884341410297834,-0.6978403684222924,-0.7046639422507331,-0.7118529929624364,-0.7191254986288017,-0.7248158834161895,-0.7299099533015283,-0.7324745217186834,0.001
3933,reciprocal,-0.2383955728359801,-0.20836960450390787,-0.1968423720403155,-0.1813391814610614,-0.1651665336375251,-0.14929782208895706,-0.1389917532070269,-0.12596071351723595,-0.11879158637100588,-0.10950046230639664,0.0025867526511295026
3934,reciprocal,-0.34853991715248783,-0.3467060477705522,-0.34238629341016813,-0.3386446592047844,-0.3344715466604868,-0.3325982283590758,-0.32953132640388755,-0.3257122230655481,-0.3230850703116301,-0.3214001360319919,0.001
3935,reciprocal,2.119150132976245,2.0445654916837728,1.9864256971658256,1.9359901053059156,1.900909956631066,1.8662150422943387,1.8424681782880221,1.821522069792558,1.8027207372337029,1.7825001002942726,0.003039971573752649
3936,reciprocal,1.4474991485288118,1.3796534744132078,1.321172299216708,1.2712663957945702,1.2449954315462164,1.2060915413416713,1.1731075335645011,1.151087086078916,1.12516385654265,1.0983951712837114,0.004908546272496128
3937,reciprocal,1.3134053636824312,1.2003675093111514,1.091455858416415,1.030634196450331,0.9676835833282479,0.9436535349234435,0.9181905944238482,0.8760336945482223,0.8562105297359582,0.8357339612980248,0.011954924463290884
3938,reciprocal,-1.4146530090871,-1.3192604620132244,-1.2534819763505143,-1.1963589199990523,-1.152420917483331,-1.1133445613174011,-1.0782980404771572,-1.0495930766258217,-1.0352974298578907,-1.0078057129244933,0.0036751531742326075
3939,reciprocal,-1.870998125386162,-1.7981142006724704,-1.7589553877005029,-1.7048394053518237,-1.669677957187898,-1.6263066036297442,-1.6303568029628903,-1.593981484366637,-1.5836312865126665,-1.5517597007522048,0.009115799302770414
3940,reciprocal,-0.9028765317735588,-0.5912286724051979,-0.4314042831071118,-0.25254544413186,-0.15203580523983706,-0.10020226412581906,-0.01873281320872304,-0.012897701133757912,0.06988303474023758,0.11245099289786939,0.020283589361252016
3941,reciprocal,-1.5285413464108326,-1.5325954518177238,-1.535600722655908,-1.5371542561165132,-1.5428893007446443,-1.541675673247457,-1.5460241228681766,-1.5464364520580842,-1.5489146037328956,-1.550748074218723,0.001
3942,reciprocal,2.8985376726656273,2.6543348781126483,2.5228384161457473,2.407820674436577,2.3348622414522877,2.2711972944529473,2.209286963859352,2.177521527487837,2.146179964378889,2.1215003708306646,0.01235041526198377
3943,reciprocal,-2.1652172612673874,-2.1054706737683,-2.073270471231674,-2.036768255917361,-2.0038038501921442,-1.9836598623227493,-1.9580785486582233,-1.9406465554255603,-1.9112705611912677,-1.897830806421338,0.00464969345801405
3944,reciprocal,0.15185959271435787,0.04028341148490444,-0.02908137419202254,-0.06850172039818034,-0.11696184361112769,-0.16356786861214465,-0.17967552125073735,-0.21364084716221485,-0.2187285923533438,-0.23825204095815491,0.005276096846357333
3945,reciprocal,-1.3233346110523083,-1.347424763818389,-1.3825925369787462,-1.3951435949957136,-1.4187410778805318,-1.4329265686294312,-1.4386070784065985,-1.4537157428755654,-1.4670103127902707,-1.4783246490350743,0.004809965024195419
3946,reciprocal,0.5714804687529562,0.6083034595179986,0.6277652172227416,0.6602841975720547,0.676877493674364,0.6939288757534555,0.7088449016214395,0.7293933685867574,0.7442269980794844,0.7484993489072616,0.005259210103887977
3947,reciprocal,0.3308596151692323,0.37138140890639904,0.40156318656352813,0.4253294112907446,0.44999711790977476,0.4672687562986035,0.47931124824547344,0.4944401993250178,0.50732860625709,0.5152574754184109,0.0013166547752565003
3948,reciprocal,1.5864435649210171,1.5957062363669967,1.6041032083573428,1.611933922458565,1.618322110311926,1.623992925797485,1.6298388113686189,1.63571842780393,1.64134451517577,1.6451603427103652,0.001
3949,reciprocal,0.5501885833735686,0.5949148681307799,0.6394978926293954,0.6665184965089045,0.6955490634640609,0.7217686453900554,0.7372944286715478,0.7516312777585438,0.767084673591954,0.7787395010615346,0.003188534538882073
3950,reciprocal,-1.6784959777353556,-1.6553358370707054,-1.632768971893908,-1.6224209753406047,-1.6066793765784864,-1.6000373423696692,-1.5888750192700547,-1.5825824340519208,-1.5730350565485398,-1.5661021820895349,0.0023985766745049358
3951,reciprocal,-0.3119231844019034,-0.3333826246682731,-0.3445871031636626,-0.3535535762620707,-0.363414094918167,-0.3725406878273186,-0.37681993108068723,-0.3827310406652125,-0.38923951476634067,-0.39090657007655344,0.001754103791805763
3952,reciprocal,0.41144758922283226,0.3663711990244472,0.3268716480536242,0.29051624105987534,0.2585429218444865,0.226489827011782,0.21930522550208878,0.18984596563300646,0.1836518983591679,0.16992468350128104,0.00469524568872118
3953,reciprocal,0.029129830816608852,0.03849435667610917,0.04460290014780701,0.051228551768760504,0.05415844286772311,0.05768642557815658,0.060424464102362456,0.06300171839344836,0.06738499900711088,0.06793375430730467,0.001
3954,reciprocal,-1.3878608940974495,-1.3289278850555355,-1.2808044185794798,-1.2477762239035712,-1.2152591228635339,-1.1867269192997236,-1.1694377787639307,-1.1525354430010275,-1.1306207731604019,-1.1198864938988686,0.002823793701959733
3955,reciprocal,-1.6188840254243901,-1.6066732596812534,-1.5928796935943286,-1.5898465091685974,-1.581150752523207,-1.5723764195812626,-1.568897023978408,-1.564903899895201,-1.5625765351629055,-1.5585378395090617,0.0016792547667260733
3956,reciprocal,-2.957390139012569,-2.4565926807548384,-2.2068914814819984,-2.0647363461138624,-1.9757210438217212,-1.9174608878758976,-1.842380545410324,-1.817813888484315,-1.7807551536292492,-1.7652717914624303,0.011067030222532755
3957,reciprocal,-0.705801666159683,-0.7020170503315691,-0.6987751686476537,-0.6972242488356425,-0.693360419133518,-0.6914525808635069,-0.6899136353279022,-0.6878926102861636,-0.687762364406117,-0.6870932509213128,0.001
3958,reciprocal,-0.41193021391811835,-0.46324549178414853,-0.5086926068523759,-0.5494827391173941,-0.5786048858439206,-0.6031770556867846,-0.6323025996548343,-0.6395546862416065,-0.6570126117697801,-0.6811381275172297,0.004502323955502405
3959,reciprocal,0.6252070659799418,0.4870326266901017,0.3727773226350782,0.3129840855690968,0.2744405895651673,0.23635222401847353,0.22251059062042286,0.19427987304444855,0.19037953402743407,0.1645788664515203,0.008551563913704208
3960,reciprocal,2.003319052216314,1.9183904781412053,1.8132534492113441,1.78762820765917,1.7012466938493733,1.6679949136663916,1.6220116644730136,1.5684924565523666,1.5473090267616625,1.5370395240916768,0.013745522824691334
3961,reciprocal,-0.13798340726561897,-0.11040801546574644,-0.0910882684316263,-0.08192196031846616,-0.060789356237885804,-0.051600955394216996,-0.03239563920574168,-0.02768715983755951,-0.012245646223034697,-0.0012357551438350804,0.0034421942907793403
3962,reciprocal,1.20039077564689,1.2219710288023764,1.2388567982178929,1.257489766623554,1.2717061484800882,1.2853432921315884,1.297829624423158,1.3106916817499148,1.3222342531828999,1.3323947983650626,0.0011319024560238688
3963,reciprocal,1.0777803972096804,1.1001905464644286,1.1221850429518818,1.136702410780526,1.1544972237941402,1.167054714564294,1.1809188211024124,1.1927456303431496,1.2027377068306258,1.2108286253024938,0.0018729939089785987
3964,reciprocal,-1.1038339733891043,-0.7570733296098177,-0.5515063044136262,-0.3740957728814115,-0.27395017832446517,-0.18063652918953904,-0.10340140641206526,-0.05595110274485894,0.011088946635577862,0.05576208493243474,0.009969653373442494
3965,reciprocal,1.4805716275737968,1.4723054667731656,1.4578931029073847,1.4531345769233783,1.4437451539903967,1.4378953270915171,1.431165016587217,1.4250996742695636,1.4200936728498461,1.4139895259530844,0.001
3966,reciprocal,-0.9369740933621472,-0.36291884135859354,-0.05400143927893125,0.16728799797782704,0.2573234980872705,0.433971172140495,0.46488285395032763,0.4546372778964009,0.5716343472403072,0.5702575604313803,0.03319892150380988
3967,reciprocal,0.44024788879141047,0.5284724922138466,0.5616251224034849,0.613648389356906,0.6420487739780822,0.6566869611675751,0.6752794716389403,0.6933092262879762,0.6965768618956935,0.7055699504970088,0.007035911621745468
3968,reciprocal,1.4567568477916184,1.4700517688265162,1.4824314905011855,1.4927304608365606,1.503566303282533,1.5096870094993338,1.5200592265689383,1.5302310168759155,1.5346518260000053,1.534811980389816,0.002348641984673266
3969,reciprocal,-0.11212943219591388,-0.20459657165333,-0.2719263938699714,-0.32173710761176466,-0.36717222891590867,-0.40693730360330094,-0.43863571073091207,-0.4614394712052809,-0.48407658856830954,-0.5068370835526632,0.0027019033970629817
3970,reciprocal,-1.2590605556975287,-1.2630070688871404,-1.2651415926398188,-1.2691176518562357,-1.2711103315997112,-1.2755689506405659,-1.2761942955460737,-1.2786219616847498,-1.2792583815253766,-1.2813121609119336,0.001
3971,reciprocal,1.5072006479062476,1.5319487792861717,1.559159433440393,1.574616434935332,1.5936671399546871,1.599251163085387,1.6158369016834557,1.6274982200394392,1.6363709764565562,1.6461065452116797,0.00360670333774135
3972,reciprocal,-0.6155138116819682,-0.6496867998958585,-0.6711545079446728,-0.6968226198441162,-0.7181911531763812,-0.7329808063382166,-0.7484403018189115,-0.7603040681124472,-0.7718314071290583,-0.7836497541449119,0.0014757328018070988
3973,reciprocal,-1.9935687094607706,-1.9765762815293184,-1.944869327870237,-1.9358176462051926,-1.91227258891699,-1.89338153955089,-1.8817946962165553,-1.8695289038092,-1.8609544430293086,-1.847757824437355,0.004225732788411523
3974,reciprocal,-2.3533206496696844,-1.9687563956366962,-1.8830100131712109,-1.6363202511602468,-1.6045830552522196,-1.4672098241296956,-1.5040550960225587,-1.4686625181737156,-1.405551710302538,-1.390911531309496,0.030089620486855158
3975,reciprocal,-1.3063684145643426,-1.2936920828315688,-1.2785138857882188,-1.261761650772208,-1.2528780367064827,-1.2437009358017879,-1.2330726144946647,-1.2238720589989658,-1.2164032178967608,-1.207950879822522,0.001238420366976594
3976,reciprocal,1.7199774758734472,1.42514629240253,1.2614649257508768,1.1337644961374087,1.0032515355525995,0.9347120147428977,0.873981265986348,0.8273601943858865,0.7853906565245853,0.766516665865425,0.016292677784885277
3977,reciprocal,-0.1728752944794928,-0.1940329315670998,-0.2095993209175847,-0.2230518412977185,-0.23171255183710285,-0.24085326226270257,-0.24477634425113906,-0.2519613121158445,-0.2566823248911837,-0.26151272661720915,0.0010562713897474118
3978,reciprocal,-1.5832430053139024,-1.585153595024494,-1.591074181281101,-1.5942152051852319,-1.6012996320725545,-1.6016020700545963,-1.6051516191984738,-1.6081164938081718,-1.610592665396957,-1.6134944960038244,0.001
3979,reciprocal,1.1998536707503749,1.2195164697193688,1.2332241964249357,1.2435934669745257,1.2532339922881095,1.2713845300362414,1.2771577987681497,1.2859193847308379,1.2886110569344935,1.300935545747736,0.0029171728743177315
3980,reciprocal,-0.0658671326409478,-0.08089173316184368,-0.09275448082762158,-0.10561926726486086,-0.1160459133089961,-0.12435942499206235,-0.13620190203342278,-0.1402931993459278,-0.14811449671684176,-0.15567049285608564,0.0015400741672692202
3981,reciprocal,-2.8713826019166704,-2.507279057561851,-2.2256207587785046,-1.9893618686894998,-1.8720384316143406,-1.77652644123028,-1.694838539308688,-1.6313399656309453,-1.6132540296208346,-1.5559486445802184,0.024689460676010428
3982,reciprocal,-1.9353838581846257,-1.9243713811453618,-1.910271440012926,-1.9019504171237804,-1.8925391388011081,-1.882921607944268,-1.874758546357942,-1.8675394026934233,-1.862195098999759,-1.854193064637522,0.001
3983,reciprocal,1.1759419123517505,1.1923784506448132,1.2096488394361706,1.2262026417212681,1.2358367305270563,1.2463128104396433,1.2573450488661342,1.2659439729968498,1.2709871217217337,1.2828815360514454,0.001394139226969011
3984,reciprocal,0.4744102047293044,0.46537774073278515,0.46056866421579007,0.4516989266740182,0.44753321281287334,0.44306664395922163,0.4383402322588831,0.4332817648120896,0.42823459647723977,0.4250577991705611,0.001
3985,reciprocal,1.2312041000582414,1.2166494115941564,1.2039566545733162,1.1951769539669996,1.1846213574514224,1.177120434155261,1.1693271871519597,1.162267382168387,1.157212817558231,1.1486184648996067,0.0013819590622335845
3986,reciprocal,-1.5872946935311816,-1.3335815259071993,-1.20279221324071,-1.059026932947392,-0.9583965844317374,-0.9232100193660028,-0.851078708376383,-0.8231239504057953,-0.7924582152556859,-0.7790555101838065,0.015800753690001168
3987,reciprocal,1.977998128074288,1.9720869859900967,1.968167519067337,1.9631331184978469,1.9622511029916554,1.9588558305259398,1.9562999222650752,1.9542433784917084,1.9519014969204342,1.9515727124674274,0.001
3988,reciprocal,1.3301132919717704,1.3214648990110152,1.31461246074799,1.3046363244517607,1.2992043356728198,1.293250283597938,1.2882336215978205,1.284656008791642,1.27673586769823,1.2748110970610067,0.001
3989,reciprocal,-1.8807395257854573,-1.8497668217314835,-1.8096551690262477,-1.8025496331079909,-1.7712603162858096,-1.7638903797879475,-1.7434711144975148,-1.7214150975309017,-1.7142392333166863,-1.7129484555766403,0.004426023909637075
3990,reciprocal,-6.990348119119454,-4.258463871847721,-3.363474584536359,-3.0017241811286848,-2.8796494599941806,-2.9402622024327476,-2.6258978486533326,-2.5530844821373324,-2.282523272406144,-2.0894692943669813,0.12645977040748335
3991,reciprocal,0.011512080208940154,-0.010119261478755838,-0.026582664676950044,-0.04165293537392636,-0.05271829037455369,-0.06771673375283838,-0.08156690659682073,-0.09132987641755777,-0.10026271168476907,-0.11033977824383726,0.0012059580831466485
3992,reciprocal,-0.7825595425145766,-0.7600527002694838,-0.7417765704934662,-0.7231662861212304,-0.7126463352326601,-0.7040964537243496,-0.6887696307800745,-0.6795685626769803,-0.6734182962982994,-0.6614440278732875,0.002088427722186023
3993,reciprocal,0.011805742944004587,0.04356991258605456,0.07037350222638956,0.08604053561774595,0.10261966275604893,0.11878115103779559,0.14460302620739307,0.14392656448964267,0.153518146342383,0.16318807732119764,0.0033059622278845376
3994,reciprocal,-0.2457915741509913,-0.2742639831642222,-0.29732296618019377,-0.31333683536732915,-0.3318440884292965,-0.34765151929600935,-0.35838489084433306,-0.3700886129281012,-0.38311741914089226,-0.39144793823847635,0.001746890020291195
3995,reciprocal,0.05571455317205886,0.07083754526736186,0.0865585185371401,0.09517410894626008,0.10233009567184745,0.11262364257751112,0.11489634949196316,0.12153792274684508,0.12462818155321236,0.12735174067228,0.0014372820352840866
3996,reciprocal,-1.7514714738825552,-1.7189587693667667,-1.6923371174657154,-1.6679575270277922,-1.641123291492683,-1.6244859008853951,-1.5948256356546777,-1.5905552209109544,-1.5720089109722155,-1.5613458093829293,0.005093255586712914
3997,reciprocal,-2.7160250048586283,-2.1457532000321233,-1.6431906466794017,-1.433573538267561,-1.2760351998230206,-0.9271878884662657,-1.1058916750935655,-0.9517962123175038,-0.8940777660160646,-0.8376216015671331,0.05590071004158985
3998,reciprocal,1.2528339753457536,1.2614691659230284,1.2695598986105965,1.2782141378846144,1.283435897582061,1.2886091923492018,1.2938863765751218,1.298053166071324,1.302705900481933,1.3053314053750453,0.001
3999,reciprocal,-2.3656081455117914,-1.114146470364842,-0.6247478764856607,-0.3292122923122848,-0.21870731688553327,-0.03898405925870557,-0.1484957797539796,-0.013620267042545556,0.061345974077105805,0.06965366913677812,0.06408630343406699
4000,reciprocal,-1.4032014330952187,-1.391818590045853,-1.3838318324692647,-1.3754942384591724,-1.3672929019433624,-1.3581057048649594,-1.3514155871047797,-1.346165046093618,-1.3406521037009282,-1.3370430327546523,0.001
