label,y_00,y_01,y_02,y_03,y_04,y_05,y_06,y_07,y_08,y_09
linear,-2.4416865595234585,-2.3134000152967693,-1.745866740006543,-1.081418300760276,-0.649480496019908,-0.1252973100039063,0.2579871802675987,0.9599556132853744,1.434382832094574,1.833111127479921
linear,-2.898404670553001,-2.4081454159139155,-1.718735811192722,-1.203353949079094,-0.6380461820460849,-0.0954619780603684,0.5981092514187772,1.0852577359073987,1.6418278447767527,2.220420668846969
linear,-2.468577586250108,-2.518337318504951,-2.5915044655079003,-2.651248768563511,-2.7120686771011218,-2.763373231450324,-2.819716415269115,-2.8857103255787657,-2.948864325814218,-3.007940832559356
linear,-1.8235627441798292,-1.3929154421065983,-1.1818002805513916,-0.812489391857894,-0.5192706033372314,-0.2097181651608028,0.1411972576318452,0.3944334623643676,0.7305215461244193,0.9864989786293809
linear,-1.3420784210353562,-0.8488623002214446,-0.3576393849632645,0.1931701310462434,0.9014262316779036,1.1472155864713922,1.8626396574502624,2.0759202283352094,2.7369205861878165,3.3027210514589345
linear,-0.0776203490849351,0.0162542544618329,0.1275148016920794,0.2100450982830214,0.2921498040833277,0.3891285863090939,0.4869734903064026,0.5994014468949198,0.6903527391245264,0.7922499418984432
linear,1.2405425033198076,1.3582525078892005,1.4358130338104789,1.5435699384862096,1.6445624340696872,1.728611372153822,1.865848218479231,1.9468665326291157,2.05852212327358,2.169887078544094
linear,-1.9150468686941893,-1.5486455832308597,-1.2809869406088503,-0.919816218434832,-0.5645061554892526,-0.199022224730454,0.2206897104637243,0.5036497943186503,0.8793492818723048,1.3132496687537274
linear,-0.945026435254893,-0.5087654136609018,0.0354488037183963,0.6249246325953086,0.9160047132809404,1.5837157167496416,2.06360932219917,2.4929179884281534,2.920632144510831,3.5370925118747363
linear,-2.0371627614288035,-1.7918147720240645,-1.4633325038212608,-0.9785759754485416,-0.5852168292089456,-0.1054611523953458,0.2434757146982986,0.5960176727464881,1.0731967935630442,1.2547636402276403
linear,5.032021458774518,4.67139371091336,3.9899006854011434,3.26465845434199,2.7299542418205758,2.292974871064278,1.7660300746496298,1.3099848776000815,0.8269356617192061,-0.0381919264230672
linear,-0.7452023954835602,-0.6116632819045748,-0.4871269430489853,-0.3524710918739176,-0.2066744580153887,-0.0929263626257099,0.0298082217076983,0.1440397294779216,0.2618762912718041,0.4073942623931142
linear,2.7180398811047075,2.403551373772864,1.8852363152941256,1.4364542603751906,1.0667297653770358,0.6987570430403458,0.5589971526319191,-0.0874742309719277,-0.3314672271556333,-0.872429014232579
linear,-4.883457803812937,-4.165214617497276,-3.2042405346487004,-2.5266246620880106,-1.8305467850732,-1.0327995344731522,-0.0223325467849008,0.9819033896443704,1.586193488030197,2.3519097011863064
linear,-1.2585279086688828,-1.2130565004261813,-1.18486491353277,-1.1426232451972589,-1.1197460238240362,-1.097303263959024,-1.064908599858574,-1.0076125705886347,-0.9735139131122162,-0.9549722072043214
linear,3.36921879574566,2.4601318145960622,2.116558500752188,1.3934402671965975,0.8806369321019328,0.2871202871594325,-0.209249635620327,-0.6217995062956774,-1.386020359806237,-1.874679048273896
linear,2.8855290965875398,2.262924115900791,1.6699848255725984,1.1800305973677905,0.1806451800354663,-0.2937010240612462,-1.0410937317905853,-1.6905630985367892,-2.1687885138355294,-2.908864505349692
linear,-4.97525744182945,-4.063287685936256,-3.2677055369181844,-2.733429210582163,-1.6665346835656092,-0.8264200078203667,0.4841410881732308,1.1540585949937403,1.3670971719599132,2.300824457025319
linear,1.9738313838046395,1.908937634337419,1.8512168101483832,1.7878997566497683,1.7369942985371565,1.675794974664676,1.6197088141336946,1.5604806584140871,1.5052853637190808,1.4413604535058344
linear,-1.1541901821884604,-1.2092626887367437,-1.2814337077878308,-1.4007588777077902,-1.4753572303232396,-1.5508126706046688,-1.6200600256958415,-1.7269103307512936,-1.8020745422535351,-1.874662938323692
linear,1.3082465468415112,0.7763220842676135,0.1801559350310052,-0.3869608320033823,-1.0249985104860762,-1.5629811227184371,-2.127747566892466,-2.769633858793863,-3.353417453294941,-3.964494413066007
linear,-0.8976235439853435,-0.1324706066981074,0.5108353093302916,1.1241232970390582,1.739146852400023,2.3901161938012137,3.1603538082293907,3.7852909543228654,4.461739916664333,5.028396988340918
linear,-0.4140525587021272,0.3236292752786951,0.8979733601428782,1.4492985318421967,2.092659766413138,2.6778346710540557,3.3584466974619813,4.1968564319810575,4.110786105034904,5.123644837684735
linear,-2.5567631538880016,-2.262325250486256,-1.9831170900619035,-1.807473428615492,-1.506080833073624,-1.284464157674395,-1.030414087013074,-0.8043358113636015,-0.5402585053134217,-0.2558250611700473
linear,-3.4021298810140985,-2.53360145930408,-1.9217905664153203,-1.1433519779184589,-0.5137973983400919,0.2620956205720223,0.9271203609482024,1.8332407641588744,2.3601660991530045,3.293204300092765
linear,-4.9974971270764845,-4.219960962447972,-3.7174998560700856,-3.369531704250203,-2.5365499926274286,-2.0360226923484634,-1.311478910940676,-0.4117015234772265,0.1182940887530855,0.5893466038092969
linear,-5.15064405746564,-4.2072218391311855,-3.2852052449352445,-2.5759256736857408,-2.2268832109182477,-1.0366436686056029,-0.2792686010866505,0.5659944889950899,1.5429637759653234,1.772708314856817
linear,-5.636039735506953,-4.941024786641129,-4.143455951572616,-3.4684843016318267,-2.612294024173572,-1.829180043291173,-1.1165751109749955,-0.3498344310619501,0.4191321327775344,1.1124594666683132
linear,-0.5397026004454941,-0.931652096306306,-1.2333882625533688,-1.514833579864723,-1.911809023191243,-2.244065364114764,-2.5430567601408494,-2.853580857191038,-3.2085812611378595,-3.498738584583925
linear,1.0413823782406562,1.345490547160386,1.6736728109234695,2.179058586539018,2.49860073692336,2.904268742298864,3.330786652369376,3.622472028605416,4.021093782157844,4.396762820729081
linear,-0.7193417045780687,-0.8684005804237069,-0.9956606332146584,-1.0331100793260437,-1.1501492524856276,-1.2270632050241908,-1.3229369783191642,-1.441010954191178,-1.5264403847421508,-1.6436115038905952
linear,2.227852388852116,1.4376858764920917,0.5085294666297033,-0.2596200356762124,-1.1564670808429225,-1.9825872137745075,-2.7483053459845346,-3.799080978162535,-4.583739710224562,-5.435117414861373
linear,-5.494614157305641,-4.8010376164259,-4.046144577647217,-3.389200959461323,-2.977565280786941,-2.142973220978236,-1.7110316552201672,-1.2292970884609329,-0.5716740459942304,-0.0834307985874455
linear,1.2873419993611956,0.368149517384778,0.0360954453307753,-0.6821371180846851,-1.0454583047358526,-1.664077817874728,-2.414381515143351,-2.627972548651249,-3.358232796413258,-3.8953787644706654
linear,-4.127227637329872,-3.168827431862133,-2.3087015068554853,-1.2609112166995378,-0.7448354955962921,-0.1214154313546533,1.247842553155814,1.8176004117250968,2.9642113242803725,3.6693206550267927
linear,-0.6374834584106466,-0.6275948133651905,-0.6125211153910473,-0.5954082944766768,-0.585307893880549,-0.5675460005755198,-0.5535835920392295,-0.5378947236333192,-0.5258802692855036,-0.5128994818808463
linear,-1.8072299991541791,-1.6272251083792666,-1.4788138666059407,-1.343165796901961,-1.1726609291457553,-1.023460779097353,-0.8652055881755366,-0.703369918938179,-0.5419041285191931,-0.3948053945480488
linear,-0.7589619924425959,-0.7133549199476853,-0.6047051308548054,-0.5409330018558542,-0.4449609077838515,-0.3688055482058013,-0.283436006755799,-0.2067796883044355,-0.0981360722076747,-0.0333112914576792
linear,-2.2569075391233318,-2.2680411453562312,-2.279108776132716,-2.2887834124555435,-2.2999609017260902,-2.3091315321807704,-2.3223133360261423,-2.3312323879457377,-2.343302443208435,-2.3532215426792296
linear,-1.1231234468197946,-1.4151250905909776,-1.534726416607168,-1.630225042393144,-1.9454693144467543,-2.216711804194222,-2.398309746131914,-2.7153524873442514,-2.8863400674277635,-3.0958134121587184
linear,2.2720591901051983,1.1920673862685427,0.5679757300811219,-0.188579360259249,-1.4610369784292188,-2.318081075085257,-2.8434459524604776,-3.9498400949335055,-4.572540963522584,-5.728388754153261
linear,5.075132639622486,4.102571010880837,3.2880323677931607,2.599231756960232,1.958330620693144,0.975023520912804,0.4868896088679786,-0.3976659986123638,-0.946403954732958,-2.1084782340789365
linear,1.8350957786658504,1.016433101447974,0.2633061163359375,-0.4585443832164106,-1.1305326123359505,-2.0950459687066534,-2.515695789265412,-3.2632551688841094,-4.054186066295759,-4.761674513750179
linear,-0.0623624024897744,0.3782201001051886,0.8326934620383025,1.292676972134872,1.799696588248208,2.345018935367648,2.856122009395267,3.310229443229948,3.720146651602705,4.335673422538973
linear,-0.3025328707120486,-0.9042630743703508,-1.6952194673614676,-2.038753254845755,-2.538060819069151,-3.2586503247822827,-3.6452922929322376,-4.437519201067752,-4.571769336717328,-5.133119375819356
linear,0.208632516459947,0.7628207725570119,1.146900733545968,1.79687252457659,2.3946349453946887,2.530376512794595,3.030304054425624,3.606297781021888,4.213677083478691,4.384708792863948
linear,3.060023170200476,2.577321834360883,2.2329062903933825,1.9306003833270264,1.5457275804737836,1.28457578319967,0.8587017591541458,0.307765105458634,0.1294170930799272,-0.3416146760400064
linear,3.750771121760632,3.0522472888305554,2.2579730758417904,1.139154853859847,0.7978222024780357,-0.220832630709931,-0.7323976270908443,-1.766516789728045,-2.170938464594624,-3.132598383617819
linear,-0.1281755700627224,0.357867856801826,0.7282045184137096,1.1676845013408887,1.600264913490676,1.9999377930639024,2.4574900257381227,2.8537706636036666,3.282988587186954,3.760526509747373
linear,4.378804565433024,3.723061307529463,3.1585189746404163,2.7963657686415857,2.331535509515882,1.8713221220976672,1.3457527977639812,0.9878676277088132,0.5179541374116842,-0.0778217550598982
linear,0.5098615714568907,1.0698088003392283,1.668313799113179,2.0538913658585365,2.730467464431066,3.2389408029743927,3.939067637658473,4.346871930088479,5.019811261985437,5.376179130851722
linear,-0.4946311616480795,-0.9358201738933478,-1.597172381712385,-2.2441286682614696,-2.6305835012026364,-3.236159276530106,-3.7180207225283417,-4.225510376452094,-4.894375973971437,-5.416485844565605
linear,-2.9651231968325105,-2.3228754425006723,-1.7591883687360883,-1.1319442084912392,-0.0477670129531887,0.5987948865045376,1.663175398741767,2.0649939266363497,2.786833518677321,3.422090826098588
linear,0.3341216037450068,0.2272776513250677,0.1163731975609715,0.0466216632985893,-0.0407468017285331,-0.2115986273639165,-0.3200669126170857,-0.4064554826930124,-0.5335298381438036,-0.6055398239064924
linear,-6.187034309732015,-5.295485413795161,-4.475457948522585,-3.61904371185977,-2.729826335456529,-1.9866929360872156,-1.2122732539916403,-0.3416552876716965,0.536193845225783,1.2428564581848986
linear,1.206180162653317,0.6343606684297298,0.1686521180115854,-0.4860869822493882,-0.9280760168119288,-1.464239024397045,-2.062583089737477,-2.6102312056408445,-2.9576889752041278,-3.5584614383966677
linear,-4.349530173543631,-3.6803785089599903,-3.028011504258093,-2.2311903244574984,-1.7186518563538922,-1.0733883734009415,-0.6190114840875556,-0.0107813393239405,0.7208698995962463,1.2963709183163152
linear,1.4844118044743624,0.8136580173653216,0.01530897235935,-1.313842037528541,-2.254099574293006,-2.356610853545763,-3.121086462046706,-4.403009630221055,-5.389043514703277,-5.770372807103006
linear,-2.134388198900781,-1.537241895545839,-0.8551341389020978,-0.2454343611188223,0.3401301444346115,1.1508864588778642,1.763394187925369,2.3529317244665666,2.8585931532598474,3.5926126171378727
linear,-1.7530870018622031,-1.215186946563869,-0.689129193907076,-0.174073293839248,0.2367658709049036,0.875137688348825,1.3706019776420668,1.8612874181263044,2.562044078747078,3.0966685284851803
linear,3.803651067803271,3.4906123568257104,3.083849433110402,2.8527300608108117,2.5064532929662526,2.0954819929073203,1.849298320856931,1.5224389335251567,1.3157007611346454,0.9337030545772534
linear,5.333575551064439,4.518782631641307,4.015968000131885,3.250182777268588,2.5000455115257925,2.1402504669932765,1.4563131989845006,0.4178229091146959,0.0412281555731372,-0.4293684359565137
linear,4.346365371348698,3.855447089532636,3.45669239226519,2.9808860435765987,2.5533673512661923,2.0652854827899545,1.519435034285359,0.9802319835161863,0.5536558610673779,0.1055856943932662
linear,5.599106799451976,4.713348757428319,3.9907477546670007,3.0145872799497444,2.246976283344236,1.3847198576464157,0.3013062271385816,-0.4644500626122078,-1.0367990113509211,-2.3023289402960057
linear,1.6429926897537923,1.587237871754556,1.5520891957178211,1.444294600457784,1.4333244724550165,1.3958609550813008,1.3047397810653518,1.261464254980787,1.202583605092395,1.1469272570691942
linear,1.372924157754074,1.0255315346458285,0.0105512042975797,-0.4217636796484075,-1.4330907269682502,-2.1080083622359918,-2.781292115029156,-3.035723964340791,-4.125102237577,-5.089583523948456
linear,1.8251992442083984,1.9799505408653049,2.168267573444173,2.3413061321687296,2.531864078047019,2.715433969956814,2.825896128076611,3.0845083598099667,3.216253786511655,3.383453758158093
linear,0.3036288815809884,0.6354511203529198,1.1372736397285057,1.5782174180418778,2.058331067622588,2.526804769031601,2.907106884703476,3.452514227063667,3.8670236319525935,4.210782407460716
linear,1.6201211301647296,0.9345538520847912,0.2644170471681115,-0.365126153513326,-1.2355936967198555,-1.932969991182316,-2.6182591573487644,-3.190608797200995,-3.799884028252941,-4.6372156715778265
linear,5.21937140634907,4.524198325610995,3.8714966094555407,3.105021556410667,2.5827631038746865,1.62007302653469,0.8770043974454013,0.3519073175448618,-0.6520456372825609,-1.093786613314205
linear,-0.476192114607412,0.1162151793758351,0.4675576196079264,0.8787822673419271,1.4063860903567589,1.813021611148186,2.291015070297545,2.8090045642932653,3.278946384205727,3.684049361775149
linear,0.3330429609290924,0.8509488465485477,1.305271335689482,1.365697393955123,1.8904183169973343,2.211152948029517,2.6801771784404296,2.987237676895477,3.400151930201094,3.971759083760755
linear,-0.0179274464597013,0.0343739845377235,0.0909343892353,0.149779616383161,0.2066709131108938,0.2484241687454377,0.3036338522864994,0.3420378714712271,0.4037612464887872,0.4651949673083432
linear,5.593124492211287,4.97883157851249,4.220373813070682,3.485570632440658,2.8696763701714905,1.9016651012776624,1.519028958757451,0.4829724821492802,-0.0231927999863487,-0.5070919606787756
linear,-4.246323995767496,-3.5941160699273964,-2.7056335033191896,-2.073552226936406,-1.3045598810209127,-0.4943682085971045,0.1768552541378958,0.8662563425641278,1.6601400775962394,2.411812781490924
linear,-5.203433240289557,-4.382293244260212,-3.5251566834741794,-2.6369492052322694,-1.7391384546640245,-0.8372780793628979,-0.0618481202266965,0.8126177265365295,1.8247042948562555,2.6063928438461312
linear,-1.0356703054479035,-0.7724072714034818,-0.5704361769882015,-0.4108529020664681,-0.221027162392254,-0.1433095007321989,0.1187371853604095,0.2650042485180411,0.4334348948051585,0.6768137194214399
linear,-4.402102898715461,-3.522909847564353,-2.6524548473983844,-1.9735161974256932,-1.176164939765429,-0.2553099459487952,0.3807277067879072,1.055264160342705,1.9077757980040124,2.892857269367282
linear,0.4913158041047046,-0.0152850418509784,-0.733446738171519,-1.6249879262628015,-1.9147640488290216,-2.8525015009040016,-3.679626854942036,-4.259301345300647,-4.921167605344308,-5.435884664874546
linear,-0.3526378891001446,-0.753534380858808,-1.1486675766027632,-1.538286538158489,-2.071507280558126,-2.3857964687373974,-2.8745058540548296,-3.1656280412471225,-3.5673510097557672,-3.9156172892887393
linear,-4.322699988251039,-3.660569300631239,-2.718322749199572,-1.6922010253540158,-1.126649474346421,-0.0321325927673771,0.7909790829641452,1.340467945289336,2.537823989666509,3.3341812607943093
linear,-2.067302370965576,-1.8034441306718625,-1.6084042703466763,-1.3361953938686573,-1.1459876269651756,-0.8832655633365725,-0.6398659488008028,-0.3425063097635364,-0.2094989981512689,0.1015750078667737
linear,-2.4092725133329425,-2.16979331143032,-1.8640383156674944,-1.6639767428303085,-1.3587934223460143,-1.154708713620137,-0.8797047160905259,-0.6526415963345332,-0.3493124155543738,-0.0621119933473303
linear,4.526994079119422,3.8103530399894487,3.204118626190339,2.6227245542435287,2.038767450024944,1.4763128400553605,0.6498661845314331,0.1161388514643635,-0.5912114531032117,-1.255523998381496
linear,-3.757147141992816,-3.37368442577546,-2.876429900876128,-2.063462211748067,-1.6719352385578228,-1.1981158297993169,-0.5997594109367923,0.0231048374185539,0.4571391429360889,0.8612718197390299
linear,-3.861789319958989,-2.9401866741451013,-2.0334305130306904,-1.1534472167039729,-0.3019257568469603,0.5848260590684632,1.4671456747641802,2.241128484455436,3.2556194922775306,3.9986474336620352
linear,-2.9582951039098013,-2.519148989443452,-2.0141153145316912,-1.3746522856362755,-0.7778901188814363,-0.2085413635926415,0.4416377057635149,0.9005930113558833,1.5251679903006503,1.9956950262000863
linear,0.5510883481746112,-0.2374451336124743,-1.0432344689192286,-1.5822897332541448,-2.611725487001685,-3.4249710147292385,-4.452371617964482,-5.096523531371169,-5.8124041792494445,-6.660420082801282
linear,2.634980413983786,1.9069689448569176,1.1622701719508923,0.4534967393951097,0.011333378404546,-1.376287242501956,-2.048008802979667,-2.5323431727250463,-3.1646857096815726,-3.777657376684123
linear,1.4439992117644425,0.6470986970405439,-0.0329220553145404,-0.8185912876201462,-1.6146278830039484,-2.260068204493538,-3.038341629624898,-3.782233868409675,-4.412400832622536,-5.430702957468612
linear,0.7573848379658688,0.0676921612030639,-0.4198593224474686,-0.9527219808958048,-1.1218265863691723,-1.74352306713936,-2.5426380274233744,-3.084173414984601,-3.720668564222034,-4.35412350774674
linear,1.2724548933472029,0.9288835029819712,0.5924579453153811,0.1876036595750316,-0.2336730834107264,-0.8316178050370251,-1.043179359614279,-1.6329223864228215,-1.9177594277534336,-2.407636696710484
linear,4.733425278321574,4.142492066909885,3.807203916599188,3.240467099799422,2.595785176327339,2.1903376053402592,1.8035252795341896,1.2948297709696477,0.4474286269571894,-0.0323203871768135
linear,-0.143746177338922,-0.6036480649118234,-1.1398224694254238,-1.6773602095062652,-2.18690279590774,-2.697217998517168,-3.2144208904273186,-3.553981301033996,-4.168160400099351,-4.644990785162255
linear,4.3106036739128335,3.9676818912478327,3.382513160031223,2.796413707842166,2.4223612590424084,2.2564231993790025,1.538258181931511,1.2040393679923291,0.5554134408408805,0.0844160477395693
linear,2.992562574561721,2.3036317566119986,1.4939867914670686,0.564392068701593,-0.3072229679185962,-1.1241358826059078,-1.7986984128003136,-2.5833510500277432,-3.5133513791908557,-4.236168211712612
linear,-0.3764629185093625,-0.7533588211769265,-1.0021041992927129,-1.377355095761723,-1.654736030788735,-1.998029622075953,-2.328496924097136,-2.6826005182163195,-2.958424921124209,-3.312328955652538
linear,0.8035318318812809,0.7018792354288974,0.61623022652937,0.549172717377858,0.450571025581493,0.3888544585796024,0.270198301114584,0.2042594850118496,0.1043924749624931,0.0273050133060651
linear,1.0209968059337895,1.1518766477545943,1.2631405509296518,1.3738216575789637,1.4974950675845635,1.607774409511985,1.6954928006440884,1.8166276005604536,1.915097764117836,2.0349199468517614
linear,4.740776237070713,4.136661432416796,2.800913536537009,2.00452047269256,1.6146148760383645,0.681591305844938,-0.109675138402003,-1.1716066140528236,-1.7923406413267224,-2.302226946516224
linear,-1.9028794264090017,-1.8061192696162376,-1.6643722135262482,-1.5422616865244805,-1.4529946182259328,-1.3273217853515022,-1.2170422187150003,-1.0992511846758095,-0.9724362825225582,-0.8800778051817905
linear,-2.853754976361457,-2.1473799940802647,-1.3639304557332532,-1.2260408293425886,-0.4217819857929758,0.0449199024210966,0.8030497349801657,1.202797086781203,1.8672512463266893,2.436782266087554
linear,-6.0258145646247865,-5.04511955117237,-4.609485450740996,-3.920468117845616,-3.1915405644907566,-2.707568404437376,-1.8310005135548133,-1.0784874774316058,-0.4924747752381364,-0.0487006769640122
linear,0.919850878422108,0.4498554693783404,-0.2438573107822943,-0.8721170015520125,-1.386176695279455,-2.148506177413656,-2.7726148021370696,-3.233728201676377,-4.130196562907562,-4.821952727144025
linear,-2.2560240174953954,-2.3047221618065348,-2.4710591519867555,-2.6169870716427748,-2.7031075941893654,-2.84828324716215,-2.973989416149859,-3.078512927768275,-3.2420036113493,-3.3282060070605404
linear,-4.797536917048068,-4.192116390324123,-3.5802984120475383,-2.998553264503572,-2.264634999213468,-1.9539409396003429,-1.0803919047684536,-0.6186116311417471,0.0576248523901188,0.4912610212424747
linear,5.209065056547052,4.859882144491205,4.071261398994188,3.0308880050936016,2.56059569355256,1.9010528574348788,1.2101903947989552,0.4287850895762179,-0.2743915960182641,-0.807960013078779
linear,-1.7508087193139588,-1.4804852386703822,-1.0071950783076409,-0.5747915018995388,-0.3486748658641102,0.0995934026359013,0.3897318197546264,0.7683063698019365,1.25950818756632,1.504266494635557
linear,1.0780769839007067,0.3345889208660385,-0.1442660236059252,-1.0935709352142156,-1.2578730239004396,-2.125062984780664,-2.713346888317443,-3.371510555161722,-3.995619258373829,-4.385769957113678
linear,-3.000532779518953,-2.404853570867889,-1.2807014333337523,-1.1079644527749646,0.0427966623796867,0.7918269232075156,1.1974047668235095,2.385442457994812,2.936587968020151,3.666236214152625
linear,2.613506664106165,2.4368824441302763,2.172609286547943,1.913331102048909,1.7652043196346696,1.5526669984264647,1.32585709061593,1.1130885446821828,0.8568097911237709,0.6146130857925538
linear,3.117085863226034,2.374961077209737,1.3663042243252037,0.8790764486737379,0.473305587145322,-0.4452151219298259,-1.0167670891937703,-1.9310672236266253,-2.2799005772336325,-3.173394573124222
linear,6.441210619829782,5.604874844578957,4.841670145495067,4.153369404151663,3.273699844873536,2.436920076171024,1.88410603847182,0.8769595109571914,0.3968865536194991,-0.693038299909328
linear,2.1522226342325013,1.8740118826032477,1.6785537396478878,1.438087571997583,1.112888012818936,0.7659849904261755,0.4909454447500939,0.216306693984943,-0.0740270098793131,-0.2371529480236915
linear,3.148856524186945,2.6164387335738364,2.3579521988197203,1.3858003431619017,0.9809030234189506,0.7024911671807217,0.0124272254535681,-0.5095073186636914,-1.100459354388272,-1.6098660120504036
linear,-3.685124168895772,-3.227151401317864,-2.864825199968461,-2.535849098081734,-2.1351177451905894,-1.7960561554680534,-1.4492077743693526,-1.0420442334632087,-0.7107604085347037,-0.2669762580710864
linear,-0.1335392872929664,0.3032076057395051,0.8819943916681772,1.2524946039896203,1.6550259307680708,2.146151133807558,2.402693478070353,2.989565876633349,3.574782300366973,3.883721130212584
linear,2.419264421616794,1.7893449567236004,1.290951124335281,0.5576182692411883,0.0704206625251888,-0.7214456250913267,-1.512657959939169,-2.113280633737404,-2.8930124107332085,-3.3394678697295683
linear,-1.3779325248347385,-0.8139618350119938,-0.320645003531301,0.7323377695066873,1.4514044209953365,2.14863076650934,2.954799984531851,3.4265191486159,4.5295328241891815,4.903722672367783
linear,-0.0310842813351667,0.2250058266597623,0.9099227829403788,1.3409802297954003,1.810933885018701,2.550679651380445,2.8331063640384877,3.1239409563408342,3.790482947752285,4.513186937295389
linear,0.7885498696492417,0.2105102579054369,-0.4184837948127863,-0.974454672792152,-1.565640681041875,-2.0903500365740326,-2.67581097439298,-3.30249916242234,-3.8997492960551994,-4.4646748602021775
linear,0.4428118535587795,0.740115214608889,1.102736044542995,1.4386592239325675,1.6729715223432164,2.0456916751223058,2.352985242918243,2.688689605826744,2.9921299536964234,3.2573064047822275
linear,-0.8918773454059459,-1.1555781134168273,-1.5844433315235322,-2.223760370266958,-2.66616460100894,-3.296879291946854,-3.750787688662333,-4.405398582240991,-4.985116721531211,-5.178825944147569
linear,1.768395811005541,1.3392125953627934,0.7474481255931785,0.3065981597038301,-0.2279768916841724,-0.7812661146458516,-1.3300695227680237,-1.7499040622529525,-2.531265522656491,-2.9807250454706966
linear,3.0039609555348017,2.412581841447367,1.6346101470727736,0.896408987577986,0.1507951378149297,-0.5765459142706075,-1.2418402095588357,-1.9969035817382712,-2.6964160977366065,-3.402488967916386
linear,-4.291023539934832,-3.321241506484723,-2.625570613619574,-1.7214855879011588,-0.9781940202750522,-0.1276623027535812,0.6969104968143277,1.4012832994424251,2.271120673960509,2.760928847682422
linear,-0.6697215092346744,-1.1055079621624178,-1.468246916111077,-1.972665183252586,-2.4195155520489253,-2.804042067893035,-3.64246352480176,-3.7861191214959207,-4.390307370805367,-4.9008279377996
linear,-0.0811832175585833,0.4648071749531617,0.6860665501535266,1.2756549582482155,1.6935535872077374,2.257475643963782,2.557906061820887,2.94154482190132,3.395432614992153,4.008395595295199
linear,-0.9414168106759336,-0.3748513566731206,-0.1148347439739056,0.4932588791500162,0.8671958001855063,1.456370221119564,1.6163837427827024,2.1113769473662805,2.673856406842376,3.049009144049201
linear,2.776445297457495,1.8711811038351032,1.2628664640861036,0.2589745128050809,-0.1394549901497188,-0.8027638450169383,-1.6514027625986127,-2.6326778455092312,-2.868549144718102,-3.707208804667816
linear,-5.554969021252187,-4.938155515188831,-4.240401607503803,-3.772698065092976,-3.1057416705749628,-2.594397898033524,-1.9586782191392005,-1.3973771268378214,-0.7472126069949145,-0.2503864564076143
linear,-3.5125512016176,-3.1503170095771926,-2.5174044585228432,-2.173257338020284,-1.4058170889394923,-1.430289470775068,-0.7652484643007037,-0.4729949071800096,0.0432019169645869,0.5594293951067091
linear,-1.7950980896239257,-1.309708151851105,-0.8205642651020777,-0.4728412970189264,-0.0692539656409395,0.2418541667335777,0.886722125134476,1.26590788252015,1.634573405174419,2.150797793008409
linear,-4.47888145345016,-3.556507655733497,-2.983085309263997,-2.179952776516488,-1.2431353532670295,-0.5505658602692427,0.1250888471265078,0.8001379665805831,1.579885695332218,2.3734514700342326
linear,1.2355686842643592,1.4099736052111755,1.686678130502244,1.9874085699229531,2.111670072555887,2.400410237357763,2.603199869678081,2.8801721974298315,3.089148768954529,3.410542378255628
linear,-3.8566781035448487,-3.2227000007900464,-2.4980564031535644,-1.995299987364457,-1.2060688120737155,-0.816035985446288,-0.1875635240230888,0.4156660767718415,1.0356585790681911,1.8615435272386405
linear,0.2772228489526755,0.3947387052002923,0.4674626458928123,0.5715749810887509,0.6708972309223433,0.7592569914396459,0.8558651979119759,0.9696887083099032,1.0457358645453214,1.181523482287965
linear,1.926083796724502,1.8194793295526703,1.7206721121558892,1.5996552119025786,1.5299560000288923,1.4181103302122344,1.303492577523053,1.1792294398130143,1.0925688176298636,0.9719661069533084
linear,-4.650020305740025,-4.119829084898262,-3.573426234246037,-3.112165127211664,-2.6976210206689992,-2.4760459433627187,-1.9131216112476448,-1.437831332020804,-1.2142257258600366,-0.6693641244665303
linear,2.150985381964508,2.0299559451336417,1.913870811892543,1.7815280158601408,1.6638359664239677,1.5538771440311756,1.4460742738339611,1.3046685148332466,1.180806174486291,1.0735458008401526
linear,4.592594287527122,4.189821287322717,3.470553834725268,2.990026384251109,2.6967463161449694,2.1947673827127625,1.7306079615285157,1.199627008886715,0.8138103455562481,0.3571610517417867
linear,0.629315680062376,0.6824056423816053,0.7229958449766004,0.7520894141374098,0.8185444714916632,0.8684082312850235,0.9244820512552208,0.9425197205607,0.9980031740840068,1.0574207443668404
linear,0.8155673421631303,0.3682359063937055,-0.0323017947628328,-0.4787002512512516,-0.7585270185136109,-1.3478420119814691,-1.7347135570989425,-2.1001601929392155,-2.4453303028516005,-3.034446493750845
linear,-1.2278210806265286,-1.307067363593568,-1.3793994095679232,-1.50375556169619,-1.5799216374381138,-1.6871722776439553,-1.7611538766511372,-1.8610149432523728,-1.9823619832326296,-2.066269999874684
linear,-4.777938896246416,-4.370251265427699,-3.445413462495144,-2.872742838700461,-2.3422754743220886,-1.7383902753630918,-1.163016447842428,-0.4346192587692699,0.0573929122659395,0.7514698845556855
linear,3.19623680245004,2.6832375016735828,2.064452250936217,1.8388538711129652,1.4381946535334569,0.864423520737238,-0.0250937194757717,-0.2752249466575632,-0.7210754697824973,-1.4718238617629265
linear,3.3005216366639765,2.6665676632826574,1.5007805585641534,1.014708786338638,0.2433062249098004,-0.9307211436013362,-1.849044039264112,-2.884382631404208,-3.4081697652173557,-4.319710750350359
linear,-0.1640303632627505,-0.2401208860685077,-0.3075265345982538,-0.3913964087540983,-0.4773464404314267,-0.5516447614536579,-0.6458263689909214,-0.7166329287784551,-0.7959169443931291,-0.8809565638021177
linear,-0.3497233522472389,-0.088469322587316,1.1782084949446772,1.3374244223133025,2.3817073109394884,3.32112991621566,3.864561916708749,4.433703240481901,5.204732352843188,6.207752407868303
linear,-3.086175876480387,-2.3997724016378337,-1.8263891417047935,-1.0019673308808537,-0.3960542131319261,-0.041204856922247,0.721703993015493,1.2923267898943351,2.146346685505347,2.480396371733204
linear,-3.716884222489424,-3.097786209772141,-2.535108452467807,-1.6742814187314827,-1.249111288506738,-0.7640195711268029,0.1665925801463401,0.5755096793634302,1.3847557589139787,1.9985787803249744
linear,3.3250160780797717,2.207340792112871,1.6424418483372416,1.033033695371646,0.0528293342634177,-0.3696375879838777,-1.5029580509043854,-2.1040918548285186,-2.919011008277826,-3.5493215850299435
linear,-2.0655845551749965,-2.0825152092698715,-2.1020349653165686,-2.121696515454392,-2.141384274816823,-2.158301648234616,-2.179208803544897,-2.198418043953087,-2.2167756909076424,-2.233048706928263
linear,1.9222860368149544,1.7229073996793347,1.4783048367160123,1.2479189523572138,1.009891015508572,0.7963337749935517,0.5665942417329332,0.3322142452744199,0.116891959059015,-0.0985754637161367
linear,0.7777061888800192,0.5052832857546873,0.2224633065545629,-0.0371056764978575,-0.3324404875591065,-0.6015429535067884,-0.8793562607864295,-1.1639905980036815,-1.4495997696758292,-1.6645070235926642
linear,3.3683837017145484,2.307938257236273,1.8709217367191373,0.8760020344719077,-0.0890975644547672,-0.5600492838446617,-1.4575587830884171,-2.552806154623633,-2.9131992072410697,-3.893444394947253
linear,0.2916690620844991,-0.3982429144886964,-1.16832874846153,-1.6005929607630405,-2.275701846401162,-3.015095159080152,-3.816261958137512,-4.306603214653556,-4.998740660450596,-5.882635723856851
linear,-0.904294423073712,-1.0122625769422062,-1.0625142329195298,-1.1966137358051183,-1.261666578959414,-1.3783490163729946,-1.4584113360889464,-1.5358464001572305,-1.655870422426751,-1.7137687545017928
linear,-2.7891229910012045,-2.424043525045425,-2.229088426522086,-1.9449208463501664,-1.6175111632327883,-1.235214351395266,-0.931460134444522,-0.6377823877581453,-0.3799572271048334,0.0124981730396869
linear,-2.212778625280633,-2.222144785843933,-2.232903710079502,-2.243922719946017,-2.252221284068684,-2.262349035364595,-2.272330179134465,-2.278514887907757,-2.289676278742665,-2.299160779837727
linear,-2.198902646251609,-2.13319129765132,-2.082599817758093,-2.025202386856182,-1.9785741175326157,-1.926155406733613,-1.846925276323693,-1.7840858106128372,-1.7407150381952574,-1.6669307503615582
linear,-0.0362545442456563,-0.2409485502978001,-0.4868640342955079,-0.6554386678084738,-0.8361630072262174,-1.0469602559518183,-1.2747561180370768,-1.4890059908498978,-1.697526921446478,-1.8719290783535243
linear,0.0490177632761188,0.4299783198830256,0.9861532762043368,1.4675030284199286,1.7306216155991156,2.07696145191748,2.9628761684749563,3.274128129219749,3.500600481362371,4.095252154386256
linear,5.62737992381844,4.310464468351775,3.5320798626892627,2.905514368279273,2.113140846486793,1.306156477634813,0.5608669815340102,-0.4095447547012757,-1.1796094178263588,-2.1571955232424287
linear,-4.276300403304399,-3.640327973573912,-3.056390227846836,-2.5331520493417083,-1.7032130100732996,-1.045665997571084,-0.3319443781411809,0.6994695351432172,0.8899810745824804,1.7321985975002208
linear,-4.111983430375052,-3.42281649035749,-3.028206261905174,-2.380171418865205,-1.7074138798452072,-1.0351548201797771,-0.5444015918228113,0.1831607655905884,0.5404579672092222,1.0780178351701637
linear,3.3557100966847218,2.633676928104253,2.236421265254211,1.3537245704890253,0.7446725084576917,0.0314232972038271,-0.531337439114083,-1.456361045602156,-2.175404210018218,-2.661099288380936
linear,1.5245970082530302,0.8136029489692937,0.2792242116624269,-0.3244327849600429,-0.6414588551075365,-1.2714761689530296,-1.832798528488605,-2.322058651158706,-2.712117016612659,-3.7562689967400336
linear,-4.810847641289114,-3.929245693281637,-3.2351404392944403,-2.267945940914968,-1.503747768692815,-0.6607097811919674,0.1377870818247072,0.9438704744149984,1.631397379797242,2.7029011619099275
linear,-3.812169335446888,-3.4018548252928427,-3.136084634981294,-2.8861238813359837,-2.420832029737424,-2.2558557173035587,-1.965987764214422,-1.8158873199581465,-1.5447019147081815,-1.1893931702589664
linear,-0.9052773851629652,-1.1135520719456993,-1.330629764493351,-1.5269035159059683,-1.721058440023527,-1.9174799978981272,-2.108025275254769,-2.2994753031476454,-2.535087511456675,-2.7417540603076382
linear,-4.932676557149126,-4.395178672282984,-3.847667526970751,-3.285937375289345,-2.9793160589175214,-2.3855133080645405,-1.863642132543407,-1.3504661750964948,-0.8732862021516465,-0.419333754947358
linear,-0.398966004670127,-0.1858970886298685,0.1139318783481464,0.3387608045651403,0.5906689719330486,0.9049242487415232,1.0331704894603932,1.2734070042668275,1.4199586394590198,1.6381217381013529
linear,-3.4051825570552925,-3.0443724299745423,-2.705334046457633,-2.3259724825087305,-1.9198169641603,-1.6157593009164457,-1.2702961039542764,-0.8412048755895458,-0.4918123980780743,-0.1613686851126887
linear,-4.541075510295071,-4.187270981527647,-3.75843410495235,-3.334173827332838,-3.000687323794661,-2.513262779017325,-2.159790858939296,-1.717576442606907,-1.3134157987482156,-0.8872944415508502
linear,-0.2075150735428642,0.4824403920934372,1.226169137216981,1.950606034929788,2.648702548692926,3.3124849197819803,3.93299658839388,4.715127012041786,5.469509025939526,6.096716943562286
linear,-1.8065952748313836,-1.942376199274925,-2.0502277117641623,-2.2714715274024555,-2.4725547157299155,-2.579289666626517,-2.776002612653289,-2.9258457639698348,-3.114578305402395,-3.282857252433611
linear,0.7379593831067516,0.9527776549582748,1.3874849247312864,1.7582101272715187,2.098504802822561,2.3576068400822967,2.771400233342179,3.097362281773124,3.5137119965997234,3.691492317546582
linear,0.3853325703202785,-0.4417772100567839,-1.052835537461355,-1.7422737136186448,-2.5174322156933413,-3.123314984943367,-3.9529630203095887,-4.618042702176817,-5.4017920095836445,-6.103526329090701
linear,3.555125299837595,2.731230280958669,1.7981307813332217,1.1454935952801866,0.729258696447726,-0.5888150772083749,-1.2421609569362,-1.864617541336779,-2.685961114640645,-3.717671516299697
linear,-0.9297988960889172,-1.250161471528843,-1.4387213555796723,-1.7962816542143143,-2.076431130264996,-2.204178887715817,-2.462303847081798,-2.7305478263944987,-2.934820011042265,-3.008779772076754
linear,5.217913861573356,4.308907678943243,3.3882234154006823,2.6907932754592854,1.9415506639860587,1.025842289235357,0.2642195816804357,-0.5757237160037365,-1.2535489191328577,-2.1076843239552963
linear,0.9898714784513856,1.1066847316469854,1.2385738754266855,1.50236916550005,1.6806998554250614,1.887143071058984,2.072909762333227,2.2443148666047703,2.314286849970593,2.511264613939148
linear,-0.3706915584454597,-0.3123712972990072,-0.2485225950771349,-0.1728303302296654,-0.1165994573699483,-0.0453324798976988,0.0218988891383086,0.0977855807979549,0.1536993153950673,0.2088647787264804
linear,4.588645068306954,3.7926966033508993,3.191110317515648,2.0632808574858497,1.4542071634677074,0.8739063725639447,-0.0946662255370295,-1.0161024816670237,-1.4291877616137716,-2.1254667908674514
linear,0.865766669810367,1.4056227863047783,1.8095842888609264,2.253215089171728,2.7393669618141665,3.205796982554247,3.6413325773832015,4.149596429567222,4.560491905761114,5.07705764192761
linear,0.6382150318105111,0.8169209203067004,1.02902871112569,1.3787052152496209,1.59770390459378,1.747291324250536,2.0918213002925747,2.324982668997497,2.7018959846559247,2.7877088004927564
linear,0.0324437028312484,0.4575761823271296,0.9742593697466104,1.152963901608751,1.606559951181233,2.150023939160433,2.7136589471450017,2.969585235870212,3.428886817265312,3.9281964827661775
linear,3.7489609699643314,3.393242216695466,3.2677378544173945,2.962731504411491,2.781412299745458,2.5428374930069064,2.289799139066368,2.063723215937638,1.887822586701693,1.6908148782234351
linear,-1.214153177736587,-0.2331228814740922,0.5300500832991791,1.5208235007221478,1.875511661882793,2.617104227956787,3.5334762420879504,4.292708761976424,4.864436916026322,5.634589426089272
linear,-0.8878252692975561,0.0225848132587468,0.580165081013097,1.188800590510538,1.9612024800099104,2.836544470392921,3.611825758979424,4.557733137392697,5.195012450934214,6.046278813105175
linear,0.3208405465717355,-0.2467164541585969,-0.7983103555726765,-1.302113211679988,-1.7365235561057255,-2.218687769509274,-2.866311645862983,-3.283390637337859,-3.985559861529493,-4.279672446936942
linear,-4.507917469609011,-4.065970619128686,-3.751121617315394,-3.418524034745829,-3.081183736826417,-2.721708347655424,-2.3134010605312065,-1.9249372972942305,-1.7160126925349273,-1.3004935633100647
linear,1.6138424911301414,1.1137784818608545,0.3627769396707179,-0.3691635592544561,-0.8311084406490414,-1.2832070174330583,-1.9140036391201125,-2.517572332767528,-3.043817047139536,-3.6633787742279447
linear,0.1456982941841908,0.3810701249589523,0.5321734630064356,0.7272617511391194,1.047041752000759,1.1848173382481084,1.42221162132572,1.598767555387331,1.7739285512494405,2.0117455377066125
linear,-2.3679641691431628,-1.555069890675546,-1.2059300141310063,-0.8092481277505696,0.2005904676167978,0.640937768048959,1.1344988063600905,1.6804316268703872,2.4301815621216605,2.8224909900550834
linear,-0.1915372869509932,-0.2850043750930889,-0.3471370116152879,-0.4729431691501898,-0.5752773113536781,-0.61675692251716,-0.7033661958620736,-0.7933871926178897,-0.8818123943126667,-0.9835708473049852
linear,1.8652466636133385,1.7999552403556145,1.7043728098211353,1.6385949568337477,1.5508573361063815,1.4817763747060515,1.403260692400299,1.3181475874464856,1.2535603577813113,1.172837179470604
linear,-1.7653042630704396,-1.778455695209742,-1.7894756084424488,-1.7963406981259529,-1.80562280988174,-1.817257264644212,-1.8328675716515204,-1.8400953065970975,-1.849679732971601,-1.8657433642034935
linear,0.1817695393130018,-0.2311915816611383,-0.6144519487835036,-0.9773075014982082,-1.3875867268973956,-1.7677406850410342,-2.079611965008488,-2.452472962590333,-2.896242766970446,-3.2158948093407766
linear,-1.5131358596579407,-1.1586931591224727,-0.5395967240382629,-0.2075072128004979,0.2918936358027503,0.5818222833033397,1.3976562370908463,1.660235437233886,2.15117345391018,2.339010412443516
linear,2.914988594965279,2.867828262089764,2.764413268568588,2.704883628115164,2.6024974157670595,2.5223405881657097,2.4506416142830765,2.3410929608377,2.2561235430537674,2.182217387434472
linear,3.991764664665428,3.047816886154901,2.3101221966173027,1.3614024117881232,0.7455207851174518,0.0658507073257772,-0.5802469065451963,-1.5588221439925476,-2.0171563610485883,-3.0763867047033457
linear,-0.3100620886472603,0.2439605766143791,0.8530415318702995,1.3930056552124803,1.8142576715316427,2.386981360306198,2.927909666674064,3.4089406604771124,3.989402809242596,4.526784666566931
linear,-1.5465694735405495,-0.808005561997635,0.0672080616876888,1.0055386062223557,1.7678567937416838,2.7306389278826835,3.540352068565044,4.333111462102256,5.199829875455069,6.264367093742377
linear,-4.740558871939649,-3.901166234968073,-3.435956364662899,-2.7948526717106543,-1.8824685273966848,-1.327165246710439,-0.5750826375219805,0.0845710691495333,0.839887492842174,1.4554950704417269
linear,1.7442446592057557,1.7671635551653468,1.785724728463676,1.8106294948057335,1.8341216371052116,1.854393792673824,1.8766304412636945,1.899241753324896,1.919156887579292,1.945096445324566
linear,-0.0520104530093024,-0.317836232318597,-0.5550207523640531,-0.900835086004818,-1.3055959143828717,-1.4933540884468175,-1.7508181210935827,-2.1157530045791724,-2.352122406492533,-2.7281873073552
linear,0.4482976957551493,0.0629530538282856,-0.7457538148671372,-1.211441878665351,-1.7114420799152754,-2.146793759616884,-2.696080391708012,-3.0600705753780253,-3.622120331845964,-4.185450722714458
linear,0.7262503957455764,0.7472607960642529,0.8152091272725055,0.8640229373887278,0.8969452782748053,0.9369166840261726,0.9884359996271592,0.9939560362182196,1.0764813211999846,1.1161107652898168
linear,-5.987321769876912,-5.13984947472125,-4.417892010167591,-3.7216112614802817,-3.025392960139026,-2.197205171003874,-1.84620230836518,-0.9569475436346396,-0.0911329945931471,0.1169874595340938
linear,-0.4699541441298381,-0.0833425891133488,0.382173621714759,0.5311869834889629,0.8781815622166421,1.2111251051853416,1.7396479342823905,1.9453199987320344,2.3134630671356518,2.6312622484086425
linear,0.3138932352329177,0.4275143010159354,0.8839263633768112,1.0676438762712332,1.3002562679874727,1.8752206119463688,2.207171538044764,2.515819346397459,2.696167026436184,3.0429906878631456
linear,-1.8422888497015455,-1.232925123493648,-0.4927774267333983,0.2134268516127521,0.7763207925738977,1.5210396202157188,2.1709958212204006,2.853039223398589,3.521962620208146,4.116251153408911
linear,-2.487742343787646,-1.6544179998516717,-0.9580806537705948,0.3986063724794313,1.1230883120654298,1.969928054325038,2.852395300378991,3.652152626681624,4.391508915171085,5.257505058314884
linear,1.0536492967559037,0.6713583851616791,0.2223769015378092,-0.1159442265742791,-0.5840322180823833,-0.9598677832726272,-1.3522608496829724,-1.7791987424224402,-2.195299685817651,-2.60567234704214
linear,0.6231209775890603,0.327455059525911,0.0792510574511463,-0.1196208850601204,-0.2482968223705737,-0.4833442169744424,-0.7022654145630776,-0.957795078017464,-1.1274153331458407,-1.403739219970609
linear,-1.598231418314484,-1.746702322074052,-1.875926051145332,-1.9901442810836705,-2.225176414583188,-2.326151890534684,-2.5155308186115586,-2.649866243029544,-2.795040190819996,-2.9477026842796508
linear,-3.2335205536811635,-3.1709392582956117,-3.1194455757439474,-3.067378783241338,-3.027400651380133,-2.966786768494318,-2.91331891238262,-2.8700343794583465,-2.8133256577031656,-2.7623129516617784
linear,-2.722439945511013,-2.443444913241294,-1.2671789732523635,-0.4132972674557986,0.1097538356696949,1.217191735231326,1.971177765275092,2.9387249221912657,3.73958572617536,4.75851673311103
linear,1.8945524457434524,1.6887695177707067,1.389904851650575,1.1521231954319342,0.9659524731566246,0.7478704418668931,0.6175962420829407,0.4141206273677681,0.1312095582414761,0.011701678348135
linear,-5.409630935052561,-5.006754847754515,-4.350739530279089,-3.785363655168102,-3.231705833817973,-2.682026969707963,-1.7602751743136684,-1.3268425536607151,-0.1633554358910827,-0.1087946928594648
linear,-2.5065093426114955,-2.3229743264922305,-2.23100609864482,-2.026849495263493,-1.87162155825759,-1.729715493910082,-1.4990611557630935,-1.4053394848029843,-1.2088693247617766,-1.016647291976637
linear,1.4332986913992425,0.8314308695431744,0.2774914461779724,-0.4149529876186544,-0.9764043459994306,-1.5466607069621332,-2.169192832551915,-2.807011742251158,-3.390230220704008,-4.023188380782085
linear,-0.2298755480665652,-0.8413484055358675,-1.451016047560336,-2.098990611246937,-2.555990099665288,-3.228526911274183,-3.903937635311549,-4.397068028436135,-5.102308914886669,-5.771066411543717
linear,2.353054190842785,1.9184156483754464,1.224610479473832,0.5195478565733607,0.1596756392651938,-0.5232120375203677,-0.8096773385826858,-1.5928046997541758,-2.416121312778583,-2.677008987526416
linear,3.78864817163725,3.1766528023321032,2.380093526782105,1.717086257243317,0.9276126013568712,0.2481580289610023,-0.4654701901285751,-1.0959480686831764,-1.812994504670023,-2.552092141533677
linear,1.152017552335873,1.1053890763285026,1.0565678511452816,0.9991357774167312,0.9408236212017986,0.8975790480173303,0.8656267742605565,0.8081372360680891,0.7581558565591366,0.7221514123401698
linear,4.856653514311903,4.142613415390343,3.5231052686186493,2.6657365224666743,1.9465015236935077,1.2402932672570113,0.2746135485862278,-0.2934464721212007,-1.138863807147834,-2.093592769752264
linear,0.6311185014564191,0.5857464228449454,0.5504418860064335,0.4855367489085538,0.4471162750460686,0.4032952879389464,0.3513266575589906,0.3100743688705871,0.2546179282640166,0.2266935151952989
linear,-0.9200031717510908,-0.576819847037399,-0.2099380782731583,0.1445816755403787,0.5260741863447105,0.8967410351554448,1.239475669986379,1.6200249111491067,1.9760094236161347,2.404872604772492
linear,-5.470408960040149,-5.007447868873949,-4.196194793961523,-3.4156835203436544,-2.5333264911669398,-2.039631197070065,-1.1875970670282632,-0.6057939493260102,0.2214030033450046,0.6693550095052132
linear,0.6437019626615766,0.5398772217895375,0.2643798349623602,0.0010464136898432,-0.1693025112543955,-0.4125136330991961,-0.5932155422183026,-0.93674734835353,-1.1173120785547694,-1.3481499231738467
linear,-0.2174800148848183,0.0177682270673983,0.1514144658712223,0.3470820305080414,0.5569993057324042,0.7746253467071601,0.9354486188975414,1.1312020185132114,1.3680449331915854,1.5493944560315998
linear,-0.708674405364429,0.4170270516798401,0.8981813080279317,1.368416043544952,2.13446529694292,2.8317560791524663,3.619825838874474,3.933406918464237,4.686910028913766,5.540919499438559
linear,-0.0594951886646093,0.2156639524582556,0.445986908511762,0.6849160023201012,0.9276186001449652,1.1534485475289018,1.429558421770205,1.7247130743902352,1.929124059442784,2.153889098645965
linear,-2.7449966509021486,-2.4354677117227257,-2.113774236339222,-1.7858453287362617,-1.4935393413358589,-1.2568511933723927,-0.9475753136439432,-0.6087928106495266,-0.3145508245220925,-0.0318495438912545
linear,2.988977606843949,2.8744006649229927,2.7340599573152087,2.627590195340172,2.473478469835097,2.338539962713177,2.211463251912181,2.083950735548051,1.9556716233490223,1.8426281105653528
linear,5.203645910661126,4.799222486737955,4.102299443918627,2.989708759191968,2.348486233392734,1.300643067829935,0.5989038343808076,0.1889375160788015,-0.8268831476624285,-1.7044410267348322
linear,0.9309584202701724,-0.2222337793010653,-0.9337826545220156,-1.480934989517928,-2.0780597745687794,-2.78707387699293,-3.940708786359679,-4.376705848114863,-5.493144693897779,-5.72281360747957
linear,2.1654330464815734,2.294792095990472,2.4168792400747687,2.621372864574871,2.8576209183879198,3.053395276872692,3.194464178659969,3.3841166584141087,3.5972354932066324,3.757789277433577
linear,-1.8881474589308096,-1.902807923522762,-1.9187878903674904,-1.9344006713952708,-1.9489960404338715,-1.965593766586519,-1.980133668806296,-1.9959370340548208,-2.011477675175062,-2.024877480159135
linear,1.2294512966718034,1.035375984624843,0.82692961314168,0.635082522046945,0.4181429773074716,0.2363711327252305,0.042055682525691,-0.1780162808671778,-0.365678610977971,-0.5753230244684814
linear,0.7985137742041775,0.0535638903411148,-0.5029627074381139,-1.4046772295615222,-1.7897478706045922,-2.7968414680792346,-3.4447512308883974,-4.201672577451333,-4.821997599043055,-5.471772710769681
linear,-0.89492666456788,-0.4815535555559659,0.0353697521754691,0.4746391601587275,0.9171433002400214,1.37228578086278,1.976805785456756,2.317657751884631,2.7304515579338613,3.223883494047118
linear,5.718601979948533,4.959254771725486,4.385109840343937,3.634190673334661,3.0015263845955578,2.324344798200672,1.6493619389659544,1.176963531541014,0.493557210860603,-0.136567047885677
linear,-3.0365594921726604,-2.49188604584453,-1.732170263611338,-1.1044144113772494,-0.688678584127751,-0.1108799822399345,0.7124414654749303,1.6287089480896029,2.326935532243556,2.6118701331585736
linear,-4.217607075454395,-3.8724507972048254,-3.488837188593686,-3.087290152877453,-2.8124321168103905,-2.4017572863864403,-1.984700321143527,-1.7735371977430163,-1.3610832443045062,-0.9407150186027444
linear,0.2671885644622682,0.7163431803817161,1.0379066035946731,1.3535816292928091,1.7667649485230263,2.1199039810681723,2.525619692032404,2.792525544174507,3.19145985961105,3.5480555447743245
linear,-1.817130355203204,-1.9967770461828576,-2.081473038292787,-2.199212312536467,-2.366716020457045,-2.49769324421389,-2.667606933605983,-2.8464519256247693,-2.990823281440193,-3.0849072644341224
linear,-4.5687309414581065,-3.971211400073217,-3.092716825195008,-2.1268932396789126,-1.57663995092792,-0.6120692051665394,0.0507367077396313,0.9316681065500276,1.7687926400235634,2.5229130436708136
linear,4.859553021690698,4.1540851602688855,3.3788440553769994,2.6179000870618623,1.833456164757026,0.9843100113741354,0.1774407893173112,-0.4584762226015118,-1.2766527663213898,-1.9914376303183088
linear,-1.7147392549458946,-1.7009816459594798,-1.692598017923,-1.67385309448167,-1.6703052610960023,-1.657094698093082,-1.644181774204913,-1.636461805280744,-1.6204611565028764,-1.604906732681989
linear,-4.630384324715116,-4.071080587385646,-3.5225266669533126,-2.862200477904832,-2.355571035452696,-1.776617298169492,-1.2138565109761397,-0.7133574275535121,-0.1048476368700019,0.564452841307824
linear,-0.8234226708371178,-0.8328937269766823,-0.8428884480119505,-0.8481244215875426,-0.8591929617665566,-0.8645962492577483,-0.8761469371226521,-0.8805312505006504,-0.890755315818729,-0.8996998834044557
linear,-3.3459301329840843,-3.131178146623893,-2.819038879005735,-2.5643885490857405,-2.32326220057148,-2.0770305354356005,-1.7902935895097951,-1.5116382951265732,-1.1866747944853666,-0.9713165637209537
linear,3.953201728302338,3.596484940816037,3.042410386678467,2.7210003822907933,2.335518822909996,2.074236689043224,1.6111826673691545,1.2639669860855915,0.981793253403054,0.5797623787468308
linear,5.391411277090518,4.01318357479429,3.467910542400134,2.7379547340041586,2.0385312970071787,1.2297988185596955,0.2493013499123456,-0.5208657271717794,-1.4775339370902518,-2.4833818383162622
linear,-1.6261852189510924,-1.5906142026589554,-1.560121948686594,-1.5335146935000126,-1.505080372068283,-1.473207827841854,-1.452636621878825,-1.4270678482034962,-1.392519149006286,-1.3587932845856745
linear,-0.657356149105119,0.0068126878582856,0.6228404198776613,1.2762217398487183,1.775524124327568,2.481473292173274,3.134317839389443,3.791397145430656,4.275865476467156,4.937624031216536
linear,-5.423287153841463,-4.593714134434062,-3.655714170509763,-2.808486121256452,-2.089129511221411,-1.0679219286598176,-0.2802043620575405,0.6725601605949693,1.420032475101654,2.3662053470988336
linear,2.3639426997906043,1.9875441127306448,1.7011476977840867,1.470777587901348,1.2190707116239097,0.8884155544632629,0.6808882024079446,0.3297860562727338,-0.0066327792842796,-0.2508644344607829
linear,5.4956621457119486,4.724901438843212,3.940978312475039,3.0266852008176093,2.108594472554845,1.1120133438367854,0.4020995864494384,-0.5277586706911608,-1.4699838372457692,-2.1946624893018267
linear,0.7241165115450714,0.6392861705345972,0.5225237438938956,0.4479532558961022,0.3666794333567692,0.2787480733239941,0.1628407491881763,0.0939824186834841,-0.036590816924447,-0.1267713164578592
linear,0.0249977212808934,0.291392483410397,0.6065184670888595,0.7989627445083383,1.1675572052804162,1.6859306750207566,2.0045607884212453,2.30349147793367,2.747661942048706,3.106937375118214
linear,-3.34850549732488,-2.733453962893462,-1.9637110962189115,-1.5765365260429167,-0.496545664327505,-0.1564366916042011,0.4739181432604112,1.1207390547539076,1.910948720650873,2.411873240983617
linear,-1.0509772667342434,-0.5065523975692436,0.7815512581867395,1.374632469209202,2.4171831222700644,3.1950986151472605,4.577250817666696,5.458036007393434,5.874469537357408,6.74598561919533
linear,-1.8117833702332669,-1.9164768278910465,-2.053709325345218,-2.168436017252488,-2.3059659665335275,-2.4007803062093296,-2.5072949628967818,-2.64121143968474,-2.75326044443712,-2.899317163489108
linear,1.710073706720664,0.9879860485617604,0.1302118823732997,-0.4684173892647281,-1.0933693633496286,-1.40666216244558,-1.768208782613388,-2.4952870716265174,-3.633410717409977,-3.714505396886046
linear,-1.343052592381883,-1.2575893006530765,-1.1940990194896637,-1.0674304530230456,-1.0187964842548962,-0.8922141553717757,-0.7748911628924423,-0.6990311386322009,-0.6131038409558344,-0.4953210597427654
linear,-1.6813929799352794,-0.9147263372301836,-0.1735994781902863,0.6301045249971948,1.4014312702629832,2.033510279022314,2.9302286366993098,3.91634534182501,4.870282100190842,5.96938451603028
linear,3.4108327536661776,3.0048387388240467,2.5452916383237003,2.163092993229278,1.708434326145319,1.2170933661584245,0.8280200392553843,0.4432769935041081,-0.0481610140592743,-0.4604999384153342
linear,-3.645349109738902,-3.0044104394664632,-2.241149516234656,-1.7951609112222258,-1.341604300115761,-0.7029297975414943,-0.2290964990855861,0.320665693807418,0.9453533415456202,1.3041401276156457
linear,1.7345629295637464,1.1031349108288802,0.1023116187947295,-0.9513061961606925,-1.8548836879336008,-2.592988651019142,-3.306432027691351,-4.364036684324956,-5.095545988427735,-6.073392199358396
linear,4.199622362399463,3.9572104295824095,3.531077336727141,3.2754512499408786,2.9676685299642527,2.6163728481980986,2.3331024687439545,1.9712698485847515,1.627857324271054,1.4529533779664554
linear,-3.221926355924649,-2.4509152727679857,-1.3433840382922675,-0.862776170748996,0.2969263088086599,0.9746436502159048,1.8067711846687555,2.7122769527488937,3.5608822604829693,4.209765020592459
linear,5.10216286559282,4.475783358843243,3.7114361641636817,2.8092614195929277,1.802889416447852,1.1907695363874296,0.4335565245542992,-0.376983816000096,-1.167265858430819,-2.0103842156877434
linear,2.9206162588757234,2.796452965807278,2.647392216616477,2.503799071893276,2.3366050445245534,2.209786447897059,2.0770012904917268,1.908964125514336,1.7600436656951322,1.6164416151130618
linear,1.7604922046925835,1.5193804148270955,1.285918775193457,1.0805714328713854,0.845742457095268,0.5544499221426454,0.2796637801450303,0.1203376657435674,-0.21994614659974,-0.4734424333584506
linear,-1.7851258929001972,-1.8150982882598168,-1.832936128067338,-1.858497261082003,-1.880185560651084,-1.9076901159048865,-1.9250389926106044,-1.949311970491669,-1.973847261208809,-1.9956302701107576
linear,-1.1527017114166829,-1.4481853905818411,-1.7973607639607525,-2.1965830541352727,-2.529553727011537,-2.8999742759790017,-3.243206014272322,-3.621329300823707,-3.983691640053247,-4.296714611474808
linear,0.7883352544973797,1.4758965482748,1.872030581229904,2.3415433501389007,2.850029746530113,3.1139472025813464,3.628986374369521,4.083629772024769,4.424306160232564,4.992519334054111
linear,-1.0079501973403269,0.0702227661571555,0.3608235828220447,0.8410484692829245,1.468557540799437,1.8464958001957728,2.873984445039721,3.154921585300972,4.001975369258356,4.362117226042234
linear,0.0225119197474984,0.4159636484070296,0.7980213424993304,1.1606973894744987,1.6965526430258833,1.9169838655096267,2.374339962333972,2.7745422825041346,3.1986664888659826,3.545406640508203
linear,3.3914544217333025,2.52150364830881,1.7081538713122966,1.1924963745941275,0.4961793788332653,-0.237237492044471,-0.9704573379062652,-2.005546872806435,-2.675653272959836,-3.017421300766971
linear,-0.6305301091477888,-1.1534219881002343,-1.4726263223899578,-1.964751363101484,-2.4739913018071,-2.9850269472684463,-3.291082451278798,-3.895927371948308,-4.1675758613138445,-4.379560834639017
linear,-4.329338946514904,-3.913956266372725,-3.3311490714739653,-3.142158884407088,-2.771057808286162,-2.362651632241788,-2.0746392277490937,-1.7250260758138458,-1.2625105435952282,-0.9698389420983852
linear,-3.266605406425274,-2.911856765992942,-2.5235199077246,-2.2056428772070635,-1.8597228815931075,-1.4726334894057702,-1.1111764664976442,-0.7968485115884069,-0.4339988674906069,-0.1218634045700949
linear,-0.4204349183050456,-0.7575793646544644,-1.095970328656502,-1.4160412712573762,-1.7446321002025411,-2.078659302613529,-2.433144521614685,-2.73587468743544,-3.0933935645632484,-3.418563727979626
linear,0.4614722265244918,0.3172991488240282,0.0457201949174282,-0.1387872296215221,-0.346167472955979,-0.5422564200199654,-0.6890772191476656,-0.9368408985149652,-1.1272126446564588,-1.3487540534998572
linear,-2.3770342316054074,-2.011633926321696,-1.4051575879247822,-0.2991885519253247,0.2650680229733109,1.3012206476135095,1.871360898788183,2.600589811362472,3.433628303632249,4.328912411922266
linear,-0.2332797543401713,-0.0359338054706744,0.3012978533853881,0.4457739268033003,0.7666810579064514,1.0806288121793255,1.3115312497492853,1.5796379535812313,1.8005825535542332,2.1160955688980443
linear,4.12566796581329,3.534084245149149,2.964957498552798,2.6057816931438893,2.1176996034980533,1.6625538747233242,1.005129303191161,0.5095075605440146,0.119025939896271,-0.4207272923441849
linear,-1.1874318060233158,-0.9039520775383436,-0.6760087389647368,-0.5550653114143501,-0.3145432846570253,-0.0896811803256177,0.1767962214444212,0.3210792023243578,0.5350995365203973,0.8103167964778891
linear,-2.0601719136414576,-1.5029947755660644,-0.6929084781315077,0.2731481771354986,0.9027533704478392,1.6072823254752522,2.292419589805728,3.0933118966341526,3.89343982818316,4.712909928624901
linear,-2.097416781910831,-1.8679242451309324,-1.6587786041048198,-1.4635543430271143,-1.2571558265863,-1.0347069379910232,-0.7767702320594332,-0.6232662826465704,-0.3884496794070621,-0.1671233339608431
linear,-2.37460502905191,-1.9285966613627916,-1.373826191834827,-0.8163451152167078,-0.2407271999741317,0.4330549952746657,0.9427340644382284,1.5118239180153157,1.9516991462865,2.535317549756016
linear,3.810828645483332,3.50398543811464,3.238735571943914,2.944353032864991,2.665379890870118,2.395893123641553,2.0872125256182947,1.8506901135649705,1.5879610489184417,1.35890831163659
linear,1.1856430986245765,0.6026149107598767,0.0365980919679796,-0.2620022378477973,-0.7981327471700652,-1.2716199554022216,-1.6046591711221283,-1.9868127229120849,-2.577704177875725,-2.9352719695444343
linear,-4.359930624621736,-3.491975653021161,-3.0207403451915638,-2.0597172131255053,-1.7399083036305978,-1.0073061402552623,-0.1827752067737756,0.6144833130037822,1.1426020328601698,1.8362865900064156
linear,4.034938525065444,3.371384418923992,2.8462755733199496,2.067185814552864,1.523240517209859,0.7365084886793388,0.2048822618378002,-0.5155840849228469,-1.0236699998282115,-1.7677351914026551
linear,-0.3362823925637496,-0.8386391582715128,-1.3606941496896208,-1.911883729613312,-2.464299326597967,-3.002905162022566,-3.575994719511504,-4.044450051947926,-4.493943138424175,-5.1285811909830405
linear,-0.8668571520964843,0.0841854170304291,0.9610611207193042,1.2947214260143685,2.4847200655998933,3.014887597912723,4.888088248538334,4.764434794231827,5.771094454865589,6.6447750840725845
linear,3.2406485162533505,2.962425426438144,2.682143905748732,2.4852366302281013,2.229149204576106,1.9655341597936329,1.736526151093451,1.4874900715022386,1.2314074265123447,0.9590725061775917
linear,-0.2197664597600476,-0.105256981763888,-0.0189059381038663,0.0967469252430607,0.221607715614504,0.3334200941078704,0.4733734038790504,0.5838106396438228,0.7095932707723326,0.8160502587360849
linear,-1.417950350657642,-1.0197275994765778,-0.8350542666849813,-0.5776696929645572,-0.3290466862289196,0.0790551494201593,0.4097503293977954,0.6003923384891662,0.994475065180148,1.0320993089744273
linear,-3.926336396713757,-3.773697042259494,-3.3645746008142607,-2.8611518598643326,-2.6572676206574477,-2.055406103212553,-1.392704097397987,-1.1381451427735303,-0.7117972451512463,-0.0010111996930891
linear,-4.080194597086645,-3.555645256421534,-2.9667989394284686,-2.3537194048752337,-1.658818612122154,-1.1088272232153171,-0.5781422576889855,0.3499714963824991,0.9741958319710108,1.847835367594579
linear,-5.221994863887505,-4.385450326232582,-3.653074771374364,-2.972253417406562,-2.3059957042431307,-1.5879202965268029,-0.9676662022542,-0.1781119727060175,0.570742217535192,1.24573240061075
linear,3.196639957825296,2.727207775800236,2.363431757974064,1.9421184423103877,1.6074072820523866,1.1398783256759384,0.8257241100958045,0.359398074061515,-0.0628689787232707,-0.4954509970940968
linear,1.401012201239887,0.8239048575243149,0.1572628079060536,-0.3428223615480367,-0.7659162914483544,-1.391122113505976,-1.6968726915130623,-2.2735598436996742,-2.782773531015489,-3.240323378242682
linear,0.7769105064522197,1.1433014866166848,1.45622266960991,1.8846669948475552,2.3033832432206447,2.720399412663223,3.0025647351439715,3.3943744704455794,3.846351905060488,4.245926850860058
linear,-1.777942589931271,-1.2737250807210772,-0.3120880127094457,0.7095168146686686,1.5129864134978306,2.038399668707829,3.025926029150516,4.254579316372296,4.592085553742601,5.252405378017826
linear,-0.0268412159614135,-0.0100944611125153,0.008811075394459,0.0280957899847699,0.0464348052919269,0.0643347574835069,0.0831357817404921,0.1017644289812399,0.1210663683157142,0.1382960691843518
linear,4.941811691706599,4.172755247933671,3.319418703906289,2.469707075477878,1.5462122690358076,0.7579067708604064,0.0319429737618201,-1.0264683771448528,-1.8567129763096064,-2.583822103375108
linear,3.912743564839112,3.398947996383935,3.124051478394846,2.7369632052848787,2.346088537042261,2.046850531338457,1.5034357012446518,1.13543278545202,0.6410016040741344,0.3739732659017596
linear,-1.8915026730241944,-1.4572805671989988,-0.9890424367819636,-0.3330372683189156,0.074404081419629,0.5070233940753555,0.929521425192628,1.5731257724062973,2.208693852229604,2.8774278833319444
linear,0.4076903744325502,-0.5006119706416884,-0.8941218204815263,-1.515220799626474,-2.208433427691216,-2.932157591810572,-3.495766066121742,-4.190375857831284,-4.946680285428164,-5.305336428438575
linear,4.251707981382679,3.735597315415528,3.1495541713484965,2.6478758538336997,2.1235103935889,1.5476547842543062,1.074312984298856,0.4918357457626625,-0.0239499271770284,-0.4738928757250861
linear,3.4530272217966496,2.8606649783766094,2.0543816056474657,1.4605382307197845,0.8002282622122263,0.0556644929506842,-0.5559471846076944,-1.3334691857655878,-2.0143868924834445,-2.754020034430804
linear,-2.769316694957548,-2.619219692358178,-2.4206559754596264,-2.169437480952119,-2.0261335427199683,-1.883836016214918,-1.6556579824978166,-1.4875357824128992,-1.181625771844525,-1.1059202462014537
linear,-0.287446196188282,0.3752336644037308,0.7011450289574362,1.0684961717035923,1.683925818545287,2.3424348545389577,2.755014968149891,3.1561355290374835,3.672167869225994,4.185843198263841
linear,1.8328750852156683,1.880351245224944,1.93504424854222,1.997220403042273,2.044329687069623,2.103519463914924,2.160331571035852,2.209201299903874,2.2643359241591074,2.3227612084289357
linear,2.5121066754245414,2.3481403187225816,2.2004370301686365,2.0817934981431083,1.9750000394253449,1.8355541096608643,1.6184873520939425,1.5246156979891654,1.4529462437624296,1.278947534010056
linear,1.8588082246104092,1.6020191708610043,1.3276769700415203,1.06247004067582,0.8692703182738727,0.5870447070885457,0.3258475831430104,0.0632059441498648,-0.229366464633057,-0.4353197180405964
linear,-3.23819063373873,-2.480525394817196,-2.0292279359457983,-1.582559360929672,-0.8099008582625942,-0.1207472161479853,0.3654238278726444,0.7710730906627419,1.3448242938445885,1.972414209283459
linear,3.902614796344702,3.6398778306757538,3.324654311062321,3.0485044870093474,2.855360892017659,2.568978364823528,2.2512339788233984,2.0436755531615955,1.649259942993088,1.4845587847869424
linear,0.3001662383242455,0.3976419155604309,0.4878709974916396,0.5881996353198516,0.6617703737148444,0.7622297937426151,0.8542492380188564,0.9416799503453788,1.0213629465904035,1.1269249211158217
linear,-5.291711501902969,-4.698186083489892,-4.0664699689803205,-3.4843084439946925,-2.912213501997108,-2.314781748736144,-1.6988347716878724,-1.0576248043802678,-0.4620206831142522,0.1519035131423101
linear,-4.572704918423554,-3.989076755987564,-3.3587084219816994,-2.868133687104428,-2.2321401531523724,-1.5647871931501296,-1.0914817926897775,-0.3773082996918209,0.2304900561775461,0.7400068832180052
linear,1.538718113795923,1.93684095876516,2.120619586643714,2.416658331808521,2.679308076604676,3.0368033646104364,3.373131719960931,3.569665277353696,3.782718732387147,4.078433219243417
linear,3.960750790684797,3.442818087638316,2.795194996750866,2.199651765899348,1.5775916419036458,1.1325811363095837,0.3082152772071439,-0.0785117059468299,-0.7415096023918826,-1.325506731857394
linear,-1.274419877172455,-0.86098522951039,-0.5043308293432952,-0.1588828576977811,0.2612001724789897,0.7396422667035724,1.0820664119817305,1.4886899545333794,1.8511521760192755,2.2263674196087897
linear,-4.798505494088426,-4.455936861948466,-4.010809029382861,-3.540525853549848,-3.1026498943988234,-2.650581183893751,-2.1156320539212268,-1.7697390763804506,-1.4743780859816378,-0.8934599658855151
linear,3.6143960534247057,3.161041239397726,2.727212635261133,2.34709572667064,1.8251594239158904,1.3616026730426802,1.2389731296643134,0.5157308314898116,0.1473241170104248,-0.4089363018925707
linear,1.3595589813432856,0.6924829181408139,0.0531015316793148,-0.6870552970525042,-1.181161213218339,-1.9498279799547595,-2.480655402656435,-3.1449995345939854,-3.806745453272851,-4.509368331719666
linear,2.50830763877856,1.3136750440067215,1.1660146078167313,0.0953159317917413,-0.8063151239323005,-1.6385236967989223,-2.2603886154145405,-3.3415217435720708,-4.445756457946104,-4.698785983080335
linear,-1.1123328625586235,-0.8865764461507006,-0.5845810007671173,-0.2887424107263115,0.0575746432411797,0.2966167165287175,0.578600175388119,0.9558576155018615,1.1797466256104705,1.4644792761070464
linear,3.791290288188964,3.108372110483014,2.4072903919077517,1.8197960523199723,1.373380334922167,0.3900539365986277,-0.0408430825687024,-0.7281714036401932,-0.8293799702894786,-1.576000494995214
linear,-4.086297628411339,-3.395450844089418,-2.0034325122001784,-1.445344497348329,-0.5819361570922387,0.0553346093152937,1.1317633960243834,1.7799444357622611,2.6322617335874954,3.620226005355263
linear,-6.190396559716916,-5.557387781893651,-4.659295134005454,-3.80251808144534,-2.7712881618593217,-1.9087605113844488,-1.0828029575935725,-0.2588808317646019,0.5964388325561357,1.6071598784006484
linear,0.288632270118634,0.1311562004029682,-0.0841709074610528,-0.2521760374732773,-0.4399486925204492,-0.6523215481166559,-0.7772833363740732,-0.988214264715962,-1.1543211915624052,-1.364059686415232
linear,-3.622693207934086,-3.1528022898275974,-2.649240901118401,-2.1886175780014723,-1.7348024439135596,-1.3456323514473425,-0.8516119336432469,-0.3948169919089233,0.1353893082598548,0.5832339032466006
linear,2.3839687730588244,1.9712945662566443,1.765534472609938,1.4321714230416465,1.1906608635032263,0.8076127159984681,0.4130498915239263,0.1557464310912737,-0.2904543411494436,-0.5917915153261634
linear,4.633934725732296,4.2855199570586615,3.830843064512023,3.499999091961091,3.0810778414919016,2.7446475426753705,2.2800591326907065,1.844027010122544,1.4679077015958173,1.0170040882646345
linear,4.876753289218492,4.116678302597103,3.197127706132139,2.541561589307395,1.7370494977971989,0.7868804520648406,0.216069041220566,-1.0396161890502056,-1.4987828610739258,-2.451989823967321
linear,-5.111404953547166,-4.33706955566601,-3.766983977766113,-2.858480509124873,-2.2742918417151063,-1.7530261704795276,-0.97151419699319,-0.3265258308913169,0.2694162685266604,1.0588452087069586
linear,0.2611373846624751,0.5562333476145795,0.8529953859797824,1.1216209500971666,1.551418162221945,1.711490501779739,2.095790224219825,2.3618790251182227,2.778134458942881,2.9425167079337244
linear,1.4187238158291196,0.9283322953108464,0.221825220783293,-0.1424942393196277,-0.7704767628358844,-1.4192604985535453,-1.7683598312165167,-2.5354043627129474,-2.92397254783397,-3.6156824226532858
linear,-4.21744796405113,-3.3605482799057858,-2.832631920749711,-2.1724706642888294,-1.3267218720263882,-0.9574853038561212,-0.1945288269409846,0.571641277937774,1.1989737250749417,1.7130142471456231
linear,-5.429280812896304,-4.981273243666054,-4.075015390704366,-3.429620519562012,-2.6888978103709573,-1.8410972402509904,-1.4479437035173257,-0.6020215799200888,0.1689190468132888,0.7521019720835671
linear,2.465428120308093,2.090178908286374,1.847791553037926,1.574381714613043,1.255013092106534,1.0049638974901025,0.6820849559220726,0.4481945352110382,0.1745962523417771,-0.1310151693920827
linear,2.3571754759868035,2.2502732525845976,2.247191508942011,2.1654019034717025,2.085960306661231,2.0497472846464277,1.959118910209933,1.8944234143360097,1.846236052500442,1.8039151892912104
linear,3.899631988550512,2.9287022601472645,2.4007338148573107,1.504975872441271,0.8818365476246961,0.0794209004595707,-0.5800420549859495,-1.364194607910859,-2.463276133052786,-2.8397493779493006
linear,5.7192914158509405,4.855239971926265,4.4637604186556175,3.4385059195136765,2.713513317194808,2.087541021415502,1.1960030476633914,0.1852100715329421,-0.8832224464440276,-1.2300943151682595
linear,-3.4167216310331843,-2.6348807917349717,-2.215241487232201,-1.4834888526939187,-0.8481276163731305,-0.0853932866256452,0.1180713194546451,0.9143983989829804,1.7185339644344146,2.441579359437588
linear,-1.4126237227262046,-1.5338978860199095,-1.6601256195545937,-1.809892729823208,-1.925959764383092,-2.03921161070751,-2.154927952385058,-2.3032807079055555,-2.443738897707009,-2.5736522374394
linear,0.6721350617312163,0.6040287436209522,0.4820410651063241,0.3954180866679513,0.3067896082679221,0.2334939152765605,0.1117712718449697,0.0144510558349969,-0.0788379685803321,-0.1485770770023076
linear,4.625703191817478,3.975782325387868,3.621646453965549,3.165232047468672,2.780521037441837,2.4188119666743386,1.7952367030465757,1.2276498464414882,0.901668942142448,0.2744097423340031
linear,1.1340655665379789,1.0257417208529067,0.9634489591845464,0.8231466007304292,0.6716342758651395,0.6251510833461739,0.5389912084301401,0.434504771874193,0.3886765705603167,0.2322607597565625
linear,-3.558086010102027,-2.6865560301223077,-2.012331151322316,-1.1197093084559064,-0.4055634060597655,0.2683867424804952,1.294247650086791,1.9872674805999688,2.639061065171465,3.4862368599074207
linear,3.612086389197703,2.71422929960602,1.7980255065701165,0.982494302541634,0.1494110709858581,-0.7970566275773968,-1.5114375595402616,-2.4772618847620445,-3.336624458697836,-4.244080470336625
linear,-4.046125217567715,-3.443535884074288,-2.6383549054340545,-2.0452190974065925,-1.3723386725751936,-0.5609824044189943,-0.0478156614189775,0.6690803228999997,1.062083533226644,1.692918976240778
linear,-1.252924649942056,-0.6464362946357186,-0.0430347555814679,0.5109165259195819,1.099181986915656,1.8338398319193747,2.404737577873908,3.1773391981791894,3.7082269116315394,4.31471234953826
linear,-1.3384428924133205,-1.0880253439731609,-0.6630625349521313,-0.4356213503020593,-0.0448227263037955,0.1639973177214063,0.369293470919388,0.8741690075815928,1.236107749961682,1.5446257640311711
linear,0.1313452431739629,-0.0283253662428297,-0.2013968695662201,-0.3331546392058413,-0.5218480816420386,-0.6749178856644187,-0.798131676725919,-0.9677909810877936,-1.1445815669625548,-1.2922720232508809
linear,1.6476689921590968,0.753086810020535,-0.0676965279298913,-0.8658677887310943,-1.853380510764848,-2.7828833919776126,-3.5404723227715422,-4.463106841460823,-5.319038086551948,-6.199821338388982
linear,3.774249199120881,3.1439091314624417,2.8298078983761545,2.288339792019609,1.647251142773129,1.088243541666354,0.5783276556761039,0.0489175702842653,-0.4780171365445546,-1.0224512960696204
linear,-1.2713957461676464,-0.8108222822865168,-0.2142186266992118,0.2497129192989971,0.7494105481013181,1.1591934808904183,1.7804153014460735,2.1713492368931218,2.6924860455600848,3.209891193233661
linear,3.5143272336034075,2.8347906249518378,2.43492057447964,1.9115027991139728,1.35643808826605,0.7637466701607707,0.4177383531172901,-0.2619080208810117,-0.5318698448382424,-1.1277235301131605
linear,-5.576755551495212,-4.784864370539601,-3.793379156194239,-3.07448738446205,-2.235484954506511,-1.213404663407872,-0.3138667756102428,0.5333672165892676,1.5923922520348237,2.255784519144285
linear,4.665590436556039,4.263610342325421,3.941780072455217,3.196665455568428,2.338174955547744,1.5952044900548925,1.5087020882786537,0.8354900439542433,0.4217750571620187,-0.4011924117045338
linear,-1.0790926404579586,-0.5167420767974571,0.0963794457583424,0.7173019465069134,1.2113563223352986,1.8878847498243096,2.278155986596358,2.7356705013938427,3.6857953731414144,3.940784836523816
linear,3.223119027322041,2.87221222898793,2.491286319987871,2.128522368095659,1.555176799389306,1.5008835447800284,0.9661864608299552,0.642775302386879,0.1134016697494831,-0.196272435634112
linear,2.164241054108915,2.2906988233065606,2.4659837841338668,2.64155044439457,2.8573122187587487,2.930112810395181,3.1168389258508524,3.266911081409838,3.462319080532347,3.63997808491104
linear,4.204584676869743,3.854105391288512,3.3437335525270107,2.864155769508948,2.332921935542933,1.8365243784195364,1.389455439678568,0.979454070138418,0.5596658517395987,0.0933615896576956
linear,4.424199037652758,3.6108719565896568,3.1531856459575742,1.681809664642345,1.1047471242420042,0.5141018265632641,-0.7689758961560138,-1.464438344190642,-2.2786794480694863,-3.0608448817041296
linear,1.0965079788680123,0.5418784854077284,0.0954059498493287,-0.4410341170422194,-0.905568406022426,-1.2812286875628862,-1.867301951058263,-2.4175078417484324,-2.844949107372518,-3.4066813246518404
linear,-2.407439692517697,-2.243515084383168,-2.0746421234557686,-1.9313380904400528,-1.7524594372611908,-1.569407124263274,-1.414325046416301,-1.23883579674721,-1.0573110792692508,-0.9004304681623903
linear,0.0524738970127786,0.2955974643208626,0.4821585685212873,0.7648928162972585,1.0437441440461426,1.3109431439609174,1.6097392501999193,1.906138328101492,2.199947041591563,2.4299210111281364
linear,-1.311195882739362,-0.5350584995443184,0.5827943742901326,1.16103984395651,1.818633082419873,2.22632693011188,3.058945769114267,3.885579834891528,4.499634843930956,5.492220969413878
linear,0.492029809725249,0.5277965756287761,0.5794928401823142,0.6250827050894145,0.6723024058443844,0.710434747307645,0.7598053795439167,0.8009767712878608,0.8382378621120627,0.8818636732007119
linear,4.214169281123208,3.713711940842216,3.216241841966625,2.6635611968452806,2.302347396365619,1.767731094474537,1.2454488940999735,0.7520700195807657,0.3132477234887862,-0.2544741264246752
linear,1.5288772026346604,0.757834368906939,-0.0691852735596083,-0.8149551362971624,-1.4520908251015192,-2.2799936775838043,-3.1471904890375315,-3.965793896656028,-4.6911189971929295,-5.460028794660655
linear,0.4391518637186233,0.3775937293722198,0.2463061223491081,0.1097736449082775,0.0909075265925324,-0.0291360798930241,-0.107399153132827,-0.1606664631718347,-0.2535279508090476,-0.3552195645057064
linear,2.3686488185282544,2.233318983255583,2.0955312565258053,1.9297624864990368,1.7471157774208756,1.6500212536175896,1.408760579871969,1.309076266006877,1.151393913854944,1.015868971883667
linear,-0.3885391518749783,0.1518665197212291,0.5270514908156378,1.5035347821159546,1.7227194854542829,2.508139581941855,3.0878979891763105,3.6584196616171942,4.157487338055321,4.884466298000522
linear,0.5862103682168921,0.8456870853500358,1.0803146979487377,1.2024938745745162,1.4629427408649371,1.622603218559319,1.7707696663981265,2.004639243697224,2.2017599803023606,2.3795563089952187
linear,-3.193657580731613,-3.0695103141698703,-2.994443796827689,-2.884488362592439,-2.7839820419802024,-2.7209321547784,-2.6295942982062743,-2.4905022206679166,-2.416662507216422,-2.334652251085509
linear,4.323234634988152,3.6774786249877662,3.3743502306951147,2.7447043872246515,2.197690418702007,1.7729362349219435,1.074996634891174,0.8333113624315213,0.3438836008838183,-0.0442040620008694
linear,3.2383813278805547,2.403239329418122,1.7546308689352048,0.826640231374895,0.2659482139854688,-0.5833089994839246,-1.3850576964945858,-2.076092093091753,-2.7197407551156045,-3.5175242904712274
linear,0.2616037598458409,0.5086587787022359,0.7000772251252734,1.0039072069841242,1.3068455669917272,1.5489640050585602,1.803425059613796,2.103530986764557,2.2997177846796784,2.592888765534723
linear,0.1363177436653951,0.1437426680145761,0.1495368026975453,0.1599109058466327,0.1646192584184717,0.173288092466477,0.1806527643648085,0.1891580037795885,0.1927748272115174,0.2049599417024896
linear,-3.721785293244469,-3.264248084756695,-3.0917368812574706,-2.664833997831332,-2.424299548141716,-2.075609466930709,-1.7764508368821268,-1.400208945134588,-1.182564279718435,-0.8801844501432164
linear,-0.2137677483057385,-0.7760141321364092,-1.4552969591440266,-2.031895633290404,-2.6469299445462333,-3.092256768899785,-3.748952117575266,-4.328268320981495,-4.988802722773165,-5.52073871885723
linear,2.616799391686897,1.56595080016306,0.7391011605669542,-0.0723158666601028,-0.719130252844814,-1.5803704469272044,-2.484810953193031,-3.294275204895062,-4.175866048528591,-4.877372782597827
linear,0.0755177981207133,0.6055138468050574,1.15904338299046,1.755956313516697,2.3582079000380545,2.8066217306238044,3.357921656200035,3.810988772074276,4.303898181879631,4.947232804351704
linear,1.666882249530926,1.2048733743282154,0.9559430466238064,0.4433593591451077,0.0976659110349676,-0.424415096706184,-0.8648036887083366,-1.378804148659862,-1.719637550360021,-2.14389729242423
linear,-1.267599526954666,-1.0847592573410954,-0.9326915821475588,-0.7215681371141112,-0.5584469912912501,-0.4527939668799321,-0.2040074066030769,0.0216059416028468,0.1251919204567857,0.357318109690894
linear,2.809097026709747,2.8049646064580838,2.7803455529657897,2.7638496486486672,2.7525515856573297,2.732424335072116,2.708570832454181,2.69250917830269,2.68048083822037,2.65847242028776
linear,-4.474677621918133,-3.738958061612508,-2.9713058752743167,-2.0885718902362247,-1.3306373081615177,-0.3957980499252849,0.6574583603938966,1.6303032356798326,2.360137391906077,3.1513259765339727
linear,2.2772763265448583,2.464332238816644,2.6006621652463364,2.696561905370302,2.863009993693002,3.0113911378779674,3.1696994852097555,3.3184598368986613,3.518122704278468,3.5982816423971804
linear,1.3319720881730084,0.9153075273095108,0.4757607778110359,0.1392028464295398,-0.2306853300293925,-0.6268628348363325,-1.0039991934850858,-1.3543507477709464,-1.7635607120917431,-2.190187775794679
linear,-5.648855916878074,-5.044980961583549,-4.425051816418432,-3.7930834193035743,-3.1734820003751643,-2.4434834224678714,-1.8692189275343605,-1.1948586032126849,-0.5124215444143503,0.0790380686674868
linear,-1.079509131591878,-0.4890702781353613,-0.1281443916749764,0.3547294649579918,1.0487717298779036,1.5065306358587724,1.967349155579333,2.490728469851417,2.6813666567218077,3.514802847061925
linear,-3.102880083237076,-2.8330542388565343,-2.4868947117862645,-2.2450741604155784,-1.856497418875863,-1.7548730435322082,-1.3769361885437528,-0.877274623656693,-0.7927515942474833,-0.4667324186516832
linear,1.1981212283342035,0.6520652288376728,-0.4068567915655603,-0.8629569997408317,-1.607806708793004,-2.313108866257789,-3.246259828549149,-3.3819128409482317,-4.567773936247436,-5.464227499196375
linear,-2.7972040017646016,-2.490704609558758,-2.2175339232482054,-2.0416019885176784,-1.5926749531850977,-1.394211170189271,-1.0887841768056925,-0.6410254175833854,-0.2973506002495734,0.0532605693774993
linear,2.935296090192361,2.8355606722057933,2.7491856027956456,2.710599079616941,2.6095123146393524,2.554431401280265,2.478853618929447,2.374317247640957,2.313101102658257,2.2155878519722094
linear,1.6743112844424517,1.2600286202093527,0.5593750182705992,0.1205673714189252,-0.4773056477549088,-0.916387218716219,-1.4770956144398304,-2.004371341899255,-2.5996575981997885,-3.1221712190989366
linear,-2.030637399887715,-1.5942416976225295,-1.1355886555910866,-0.7922108729022167,-0.3526010843725424,-0.0060139114118197,0.4163271199177815,0.8377124290983433,1.2360120860969863,1.609721887730516
linear,0.1947567450362729,0.7911993875291201,1.1712625002437809,1.6863207568499028,2.4339680901694463,2.927830490021495,3.3050013130609748,3.863602342803795,4.596175107844401,5.086585846697389
linear,5.053242532009458,3.865973975100264,3.5604395730265166,2.9726185340185425,1.9537423222118049,1.4356007011503251,0.746291089011399,0.2266103540944021,-0.1726251781595675,-0.7679832525544847
linear,5.233732686648894,4.656337121659903,4.067882628115947,3.632882667264,2.993604008760692,2.190656312711292,1.8046317648862564,1.2360860022954967,0.5976059695403818,0.1037407154181931
linear,-4.708438841563837,-4.001816389286664,-3.529974515019662,-3.051657761496825,-2.2815811431538524,-1.8415266157710224,-1.3646824077703663,-0.8879249907291714,-0.281405092638643,0.3097112802933553
linear,-6.791067821511733,-6.0472374633882495,-5.064549266166201,-4.196643085518023,-3.294703385859421,-2.426597094609348,-1.5071203211737367,-0.5291469849416208,0.2430717767220195,1.161343692369791
linear,1.044007333124485,0.7885361963563254,0.1982200293692443,-0.3219138952638366,-0.8336591653565224,-1.367543078711812,-1.7513997803712085,-2.120741130310201,-2.696603317034316,-3.20009419732316
linear,2.4926734229816567,2.3148906858734644,2.173171468657426,2.0348966675932822,1.8440511227112333,1.5839126456493051,1.4401255857432096,1.2394861132778,1.084540802282936,0.9711386378328716
linear,-1.0649673534262003,-1.1476645872659323,-1.2425944048510411,-1.3456032473727897,-1.4342044207346394,-1.5802929754894075,-1.6342925867086018,-1.7578937409932638,-1.841720944575052,-1.9739911190048645
linear,-3.369964568195724,-2.7790642236876337,-2.4292527340076435,-1.840582892220767,-1.3683110718102298,-0.875016016558272,-0.587525214591647,-0.0101928700610378,0.4763708693294377,0.6595588829971581
linear,-1.684084249932296,-1.2993419797354049,-1.075940815607525,-0.7337316370528115,-0.4246803904163957,-0.0924417354290336,0.1610140487933172,0.4626978862533608,0.7959819460402675,1.1339218472829502
linear,-1.3292420239283624,-1.5215629549678833,-1.809846755667664,-2.045663571465746,-2.285697086494536,-2.5156282615467256,-2.7482445008667007,-2.9865034952843126,-3.240115141232585,-3.513441706786635
linear,-0.9009460896317764,-1.2886483911219644,-1.460633606757322,-1.6534890665068076,-2.062254711996022,-2.4031902241527594,-2.771284578068451,-2.8504354749322003,-3.4039323941364747,-3.686635819047547
linear,1.6254352513590675,1.280247467232788,0.8904110685255592,0.4731742515396097,0.0426921935230693,-0.2555365966682093,-0.68117342288274,-0.9403937087122416,-1.2822781248086403,-1.5988434368581992
linear,-2.8565228922398687,-2.7861213452520226,-2.7426046616316344,-2.6765989831551305,-2.640058845549888,-2.581116668064744,-2.5023312766445898,-2.442325091290834,-2.413825786256172,-2.33297467752528
linear,-0.4270248944718952,-0.1576697690841506,0.1449162292052801,0.3374081032935214,0.598773270732931,0.8762657405622453,1.1597826889076663,1.3674229004261136,1.700570459005129,1.960305992336212
linear,-0.2489293665517772,0.1725324853080083,0.5458226530338925,0.9715001824001104,1.337660536419244,1.7888060041538365,2.2166375907957625,2.658354874628748,3.04564381434385,3.475957637632769
linear,-1.142142018854717,-1.0411288541416377,-0.9713159457643276,-0.8351417538141392,-0.7179670034470887,-0.6063873346041982,-0.482089069848421,-0.3343983580087278,-0.2393773159251331,-0.1761663306950155
linear,-0.0072944449112899,-0.4840619194242142,-0.984927530444306,-1.1734812322511745,-1.5729409585988858,-1.993096110314468,-2.3495939332573665,-2.793512186424495,-3.0358042065323367,-3.4769097816950585
linear,-2.3470303067492098,-1.878291326861773,-0.7008596949207964,-0.3120438461467946,0.6176424755171611,1.3556409417064763,2.0924172508370287,2.4761362363649293,3.370144143749421,4.36751651428801
linear,-3.766451315799937,-3.0034074791867225,-2.4056513884870285,-1.706499857473401,-1.1288760496777814,-0.4461644367593396,0.2287397235989228,0.8874384770261594,1.5566451010170297,2.1419253456445784
linear,-1.1523151574015031,-0.6806218310533126,-0.1876726402870802,0.4878091195355838,1.2207901812808977,1.9183751779112763,2.349810205668516,3.0675615604181696,3.7249228147617854,4.409667887282622
linear,-1.1379912865386628,-0.4812905215316252,0.2614447975257662,0.9347745333680954,1.633908751393995,2.4469024808413167,3.1324532033995904,3.855651365781002,4.624976047943877,5.213184388522086
linear,4.817881075349714,4.057544144542724,3.3056962288779,2.649486441941671,1.9443275321441689,1.2730306335668975,0.5347111988674675,-0.1723241799006626,-0.8900789909907202,-1.6267033674141318
linear,0.9781168417107566,1.2891561091550632,1.589350628427703,1.9031863058190968,2.2106640844163112,2.496952084171854,2.849744708813628,3.1807286993943142,3.506030535767619,3.8346911130678296
linear,1.8662457797294365,0.9530316735729122,-0.0626521650407654,-0.7709948570730997,-1.5386793287991274,-2.278764182429009,-2.953604529930589,-3.283701616425146,-4.551049556926425,-5.219142062061394
linear,-0.5843997495139459,-1.21533081759973,-1.500426408109558,-1.9195455847326413,-2.51968671574008,-2.859102178195738,-3.4724832414021782,-3.805067344187037,-4.30106990082651,-4.846017080157829
linear,-1.873652331526196,-1.828776239327517,-1.785338727947467,-1.7291949799396653,-1.6777978224768066,-1.631727179780651,-1.5935834256278891,-1.544042887194055,-1.4938803785160413,-1.448212334900354
linear,-1.017983814666208,-0.3727577857209395,0.1123857650666003,0.8483514840580051,1.2301962325438915,2.1704353333522444,2.9004812604087693,3.6012021818300406,4.309944459854313,4.961978387158137
linear,0.3109519191711478,0.1413122168985631,-0.0615939983151857,-0.262933576847805,-0.4051234347120302,-0.6288684914142256,-0.77934054514189,-0.976953979404409,-1.1736348834282169,-1.3591412398611096
linear,-0.1197399347356243,0.2334687529945981,0.4735753221186477,0.9291072192994624,1.1186386191714128,1.408854261085459,1.7203862400315788,1.9967493846344044,2.4997855589756424,2.808885766764882
linear,3.828585983204409,3.22706984163203,2.738416510406387,2.077045660635276,1.5769855662655772,0.8340026930980499,0.1818491204576751,-0.4403452561682537,-1.1334732070695563,-1.6317114814381022
linear,-1.6030405238930738,-1.642062329853836,-1.684058054991828,-1.7353878844076742,-1.7845472466974952,-1.8384807219726105,-1.8744844964830123,-1.949128464933832,-1.972505519442381,-2.0049385667257096
linear,-5.801057008099142,-5.043054438839124,-4.438640314736002,-3.8160764934391462,-3.12165599873182,-2.533368377999636,-1.6514636872811843,-1.2305469834628917,-0.5808757370007525,-0.0763651854934155
linear,-2.5556346914294688,-2.0814444506646907,-1.6720252290249595,-1.4654742351514205,-1.1866656845467682,-0.9948726631606382,-0.5114876441357564,-0.1879847528587421,-0.0662269835561591,0.4632213731855761
linear,3.909646567721864,3.325028499953484,2.774153984784128,2.0102396543478376,1.4572555697667269,0.9356733379561786,0.4029396986323101,-0.1359872693119649,-0.7157263418105595,-1.2353871586457617
linear,-3.3247632175180724,-2.398976312437428,-1.4950676839307493,-1.2115413071973014,0.4691969857989649,1.028592591554347,1.6878691796868812,2.886280491053175,3.382773049579048,4.282279889480338
linear,-2.572793410464116,-1.898206633468928,-1.4538951202570545,-1.012452834810239,-0.322664188272817,0.4033742370954782,0.6271160672467738,1.1289629685121338,1.665843418646875,2.3521996143817137
linear,-0.8815982600811778,-0.2612419977490395,0.3313085640231571,1.1094744222439974,1.471230416684694,1.8037133965352468,2.358441889357697,3.1744221728591167,3.670294890686136,4.050382887205975
linear,6.623452835869895,5.989870016108065,4.991770742370277,4.093974143321987,3.3962535646387324,2.5077443310136323,1.6151974906902844,1.001421817167714,0.2326821066523538,-0.7064580847796594
linear,-5.342616514277537,-4.8104243483479046,-4.055669667068021,-3.5883506778391343,-3.0193355175173084,-2.4367016572789337,-1.8821792461353932,-1.398822774350161,-0.7913117689942063,-0.265289373492371
linear,-2.939673527069105,-2.832319068866872,-2.7565019649676445,-2.7037517804237003,-2.580464967674076,-2.49068976658855,-2.381824476445991,-2.35037707747937,-2.27105412088575,-2.199040109049423
linear,-3.0867404873229587,-2.6202373262526395,-1.9829061239919432,-1.512532766316062,-0.9538906290072252,-0.4724516009109287,0.09012012606847,0.6330441656107367,1.1747179658091205,1.724471854251
linear,-3.4225104750732247,-2.9479715567526115,-2.440318685074429,-1.7300146087452264,-1.1401460145029385,-0.6101738067844326,-0.2861050427154331,0.3711330815908347,1.0226603188558148,1.7340260809247854
linear,1.5384214333651465,1.3188192580095497,0.9780647230420676,0.8399844311690177,0.5613100476617422,0.2852552978070783,0.1386614313205369,0.005568513011696,-0.2609217256854718,-0.396985170358562
linear,-0.860492504597725,-0.4341273856883687,0.0942674340654693,0.5120425926207274,0.9703818984423478,1.4860175688079331,1.9449625216324515,2.406583715459141,2.8276323095949327,3.2985777448223588
linear,-0.9314443055897208,0.0196631934588497,0.5055933820183833,0.9821146105978056,1.8390870599809328,2.6637793736752977,3.387119873912489,3.919196078267703,4.390653342991198,5.021334729367792
linear,0.0711407235172578,-0.3358369290081973,-0.741396259973108,-1.1145359438751252,-1.4798358468861394,-1.768696390625465,-2.268147371575055,-2.6337586341092085,-3.07136022815795,-3.360260343414266
linear,-4.418330806912111,-3.826589779607466,-3.179043078852392,-2.5669570054777866,-1.9565198825729224,-1.332811487677976,-0.6998113717197845,-0.1087897586529455,0.5138166104510626,1.2115790557712351
linear,-3.108786697689447,-2.389501700225695,-1.6597648735882788,-1.0238609972330028,-0.3962128185657323,0.2873009694846923,0.8572355456070263,1.5473037638649243,2.2212531163887546,2.7664913286295616
linear,5.606628428272338,4.868307626769045,3.910700157716191,3.171630502745489,2.5719842791397376,1.53720439442851,1.0821065852719984,0.0779987607367162,-0.4811696101412926,-1.3828123446684792
linear,3.859088964166349,2.8411502189953266,2.459401013528475,1.6925292339468645,1.0559029682694536,0.2342626379239406,-0.2203503100374363,-1.2014156295152842,-1.5220677878566198,-2.4255290122799678
linear,-0.7173608345248508,0.0627798393478628,0.7465150311274655,1.6278491134229711,2.4725126822415,3.4038932958151595,4.154928726147561,4.965805172604033,5.768369775883375,6.608932983962334
linear,-5.928331338619127,-5.282241083736105,-4.675140521509777,-3.999958948633828,-3.2522928838243628,-2.6840738072916523,-1.997124144230494,-1.4959919990406192,-0.7120957248114287,-0.0996093758444403
linear,-3.3333152775950907,-2.770864571457362,-2.406836615293222,-2.036296197023512,-1.6708308130028338,-1.297452133384209,-0.8070325825348634,-0.3328156808130965,-0.0077251815881775,0.3080095148518693
linear,0.4599478929823553,0.5998897616140711,0.991686391337698,1.2038877735086944,1.4560568699195326,1.7666147189685768,2.054764261501281,2.249182699931426,2.5990571470036605,2.868090938032104
linear,6.75270849975877,5.387896228451,4.996296436385287,3.880359335990924,3.011688804105753,1.8229282748524904,1.2382558733228164,0.5011028418479655,-0.751945755194144,-1.2845251138448042
linear,0.3655282662448822,0.2497167850005412,0.095942450876754,-0.1010321239803357,-0.3239059174014124,-0.5361109155942437,-0.7376852903122497,-0.9194183370935172,-1.0858656069361463,-1.317690763163732
linear,-0.5717094920661931,-0.1663319929591304,0.3403427053318624,0.7058077877033113,1.1559182185645749,1.49397074369884,1.964500494492752,2.3226792707984747,2.700658463184477,3.121880174297796
linear,3.2669966167781026,3.181183460398405,3.10361115949959,3.042526220769194,2.987835665165983,2.896574059287141,2.821045614517394,2.7625325109793337,2.695579268272908,2.638523434587632
linear,2.803647484198364,2.21627428832149,1.5876026139261632,0.9419341678946552,0.6125267424823155,-0.0673734984385651,-0.7080241310699265,-1.6763574773955805,-1.6702378525971862,-2.675515332699598
linear,-0.0652329703611449,-0.0921898455814087,-0.2101407447443478,-0.2943979532729333,-0.3860589703241527,-0.4223923951840466,-0.5087762559059811,-0.5688116421433163,-0.7101270250033047,-0.7745907324351073
linear,-0.1311160092077059,-0.6289769862554899,-1.206288901978954,-2.031888720508869,-2.3527673050089604,-3.0696918307624244,-3.681962815793435,-4.30843443896001,-4.86177748654492,-5.119349675941702
linear,-0.4114418210464191,0.1489575680368652,0.5749278743154944,1.3765747101038912,2.11928073650246,2.907663867909381,3.5126960611410016,4.419533836399436,5.3071177301540144,5.62075145029381
linear,-5.116253197733961,-4.615095724161553,-4.081811891708563,-3.587902451889802,-3.0534066036621885,-2.558016443369584,-1.9463863532726844,-1.4210813164394491,-0.8586478904079401,-0.374592778556943
linear,1.1430851969635465,0.8016509977592298,0.365862074322045,-0.0788944262120186,-0.5232632556827257,-0.8729182287619384,-1.2341634849887584,-1.6386309075841972,-2.0923415059979247,-2.4528720452399284
linear,4.641038013842,3.960393761590573,3.0861667603964773,2.962503914918996,2.0016953043993366,1.3215435232147044,0.6066885558286303,0.106682443155714,-0.2358948140560517,-0.838288391551375
linear,-3.642058644270693,-3.3355485526961623,-3.049798055842781,-2.6110071921460603,-2.290269212394248,-1.7218569332636364,-1.4496190708851575,-1.0657960358067802,-1.006335847615334,-0.3902514015923801
linear,-5.302143404451837,-4.765135102457658,-3.747490328835916,-3.2836678877774883,-2.762338060868705,-2.0116072447307127,-1.6963368017292002,-0.8544981482007253,-0.0633696521334199,0.6882815538609222
linear,-0.8832417590616556,-1.0652212502033176,-1.365569377486025,-1.5496179485489248,-1.9643200905402256,-2.250433000985109,-2.4744019666542405,-2.904305355447219,-3.1232088775299776,-3.428155633654332
linear,-2.5487337995321298,-2.030947362129882,-1.486792026201586,-1.149571551648244,-0.6266532797699461,-0.1777621274109409,0.2975048044800408,0.6771844787108419,1.3163567380507006,1.6612730561117328
linear,2.6610724448610625,2.080192100307945,1.7674030594647223,1.2190480322791366,0.605904717172983,0.1458896068270999,-0.497529520726418,-0.9887150196084308,-1.5867525230616495,-1.9307851065234536
linear,0.5876007898949761,1.009728039930757,1.3193701261328727,1.6605559826075378,2.04676831039115,2.4830697509258464,2.729958354235154,3.136691030236821,3.5128725736881323,3.943863659729632
linear,3.5040134892978387,2.862262461538846,2.03731039012633,1.4277884135197614,0.8524423072581825,0.4524654163492935,-0.3760148740870308,-1.0960734890101338,-1.489297852001751,-2.0920604081386927
linear,-5.137271991104785,-4.582527706782597,-3.847184137096448,-2.85808818789327,-1.9873213576911024,-1.433621501660708,-0.4776439208275226,0.4641126824230459,0.9315560195209144,1.9523395852032663
linear,-2.4508515822983235,-2.1599423810593708,-1.840357391621519,-1.458515133053261,-1.1918311611405914,-0.7568651820880726,-0.3748645546648868,-0.1089129357781917,0.2229825937059973,0.5973103573148765
linear,5.610605389941062,4.916135748500734,4.338169392594317,3.765490499190972,2.979639130839866,1.8601879882838217,1.5339288064315864,1.111330648631931,0.1520324661063418,-0.7838823486557032
linear,3.818255177187035,3.3064845502725464,2.594905071963331,2.0099384766353565,1.6002512221815508,0.8427793144471073,0.1586296019136335,-0.5177163337018635,-1.2083643151539865,-1.7618558936901294
linear,1.1969103742367226,1.2108324076621828,1.2303591251838164,1.2472105035540717,1.2699589391976045,1.2907559561189186,1.3014958960270324,1.322918495657213,1.34473658187562,1.3578005946966631
linear,-2.8548859522580283,-2.731122374595307,-2.5994568213315667,-2.476241492177164,-2.371179446332251,-2.253398204005989,-2.1349330217297826,-1.9975990638690615,-1.8953315216891864,-1.7644211814287858
linear,2.987544773776229,2.4783186080189448,2.0334455110668883,1.6364388811380308,1.1790347935338654,0.7752197318279812,0.3042820783842818,-0.1432848138521795,-0.6212931666271114,-1.0532051477995203
linear,1.8235409332871575,1.95216485444836,2.1001499964344044,2.2415130350723595,2.424937461794056,2.549460152801708,2.6993501335716843,2.897182291418143,3.0337796219679105,3.175348664395034
linear,4.034935833345338,3.616006562179568,2.907332709121825,2.4490744579422943,1.7877628847237694,1.2698699044995374,0.6960485060467602,0.1476316231618926,-0.5263738016042805,-0.996111248754851
linear,-5.177808648427105,-4.321305350193793,-3.423341418729345,-2.4193041866620737,-1.6844766193860363,-0.7929923472483908,0.2389702206686029,1.0713245444812562,2.043664838313385,2.7866613520051957
linear,1.407270132356085,1.4238150590773464,1.4329159424193356,1.4419652332941022,1.451141785616861,1.4598654981592805,1.4742024829645672,1.4792460126145233,1.4937427212210608,1.5079215857754384
linear,4.131659596712095,3.652803057652185,3.144757777076765,2.7452510596284685,2.2697547057885195,1.875114711226352,1.3378444666441491,0.925667680192102,0.3790719390859588,-0.0743108698035744
linear,1.6370630528950851,1.497861712336786,1.4129738159866196,1.3242882381323828,1.187874983770794,1.0818446652693368,0.9535829752371844,0.8537116134291233,0.7939609338415308,0.6489337628541666
linear,-1.2001132587528027,0.1205220048919988,0.6459133231606327,1.896550192520448,2.322825076846844,3.16862396180559,4.141073700084817,4.295096270399734,5.718903154927685,6.500444817672441
linear,-1.8318524664866211,-1.6137097854079925,-1.3239636251766995,-0.8894273106575268,-0.5795642483438127,-0.0919113654214477,0.1516910917156969,0.4835512827184724,0.8843276317157196,1.243356303705972
linear,-4.592277575070947,-3.884174306858727,-3.304826629384201,-2.6475148232493697,-1.906342733826108,-1.261029199347918,-0.6977670245174997,-0.0709886225583181,0.6824283155700198,1.2975524287308666
quadratic,-7.58418547461268,-5.529602330848912,-3.870730301774991,-2.612595012345822,-1.64242532882336,-1.077884686082473,-0.9110178199087005,-1.1511596067014798,-1.6642917230269167,-2.617157812602717
quadratic,-2.4239098832161914,-2.440615742044965,-2.3186233727765098,-2.0536389168741387,-1.7134461834765715,-1.2276781602145008,-0.5419769140954628,0.2672843355972484,1.0680659628354416,2.16253583477352
quadratic,-11.619568489116451,-8.148152035594604,-5.466696640369057,-3.103143143653201,-1.6028661573359624,-1.048379391148354,-1.0574872114982503,-1.3677730565346629,-3.2356783110137863,-5.662916225076733
quadratic,11.248815601430609,8.128490304182197,5.869909211967783,3.896289179065332,2.6657617281073587,2.175626956117343,1.8964035418297336,2.3917561310344,3.6568996166446888,5.255173141953917
quadratic,-2.9732908345382607,-0.7412496025658906,0.8377732659079851,1.783706234420425,2.26546955374119,2.166017353427549,1.4911249832020763,0.2927703509355343,-1.5509438622326963,-3.9176993224116416
quadratic,-2.626850211385348,-2.560555438250238,-2.54333625229669,-2.527746393039231,-2.670479965101814,-2.703345175829365,-2.8302462903174206,-2.95784167778399,-3.152324898501636,-3.4769127430795512
quadratic,-5.7677171052746585,-3.54476538465255,-1.6680491661302643,-0.5462913152329529,0.0038241391633977,-0.1780208219573864,-0.8199262390167561,-2.0864835180372,-3.825601476873968,-6.6147029442391645
quadratic,4.130893952782872,2.144411634543062,0.8289201163962734,0.0348381855034905,-0.3723095082668513,-0.1726819785080909,0.6185608486976737,1.9343244292964816,3.587970105759647,6.196570934722538
quadratic,-0.4246562251250937,-0.0324877212727119,0.3503380283867808,0.8722185702899539,1.5337482123339603,2.1751969720687736,2.7381470305355338,3.5376154601125576,4.388894944817221,5.321852450057572
quadratic,-7.217240269296325,-4.400069064116547,-2.265118965613348,-0.8734421710366921,-0.0717120042465085,0.2875986799865663,-0.2248259426400821,-1.4218222216627514,-3.03677173553963,-5.331795593793242
quadratic,-0.0456231400463627,0.8397534700767797,1.2691972908256242,1.048568522239631,1.224852702593839,0.316311483372701,-1.203996153924114,-2.583595107729743,-4.718086220828904,-7.023989464062423
quadratic,6.724848416617552,3.473543381786134,1.4413496096753695,0.1068940210342847,-0.6002588448766807,-0.3420784425444618,0.2853347825598715,1.7515104295416095,4.026402952753381,7.232066339054728
quadratic,3.7391974879501513,2.6285592944707967,1.9480192640671796,1.768236444746676,1.9377557870855835,2.327588276956275,3.107326574839113,4.248478600896087,5.837530448478609,7.619031491045226
quadratic,1.929360503639616,0.9249622907993504,0.1821797264354573,-0.3524115495907202,-0.6366124303832957,-0.716804857247783,-0.4978886384575056,-0.0327046004316614,0.7709929142513653,1.8477043273503149
quadratic,-7.810372081338476,-5.699861871796168,-4.022927501587577,-2.826306882402542,-2.015555971013862,-1.7231037051247162,-2.0715338870356463,-2.794973392075522,-3.9424484115698526,-5.812312757864049
quadratic,4.633090371571102,3.10150314268872,1.9219155731091784,1.20794034554305,0.7577303172412413,0.701380263048225,1.1193880376082013,1.921115918808754,2.973430929241337,4.482928702788754
quadratic,-5.919005187341112,-4.68521537320727,-3.694319446486599,-3.053942962883001,-2.703730031996791,-2.51842844341439,-2.5531855316404743,-2.8760698822443542,-3.5162202517250005,-4.250933219280819
quadratic,-2.7679876821442746,-2.2977676392288746,-1.86734712601623,-1.9043832784122008,-2.1780636173207872,-2.632227720405013,-3.422134302925096,-4.462876071909214,-5.700716791228547,-7.408140253176048
quadratic,0.6737263514689328,0.1288808372911744,-0.2975753174540517,-0.5987297024490079,-0.8021055486533278,-0.9183895672893644,-0.952881876928401,-0.8394884829342742,-0.649433213840483,-0.3386802406802813
quadratic,6.485425793794903,3.748741276090653,1.3779751792464774,-0.5096755167406255,-1.5120171965929303,-1.3061520110012408,-1.2219915865780262,0.7144371374696499,2.507786990736339,5.636871593530152
quadratic,8.16535901626801,5.484674007221923,3.1307420238332555,1.69146386537697,0.5787639922722899,0.0067544454731057,0.3823624168934597,1.4742371352640642,3.920156169042644,6.045586654562059
quadratic,4.184290737159552,3.054714609161234,2.448570258485915,2.073571003624103,2.106644566459527,2.646470131061525,3.3939075481457883,4.537108353079308,6.244075433136318,8.144545851285526
quadratic,11.126628259404708,8.115204977519076,5.693799082660175,4.06043736926792,3.238875147259344,2.724554780454214,3.008174928264945,4.223180415331479,5.644203365147366,8.092462217743893
quadratic,-0.2127607792106046,0.0184756295289134,0.255931627272726,0.394400686425907,0.5300125675725751,0.599803434214854,0.6870827681827815,0.6885565549073898,0.6391507195672763,0.5511652461940555
quadratic,1.5598998340263783,1.298018590469877,1.0846479503006226,0.8604974661702592,0.4634044143539559,0.1261111523908867,-0.3478062409873856,-0.7610316359508549,-1.156503510099164,-1.812805420330064
quadratic,4.151703336538235,1.981808687424804,0.5602152178718944,-0.5407952364767471,-1.4052432209687884,-1.3956924217782636,-1.5158084144883657,-0.6427361773034909,0.2149204776231968,1.820783814602647
quadratic,-3.3760892631720805,-2.0064194351657547,-0.8938200827485625,-0.079589610937569,0.4168167415919676,0.6612483248983597,0.5750026498228918,0.3272118513516832,-0.3502563425560582,-1.3019994680668114
quadratic,5.035992543762349,3.4217121949052265,2.225956516442803,1.666122798717082,1.061093247550513,1.83530109649716,2.754453573170029,4.409230343241772,6.370566484197318,9.52634752589349
quadratic,-11.21459537100094,-7.780687401510088,-4.763378414469626,-3.0894062862540426,-2.6220501493418182,-2.3533215580647875,-1.4590802093086737,-2.6466443541968547,-4.4079192683832265,-7.711682925204797
quadratic,-4.262804094145928,-4.212459991880296,-4.177812050422501,-3.861691557882494,-3.43358524839305,-2.4900395886529374,-1.7228493291394538,-0.6879142796564699,0.6173200184219425,1.9490795506775391
quadratic,-1.7475203343593582,0.7338609730872809,1.8612541978392816,2.71281702650838,2.605135593552129,2.6539814066237195,1.0866196473433605,-0.5967298587001841,-2.9092978284050552,-5.975024975870393
quadratic,9.05646041731398,6.218154957369786,3.8459585635858096,1.9484426344488963,0.8890239560356109,0.3985661805952949,0.0273824438960454,0.6132549436408421,1.5195267424036758,3.4707453667214976
quadratic,3.6007807733849586,2.070975223532087,0.7380901829209986,-0.2450758289441358,-0.7479381201457895,-1.4764279747444282,-1.588823739359488,-1.7097718875485832,-1.2568435067112491,-0.9073325790177909
quadratic,1.5039300312874255,1.2031597385856565,1.12298291132354,0.9220676389115076,1.218790441379965,1.713540918011315,2.3680999255630604,3.248904229376216,4.272436140344696,5.738238806838942
quadratic,-1.4024296630778428,-0.6413605193114364,-0.1227997811116853,-0.2181867681339453,-0.5559241484732295,-1.6170422025515474,-2.644108649555681,-4.435215800505673,-6.553722127939237,-8.951600815651727
quadratic,4.445541095024701,3.298494337014989,2.3912868729980032,2.02048817777352,1.88105824429904,1.9154507644899943,2.355712527478744,3.0496809808720315,3.8403742066902553,5.087759358856605
quadratic,-0.4555985964974705,0.58386133057612,1.385431864921868,1.8761470256816488,2.1375279246162577,2.000626766490506,1.663620097141907,0.9096793504154508,0.1633087378805213,-1.1581236267702382
quadratic,-1.3982041203460318,-0.4087963816471111,0.2968450658095611,0.8932816231270259,1.434403083246471,1.7287283235592636,2.0124983348403287,2.200702304043676,2.102065221791812,2.066343214586411
quadratic,5.003301076756625,3.509651162185787,2.3185063545649705,1.805087550337959,2.062975227298727,2.1806532331006974,3.48968725321512,4.6065835239147965,6.389517571810294,8.918293082845958
quadratic,4.569619813855099,3.284032692754311,2.155673340694788,1.3709776469841657,0.527753837948723,-0.6234258469101877,-1.3300825596833474,-2.0442857072995992,-2.65089926672316,-3.36885404799717
quadratic,1.5761387469795014,0.0333090352228438,-1.0635410385224913,-1.9042699837667585,-2.458419624597444,-2.675568607650808,-2.685719015986951,-2.1932567720593723,-1.6151818707733705,-0.7579138662610053
quadratic,-7.584708932074408,-4.725644179949792,-1.9765590425760349,-0.1704799038194459,0.8574637626901123,1.439971656817415,1.7062793241515757,1.0719211619892604,0.4087212408683343,-1.5920954208618037
quadratic,3.803514684985519,2.571373867258433,1.1183634216206828,0.7155723516248423,0.7042582261899003,0.4695370898507298,1.8581989468263524,2.665221373807701,4.397032536940171,6.561200760165134
quadratic,-3.4118940153713364,-1.9017396075659536,-0.7016839991895238,-0.4191821631630011,-0.95320967644456,-1.2770052252602773,-3.1152348534306507,-4.962048113042125,-7.8473707725074515,-11.06361733527847
quadratic,3.798551320286286,1.8077421461041936,-0.1899536887575391,-0.8419585829080052,-1.1903004215071669,-1.0963712077458987,-0.3124079660003915,0.7008953161114757,2.530195384169105,5.017666996248816
quadratic,-1.2220205945420366,-1.8227144628953056,-2.288296708799139,-2.615302364625113,-2.6859208418172678,-2.619173047668635,-2.4124300854546687,-2.017487646803153,-1.4226865348595368,-0.600100298579297
quadratic,-2.202476619820596,-2.109185037845469,-1.8058041709004744,-1.9848907845436528,-1.203753211573853,-0.4946002944734612,0.5524021045627735,1.8644258269804577,2.699919544902074,4.62569993885994
quadratic,-5.999501525753769,-3.923078563174021,-2.573233746427854,-2.30250510173183,-1.7053775680670888,-2.2636844961018343,-3.79928236745523,-6.184478335109212,-8.370456247677371,-11.509463489096852
quadratic,3.766439092734825,0.5472732559592572,-0.8707079329251862,-2.178531473874563,-2.454757639225821,-2.3692890475879613,-1.3836303827849237,0.4865936131569698,3.176470224230832,6.719274956137548
quadratic,-1.991665283658175,-1.6696699438192646,-1.3617631841181226,-1.061485154522286,-1.2215866056770337,-1.5014687293744415,-1.772178418855391,-2.383162741931556,-3.0047135276605257,-3.921268424477357
quadratic,4.249802195791857,1.7058927298308373,0.3579294328089068,-0.4322653579124477,-0.9885405472960548,-0.133872047815979,0.7025167534505191,2.302169977534178,4.76251904531309,7.861754716764167
quadratic,4.994906867157,4.460971614299431,4.015873715586308,3.4276388372090296,2.753618681306972,1.915393089097719,1.6011460958284678,0.6360837758612172,-0.1290769404472376,-0.9724885942780558
quadratic,-8.668097551244589,-5.568466826458235,-3.238069312406283,-1.3981995269003162,0.0428423031041958,0.7082534648813894,1.0969128504705088,0.8115245285093671,0.0652972948508553,-1.512758816873888
quadratic,-2.4792541226181704,0.0770991112372769,0.8921809887427576,1.6683561912380909,2.252086932849542,1.1731401504589805,0.0427971918811423,-2.057687686595609,-4.085687676717579,-7.251951542923367
quadratic,-2.0564589232800854,-1.139854376152568,-0.7433542106856763,-0.6837808521037463,-0.6238901263426121,-0.9160465269166036,-1.4971099371865195,-2.084039745522254,-3.112170126588152,-4.3704591356081774
quadratic,3.257200265988394,2.560238199480071,1.978966470964817,1.932395094589746,2.0992661465707547,2.6608440062053456,3.774194745002886,4.999081717912825,6.970462261164648,8.936942749063432
quadratic,-5.352802126989046,-2.995397938663537,-1.1098365057299169,0.3024465198183469,1.133492744575497,1.710677562612685,1.6001714268583265,1.24136864806281,0.2240753434790383,-1.0481597222911363
quadratic,-4.215399023817078,-3.554215848235549,-3.172368135909234,-2.7105564462217027,-2.165952881702943,-1.7862024700522166,-1.2736143421693655,-0.8845672076321214,-0.612721278243056,-0.0768637496115576
quadratic,2.6065206368409006,3.0069154241720604,2.9615047197529925,3.063676604628152,2.777608718065376,2.1448550196997616,1.5992761070666648,0.8422697054131366,-0.5281585940156597,-1.9044784107541408
quadratic,-1.8759870672351595,-1.1990601150479892,-1.333174315267018,-0.9407185474781072,0.0634010745654972,0.4778051486288214,1.5455074171395573,3.0017683288587502,4.073849700836067,5.23393332692972
quadratic,-6.6950697097558844,-4.115746041258303,-2.308867385475699,-0.7456071658939403,0.3062325452543272,0.7070296224366849,0.7916236719116586,0.2415092065209967,-0.7761160567739442,-2.2740764968585645
quadratic,7.816023781801893,5.318812371466562,3.4416664177839813,2.1735901026004165,1.684465166920772,1.5499672921841443,2.4104442548796725,3.8626518802300063,5.865503192914196,8.846444042469768
quadratic,-3.811027127756786,-3.628784088886533,-3.4984009803467147,-3.2565935640680777,-3.1235783943503868,-2.7638301670096213,-2.306104764877743,-1.9714534777905983,-1.540732656674699,-1.091673867548549
quadratic,5.449039062736576,4.805493123584421,3.307343567154257,2.790570189379354,1.5629267065593837,1.040958986425682,0.3921439105711085,-0.7246166564870582,-1.199599247810777,-1.793328609444026
quadratic,-4.87357705605442,-2.9273943266628346,-0.8138282612815655,0.3627748438274769,1.38196464289957,1.8900890037090967,2.04257525903054,1.5309619041255622,0.5349958195947444,-0.4386817753246016
quadratic,-8.23662678008785,-5.594534114156162,-3.93561290305454,-2.3789059532932217,-1.2292183552517293,-0.1131015788069219,0.0720324663376042,0.1556838043289509,-0.2485694290897155,-0.7492139263621538
quadratic,-3.521247925316477,-1.392186154708494,0.309843303708431,1.4741590090175736,2.212680003439755,2.472373517146518,2.400019115029444,1.9329934801000843,0.9517993720103834,-0.544200262304164
quadratic,1.8635715494937024,1.6608704308250242,1.4925855616722803,2.000441428415182,2.328605326520677,3.2302961586190717,4.062496536522078,5.387250554902924,6.469391170368279,8.25390237259669
quadratic,-7.408043078175738,-4.577657770180599,-2.823791895414424,-1.1639257168061363,0.3461942000805013,0.4844665589714514,0.2657106197072941,-0.1297209906127599,-1.4914114937828895,-2.750670387682191
quadratic,-5.599269521825639,-3.923116677621586,-2.49397295668784,-1.5527883047665487,-0.8250563328566033,-0.565297477620732,-0.3643117108237105,-0.6749245958633415,-1.190620727315734,-2.1340554111706846
quadratic,3.3457965873831856,2.2079268030044057,1.1804946698766052,0.9807368068885296,0.9971199889776295,1.3550231531346426,2.027450087333437,3.179432957657155,5.225597383393928,7.250756523979116
quadratic,5.033987302554823,4.415468795646663,4.2313390295070965,3.958165071714235,3.1103537524320584,2.541218921149354,1.5955429890848578,0.3028530511625711,-1.381018883082514,-2.4310526722943155
quadratic,-0.5304022031270632,-1.3622898813815798,-1.9373786231277448,-2.35030304581162,-2.661957152297889,-2.9241526786535244,-2.94877268041356,-3.077996657127422,-2.8935239742080903,-2.637004135370906
quadratic,-3.444906551755049,-1.0032202057103747,0.4128324246320634,1.357154865909486,2.041880144466619,1.3857260174876624,-0.2654904543012679,-1.922499773290398,-5.251096701383317,-8.210054304833275
quadratic,-3.143748954036553,-1.9991254173982131,-1.124273705588437,-0.4208644954368135,-0.0949105337097503,0.1451649278976197,0.0541053920535024,-0.0140714482893691,-0.5117155870177377,-1.1706304755999994
quadratic,5.196410052545701,4.009083284236656,3.178273529817175,2.487261360305717,2.168669834690128,2.0937949266604217,2.282508621161204,2.7121891365236097,3.4067917985575247,4.417043012066815
quadratic,-7.849812968078474,-6.129582402417283,-4.573166236055507,-3.553816482367899,-2.557288014733208,-2.096757542978237,-1.7179004396238475,-1.961283195073068,-2.387249960994226,-2.5557214679131723
quadratic,-3.747987719380224,-2.788914843997193,-1.9733564753216248,-1.206333404363207,-0.7233941537844368,-0.2460516206582504,0.0991354500172621,0.5645660601234223,0.6873672940485271,0.773797402128702
quadratic,4.182429199704776,1.788991768939982,-0.0921240992294178,-1.4252424424241108,-2.249204157870056,-2.1779819157413085,-1.917490250374867,-1.026174328477061,0.5605181998519156,2.5997071475044486
quadratic,-5.907278933881255,-3.5122388812189698,-1.734415124923736,-0.3160232375941047,-0.0455522877789458,-0.0350175651137161,-0.7827121298138325,-2.3153213580560803,-4.382468366094267,-7.007296293645837
quadratic,3.544758291659749,1.4259479926142866,-0.7173008993557468,-0.493353085957593,-0.8345502009042586,0.0590934266232705,1.1891703040883712,3.033921601265804,5.588026992996601,8.775804933141591
quadratic,7.560416669448744,5.63651255199205,4.656626786995739,3.5478255861195964,3.0984362708831776,2.696420576237573,2.814997323972654,3.661263217137521,4.20219889267711,5.6521923993977365
quadratic,5.884471936278136,3.780524753555158,2.2149650029779084,1.109622442970029,0.2817274313279549,-0.2042114417706974,0.0093162680840044,0.416721759972743,1.262766543847028,2.651909476206147
quadratic,-1.276366125325721,-1.7520054841880932,-1.7687788830285758,-1.9960967858911909,-1.92216305072768,-1.3922460562425325,-0.5025657649923627,0.2782711138419679,1.1958949826977283,2.676250088659885
quadratic,8.478470632462804,5.0272917043161724,2.15428683040013,-0.5559830775095339,-1.741697897534292,-2.602906768966377,-2.4210995234922965,-2.524227384318534,-0.9047481417102836,1.0505550817282048
quadratic,1.9590124878619708,2.7121840647387216,3.10254078395414,3.3128608670061923,3.030870324326848,2.622338347138972,1.9716829110238216,1.0022050516938317,-0.5070772803088324,-1.8850376268465452
quadratic,-4.131753074144852,-2.234236857666146,-0.6538835760641458,0.3945231671549286,1.1158614348435814,1.561587284022388,1.6089199929600333,1.2577551831585947,0.428986982064774,-0.5562694142985566
quadratic,-1.4923438363639254,-1.243274991058522,-0.6951079646612864,-0.114289019929724,0.2163131952401343,0.9258436039410798,1.583760181995452,2.1671891988314087,3.059158654127084,3.8253874321625463
quadratic,-4.734402818643397,-2.046083948529371,-0.4768330163635506,0.0648722144065185,0.5371980731035856,-0.2113785928510372,-1.1083837353617167,-3.132484950075308,-6.041935893883203,-9.907251361074476
quadratic,-0.7135560923101718,-0.0901838532815835,-0.1786682830746221,0.075591704225776,-0.7534140109545779,-1.3496655903376942,-2.788394653303245,-4.281156012307702,-6.652566508004122,-8.477668710007999
quadratic,-2.622578352145241,-1.617941817007434,-0.7790883404490255,-0.0906063056562116,0.3827352062410267,0.6011239024770706,0.6934704137312864,0.5905348133385895,0.3815302910955073,-0.0830538517631905
quadratic,4.423503562482361,3.961693130466118,3.637350650156706,3.356890194644649,3.0311150342836592,2.824444358016218,2.6000406596958463,2.3950863870633787,2.286365124965859,2.203049256963705
quadratic,6.555130982800974,4.608332998673592,3.2831502315963754,2.4651923756546146,2.0285983351955665,2.239850878519464,2.6995179424240123,3.9884212252413502,5.420213458157934,7.684475853858443
quadratic,-4.209440075997352,-2.757228685617052,-2.2190394462320726,-1.497149163917132,-1.4797701211155434,-2.0508479374484656,-2.862648873776452,-4.291486135476236,-6.240588975607052,-8.734723920876094
quadratic,12.078396045219838,8.507207865420181,6.028053319061759,3.5515686894077416,2.5525434679650303,1.695990455748161,1.8250861584197495,1.8468980320505968,2.9656730625696426,4.930835860143535
quadratic,-4.866646738689911,-4.387989299889477,-3.890335886214904,-3.3689957998507323,-2.788815038865922,-2.1714345908696413,-1.5492919587673628,-0.7142158308454337,-0.0753371308940502,0.736328453478485
quadratic,-2.267349476932783,-0.971233160712289,0.5401392708804529,1.077936144990143,2.07051117379829,2.708658707166627,3.7345361590637776,3.641386884370636,4.158707414126636,4.3045042789544485
quadratic,-7.528534405059512,-4.927350404426827,-3.2915979069009493,-2.12316182043494,-1.5649374880497788,-1.8853359153302047,-2.5071432334580224,-3.3559847726978824,-5.392915190754787,-8.162673182164735
quadratic,6.760779738135307,4.345163819311078,2.4074547500197574,1.5289070620680465,0.8072875569398418,1.3474212777655012,2.57098044828844,4.311610632812769,7.101555780282095,10.212491258219636
quadratic,-4.518109485616084,-3.2023034639636583,-2.030607621477452,-0.9525863557395532,-0.6853514950415144,-0.7657502905917171,-1.1643606414050642,-2.2685512529693144,-3.2482737774609785,-4.947722277977249
quadratic,-11.572008097007584,-8.014881225470852,-5.435024709221089,-3.4234851678293925,-2.030063331747831,-2.0241542302282274,-1.879951138189164,-2.6520771291238474,-3.884838677604307,-5.94299193802004
quadratic,7.35676508350272,5.2475724940186215,3.5206998249827315,2.7926150973674275,2.4873501492378867,2.7414119085507287,4.034383033367972,5.526928004031356,8.019489106236497,10.748418702580436
quadratic,-7.598371622955869,-5.198641151940144,-3.873690292984124,-2.513201014253004,-2.3672198883565443,-2.214171680664885,-3.12759996977696,-4.145740253540717,-6.641622121630357,-9.22023438972279
quadratic,-8.09326103666532,-6.113878627301569,-4.525665299620743,-3.4303100966058686,-2.505560656894172,-2.579128623178392,-2.9001789685007453,-3.363013045836169,-4.648675436518847,-6.010580004181709
quadratic,-12.841215061560224,-9.029128963166093,-6.265172513157194,-4.58282939771389,-3.168873402305546,-2.8108887639603863,-2.2691519207674165,-3.2408443156806945,-4.741761242010938,-7.286471464149141
quadratic,-0.40976708246137,-0.8119664344436412,-1.1812720484143486,-1.2822309257931477,-1.3218228185751004,-1.16702531355984,-0.7838855290747966,-0.3230665332010182,0.3880529604437011,1.181959236092125
quadratic,8.556237618959663,6.528720632509667,5.162978248281026,3.781947011533252,2.926138271780028,2.469190901242966,2.284003441491179,2.424472148731425,2.798859273365645,3.646936291481334
quadratic,6.190872968422269,4.980357981934612,3.865792482430522,3.067557583504977,1.8807483336937976,1.4013080323319094,0.4965412364210396,-0.1070904214157473,-0.739029056981156,-1.346183214797421
quadratic,0.6449101292887202,0.5339540061863288,0.5100493744282943,0.4167847557047509,0.4545388706686455,0.4529438948156681,0.5411464385638088,0.6697604565098275,0.8014790256309459,1.0350324205514752
quadratic,-1.973070187239606,-1.103953363549841,-0.0329469048110245,0.3924862305594672,1.0357176915019677,1.3115577515391796,1.260121688902619,1.330882012123893,1.0518946920403245,0.514161952153184
quadratic,0.0203604371032712,-0.4347994341701514,-0.7898565615320359,-1.1444613478760368,-1.2406341451596423,-1.6279187465521212,-1.7180789808174988,-1.7816000301178505,-1.664299141608535,-1.7680452772918451
quadratic,3.624292655160736,1.982923402777914,0.3156661681929086,-0.1640475895442577,-0.5768294111244596,0.5799465410885551,1.7694242332772023,3.9652047300997344,6.361209527728205,10.230219964711791
quadratic,-0.8989434596465196,0.3517209058567729,1.4139034851616488,2.205772225012792,2.561448542401197,2.9510839599318777,2.7449915777533813,2.609440834786816,1.9923969159246144,1.1660351171320895
quadratic,8.449569269860042,6.3812624427845615,4.713759944820725,3.5297626793302594,2.749871293787407,2.4930027532905155,2.445979711367761,3.1511966717460678,4.09387976174184,5.708087745323446
quadratic,-9.993039046599383,-6.41886100696841,-3.6116243352997888,-2.3708372980201995,-0.5586502020689141,0.6736816955721825,0.7915700614282889,0.1718857981784523,-0.8033065338418062,-2.663674031233404
quadratic,-8.229809091790315,-5.534031156800946,-3.628066638151548,-2.7687182896360665,-2.360925123369812,-2.0886808320901453,-3.134437138905984,-4.781014414972812,-7.288920190123044,-10.087879763261038
quadratic,2.3203041855435917,-0.4134086775063346,-1.413982470444926,-1.58164715111537,-2.362925486219271,-1.3708223606659904,0.5359333966037396,2.559068033289488,6.040259607499036,8.873699278731342
quadratic,-2.081209188431544,-0.9427549046037308,-0.1675966373656579,0.3394800432628024,0.5269870152805504,0.5642357693177138,0.3828703003838572,-0.4079388623895618,-1.3348401776338126,-2.5868302163484995
quadratic,-4.045560858625694,-3.2108052903491915,-2.528157223073196,-1.97244836368635,-1.4775031872690372,-1.1971297923209907,-1.0569280162496637,-0.9668381861308212,-1.054408725809208,-1.3531341613541106
quadratic,3.2016519876817355,1.0485141137114438,-0.5701150402896487,-1.2783524560033686,-1.445196797576021,-0.7617458474839225,0.8428982941318583,2.9929966114920403,5.975199651475241,9.539634381263218
quadratic,2.6821458034381616,0.4522911457643204,-1.3436997523648506,-2.1082694016122105,-2.0044741051122195,-1.6107940917485046,-0.1858957283324193,2.235595895860862,4.968340951675144,7.988089381022148
quadratic,-3.968079093653534,-1.7214348633766754,-0.0093327883909072,0.8749690680752598,1.4033856290949318,1.2323823559528415,0.4224545673211159,-0.936620346245853,-2.950568702477476,-5.614480770949228
quadratic,1.6885650420527607,-0.0450789487598969,-1.5718733480471077,-1.9363923237582583,-2.033394097976638,-1.54957285600911,-0.0363534564454726,1.2606405935465252,3.9335212025454296,7.147033792871766
quadratic,-9.166336237017816,-6.32583324345046,-4.068236650013426,-2.379865569609401,-1.305227564007811,-0.8044821970256145,-1.0776591186018043,-1.7814562623272885,-3.0887984697925277,-5.038990867472192
quadratic,-3.27185341992928,-3.006977163107525,-2.7885215450108083,-2.542332940223947,-2.4317029716043383,-2.285077398113584,-2.21425271747482,-2.1686659091397744,-2.1509039436995456,-2.2099347772325078
quadratic,-7.32631394243935,-4.426348336368688,-2.052279907710846,-0.5286137391420136,-0.185228475549219,0.3341623138961777,-0.5567811457101626,-1.4457685628919164,-3.7887644834726215,-6.650500795739013
quadratic,5.727280322007141,3.7518900447014287,2.0443513054112814,1.124254763607185,1.086786874596011,1.1940851005960529,2.116583439009528,3.915365443248126,5.995052589790186,8.466775253486063
quadratic,-2.2531211289942683,-2.2456188365641787,-2.4699971324189,-2.021209798572536,-1.3108604785242404,-0.4244885353554595,0.561701517249531,1.940214995054578,3.48087711763339,5.255974981476312
quadratic,-1.0256755174060126,-0.0660605166113935,0.8515421305088141,1.708936199535855,2.4231647970682166,2.883108766423176,3.257956073266063,3.5716245955474304,3.652236314510434,3.811807031073664
quadratic,-11.050249200255408,-8.13861032546341,-5.620982220281388,-3.646768926499756,-2.3639592604876287,-1.4440170839470197,-1.1429445786959669,-1.5478291894450953,-2.2011973962152687,-3.576693931633085
quadratic,-1.6911604034014052,-0.9626042974752418,-0.4030102243101008,-0.0546514255819754,0.12452115976909,0.2010959075799369,-0.0338145632551488,-0.3607829702323665,-0.9225190269870672,-1.6352431023591063
quadratic,-3.1690549896275297,-0.7420561230694814,0.9981379173434348,2.1252174896770377,2.329861350395538,1.369491171311512,0.3957053684129222,-1.994608239113565,-4.621864067696397,-8.376421994583046
quadratic,-0.6253909815186932,-1.196090307624024,-1.658020654814628,-1.9569288912185232,-2.071212416773967,-1.9342267031726577,-1.819156975710409,-1.372251907463179,-0.8408963203563988,-0.2275679693496064
quadratic,2.9895866535328297,0.5527409785901198,-0.6444223470782209,-1.2565847354942936,-1.662316813269075,-0.9827503048465076,0.5715014479884919,2.6272935254610736,4.810847524529611,9.146728845720196
quadratic,6.135145239425997,2.736439091032193,0.6306711395454172,-1.1775441944569487,-1.959174366469707,-2.348456245347605,-1.373252967130639,-0.5297677919941909,2.346597565682187,5.150338567324164
quadratic,8.816810684172513,5.125808407317006,2.6520197387601154,0.5016528485810694,-1.0277076900991606,-1.8514536772474952,-1.7596116794269685,-1.1691740573661302,0.5807796659438493,2.442268186490306
quadratic,1.2134579356768065,0.9705690689648432,0.4853769217411513,0.6187983432216995,0.6760220459420667,1.2375651634422546,2.5876243370333967,3.634125748718471,4.5846136410876905,5.928509173009181
quadratic,7.89050978235865,5.188113226606441,3.2296004609608,2.0491599833814336,1.0968710581630057,1.2913506746031989,1.663681789461975,2.95707237854167,5.005659808174549,7.144463346877187
quadratic,2.69178448778726,1.8473777968865992,1.2349245196306713,0.7499591389811304,0.3324055314539247,0.0962246136565026,-0.0075840521371955,0.0095255946186662,0.185841748583455,0.4519195284208168
quadratic,-8.223411840673636,-4.7336020771287,-2.4183330059753,-0.653978048467579,0.7353159602059659,0.8894656886979827,1.0916747158404847,-0.0118202834959265,-1.2023006610645366,-3.703765472710169
quadratic,-1.5740159144574273,0.4461930547177631,1.2273461050894103,1.8444445293592904,1.7452035285784675,0.857023708338909,-0.3172000797257595,-1.7045313505209023,-4.098799374495749,-6.61507424073137
quadratic,1.402197560204819,0.023323321091091,-1.051405420594288,-1.969763353633203,-2.4986810589963926,-2.805616450869385,-2.796344739608401,-2.4156263992699625,-1.8735177840786068,-1.0823374717578729
quadratic,-4.90819854691145,-4.164839463580079,-3.6401019700560058,-3.17640684837221,-2.9698840596934604,-2.928792538413189,-2.968728263950566,-3.239428997866347,-3.716849270598311,-4.318880293521211
quadratic,1.4004407002233212,-0.7429433801311992,-2.28372522573294,-2.937152192046437,-2.534434250127923,-1.813929419142568,-0.1492835790707756,2.191628240661456,4.950684999819824,8.547293927121126
quadratic,3.966861966736556,2.9612858095091794,2.1356220657328397,1.4767588184252305,1.1288874717822068,1.1264655572866682,1.331381300996492,1.7397241590492691,2.3477100717268216,3.3113898592807978
quadratic,7.026582879539802,4.561495170781901,3.230069771188595,1.924710509016879,1.028426160997435,0.3984193744996667,0.2253885927691073,0.0022775495606843,0.485430976000148,0.8140965575657052
quadratic,-9.636669552628488,-6.33529638664709,-3.589841006895432,-1.7085645673268834,-0.437552596949853,0.2028369341598087,0.0888915462547365,-0.9104030805430148,-2.6598314536863907,-5.152102351862643
quadratic,-4.547025305773114,-2.5522178313669253,-1.5163454867666215,-0.4902264228403211,-0.6648182086416125,-1.7260672173935865,-3.0594837682760048,-5.32918514718213,-8.422617669346426,-11.738102256409343
quadratic,-0.6907189388896392,-0.1944117337704957,0.3024521952677191,0.8513730790258761,1.2652973377527152,1.812034634145801,2.044627903186428,2.390112702186409,2.856386071532598,2.914021581494061
quadratic,-4.883446643590836,-3.3985676181792077,-2.3340765289675103,-1.455359364932607,-0.8467021362036582,-0.8688984353000451,-1.2578396722639642,-1.8454943066965743,-3.0374890651438,-4.333186641340466
quadratic,-1.360469575879545,-1.4536051363457976,-1.1053575816120509,-1.00963085475172,-0.6816271327155111,-0.3392219818137483,0.2494132174442148,0.8289995046850629,1.2080027058250342,1.956932985776513
quadratic,3.0888700395969395,1.7213283581905034,0.816342461977123,-0.0160718864708498,-0.4295994175818725,-0.5174438216819099,-0.4446611975453471,-0.1924798223552499,0.4346125783080762,1.268828642501122
quadratic,0.3342968202021839,-1.2797884547403453,-1.7268201204678817,-1.7417054171301776,-1.5556155079011118,-1.5013295026958025,-0.0178936388896768,1.354595876452088,3.383996922398512,6.104733298159514
quadratic,8.179063540245782,5.847618737182924,3.853348625923168,2.559711642200424,1.6574981884937985,1.365492596499099,1.6210203095410818,2.4706782274454038,3.927402675739837,5.814957824900317
quadratic,6.32589024392439,5.44147481072698,3.843869538485753,3.5000221158498688,1.860190405711637,1.2391029098574515,0.3335959845126521,0.3571642009717469,-0.8648347408087078,-1.3961057915196111
quadratic,6.076565986120275,3.966099454048072,1.874963500415697,0.5874962056325623,-0.199333414771037,-0.6557542094937343,-0.0673733616505509,0.658174948629819,2.6437822168707776,4.718518473345668
quadratic,-0.469705049068631,-1.2051735722537107,-1.6346693308769824,-2.1284430549204,-2.388163779587252,-2.5839489339071786,-2.6500041928566853,-2.6506222042551526,-2.572228189091955,-2.2582135716122056
quadratic,1.9169214355327728,1.8837468246291773,2.0352624479014514,2.191309315836203,2.59077231821908,3.133242793484028,3.9356893180520753,4.634779718204451,5.492755340342543,6.602831719399234
quadratic,-4.017991774950201,-2.7296615185774145,-1.5357842948541638,-0.5571582845771174,0.2688685783268181,0.8969414374526351,1.1907283094130825,1.578013030564378,1.709181868308097,1.5803468425818157
quadratic,2.796568859687051,0.6813547581548389,-0.9561960864777456,-1.8288475682422696,-2.4654539857993094,-1.7699507326688035,-0.9767090838425312,0.7844374143357371,2.9131667949263624,5.728330951622736
quadratic,-0.3633200411752196,-1.152538891262864,-1.6659425494437483,-1.7833546128444575,-1.8001617435895738,-1.293709869233404,-0.5072566184311423,0.5671525270059092,2.1069975149426767,3.844230369956218
quadratic,-1.6716772367022474,-0.1718446576888551,1.0068156384521083,1.7703075246457398,1.8599171003756567,1.7052002435106852,1.1497048606005869,0.2276848362397555,-1.2672380378641808,-3.0880203704021856
quadratic,6.136308971642208,4.473825966044326,3.085738094966255,2.205952165258473,1.655045507193029,1.454196184511555,1.6378980349664345,2.376416517937916,3.331253875960969,4.713535001074195
quadratic,7.696187982101265,5.155352054353209,3.7314691693825455,2.7434515380232467,2.599478283565895,3.100403580815691,4.367944174782662,6.305639360191293,9.235497877287068,12.78391762318477
quadratic,0.5231416052441593,0.263623705119453,-0.0456022383488857,-0.6360054897109344,-0.7853997925413873,-1.504339822932555,-2.23604166776794,-3.2365686174673334,-4.049290925730393,-4.788276888306595
quadratic,2.056674523537959,0.9016167238794246,-0.0382107640662775,-0.6023805481197294,-0.7405279639424582,-0.6944422604869209,-0.2237266731786734,0.4580615391352256,1.62358057894395,2.9837540636636994
quadratic,-9.649742938743682,-5.607396675330941,-2.922079349873223,-1.0083441823965869,0.4324095620660647,1.1656773889992291,1.7342027896093806,0.5730018221732265,-0.5535148313616454,-2.808635144458453
quadratic,6.473081810171057,3.590961517083053,1.375352302488723,-0.3938575784827497,-1.9759881180077865,-2.407553061270336,-2.535490279640991,-1.4806475993280954,-0.3056485846497355,1.452189784764156
quadratic,-11.704090298476451,-8.389226569222943,-5.481345098840772,-3.55452086406056,-2.606480449495453,-2.272070529041822,-2.3978486168997004,-3.4828559937421053,-5.90931463719705,-8.555102403685522
quadratic,-0.2472533581091252,-0.9976205747157229,-1.1899215602974376,-1.738215971325705,-1.4373116217267774,-1.1090196423675676,0.0036925851715316,0.96874941088137,2.9806803812739195,4.8114177102984765
quadratic,-4.934958583287863,-3.558981709651464,-2.60853804432687,-1.3786922091246507,-0.7388341146417171,0.0885060238979333,0.5236524542198284,1.1218198738756953,1.0982670297415595,1.100313531347576
quadratic,-0.2252358073336404,1.1692570677057148,2.155771617060784,2.837967336627093,3.0835292252334026,2.9070262770913744,2.280723106626372,1.207955232217905,0.1377185547433774,-1.4319247783306177
quadratic,2.721910870866776,0.3842291741343975,-0.5015121577282492,-0.376309352347029,-0.5366178360973665,0.0200764909946967,1.9896846223656544,3.597122074293029,5.8236815582495485,8.633754610753309
quadratic,8.667729979078329,6.479841966780675,5.018497153525385,3.594747914460078,1.9586949489549264,1.7240658138723637,1.3227657919116602,1.2601508648771365,1.9693471197461991,2.545711601205665
quadratic,2.007915380443741,1.673921561351418,1.4814021996809068,1.2346272757199666,1.0924829272439334,0.9069222333356846,0.8045814269142252,0.8151372012334892,0.7458299858618079,0.7904784710350027
quadratic,-0.640497590098062,-0.1304687219783069,0.4090102096108406,0.7499344937584926,1.108857458299876,1.7537311659572292,1.7816195839958429,2.0965036779193813,2.537144449278587,2.8568661454562627
quadratic,-5.676989147506644,-2.9078795339359456,-1.5653237118677734,-0.3078449827876568,0.6743506420582542,0.8916027329707641,0.2510676433306616,-0.5890836973542987,-2.1087735702019743,-4.300799177984967
quadratic,-8.801498406695767,-6.076587295970842,-3.407388379708718,-1.8282377432249908,-0.8542896755143369,-0.4049229278337777,-0.7002083573071741,-1.2908578926140546,-3.206082278192194,-5.2837578521726405
quadratic,-10.303248905784956,-7.0703868805072565,-4.947125059017991,-3.3494894495025767,-1.8635697137724647,-1.2871563200951934,-1.5367342804896469,-2.960576379632927,-4.292676726500905,-7.378957894479352
quadratic,-4.487520283421742,-3.2794584922521466,-1.844615188582357,-1.2072984597173515,-1.260511938667686,-1.4821469611161864,-1.624062036136293,-2.817437060537369,-4.420898700814993,-6.13529723729671
quadratic,-5.5048196521665,-2.865093367186306,-0.531598270017887,1.3676294097458523,2.371340511857961,3.329972076838296,3.23219852060359,3.0846962047573263,2.005796636665865,0.5819740925078521
quadratic,0.601473021897566,0.4570402992816711,0.3745139037339954,0.2917696203752244,0.7669570678809561,1.232009066619498,1.930188784976845,2.564439548639488,3.398476897820709,4.636146705625314
quadratic,7.0211792516244005,3.919610116838568,1.6862581435146609,-0.0206885754413852,-0.8433114913110961,-0.7564884108124211,-0.1997651278210425,1.167385143436351,3.192287577567807,6.093314831476193
quadratic,2.8604063220409994,1.7297427514174304,1.627801185407912,2.4708360898835315,2.336281639204092,3.3461996150485005,4.827720589515393,6.648124638401098,8.266785286602454,10.616634842075516
quadratic,3.502588288639059,3.7281651796103694,3.2121148546734597,2.898318395507891,1.952888479669902,1.4305017504627031,0.290559277766057,-0.6531385578400797,-1.8990623675972893,-3.463817780963266
quadratic,-2.866114143398034,-2.039417691190364,-1.1556065511906264,-0.6913467376714464,-0.3072672975105792,-0.092488845302256,-0.0961747221350436,-0.4294149035841086,-0.8326253471653688,-1.4362615643678354
quadratic,1.7257858926327112,2.2724364469594365,2.680224099582077,2.8842679414375763,2.959647148546465,2.8346718314397794,2.520235844787844,2.1050220780685422,1.4115422405575004,0.6167251358060176
quadratic,6.440870162020747,3.8909562915772113,2.2016762517955297,1.084384254027402,0.669853156618903,0.6980180435655865,1.624748500914425,3.274731489435921,5.283963738564378,8.349492981702426
quadratic,4.873602120181118,2.628078668525489,0.9587632439518688,-0.1141372036258906,-0.5686275604787603,-0.4616951369336923,0.3575259293519096,1.51331706306024,3.4290997532131766,5.839045304238861
quadratic,4.1524071444634085,2.2021654844385,0.2673700069501344,-0.7320545673373534,-1.5169693253579342,-1.62179583623554,-1.243616502443415,-0.7454636077593941,0.4329637033573161,2.195801173568752
quadratic,-6.402807634225625,-3.530270649395283,-1.4492166594200555,0.5854366920716236,1.8482370866279685,2.723990029912769,3.0291816537549,2.7272643156031044,1.8477289021980996,0.7276467415703237
quadratic,-7.248448730362445,-4.279803283509551,-1.8970105689748933,-0.4472481622782525,0.5242264592249498,0.7738682148441215,0.1511049090753133,-0.9970255115999492,-3.004309497090998,-5.627437118114143
quadratic,8.483032366371605,6.003920401907417,3.607273438535532,2.149446144867753,1.0514952704126757,0.5646174079678025,0.4152172696557391,0.8072877417362204,2.2545324998502454,3.918516042620364
quadratic,7.142973018499266,4.315296143398855,2.365087316302024,1.1150905313868522,0.604957719947263,0.8490240668888579,1.8103066398158725,3.71208415507763,6.269961007440141,9.56774494886194
quadratic,10.505450464395468,7.863798916050619,5.320104493821503,2.8947001544990347,2.1281982596561155,1.0310958457434587,0.5015791032648305,1.1412706376806907,2.696281124990887,4.34983167257855
quadratic,1.8356696328292883,1.9903385867652936,2.1307756328319503,2.253103637621466,2.297105497988979,2.3420793950549506,2.291601674912891,2.255371699157873,2.1836249844757045,2.0588052522933284
quadratic,4.156679700281175,2.8126094960283425,1.5725632266791951,0.7815802284958469,0.720366028067214,1.1953287780952695,1.6910476740133529,3.098693107588074,4.597486273232232,7.100676193376275
quadratic,-5.5403939690473765,-3.3370760447476107,-1.1981129627707738,0.8034023802883757,1.616682365721939,2.4703436799833725,2.773256787349381,3.169480652923696,1.99717890150402,1.724479369388187
quadratic,-4.440192858621584,-1.6200340056405735,-0.6502747524210399,0.8816372187048749,1.140589372628634,0.9160179908096484,0.2557318139552687,-0.925174809789246,-2.7023404088424865,-5.300905234432266
quadratic,-1.4613241419171654,-0.9887255397417992,-0.403960260460276,0.1619891491950052,1.0479537165485453,1.4191331214625984,2.5885052040282743,3.5377527339851453,4.716122871302448,5.901720832579557
quadratic,1.5294133487448571,0.8483024275062465,-0.0018784674489885,-0.7790379845135323,-1.4587674846986811,-2.098503237833948,-2.598367763984128,-3.016044021440907,-3.634337121083008,-4.186484080938638
quadratic,4.111839017461584,3.304044106321488,2.4538129052050315,1.8243898266104368,1.2998126307979134,0.7912641349165586,0.4474945782140737,0.0249307637879499,-0.0459890793561617,-0.333348580251283
quadratic,8.360478963854906,5.437522973094397,3.24101020959388,2.060966582749647,1.4294744225654208,1.8440066920343676,2.726474006243779,4.456828871089976,6.983078000669683,10.563374212259893
quadratic,-0.6078878136255265,1.2240170213799109,2.509354641530071,3.0344134745797597,3.215544161368828,2.4293452013409444,0.9842891761625462,-0.9467923334708224,-3.86872630776228,-7.23467678289006
quadratic,0.4228653707205689,-0.1889754709020813,-0.7705567839190567,-1.2153540836710996,-1.4035125166631277,-1.5403666749005769,-1.5389323031293662,-1.3290115134742395,-1.0189183252860603,-0.5570208010526929
quadratic,-7.228866674642782,-4.429611532534436,-2.2723883675522933,-0.8673556751581566,-0.1276555950038704,0.0008792103766364,-0.4451557707120748,-1.8175441498017528,-3.4452734838244687,-6.103586743086487
quadratic,9.691405189419829,7.567177518806214,5.3361355546607525,4.418650295974162,3.1952199594168347,2.4016575086933285,2.224126196676354,2.002926401255991,2.5669451098668405,2.494588341143678
quadratic,3.0664615215726103,1.6042053919182813,0.2686240220972352,-0.8661814701972828,-1.7670502266095014,-2.457909400918359,-2.9880518434238743,-3.249227796122685,-3.355801117138565,-3.26048484775172
quadratic,-9.25607512980478,-7.006773449407633,-5.231268354349845,-4.016315144936553,-2.813389062096374,-2.396815732616778,-2.223251999247041,-2.5067510781668787,-2.622665991769956,-4.2284042973330696
quadratic,5.099851036741109,3.405387109121702,1.5016153136182375,-0.1514362723230683,-1.279679584116307,-1.95914953418456,-2.246030157271217,-2.4533649665368698,-2.4537507708203656,-1.772677092880303
quadratic,-2.185457512432809,-2.05665633616983,-1.9665680545694928,-1.908561933976252,-1.897595717354229,-1.9282849668731183,-2.0023966708881265,-2.1001520263135536,-2.2493428023778117,-2.436394151983493
quadratic,11.457057559339388,8.701314378254226,5.421927451120329,3.714376379017993,2.8681912321851923,2.4521470150928164,3.3478863697965675,4.326493335912248,6.626814543891974,9.005295269755033
quadratic,2.700260479341875,1.706980719366185,1.1714077455569682,0.832460204229197,0.8829934190731946,1.661555155342575,2.3191513604885072,3.6555219333528495,5.313526890032791,7.42719058985545
quadratic,-7.077863879527049,-5.674097279642843,-3.8271311851304426,-3.199188440243909,-2.36474409805464,-2.1392419954149275,-2.0849156055391225,-2.26952635772738,-2.8555390072327045,-3.6669024545309385
quadratic,1.7507682760095058,1.2765150726686434,1.1449588755556444,1.3867703986935225,1.6597885385571145,2.258861987320426,3.0176439967306945,4.232701918321045,5.673993310196387,7.694708054663881
quadratic,6.641585849854568,4.252103857660931,2.8588773511172447,1.932296156075024,2.2606396254600205,2.888380392158945,4.434191554613543,6.657956926191233,9.596189448507111,13.637747166736698
quadratic,-12.464721409042774,-8.48526710726035,-5.787966298438532,-3.1152372003848043,-1.7816750932569687,-1.1042716605252625,-0.9632960400459324,-1.742347084939354,-2.9090280641604127,-5.269331585021508
quadratic,-2.0756358314655428,-1.376530347271716,-0.8166621637313902,-0.5488805588922633,-0.4493963545524073,-0.5195058780787359,-0.7542613720041176,-1.183137035597415,-1.8134416436322296,-2.5953160273114144
quadratic,-1.1669957248416982,-1.4358001684105837,-1.6905413679296295,-1.1929330796355069,-1.088845839170845,-0.1677711254592317,0.4227899713844415,1.6571080089961443,2.6284441695725125,3.5706763039215
quadratic,-1.0789986369243545,-0.0430704038034045,0.7117322949978935,1.310607357130914,1.7075074752062802,1.9365675664345336,1.892694307957124,1.6247327761556836,1.298710449280351,0.6041827515555619
quadratic,-5.121886739619765,-2.94391945017475,-1.2319995462308275,0.0194933665965438,0.8399234514629397,1.0779284202572723,0.6876096932307921,0.0339925325208653,-1.384914170985137,-3.237765547701772
quadratic,4.65109803600962,1.6921779772080323,-0.1775308436386393,-1.4379471355274287,-2.661755822133796,-2.853937374221476,-2.2698146771850185,-1.6732225285314903,-0.3283706236351912,1.8523067098782005
quadratic,-4.00885991664893,-2.2758542076723542,-0.7846669719752539,0.2908370964176859,1.0024058303483308,1.296343501717498,1.239724680554784,0.5815053906152668,-0.3309583791302574,-1.5966262533551074
quadratic,-4.264033992954438,-2.239286478166018,-0.596362466347282,0.3535992453786228,0.7999027639524446,0.8989598072248297,0.2973916184015652,-0.6197248512836435,-1.9737523398681132,-4.02143252648991
quadratic,-8.61825675560535,-6.498953953255055,-4.846903704038699,-3.608176242204969,-3.080525082672046,-2.752498871074566,-3.237005775762481,-4.022295743645871,-5.145988520567381,-7.082903910802605
quadratic,-4.220431249009255,-3.337744988402515,-2.664345546155068,-2.004228103043646,-1.3505707429187424,-0.9104158997638956,-0.5549170612496962,-0.2430105791995523,0.0715916209106448,0.0281469433734533
quadratic,0.2721724612392188,-0.0381063881616539,-0.2828298464980637,-0.4824514532068389,-0.6240050003972655,-0.7161165687199552,-0.7493258107404386,-0.7471132172942976,-0.68701808430063,-0.5492201454306352
quadratic,2.528263184458815,1.0943702059248952,0.0736888997223325,-0.0124576075484209,0.1614283465325156,1.0762345394399189,2.438980257871432,4.421754110049659,6.844954919257964,10.006406057479774
quadratic,-1.8267284770724472,-1.5012236371676546,-1.5271938641535805,-1.7022323255622551,-2.0611754404555227,-2.69687423945586,-3.56625753611554,-4.600800579126429,-5.90175656223923,-7.304736484496575
quadratic,-12.45446176125804,-8.464674802044152,-5.504996438957136,-3.9958897913723455,-2.745499442397735,-1.5585456437699727,-2.543749042033065,-3.0319055081928004,-4.56736696874968,-7.214835791646147
quadratic,-7.937796325076547,-5.691936173044282,-3.479625866422964,-1.9122040939400244,-1.1588903345948032,-0.7610712772636318,-1.208529609253212,-2.1258963763394005,-3.689919727034791,-5.836437763928382
quadratic,5.838494294884272,4.127948926450912,2.5219356662364136,1.6834409651349098,1.705517003049767,2.4262326657332585,2.966679476329189,3.99216922224048,5.959914035083653,8.338049325866823
quadratic,9.69269557226899,7.019876761178348,4.122496687546322,2.040922642593366,1.308334323488853,-0.0095662759630413,0.3170947512261651,1.144308980768257,1.9893883571962456,3.682548039949094
quadratic,-1.3908684072901147,1.1350494388193677,2.3439946637762845,3.512906828095307,2.968741873091165,2.724795434159538,1.0809131561766283,-1.2425407829526658,-3.9976021159191713,-7.6881250167307025
quadratic,-4.831816209119137,-2.480089418461927,-1.2892923581646245,0.0816172502965559,1.0670001256163968,1.5758168305696418,1.2367664998146195,1.2872956344076458,0.7816566724270828,-0.2502015318984589
quadratic,5.183352144839649,2.3210003993420685,0.9245439863885896,0.2580778495862224,-0.5694910985497911,0.8627732556674351,1.4325373565999449,3.778165669458636,6.363556828192753,10.353058444251827
quadratic,-6.153157089862562,-3.136145224913226,-0.9546737332858812,0.3005114546419044,0.6188193219724976,0.5342060119594323,-0.6728493705296612,-2.170166704131552,-4.969442358499197,-8.208723546459366
quadratic,-6.98976970835524,-5.032905234195263,-4.097239606717564,-2.602719437047679,-2.999963136672268,-2.7808477922246877,-3.6931635764908286,-5.626338256316509,-7.66490990398101,-11.404419755378605
quadratic,-4.955876262998399,-3.1565962891074184,-1.4165022558206724,-0.7602579304185882,-0.1516031867888985,-0.4025668026650684,-1.3902186980821192,-2.686335582929157,-4.721563447841072,-7.208127795246183
quadratic,9.103794412690522,5.484588808455268,2.765773839629404,0.4538650155314935,-0.2381747146913356,-1.2354983473483527,-1.0269672138347492,-0.0878737032315038,1.8185813402350937,4.175045598312759
quadratic,1.035612978504826,2.054589625686821,2.7857283359872467,3.0989162708882603,3.137213819621629,2.69635315642228,2.093510726113196,1.001278821368632,-0.2531724622192752,-2.08008846432442
quadratic,5.537675544282021,2.970051944421123,1.4518593290268726,0.2927195498708568,-0.1453104979840919,0.3412632796196962,1.2511171438571442,2.7041704405642366,4.825775470889732,7.458763531431732
quadratic,-9.888004084063716,-6.299892453834259,-3.753904866303169,-1.1032961668741037,-1.128126138221624,-0.4808081169756299,-1.2245681275909068,-2.130690040044233,-4.04208602473974,-6.41538360950029
quadratic,10.317086330489904,7.476256750270819,5.323344850797247,3.8436850311169097,2.9144970370310035,2.728642696471046,3.077078271958839,4.4460573728065045,6.157356889705873,8.790589763044691
quadratic,1.6625367396402568,0.3138455281939568,-0.6814233352208309,-1.2871490671953103,-1.5999766730983114,-1.6042747417725056,-1.288233306626562,-0.5058427001909502,0.4889355880069518,1.9044469955042156
quadratic,0.1862422005241266,-0.0293878614426811,-0.1066238774923746,0.2769422598885528,0.6803642269041558,1.2606667150911168,2.147220345333625,3.27359931434226,4.585140978133241,6.033142220633585
quadratic,3.286880768938738,1.479803178023582,0.0871332569069998,-0.9726152302329656,-1.17585377037383,-0.4690727020036062,0.9883384840724512,2.722207713344954,5.639775314661311,9.424364953467544
quadratic,-3.425901398091756,-2.3515673450432666,-1.7274450505975416,-1.4673533107582992,-1.9411396161737065,-2.6618450426188023,-3.689221276808473,-5.468184828350329,-7.569638533437972,-9.902645299287286
quadratic,-5.57610960326682,-3.1868008407374777,-1.2651208963252147,-0.1789642177412556,0.7968890819107763,1.2012262164147478,1.131001155723763,0.7292720185452566,-0.2055925222263799,-1.618876640239185
quadratic,5.435953116214982,4.282292744031493,3.4081380206079928,2.739343511980635,2.4549248195582725,2.4196570553688894,2.65254281018888,3.1395531293667607,3.970383470088674,5.009560180816263
quadratic,6.572801860288314,5.584800005550831,4.69147759692225,3.8279633376340674,3.223837170655496,2.342775476785601,1.473188224712989,1.2771481198266093,0.5088056718732941,-0.0367376988415083
quadratic,6.476985784887548,4.844836105222556,3.0713272470578894,1.9705181173914883,1.3847659522844848,0.9328842411680116,0.9241232777927376,0.6382423917554619,2.0497398282950403,2.930491925587629
quadratic,-4.721854404242187,-2.614632749095203,-1.134240334613993,-0.3325069234127875,-0.0845313381694599,-0.3947446958791975,-1.3816411016429,-2.937396127572732,-5.025132691600676,-7.77085770024296
quadratic,-0.776370154762871,-1.1782366861209177,-1.490858931547594,-1.676106430433793,-1.7801717006564506,-1.7635574815800206,-1.5944887885610872,-1.393115242356198,-1.032545706899321,-0.5641002894321524
quadratic,2.251076332457331,1.4020561467260324,0.6822553478878588,0.7771350705200428,1.1738805910451968,1.5266635858731157,2.6940953898908564,3.623628471853286,5.12380381304275,7.06263156551598
quadratic,-7.2048830667411465,-5.675524944313386,-3.912611370906903,-2.517070900704496,-1.787719357716662,-1.0553734550090574,-1.4140644822476118,-1.6433335260199422,-1.8020029145273744,-2.707224132288169
quadratic,4.363055686961533,4.4253205469605,4.275006108797157,3.382412101648196,2.9327527131001148,2.101135430769187,1.2382480293787743,-0.0217735809102165,-1.4797825679165344,-2.63865511904758
quadratic,9.469761210644926,5.720950248112361,2.781821003470915,0.529604910450302,-0.7428444077437284,-1.947683328495833,-2.114766830307172,-1.3242584215512074,0.1693130749401988,2.3053768079958634
quadratic,-7.865127167717025,-5.264312541945744,-3.17061923011905,-1.425432531707271,-0.5809003986454342,-0.084092281185062,-0.154021807264063,-0.9116107316250572,-2.2161188219031027,-4.150616669534264
quadratic,-3.163205259927845,-1.0531770424023854,0.6240923419694431,1.450394515089852,1.457963561186968,0.8189355697642604,0.4274105737623097,-1.3751091148716603,-3.1660524378235357,-6.177729056804609
quadratic,-0.6386330189855884,-1.2780995423689931,-1.859105937273676,-2.1479832015845104,-2.363875426226635,-2.154447966522931,-1.9838133355423089,-1.6901877129559757,-1.1902215574264126,-0.5901607691599694
quadratic,-3.7334438644374974,-2.4698996116771585,-1.6221143058408625,-0.9195601407484796,-0.190977921893462,0.3333587004903041,0.8203225898191516,1.1265992110653351,1.2370895864966436,1.340771883589988
quadratic,-2.9254890688487336,-0.4415767970979519,1.3120852171258748,2.4956045361136625,2.386011269151744,2.279007907698941,0.4600381983013238,-1.1914278144565569,-4.414341450613838,-7.865102918104521
quadratic,4.106148249367582,3.4426478434790555,2.8913148469680565,2.488151349108049,2.092380859721089,1.9333728635390512,1.724602419847437,1.6315338304034956,1.709408395068199,1.853598897798717
quadratic,4.707295164530347,2.9297519114045945,1.3557556257157,-0.1335213801889165,-1.2914276931762927,-1.868142730443631,-2.722935340283968,-3.046661442539862,-2.491674666614821,-2.395716866408084
quadratic,-6.9159449407604505,-5.395939942320744,-4.26301583042287,-3.392373666654953,-3.0406652329206696,-2.959971245860038,-3.012417593101464,-4.004112044228321,-5.098532132713534,-6.729766723701828
quadratic,6.920341753418058,4.358406652602333,2.2599982279051924,0.9534983949623452,0.5863879035548838,0.3969227364485492,1.2513039099126748,2.8772830123309867,4.763169894003364,8.103552616970441
quadratic,-6.043931665712604,-3.6117539974238975,-1.7543309957749342,-0.2634206286936736,0.7117575459787759,1.1508401201949954,1.1272315495091072,0.9818434924884204,-0.4467987732226745,-1.5301880920239537
quadratic,4.347259577615478,2.473279499329028,0.7371553695006814,-0.7318076611009678,-1.5922930516269802,-2.019461310529469,-2.4857453933682483,-2.229690325591877,-1.7378514274303725,-0.9409918929714444
quadratic,4.165059807811445,4.015386889778477,3.788058474428923,3.44894583006566,3.15023576491364,2.7569085377516123,2.347801049054793,1.996678727963264,1.454738303046419,0.8625083106534746
quadratic,-4.41311451215635,-2.5919064450089366,-1.6298458046109092,-1.1983769799487276,-1.062501868414617,-1.7656928865387638,-3.239827499040651,-5.512524195748615,-8.19413029772506,-11.98896329885226
quadratic,7.589787845215605,5.801207448992052,4.144698305374896,2.8538349440710244,1.694905289355195,0.6987162594559819,0.0545788453293979,-0.0933179411709314,-0.0678373481996595,-0.0430046115747125
quadratic,-7.182871747447094,-4.383102392272189,-2.41817816550009,-1.0581230930010117,-0.5097952161866701,-0.5151313186183576,-1.220735867273205,-2.6123422660399886,-4.586005177774847,-7.665510228205365
quadratic,3.753149779617672,2.504780723031108,1.7337458159609032,0.7445627722606198,0.0283229383341579,-0.4379825472070164,-0.738889367618797,-0.438381530519871,-0.4011215080552324,-0.1988560643405034
quadratic,1.2448260550192,0.9247634669736904,0.9442680899075008,1.0557396727823964,1.2516583603089204,1.8695220341071903,2.425428516559152,3.2896105414649544,4.320914158301296,5.7193197328396
quadratic,4.139863620385476,3.706456892975507,3.0180988200547114,2.652404910577099,2.603743865701815,2.787972893323638,3.3576850859937024,3.9050719396172826,4.905132488293844,5.969889714146338
quadratic,-6.211942894822905,-4.929749186877739,-3.777607249409592,-2.872858161345948,-2.3073685883985275,-1.972590613443829,-1.8097773628489888,-1.8763452275270165,-2.165385783033828,-2.720790221697767
quadratic,2.5554997002398947,1.8209212497085645,1.1741940943802531,0.7979454245991285,0.4422068000680496,0.2311980992642589,0.1988314056602437,0.3499419213084185,0.4764311845502189,0.8465213369602178
quadratic,-0.91299434702439,0.1446179371518468,0.993357975481529,1.5549729356929425,1.8441701592006177,1.801385912979594,1.658901143726748,1.1188856053754876,0.362410457761507,-0.6199790559061991
quadratic,5.324898287576251,3.5525945658657285,2.345976932991743,1.7789675023318436,1.5381411070605204,1.7122162115075752,2.773448321213349,3.948684366220328,5.998403784870771,7.996089258888864
quadratic,-8.670535860324748,-6.54750130127146,-4.871673902400183,-3.784627265959732,-3.064178386014657,-2.72219447069485,-3.179450903377497,-4.116948239381187,-6.063318859062629,-7.826290007486179
quadratic,3.104316260132622,1.339803033616539,0.0787032056711876,-0.5094065480067624,-0.6881625240330813,0.0540117361458401,1.037765041755136,2.7268455579946687,5.152910256223667,7.914351424049197
quadratic,-1.5681447097569068,-0.1869943888030781,1.0241305467858306,1.8157488107070257,2.669517621943877,2.713748183721304,2.691205787630403,2.5012743919782023,2.178328316817093,1.235425450231583
quadratic,-0.7817251913769678,1.0744832406879117,2.322900414103544,2.851873281443644,3.138797670415628,2.585674495670569,1.8882365642246324,0.3087643611223721,-1.4896830505606833,-3.9795208307151126
quadratic,3.5797009449119237,2.2762757444280948,1.41614458030055,0.6691044326562253,0.3080748675163358,-0.1296670588930977,-0.1400978328445652,-0.1001628380466225,0.1447777945359817,0.7607944303947739
quadratic,-2.772154229270331,-2.503822879066364,-2.3766366650779216,-2.1896572167011747,-2.184406756797153,-2.249407509483333,-2.367968611259565,-2.501088293927451,-2.793803370351055,-3.1089606222941457
quadratic,-2.5557762710892264,-0.911274327922012,0.6469225104186257,1.561063496252412,2.211094057063335,2.802344348210226,2.916144604174592,2.738707096129324,2.1752986074335707,1.380950946212595
quadratic,1.9331243045786417,0.936595378526208,-0.2112430286429925,-0.7213763304819494,-0.1943254565318797,0.5327544495375309,1.4562558349214094,2.9449441357618946,5.450677905581074,8.053461262711268
quadratic,-8.843624713102434,-6.237192050489111,-4.366528100340906,-3.0739471839458816,-1.983215289424329,-1.7647611855542975,-1.7192042287001483,-2.8800745729009094,-4.218401736171426,-6.237065857072343
quadratic,-4.524161344691656,-4.283659202943381,-3.997074190957823,-3.5900838943812388,-3.244479561830932,-2.5046584678449464,-2.187545271012773,-1.5002087561610236,-0.9693815027478336,-0.3350550414626466
quadratic,5.400861244182744,4.654131840042604,3.77041540522739,2.443594258605739,1.7738341849786252,0.8588009363750833,-0.2101396879209637,-0.729123846367624,-1.255268133102854,-2.1785262657165547
quadratic,4.283017252057224,2.4847521531674777,1.1677600854759609,0.3841431492402709,0.111064465734726,0.1481724109553419,0.5353105120052923,1.5505291015156464,2.897388334422351,4.589796116908869
quadratic,1.4081387432136208,-0.7055113681441011,-1.5288820382228516,-2.12056083545395,-2.442998708511796,-1.1963337854317468,-0.0197255731463324,2.337972394397041,4.852546975281945,7.936400108963797
quadratic,-4.018956578521112,-3.411233687802385,-2.831529014401788,-2.4800733202210674,-2.1439050317678867,-2.1038903439517576,-2.007845905020792,-2.0618119140675133,-2.3429925557096456,-2.6572046398022584
quadratic,-2.323285274626026,0.2384214278864501,1.6910342340466125,2.386697649970364,3.100307840528929,2.442269654484193,0.644497150701189,-1.4855687154738146,-4.1972916403349245,-7.339471282381893
quadratic,-1.1080742932918768,-1.3076195536666322,-1.3781802633004934,-1.4253846969180808,-1.3322438197953477,-1.1464604983632387,-0.955983256482912,-0.6129987089079789,-0.29621564774503,0.2104869726221495
quadratic,0.1893163929614849,1.3394666259179495,2.211018668296732,2.718507866219246,2.761365225189807,2.548443540878669,1.994912343748079,0.9616383087951784,-0.4397613648968013,-2.171109444743716
quadratic,-5.44188237716492,-3.955291613420897,-2.797463075678285,-1.8848875378699848,-1.2352901427494791,-0.8928696811219525,-0.9293564327024812,-1.1078590623474185,-1.637250395088057,-2.518782325111774
quadratic,8.733053928295968,6.659866966770371,4.964677910507114,3.174802214362877,2.266741112228362,1.3843262340187334,0.9603712778011838,0.9713279387540068,1.1762453516139302,1.7568500393248472
quadratic,-4.970017523227224,-3.904756618659921,-2.876817522625542,-2.056564350259424,-1.5221705052648284,-1.0382734085260057,-0.6101768936970957,-0.5562361344971342,-0.6536149506861331,-0.8513959689119488
quadratic,5.984833995707349,2.773266012425517,0.3584767344123521,-0.7116501496275882,-1.4811096621716222,-1.6992271581132017,-0.5940520501513455,1.6588155274047631,3.589434019102044,6.705118518371
quadratic,0.9763889453462729,1.936892130069353,2.252205525006768,2.554686458244122,2.437797894783072,2.0903274126153915,1.194143206793498,-0.0191894595549269,-1.3957145105482545,-3.348505891342912
quadratic,0.5090002477712682,1.3804764092850696,1.7665042629935437,1.8811853880096328,1.429629103013989,0.6468075648362148,-0.5303969164804146,-2.19511092332349,-4.043358231352494,-6.621932791737666
quadratic,9.408499435898726,6.443586770914504,3.722250927686021,1.9263688709569724,0.3809258838536258,-0.0645461233810055,-0.6857861338924389,-0.998280257199146,0.0107709237275807,1.113114165121178
quadratic,2.876435285349672,1.5552793927681332,0.4217158654572228,-0.2522933378875436,-0.6469695057942634,-0.5899768591816174,-0.3078524528353007,0.4510746563572207,1.4983100293533012,2.953207432697102
quadratic,4.592380235757105,2.3636365487514834,0.6932604988759768,-0.2434949970486568,-0.3321827037168257,0.3593885105845523,1.3710742800218094,3.3574292711665645,6.102020086026887,9.81164628181105
quadratic,0.8632585775557461,1.9842107922409369,2.806932788740832,3.0219768144061225,3.174320065397927,2.504270537588164,1.5449580945294392,0.0257903434307354,-1.8033796686256545,-4.151501162999233
quadratic,3.221995946023447,2.079592321658098,1.182220898270215,0.4663631287926051,-0.0667132480925079,-0.4743203109677918,-0.7445329360863936,-0.7958251593016895,-0.7229300821170938,-0.4817947447228189
quadratic,6.776473967511292,4.221955615777631,2.561658975277457,1.5214703200183597,1.23734948898575,1.437994693859039,2.324050213173724,3.832216410617137,5.751990795821588,8.506180090253343
quadratic,3.194664924989697,0.2793678589104619,-1.0586610527991274,-2.406030157450363,-1.9873690635710812,-2.117678952220084,-0.6310781842628839,1.382370988426746,3.522328338441671,7.172839563240483
quadratic,2.5411508679417896,2.39478303673732,2.293910797757152,2.0125835511258536,1.492053315317023,0.8117718480886755,0.0437604760570655,-0.9028112456676668,-1.9215657278665743,-3.3394087648499604
quadratic,-7.439526437697136,-5.241192650931482,-3.494364078950001,-1.4291593103149602,0.0630624842138751,0.1607424110197833,1.344519217373994,0.566280007411324,0.8698510089465891,0.8257678193318545
quadratic,1.4864679536443,0.2459528135635848,-0.2767453301078479,-0.9580861359263824,-0.6409358804437769,-0.0253577630119784,1.1295026083556694,3.062581403109521,5.0506483803839535,7.588168076698905
quadratic,-5.575376804826607,-3.091802262945506,-1.2973831896546315,-0.0411394069803426,0.47624394544135,0.2497596483320239,-0.5245037893067778,-1.782648249095777,-3.9215722096232337,-7.01588511067765
quadratic,-7.50998208168998,-5.487333951913057,-3.9918085493663824,-2.5856215309462787,-1.5134544256633056,-0.7766746968935432,-0.1270830765181151,0.0094515693232958,0.1493674949021099,-0.2616002316994908
quadratic,-1.258205231891159,-0.9024713378703804,-0.7127425283002654,-0.1836929833229887,0.280239926741505,0.7916600721217115,1.6183016231987524,2.5846735180808293,3.880874268074863,4.81667653173672
quadratic,3.986316361928077,3.170827166259678,2.569488505547181,2.2927149137637475,2.1352953276502884,2.3284441557639664,2.7534570583454125,3.5574971167130838,4.528255614295369,5.805180318459042
quadratic,-0.7743593225536536,0.1344350275234144,0.7487301516792172,0.8361787768840174,1.0925099655965784,0.7133522339119477,0.6692937791172348,-0.0609019564247318,-0.7077033225948328,-1.7355842994944448
quadratic,1.8311992766748533,2.993033937570171,3.2633598371054857,3.112602982684737,3.0095970752731747,2.7864791556428115,1.735144646477036,0.206768373728589,-1.279118658104809,-3.2130416654958003
quadratic,3.204378072002167,1.3964231448924953,-0.1246757350384711,-1.2413161392186909,-2.338846793195367,-2.939968644765685,-3.426933792889689,-3.4970333179241817,-3.282336617335523,-2.845286066989794
quadratic,0.1133166640483084,0.9150818426940668,1.6339206671635442,1.7366280920346495,1.533926261254659,0.826594049545198,0.0383765283916091,-1.1948029438184051,-2.7463957535461425,-4.881504678281662
quadratic,6.583366380225893,4.105722527633765,2.0507399129897013,0.6848503057792599,0.0197907337818521,0.0685612080580453,1.329195934123775,2.751485946860333,5.017574374639216,7.938984609286028
quadratic,1.812101163822071,1.0429788376324396,0.376214448905238,-0.0823441186260414,-0.7567006794666522,-1.145857217502139,-1.616962485653996,-1.959006211835331,-2.2245649451296,-2.859574785699813
quadratic,-9.284167917030697,-6.650031398201046,-4.557298115859809,-3.187289772792877,-2.1491019475374986,-1.7967711086723157,-2.172770447211448,-2.9769002868861256,-4.481572192337227,-6.706186376037303
quadratic,-10.359393187405509,-7.601531885005389,-4.512929358419599,-2.7573060646391543,-0.8560321837099807,-0.1752940811660938,-0.2716724345230522,-1.0810958209450394,-2.4750688624624777,-4.301943805543298
quadratic,10.519547681869703,8.188896428798612,6.1983895800334645,4.64892115039613,3.40525790618514,2.488765234485858,2.235884607328481,2.275986077997599,2.619390593668814,3.399138454497112
quadratic,3.86299724680867,1.795283692162805,0.065792871793785,-0.8379024500048614,-1.2889508085318289,-1.7163186370949082,-1.0543045238562776,-0.0949252164605005,1.36328065905505,3.453766466759668
quadratic,1.7406463643508712,1.585455034821303,1.3369835861424153,0.9574359416677783,0.46948009858013,0.1043033382837621,-0.3442737157024781,-0.8745617979182252,-1.279202504936594,-1.8359211846271632
quadratic,7.05538076653919,3.659666802604221,0.9297933705249002,-0.8540659996573212,-2.099413687130613,-2.6346252039403515,-2.5959866114003094,-1.8054742026383084,0.2507722731060835,2.4651969902476907
quadratic,3.729375639985025,1.263600613982256,0.0417983152310022,-0.6227723698013189,-0.3429195349840013,-0.0186162995761845,1.7645602310619288,3.803241117156454,6.591661028250247,10.423152906403578
quadratic,-0.693219442241318,-0.1554827709991853,0.6789944387419138,1.49829529641155,2.374187379962192,3.436603071133186,4.159189649695214,4.737852547517724,5.907358125621748,7.09181010365359
quadratic,-4.96646578822445,-3.0873844036053173,-1.6009708329257777,-0.9306452284607692,-0.7425277604214547,-1.0613861988644235,-2.3336277641871424,-4.142276870371465,-6.437593536792581,-9.48156937772114
quadratic,2.1164795164627703,0.8753705690605592,0.6731499509909995,0.0904297075684779,-0.5995943937520989,1.828357400790251,2.517434367375384,4.428157048607993,7.030551689723398,9.75596627434866
quadratic,0.9958033860583836,1.317881297863562,1.5917238852742186,1.8207362285332949,1.3643537639736667,0.8286796625280083,0.0173265332245419,-1.0379957566407942,-2.5736886927513227,-4.096040272404609
quadratic,-4.685909987920929,-4.129368180385313,-3.56209975789543,-2.9189113399725546,-2.1672726728816625,-1.3806557982833638,-0.5750154815449546,0.2432272946023455,1.0672603493058042,2.0329407612878634
quadratic,-7.128001297467296,-5.130853221704275,-3.5124416420428606,-2.5400069400023253,-2.4964042642036266,-2.444310078886724,-2.942952010724305,-4.313386716688695,-5.743803308228597,-8.080343929775472
quadratic,-2.863536876078097,-2.167172564452253,-1.9692574946541324,-1.9936607484871829,-2.157482415039687,-2.463091377240416,-3.276721328967457,-4.126050162435457,-5.111747469452221,-6.9742596471173846
quadratic,-7.758485857570398,-4.565671670021393,-1.7863619558754944,-0.2902379667824946,1.0674037244525816,1.7875965091935797,2.3908207019242127,1.8155466197730252,1.195739523564931,-0.2683218892402231
quadratic,7.36373563541547,5.451538165137447,3.836518754992816,3.040201592619919,3.0250477930078827,2.933616136896941,3.379725269087274,4.982416932201382,5.985389464785886,8.41316370159426
quadratic,5.543927691565759,2.7354826829708774,0.871983989002245,-1.1839333269056862,-2.108635132519902,-2.598695065465244,-3.2195205725270517,-2.5946268686956286,-1.4247765153691605,0.2208175107999337
quadratic,-2.4316265757850983,-1.7271158913315137,-1.2809251331569744,-1.1113763369420138,-1.2070141792882756,-1.650554205225435,-2.342874910938059,-3.265199108391601,-4.64319102785005,-6.085209546026411
quadratic,6.123148247526114,3.729325284352304,1.6572160500054176,0.0304425352120553,-1.1807225326976782,-2.0674286727067246,-2.524438181459128,-2.626388019200025,-2.3037735651482008,-1.4933007832704464
quadratic,-3.087880217341921,-2.749304685580512,-2.543582057260257,-2.4654581920399155,-2.653590574674528,-2.955268214702768,-3.4097886118605976,-3.924040073652805,-4.684513541348062,-5.676137941380632
quadratic,-1.1686057434376824,0.7255617901008282,1.59195031852392,2.3375342724886043,2.644477307608025,2.7548945485741045,2.2166543061254256,1.6321182928871996,0.7309491908743965,-0.8951067593950826
quadratic,1.460853335288122,1.0319626346823374,0.7546991342873576,0.4447991945163081,0.1653305775804844,0.0275778834638631,-0.1209898175534682,-0.2100346855138294,-0.3004946937333903,-0.1776316134407735
quadratic,-4.754325594799004,-2.9402329296628675,-1.4236637938495291,-0.844714813297548,-0.649791736242857,-1.5991465589836074,-2.2537114424363027,-3.839273799601529,-5.688886656817158,-8.911560144899791
quadratic,2.079638537717593,1.195767462351264,0.3008494209073518,0.0871552388325215,0.1318219104927751,0.9970755089958449,1.8180737429675176,3.034358053832265,4.379385075958298,6.288725598287934
quadratic,-4.704488902527381,-3.49358085153358,-2.7539391506150577,-1.9278368627215448,-1.1610623644035936,-0.6612817507293755,-0.0478857605187088,0.2111771903478694,0.7808931019879275,0.8754680100570937
quadratic,-7.339994120225152,-4.536745596480312,-1.9365843305493016,-0.3935415199360502,0.8018524338341835,1.5140763038465583,1.7519187656169877,2.1275260426847105,1.4789365181404857,0.5365539477015997
quadratic,0.2010773163274447,-1.0788181594499142,-1.936734488553684,-1.51324367368179,-1.30480263558907,-0.4146557186492162,0.657295653151732,2.8211674804199,4.833568693382614,8.164308766174509
quadratic,3.5155064233016646,2.110377922072606,1.3909347331552913,1.2603085432559795,1.3347782091935363,2.2339852185084603,3.5270532589223547,5.501450567576733,8.145123381238514,11.207317519761638
quadratic,8.783663731246614,6.597210823061352,4.902149179886772,3.6561884487007066,2.4849541066731926,1.790637013183631,1.3134853161644626,1.3216294428051838,1.5066719548219578,2.2362184291846927
quadratic,-4.345502678841482,-2.200632139161549,-0.4364636589008676,1.052556640026535,1.7822029533255532,2.4101581540619863,2.330309999576437,2.093055737032189,1.314249480138119,0.0259572594717237
quadratic,-9.794174954519452,-6.849476216595221,-4.96343932896969,-2.9229279502563066,-1.811943700756708,-0.7282634517935711,-0.4294344821421463,-0.6481476951746903,-1.0601877369834274,-2.107638776575618
quadratic,6.356014890298916,4.429956895398985,2.305871853171355,1.2251497761480596,-0.2965984361439714,-0.8133053768919972,-1.1135230084356351,-1.248099162935335,-1.237621967148104,-0.4752287462830352
quadratic,-6.360291121263383,-4.560751486801068,-2.926862657488956,-1.8767026655921997,-1.1091761957825397,-0.9488926213431768,-1.179321669567008,-2.0281393997447945,-3.2662208896866654,-4.763884526930486
quadratic,-2.42728103888337,-1.7991753736897782,-1.3250954390036809,-0.986875012460106,-0.5782366428246273,-0.1411722580358958,0.0287780632588595,0.0789742518247642,0.3033735106525581,0.2701298740344049
quadratic,4.0199014896998335,2.781696775735753,2.2632291463143024,1.6392261324047364,1.4926455310170008,2.971674432827293,3.5769377349196185,6.009659958703683,8.63691460466157,11.405218877881817
quadratic,5.424570792288817,3.9268914196748095,3.0593746941532647,2.2442439616139085,2.079583392219478,2.049527060843249,2.3983702600468697,3.2908309961636397,4.446361381277836,5.931160029763641
quadratic,3.0631490829934447,1.5296880493315774,0.0334082035985753,-1.2640462807453836,-2.074106802218086,-2.56482753870125,-3.511872870673057,-3.935694684804509,-4.210254567120085,-4.029330309153185
quadratic,-4.1839455659307205,-2.195966511584972,-0.2224608758012986,0.1150639538255597,-0.3741859666154297,-1.231566378227679,-2.569545798450485,-4.829893342353378,-7.984568040015446,-11.39733599384502
quadratic,4.828057742020937,4.209716047317132,3.680029140891277,3.3114460749690937,3.048714785179536,2.9103774336771444,2.969733224763515,3.0383692940437483,3.2288440062684103,3.633602243807791
quadratic,4.110530566351173,3.388366133357273,2.86141890495017,2.6539179400749724,2.661371930628451,2.952937539922727,3.4816794786053658,4.401243252857022,5.51876177918786,6.822090691332962
quadratic,-6.23768399532712,-3.7557173266496657,-2.0718365713738893,-0.7941755195278724,-0.594911166932661,-0.7302196694324989,-2.1948182306471304,-4.493551407333868,-7.048773225763846,-10.707240116392702
quadratic,0.4845626230096705,0.3253151133844791,0.3442212001305794,0.4489345327212588,0.7001403705326147,1.0246813849998817,1.4926907927822646,2.1204517226708743,2.807270232220087,3.696520866385795
quadratic,-1.1196925725454965,-1.235777391128689,-1.4346686203728647,-1.5717608464038766,-1.8429722195777127,-2.1794060498269743,-2.403488360118017,-2.8301315829206017,-3.2750439423598205,-3.707429568086797
quadratic,10.620220822693303,7.450107252200024,5.1288001832877175,3.658131855862913,2.9172037392834995,2.463585639204081,3.53060619695149,5.132103812163825,6.829474399535899,9.675998236922302
quadratic,4.638604765837153,3.047098048770027,1.705151756975978,0.8083932354162796,0.0955524026750418,-0.3445761940245175,-0.4673227353621617,-0.1851245510186744,0.4106311505767417,1.245085582804
quadratic,-8.799167376346027,-5.358650976697854,-1.4526748762970425,0.1111777276640909,1.7319333663261998,2.556714046645232,2.28500027968744,1.5932119089575187,0.0297506163261842,-2.5207900794858134
quadratic,7.346852645384002,4.167239326756103,1.9365631501740632,0.448597243719198,-0.3618051581099383,-1.1184864925471911,-0.97784174424451,-0.2521671384046325,1.008391752481527,3.20751410887914
quadratic,-0.2015074490884529,0.803326111091257,1.301423724194481,1.1381353739638829,0.8635574140975447,0.0542702785998275,-1.382249345335512,-2.9041354943490845,-5.19145969019557,-7.445898639526764
quadratic,7.7976295011204435,5.007104297941877,2.460086229997513,0.976407091996024,-0.2789548190866365,-0.8051257668813051,-0.2905415297804588,0.8036521555110485,2.5573012942756344,4.736447234835841
quadratic,-6.04659357524702,-3.754005763206588,-2.0698150785143894,-0.8279268466763029,-0.303156876142626,-0.5464581013367239,-1.153557925032862,-2.453169105185139,-4.511744883022962,-7.264382173179801
quadratic,7.462294399968048,4.30355388259111,2.080006769007825,1.5390022340043463,1.698431523257142,2.152335118827441,3.188064237146155,5.236447003066103,8.352038863349769,11.77204258252202
quadratic,2.561674858243736,1.7559793427251558,1.3461782049041229,1.25226614291057,1.4672098218515628,1.9228291766829804,2.900378356467048,4.224352162134681,6.192962252265249,7.665664858236652
quadratic,-8.272436423701574,-6.039623957851997,-4.202073626492436,-2.867927797218452,-2.1787621590335307,-2.107406251500849,-2.362315223159786,-3.114089408088822,-4.36325958794404,-6.225369119144891
quadratic,3.702926319320125,3.160419033073522,2.79235095952429,2.300103128578033,1.82280307904932,1.354637045848495,0.6570044666290459,0.0629148294634511,-0.680676079355919,-1.379753129364707
quadratic,-6.817727197194267,-4.741443438539254,-3.396087306309751,-2.658361343236165,-2.158412449586483,-3.031944326486019,-3.849230529893142,-5.587483239887102,-8.245591356430836,-11.098051357966236
quadratic,8.044006159627035,5.979015066320471,3.9561307026362953,2.914284262497436,2.40666789504695,2.6911471491491925,3.9561036513178367,5.224790168597134,7.834360881370374,10.739349538271512
quadratic,-13.041397200730817,-9.163949000758112,-6.244713407667008,-4.208294196114812,-2.257725466588357,-1.6829428122686596,-1.4311390642563908,-1.9514981198791852,-3.0209953464262624,-4.637697717898562
quadratic,5.210355492415915,2.969207836645907,1.236732168099475,0.3100042103576096,0.2857088960310189,0.7329112546192358,2.539827181300114,4.608791445392211,7.700099885540303,11.833123882516253
quadratic,-4.3234713497339,-2.061855591613396,-0.4508145498556343,0.7692296527133821,1.3762233188762745,1.6607388276427169,1.4783098417905096,0.7289203750576363,-0.6017438456200537,-2.2932253121381287
quadratic,-6.971856681618394,-4.391425055198903,-2.152229811627128,-0.6119435788823334,0.5009903171066385,0.6570810037803237,0.4220590572717952,-0.448891061703318,-1.9208789586821096,-3.7529131620136034
quadratic,-4.239429945298895,-3.403038551724345,-2.8801924942148127,-2.546757796468447,-2.31453825411314,-2.40229987898127,-2.40052956020622,-2.7842398571631537,-3.365838649629423,-4.039364008170393
quadratic,2.029927179774451,2.191409860082969,1.6984303293820169,1.2437379491681866,0.8256306845181394,-0.097870163595192,-1.3829976487996054,-2.5157302218924427,-3.879217565748526,-5.409416246701296
quadratic,2.273484342604504,1.1825319781798935,-0.4349396463941846,-1.364130783003622,-1.8517960434853564,-2.819633765730283,-3.2690344818746584,-3.602798516051958,-3.277114444858634,-3.439798185219012
quadratic,-5.3639877780230165,-3.490522031012426,-2.0800647682554034,-0.7495086884600369,-0.5729122876634265,-0.5901735524464036,-1.2134084754329832,-2.5189524704138107,-4.707984798329486,-6.673186399699844
quadratic,2.960374449066572,1.6355522371867848,0.7724471594312964,0.0558067800434749,-0.4072037773590055,-0.9333334365956384,-0.8503382897485595,-0.8270425447911947,-0.6799348836917518,-0.2578769502483774
quadratic,3.804201138937771,1.463989208994885,-0.1559449032021455,-1.3915632580354211,-1.8813992514619176,-1.7566510942636837,-1.2271135085417089,-0.0248876942123408,1.771978331948015,3.960209886932849
quadratic,-7.35934418440347,-5.221708181850356,-3.914890148004869,-2.9539875996139267,-2.6637435354492167,-2.777898792370737,-3.6189454401161214,-4.696581157601178,-6.505829458197447,-9.031236922083355
quadratic,9.370649202299488,7.322359842009216,5.5538189885479845,4.3380076354546935,3.372519051644573,2.6531048057472826,2.307853054938257,2.269464110557297,2.560722199427899,3.2916974292786656
quadratic,7.747532683763414,4.773953524837404,2.902455536409829,1.3935904500566283,0.6001684480903121,0.4469252549543849,0.2010279468511724,1.3141256254892482,2.347487108847109,4.613076320218725
quadratic,0.0372157199795534,-0.0072366775869971,-0.3537558525703285,-0.98190510157352,-1.5507181912251289,-2.580245237072605,-3.4803581533800343,-4.646413821999073,-6.046544696659383,-7.650013463921941
quadratic,2.6682933041680266,1.855432666105002,1.2580031516244277,0.9993680264099448,1.6426635892686214,1.8500103012766576,2.8623213706657458,4.281728955867189,6.042557677316785,8.572652635419455
quadratic,2.4261245646309533,1.954515135443244,1.4484234083141632,0.6927518615574174,0.1104994156805629,-0.7380942023569828,-1.5653807112807887,-2.2666643006186558,-3.355916613346978,-4.261305285332805
quadratic,5.260837257830514,2.7857810216611085,1.482002432190644,0.4639673868540469,-0.0616207418385705,0.2915050442338533,0.649502002103141,2.378127768845037,4.223251194677318,7.49067207887773
quadratic,-0.0566175452126243,0.3114598924928451,0.8874409029634958,1.4155367147593318,1.947807263670352,2.455353866874304,3.0832949582728686,3.743594829204282,4.4467830785202365,5.187774147906224
quadratic,6.272961634402791,3.5276692444915225,1.6804782617310652,0.7646671821910559,-0.3030051206924932,-1.8142382973430664,-2.064461186401326,-2.4141931035754856,-2.2971282312043897,-1.760995696135165
quadratic,7.0763881920385305,4.326020655055697,1.898573499081108,0.1551998463827422,-0.9453620900292626,-1.5554608461086346,-1.4668755341168416,-1.0231826266494015,0.1132652308408193,1.962891738196103
quadratic,4.617595078234922,3.1807774566483027,2.376513239326245,1.2205601639112784,0.7339141014391177,0.0491403720719858,-0.2412779835271306,-0.4356383020778068,-0.6947950112214617,-0.2040977142654378
quadratic,-3.4618414967298383,-1.502512625130734,-0.4960798876858098,0.1969691990094887,0.2221774355647345,-0.5400852283621277,-1.617602170549155,-3.648315689282862,-5.1729481042288015,-9.01439443678559
quadratic,5.972234814089296,4.422402949704417,3.636611737545864,2.7121825153308023,2.3098644871345893,1.824812116887735,2.0383844971829004,2.2920583286073133,2.9701779162428155,3.818856122198889
quadratic,-6.238802110906671,-4.326797181318527,-3.004798020557059,-2.187079012212241,-1.482603204105989,-1.0859155455069942,-1.5249975002103342,-2.821340360448807,-3.67309169454265,-5.211066281897639
quadratic,-0.7691008959232852,-0.4776262689838647,-0.9279528769860608,-1.4423336087156111,-1.5790505034624047,-2.6545003888733323,-3.2284981606020944,-4.102115790253376,-4.633493434681715,-6.243656264337231
quadratic,11.96039510445103,7.932923101072453,4.643455223700555,2.15213654656199,0.8839624532311662,-0.1577429854874195,-0.209000166153664,0.5859912320477391,2.029567394315532,4.45368820998839
quadratic,-7.258440966889021,-4.586439335166265,-2.850770910396957,-1.927568954718209,-1.7147240503347454,-2.2075461186231475,-3.4588776447538128,-5.750235860557648,-8.554656888486415,-12.129954256011064
quadratic,0.893334903354236,0.7888585882283576,0.8636545905901003,0.9230178920359604,1.3132606331804335,1.8504632955302496,2.478004144514895,3.141508356221812,3.829883623442056,4.925429680083048
quadratic,5.819618005935076,4.768411889006569,3.836213687558797,3.185373710538435,2.748530983583789,2.5792136159211725,2.6427581882329103,2.870625405693627,3.428305201990888,4.326959601116577
quadratic,11.335788991106863,7.927521001929175,5.007898883738678,2.8661838859072715,1.255109945022073,0.4776943375912578,0.3002154351280955,0.6216229990224241,1.4742477921757096,3.4995671256881278
quadratic,-8.751327167774125,-6.852482132274803,-5.579035244409491,-3.649448915944036,-2.772555465845387,-2.1782921627508465,-1.969780004369437,-1.964455653936773,-2.553367396528394,-3.7465245476405618
quadratic,3.3892340175363427,2.703530712531656,2.3922617305754184,1.7873172493309986,1.234585735318134,0.5671195121334454,-0.0143816007437356,-0.6181422617404715,-1.3090063310635862,-2.186838795181078
quadratic,-9.297042481358796,-6.437292820889391,-4.045722947095227,-2.4016430156744413,-1.3269332402686869,-0.5784362453601577,-0.6426298915702973,-1.4802448118981444,-2.636359285077754,-4.245294965758369
quadratic,-7.32638822528625,-3.898995488268915,-1.858186117450092,0.3016687531833625,1.0387029470842633,0.9647920778925,0.7194602134142982,-0.3030275995926931,-2.8335723406185385,-5.466323755362022
quadratic,-5.75050790100131,-4.609375853374567,-3.778563300897946,-2.844535463682577,-2.0071184879284303,-1.3910255967752576,-0.810430522826985,-0.3575766045466583,0.0187426347652306,0.2648865940121951
quadratic,-2.427655963524507,-0.2275376598835436,1.3778222153496529,2.1594926587641896,2.268422223523429,2.019350512265172,1.0770368234662524,-0.8771025316224642,-3.457937550148867,-6.479529758675717
quadratic,2.790267144347794,1.2627854848847968,0.1690175321285738,-0.5861559506593982,-1.0355971658642042,-0.9962226704196034,-0.5812939458760903,0.2760326010472882,1.4452724965394164,3.0301388801711098
quadratic,-2.5860317050606585,-0.9462563696571892,0.2670740100244667,0.5533638392749939,0.6912975315631481,-0.0764082618434158,-1.1946848337864868,-2.6469475226106023,-5.0060179690672095,-7.488336831359174
quadratic,2.84088678810791,2.489281615184373,2.063901448129932,1.8323035348885912,1.618553702863046,1.496564028499983,1.4395095268548437,1.4353172265674468,1.5757720831685142,1.7185980353393262
quadratic,-5.409982512034244,-4.13580730723086,-2.846045053637865,-2.144364323623257,-1.5860424222420664,-1.439589141771221,-1.581835303644699,-1.902619382655795,-2.6249856118156667,-3.7973037321721215
quadratic,4.148162268334416,1.5753172299872418,-0.4323530418283302,-1.1732390146701477,-1.2241929386429198,-1.4182156623981412,-0.2902161434516178,1.315981987312882,3.302233326069969,6.169742665001014
quadratic,0.6675555926121364,0.929084442054877,1.2602539007413658,0.6287141068120239,0.4169445986514041,-0.5838278897111666,-1.4054883634166382,-3.160032481291636,-4.543600515474038,-6.491200948201024
quadratic,-1.2334196292277513,-0.151583712390818,0.8869412732782926,1.642007082596202,2.2156787235620063,2.5400465246229857,3.068035164851096,2.9526988296421828,3.0945284643535778,2.6588291079402486
quadratic,8.0029158974085,5.887329910288828,4.4070413822450165,3.130995624876953,2.151176303526888,1.527673975778089,1.2896975841467606,1.3524621771666958,1.4199552614535456,2.3107236341918185
quadratic,-0.5649069282317275,0.6528508554456587,1.1601446553807735,1.4466629319719135,1.6433488882965137,1.1953018822336952,0.4748277054678436,-0.7016670808002767,-2.237903838749632,-4.040397397304827
quadratic,0.5078092484843303,0.0350501887032159,-0.3855184407313362,-0.772350685024503,-1.1660444969629866,-1.4537284678436615,-1.7249833400840944,-2.0884993354933665,-2.1341127007342418,-2.3134564007875404
quadratic,3.446419388716212,2.771443576676769,2.440278859777359,2.2108261299237872,1.5495984004397425,0.9720936688122456,0.6657478999169256,0.0505523754994973,-0.6479584042200227,-1.338401540989166
quadratic,10.574246635672155,7.704372163082775,5.527567146797513,3.934209778740001,2.8513547089456472,2.5599428183989903,2.579394415406445,3.3258535193916923,4.98257017249957,6.938829909700211
quadratic,-2.9873599330080243,-1.397469345899688,-0.2720092911057756,0.4385943561836386,0.1997206935577118,-0.993954375510408,-1.733718625509704,-3.6509135197229967,-6.0680810824304405,-8.985664594430984
quadratic,4.172051033661676,2.480230268341351,1.3774415255959982,0.4562040955074292,0.02399762909481,0.2635583648400619,0.9845820593667768,1.735076640590448,3.1247853202002056,4.636245936600484
quadratic,0.3189895494377712,-0.6917324891525732,-1.3591175037215406,-1.798487337858314,-2.074494501772961,-2.0744273078113955,-1.7783420484323946,-1.2224250920504216,-0.5332956519230706,0.5455213782561587
quadratic,0.4308478850123848,1.0306238876069094,1.6433527120321132,2.139747088141005,2.481003655075668,2.6983146062827705,2.86339318112808,2.9387954359138524,2.922139696199076,2.784591997761864
quadratic,-3.203631186704807,-1.3326478999436588,0.204765325807185,1.2718680837801295,1.9619388520994872,2.074873553415842,1.7144948286726291,0.9525176711907192,-0.3186757162324188,-1.9856160918414067
quadratic,-3.481942373250946,-1.958052861345316,-1.0609189958255107,-0.6899356249149309,-0.4663960461833639,-0.9411983966902208,-1.6484511501196772,-2.895499594786858,-4.56267344827682,-6.679917804634115
quadratic,-8.183170420383421,-6.20193461806767,-4.8068321325874415,-3.8756801136570656,-3.070984236174486,-2.613458218644305,-2.8389003435844264,-3.2017202235956663,-3.8510928184510185,-4.75003821650776
quadratic,-2.6114301879460653,-1.2717695334792252,-0.1092826987987023,0.6301113389350842,1.455739326709289,1.9382134897508123,1.9539110192545144,1.9306141300322623,1.4666233811728533,0.728068039495544
quadratic,3.3073768244312034,0.9798537709285836,-0.8923713303554748,-2.0983558511492686,-2.553346112398733,-2.175571139343868,-1.1322524939225052,0.4247415558484055,2.8134794630303475,5.762621744126011
quadratic,-0.8140852525888562,0.6408347351915424,1.8260839320719344,2.503318395779725,2.815745620944231,2.618073033589754,2.02024129488718,0.9192096355135304,-0.871155447624818,-2.735351884263869
quadratic,-4.731651648157713,-2.6302265297203067,-1.1511194317449267,-0.1977267276846837,0.178805557109994,-0.0924190607160012,-1.0476998110619116,-2.1837388951584065,-4.243866578055007,-6.805015520311713
quadratic,-1.7482736262409095,-0.4139843655005006,0.5175178937335623,0.6750651797345302,0.5811887326664634,-0.1742244622820662,-1.1228627138305702,-2.529856147850069,-4.5496040519117935,-6.844530911224382
quadratic,2.829521656322035,2.496285176104332,2.3231770812522887,2.229839914925493,2.2289347642720028,2.355526768817045,2.5819680097086493,2.9082987281965247,3.315163629395555,3.877019994499296
quadratic,5.006341306335782,2.8680689095379326,1.5153837335278542,0.4098100953028274,-0.2432328945870303,-0.6214350187332364,-0.1554526524642837,0.0373361103058839,1.4938092941013354,2.79055457504133
quadratic,-7.848684481206363,-5.307466320564641,-3.741050835566309,-1.8324076691947475,-0.8405638694684846,-0.0271086420883462,0.8595645263974049,0.4932605514472394,-0.6648948045043583,-1.2476283659924496
quadratic,12.07700650516962,8.660065777735044,6.189611463955773,4.108560598029427,2.5562439128024006,1.9076475138878453,2.1803363105078657,3.240736593862173,4.52017633689455,7.202478349266137
quadratic,-4.298557334668233,-2.3316434060567484,-1.5496001813535507,-0.1737874436010934,0.1897299601149924,0.4894171173250483,0.4897050324351621,-0.0197119198571604,-1.0190986185699644,-1.971758930916617
quadratic,0.5699706814453436,1.1432499250103278,1.734155855729793,2.1574601021376423,2.7107198936504324,3.1495687726651087,3.496237610575215,3.939389282262174,4.194650655312088,4.437097111865239
quadratic,-5.266435530461146,-3.7858863590120655,-2.7805699695107933,-1.916036099877397,-1.4177601707478988,-1.39032963315227,-1.824347210238402,-2.4262236296633204,-3.69693015999202,-5.137974854804937
quadratic,-4.500876207840459,-2.3964046350307195,-0.1033946656211737,0.737856114345263,1.4083686556956645,1.754732915276626,1.3892455787237097,0.3890032092266102,-0.4882446188523421,-2.889774998159308
quadratic,-8.294716923385485,-5.137610513996256,-3.0209593270659223,-1.3138928955853035,-0.2567258173017231,0.1790119093518256,-0.3436391134738562,-1.3359698530195363,-3.1072082276527024,-5.420031627211183
quadratic,-0.477762032474092,-0.4370794839694047,-0.451475917338586,-0.5180590479069817,-0.6164048715596299,-0.7413007574557187,-0.9069139674134722,-1.1367804137310582,-1.388281873445521,-1.709678895803941
quadratic,-1.2998201494732176,-0.684921247027879,-0.2274818077872737,0.2231006186612749,0.4925496402115421,0.5702559938950607,0.6664308596463073,0.4653500924613634,0.2314427136907652,-0.0852885907016298
quadratic,2.8500605539795294,3.213592400694663,3.202633594706443,2.8937171786735587,2.417185216096583,1.959108355890095,1.5163157260995928,0.5442568499633857,-0.5666096548061643,-1.6327056063339105
quadratic,-6.155679077019549,-4.672516748684421,-3.528646800751926,-3.0366009615035607,-2.480191910563981,-3.720751994659316,-4.213561505342035,-6.665312297541439,-8.590479513189317,-12.119161206650636
quadratic,3.9602944434229537,3.3587330361411234,2.985433555667356,2.795299538723503,2.785256319732414,2.9477562790395515,3.370195801294701,3.989998092099336,4.754374389305379,5.733703992886184
quadratic,-5.93558904088988,-4.079470234373032,-2.319622010997829,-1.1553842388049835,0.0312229410343253,0.9004813956192701,1.2507265841354651,1.6256104111685084,1.514399923822423,1.4820492692366338
quadratic,-10.165726048091187,-6.6064878482976415,-4.20811079242194,-1.688341553749834,-0.6356772213574918,0.1815423415260275,0.2558243110337849,-0.4993348394320705,-2.1996313187010124,-4.830583321141929
quadratic,2.57680665121719,0.5574333389638229,-0.5302166875669307,-1.2334856118037254,-1.2049782126007882,-0.6889827162438449,0.7198042448366111,2.3342229475671368,4.742617175774656,7.59755679393887
quadratic,-3.832896476241753,-2.9001438086627,-2.289831779259753,-1.5564244600146109,-1.109644207795582,-0.770608642606808,-0.4524760093764045,-0.1580094683571091,-0.236966410033398,-0.5846698665492731
quadratic,-2.587348420858916,-2.0698379034373224,-1.503641648224072,-0.9929945385127183,-0.2500628402014786,0.451158630803145,1.246440232819818,2.4135447827087324,3.566374460778996,4.282946911577553
quadratic,-0.6793918287302249,-1.2393271502009084,-1.6992362367501097,-1.3813394967679231,-1.2447840499573035,-0.5577489298836849,0.0682357148975038,1.1554693794749995,2.365026024084809,3.928624423220381
quadratic,5.04910674032831,4.671958264375147,4.493415619901747,3.8619291995389418,3.198533891222807,2.404261200716462,1.3752550422006935,0.2957033728278156,-1.1186522355802369,-2.4630439102806463
quadratic,7.137529896071283,3.726152581203921,1.040751845344485,-0.939577413737186,-2.4629999879239555,-3.3254361810650703,-3.669497890310677,-3.205883871542724,-1.7802124466318066,-0.4759848945566129
quadratic,3.61321442279732,1.4602229062829013,-0.2717650818673292,-1.5071248151066308,-2.1977839107207493,-2.2395650875212403,-1.7335225748755254,-0.5541447000704145,1.0726612162115932,3.1461698285386386
quadratic,-4.23872564688214,-3.260237777118169,-2.437119273252049,-2.179094025490108,-1.9318087528336976,-2.5425913583006325,-4.158002835528469,-5.958804235289054,-8.246145570464213,-10.825501978035014
quadratic,1.926399651377084,1.2864410207383012,0.690557936181,0.1483820093879201,-0.2521287846316325,-0.8485982019790177,-1.0000261855735633,-1.4172288546375011,-1.6537171551511929,-1.8610096702486407
quadratic,7.118651958559372,4.303245458655871,2.562915471690013,0.8631141250344917,0.62521068634542,1.0100269463943343,1.634227699355597,3.0539701664400445,5.292700947248928,7.824914671808731
quadratic,-0.1241655392816111,0.2572524653336744,0.6259300631435206,0.8383295673308137,0.9478631831753752,1.0566757723154143,1.09585466333317,1.021067525898283,0.8876955027452837,0.7554599476628018
quadratic,-3.804027808735273,-1.8131119784406644,-0.0931147847827424,1.279938411034229,2.304335821284208,2.8319693402749,3.652243832989132,3.685740603134208,3.3090476600128285,2.96652970938863
quadratic,-11.352427359386825,-7.813227934594858,-4.713454677108787,-2.7180189653915163,-1.291769548023968,-0.493192716673832,-0.6521303251023662,-1.356412751949991,-2.7140354751060807,-5.075324407618947
quadratic,9.339980433983532,5.84460831266296,3.8710471854198367,1.8596874347818144,1.0351400446235035,-0.0422374465901324,0.2815146743104535,1.725923811134801,2.884016213042076,4.687840380482832
quadratic,9.974816672587082,7.02252044939643,5.344307117389274,3.6071826352880016,3.0430679609044877,2.8450901349775157,3.930211461602395,5.645744630263164,7.860199989774402,10.909129068436888
quadratic,5.055928725528342,3.50173199402577,2.076791929331499,1.7533804355821982,1.96109660493046,2.9613199273674207,4.4688362370782135,6.389799373489988,9.257351963419268,12.24619227344974
quadratic,-2.7529233396138326,-1.975085947278484,-1.1958807944449834,-0.8567424151346081,-1.0464330442522267,-1.1468938316251618,-1.9909637615217572,-2.852255801791908,-4.077408855865615,-5.772292596929725
quadratic,1.9704999370647969,1.5989160496498918,0.8874415018006219,0.308459448982091,-0.1440779592854351,-0.4217015393019394,-0.9166208891805148,-1.3301148295433725,-1.4832636493975,-1.8396526957951995
quadratic,4.327840272830326,2.8760412823359465,1.91177346609608,1.8498605603601683,1.8001271296919652,2.2917911305376504,3.049370180841551,4.753367348257289,6.958808638949143,9.749353164210218
quadratic,-6.955970759068587,-4.744680629706262,-3.5430552931154207,-2.7384366277653758,-2.7182372205196788,-3.312698008877207,-4.4360209533869766,-6.314955337431137,-8.894657540140699,-11.988417342660854
quadratic,1.7253643300445445,1.4283947024839088,1.550768195981823,1.5924353288420063,1.990472867992543,2.949324418227272,3.880289733145914,5.283038210745061,6.819287626587831,8.88347706333754
quadratic,8.789052608805482,6.382421159673414,5.079093862820256,3.551766678974298,3.083108170549223,3.3495908806101165,3.3216611816073507,4.390403681167639,6.168361100367967,8.62235842757929
quadratic,2.8974069193638474,2.4430081571667346,2.031104155974928,1.4909044142298358,0.9024558184269555,0.2898806887129913,-0.3005831198783358,-0.9328005073701662,-1.6198920253929592,-2.4700061648453557
quadratic,3.25372048539585,2.7513602735606884,2.318399008543031,2.1535937196467194,1.7965443472032765,1.7001621345656082,1.5874379559513865,1.3187551733737837,1.418370761379711,1.4921653453635204
quadratic,0.2947974372264872,-0.2710910031785982,-0.8270196521787736,-0.5927445520429486,-0.1921222173246061,0.3327800570567437,1.202513076451086,2.310659743259279,3.687191126807768,5.508021095312023
quadratic,9.385016664415607,5.847899383076325,3.007807475820604,1.4389413932898214,-0.0255137031938322,-0.7218752264516486,-1.2828217114853255,-0.167532939593695,0.63887812509022,2.071590999771767
quadratic,4.363693291694113,2.9293048619493325,0.9753412550081058,-0.0050977720686866,-1.4753112103499513,-2.0854386206290547,-2.408848960701132,-2.626928032585107,-2.4546175699626134,-2.3843275361530267
quadratic,-0.4209219316826497,-1.201573815357388,-1.6269095995578466,-1.715409289632952,-1.273226971658211,-0.4374992057802184,0.7439130040216673,2.503091349043294,4.465181205232958,6.817642980493484
quadratic,6.692301586923558,4.498902471990502,2.719946509018776,1.450023485198067,0.7864578290042277,0.6360932682653744,0.954566087813001,2.015073005414567,3.232250750193024,5.046753170100667
quadratic,-9.756316065857035,-6.410490022236425,-4.431538032103785,-2.782344704610107,-1.8432670451620656,-1.458406232226241,-1.630843233472662,-2.089167165264532,-3.028475198589435,-5.1771917173249
quadratic,-0.6871765320259635,-0.7047424506756959,-0.6140509930335654,-0.3123732367987836,-0.14062338097672,0.5092331818702052,1.3870856843945063,2.2512536841310293,3.459819911911912,4.705802367963787
quadratic,2.9761229486640595,2.435338066992055,1.965896756298104,1.7907628652971774,1.570074093834771,1.4478413928663407,1.5579025235852992,1.6275596735286932,1.8427231804704125,2.346803241021969
quadratic,-2.9868469440832355,-2.310968071518392,-1.8810407141992396,-1.8906814324284695,-1.872172481094076,-2.4904577707297206,-2.774838843256229,-4.090140229163156,-5.177550917010239,-6.794543296397015
quadratic,6.735663890113816,4.55915936689278,2.9926116924484547,2.03670767274242,1.3081077062848672,0.7964441620772572,1.106741609015282,1.9811023643833188,3.1379916932449423,4.576630937874535
quadratic,-3.2784225673450167,-1.7897300459015366,-0.508003836509705,0.7110215593683721,1.6747801401239872,2.436142400395963,3.1314783823087167,3.92173036078932,4.334785653009393,4.616264458625539
quadratic,-7.752467798000061,-4.347167552249242,-2.0088238326038885,-0.4022484515639103,0.5819729284833203,0.6692744139165687,0.5496172127803184,-0.6408552540765123,-2.641365820805468,-5.328990931336266
quadratic,-8.96210601435619,-6.624682948623424,-5.035461790109316,-3.725478368727128,-3.515377814025513,-3.081587681465869,-3.1198376012000253,-3.526620142098602,-4.527151460221844,-6.52911039679475
quadratic,3.08223509591365,1.558288113152333,1.0806155078750304,0.4713027881116545,0.1449729096038071,0.4806067747344962,1.0661744216782143,1.812356769869339,3.1133709735606887,4.624402210988567
quadratic,-10.12159809856171,-7.25372050977519,-4.7970450511403895,-3.098273943333659,-2.082884668532349,-1.5833216607764746,-1.7676095961393676,-2.4646219894369814,-4.00829238304409,-6.048180585891857
quadratic,7.0698326486296885,4.552668022032835,2.8403335699740957,1.511938100750994,0.3563326917731004,-0.2195818068869139,-0.4921291933289782,-1.1861894042653771,-0.4827724380699751,0.3206097612403851
quadratic,-3.02598540443457,-2.9514596544045983,-2.404192193787084,-1.5793208037447142,-0.6785632674136223,-0.1359066858383222,0.5784143218396873,1.2715579573447138,2.8722032651444,3.679101882834389
quadratic,6.9496706690276095,3.626202517579314,1.509471223058144,-0.151556060419801,-0.5097480227549378,-1.2308862093007271,-0.1309750013271498,1.4198390911898453,3.535584913294684,6.851979954801884
quadratic,2.079895240806527,2.547677154734889,2.4957845753654637,2.167557901978598,1.632129754665729,0.5008082023150369,-0.4576552721341927,-1.9011826857850231,-3.794001449171413,-5.58137028674514
quadratic,5.108371401414533,4.250944691335544,3.407597207097968,2.7598445012067723,2.0235352200598893,1.2688224887430173,0.6710942686164667,0.1125398225895603,-0.4810437542779775,-0.9913155340646272
quadratic,-7.520813455468186,-5.661322627664308,-4.361368923836944,-3.3665527273187337,-2.5770586737087475,-2.4373230464260525,-2.630208943080196,-3.311049127569641,-4.219466679794355,-5.483351500383225
cubic,-5.543117677065733,-2.5379200026740496,-1.302706324065858,-0.7814041445016041,-0.1350758684411137,1.130838172530612,1.6392768943433094,4.493520970402048,8.704675681980056,16.484667181089325
cubic,11.751195121508015,5.396687256640805,0.8359627299637209,0.545195853161534,-0.190291741255958,0.6387410884935243,0.3831716802120445,-1.520119217168675,-3.240209045638544,-8.18257315829863
cubic,8.633192359932817,4.834124826973095,2.347003071965576,1.1733753332474577,0.9596800796575842,1.136753186897253,1.3543418621841556,1.536318252372876,0.3176348549456811,-1.409042959039144
cubic,16.11561920883141,9.084027955697769,6.363332752210184,4.253400679363602,3.768000428796762,2.938703442430133,2.3971807045813027,1.399398275444515,-2.166140433840547,-7.166703884360167
cubic,-12.159850717037347,-7.850539003778621,-5.450085512419353,-3.73822785598851,-3.0124516543453206,-2.7687324996330824,-2.7276205971145915,-2.622068205651503,-2.1258972072733857,-1.1846191852356145
cubic,8.472955725519139,6.567928504261976,4.798929499808471,2.9979934473238123,1.7836605907783367,0.9906931518187831,1.0086793067266198,1.8583685753217771,4.903394454357504,8.759357682149806
cubic,-19.840821916918053,-11.250466582646125,-4.802860826669464,-2.903371018625667,-1.359722538288564,-1.4655125308887935,-0.4233047271893368,-0.5444346237796809,1.2206003916092738,4.82017636506966
cubic,-6.312103322714789,-3.1531649110521918,-1.1894006950758398,0.5560459911704704,1.1523471911903818,1.5962970815319748,0.8496831096540723,-0.404977349386079,-1.4487687949755887,-3.0012620862849677
cubic,7.290665190914051,1.640918745490873,-0.6690256635294487,-1.555766287802273,-1.5764641862305837,-0.8160324782516275,-0.0481939946516774,-0.6153531264316527,-2.5196291503152444,-7.054799831161248
cubic,5.619764777374972,2.6012201596167346,0.6972092843189016,0.1107511136395984,-0.0263342229723394,0.4745418063864498,2.032046130252588,3.402907312859229,5.310659032099743,7.333073361764448
cubic,-13.021733165637189,-6.922400131921096,-2.761737798019062,-2.2145360560688028,-2.158993231223192,-1.6772163261436073,1.2978982488984443,3.6082720843897023,9.966171444333598,19.97514130679865
cubic,-6.633502251028283,-4.438555103900468,-2.842179525438168,-2.2466065320398125,-2.999258955572694,-2.5567897966517177,-2.743050786934912,-1.3127560564120038,1.489584706225767,6.180265265710507
cubic,10.97387821693207,5.333455049681882,2.0883187356268538,0.29967990106653,-0.0152879478944232,0.5556417129475005,1.6041559891773158,2.3630027905124487,3.659005307198522,4.027368148115134
cubic,7.917628308375792,5.57461604577106,3.9150511413693194,2.640035109351152,2.1125739131359267,2.055631791875668,2.2350068067858686,2.95801726683721,3.644461884112616,4.793810755708244
cubic,-15.94978908999765,-7.344567604527355,-2.8244365465203383,-1.4027538793852012,1.143897172109673,2.081504519062253,3.4844428239755696,5.1008949319727135,11.427093390499277,18.446496617032025
cubic,1.897108462665004,0.2094888098922196,-0.8282271058569373,-1.0152317225050134,-0.8427494354426469,-0.096631429106492,1.254259615450346,2.947450453589725,5.267093163591372,8.083588965219823
cubic,-10.095079381298696,-5.858013289044186,-2.4240725105116887,-2.228994280034387,-2.7467978726866527,-1.312927874166935,-0.7374899633874641,3.646787298314319,11.07393568279137,22.352403593642627
cubic,1.4550231128391924,0.3034625084352392,0.3019210109242262,0.0862060906840097,-0.2467902422989654,-0.4863443410908921,-1.183828588967094,-2.981385063685568,-6.000550024901071,-10.052853499629412
cubic,4.296974055972601,3.797897858928039,3.178451309909573,2.475943529023186,2.183890857607256,2.0402391076885067,2.2312038407373262,4.157488980338396,7.103572488033905,11.41912658495754
cubic,2.577030431402012,1.8280475880683,1.3403388432680152,1.1373571679248269,1.4972534372137227,1.668176020479378,2.5213236055830084,4.038647116209617,5.481066532559903,7.880842643184218
cubic,-7.364407725257361,-3.376851313854694,-0.5696868662485077,1.055218867767547,1.7821045373365514,2.474169134109484,3.3888837185777323,6.244850556589929,11.31153988481483,19.24010702585765
cubic,-2.0668739919359727,-1.590176469293456,-1.4321121852050465,-1.691924642681639,-2.174326866291354,-2.654030538873187,-3.5561003579307298,-4.5024128021652725,-5.60006675673266,-6.608974634345734
cubic,-6.93221197430487,-3.2247356002123624,-1.668451437149946,-0.4258122625794457,-0.2333233252759901,-0.1669218333849036,0.4044588543264769,1.1425582225679152,2.997811342713198,6.573662465032495
cubic,-3.6192043155666833,-2.123037111152597,-0.938055070382912,0.0415511503727618,0.4349290201579873,0.4957983638310794,-0.1991633326980028,-0.9933712644092912,-2.844111559445934,-5.287431274481323
cubic,-6.822718040038777,-0.6259155556147399,1.810192183489844,1.9806107885370243,2.4684101301047923,0.9642085428608448,2.5391958153549465,5.112249677223174,11.931948639508253,21.783359856721614
cubic,-10.74233982023501,-6.076467174088458,-3.2680353728529865,-2.028866657421605,-1.610657843310306,-1.3182964919048012,-1.473916332182149,-1.4115423882298814,-0.8018930143370244,0.9971062127007256
cubic,2.0521335150516613,1.8803437977828317,1.3690447312695675,1.0590874755105526,0.5977753907493278,0.502204969292466,0.9235312798278468,1.9474275492551447,3.802876779082775,6.143281317429942
cubic,1.363043845570359,1.8532161774196596,1.4522850515744758,0.4670786015770747,0.2087852771753341,-0.0619884074516264,-0.3432376024485759,1.2851882550899525,2.940813755184627,7.679179302004348
cubic,11.629887435048332,6.622406569433141,2.778962230098536,2.4502744289208733,1.321553956576639,2.1159337425529663,0.3233524923489693,-1.190550401115262,-5.633437280920362,-12.31058447634476
cubic,11.120471037931416,4.441020978840339,1.0334308087683053,0.1687398954295228,-0.1223426343051198,0.8145491771351735,0.8969744836333935,-0.4972097510408149,-3.809026868856636,-10.45882773353598
cubic,4.155808432658516,0.7147239359550542,-0.3887883928172864,-0.5249815457848507,-0.0546579495371922,1.0927745690871102,0.7232510197478472,-0.0334425016925449,-3.239888208183726,-8.902808860335444
cubic,8.765049216445671,5.2401430178161466,3.681205484563145,3.189440348807062,2.8789249602934843,2.2601379924121963,1.097665098819627,-1.1597777957582436,-3.973339927434618,-9.031862925334098
cubic,-15.556555352817153,-9.461152239085315,-6.131704040359864,-2.696174496527449,-2.7911847619777355,-1.3616649793528135,-0.5747445809393585,0.5512954035064284,3.880365618717237,8.94924721970525
cubic,5.299317235727716,2.0240998334390885,0.9993430655716644,0.2395368968076494,0.4935209507710875,0.7560600466593935,0.1918907918706996,-0.7722669998333894,-4.621159111742868,-9.898647689747076
cubic,0.4407506016938491,-0.1904949018335448,-0.7670420135771032,-1.5997711174360283,-2.208765810109496,-2.7523259209430435,-3.1386066187857606,-3.098870510537897,-2.799987248376272,-1.7899348810638411
cubic,-0.3948683369290007,1.574922439169435,2.1878081931842006,1.749741807307294,1.1851703600129189,0.6733651129351284,0.397802326264072,1.3488712714351905,3.715463237168909,8.149882641000067
cubic,0.8250344714900887,-0.4439199220977935,-0.975832379919238,-1.1276100567528358,-0.8196936388389886,-0.0368957293124869,0.6298085158188429,1.2210499452692571,1.4887972939983292,1.3834641967845889
cubic,15.151129574973227,7.901222779145349,3.1401623684057944,0.512702431398924,-0.6752690753785633,-1.042903393698804,-0.49922158063259,0.1984954062512156,0.0047280972979522,-1.0813388956788244
cubic,0.4250787454714088,1.347546949553734,1.5197525828705365,0.6722244044693861,-0.3443010453927723,0.2119120623051979,-0.083082438229407,1.8112240601646632,4.881991605962444,10.099219242541448
cubic,8.450636441176131,4.894125569535302,2.3258777401845827,0.706186786196366,-0.2467385323962531,-0.4954370799896011,-0.3879339747749578,0.295646329042167,1.1094883756508296,1.3362204851657955
cubic,-1.094050042251774,2.2220694938171244,3.3887803883365284,3.3295426766090057,3.027435346704531,2.3064409796055614,2.122866115934055,2.687452521463148,4.536411379399798,8.459716823711924
cubic,-5.758120092487555,-2.2732229503624857,2.000879304921259,2.0346369331575014,1.4377618855313772,3.028527893468429,5.239129443097092,8.269325148286354,13.921792804701266,23.96306562191921
cubic,6.096970663874041,2.8217274813206523,0.1539293865034135,-1.0652312897474103,-2.50607216093866,-3.156589038531482,-3.410706525193896,-3.9425667530630553,-4.513368611190072,-5.52731701057167
cubic,-7.145536358326605,-2.730057229051861,0.0866434224691656,1.3124969769252606,1.469411879585107,1.0014848734592516,0.0051462518793835,-1.025153859013788,-1.7164734292280677,-2.0832014487539947
cubic,3.6979604264447152,0.4005950222489636,-2.820138282663045,-3.632210690703281,-2.626054001040942,-2.8158344254947427,-3.2464863838538336,-6.488375416634964,-12.93224468464056,-23.801496800138278
cubic,8.70910630271259,4.409686732999452,1.949083550374468,1.1656884391496491,1.275569418734292,0.8775233379921554,0.198588109031726,-2.626316300209928,-8.472307628737003,-18.85649452642991
cubic,-7.157099139563074,-3.1282646201338338,-0.6559948225234451,0.6069152049801443,0.9434914208315494,0.2339753702802758,-0.6609027126090087,-1.9438060919899884,-3.0040806673171336,-3.1486652520363325
cubic,2.764715318540089,-0.1078153301428134,-0.9645151354582672,-1.0209957410305517,-1.052004873194175,-0.8209789445118958,-1.4626937498628567,-2.82114265391516,-6.52555362532061,-11.361994671192663
cubic,13.251703146104536,6.587029174611967,1.929756691252554,0.0924118920761947,-0.3723573806730993,-1.559875640713037,-1.7403142550381168,-6.797357847829073,-14.179010730909637,-26.2162532300934
cubic,13.413691727372688,6.697999166064402,1.842242701200263,-1.161540450533448,-2.111365671498356,-3.5109422187617256,-4.262137169979516,-4.050144355698809,-5.399502088434001,-11.1985999943869
cubic,-16.378900308691314,-7.738874808698095,-3.413170058334607,-0.9870739990203838,0.95502756213051,1.3982304946090578,2.4488812199652643,4.676922904772133,9.283937456927593,17.978240165303777
cubic,-6.845063772565008,-2.962812493543032,-0.2679236552567392,0.7856689454044794,0.9907904502514862,0.2051237680419792,-1.0769733633274832,-2.6382960566007854,-4.5181737659991805,-6.446045093653228
cubic,18.88608181342373,10.386820433314368,5.693327697008071,3.5647131012316,2.532477204292371,2.9352193865277574,2.077898031161621,-0.2765959702418522,-3.8002706632582206,-10.429194196328275
cubic,-7.854711032259049,-5.189577900826231,-3.550931021030721,-2.8226523148607017,-2.5007564342028457,-3.2784369860567657,-4.947823698134762,-6.883719143273201,-9.562495568987416,-12.744610365581044
cubic,-6.851681357838687,-2.1022598603015434,0.3573359260990245,1.8652328829967892,0.3365237620534388,2.2199091314607813,2.1621662471157848,8.207519528298151,13.322200580878617,26.688951363054397
cubic,-9.902392430974295,-5.054400001121242,-2.5823638728994576,-1.389306830523814,-0.9612158507952716,-1.9608447012595376,-3.045793804595032,-4.361683629588075,-5.821906924308132,-6.665542196435984
cubic,-17.281729516345795,-9.067218972629284,-5.136897667275757,-4.646287560291527,-1.2399352349149682,-0.6963902073390258,-0.5843014078895605,2.8653884187210688,10.47824519970104,19.94060671021437
cubic,10.211631128619231,5.741459654297506,3.464636161567144,2.677612375513991,2.6268067160351727,2.974930872129529,3.122479475220277,2.617511510572535,0.5850091799050653,-3.333308486171678
cubic,7.853638276767012,5.689298170725358,3.893938136982398,2.9919756048933075,2.9861151884675925,3.3082193233917523,4.3802222005020734,6.400389981927543,9.44562495186663,13.379243418503428
cubic,-3.2106375595680987,0.48703362468604,2.33585408986991,2.6233146945724197,2.2791573087322816,2.032279082159152,1.8288369000929583,3.033831916892692,5.351818100762912,9.161829407079193
cubic,8.34965502355219,2.213635625552908,-0.9047989394589848,-2.454839288622847,-2.638295968986957,-2.6467467976009083,-2.729653465172696,-4.505304021324002,-8.35671078830112,-14.877488844931191
cubic,21.22336113207364,11.016975304735723,3.814201004955896,0.8666723781218582,-0.8171524809187478,-2.368083183238884,-3.040001440268617,-4.218667957011789,-7.696570415667265,-13.068871046532587
cubic,-13.658762177624917,-8.194085934764018,-5.175675787103679,-2.6735020917291683,-1.7275590740768132,-1.4680457166691971,-0.5060680316527325,1.060411135742619,3.09555623778019,7.65107227267324
cubic,-0.916587110042196,-0.8915144316219118,-0.7919935000947603,-0.3284873573181207,0.6757555493205418,1.415976699140291,2.356248556009855,3.1372781010769875,3.996223213103566,4.330132700484844
cubic,16.28169590392196,9.612269869574272,4.682240837129068,1.4183596253867157,-0.2456333500006907,1.023132320598889,-0.9271384427845252,-3.2525121679046145,-5.576011107053786,-9.715398882607454
cubic,-18.45660415604003,-10.2541253575896,-5.214736011322118,-3.430830430765018,-1.9563440356886164,-1.1605330099600315,-0.7404356526512377,1.461217981393763,6.4830995823573865,14.430460891098743
cubic,2.005759326511008,0.7663837674739941,-0.5331501538180529,-0.9376683199643148,-0.7624286275152843,-0.4912416015815369,0.593169740269576,3.0508036359832857,6.012994115212176,10.11532458426838
cubic,15.98338282970209,7.887247427884991,3.373541366263765,1.022834926744052,-0.2010632332702318,0.6571242868025222,-0.7302051118064198,-3.578881149063668,-8.457514803780239,-17.45630185538041
cubic,-20.89953018899471,-12.610615939679176,-7.950497142648427,-4.273488706696823,-2.328909299519292,-1.9245927772298068,-0.9542498920151804,-0.0229550033914726,1.0430597686978746,5.518118094521439
cubic,2.4848141194772517,2.3026108086989368,1.670642613440139,1.7656336488896909,2.394651450181692,2.129661064519236,3.936869522165992,5.313388048194574,7.314590308915245,10.441566508950237
cubic,-2.7800012158299183,-2.530384196495652,-2.4926607811545343,-2.4585606382076564,-2.9543945273953898,-3.0548577388710108,-2.5825137692523263,-1.1389728736952478,0.8815286309412448,4.334739377537601
cubic,-3.53366736702329,-3.4209839307664915,-1.9617920507037292,-1.4124298975158611,-0.448402534023862,-0.8045327365868575,-1.3734257830938807,-3.022809328213138,-6.510765538846532,-11.802499473161564
cubic,-16.363938278244405,-8.929620295063538,-3.768799313125018,-2.322658132559537,-0.8072190402295725,-0.7218903661670085,-0.7290260588209827,1.6979781315408249,3.874519760958214,11.39163491549828
cubic,12.125277982526374,5.682853734119535,2.9767530758293828,0.8810552845792383,0.6794120031158879,1.384887081919441,1.1811272620600866,0.4945309521161123,-1.6846607812331726,-6.878966857414642
cubic,2.4546371250440995,-1.2112007815012336,-2.9304758062496434,-2.657816596928253,-2.6818063426166696,-3.493182763765267,-4.690662104102833,-7.064206631040182,-11.35724295961332,-20.98313945769028
cubic,-20.87430741227232,-12.731766050373585,-7.439732806474712,-4.223562637030733,-2.553609086536919,-2.104635246593071,-1.9281130387798835,-2.056182201376837,-1.69416904517715,0.4591033381549025
cubic,9.805396011294569,5.341979859861022,1.9087291972412097,-0.3516294022190741,-2.001217700043997,-2.577402653308285,-2.918431939371532,-2.883342316035731,-2.523540562450738,-2.590802762531611
cubic,-7.061701885889181,-2.993323034834318,-0.9148130906402012,0.1384066377338401,0.6213615842316098,0.4075741889435088,-0.0428888514104021,-0.1835056713656275,-0.092733829635325,0.783697723288373
cubic,17.63255293323991,9.81059127792258,4.537761590640965,3.100833947194781,2.5939875676337314,1.965949621709664,1.3936746056241631,0.3446202729519284,-2.7690965206131954,-8.405917468520055
cubic,7.802700040992875,3.2320420580240765,0.935300171704422,0.4167742777066224,0.7390898727004187,1.34655097261119,1.7927650539416815,1.3579938377974408,-0.1977780679747381,-4.026211492227537
cubic,-7.64404971952337,-3.48979085040991,-1.5114554939005076,-0.5388044216468638,-0.9547108913480676,-1.333133982286009,-1.711406627984455,-1.8765664207315635,-1.095227882998958,1.3800136087894792
cubic,-14.079605219342048,-5.3283924644394345,-3.503062520452917,-1.2365703317278127,-1.0277015509973628,-0.3716002008403043,0.4773647003136312,4.791288907047304,10.28144565300955,20.653952964336675
cubic,-3.3308367882826784,-0.4375663346519491,0.7243489478721676,0.7654258485682652,0.1707696045084579,-0.6272324493280418,0.8122438783668892,3.0079294939868166,7.889679243359298,15.553750224362902
cubic,9.280499897356624,3.94792620077536,0.7847231696987382,-1.1331410607721757,-1.811109844142507,-2.058575727882724,-1.7059017847354134,-1.6975120173035887,-2.0553561221934618,-3.468760962171191
cubic,-15.87075060272844,-7.17145088449997,-2.007593735044946,2.306100139260474,2.1853138779907764,0.9919514081000286,1.4967181735796338,1.78006636963483,2.2146662103915555,4.591348490108086
cubic,0.1573489697008778,-2.965334582783983,-4.286948749462875,-4.356885327466361,-3.673521838437684,-2.326548119711628,-2.826435992384441,-4.41682914048592,-8.31879545916735,-14.934502559520343
cubic,5.939815939756345,3.1755036799157383,1.852673494477718,1.496066738106025,1.6070823987283347,2.6920915818254603,3.4684217277822675,4.248035333143958,4.281774261885636,3.1637446749832714
cubic,-5.64143573100094,-2.9140320603853525,-1.141071270943168,0.1822033119527853,0.8327206958268875,0.71928062125162,0.3612070926497335,-0.7650785177801267,-1.3312599306901174,-2.841851407798425
cubic,10.003029387157714,3.984746934927904,0.4345671663088849,-1.0556057013908378,-1.3139409765307124,-0.8343625858999286,-0.9256873754010196,-3.800809453391007,-7.4546687685274735,-15.72550923767825
cubic,4.562069146324348,2.620362843546752,1.4900876352089816,0.1649679115308314,0.6400019501699685,0.6048609195898067,2.2303172600247096,3.902961513724606,8.029077799302168,12.173179464596878
cubic,-12.186731301631374,-4.553973047729168,-0.0870375389084088,1.9130883809756136,2.3706289206652,2.564969126409661,2.537899299859141,3.3922318896703763,4.688332506184374,8.951267691787692
cubic,-2.7066642318872542,-3.015833914559355,-2.9762547999831828,-2.6264272404033955,-2.177518690536215,-1.5995965441939672,-0.918879040576576,-0.2354647063749704,0.4790777508210767,1.154290492817872
cubic,-22.119872039567813,-11.749895809208171,-5.4475175285995086,-1.8260488780116424,-0.6929699675229442,-0.4827178343895473,-1.4062877992660954,-0.5202096348422565,1.4950966636288463,5.692459818276904
cubic,0.1230240475176146,-1.609709922626082,-2.472560476410981,-2.584756195763042,-2.222583740907253,-2.144290956194496,-2.1895300681170795,-3.2230575831580435,-5.48001934941082,-9.212624276253836
cubic,-22.837367537748605,-13.626699374040236,-7.053465228203975,-3.510380771381184,-1.9391019107734424,-1.0357726215552174,-0.4877976192596948,0.2734345656252376,1.8637565448142044,5.447027297178988
cubic,5.952293851136854,2.5387379694106427,0.8053773425235362,-0.5325998902618061,-0.3620852406376054,-1.536411828553305,-2.30775727209087,-6.4397340205110725,-10.53951845409284,-18.13501487790092
cubic,-7.028583828289937,-5.051890164637653,-2.0878718558796123,-2.1101020171356724,-1.3920086958790523,-0.9881141781568892,0.2033293291089163,1.9934467553636916,5.060142299648252,9.463591022226254
cubic,10.948576316064154,5.331910462558035,1.7502472611448576,0.117839820266437,-0.161944729009494,0.1524501527898922,0.3829816866196154,-0.2138361229714139,-2.354681933210846,-6.093345607443779
cubic,-6.575844581880114,-4.590749352148531,-2.9523687947335278,-1.813304480804485,-1.6538756781821435,-1.262151203311498,-0.3794964556100209,1.5083971175458604,3.729309116334373,8.131240390320144
cubic,16.655856849659287,8.532856653472031,2.7160552147371027,-0.239933063983976,-1.8905666426103065,-2.143170639203833,-2.0222173735750437,-3.2563976499563787,-5.4001378609567,-9.369781703194136
cubic,-0.5135126827813489,-0.9679981071009292,-1.7273541113394346,-1.4000485130836844,-2.0536897692955063,-3.0977107171716898,-4.603343854995068,-6.751819810501447,-11.448755952267788,-16.892234493236046
cubic,15.005316559872307,6.199555281458183,1.066439195266021,-1.2755578253649125,-2.1301068743574403,-1.1425808724412,-0.240430581951722,-0.2235804895384608,-1.0408357941415904,-3.884570378719557
cubic,14.058069151603991,8.3196592976832,5.847331025740963,4.339030704486471,3.006633003827721,2.3881462234531,0.5648134481739961,-2.6849600439447907,-8.62012986323368,-17.610636943119463
cubic,-16.208194497321777,-9.287966187818064,-4.777011034816365,-2.22605423471452,-1.2564582322604474,-0.5532020261511126,0.0521612129029122,2.195350123752364,4.730174453526866,10.785510918076229
cubic,17.909677568638273,9.94814101936356,4.981840654849809,3.2545538387798665,3.270775123730675,1.36790592304934,1.02529783143193,-1.5281551045612298,-5.478649292778454,-11.789665674802292
cubic,-4.1638405499865305,-1.4414791875179374,0.7326038847680167,2.093378035849352,2.5844420946839763,2.74588972657746,2.090878340594056,1.5357411383688544,0.3659627924749272,-0.9660066222997952
cubic,12.407970495837734,7.851860234719782,5.1212459428296215,3.112370941930372,2.416980976070931,2.072606000331322,1.4200658910833457,0.9961082334441158,-0.5156699317111633,-3.367994178840487
cubic,-19.4735276414046,-10.49783141691473,-5.136735667345683,-2.16303762921697,-0.907347869858119,-1.9400568321203413,-0.7960555113372474,0.7910320472158807,6.320154854569295,13.566583270686834
cubic,16.296429921623112,9.110603117682148,4.492258205937365,3.1178246936793736,2.5898073336702097,1.784044336695186,1.2773255913519377,-1.2051855410731973,-5.627113961231906,-12.852381765459748
cubic,4.500649795233985,2.7249191152316907,0.6712029749673012,-0.5741523734663865,-1.3481486233781608,-1.9628268373982196,-1.885173200804928,-0.76985832990303,0.934218126874333,3.9152312004064616
cubic,20.942924693122283,11.030672840077822,5.057169384436583,1.7536527563132949,0.6320732856507562,0.0390565225573524,-0.9265309460844712,-2.844987627442173,-7.240938862216907,-15.141561139776726
cubic,8.977089542647063,4.445929302552794,2.2380313849614546,1.0850595146152204,0.0146948756908747,-0.3553195988099812,-0.0320874357157684,-2.848568614369232,-6.969486171293221,-11.551261233265675
cubic,6.010989870595146,3.095908493806513,2.0164497337637792,1.7920647771330709,1.952031688515032,2.499460002246112,2.1212493973502338,1.006129603361373,-1.7894868315883403,-6.50883540478066
cubic,-23.22562078470093,-14.460124011138143,-8.321091937209438,-5.044039767716925,-3.1964530184143918,-2.5284878944830926,-2.2314317307751024,-1.4134905464503416,0.2798836851489928,3.8846583156852503
cubic,2.854655304858829,1.499794985952619,1.0775410598182258,0.4104629980489247,0.8956964472701721,0.2288390304455017,-1.43254136398247,-3.720871471517268,-8.128207551033565,-14.521262330000354
cubic,6.373637803316901,2.338696572217769,-0.3355891073077601,-1.2947907023937784,-1.435520397211384,-1.0150995335993838,-0.4824710914680737,-0.5179486868504896,-1.1126897499039348,-3.003032278970348
cubic,0.9939199566373068,0.930945076327301,1.3178232787062758,2.023537186064097,2.641739317720805,2.991813952780623,2.458470971899128,0.6596471477808996,-3.0804085477743617,-8.383553545319684
cubic,0.7824223049115127,1.8920512201650568,2.2497127687457787,1.988279312492134,1.9850014789999169,1.807613864472487,2.038947441669249,3.143478760493964,5.15739470525756,8.516553930259787
cubic,-18.11899816638487,-10.2592278554066,-4.399840162507098,-1.5256231541018064,-2.405739730414689,-2.056076246993948,-0.9987437832743328,0.1094994067863032,4.036175571411673,10.14254934219318
cubic,-8.8865509006614,-5.6218440804847605,-3.707246261184547,-2.8252594786707608,-1.8993398357309348,-1.006052528620682,0.0056384638532077,1.6434648007665662,4.198754527738325,8.267152077890325
cubic,6.997391783999689,1.110414619369417,-1.5525843651224829,-2.758098673976064,-2.290771446425093,-0.3498325543876951,-1.9730134998761044,-2.500416455697154,-9.361951286208914,-17.911532814392565
cubic,-5.738723305852842,-2.177821597091703,-0.5426274474589795,-0.4055271467488719,-0.6770627418556516,-1.6192322407607913,-1.8005864244249716,-0.8362315030426601,2.1521932714656447,7.002796421123536
cubic,-5.544289621605773,-1.7774151547816806,0.4255198879524121,1.2715816228234105,1.2380434755309255,0.7737698347558624,0.1326336399543158,-0.3592848132980656,-0.2999054772441937,0.6226939767733662
cubic,-4.931296220830315,-3.9018420044043935,-3.082013152765744,-2.716745466509124,-2.46433850933166,-1.233199712426435,0.1510620226195742,2.315304468562687,5.031775150827185,9.450799978237114
cubic,-7.965267885582336,-4.408518557861396,-2.3358726453177328,-0.2213488102356218,0.9907214436623,1.6295269251044648,1.4498033398177157,1.5608231830846668,0.8770642715992492,-0.5207125080922187
cubic,0.923332091358156,-0.0098865340988563,-1.330686521689521,-1.7014395873942798,-1.8709440379507367,-2.141530366526092,-1.1161675922237346,0.1019847897437415,1.7632300357336086,4.122678837458238
cubic,1.0278394205975978,-0.4671904528520829,-1.4613649435438252,-1.356170321519787,-2.009338422864372,-1.8005802585332114,-0.7410293596532568,1.2359313674947905,4.02368448405594,8.53143986396795
cubic,-17.932389090513528,-9.268798828120609,-3.5288749664613897,-0.495090335747323,1.2558609788805366,1.066322239358517,0.9914926426188688,1.7531397109750344,2.5820642930533184,6.236680033187464
cubic,9.96610140802156,5.05071436994897,2.122443462900504,1.1164202687873392,1.9289437845990067,2.7211266320555643,2.441005906901664,1.829424275095948,-1.6252212118411649,-6.786073859081229
cubic,2.946789624864821,1.4168291395306198,-0.742392169180699,-1.218850525626503,-2.9549498541720167,-3.624430871770538,-2.63523775164308,-1.6175638522691358,1.6635568061790966,7.094500952291322
cubic,21.613106772791596,11.925969266032114,5.677847463586097,3.91099503246322,2.6831743284503777,2.915881538388888,3.341812386134188,2.781330782534966,0.2625530263392818,-5.197043805222148
cubic,15.26386349171934,9.08726788293196,5.166908411251389,1.7286248054968478,0.6061675456116945,-0.5070955383018639,-0.2195822770358994,-0.4094376141738607,-0.3144647400426356,-0.3262793941216354
cubic,0.3009920502881807,-0.4482057842504668,-0.9510118400631334,-1.242880029140872,-1.345965741877065,-1.426072061307856,-1.4554637425747596,-1.488641341630201,-1.5936017412470385,-1.8370528107629711
cubic,-10.69904821715656,-4.082537407333877,-0.1663591233851052,1.8220125531540696,2.621583081741308,3.2242774517192148,3.637675006938211,5.522761627935421,9.174334026549111,15.38774561174212
cubic,-6.421042062369131,-5.137756488551084,-4.28247898149881,-3.566633148176582,-2.936998692069197,-3.1077518663579733,-3.5817008765508795,-4.479644432814781,-5.97908474249903,-8.49320344161061
cubic,-16.995966961615714,-8.852183648638853,-3.3714036267636605,-1.3328655545648298,0.5357960618312858,1.7424405714898712,1.5572745859412738,1.5887101799778864,2.458249946593858,4.266674326065272
cubic,18.182861111106988,11.306948085745187,6.994870106604906,3.737767459244768,2.290813488184397,1.3185551581422763,1.4859525278582018,0.7798966876423141,0.7483008133636642,-0.0748230971906692
cubic,-3.896440269454183,0.373690604983716,2.5854998898409707,3.130891305696588,2.146035533833551,1.5030248539833158,1.866552935330688,3.4044647998767306,7.270700771629698,14.153778600254618
cubic,-8.788794008839576,-6.885761608938894,-4.742893140462759,-2.906564051070216,-1.50595938042608,-0.8801932962356981,-0.7356854317192825,-1.3520597300300037,-3.4097561052092016,-6.506994754369926
cubic,11.855560092064476,3.9428265081643024,0.3830536310386285,-0.6120238687858035,-0.3328772789018588,0.0106248195441254,0.3407471337693739,0.4560043082419159,-1.3920690117703003,-7.573449211440118
cubic,12.188041093075002,5.530639710497052,2.0774101226257287,0.5389326852710391,0.7155947457502563,1.222421592786132,2.267025348768452,2.0419046077905003,-0.2016597306163812,-5.341587617809318
cubic,22.122815798064067,11.985559749264215,5.145792870668553,1.761064780984662,-0.893800822875418,-0.4546692214198131,-2.5330578989647803,-3.7291831713514,-5.284000765259388,-10.53412863064472
cubic,-9.551169917143662,-5.785598143243744,-3.5849612400818547,-2.743117092413841,-3.1366085090620417,-2.496187346835056,-1.0255421412036747,2.7537403104498543,8.66658216471628,18.299952692552772
cubic,-3.02212731070284,-4.347859823986735,-5.125959034740945,-4.808167881485311,-3.1679652127422497,-2.591214074503322,-2.908811425688277,-4.729839050629855,-8.157765616877963,-14.078875081945307
cubic,19.770700563050724,9.741853526661444,2.610608027182455,-0.7651045554139486,-2.511188578448388,-3.073579066750831,-4.135012091709965,-4.64310241559662,-7.092425329062958,-10.79917161063259
cubic,1.171825189508244,-0.4988563310266729,-0.7540597677921475,-0.4941335578522287,0.218893772150149,0.5522574187185603,0.3766269752990532,-0.6793607453672694,-3.823313970349988,-8.378221942432585
cubic,7.558379740540891,3.213398305586178,0.4288152869106253,-1.094556473870207,-1.5005231937984218,-1.5350281808224844,-1.07831095516574,-0.770081912672262,-0.5923143576781261,-1.235885784840478
cubic,-19.2578332434212,-8.73571258003092,-2.2436937956396443,0.5263724887455346,1.5498787296808347,1.1470594175165565,0.0556273348518359,0.1533161889883853,2.041512837818919,6.533660705495107
cubic,-2.6674634367628856,-2.7304124192337373,-2.1175123800837823,-2.1111151541119586,-1.3647749740206934,-0.678972697563158,0.2633047626439797,1.5407507703542662,2.3439824731107963,3.314877321692777
cubic,0.396731681594309,-1.3499493288969275,-2.0288401009674786,-2.071318041091043,-1.7031617362491691,-1.5660765026453085,-1.1998780093623025,-1.6016062765598933,-3.1103296106144898,-5.716606560701604
cubic,-14.551384883986872,-7.305253865301749,-3.5145904308426816,-0.0794513868454973,0.2914489007066236,2.5929234405167847,3.601378470060269,7.695384234947491,14.074091822215308,24.7151876560869
cubic,-13.73298257525312,-6.626074632204774,-3.158481202996954,-0.9613916402803518,-1.23115258886323,-1.1810066845228608,-2.0272722259053904,0.0435183761559243,4.376432921831883,10.90092435400151
cubic,-8.74104625138754,-3.3630340563082486,-0.6114177178442969,1.7217000072489226,0.9675200461858504,2.2680489520982907,3.688898160308157,7.585791854075802,13.614946147305147,24.21526088263741
cubic,12.303880629083688,5.303274900010222,1.9941077874197324,-1.7463025299173698,-0.3796100811263847,-1.6612894056049368,-1.722998363762307,-4.528975234436545,-7.855724671764268,-17.21167059397805
cubic,0.7021260291706009,1.4740035886679308,1.9255756521584488,1.8851960782843435,1.2175665789389345,0.4743388194471188,-0.7229529146217915,-2.065618228639266,-3.353835642176548,-5.104183146579859
cubic,-0.4752366278664803,0.0825351506206505,0.5352201218560597,0.7328867978310597,0.8073959104044846,0.5378296175145075,-0.0305303242434285,-1.079721296970119,-2.444277912643848,-4.35498402538475
cubic,15.890600508761064,8.436331643094636,3.9353884208400647,1.7404900811587996,1.696628484955878,2.262186044328449,3.4148206340843483,4.519234625449204,4.71058925069645,3.636639579909728
cubic,-11.955463734048736,-5.038523428360064,-1.8102293058415229,-0.272575115478276,-0.4958175754302,-0.5395189885912313,-1.4327340104542352,-1.1983563126104608,2.028889603332264,5.667090493787966
cubic,8.332522382165909,2.481797456595129,0.2260723191731076,-1.4836390066436789,-2.425090369477678,-2.613850586032192,-4.071678206422527,-7.2586996036316815,-13.472720141791193,-22.124858237864217
cubic,10.033780767106885,4.645890502591572,1.0900326894470278,-1.1032406473535237,-2.0727640103318192,-2.581202391472835,-3.446854547779219,-4.71035679996018,-7.182158349702798,-11.668134990516624
cubic,0.9571774147262488,2.6652526023754057,3.29226618245765,3.373995892952788,2.86683050027143,2.6750134191548964,2.377428530223777,3.363989317521946,5.953509362423496,9.60482357177144
cubic,20.16795524778567,9.55800433305312,2.7415908640378976,0.149988693068167,-0.6587570102553246,0.0754935070557391,1.1539514697361124,1.8928284601741048,-0.9606289241066576,-4.519989705946872
cubic,-21.353332454843933,-13.110201945092944,-6.946710588879866,-3.41570387748423,-2.884729741884709,-2.783517841407837,-2.751079513836346,-0.7573618928168437,3.270729554580797,9.97319972831731
cubic,-3.460766244042962,-2.637455199772821,-1.737751888504226,-1.2091564434012712,-0.7109146908649966,-0.2432951510451264,0.6797681456771631,1.3343047638819006,2.3325599075186307,3.464777288052718
cubic,-5.107387965856104,-0.3206416586701767,2.5324662014949237,3.383795114252033,3.22938857127644,2.4474233683276623,2.227502843192661,2.795143901394596,5.638066601526108,10.540829757199749
cubic,-5.499897894968486,-2.7549264619356943,-1.2704007552004928,-1.1221738627475684,-1.5199388593205128,-2.310758202845716,-2.970276041312803,-2.958312502573324,-1.912949181523824,0.4262347696191011
cubic,-9.70326173083012,-5.460278252496528,-1.6082408005773283,0.2352459224758382,1.696249081908368,2.3632872987422124,2.043131133242127,2.398054641475622,3.8930186374453584,3.962045172828073
cubic,-11.722166966865016,-5.008814143534312,-1.4222410230453484,0.7354171419137145,1.3907416737281542,1.3948373099697675,1.2622255359480516,1.7208891034694993,4.200039435165139,7.882573006003809
cubic,-19.60394269082099,-10.524610764850822,-5.339381856008177,-2.6814275253042608,-1.9829256358689424,-3.155319599216714,-1.6615069592926377,-0.9721667067609064,2.287927036530581,7.688904699874279
cubic,1.6214850197666448,3.7604408095474273,4.583511301828109,4.58382144702738,3.2599043844879554,2.1506257346402133,4.183056827772657,5.59541433409288,10.45591900359861,19.575101284655744
cubic,-8.29554649589906,-4.343471166459259,-1.9923397778419767,-0.980290138286072,-0.9661688893678626,-1.9124186355027064,-2.99681825684521,-4.626873838763902,-5.384251189465706,-5.852057288983684
cubic,-5.914491645393406,-5.778363840632025,-4.611003313725302,-3.685158993364485,-2.834873370364193,-2.838836547261379,-3.5326244778064058,-6.065177233953159,-9.38932445824547,-15.382069997932282
cubic,0.2633038002746687,-1.8776370157981632,-2.724599662418253,-2.6870532493041743,-2.1731704570166244,-1.426190045055735,-0.8060670357065612,-0.7061976711105004,-1.3085352902418563,-3.163806564695716
cubic,-9.284940097601652,-3.5264805684709035,-0.4051027919929442,0.9813039594624616,1.3945700266059242,2.4884922950489137,2.50543880869174,5.714985170872037,9.959421002584078,18.262662420007967
cubic,8.237907528726952,5.233845245651973,3.845874251257172,2.439145430708427,2.0950939402743893,2.1409043635138465,1.885835426671767,2.15550881061937,1.4626887050776085,0.3904723480374047
cubic,-1.5784344670513313,-0.8745091902126253,-0.6534467235978797,-0.725190390714424,-1.0114862657550696,-1.333730489266412,-1.6527100771064571,-1.807142843303964,-1.6727884738766836,-1.0539039382851083
cubic,-6.418095248825448,-4.056833567152761,-2.273898001099705,-0.4779177235947754,1.184245871220288,1.630342865182422,1.903942830473301,1.1839099800773858,0.0431753061254958,-2.723717899190321
cubic,16.774551211971254,9.5955960929274,5.412440981514466,3.1027291864240976,2.8817060831633645,2.158666056632832,2.298161800298073,1.664293304922987,-0.1685868642479593,-5.070921394513604
cubic,7.53725949943756,2.407174276268295,-0.126674227465208,-1.603038146627899,-1.886894901275764,-1.6395750831202227,-0.93030536956815,-0.5471792727974684,-1.098101968496889,-2.588165176971218
cubic,11.513591406847466,7.034194188094484,4.307583412151463,2.8605773944568607,2.6405250283603388,3.1171297941311966,3.669209089807416,4.228834725665274,4.018309579259123,2.6103668372411564
cubic,7.07372432306103,3.504516603167318,1.0951910314790732,0.3437490932357246,0.1748037182497369,0.7403478789063171,1.5006989494604128,2.600708049879438,3.486485859789238,3.6015505373970527
cubic,8.607207173129769,4.755973300044908,1.9805067052676053,1.1376831813357544,2.741253875440792,2.513238235479942,1.8912634175162744,-0.4350281065166613,-4.716035977916846,-12.466509518976236
cubic,9.366444721791822,3.4945975174909263,2.218218754931427,0.1681737706254288,-2.3514724233008257,-1.8052230885507023,-2.2564501096514187,-5.945377666799068,-10.294526755162698,-18.92923576347772
cubic,0.900554494755493,-0.1248945855161404,-0.90996225833858,-1.5533717223194854,-2.164139552074157,-2.6921393928342017,-3.2909582441019305,-3.8564700236417098,-4.616489221023846,-5.519869733741752
cubic,19.178373054190185,8.74207040669763,2.9359595866205823,-0.1995055997821849,-0.2722634005846639,-0.1062535858292386,0.4802680369018238,-1.7005629737966237,-3.012069769985121,-6.628333297944505
cubic,8.242507319121625,3.4832491707458955,-0.1836157169781611,-2.427254192484974,-2.41238753067222,-3.3336632318016006,-3.740018291667388,-5.475655099184589,-8.044305439426788,-13.474910503597194
cubic,1.360001145112908,3.3347851429410342,3.6076866162975447,3.464179291797974,2.75589562520095,2.337285409860835,2.1190399137712514,3.175360972037195,5.385049373515151,9.95240606700143
cubic,-2.394435968535835,-0.6497526457930476,0.1548259299384502,-0.0944274603639074,-1.353437729502859,0.1064297299232204,2.5153918869938763,5.361167972604132,10.739554101883792,17.075024653135564
cubic,6.454596677338661,3.432413186120308,2.008550156442075,1.1674110588198034,1.3352008882108306,0.2271493756652055,-0.9613105964074904,-4.324772408950294,-9.378645828903691,-16.4475800425941
cubic,2.254049338696887,2.4825648737351567,2.180351216183083,1.8868173465683495,2.023177692577357,1.7869050664546873,2.652029737182914,5.531808313717475,7.968722170194146,12.864654493465384
cubic,6.986099292157695,3.562538084357418,1.5774737442556916,1.0385863299749227,1.048903209524186,-0.5294890185483583,-0.8768207106322237,-5.73174975215094,-11.867010897542444,-21.693796390187504
cubic,-9.778699240344976,-4.205549560738296,-0.3805889700459335,1.6094711815447158,2.384875925993012,3.1683359883308437,3.6879492082723,4.358274883910371,5.681785456991971,8.487223258536835
cubic,-19.041906758039364,-8.921670301485161,-2.4922539960403167,0.0166673382008419,0.660649503864071,1.011447346793766,1.3889690199229348,1.855352214984064,5.923707073732039,12.39733118536004
cubic,-16.0634959311728,-9.421404384949916,-4.945577670150942,-2.0885335230908626,-1.0430187121387855,-0.4163609091423434,0.1704129481028377,2.053297674301059,5.553521659474775,10.8188996917113
cubic,15.653036081360828,7.537372892802606,2.117369559620028,-0.4521898922458461,-2.1267009184951418,-2.0167765033225,-2.3329039516592163,-2.4655656804125434,-4.3413379208379,-7.554767555323435
cubic,-1.286419387814466,0.3769872464012526,0.8790122894962715,0.7247215952981977,0.2372448711570119,-0.3380775081189568,-0.5887914551670436,-0.4833775200029817,0.4328925995988655,2.519729590817768
cubic,18.938430707613996,11.263368436316425,6.55185203262915,3.73929415258896,2.7043193145688864,3.164872162427042,2.4962260187651486,1.59860253415628,-0.1608527372373824,-3.7368263494343
cubic,-6.263359362542808,-3.1186354200627147,-1.3773830336664024,-0.439347481969489,1.0867725148416063,1.3167477411850914,2.019680429098885,4.621272769835718,10.393839863092865,19.53244771936115
cubic,-5.359623981487632,-2.732757110962733,-1.8884377323249864,-1.5135100788401834,-1.3163862014452534,-1.3319015547027553,-1.194758737962975,0.4011386441161496,2.1590338692758886,5.835898164219105
cubic,-4.572901984907896,-2.5306641381617423,-0.9928210941477712,0.6478814416596063,2.2724066953041397,3.0583833929698407,3.0102184893061725,3.0011437767165328,1.3517239329041182,-1.453241765275637
cubic,9.81624635481359,3.704639258879366,0.7662756563714695,-0.5877702171968485,-0.9089463108483556,-0.804994380616569,-1.1859220211035442,-2.5651760038835376,-5.712583677093507,-10.92013715574886
cubic,2.0686278373030293,0.9045720978438871,0.2194075456254098,-0.0876869157184935,-0.333908848720623,-0.4563667886603693,-0.6382449695315757,-1.0415628490374105,-1.694421022334018,-3.095022867328036
cubic,-16.287593842314642,-9.768060858694955,-5.620649645797056,-3.2318106687934094,-3.011066418048961,-1.4323250937088363,-0.0513957725609997,2.5257660658764234,7.402020052360354,16.85488680874439
cubic,-12.368368429177556,-6.11353575952521,-2.3264539512660902,0.793328558078531,1.7906996748002435,2.303387966477179,2.4578016372957765,2.7715744182148345,3.6104669241715386,4.98177184258524
cubic,4.00070300549649,1.8099680548259016,0.3415555604083343,0.1236767837856938,-0.4072417886874516,-1.809814490002144,-2.5659618671251305,-5.555026088048335,-10.710544198415349,-17.73984674448092
cubic,-13.66277983065882,-5.477635973008022,-0.3952539409188393,2.035247851097451,2.199388799553668,1.9909756564026544,1.314130997433085,0.8399964002481184,1.962538444949844,4.543917539241829
cubic,-10.145406870391431,-4.620876051914766,-1.5452780221776834,0.1901004898769266,0.7917249054487222,0.3363859993909077,-0.3932811790887382,-1.6056080203432144,-2.268639201107158,-2.464905226916437
cubic,3.06050601004851,-0.0916305077483414,-1.2256553882819854,-1.4544796539611902,-2.249625956052043,-2.808103862083797,-3.7091156587515055,-5.9923777257623705,-8.358352119253793,-12.153089592451195
cubic,10.245124144275437,6.449540087354713,3.787195237337331,2.22903222939137,1.3418234987435584,1.408778076937388,1.863502612341282,2.732809971117859,3.756051054690685,5.331373886770883
cubic,-1.2520965942208098,-0.0382561366336278,0.7821061993073481,1.2319267422366456,0.992270873894018,2.220441514026972,1.836475962771705,4.870243085955752,9.114607343019056,14.015569613769154
cubic,-13.846639456567592,-9.153096336845438,-6.088457571825444,-4.183293833328451,-2.1141088916995576,-2.3276513008167785,-1.0716794383136523,0.4601792420041649,5.051868199732322,11.67538321532967
cubic,-4.657862513481192,-1.2020951462300151,-0.0493850430124152,0.459699122066373,0.466923570480137,1.408929180536143,2.7416624217558754,6.5346441106794,13.206897156985455,21.14295832722108
cubic,6.001817150744167,4.031408164147391,2.327510742529103,2.174332798969475,0.557326431209765,-0.034517099401801,-1.6290932908098128,-2.769674034517801,-5.306197957544893,-8.895425519000518
cubic,12.796816675165545,5.580508902038072,0.2570099513027022,-2.0349829600448164,-2.5881778659982766,-2.5848961415338625,-2.5901624594494352,-4.387910080884035,-8.717768155914104,-15.259440786145388
cubic,7.881542362704822,2.2766955676865788,-0.8471950697757016,-1.9370627208071476,-2.476837060263612,-2.192253527350578,-2.3206448131695927,-3.2459365288081385,-5.55647113820958,-9.85988887756433
cubic,6.809393138534244,5.627111517528576,4.434312279616582,3.290510354825147,2.1113418355200846,1.1815498755675922,1.2450246836357035,1.8374290788200016,3.6495499517859065,7.191483213486448
cubic,-3.256378465416007,0.4540803685096665,1.4899303910638984,1.5332424109948757,0.8633100141354625,-0.437605087406066,-0.2998899667999564,1.3061965667232085,5.015383307649174,11.403109396821158
cubic,6.95852039615093,6.533681910333016,5.412182576857,4.022615620548155,2.5319413290574366,1.6753305534391871,2.4268921478958565,3.977051285633983,7.277575960819687,13.238958821877862
cubic,14.064647657484269,9.436865175555855,6.191574726965986,4.125216285025797,2.32953357222128,1.3936428547581294,1.3808583541145447,2.77329427709302,3.654806010923169,5.18710779621817
cubic,8.778503934792006,6.069099483786117,3.386444762277788,2.978832053488174,1.860199303089554,1.2991140435639237,0.5689988296543206,0.1078181975981432,-1.7639792599461732,-3.771987599476621
cubic,-14.753023663427014,-7.662713086579613,-3.320508451674544,-0.7130401005726942,0.636642525374695,1.7980932250959356,1.8187075668041248,2.2470240463050564,2.526692524691684,4.314416582206411
cubic,8.147591937154282,1.0715142336063983,-1.945029067760322,-3.753170864736404,-3.37372885548086,-2.741426503341338,-2.3461796727402904,-3.553248057972323,-6.879185561339316,-13.594990590382348
cubic,-8.86720955992147,-3.494588753768742,-0.2218147556619581,0.7989904422386132,0.7310591775321429,0.4626650623930415,-0.2756820080279649,0.1632602308173762,1.3847476609441132,5.758904831989178
cubic,10.820227740404396,3.91993693287029,0.8922985589905106,-1.4915767213759028,-1.7491005394159689,-1.4025801614348978,-0.6791401205324954,0.0943226463302001,0.0095485344833013,-0.8635166474460448
cubic,-20.441207490057103,-10.418200502607489,-5.8726092875994125,-1.65307452010715,-2.7205850590007863,-1.0353756747732568,-0.8235817143758056,0.081292726438815,2.326135231443017,4.722474265539755
cubic,-9.110068037036118,-3.47860621071642,-0.3289811097756021,1.1917260503084652,1.3939434424330788,0.9972281787295448,0.2890058542374515,-0.5672206813878082,-1.166896364568381,-0.4307884726799588
cubic,-17.64189093382807,-8.854879638414435,-3.8658560648975526,-0.9605774996631664,0.0667527938537641,0.3433748362108654,0.5584833792095893,0.1393888257172638,1.7867768061315918,4.499051680870728
cubic,5.546177288033439,2.617077609233404,1.3330433032557274,1.2668336083105227,1.9342826395834432,2.6901688210521897,2.9390949801246644,2.148337457645316,-0.0135196301471782,-4.241853145840532
cubic,13.298227395721456,7.589607002530254,4.3579412004592255,2.938163930317627,2.081944728374052,1.4063458923032512,1.0895298294854487,-0.4205206893693121,-3.5462364858785205,-9.158816018772292
cubic,-15.566712264811995,-7.201624901591914,-3.559436572411025,0.0731277584494758,1.9292263075095997,2.3126537504230598,2.2384433361521223,2.5386930190109136,6.663309236681087,9.651320007609336
cubic,-11.718184628025671,-6.119941994481297,-2.6397213966354998,-1.9984911652177813,-2.107336237777832,-2.3909905697503304,-3.3569969908670854,-2.8237970889808466,-1.487246060901596,2.0783722991366256
cubic,-4.322429886697063,-2.5501769056626133,-1.8632544127317927,-1.736690428400382,-2.0458004661871056,-2.4466334720335734,-2.1488570800712763,-1.3362026398662794,0.4274029618028098,3.749230625276999
cubic,3.0317755263533925,0.6251378478004285,-0.889350645627918,-1.12742763627957,-2.722019571877475,-2.745061804281157,-5.19317172126912,-6.138233695062544,-9.077471486342468,-13.36402534860617
cubic,-13.825046068385976,-4.501122271412429,0.5153595229020678,2.7618802645298137,3.1008580124476035,2.13772368534516,1.777894338453782,1.7692432632118145,4.315741645363044,9.374176598110708
cubic,-10.712026382616369,-4.652657199025774,-1.4142417326006518,0.1050568866093261,1.1791849872152196,2.101973873426724,3.5481969018926383,8.178948705192859,14.281961213001706,24.7217274322223
cubic,-19.565955671916317,-8.82362019035057,-3.2589854506936806,-0.3728159123990033,0.0324206504071368,0.8920706989934397,-1.3986626493990724,0.1251690251799734,2.1294535258814213,7.923326898414679
cubic,1.166816944443304,1.862870725694128,1.8761090060003145,1.4066039992141366,0.7715918828361923,0.0964303964479145,-0.1410782664247881,0.1833565865998726,1.4159363363457018,3.790222218321433
cubic,-4.856825064766579,-1.3885321496000926,0.4847727665220414,2.1467436766095425,2.7020907132991696,3.247055164942354,2.56928644601009,1.9393854572037952,0.6080145509384726,-0.822051165262508
cubic,17.976383656887627,9.96247462410287,3.5253486686207287,1.5330674707550371,0.3325729875896953,-0.0778549738250823,-0.2618182747512851,-3.7004179328249673,-7.502751105494746,-15.06232132889476
cubic,-8.599223566418852,-4.709806994595448,-1.4580458524134832,-1.530158952433376,-1.5220867646797096,-2.655116158797842,-2.736658494278202,-0.7679680086112418,4.621675003571588,13.086588831594629
cubic,-0.3838691830303908,1.992699778739416,3.496908390022974,2.8308708886394207,3.094774951786372,1.2532599637318669,1.493604029844096,3.5031807023976578,8.194812371748258,15.130564122415214
cubic,10.03977101400365,3.451508617462277,0.4774183762177866,-0.5027736416727836,-0.5160892212578554,-0.0887953948844175,-1.031867725028679,-3.6146388482712863,-9.22179603838424,-18.948303805884706
cubic,-4.946091529070125,-2.9791630375458507,-1.9918339755666676,-1.6691464091803931,-1.6894769959215648,-2.2825800074355653,-3.065299532157471,-3.833047930845472,-4.443592945933491,-4.823256250573819
cubic,-1.6992780484559296,-0.322804045475529,-0.0474181225488687,-0.4066964042563858,-0.8696844965788887,-1.0486396922403995,-0.4069219800655628,1.1395596006043238,4.733637417216049,9.46953907237633
cubic,-15.983406675701392,-9.740032427026035,-5.989526433291228,-3.2912396193206384,-0.9752578619558876,-1.2196855059552545,-0.9610924066955716,-1.4450602665388217,-1.4123992108101249,-0.3415555869450398
cubic,-4.198692416569522,-1.1377504888176786,0.08448633418409,1.1576141779924736,1.248107339628853,1.1634148511793374,1.7597738112922818,2.7332456246776777,3.978917984664793,6.038615987139222
cubic,1.5499744046234996,1.4126668759255423,1.1186212630039234,0.9047324100849072,1.095774791599874,2.0089761441672143,2.730712191402859,4.184355380066879,5.9931566205939575,8.897472181520635
cubic,-4.924279504559081,-2.483940566956786,-0.9686888057170374,0.0788683084661054,0.826146944516038,0.94310303641827,1.2218288605745302,1.1231992998356644,1.2594060108088876,1.7022527113037038
cubic,9.709034998035074,5.49356495140255,2.4976894542529258,0.7316412775904317,0.0966128456295637,-0.0638175135946326,0.6228018781051441,0.9553010933575932,1.0158941788902291,0.7183945231497195
cubic,1.7872268630688763,0.1101702799649184,-0.3643720187753758,0.3090981710159547,0.8999813064322677,1.3648790195280105,0.95690813917902,-0.7968143112547086,-4.52017472422023,-10.54337285751284
cubic,-1.7111213840261192,-1.6082545153650292,-1.1557609297697276,-0.7482709054189155,-0.5251297823639273,-0.8527443964135756,-1.7931480757978584,-3.624622986607875,-6.854906196781701,-10.975770037908235
cubic,-1.8872791546200196,-2.928715409301979,-2.5543143089699845,-2.5679084224606243,-1.8160655433831536,-2.2883877539239776,-2.6289197421503703,-4.176392393945453,-6.15474165438581,-10.419636783977152
cubic,16.737549780568926,9.08278660966756,3.389954508373877,0.7202147285050575,-0.7236631655642513,-0.7500682210815405,-0.5934540878970791,-1.2271424777354585,-1.4345457758796738,-3.9600073912534266
cubic,-7.88550080580766,-7.164266402463251,-5.569292889805565,-4.181168968899963,-2.856865257387502,-1.8305192439476847,-1.863273774819536,-3.2651999290785194,-6.197645758130984,-11.008094882976302
cubic,17.82928324861003,9.676178103004348,4.828566762858345,2.043258111947073,1.210033508343497,-0.4570887411864143,-0.7205550016143052,-2.3869342449205395,-7.350488300224284,-14.885046608182533
cubic,-8.683015832649277,-3.9593944199154607,-0.9829591943466484,1.4753071076922963,3.12139626592033,3.500954089930097,3.746484899238207,5.659783358790151,7.656943795401583,11.186849579760558
cubic,-15.377068185619052,-6.980684955184702,-2.206274601082473,-0.2140106780297215,0.0015097252671276,0.0418652228838873,-0.6631395209500355,-1.348757738953373,0.995408695569376,4.499541222737983
cubic,-0.4823088354850766,-1.9869334179379372,-1.9167608493119164,-1.7057317623178414,-1.8719960802069848,-2.067259329972056,-3.337820505017186,-6.00132789521561,-10.323236156366615,-17.454888462094683
cubic,14.361071009683403,8.838969291600563,5.500473456537149,3.1514742295321247,2.19415363009552,1.8772378249376127,1.3612277553211558,1.240151529844047,-0.4424634698763069,-3.359144631203717
cubic,4.901046066343671,0.7054903345517697,-1.2879746838467885,-0.6760000658968589,-0.2960794259718783,0.5920460585152828,0.6445808374709736,-2.282266818132469,-8.866464581326037,-19.712640662392943
cubic,7.830041299452716,5.482767227462951,3.9059693405187335,2.9462873971332897,2.562833368737295,1.5896959450222343,1.7937860721148535,0.2938710363373313,-1.017102306723436,-2.1620129733104867
cubic,-16.889194405594058,-10.441923940131852,-5.6279955679670906,-2.394515370837749,-1.0710483112347735,-1.1356413813561816,-1.421541846196286,-1.3972718428102482,-1.2602629042893467,-0.3619870008737542
cubic,-23.81736995076693,-11.822088917226036,-5.292003521438086,-1.892340163016052,-0.2020163600816475,-0.1585722272984651,0.4228269222709985,1.849886160985158,4.861808684111049,11.083077902069869
cubic,-6.41478865552381,-5.088429764173022,-4.055378905802222,-3.098227225150094,-1.9528043383098608,-1.113178562995362,-0.615276480387235,-0.4319998590293543,-0.7601448296188292,-1.6726302140153029
cubic,1.7840769280277236,-0.2128326376795634,-1.3751356396714225,-1.329094899896274,-1.336287817505306,-1.2902840303098595,-1.4294807641601883,-2.549729587042009,-4.759381274575284,-7.938675473861513
cubic,20.73622310374476,12.361916531680729,7.247910051054697,4.26381488374874,3.603481577331392,3.0259893329074354,2.22596306358088,2.592278595303087,0.8034421245772693,-2.179727425343498
cubic,4.671686820832444,2.0123085925880133,-0.0152965293202982,-2.068907874053035,-2.7295061698638765,-2.669230848354898,-2.5644180743189597,-0.9666175781688116,0.7540003250149887,4.006762874867519
cubic,-2.258533712747769,-1.866087241062084,-1.3545361464350285,-0.4675406376465991,0.3235335695750561,0.7401619607249467,1.3129901943447515,1.3895318829096348,1.5248884296112204,0.9645202595505517
cubic,3.847360986555585,2.630539357014646,1.8834951111377864,1.4777998599345503,1.1822577839315536,1.078633712814142,0.72574976523264,0.4261620940486321,-0.361257707156722,-1.6213326149382783
cubic,-10.844331429109854,-7.082107671596983,-3.09767398376778,-2.907110061980486,-1.1400173219047944,0.2106821544631167,-0.5202303562983293,1.1554641967706063,5.467371139796961,11.582271694326655
cubic,-10.53403439103721,-5.120280210482051,-1.6604381043349077,1.434550165416777,2.205267235364007,2.8078981624347623,2.584679036928048,1.877925162789654,1.6090370808812522,1.6989975465087246
cubic,7.532828453907108,3.4186202134891563,0.9873386045368036,-1.046933961170562,-2.0871732389988416,-2.8518332972588047,-3.496840995968027,-4.585020524308896,-6.458300029561165,-9.151830920265754
cubic,-2.086532185896091,-1.1843878060875557,-1.2495929155653152,-1.5626214762440425,-1.827912133577172,-2.260051566847162,-1.6843329408978025,0.0623056160022418,3.702210541958707,8.722197564588594
cubic,-16.394787369077463,-8.793549160584037,-2.791450680653872,-0.6088368843685651,-0.092529121797602,1.2387463203536249,0.8844641365904589,0.5598357184978975,0.9234726605847244,1.7997443321900537
cubic,-0.3157511163383727,-0.2778570092813031,0.1948934782072752,1.1979949578333928,2.1403318167952303,2.8676407591416657,2.9963603375053256,2.2345024369943527,0.5961327248527503,-2.817437861505891
cubic,-7.105089882209906,-4.931934621233817,-3.094862105557435,-1.26000742757955,-0.9566293472061947,-0.3008748589759684,-0.7125439377609006,-1.949593572001434,-4.199872749649517,-6.439663694523947
cubic,-7.259407560166332,-2.593692375268952,-0.4589743568403972,0.8182822030694716,1.0211259195909748,-0.6326885685451876,-0.214115968780378,1.4629673316861995,6.229466352853043,15.643619427112275
cubic,-3.205758735364026,-1.4039005507028566,-0.7256371946219864,-0.8429919114784573,-1.1772638006902312,-0.9735442813846292,0.1458973679730813,2.686748203048534,7.229363565302512,13.968256109720578
cubic,3.916781920615304,2.6670905523960893,1.3397279873066794,1.2238051501661642,0.7378927920180415,1.3560830672801356,2.2991340962744222,4.468778750726825,7.320358580517809,11.376200970210494
cubic,-7.000218528847158,-4.258670520301336,-2.7642257699732005,-2.318583300763586,-1.3951882744744613,-0.6801271806664533,0.2320187494930576,1.8953135578453133,4.276239892714743,7.720622737019528
cubic,-11.597938257028918,-5.8528576375842505,-2.9107718796577924,-1.8393583322941296,-2.283275141199655,-3.328017987209596,-3.116304946078816,-2.8815977990665997,0.2421202381659818,4.895144683142742
cubic,-7.41829557110597,-3.5950641292675325,-1.3863231062441628,0.2410457308156022,0.8746320082661777,1.040179995317272,0.685085274518839,-0.0817181433726107,-0.4468402453593492,-0.7411626076552977
cubic,-8.274487550579538,-1.906673588719189,1.5638771971648604,2.647617285566582,2.3079371073594923,2.1567707418629074,2.0960338721774265,4.155289774539798,8.184268624133392,15.430849647482134
cubic,-11.705502355046912,-5.827886069905654,-3.755888011808227,-3.0419624041603988,-3.2434461618792687,-3.302283296920867,-1.1784204248454972,2.440597301395462,7.438688018361801,14.799281724981158
cubic,0.0362294969674568,-1.029838907536431,-1.345247478501698,-1.0427885680018787,-0.6153952874837351,-0.1323684046957619,0.2652281353924505,0.1457757561226939,-0.536414740887641,-2.234294630537252
cubic,-0.7596305840131902,-0.8226731084011677,-0.5452224260027043,-0.0905723498575552,0.5222954545856715,0.9591065891989786,1.144415994362458,0.8400753417898771,-0.1065220547524444,-1.8280748740905255
cubic,-4.219047863597823,-4.139992506214157,-3.6053202158885744,-3.2416245534670254,-2.4378623257736574,-2.112455896346608,-2.419197297077871,-3.8369367439685593,-5.926320722188194,-9.589724614335948
cubic,5.033141697021292,1.639269486251111,-0.2160813815195775,-1.030998396206555,-1.227981082808978,-0.8481376956027722,-0.3331619763310852,-0.0422244953635846,0.0859140080848161,-0.4214795038911365
cubic,13.18352598701086,7.2121840855529715,3.2926129715374928,0.0880026163064158,-0.6030138359618493,-0.8927160700948846,-1.719763339409711,-0.9057617613424892,-1.1436127467410475,-1.3860034982324585
cubic,-9.08643251002967,-4.875134323558403,-3.350999489597796,-2.586475050343589,-2.011918782007592,-1.7060524699872568,-0.3636094154966118,2.4517402251127707,8.2081624199776,16.776724068807038
cubic,-5.693506724609854,-0.5163499280903224,2.3101315159410425,3.38937861720448,3.379058995967984,2.440748912948452,1.4682287366466382,1.143248552617791,1.9440030011269955,3.883785383258511
cubic,-5.426600615378898,-2.2288623861316017,-0.979757723903066,-0.2233392686085919,-0.8239388957465407,-1.0949031502574638,-0.2078521113852899,1.7127896448042337,7.321405870598496,13.976540571506204
cubic,-1.7546883039435583,-2.60696797443846,-2.700569656916271,-2.704895147950939,-2.733342805781993,-2.8489952567032564,-3.499831636141775,-4.828968136254289,-6.988553103825372,-10.157164812213535
cubic,10.274918014249083,5.801487884311133,3.375568403752354,2.215564843584912,2.411142731953392,0.8512039188841942,-0.8837262605895245,-4.596897837845108,-11.58609651134268,-23.293678633367936
cubic,-18.57928490744272,-11.325041434917448,-5.969034082042622,-3.028157782011623,-2.789903833649084,-3.917479719345181,-3.6238676945054302,-4.199106787446909,-4.088109842814036,-1.628182218935936
cubic,-5.392601333236944,-3.595414021616153,-2.068790943243271,-0.8166193264374874,-0.2302519668353114,-0.3162047572491684,-1.0964739940811796,-2.981311681029909,-5.790653258886007,-9.649402622610063
cubic,4.851182770510876,1.5520150424749322,0.0868978965095059,-1.2681432472180585,-1.4021031927963994,-0.8719460674801212,-1.3169380750071562,-2.3004824239799597,-3.8738959040122816,-7.429090285589621
cubic,23.43339477912516,12.525082868093495,6.127058381745088,1.96512238568574,-0.2194516626994538,-1.4849386159145703,-1.5647230653866095,-2.552284542990035,-4.528409761511013,-9.419742110757715
cubic,-5.277314037502284,-4.944247777703415,-4.344770413687362,-3.6080401531293926,-2.941580665276215,-2.6052879345573543,-2.1276636934899744,-1.944124322127708,-1.8226946197042808,-2.1223132928916977
cubic,-11.100176567788274,-5.710804186935476,-1.8845939512354128,-0.2173990658633601,-0.2840740645434006,-0.2624340208479158,-1.0371098833983214,-1.38880814351667,-2.2663184595939825,-0.6765981088647797
cubic,-18.46303074311721,-11.423064707829608,-6.247955477151431,-3.2816189230484416,-1.6544694435104152,-0.5936025106067163,-0.205338907968467,-0.0689672577384163,0.3416832400039634,1.560683532245039
cubic,22.311063970472475,13.179937496288636,7.407899027100991,4.460420972638487,2.736346127601749,3.17751734249632,2.0808620160651263,0.9225476250311836,-1.537777495557412,-7.37960081334495
cubic,5.752522483640415,1.1429982097531584,-1.219848176792959,-2.478504209071644,-2.3473422325744195,-2.0575473688484625,-1.6138481857028817,-1.9740860706243528,-3.085602404626022,-5.4972021588370605
cubic,2.603365047397729,2.931972562969835,2.56593131356411,1.8577861465955976,1.0334891354338476,0.1604216564014346,-0.3007914258136326,-0.3411315038412391,0.3322242088878959,1.8908945014560867
cubic,4.418710050320458,3.9814507689560745,3.461896345738908,2.8433787158484587,2.529952584794668,2.543154289713465,2.733869578077475,3.3762394855423605,4.784356995731788,6.177623008843723
cubic,13.602946113359376,8.382213113518874,4.252948127024098,3.2181366973921577,2.410128588299125,1.5464801616525676,0.5544706927831802,-1.55679866389185,-7.955171481467055,-16.13219952361152
cubic,-11.07806561930595,-6.618083195702422,-3.9578354641170415,-2.7543984619050903,-2.346892070765493,-2.264957209525956,-2.583650431196394,-2.326348113956471,-0.4638106286708226,2.1695044729501083
cubic,-11.20330938961248,-7.334740459088373,-4.795087419903269,-3.2310523354744736,-3.069704608514816,-2.155405241674976,-1.637028144690663,-0.8417578395864337,-0.1514979973258216,2.546951939249316
cubic,-12.264377720714132,-4.064406312446377,0.9822378439006818,3.080486702021384,2.997539641126993,2.7961068964810543,2.2040750404992844,2.128738068958576,4.365028682463018,9.071770690475605
cubic,0.2607410022227394,1.1447019489617265,1.6542802135337609,2.055431596007231,2.3177046082777943,3.237314624307254,4.020623240642451,6.965113248533898,10.186059794267306,15.58137329417328
cubic,19.82753972238645,9.92151906073364,3.970505648920311,1.7787455648400228,0.0087747934567357,0.114804646944363,-0.0024768281350719,-2.9233418327087417,-3.676736429467448,-9.157917826449165
cubic,1.1078746298352191,-0.1409657485110077,-1.0882894681750888,-1.274041680667305,-1.1425371784142868,-0.6237555484613967,0.1144833843693648,1.0603432865601898,2.0284266270841984,2.9774976799828163
cubic,0.2148739565848739,0.1057831628188512,-0.0647957230592342,-0.347694520972202,-0.8112989704723256,-0.5428607849501035,0.1647693415430152,2.617719152612572,5.828778490004779,10.708754204087084
cubic,-18.519085179832004,-7.903479703723401,-1.763105701810648,1.0487128140378277,2.2589190792039826,1.8754608989349568,1.3482820224972512,2.8305541471081823,5.520687446974563,12.07950954941474
cubic,15.95378067152452,11.34258586098896,7.043136576538562,4.2869531333226405,3.5163366361962924,2.6422922892006446,1.859615869683778,1.0199528985343624,-2.827361000841016,-4.647742104682736
cubic,-8.710560888420154,-4.2960607775110615,-1.5835604708375106,-0.1156492919175189,0.7086307307000583,1.2787330580245233,1.8916617113213048,3.934860739158517,7.186093619889935,11.817464033534907
cubic,3.645493965913688,0.1797820735649124,-0.7678793046942332,-0.7797916863604432,-0.7942809744442021,-0.3223996045961839,-0.3111204342748527,-2.0299571708951376,-4.80445576636212,-9.593181869661914
cubic,5.205339742869423,2.657222272142826,1.1519548039159302,0.4485800233449453,0.0068764912180636,0.0545153526159033,0.6668251130606998,0.8381379993719855,1.0980960857204158,0.7735967006743885
cubic,10.970982911202649,3.99488320480473,1.1575169575168909,0.4562982330954209,-0.5015818977687909,-2.0587896299512964,-3.3747029293574373,-8.144196514214645,-14.611137034089651,-26.189025218990277
cubic,10.956774354524196,3.493427967021286,-0.7622942992854803,-2.2775096895072293,-2.3184959015608246,-2.8609461966079803,-2.945171282822989,-3.3517177809562098,-6.534933057314004,-10.804287516261862
cubic,-6.780242169700132,-5.1924624105447625,-3.674149828517527,-2.397750719267201,-2.2338718542721367,-1.932201861656476,-1.067993809694265,-0.2932187954093703,1.287582533602226,3.9575335172685935
cubic,-16.00296906348923,-7.919755549298634,-3.7650768356790407,-0.5501914330803811,1.047288926362823,2.331237126279615,2.441216303481404,0.9952737122345608,2.898424170990951,3.2242024441029726
cubic,-15.153872590656391,-6.796904156433891,-1.5518061946502448,0.0598306509027045,0.987237048638151,1.2658467888297564,-0.6504213282873186,-0.1337136394304253,1.2693679558621016,6.251280376680982
cubic,2.4843700112660287,1.9277599497969824,1.2363042236698605,0.6584639890875734,0.1443685643364571,-0.0737668119507181,-0.0337762034732748,0.4812071041833932,1.3320330705995354,2.782418672319894
cubic,17.58923859274595,10.04640663190006,5.578674748719596,2.566640556191634,2.2227358551986067,2.2749377796154118,3.165483865085711,2.584343478815609,1.2048018315950737,-2.6247606211440364
cubic,-3.917470944098149,-1.1097166972632058,0.7842582714969292,1.539594195863467,1.865552470765964,1.898969090459631,1.9900537994750491,2.7040739171387957,3.9491441306515696,6.586446312828048
cubic,12.483009341806282,5.833296506415032,2.3331575137964142,0.2251091451811363,-0.2094352037160833,0.4348416068208619,1.315579563017243,1.841605964376288,1.6914845696723912,-0.008402194109388
cubic,-0.8969726111041759,2.105098015656803,2.73873065195269,2.552234764700008,1.727591920025986,0.6494098810141653,1.116088705388684,3.295395074210419,6.489770879944507,13.562430744203777
cubic,21.23119736558445,11.182925925520893,5.163888462868377,3.129528894969939,-1.3685375548656973,-1.7877833682780035,-2.8659730829025567,-2.2640990381993698,-7.874871245767421,-14.22815655352286
cubic,13.632198578562448,6.223541879115454,1.8000338883306544,-0.7125700289021724,-0.9840671041234224,-0.98489196293847,-1.622330592024368,-2.5894430443689296,-6.005453193599785,-11.598084427557453
cubic,-13.484442059367572,-7.179143099816202,-3.477412860673064,-2.006788657186443,-1.6090084819484225,-1.3265799982361028,-2.0389025048256384,-0.3144655588416857,3.5794570953658766,9.5365943835919
cubic,-3.2371786472739523,-3.913944655136328,-4.680743957847832,-3.843698849806946,-2.86713023065837,-2.8334162492687054,-3.826226876461949,-4.774349384566923,-8.43479945924038,-13.79647852105057
cubic,0.9535614273181342,-0.1592402391607146,-0.7869732415628987,-1.263515060728124,-1.9339279240362828,-2.7480903766533005,-3.9733773951717,-6.235141413698452,-9.510201357182044,-14.172711565064436
cubic,-0.0813068272978008,-0.8480711958996499,-1.748393066217206,-1.9475601367826227,-2.4297741047417163,-1.7152395168352148,-0.8642715536142869,1.208583685605857,3.899042332935084,7.926100032674458
cubic,7.526235867121723,4.455339518074713,2.604436383688183,1.7680004233083189,1.507697373371418,2.127438559779841,3.2825683863704898,4.703360478304371,6.199521027484971,7.883614382671542
cubic,5.204488397748089,2.4926353000222568,1.8212992803560597,1.5125826991443132,2.225131866978258,2.804400963697354,2.708002362717023,2.4871021073486865,0.9323978791712676,-2.220402519769445
cubic,-0.8291211638131096,2.267340005781917,3.462522425082624,3.700069921357189,3.175541948563113,2.4357851040508773,2.4668188331734373,3.656386690454213,6.454808520410748,13.06429219863537
cubic,16.298509016559166,6.930055905855163,1.2965968821031244,-0.3897805593312844,-2.557079323147865,-3.988118113506397,-3.915114718261201,-7.137125243744131,-11.111414698892906,-19.36993204576753
cubic,6.758908289188051,6.001628022799146,5.027138035219832,3.7542490893547016,2.7279827156222964,2.1270794520032377,1.993817566543651,2.865241682822779,4.463921348640916,7.373373025082243
cubic,12.458774358661426,5.727066745749194,2.501943075804788,1.1310169830737822,0.3608565929462901,-0.5744020568499788,-1.5111182145391229,-5.122469502464886,-11.29190819931762,-21.266684424076814
cubic,20.59875193114524,9.731140057122248,3.785720814216363,-0.1224657330876053,-1.1079213337549323,-1.7335131861891864,-2.739866848489634,-3.5223967446449937,-6.047244916109261,-10.902049784242491
cubic,23.1796263438472,14.226348813301223,7.703068482845955,4.780210691321424,3.528759687468773,2.3693842443293605,2.890948707855571,1.7396872143270783,-0.9310311933049672,-5.208670949504033
cubic,14.56459378789716,9.703621153140997,5.449861346292053,3.484852866061213,1.7890500160883556,0.4323847627604392,0.5351189106856676,0.2211848385860947,0.0819354339432743,0.5476604257981619
cubic,-9.83930712178768,-5.219286409231448,-3.769989284452026,-2.4022273499742344,-2.279118770205645,-1.996886562953467,-1.6337480445205357,-0.073365857103896,2.5945523243896904,6.955636182961621
cubic,4.390491752882924,0.1993970692019412,-1.37939811843281,-1.4081409996498655,-0.4249355761726582,-0.3823365480064281,-0.6583695572195416,-3.905061416622144,-10.208347105323853,-20.60530668608437
cubic,0.1148297830058125,-1.5300107484266208,-2.498280194512133,-2.945772001162734,-3.0383630147642213,-2.9075069495651293,-2.376843065688547,-1.9303007819773697,-1.2767425776650203,-0.823883353549945
cubic,1.947295230244652,1.8915754930006787,1.6770257915585594,1.0323521335376926,0.1665823654039188,-0.3360385157761094,-0.5226162752188755,-0.3204624022357695,0.6992185367070064,2.5742987627039478
cubic,-0.0306678058255798,-0.9550230614547704,-1.6539870450594896,-0.326444943571099,0.6110299651096732,1.5605907741234464,0.4356075254575957,-1.7826587880522011,-6.652403307785702,-13.66670044112262
cubic,10.204465315364756,4.8898575077310005,1.1880113380035386,-0.4833615357084129,-1.351026364501291,-1.1734778010975635,-0.715532903331364,-0.2125113201706829,-0.5153649090941408,-1.864995303045052
cubic,2.280886941521932,0.2056713056730364,-0.7226469988622768,-0.8749751641966304,-0.4351858371840619,0.0883203006736433,0.2067895492498184,-0.1795306713133735,-1.631494587902764,-4.65548062194618
cubic,5.18812100091224,2.03099703686052,0.8731114048245914,1.247117140495403,1.6034135117368755,1.4908176393012316,0.0241131667337353,-3.5481780670765777,-8.906166859546873,-17.944464130824326
cubic,4.519446678526421,1.1690361941787082,-0.5970620200619112,-2.38713320339621,-2.545644962733736,-2.5055364321265445,-2.028552976667732,-1.2288458316578728,-0.2718267150229523,1.2191503198357176
cubic,7.0062327022990525,0.7707975411603041,1.1741040228518582,-0.4856209909051543,-1.6097155512798442,-0.1739163932580699,-1.0762696178948188,-3.741219885762021,-9.261390348962149,-18.93175706550456
cubic,8.821411019886327,5.887890064619574,4.409977766171434,3.6134609408559815,3.1102207493037723,2.639287056034472,1.587733211685529,-0.5351290735740704,-3.6616803905396673,-8.966436585630502
cubic,11.747311179320173,6.299273297764011,3.2497337081294053,1.869115059630409,1.7194540167846464,2.448733006015974,3.2188616195003084,3.770860667311593,3.2780618219057813,1.6650427560049823
cubic,4.561149433590151,-0.4232184706503183,-2.1874142108116006,-2.9990466098164874,-3.0472066861085163,-2.3313991511138985,-1.899830385159844,-3.1580112045882016,-6.607481204520395,-12.496576823706077
cubic,-13.693755130934044,-7.39352698128357,-3.818729835816195,-1.4199799384914902,0.555103716141959,1.181452814257602,1.4542538955562714,3.4065496291080115,6.330012366360895,14.489536272372604
cubic,-4.355248383468194,-1.5740660393355848,0.4631137613302272,1.7859495910986252,2.108391373526397,2.127986573141292,1.8299466685427743,1.3217851117562138,0.4380397977625506,-0.3236856469599837
cubic,10.829842681721049,4.568630181836136,0.6824873432711628,-0.857220010606306,-1.1660813664323462,-0.5571253905422027,-0.1427808908641459,-0.9840271227521952,-2.9206503083025863,-8.66759062834283
cubic,16.213850855691124,8.866012191945378,3.257436851547605,0.9521518459667896,-0.4397709067369608,0.507405998124778,1.2270374415883425,0.5151305181987245,1.329941432158774,-0.062025147917533
cubic,7.702963255421295,0.9929741745040708,-1.6487522265832697,-3.373485573797448,-2.3597045618874994,-2.665616843665897,-2.901922100573087,-4.292354727088439,-8.213210209351368,-16.134517804467954
cubic,-9.207042699603114,-4.364062972009128,-1.8794496795231632,-0.4534541636730606,0.2588031931279669,0.908387282644511,2.3061055185275743,4.779759472391548,9.621797618712607,16.991317624704973
cubic,0.8334477690310569,-1.4377881141391702,-2.448901527554275,-2.4498504448473857,-2.0549679316445992,-1.3068011729539175,-0.6184226733611567,-0.6566328562189815,-1.5279197433012528,-3.5629245089136936
cubic,17.701365045647172,8.443996063693156,2.965901460913687,-0.2986198073130069,-1.68218413864769,-1.7999832119217447,-2.693002981874692,-4.363901811227874,-7.905976080698799,-13.48607817316803
cubic,-6.707103527725474,-3.958656830082676,-2.325048208345034,-1.8593812329455448,-2.0036726518751458,-2.369455747715981,-2.6086457774957323,-2.245701622604699,-0.9533967896219953,1.6478467461431916
cubic,-7.493549841653476,-2.083292996468197,0.5573082081988712,2.3686107212283445,3.183918353334636,3.665704736352251,4.908696791732224,8.78241083215379,15.425910786640856,25.53277176285276
cubic,-8.347467458970796,-5.549869872201802,-3.3197999187113285,-1.9455530579138356,-1.3083160593251508,-1.0704408091771551,-1.4374632178425255,-2.322090790727444,-3.218749478373428,-4.8354436279059225
cubic,1.4554473000706611,2.263275477035541,2.3284513061072967,2.338850719385616,1.8427331557441315,1.708661425186466,2.002539751034344,3.0910302156945906,5.492427714474252,9.189053863730896
cubic,-16.790133988016304,-8.41069957630802,-3.1675254226821865,-0.5800072572506652,1.4463507251699033,1.8482134522527616,2.3023686991485746,2.417126335535501,3.9372607713308656,6.595479962473879
cubic,-12.781053969456648,-6.550176222510014,-3.228728773042692,-2.112779632364228,-3.274730560765589,-3.0680445460273376,-2.4773033745756647,-0.9504845565203512,3.593900533020371,13.391891796991038
cubic,11.353480962162555,6.8438177853573565,3.798670223443484,2.2320243389930594,1.641321074889183,1.874140488596552,2.7452256256186134,3.931634755843792,5.222496977431867,6.395650685397245
cubic,11.203041408145086,5.269059410586022,2.071798018154521,0.2072131890137249,-0.327621167741832,-0.150404807967091,-1.2973812990366669,-2.745742031337625,-7.013853123758121,-12.7675872377602
cubic,-14.269470639002844,-6.544816908267568,-1.5086275429835374,0.3661985959778304,2.3296408665925066,1.3131483901921552,2.002256229115001,2.1459209036421174,5.167473375580959,8.625678279365507
cubic,-9.610685818964212,-2.0804863728928136,1.8654917574140095,2.160569829372475,2.455726591699995,1.5820075579580726,1.3729143861458606,2.543796603818439,5.894807685173574,11.548496257127947
cubic,6.199161288235471,2.3096955818063742,-0.0844630822363186,-0.9450899409040644,-1.711539802649913,-2.2585805699622363,-4.61047503750558,-7.384176230085791,-11.76402214683582,-19.616784430714944
cubic,7.198835959220041,2.59156125808868,0.0638395765158697,-1.878491862338558,-1.5402607287975931,-0.0470162827974351,0.5774918391988115,-1.0758689042412182,-2.178704396735432,-6.225592983938754
cubic,-6.252637919297629,-2.1527226489793505,0.4482029365904552,1.610426465561746,1.7169042539199382,1.9751986333222045,1.4067854870081828,1.2321175601914818,1.591647697273796,3.1166087184918725
cubic,-16.375119802991044,-8.537985063662155,-2.98305867549603,-1.138478876233212,0.9043371239082512,1.567036357993954,1.7074080357271364,4.698818101055505,6.8858652489492425,12.100584810227204
cubic,9.377693203039817,2.336966407409278,-0.96827727741879,-2.852218091318803,-2.2476635539541405,-1.8542600987234457,-1.040000009392532,-0.6123636048234118,-0.6327986487789286,-1.7342286051176508
cubic,-16.485877434889204,-9.099124759676611,-5.205138516533159,-3.077787976109325,-2.7687234849747138,-3.1215196027497485,-3.486876044787003,-3.493171570187916,-1.838143399898751,1.874438592132092
cubic,2.764747709659066,3.2543824015030216,2.984230733085389,2.6147260200412337,2.138343788027093,1.63974536992995,1.6239702415460906,2.330788843637723,4.04555910834619,6.817912261592311
cubic,-10.019756922523756,-5.676031794343279,-2.750685713621419,-1.1775506381147145,0.0362700415330502,1.0692574703719329,1.318696520448238,0.716669597109326,0.6173541548373122,0.2724524460391764
cubic,-12.115001405277033,-4.831229044192913,-0.2428701863116119,1.6244168654011055,2.1592025312417724,1.385037251447798,0.0018955421038733,-0.7262528433318738,-0.9388582839725624,0.3366383648629846
cubic,12.340460349827463,4.639163947921518,0.2891900932833425,-2.183032204357377,-2.7809562997831816,-2.8769173440179965,-2.3056052210178075,-3.2859806636869395,-5.11977638733817,-10.36040132071671
cubic,22.07501502301595,12.463362801368891,5.175751565943449,0.9893114839198338,-2.8986327841091475,-1.5224356987520529,-2.1914814754093395,-1.5935614140265058,-4.042599415331678,-9.44609086659716
cubic,0.0590594029710691,-1.050459636416933,-1.5279317683100249,-2.0289682019844264,-1.7899694666629478,-1.2105730269839394,0.3050770626679818,2.872771668902166,6.53769749560713,11.226719427970613
cubic,-5.866136839188688,-4.46337915882825,-3.47363371388164,-2.857734584835122,-2.6670101958009385,-1.9971069836751365,-0.8035664104701592,0.9135889654946712,3.683438637264104,7.982267796245097
cubic,-10.600406482732442,-6.357772130870303,-5.049010241940941,-2.130443219300375,-1.0706687748748818,-0.6700236794649848,0.4202556900241841,3.635988529670189,8.473110157375892,15.406329013230176
cubic,5.122831853657328,4.076681094601521,2.4697108959969616,1.7954620817927105,1.1442641319892726,1.5452274579218122,1.9626227801469835,3.3640088612167465,6.31143343085403,10.168628217814886
cubic,11.502529270362556,5.665741959788135,1.6506274673431909,-0.4520909194894125,-1.448987328523572,-2.2989125195941527,-3.0372102755905384,-4.136239773849727,-5.657055953964755,-8.47035827757894
cubic,-8.846700776694291,-5.885275584883741,-4.057460016613175,-2.976800302838301,-2.6364818205850185,-2.581097476279536,-3.260173089643127,-4.000988202153822,-4.854822059564717,-5.783566407603291
cubic,6.196134101038751,1.3417332733619869,-1.5830292115374434,-1.9537824958467929,-2.808892439798909,-2.1730309467572435,-4.136930363102134,-6.201838513907066,-13.91923470016449,-22.752789970933616
cubic,8.232098892354436,4.302907058678048,1.67212703853657,1.2261609729642482,2.1288312745964797,1.8288649191078865,3.520599985420953,0.7510583149862835,-3.0729328996817307,-10.9901175333828
cubic,-4.529009628419357,-1.984209229999248,-0.6194600664819605,-0.6738874410035689,-0.6462683065350922,-1.1848449179721448,-1.3799516062855528,-0.6336582054321717,2.3495497886742385,5.727203162059748
cubic,8.981530689749304,3.841513276097708,0.8433042517453887,-0.2472315388103341,-0.8153795282645452,-0.736115163073854,-0.4391949245573414,-1.373447590336908,-2.664514511697452,-5.976332767031664
cubic,2.7008077237748127,1.8277409529889583,0.8018010494360542,0.8337338405642043,0.4980951023612623,0.5538352891629135,1.0090691938772682,2.4732111677531097,4.143045835726648,6.856388999738782
cubic,10.425153835347396,4.310252357387091,0.4092389307516807,-0.5090186020723775,-1.079188746507903,-1.9101344606455608,-2.602597391957317,-6.393095658745237,-13.013448358801991,-23.64733418251685
cubic,-3.764646892929989,-1.5013139485102616,0.3336534104546222,1.6129701338399092,2.3461404479393093,2.7434478537682057,2.3363102258977326,1.2520011382763023,-0.2655749999043419,-2.830139418969568
cubic,21.12906070674457,11.730297824889432,6.712959117574423,2.8860070411781944,1.578649430954286,0.5345162039317505,-0.4408173350719953,-1.9076317490676349,-5.597256149821426,-12.152798907196312
cubic,-7.632537749029387,-3.675146142637101,-0.7019963919759601,-1.0715068398207153,-2.2004185480808536,-2.0534827098550177,-2.1911487470616207,0.1041597731229438,5.579120479084593,15.671122883516524
cubic,-15.56262584886912,-8.21132571912447,-3.712823328664304,-1.987292609415025,-0.5030071755130603,-0.9133484492791925,-0.6055533962485826,1.7144078021160818,4.882518951086863,12.420524929837784
cubic,-17.342318249093907,-10.421757207615649,-6.0470384789583,-3.470755861040492,-2.5076705356131117,-1.6124264416639862,-0.743906077723509,1.4990716890146047,4.689632867056678,11.065458789648384
cubic,-19.77491370544529,-10.559707174523307,-5.368263965949097,-2.2327213394660568,0.7739438870253663,0.5907102193056217,1.5173815382839,2.8161983698067745,5.62124376851862,10.477455846845618
cubic,-2.0641278163402217,-2.5142957744045886,-2.324040187874962,-1.6172194712089398,-1.0780946074264948,-1.178659558613672,-2.114915350087762,-4.618955427693776,-8.409680976416876,-15.17792654011631
cubic,-2.8409418666619866,-0.9213831204919084,-0.1739026924287114,-0.2363467098167156,-0.9524496329543418,-1.5459357166027152,-2.1262766758545903,-2.038913941096734,-1.042922465187866,1.1705285830626662
cubic,-6.214181955120285,-5.220115543239893,-3.948083703406221,-2.726962197415919,-2.231308379998908,-1.64317892386598,-1.1604698784341048,-1.815932478441781,-3.2768253965594294,-5.231965900097492
cubic,-1.1655061802293123,0.956139379085214,1.8438857400442967,2.737814016480036,3.0072663346171558,2.699281924170082,3.6094002776234775,4.070898244488592,5.968643778830347,8.713251075108264
cubic,-13.679577082603052,-8.403861394751077,-4.659383872712789,-3.1500619540523207,-2.977133073626763,-2.7267971401302997,-3.6934951080658265,-4.614102682999094,-5.180207656709047,-3.950715414464789
cubic,15.701051048763672,10.227446299347973,6.163186485942836,4.287496871347683,2.8060961780457223,1.404499894449461,-0.1014607358993936,-3.340151736503901,-10.826546284722642,-20.39693825344578
cubic,-8.778179953481503,-5.024435059499464,-2.7424489464574053,-2.058263624545678,-2.448269287562904,-1.606822540984587,-0.4701801644666377,2.925001780177896,8.660999742722147,17.559720840098585
cubic,-7.28011509621149,-3.812129253649241,-1.224698154774795,-1.0546554022013537,-0.5690328448465612,-0.3642543062334105,0.0198380052127033,2.12227620489246,5.786641001838326,10.954253523134527
cubic,-20.53451903878227,-9.64469046676284,-3.033811667597977,0.2405005882454732,0.0973178279194961,0.7964420907899247,0.1586192229356936,-0.1191566702904694,1.975550537724315,5.8697801926574735
cubic,-1.3538082542093717,-1.0190156589377524,-0.6120205773139463,0.1273302342856532,0.3792274109698426,0.7292388208511792,0.9891634061104372,0.8695910013741144,0.4542099366462733,-0.3306796069888458
cubic,6.34575702806645,4.733710004375927,3.433825509234813,2.494629825536033,1.5783806267356524,1.0532876576756205,1.1178382809259175,1.843365855575127,2.8433553238218057,4.351880647610367
cubic,-12.939904349617516,-5.652504545648256,-1.4623903351939462,0.9485211088551204,1.168910944285864,0.3424375183024625,-0.3542154603605799,-0.658378884237646,0.6117364838921979,3.170370873772692
cubic,9.250971800914662,4.170216740264208,2.208541144721604,1.2331448698074845,-1.4071065115248231,-1.4779398575871094,-2.734720596811951,-8.715293498084383,-16.168815253079806,-26.83074645694402
cubic,6.133629963443648,1.9666698113218095,0.5775068101101277,0.3858555656370652,0.6866808252944429,1.1747298704155231,0.7212721037536458,-2.8412180274436616,-8.239739558869887,-19.41351816380956
cubic,15.156977041271576,9.280478172711648,5.67460816010088,3.6738635847852654,2.792680297414233,1.9623290287271893,0.0365149758759164,-3.9080808636735176,-10.849400507301214,-22.481186331923418
cubic,-17.783596862059888,-10.622247425669524,-6.041284489447709,-2.208795413890368,-1.5129838000247404,-0.3956587703824505,0.0015602846084477,-0.0813098693354531,-0.0074713840015311,0.8940896862454748
cubic,1.3195037393286548,2.642888472095935,2.389936248689658,1.714314604420467,0.7031144922833286,0.1035001596591622,1.0456780645524637,2.871923552718555,6.879352046435369,13.779711913594507
cubic,1.294937939715639,2.1166469311305023,1.5687548114017285,1.1179996248813773,0.679687338821549,0.2143087173248346,-1.8821110109505947,-2.9867872855805584,-4.592175092838435,-7.461233424073454
cubic,2.796531408444572,3.507908835865873,3.688231351763811,2.929597629712569,1.9676722629034271,1.3084651267438472,1.448143214200344,2.809557788699206,5.980313036798228,11.163043597445249
cubic,3.883217129114581,1.5843263067396904,0.5091031786211604,0.1335014512370396,0.5256332650730884,1.487012227856636,2.3868895923214377,3.260092367232967,3.907432259992999,3.922602475961961
cubic,10.662587696889627,4.386297038691659,0.6245231974343176,0.0103937341733134,-0.7341686075761424,-0.0279788192452348,0.172918342153901,-1.6653152791577086,-5.271100382340167,-11.258058312940843
cubic,16.226230760230166,7.358718244141492,3.7959798548288015,0.8134021850635149,0.8277658619469375,1.4420714591886934,1.9271960803181456,2.20178860875216,1.534345446963241,-1.0060748768002017
cubic,-12.041658103374226,-4.594678966846902,-0.0544671783733042,1.5888433967680515,2.314007368734284,2.9544333393557327,4.388511977646736,7.728302691646077,14.06008167996544,24.773174752016494
cubic,-10.14024116651914,-4.877714598103725,-2.7051559980389346,-1.77815691225808,-1.0831822685487025,-1.6350396064287755,-0.7327292550317756,1.4862128909730057,6.126377766782419,11.944415314835624
cubic,13.760688635609538,7.613176740537124,3.455086348080831,1.0941654835507186,0.6553790190034687,-0.8438252226453288,-1.529342081266917,-3.063465924950575,-6.979764955721211,-13.329305155550488
cubic,7.20114862799367,2.40088485375192,0.0595810273220048,0.8074876332186403,0.8125003342135185,0.7156408923693862,1.228795990017972,-1.0034444739884143,-4.907737083489319,-12.08406597531338
cubic,5.565934595720611,3.880078801414773,3.211493555727361,2.7247518385423266,2.459511511067818,1.8399414509767875,0.3004745348128259,-2.164659906794314,-5.97912219389161,-11.643981561512748
cubic,-5.281845509892044,-3.0813558386927373,-2.0749415304321785,-1.796339463406862,-2.367469853642877,-2.906072773853376,-3.837174347901986,-4.32711308137924,-4.4068315510255,-3.686457924713305
cubic,-15.37586966367514,-7.746332690113173,-2.808126692470973,-1.2183710903530036,-0.5144511970250383,-1.9280208870215527,-2.5487077879492537,-2.690006707415177,-1.3278211680333007,3.407406841292923
cubic,3.418250761991463,0.5825429079422231,-1.4850055540210745,-2.6797529933742954,-2.436024561809349,-1.9668702505253248,-0.571427505257624,0.8274110313072228,2.817987076015108,5.1598202638235255
cubic,-6.610887703077729,-2.804173867575622,-0.2872440421564428,1.5622404698017751,1.5687376765961187,2.1723187831585102,0.6552901677050356,0.0322724912116013,-1.4264827976244336,-3.849235323433784
cubic,9.10455298776766,2.2653984601835475,0.3742449286211294,0.1750779460715794,-1.2451781506764488,-2.698520847923431,-3.792546731071991,-9.601713849221236,-16.127162289202577,-26.766863252902205
cubic,-19.47419657156247,-11.373006046881814,-5.836199517670943,-3.4145258941329533,-2.2426135856084226,-2.2827631293697226,-1.1074347895336187,0.9776451823335196,5.146219448370155,12.462384914724224
cubic,-12.21445547926734,-5.355366218266767,-1.2776276802631523,1.2098418866510658,2.383823289157129,3.5994115774302293,4.479555351486368,6.640458468757955,10.749067277478709,17.650976306023185
cubic,-10.170426918072213,-5.283616201592453,-3.087852556345639,-1.5356841597116573,-1.029434829416266,-1.1073935211367396,-2.811217448511561,-3.9874015177986943,-5.505415398305583,-7.147270456710209
cubic,-19.25198692237617,-9.450275694203688,-4.852448388052868,-1.1829739119103349,-0.1743423620381826,2.3334835548222435,3.127356895619872,3.718916744804063,7.730697518896342,13.813805837662615
cubic,-12.21319665861231,-4.684962486013979,-0.5954738999674781,1.3114778498493718,2.5779303009681587,2.446153684780599,3.157637878588009,4.019047380558964,6.859254484092349,13.162400683385364
cubic,-16.162314982492965,-8.59436992162235,-4.068975832967832,-1.589232228252467,-0.4448629795329131,-0.0032665910847844,0.5780123071095236,2.5151360730255723,5.451849720734225,10.99364396683849
cubic,-4.430052903259351,-2.8030275323324254,-1.002296411133411,-0.0082964348275434,1.0265831152816975,1.3921503327137172,1.1010511774351346,-0.4307474563445282,-2.737554594177974,-6.526755855059606
cubic,3.263917145063937,1.5932429977563978,0.3203289595849707,-0.507152343747879,-0.875103253741509,-1.1237028482850808,-0.9808112982597824,-0.6937108554557998,-0.2344408228753221,0.1971240830022443
cubic,-17.86475645310983,-8.822242738375085,-3.534610320153236,-0.2133259783901208,2.5383103602230843,1.763032640454369,3.281487466909453,6.949433320254599,9.07590520840113,15.816275947834333
cubic,-14.077238602104556,-6.773943277968998,-4.421223228145288,-2.709810650917269,-2.9412592703631724,-2.896591848424682,-3.4965785878958773,-3.5259374960539365,-1.4350470165198033,3.202748496381081
cubic,8.887277617823564,4.584969115888386,2.208351846961273,1.547673759068946,1.803998963123532,2.401835736885173,2.5354769868577494,1.6925887200395673,-0.7809910732159556,-5.321984733610637
cubic,-5.639808336151039,-2.5255869756701896,-0.817683061892321,-0.5872156269577863,-0.7740526356196389,-0.864137676023202,-3.235094899763603,-5.426848295401352,-7.788464728296687,-11.059049958850611
cubic,-11.078881756806393,-7.530124699149045,-5.629114078618964,-4.06399561878016,-2.8327799214137848,-2.300346644782272,-3.08658374487574,-3.39248175970918,-4.40611292622053,-5.104260965428845
cubic,-0.216901188517353,-0.4009386534158624,-1.0420682137561192,-2.0976021033587733,-2.2431024472994165,-2.304860734497521,-1.590636035915197,0.4126689269735449,3.851182090985684,9.3860889139788
cubic,16.733141786406367,7.410687421704628,2.9421169222398245,1.2531621244316369,-2.017665127817787,-0.7808214026901341,-2.830976281903278,-5.162940667980598,-8.599114173238537,-12.88088272320948
cubic,-6.6842419651671445,-1.8367731617677616,0.5661640461833084,2.049193190154356,2.462774528543833,2.687251210065431,3.491596813802853,4.83625390263128,7.907233078517818,13.490220257081662
cubic,6.625317066910192,4.44399477434391,2.069730705497727,1.5060230424217087,-0.3491917051364021,-0.8643945644340725,-0.9950489075467148,-3.042214313818284,-6.0315678368740695,-12.6601951237973
cubic,0.6400967483215424,1.784342120030506,1.5893339462044782,1.0000555138148184,0.3847757926703624,0.0741126104407805,0.7278372673627362,2.816815751620778,7.625821130754173,13.883280241196456
cubic,-17.263741431902115,-8.560107448962713,-4.764716386392139,-0.7284604736702471,1.1276395689269236,1.698136202493555,2.967517793290525,2.206653363093728,3.9784783848731937,6.968789816477602
cubic,-7.228812428403784,-3.3968927078044238,-1.080834408999315,-0.2456243600010742,-0.2565409359740604,-0.4481792979781627,-0.7085412607447974,-0.942008325429955,-0.2117597831579221,1.2566968982248667
cubic,-0.8393594385056503,-0.784145177854001,-0.39171371704016,-0.1258247176140947,0.7180331118966208,1.4592248512009112,2.411318420640133,3.474025892897277,5.53027043183769,7.632560708678364
cubic,5.744529939116911,1.8197999400096807,0.4643600452597709,0.3001260431680063,0.5194681542604905,1.3594755137937349,1.133786151077279,-0.7345104081852791,-3.6572748348465,-10.427911440930098
cubic,-14.078641212365568,-8.413591837844644,-3.606589863420732,-1.1890205097196898,0.8580085993343833,0.8177260995158858,1.747235633586974,3.0537945138609164,2.2720771570061107,3.516805303538016
cubic,0.816080943040028,0.7111855908825031,1.408908005148347,0.748782804263062,0.420461407408227,-0.1842862796998257,-1.1812906691795833,-3.668018650247346,-5.881686591944688,-9.06758644115652
cubic,-9.645989965884112,-6.03273261322519,-3.618257091745881,-2.3250412690847986,-1.7857765403995436,-0.9880968365096932,-0.2868456646328003,0.7460948815501894,2.8791571521536405,5.574678854346294
cubic,14.531222316375644,5.260520938489505,1.8718029995513483,-2.153229262152087,-1.3302314850499497,-0.9765944854599046,-1.4048672386110663,-1.1509266484771288,-5.022012385833014,-12.38533165723518
cubic,0.9072240431183034,-2.778479652491276,-3.788034371993957,-3.5529118017794823,-3.105967565121027,-2.419308601654924,-3.1364813636896347,-5.143737467066423,-10.626004352770476,-18.944337937354533
cubic,-17.005826913485716,-8.9989059443297,-3.379234255611229,-1.1547943819347628,0.1102163357909169,0.0887037250959136,0.8792727729383639,2.8843251009708166,8.51634180111823,15.84052936784408
cubic,9.303888249986011,3.0521358808481667,1.127679765769192,-0.2963966745698343,-2.465831618348432,-3.6694773227821686,-3.029358449333818,-5.878400274662623,-9.155503245482514,-15.245636918485328
cubic,9.452607938922442,5.979628764240342,3.4680314163857475,2.8734215915901915,1.9803849700429936,3.415460994012939,2.241986148170811,1.1695497622290372,-3.0417880006409543,-9.828978865004984
cubic,-16.583438825604155,-9.30192155467936,-5.210589330420808,-2.3907419124577345,-1.333137194769014,-0.5183971273094067,0.5175419650651766,1.944618266050531,5.457936885027317,10.65608596114284
cubic,13.498602355721932,7.452488893565872,3.5851996225399745,1.9393061450435212,1.113281958796409,1.2187299212090248,0.8417380325550103,-0.2278232090141278,-1.9937083810833776,-5.5577804040334655
cubic,7.187303986467422,1.9811177973160268,1.39550964475359,0.353398846836803,-0.862391353170358,-1.7799020430560022,-3.8878461810794502,-7.241238318546987,-12.226407388207283,-20.64075640802332
cubic,12.992505746716612,8.080879267611712,4.399608491822421,3.1125002508674737,2.3597308459081527,2.8840236106742863,2.854809604863368,0.2070398492757916,-2.656651523472399,-5.861191176876602
cubic,-1.2041266071852654,1.1567598013226437,2.2372893426023976,2.78405725503239,2.519661084430047,1.6732667503811085,0.5732480967232544,-0.4615572155457381,-1.824909140771678,-2.4666574565824675
cubic,14.601659309294517,5.458705872079678,-0.0437524502914677,-1.2765831590712262,-1.8756371968126409,-1.4977435864940842,-0.9855888682709092,-0.9828063592074764,-2.854752974315434,-8.181275796985597
cubic,-12.40964614015467,-7.651313477772484,-4.257698525471444,-2.3234782319342964,-0.6134685095514418,-0.6444461141623528,-1.2744151215709274,-2.239183216105186,-3.5192550710932404,-5.140070462591055
cubic,-13.2243337670989,-7.725957562422499,-4.40012592357002,-1.6052349928329288,-0.0161416417433917,0.9770976243681152,1.2985606907441278,1.7796890888440215,2.436250883462491,4.086427007105954
cubic,-14.946164677713556,-8.847382816804428,-4.772174432025429,-3.099378929926336,-2.999232612102332,-2.0110228656933797,-0.2894462008147415,4.3752681991268485,11.014652146920072,23.920920728735595
cubic,-2.8892866288641805,-1.6702309771874078,-1.0445770985036824,-1.0296428592010505,-1.0602954187325184,-1.2387301733748253,-1.1391339269825382,-0.2742422272334612,1.1825364878739697,3.682740957439712
cubic,-14.71514730161973,-6.541384379262359,-2.481741943506536,-1.10233230739976,0.2972350606211379,1.1554978128908313,1.9734471284466093,5.468299393549382,12.207580885941628,21.57778541916764
cubic,0.6632616912451623,2.03184657362141,1.7667003402482773,1.6253993277548353,2.036693516646197,2.478684087981925,3.679632055132759,6.273150055308191,9.918567846101247,15.985441080887233
cubic,-0.5181152903598772,-1.6349426973326953,-2.4876999815368297,-1.4279325368660276,-2.091667784416764,-1.2475774379019255,-0.4058790693593815,3.236646040253424,6.598316942089275,11.602690369945046
cubic,-8.28051064634866,-4.023947785174533,-1.1067353888855171,0.6027833543326142,1.7397689700043593,0.9532380842987702,2.6461486513167096,4.811330167360223,7.111673997315688,12.614722728755185
cubic,12.715095283419362,8.71193713785828,5.464753277644553,2.9803823065325026,2.1795143390942093,1.7927705032532466,1.1103070737537415,1.3158235287110098,1.667529072646595,1.7047784268404966
cubic,-19.679029284349195,-10.416787659730629,-7.294126437674882,-4.84732572815343,-2.332209215968052,-2.3400653330013967,-1.967590300566584,-0.2279325581651859,2.261552030224417,7.198734219882128
cubic,14.17393260154826,5.370386989587948,0.1425236497264684,-2.2558536769469413,-2.661714675481551,-2.266143421893984,-1.7022022396370775,-1.5438426016033686,-3.769829040530981,-8.045933813504641
cubic,-9.520827334405626,-6.302931949340593,-3.475060018355623,-1.8301552067157365,-0.5402001637853309,-0.4160984070500196,0.1615122524132804,0.8673165972329622,1.1417008756248734,0.7600076274165124
cubic,1.6795325735247002,1.72270086294514,1.6907582123433498,1.6815164691147857,1.4573152690744091,0.8940288891984582,-0.1615578567278274,-2.24998213189018,-4.908050432978122,-8.92579435089672
cubic,-14.54733184780889,-6.830724046617843,-2.670238102462473,-0.4160081830658604,0.122656973888986,-0.2054073925021275,-1.1380427530126849,-1.5799592875347437,-2.1033346307318155,-1.4025179791584028
cubic,-2.31514232769257,1.184107395619706,2.760759787619147,3.171148279251103,2.8716320736593337,2.272941340158664,1.891273722353995,2.3625540691523006,4.5535060407106895,8.297674226689885
cubic,14.212904149815577,6.625781782580126,2.768482016264885,1.660223190641647,1.3589555587287625,2.258389864518149,2.714650723765877,1.681182639881375,-1.947747365607928,-9.144514346454237
cubic,14.03523913857956,7.701639627229502,4.179770456518856,3.2515211194684595,2.275225006955231,1.573690585586209,1.1815680768600263,-1.5217178254459942,-6.114856187133674,-12.67090217265675
cubic,-3.268933868874072,0.5762362392078959,2.478399738801357,2.5896586456981034,2.165307134246657,1.2404738494096288,0.8377158244192962,1.7487433302926547,4.123847011856365,9.162596141148915
cubic,11.8776296181877,6.8904256819602505,4.237023349310869,2.72229601262182,2.22858114149559,1.230734345746746,0.845471901988836,-1.3988120420909729,-4.362628026340128,-10.15787219608762
cubic,17.824020461221682,8.32875252458134,2.7671141972970696,0.0926060196810449,-1.1073121191204358,-1.7536683007490383,-2.5736250305159465,-4.223609982181881,-7.990578811801519,-14.429786215507855
cubic,-18.20784862038321,-10.350983087040788,-5.133901912039411,-2.709748124964689,-1.5897986779407276,-1.730439425082595,-1.7163176550623704,-1.594312083854328,-0.9400818186063372,2.1550270465760404
cubic,-24.062208943015463,-13.602251881428762,-6.746730331340548,-2.929766750597951,-2.1042989697848964,-1.709775898452225,-1.312614116615363,-1.0977025919381855,1.0412962205893843,7.07210123626688
cubic,-1.4933265448090818,1.1443626722308295,2.852225574859304,3.260320297234742,3.4372151596607035,2.415824764180783,1.0555293741357097,-0.5455876699863839,-2.586214319967286,-4.839782242946426
cubic,8.643393480297181,3.828801816305461,0.4470121937081819,-1.0402282791950113,-1.4356514884554554,-0.5598049422520924,0.3094864398399644,1.87816096925084,2.9882622286936367,3.34989296516801
cubic,13.920643294571956,5.593980259721762,1.5640685520940465,-0.4268820812040018,-1.3361658849237008,-0.9864610098560832,-1.4671659508873467,-2.2899498645339893,-4.925938733486031,-9.429576412853296
cubic,14.293548302232114,8.429720791815631,4.319274789369406,2.603751229588557,2.379333017603847,3.083365202430627,2.196120316645135,-0.0973937819471508,-4.389705962058698,-10.981422427992957
cubic,-8.62592596826379,-3.6679178133573314,-1.0360858481205932,0.0071029857748918,0.577094506988971,1.022427951118244,1.0299770017944554,1.2402482038102456,2.5509151846373284,5.207999402198305
cubic,-15.429253476293828,-7.923928080562361,-3.24201663798534,-0.0714864807697249,2.50026719821317,2.61838745533121,4.020086935996006,4.111243745331074,5.879649732441609,8.162609098606918
cubic,-1.2471670000328448,-1.556665395962764,-1.6464780380435595,-1.3482065236594087,-0.8050428043635447,-0.1144051632089931,0.802549657863124,1.8740645654895305,2.7676350396949334,3.7818493378682367
exponential,1.1806687689489428,0.0867787892635081,-1.668493650147933,-0.2493801675284562,0.7430365779909944,-0.1336441296867874,-2.704318285780053,-8.419886838945697,-23.11495809622134,-53.42451588076708
exponential,2.8847245873092886,2.817525899492013,2.8022680015088963,2.754344066697999,2.615796162753521,2.4813323196657464,2.243185581348227,1.975179691123232,1.535348388186603,0.8543147978308079
exponential,-11.18841167338508,-6.158995795260027,-2.949920137700108,-1.0568072923155474,-0.1562770140688267,0.5898794509279429,0.764639962461281,1.317037879725179,1.5480720896692952,1.443116542506255
exponential,29.621758182710767,6.198367033843085,-0.7560200140164516,-1.6742101620473873,-2.3822306733181406,-2.920006254231903,-2.6786745507572416,-2.8429614907132565,-2.031814378445455,-2.978067504376268
exponential,6.355610537777116,5.615742960397581,4.892651928198197,4.5133852085258015,4.1830536009179164,3.624164607903152,3.4515527084548885,3.1887332886321964,3.305560262018787,2.9453446928094613
exponential,152.3364209559021,49.632555463525264,17.876685288459168,5.404357037559371,-3.605625086348113,-2.3853615734892366,-1.3967807863175166,-2.274144411416839,-2.277248301197593,1.3422222907820436
exponential,89.9081498410111,36.16794946646393,16.286597978095557,11.261996101756615,-0.8714580598818866,0.4185823104557993,4.4005273515617365,-0.3914635001543963,2.42394926979858,2.0368480642658326
exponential,-260.1104192063109,-73.87319213758227,-30.728921766329464,-5.05241228279583,-10.518762266497486,-4.165121163892244,4.962867272168343,1.93423919759408,0.4338612806127722,-1.2079681387746597
exponential,-2.449609034218699,-2.5016382259447485,-2.689675117598922,-2.828428679238169,-3.049047819301978,-3.3887554091758623,-3.694060485022721,-4.118095337153008,-4.719413148033288,-5.555981281153558
exponential,91.86389191532558,40.2761244982757,19.66655741860893,2.0743402340121277,7.341995735424703,4.534507429888676,1.3611326802279309,-0.0565447311885322,1.4916727293594176,-1.2586844643515596
exponential,3.0913252593271934,1.499443618824693,0.3487991249159075,-0.5138248338410285,-1.0371855570005863,-1.4043727059880386,-1.7087643941548445,-1.951636971636583,-1.994509725591803,-2.1167518817961675
exponential,17.27089562966232,10.035393449420647,6.130382011258001,5.117151621886683,3.516156925001094,2.701751720672915,3.1347076496330635,2.5180204244426374,1.9535038524511807,3.1777534457580514
exponential,-1.3166070793029483,-1.2628418789597349,-1.46438368377088,-1.514252305284118,-1.9433435192645372,-2.4352668548705347,-2.817626233397565,-3.6754912789536336,-5.007775465300905,-6.664305362699932
exponential,3.1750442362083526,-11.630364875245547,-3.009450910872524,2.468672660094687,0.3873398918939698,-6.042619305653349,-10.580903238682422,-32.975526653760944,-115.9006521746525,-376.5557225017039
exponential,16.080027561559614,8.765018164028765,4.97333950412643,3.2133897958333004,2.613536135538547,2.237416674788953,2.269954813617136,1.8739961907336773,1.963543266543892,2.0043742532540683
exponential,-0.7675841601636212,-1.3927709491490914,-1.806940571645802,-1.066267166334159,-2.4190605403650345,-1.9874104149943408,-3.51932722522071,-6.178330278348718,-11.915676718325455,-23.84177333234628
exponential,-0.4725190707792244,1.504698679181221,-0.2863101717969161,-2.8082090447910493,1.1035069357364715,-1.423844670864582,-7.632668352745499,-17.575214214016558,-50.67570509955564,-131.90064429364304
exponential,-1.0743809652611584,-1.335310437101303,-0.2526045970325116,-0.4590162977455339,-2.200937041643046,-1.1246669376173182,-2.290568407014972,-5.928918026122719,-13.72955335457487,-34.67628009029404
exponential,-278.7160595871053,-74.65339816937528,-22.77932699130405,-11.494943697486612,-11.062936171312469,3.0376331311221287,2.3270192539546715,3.062782094577679,-4.407109075872402,0.8458116724932474
exponential,-164.1804616184443,-62.04126038364821,-23.585017004209806,-5.660333203759391,-7.911756510897018,-2.586970869243985,-1.5940025197923466,-3.2947042872002905,-1.2205550886351144,-7.420568906438892
exponential,-33.9727072214088,-13.379439668489653,-4.819442609961687,-1.651177471411191,1.7143673051398571,-0.5065101203064118,0.5610266934686254,0.2560062599605637,0.2461440424040206,-0.0991803446398785
exponential,5.141492106368794,4.926625700803009,4.665476308583567,4.450059266193246,4.263050371681057,4.01541890183268,3.864199949401544,3.750443279069629,3.674345098501328,3.4669491492873954
exponential,-9.83175856410402,-6.343741191155154,-2.023750427621813,-0.6269142954305641,0.8164548583206996,0.7050106446722384,0.9492939413388292,2.352944472332997,1.6468284587832422,1.9469286507909112
exponential,-2.012632745903704,1.069720308899639,1.13154932122054,-3.1849355966418624,2.812311534444232,-2.8485698346062502,7.022009247058355,16.1687851663876,57.50665146295487,183.31915532424952
exponential,0.7286605417788636,0.7579651497938131,0.8239611759922174,0.9721040448043904,1.0931695941100843,1.2342519844265385,1.3854691816331215,1.5943925057834811,1.7689251530459866,2.034002592670308
exponential,-3.3983123324783704,-1.943427328587152,-1.2007314438096433,-0.8607173572421105,-0.6873476595848832,-0.7378965001779821,-0.6274690882994887,-0.6531010190074329,-0.5658807486917161,-0.5539220117613232
exponential,1.808681104020582,1.7844783731201466,1.740933900798855,1.692733866833364,1.671264160673092,1.6004162303212583,1.534303342763326,1.4672819753874735,1.3933668606072969,1.3188295770736154
exponential,4.697264094662413,4.410905825795173,4.185402885345701,3.9376260707476938,3.7684138608269,3.6368892070051393,3.5167012713965,3.388665529072703,3.252107793043619,3.17826464039927
exponential,1.6795151722929578,1.7036261365165604,1.7240429492090694,1.7420134360076316,1.7569228637589804,1.768827420141701,1.7802377583775542,1.795311447877413,1.7993158541764196,1.8057485563949445
exponential,-3.447036496567999,-3.126203288512966,-2.810342141344183,-2.6321516214227483,-2.450791594012733,-2.2848836808001627,-2.160157732688193,-2.086746034193557,-2.001988571732797,-1.9366910018617856
exponential,42.83540795845883,18.98175510323697,6.693812618405912,3.7534202612114655,0.5365784316591027,1.225695300367062,1.0793781090139014,-2.4950123579553827,-1.0295395885825152,0.186562362208834
exponential,0.9964665382272944,0.900735080277076,0.9143049409373823,0.8688856886520069,0.7766378355773853,0.6259773378962034,0.4876847809774,0.4033404593545158,0.2254213202803143,0.0638143526361469
exponential,2.550335695217512,2.592629149225572,2.631371965431523,2.7095162905082155,2.7713272250607943,2.8622283157640136,2.944817691187702,3.0475080536298016,3.172689121030441,3.3019959183131427
exponential,-0.4945874972919614,-0.3767958563725729,-0.6950543576549066,-1.3204772390222388,-1.5705601452265618,-2.6659369447415315,-4.77605160018972,-8.464182581485758,-15.107369807354418,-27.284667947601275
exponential,2.134205015719283,2.3205786223193887,2.4666436219259187,2.5455670960651244,2.87866979765009,3.202642631605795,3.399256859888629,3.822019372069254,4.236129673590299,4.734559328114426
exponential,0.0556420736909046,-0.2818062477956229,2.5901641849708072,-9.16575959886561,0.0684507655281423,1.8359522072847403,4.256613478608504,12.181342798085383,62.93983747355006,194.2290531965068
exponential,2.6380442683549377,2.6402763268846154,2.584405210561087,2.611279420156152,2.523876763040183,2.517071760436835,2.331196120443089,1.7875465373428736,0.9032868978892656,-0.9073394873129594
exponential,6.167761371930796,3.6168865092828617,1.8564619032962788,0.6348890379779341,0.1053059551965976,-0.2699972226032165,-1.15234702389568,-1.5376934631254189,-1.3503018412100194,-1.1729724219338389
exponential,-1.49241090117481,1.8627370089824609,1.5646567960305462,3.829231151555915,7.807712977562894,3.7251943426332312,5.785077602159321,32.1003102426296,101.2252315573292,317.10251403286424
exponential,3.385551499173625,3.251646926309886,3.154857527696945,3.056889614187161,2.962559409324067,2.895052129171896,2.829080196183555,2.768597308564635,2.7174213628392545,2.682025325742662
exponential,-12.373274689411572,-9.030146950693563,-6.747500206875928,-5.024109915379811,-3.713873796197788,-3.143946373352916,-2.682869685572254,-2.261384131562304,-2.187321327075672,-1.9586592013337447
exponential,0.2496034288513231,0.2848917160054624,0.2917389497570311,0.3146970303256257,0.3722005744014336,0.4220060680534465,0.5206000066618109,0.6094650020152116,0.7610864442902294,0.9333255588748792
exponential,-136.90895989832634,-45.83786861859034,-22.215686795909377,-7.099648200152096,1.0776760967837316,7.522580205565139,-0.6220100287250738,-3.1281756496762787,-1.119078981160369,0.441630381448721
exponential,-4.49638826403203,-4.074298148538634,-3.696765441687351,-3.382145480509455,-3.151442549329685,-2.93276442561717,-2.71186067428848,-2.6019075694976217,-2.540325185656723,-2.342584125882577
exponential,2.3614697262711304,1.4139756104167305,1.670682945657295,1.522407074728381,0.2073928283690413,2.267781705777633,-0.2905024714649244,-8.202541912225712,-30.713660123863622,-112.13208927604958
exponential,-3.576828452936185,-2.405813773277579,-1.70969735781358,-0.9883365766781232,-0.7665977977170774,-0.4788198866330295,-0.3305382646722029,-0.3804486263688809,-0.3142116484949109,-0.1070142309777036
exponential,2.932980306914328,2.4765955970163405,2.093755393291664,1.8556203928826949,1.580704686862522,1.299408991413531,1.224113871065817,0.904276987971824,0.8252854882964957,0.625464695099374
exponential,-1.4125515130218949,-1.3298009801674138,-1.2925858493898472,-0.82336357471817,-0.5269043607910376,0.4468217767814021,1.450455949709565,2.7629158989677083,5.175512941748455,8.26940066634327
exponential,5.41781411795741,5.078988127772956,4.777491530050137,4.451651123601713,4.284926947574826,4.089233742580957,3.871242823995434,3.621623767040256,3.561064270682092,3.400133068998088
exponential,-2.8069735806397365,-2.685194890141678,-2.5439696483123906,-2.3414781081797518,-2.2770483832394044,-2.16573588788361,-2.0937088037898235,-2.029252998716658,-1.9346335576118068,-1.8606913599436103
exponential,2.367481693377195,2.293264209870259,2.4553209069491984,2.3590168271441567,2.3470608691502823,1.9830307708581625,1.7216565273060132,0.8885887929870544,-1.2604079321001638,-8.075021308383176
exponential,-2.2665167099311545,-1.8456866347930871,-2.524474844939838,-1.278130375577474,-2.1788688565568464,-1.0361534808620152,0.4560676357546556,3.3979349874422256,7.400106362469978,16.643059910703666
exponential,0.3523996060901543,0.5734808738235653,0.0118518558923854,0.4505343997273325,0.0785314433604489,-0.2275147261666893,-0.4599772980626833,-2.2616975613679746,-5.044797227929511,-11.627766955677783
exponential,2.728950252313549,1.0585191908084384,0.3111121934553005,0.5377437601627464,1.6520381454788575,0.4347974279323796,-3.4576417359182647,-12.973213117125908,-25.971035772673936,-60.075144208690205
exponential,-4.5760789937236135,-0.212412592051769,-1.0556805773341935,1.6453463374796038,-0.4750476885510282,-0.8000487535950701,3.120779042378396,14.424239403209196,42.32279093842608,121.08250604201886
exponential,-11.268094532360308,2.811148131835655,14.580134455428722,7.834102270202744,12.488905801480662,-13.535822488577416,-12.481614045182448,-49.03761718420825,-134.49605629449633,-478.7958343013481
exponential,1.11552727343763,2.4490512287967965,3.191644740074829,2.2622305152870243,1.552214518330708,4.925698948321161,5.893761250949755,10.819008033140468,22.592344261835382,54.80542478020834
exponential,9.42820949028364,5.293969521989611,2.477900960978344,0.6572487821039668,-0.3336203268589953,-0.4683187191827373,-0.9166761383350392,-1.0502237398109733,-1.3036661747953575,-1.3227410364159091
exponential,-72.04842891589337,-32.27319786783973,-11.178261753709604,-5.582895675736738,1.0180892599829643,0.1503981537045738,-3.956545103168311,-1.7489888650018546,-0.9452914496911212,1.390391692725356
exponential,-421.0562404666032,-112.01116499618782,-32.44803191097692,-12.83130743575404,-1.0287011584708012,-3.612105199542217,-0.7752900040163819,-4.134888617274285,-2.338151581586178,-4.566986307614737
exponential,4.562431763668506,3.834003792149959,3.2623138159848217,2.860631565636804,2.501603522248373,2.224552433015753,2.019222469688279,1.8487253117872404,1.694060019543542,1.565031611160641
exponential,-6.383567239048111,-3.321203917400518,-1.6265302303261475,-0.5657006304854885,0.0282480996787832,0.3080531242582123,0.5718766678775999,0.6453143472337604,0.719094300982204,0.6310181014081426
exponential,-0.9151995716570428,-0.8705835970310141,-0.8401903291208818,-0.750678041968465,-0.6539751155567747,-0.6102181559576134,-0.5097624227029071,-0.3812986061617545,-0.2098364804124127,-0.0350370400978686
exponential,5.128184763539625,1.7124646436657378,-1.3328583901112214,-0.0427760391841791,-2.9163834044798223,-3.842595316824024,-2.064653206356427,-9.81981542928031,-33.29261003747597,-124.49868565351171
exponential,2.06265145495817,0.6679684689781289,2.1113103296761246,2.9392502774991875,4.334808643287449,4.614179165468685,7.969758729726005,11.873126024530771,22.620611596789463,45.39161961438696
exponential,245.25258420437052,77.70049198027793,27.49231408812538,16.816930659557052,10.716228134071084,3.691742133929525,9.6015847387502,4.990569341242863,8.010645810699735,-3.203619520863778
exponential,-6.43109430720806,-3.800217482567904,-2.2796364144881154,-1.2059827937700445,-0.9126471863979048,-0.5617249459356761,-0.3856228242524333,-0.2424327403689551,-0.2228479303130305,0.0409885075208763
exponential,5.864413182269545,0.1888543082524874,-7.248547388739116,15.84921119776944,9.46298045323729,17.328622311559926,20.117421622685235,32.09523124540778,94.43365285231948,353.69133680033354
exponential,-1.9282464347739292,-3.864489653167552,-2.726103746383473,-3.4105147763561257,-3.5635211538515428,-3.4626513410477022,-5.755556403190226,-8.512925657939503,-13.69688900680463,-25.07966087719307
exponential,-3.113870002166604,-2.44798024723232,-1.949123374851398,-1.6754732036233488,-1.4798290274201358,-1.2981457346219805,-1.193647932334317,-1.1248143133897135,-1.0861541392815848,-1.0999086591971663
exponential,-1.789921299240942,-1.86695661704035,-1.9402819741210948,-2.024382745401553,-2.2053621172318265,-2.4164499138559803,-2.6587028932406915,-2.909378301246064,-3.257158103869509,-3.542643947630277
exponential,10.08914765060566,5.374509723811416,2.7077371311628213,1.344311444902883,0.4853941099711343,0.1503373766897675,-0.1833151252038498,-0.3016085113683134,-0.3145877648486879,-0.4757346653946261
exponential,-0.6727293107012426,-0.728274372868359,-0.7652951741143856,-0.7817956640279998,-0.8618176758889148,-0.9455062973466282,-1.0725746804745055,-1.213528650716074,-1.44256284857563,-1.7434929427504453
exponential,57.78812520825804,24.54400949868816,12.31873812761037,5.431304661040129,2.172322100888886,2.0914806472012164,1.7202253458640606,1.5185204771866048,1.6267038216958285,-0.2185274813346243
exponential,-2.026968944161613,-1.933916959669468,-1.622592340370891,-1.5683119127885938,-1.4155071636333696,-1.2466311222253337,-1.1301235143580042,-1.0654272871261163,-0.9468281487962524,-0.9287527627206285
exponential,1.0426184991707788,0.9431838512649116,0.8862829707138995,0.6581936526046577,0.5440356638484821,0.4618999208617916,0.2361056098596149,0.0348091956287108,-0.2121973487671486,-0.4894442926447684
exponential,-60.86957375283716,-24.43919198017804,-10.486749434004128,-6.518151285622021,-4.329643215491044,-2.7061910148222106,-3.3840556497645,-1.8789906053163272,-3.649757392979288,-3.6387326778129583
exponential,-9.375116718304117,-7.148797069565998,-5.827960722179231,-4.956645961356936,-4.331054015279754,-4.124212434016495,-3.6277703531855767,-3.36765698988947,-3.234147905458332,-2.890479091072054
exponential,1.7717258193989782,1.7231967251527762,1.5239998453333885,1.5494999553466968,0.822877658072859,-0.0523291633227338,-3.0853113919099613,-8.135433081684909,-19.53489266223364,-46.0386268027214
exponential,-0.7052462076706131,-1.1390872670763956,-0.4027930162954257,-0.0761340575198609,-0.5580495817462741,-0.6539276956155087,-1.1653971274672368,-1.7584700284305326,-4.796868531612766,-12.635057678342145
exponential,3.813902031536321,-2.1665771884389136,-1.9134807538387604,3.0371647817621703,0.0283715970931608,4.519044071247386,0.6571460825649722,12.195463481962548,41.3614865813073,149.2384747746416
exponential,2.0233310322101974,1.585982340296519,2.1194659637523503,2.2377526448821694,2.9689761242621397,3.2701060904075434,4.183006910148461,7.681629288812052,13.214550053894984,23.74572003652745
exponential,-1.6910849026627237,-0.936502768526019,-1.4951177838690517,-0.5299218961408867,-0.0757800023714414,0.3389865229689938,1.4868051948265242,3.091956230433556,5.503286088453148,8.742292073427887
exponential,-1.5311149246957136,-1.4013787855674364,-1.4673725390666994,-1.5961688443833726,-1.577430940053225,-1.7065047917994745,-1.8163101099094403,-2.286643002539752,-2.8099835064011467,-3.7686983344699256
exponential,0.6907672916587309,0.590829408123085,0.7847357054680021,0.7399921009499756,0.5997350194821576,1.0688616268668567,1.444388336930831,2.629229069086272,4.4544148365441965,8.601517186826863
exponential,-2.94904104473483,-3.277264654379932,-3.4776431275145514,-3.435843328583823,-3.957996854158066,-4.40550654341892,-5.105781844667991,-5.860217459186984,-6.866786306294037,-8.567216025771161
exponential,490.0799963070742,133.9338951782276,41.375075818459,11.864156902873551,3.3239047348775705,-0.2504860040144856,3.428879345017129,-2.496719052593306,-2.152829086589063,5.237031676153448
exponential,-27.697362823070865,-7.262489867679576,-1.7920719988277365,-0.1089618738373838,0.5907516968869325,0.9450329998586486,0.8338640856181098,0.8053551792114066,0.8839371466448157,0.848330121233946
exponential,10.583749945150428,6.301705488999676,4.080886900594687,3.1493500457577106,3.243879350226917,2.708997631635483,2.7704177294866827,2.6717641903359697,2.6728715617661827,2.480808615994761
exponential,-2.810651712760449,-2.7728702785339325,-2.7292134148445704,-2.6710728809135285,-2.5926961831268667,-2.534965317034992,-2.414284201209476,-2.3027686446561044,-2.13667290505201,-1.962887281004108
exponential,-2.0223907909514462,-2.066402372997972,-2.1496973381107205,-2.230383352680601,-2.3017506461296064,-2.407338012594471,-2.529862099720717,-2.644268265395564,-2.8141744879137573,-2.9617196486437383
exponential,-27.056887003187853,-13.545114717045935,-7.513902092494074,-5.47153166989003,-3.406689994702901,-2.18496514049656,-2.914807469714358,-2.3297398562471647,-1.398897551419244,-2.620445586164803
exponential,-0.5282627173971993,-0.4110296048619861,-0.3396548026195007,-0.319464783063622,-0.2904392824095596,-0.1578711115083697,0.3253327948152486,1.134479118795566,3.155884014840132,7.629195105046622
exponential,-4.84868768853865,-3.4037096105044085,-2.5202331351886404,-1.5947301685280948,-1.356587782093696,-1.0380892960850323,-0.8518698595386737,-0.8108668200574968,-0.4918466931971431,-0.597588077833267
exponential,1.0792682523028636,0.5343721033455582,1.2959582841096409,1.7087207849429835,1.7460183931416269,2.1873950593676548,3.189830628934444,5.194478721902159,7.677635442911361,13.065580869721051
exponential,-0.5420437846583103,-0.3543033239178788,-0.2415564859473441,0.0026756475118412,0.207653101698274,0.5029801708427811,0.7862809630793618,1.2102209652038376,1.6371246750817043,2.208167730121377
exponential,0.836303972890653,0.9457846988964912,1.0375608174535291,1.101729314648169,1.1346740568859754,1.179099840701132,1.19349852055543,1.2022616492414195,1.2162087514443278,1.2348467318898555
exponential,0.4841760550706602,0.2722012624345541,-0.0741529467064141,-0.0932365683902986,0.491478510544432,0.1092225260409329,-1.8985567371396872,-7.283165402654938,-33.849954186295726,-115.07889514550226
exponential,0.4829746695828251,-0.3015270382936046,0.4392925016781999,1.3766400940748378,0.3411860942209674,-0.2671543709261145,-3.818012150571596,-9.004159722727742,-26.16553724374135,-66.57606814594097
exponential,2.4622707325001496,3.239862502036249,3.819977951046503,3.0727316886606486,3.183990051828167,3.8086438878678366,5.986928998130319,8.43487875849399,16.42365643186683,32.07066744505693
exponential,26.219149528461145,9.499427621343916,2.8335847999314474,1.165432275780563,-1.8614178100255765,-4.191145330388896,-3.566175720066864,-2.647876509364121,-2.8451839302726456,-1.5241531019966774
exponential,-5.62317019383515,-4.079612467907361,-3.4913259622764765,-3.2430602952172465,-2.901037729239616,-2.7482559240279305,-2.8555711927108294,-2.670346803112323,-2.9275369699062206,-2.8840214378795714
exponential,18.037447514751182,10.31959770171961,6.15064233895864,3.07515906771868,1.8713449997549252,0.7349806860243483,-0.0475683026671743,0.6779032296195897,0.9981257464093416,0.5733700992006925
exponential,3.9595688541489658,3.833166723220136,3.71498855895973,3.5747547472988823,3.493608988773988,3.404231098666596,3.302742576332508,3.254774064018444,3.1861135758376125,3.147463247424409
exponential,101.12077465765556,38.95704893510361,11.997386427595425,5.6391315015564345,0.9858390501492504,-0.5794048159399314,0.8786344357187521,-3.4645820020928486,-3.999779527468752,-3.645390696673141
exponential,-1.458973864970378,-1.3121494696601024,-1.1967666976355251,-1.0780757249141748,-0.9963283726991972,-0.92632824416806,-0.8366108648252103,-0.7783126705711834,-0.7490379158274191,-0.6835194934229516
exponential,0.370457392461864,0.4920944386479428,0.6063024183730555,0.6727471679791891,0.753809712129133,0.8400993295754979,0.8681299316796872,0.9578388034933144,0.9655373462608648,1.025956299062024
exponential,4.531627449139816,3.4276629921809274,2.8101909163457752,2.4227284230414554,2.0125861036631534,1.4619184343928708,1.177348464844317,0.8568919829240121,0.9681918108239626,0.5456437705939361
exponential,-0.272218415006814,-0.2804098312133679,-0.2512680673384474,-0.2536146882669163,-0.2176586793129212,-0.1704063629311027,-0.126571295248693,-0.0570843208908257,0.0342584475710467,0.1806285721305592
exponential,-0.0635976698399516,-0.3236800441124307,-0.5429502384430589,-0.7100346530959168,-0.8522760558426172,-0.904305181257588,-0.982749080731518,-1.0533307067789683,-1.0633571839545544,-1.1095972471996616
exponential,50.61858628125327,27.193146961847948,12.042350189932035,7.80087196162982,4.143997010422635,3.402653238714124,3.608817308994672,1.6589887452310896,2.4939233875198745,2.06699229980915
exponential,-1.646329022051544,-1.4078622540274055,-1.2421130196320849,-1.139857352766516,-1.0657045787586858,-1.028691101807898,-0.993500989258347,-0.9760395652731008,-0.9694940928363528,-0.9496349725220556
exponential,2.8620386640397224,1.9942114491405996,1.052927581536769,1.4134839790439562,1.127915900039925,2.7696558212332496,2.6167461683519093,6.094390274500004,11.415613145012308,25.938044863256422
exponential,-23.00720819370241,-10.089942105405562,-4.4181372748308485,-2.660618915522864,-1.6365250628755454,-1.2808789341129736,-0.8347214303782103,-0.900385709079207,-0.6627870897054783,-0.914251902860618
exponential,-6.452012216249553,-5.448861383676204,-4.701567202658292,-4.103201731060893,-3.709759146304222,-3.397526516475574,-3.175719205772783,-2.9556312121439245,-2.8458082816278707,-2.7744005175420603
exponential,3.4688433664432736,2.688177987034015,2.2829538584877045,2.0310557981041675,1.9460474926873803,1.8593328031838092,1.8311333993137369,1.80768657838935,1.777957169266324,1.779718753193035
exponential,-0.5043065356663834,0.0421594816033433,0.1238475906546842,-1.8491906429210736,-2.163228807485872,2.723478109099575,7.515815064007647,12.30971459680124,28.248264119879583,68.25347215591836
exponential,-0.0775055912803536,-1.4069071460794331,-0.7150177937150208,-0.7807825866728522,-1.2248408266631678,-1.3418452823129934,-2.7772962228785785,-6.981068355917049,-11.954935644524614,-26.12479169143487
exponential,-3.134016936998409,-3.15172695621678,-3.4003796238885644,-3.4143444147896167,-3.696475582496637,-3.693026250940208,-4.084906047750709,-4.213277366415367,-4.557387237899454,-4.807110333081364
exponential,-0.0821450813090932,-0.7634189787109852,-1.6225980141827543,-0.8091649756466703,-0.873194765199144,-1.6415912032960798,-2.5065405576879867,-4.275450532650353,-8.361036442414488,-18.644819878234884
exponential,1.5871199437873569,1.7878482843924717,1.6865326511596832,1.882364205100684,2.066072866299941,2.304165342618353,2.93544448887641,5.312581443732131,11.383966081322766,25.01734068805835
exponential,1.6493750200098518,1.105422597345553,0.8480510035590979,0.4811030069995975,0.2123364209063319,-0.0448261934249135,-0.1785439985833828,-0.4352414162165814,-0.616120470101952,-0.7585729247447932
exponential,-74.48191961301698,-22.70825121764374,-7.537807520215754,-3.1356011479024444,-1.989661890690764,-0.6400604582875591,-0.7748647077599687,-0.7080442304677977,-0.4595786399093903,-0.2815024863142198
exponential,28.02833754341512,5.947653097269221,-0.3911681179383794,-1.5096318774538782,-2.496094055182339,-2.397534385952216,-2.326418670197546,-2.454028379647452,-3.0515216288945144,-2.3650994280646787
exponential,7.604040810778448,4.366997226792653,2.5776139539558933,0.9670407375531218,-0.1663392448494442,-1.0355009638862709,-1.0523132539945677,-1.717893128351354,-2.3168641743113527,-1.7826236073166286
exponential,1.919927383993,1.7254036818848424,1.5972785919028725,1.503188537924227,1.4495474895424012,1.3894990649919376,1.3779646635442957,1.359734099385039,1.3473986706891197,1.3352990029218448
exponential,2.602461952574019,8.467922126043925,0.6235158665507959,4.576638081705952,-0.245546557107593,-5.747894077978449,-8.022787125276366,-23.971008393110235,-68.09261276781035,-233.80318364377183
exponential,-13.039282712619164,-6.986664317913727,-4.090245683501335,-3.1081302347016657,-1.860856183464512,-1.3646399783043268,-1.2227961704873305,-1.058678276830192,-1.0314412379513902,-0.3631574043622828
exponential,2.075120868781244,-0.4200952131666451,0.2999123284914254,1.6562756448356224,1.8118586866277575,3.907908198693709,6.959272443169347,19.008111367833248,39.75896908729754,101.67536311457
exponential,-119.17819194905849,-42.04201539649381,-15.205864104300234,-4.559114984558725,-2.558001179503093,-2.218597183454487,0.1856129599830827,-2.349132398978538,-1.7486157629218848,-1.995867191637737
exponential,-1.0619595719006294,0.8118968509902736,0.9643617686611984,-1.334093956093841,1.5548051338621829,1.8693309826946656,8.30473131725728,14.425903009137816,30.00507333461819,85.24890103619684
exponential,-2.785697081151457,-2.6531350357227064,-2.8331557974741743,-3.4522539775688488,-3.2794968579377484,-5.059138893751468,-6.916002485438377,-10.85825203174561,-19.223319349500883,-37.08791319277923
exponential,2.770743295480873,2.640114288862195,1.9258116085799537,3.359402828616162,3.3913905769754105,4.40814419721758,5.380181019177639,7.374032208703895,11.868132768290144,20.910673226406697
exponential,-6.033425040172062,2.642710086596636,-8.1961015477038,5.53660257923829,4.339820625037241,4.410792903296161,-6.057952975692172,-20.60198537424378,-57.86808123637553,-193.95117100856783
exponential,-213.70903745462505,-70.76239572441811,-20.81241398130707,-2.471860248403132,3.332874186693968,0.3211139036054252,1.4946306251211396,-4.172959564188347,4.323748594959319,5.333695874546205
exponential,32.078228562865355,15.971034628229567,7.968650952387176,3.644526432814153,2.490076614074843,1.1146356212869166,0.1132000175014337,0.0208450814886194,-0.2276662156758328,0.1114193629116603
exponential,4.906842492539828,2.4492144820805337,1.036181762310406,-0.5770484548126253,-0.7526995746104432,-1.3660856489536692,-1.8683412249536693,-1.8601677841007012,-2.2783196635854304,-2.2602423982534288
exponential,2.867042479445596,2.88323157609222,2.8879496509472165,2.919653184233113,2.9346301477477863,2.959824305543058,3.010086805360692,3.071548786040524,3.12936413682329,3.204811998804085
exponential,-0.857501974544224,-1.7675566473847917,-2.302833538048425,-2.5510154870783275,-2.639918843972181,-2.692067186449771,-2.726576429413122,-2.7667844852747536,-2.7777241443494165,-2.774667928778532
exponential,-2.8343987903387826,-1.3158474461011418,-0.2639657169674304,0.3737114926165539,0.92037398388257,1.1760207991563998,1.455028924765806,1.599725053197557,1.718589311423822,1.7562645913589312
exponential,-38.3388994447058,-18.764816585399355,-8.190064484708651,-3.916015845848861,-1.3369996825946169,-0.4435030023772575,0.587010806589743,0.8431416712786881,1.2321128650947863,0.8276976438001618
exponential,10.119401005515355,4.043232506314779,3.9195370783324384,4.816054373279211,9.068380058857066,9.24297031207372,2.4809099411457494,24.29294598332853,61.66913527405839,182.6833657076558
exponential,8.240094360707328,5.298430591641563,2.9107419291891863,1.6610899082048456,0.4835123118928105,0.1698351410311299,-0.1910103920934948,-0.8834648458676543,-0.9153371051936808,-1.1467074693237536
exponential,-21.375805646551843,-7.312788084114926,-1.991672189652432,0.0972910032685365,1.0009396441094691,1.2979970112362516,1.757481305896769,1.4391061155735478,1.5583268519238185,1.5918388505345475
exponential,-1.4036645449813172,-0.6300997159404322,-0.0949889359248659,0.373005749435138,0.7354246851006115,0.8853465882175877,1.0223892568310526,1.1567827241201718,1.1794024613372007,1.2339586812424597
exponential,-2.4112862311430474,-2.5282625187350627,-2.7808543761870643,-2.9604328282718018,-3.1726652038097227,-4.024400079578126,-5.467668232508127,-7.579953207665831,-12.117561142987489,-20.03855401978341
exponential,-2.210899770953217,-2.1920996932101047,-2.186845821261369,-2.1297173702352823,-2.0931520827166192,-2.023042991209307,-1.8640990744948889,-1.6079098711040607,-1.1993449575267547,-0.4841223061365367
exponential,0.5366671537705288,0.5118724863005893,0.4996696964976694,0.3987922135371667,0.3367972966728221,0.2107159296115293,0.0865286425845361,-0.112995782089019,-0.3842353667875678,-0.7998131012022056
exponential,26.09592975183876,16.183979195275143,10.056532463404366,5.887068005554993,3.5911386030335946,2.5447808199496853,1.995061553701228,1.7739552939088372,2.149630224996215,1.8740951464235365
exponential,-12.772147311340596,-6.587568502067081,-2.772917137097242,-0.6376947886305394,0.5141069788338871,1.1860541842350445,1.2750387241384422,1.898228037422505,1.6601767507760952,1.9101739370003423
exponential,-45.942203557526526,-16.469350836973565,-5.397693829532767,-0.0743542713160741,1.0071481294639355,2.6515157667514533,2.322030453010364,2.844754304679622,2.8226501172220915,3.36296483886642
exponential,-0.8469599761105124,-1.0779066278569815,-1.250394932922411,-0.9738869059807892,-0.1321316390729634,0.0257634900124772,1.7085319222091817,4.815922978125979,9.285263195563244,18.21480754211513
exponential,0.4516853820825151,0.5009201246316204,0.5320156702108777,0.5795356933629046,0.7098016852785979,0.7563437483124967,0.908312164769749,1.07496157708931,1.29344286184406,1.56349875930433
exponential,-2.8258350386490223,-3.1475939136089983,-2.0247209204107,-2.2109159368503817,-1.7497098325583011,-0.7894372403141621,1.7175718230280244,7.951277118606365,19.922652940144214,46.73201466979571
exponential,1.3673210211517752,0.2889110374320549,-0.5960432568269525,-0.7917880295333684,-1.1852543944771226,-1.473776931767616,-1.6273120134240442,-1.5259397338275835,-1.64175192367613,-1.6502208568478662
exponential,-58.90110547365682,-17.789989151273815,-4.616762363773238,0.1242104443524466,2.447178201869057,2.0821923634233244,2.1679190503505543,1.9186412139770508,2.030145658180143,1.4103201449971323
exponential,-15.451297306064813,-6.102011423117722,-2.515043417803529,-1.4580005933445437,-1.3998415447643526,-1.4949888845519468,-0.9801458568161416,-1.4549548856887666,-1.5995239929716591,-1.0677969997710814
exponential,-2.696026101035194,-2.6337031587354693,-2.6586322414315458,-2.615911554949718,-2.5056005672290715,-2.149589719422391,-1.961958258211604,-1.3888551816517911,-0.6358765400119935,0.3896180939111514
exponential,31.365537223401187,11.461969309256803,4.540032011159471,1.8541081514848925,0.0877346493188473,-0.5621447057414675,0.0277321453345026,-1.1627687015000074,-0.3873410861946367,-0.5161500813685785
exponential,-1.7869884157979496,-1.7472395951858388,-1.644328767805065,-1.6402628330929134,-1.4657038884049902,-1.151328207725619,-0.6178160714980149,0.2324724225451075,2.001730993827274,5.298316841911678
exponential,69.68205771093663,31.77683657422843,14.542212087322094,7.906053772226695,1.95568173163337,2.984340414143828,1.041442540906,-1.2382797394424243,-4.19207117550183,-1.1995216644794395
exponential,94.01736179084232,38.19021784858568,14.793870048599963,5.943986944198504,1.089665207092585,-1.269543693325793,0.1936681772664857,-0.6500953286211764,-0.2091646648511287,-0.8614329873125978
exponential,-73.33438329896555,-22.46539885570569,-6.363401049130487,0.5229252742104877,-2.225816141197802,-1.8403080231125304,1.125944071335792,-0.4372666121568397,0.9972037284818164,1.7982156317847138
exponential,-56.39531362430272,-25.82568244287272,-11.732147013048031,-6.88707309208983,-6.355562148835921,-1.4705583994870537,-1.0607093990230052,-5.538762614100238,-1.0250987753846994,0.9744478463189912
exponential,17.824213788715408,7.133788054889163,3.7000256650978254,2.875750111551679,1.36772284270941,1.3544069293214178,1.4437132167111126,1.0478816301761715,1.8068487085073537,1.076201559259332
exponential,-62.35651723739612,-23.62001975248388,-10.578682718005856,-3.19434329161614,0.7968554953061044,2.3999961580682263,0.9839463012701346,2.196339577809097,1.6185046708089588,3.161389507743807
exponential,-0.899239726892382,-0.8890301948055732,0.3256331467569902,-1.3833602596662804,-1.2062308517595683,-1.348060891220163,-0.9783124177436964,1.487195535570437,9.357000082265223,33.80273827388435
exponential,2.616540422338155,2.552959206085937,2.648129185789474,2.602322116502941,2.288839098088977,2.2071081483655104,1.8771970255885784,1.324348336267093,0.3650502572671161,-1.083976680634019
exponential,2.8308570681309004,2.676869733808468,2.7503112905032703,2.3765118644088696,2.2822336394799216,1.9051874620788412,1.3185326900445202,0.352609468014128,-1.317641452709006,-4.092654318539746
exponential,3.757573234255956,1.315980930314395,-0.0424073564667061,-0.6615381754387809,-1.23803849306865,-1.42110281105645,-1.729092545557191,-1.5392124799938365,-1.3646005318881678,-1.5547653876925476
exponential,-1.9805809824659992,-2.1675937418736217,-2.262935966172188,-2.481776793380322,-2.918145055286189,-3.6108739368124256,-4.342896193151257,-5.205366687851948,-7.031603861721261,-9.429419961288342
exponential,484.58400073865926,128.97453872704838,38.33968132798255,11.509074154069785,4.376162137904611,2.3076057767802687,-2.9057355334063493,1.2097609445819617,3.49546978850565,-0.388045205900688
exponential,-2.6769803950878703,-1.2267764065743254,-0.0819139488646924,0.6350213697214065,1.03649027148729,1.369855229024843,1.460338490945013,1.5477853345206702,1.5450628830942992,1.688569747861287
exponential,0.459639453829743,0.5460047737851557,0.5164473201509361,0.6372122435908283,0.6670819150300559,0.8538414461945794,1.250934239890808,1.740348298128993,3.01311567844094,6.086876714707184
exponential,-242.63776785882965,-73.4111542485403,-24.10069964160052,-6.208050985066213,-1.166646660629613,-2.8953377543816643,0.8964199490331548,-0.4982786743442214,3.1960256510381115,1.222481764705195
exponential,-5.267810598209799,-4.612810325777197,-4.129406679087318,-3.680631909001666,-3.3055900931823428,-2.9769870725754983,-2.704873892184515,-2.537035595143816,-2.3570202084287137,-2.166082272157837
exponential,-0.3524845329078904,-0.1508089372978692,0.139132523685759,0.4643813272653028,1.116766177502872,-0.207179991538683,-0.9287777232270438,-1.7208608215045065,-11.713639930676168,-29.89286875790572
exponential,2.49577530974927,-1.565353559233264,2.2304686392609505,1.2623069776666902,5.310654103009251,5.930076709980029,4.737560635445357,18.298294129835533,38.03219665763689,86.20482326669769
exponential,4.2653202974676345,1.6944450103867883,0.6742584273523766,0.1713624087648305,-0.0929023466726047,-0.1811610762260534,-0.108649979853712,-0.2221030956425577,-0.2932627996888769,-0.177321457832592
exponential,44.72232281486829,21.36093096958703,12.351882011890758,7.731161296832138,6.518060849786741,4.388037661069635,0.98055655354505,2.8157183357246485,1.9831517025197745,0.3014496652274072
exponential,-4.056441587238139,-3.826353266666434,-3.710539624723877,-3.5450555056974413,-3.341248491111158,-3.2149322015923927,-3.1697804466214063,-3.0011887722317203,-2.8941468934739203,-2.862593229613048
exponential,-0.6073194412245478,-0.5256568436577994,-0.4991444701001547,-0.2079107686458705,-0.1124765479215137,0.0055933186603599,0.491768556279189,1.2595394306288077,2.1644538564837097,3.956996322727154
exponential,-3.1616424367227047,-1.7354312857269234,-2.9501675351196903,-2.7148270014030578,-3.868231511581982,-4.240468697507176,-5.766688630386884,-9.499722791074731,-15.358169156871607,-26.34137769870481
exponential,-1.3887631906591145,-1.0092335038768052,-0.8679695694869959,-0.6481841992878888,-0.4313542498740427,-0.1851538613382602,-0.1490371150148347,-0.0710710617461224,0.0510928902374202,0.2436295460276667
exponential,148.58162870525987,53.27495628347986,21.070218206068212,7.314869535867707,6.503218315398739,1.7545842533816958,3.202730408452708,1.0076571972895971,1.619633290994697,1.811392121684693
exponential,0.9254996922050904,1.22893108641286,1.694140994226781,1.4585222054692215,1.7392397904490018,1.674366064217762,2.440850013885812,3.735322490162954,5.90480937699326,10.76637303598466
exponential,-10.691075625397216,-7.257547573036278,-4.811151649291852,-4.177838250996281,-3.5978542329610512,-2.9870608558351703,-2.4542102177312746,-2.104337047042166,-2.455351989707818,-1.8454949075383185
exponential,-14.167408600908017,-6.527121119779372,-1.571071898959888,0.2277125526235612,1.4885350092682954,2.2939153588810868,2.4080345866382147,2.657691749935126,2.563333024723565,2.7515623660746407
exponential,0.6217475026514618,0.7014141398687288,0.797302805138699,0.8986431259649081,1.0382092504611329,1.1596871835664404,1.2957984930385222,1.483213367029615,1.7004744157810594,1.896191354119975
exponential,333.6133837897219,99.72418232925595,36.135594848413774,4.362589578742573,-3.5250255003377413,4.631745464710424,6.434283297830477,-3.6692983450715593,2.969927312934201,2.116637374929594
exponential,-1.983109536919211,-2.075565022816851,-1.480137446410298,-2.0395542566367597,-2.91578456550332,-3.413104913619034,-5.563541997112047,-9.961254138542609,-17.72486287912128,-30.285430523255204
exponential,0.5733195960663439,0.6955805473709654,0.2161410272403154,0.1254840301337866,-0.2127129835113133,-1.024698850018,-2.02576437941582,-3.321181274423177,-5.462331064292831,-8.36240265982567
exponential,-87.57573876905553,-35.84719700113784,-13.782390356607786,-8.313830463497691,-3.0645768188208824,-3.0561739604874694,-1.838743108960454,-0.1422441901479183,-2.880946793660928,-2.603937277673398
exponential,2.1337088091700065,2.0259485393294683,1.900850749656267,1.8360888924539984,1.7860391367590087,1.728437762194692,1.6861768295300714,1.6852998915267534,1.653474207378714,1.6330008944698802
exponential,-1.0954992633356258,-0.539251826433073,-0.9322347825390837,-1.5802349219267744,-1.307698655018379,-2.882141163045095,-3.762288239647765,-6.242628497963624,-9.12536779830347,-15.408510398808115
exponential,490.4372177566427,140.3647204001794,38.54643075744444,11.032663217554092,4.920692480666648,3.278682086610908,2.5336776945248816,8.309102837525867,4.571331455561897,9.518741369685706
exponential,-0.9763366534402658,-1.219407269418813,-1.3695745718911514,-1.322307591044743,-1.5342439245226962,-1.6472435117994382,-1.9656354893425376,-2.4479798416202785,-3.5335686376247137,-4.857857307925595
exponential,-1.2956007985106754,-1.1484458047036714,-1.3564191297039785,-1.3000844311378,-1.0100757433454493,-0.5923489507381007,0.0517768538651338,1.395996415851167,4.377170405212081,10.639155912734696
exponential,24.619846634481803,7.690190165905821,1.0235328759865192,-0.5920635907524012,-1.0797620356729023,-1.6995160956608788,-1.6106296845463923,-1.1545798406783776,-1.617674658792884,-2.2748776346782327
exponential,2.839228555747375,3.1327164998467567,3.1210455833271857,3.534661366240797,4.061363757757392,4.7958032800096095,5.853567284646071,7.202491535038883,9.855600727150527,13.414472864053163
exponential,0.6798759740230579,0.8461779824411243,1.011074241253638,1.1918017124054487,1.4692838212656436,1.6871495182630427,2.0044193450594165,2.419559992032943,2.8712846436355983,3.3681472141522373
exponential,49.86485142053456,14.217794895187264,4.317522712785201,-0.0777066788082478,0.4984280422689804,-1.6809981140895325,-1.1859937126964613,0.9383127859909294,-1.7228143735112524,-1.3688320924673554
exponential,-2.9955272193709277,-3.1959593173163108,-3.669131584727034,-3.808484218235781,-4.605168813520126,-4.790741992890276,-6.373190158375584,-9.435069298201729,-14.122631267280555,-22.39597692074363
exponential,-101.6774841577726,-34.23046709648627,-15.801830967666213,-1.585468425321562,-0.6512904660155525,2.887882519553907,-0.5945777093517602,-1.5623280718672157,1.0650043797363922,1.8794806974271108
exponential,-1.2056921651762833,-2.2538194047066864,-1.924198217079704,-2.064103201577508,-1.5293656638782678,-2.149333265965001,-4.725152329269523,-9.465613717151768,-22.109217316666104,-55.380537498225706
exponential,41.50113247741773,20.30892025690633,9.56257526391529,1.9648203060486429,-1.0216467934258064,0.0397025767401106,-0.5934480085024582,-1.6003450033228963,-1.666366634921919,-1.388351295946141
exponential,-4.582392770795881,-3.850422778804927,-3.3437967781029303,-2.876587812182714,-2.3051861569634373,-2.237553356643646,-1.9225597606592089,-1.7288038563497232,-1.6317338855632286,-1.4690543600409434
exponential,1.261117821386968,0.9535504800867376,0.6238692427299835,0.593723053979446,-0.0756951649680535,-0.6802183985776136,-2.3521504966314897,-5.49090038541557,-11.284028830469325,-21.751577778243863
exponential,2.529650585177844,2.5305985221285336,2.5593484992283257,2.577352461810334,2.598564058402065,2.631714866664032,2.7002766427557656,2.789912499047197,2.9237150333305983,3.141051331739929
exponential,3.08988636440527,2.7500264546602304,2.4829569092798467,2.2313419997298283,2.006064245189918,1.8353455434479045,1.6684788685248813,1.4917449634512592,1.39127437331109,1.2967150229883213
exponential,2.591854706938596,2.2788709731892864,0.92221570292503,4.990581308154437,2.760020609003637,0.359064682687286,-1.2846416899884403,-25.448698457850547,-84.39629734436018,-273.1713917107752
exponential,3.2633662375634787,3.4195730838506795,3.588297366424241,3.81007321083396,4.0359998502967525,4.4183110465729625,4.733805119020332,5.148294818714605,5.704754754981446,6.301432955047168
exponential,-34.63468242693918,-17.925528593051464,-9.502304332051107,-4.886494257384993,-2.9556229364754776,-1.7307100434557572,-1.250334510708979,-0.8294367449063671,-1.0126049541124418,-1.1596289825929915
exponential,18.538806344690343,8.788958711227593,3.6282104035793568,2.657304240732336,-0.0115375802249378,0.2709718494147748,0.0690714907873725,-0.5247954287030469,-0.7951317215481266,-0.7958570577304611
exponential,2.8760400613702357,2.790530987543802,3.1449608839064647,3.349070850830976,3.5173667865509954,4.287595250662706,5.13468816725474,7.295049181506473,10.917943853582576,17.54502192568418
exponential,2.103860838296135,2.011406358876025,2.4146563145699846,2.326326349112316,2.6769778250381577,3.0878513712310536,3.543986985090712,4.46905672666136,5.475663496590802,6.947361344721431
exponential,-0.6610905408841026,-0.0839033890336426,0.3796544962663782,0.7734249059300543,1.2026596485609458,1.4017262415939962,1.534288187066442,1.704358810457918,2.02671307908635,1.97606381077879
exponential,-12.78580160724232,-6.782243934396503,-4.73051690527996,-3.345700069713432,-2.531988854995994,-2.346356748780641,-2.0374132107515064,-2.3777713097934434,-2.0882670938860923,-1.891521297463492
exponential,0.3266208763042793,3.566393444425989,2.2245311590234564,1.303169627084204,1.204765774096005,2.5936431219146816,3.620134027223175,11.640913690983789,23.782967695201304,59.82504553507478
exponential,-2.0493612826505347,-2.128699254045562,-2.1467811663286285,-2.235430676040339,-2.3237279605088026,-2.296809773502324,-2.51945408549159,-2.8260415520357016,-3.4322511372081093,-4.206009200367583
exponential,-9.736539468317892,-6.233834051628983,-3.696657790198799,-2.6703066893580294,-2.109376195711532,-1.6890967218177422,-1.481339896505608,-1.0961255969767263,-0.9167674883729788,-0.758364547157028
exponential,-41.390115173857815,-18.56742582810834,-9.160333192165725,-5.097130219391781,-2.0397690548526035,-1.228415811937988,-0.9229551215713228,-0.8068571216944498,-0.9127457869833666,-0.9924967993014394
exponential,2.5564816944878723,2.24048173470051,2.763969884688212,2.550645305164952,2.9160644080159805,3.800745878731005,3.967976992769049,5.716077508871289,8.09734385460435,11.90519710696089
exponential,0.3645987497860207,0.1441616018693014,-0.0388122393289364,-0.2491825382007876,-0.4525668766327977,-0.5217335151513336,-0.6823467229636956,-0.7401676681014954,-0.8509269703911887,-0.9067936542418776
exponential,-1.1732009947696926,-1.8564085814723212,-1.2889555994385655,-1.5851021614831189,-1.9905062497344448,-2.3483021829802104,-3.2670612662473,-5.1492836353461975,-8.20200941069802,-14.141428539480035
exponential,123.23607818609052,47.975099768672536,18.38268852513725,9.8072542474465,4.427890186950904,0.908094716769562,-1.7612925075093684,-3.036022299027378,5.2220657686103324,1.5964281648973666
exponential,-1.7365717900067452,-1.7038322644086514,-1.69349262753646,-1.6747573356325371,-1.4375118231114026,-1.2188641343364863,-0.9614844831663234,-0.7167714545500653,-0.1311144227151773,0.7982887567558061
exponential,49.00615885377699,15.226209016161585,7.874825698053016,2.723937131055741,3.073746953049848,2.7789332233518014,2.582018282210364,0.9112121348576584,-0.0031492229146274,0.3437928508617045
exponential,0.0881158686431495,-0.251701961423117,-0.0473807449463006,-0.0899858731835487,0.6086982211047586,0.8184016439515467,1.6842709647163905,2.9792547951681843,5.592959190279245,10.1681374845143
exponential,-1.6076129711908076,-2.090661135430788,-3.505444633887977,-3.127217601698355,-3.690307165717951,-3.979094495597279,-6.400331449025386,-9.720129932769552,-17.92495822878854,-31.79099359370229
exponential,-136.07456555425355,-50.094422660515264,-21.402244213877264,-8.246154765473559,-3.068997293316828,2.017610019252872,1.1333396412977526,1.7508171086495483,0.3324000317361086,2.2812897174717035
exponential,9.512570374563518,5.680359711508665,3.662978051905914,2.109735856868004,0.5276516909395624,-0.4580563888731414,-0.5654230246635202,-0.8894633068930256,-0.5502374404416184,-0.6353691619521894
exponential,-0.7651758392352427,-0.3662793610373089,-0.0638857887195837,0.2176096527501911,0.3610705391686646,0.6145711666726809,0.8717993010083249,0.9659159530099036,1.0580113586597548,1.2934978272891011
exponential,-0.6366316271196585,-0.5663216587621202,-0.4815771967454945,-0.4278700634947419,-0.3688884216297667,-0.3204382576683692,-0.2808158734772059,-0.2452733082084002,-0.2110292256024332,-0.1855832253502725
exponential,-0.2501866597007598,-0.4179134111512468,-0.2698599755753128,-0.0681163772087179,-0.0931811360173105,-0.3688992331526949,0.2778210597229648,3.142629904160942,5.378277451826315,14.80941314642397
exponential,42.44629811226862,21.582869611424197,9.2084241305105,6.926211003614387,2.213998994381038,4.5339185554489365,3.399689695199569,3.3615524476464773,3.342813185217216,4.961052642713932
exponential,16.251983356576616,6.0601768078451705,3.748983925173001,2.067149477099669,2.328956019569305,1.715300374485452,1.8866692369916664,1.7684057807584996,2.5905316898659496,2.141794165193565
exponential,-2.571495903599163,-2.3059441427024585,-2.135085659848253,-1.9432381848163496,-1.7775455644030729,-1.637896659947988,-1.550010380393023,-1.4383999759042,-1.3223927895337244,-1.257947349623326
exponential,319.9021160263835,87.6466775991328,20.020597419374305,4.620932009242481,5.573002072703929,-1.6977693633461075,-1.4199549879312017,-6.06680357809838,-0.0275671882391733,1.502535814774529
exponential,-155.76483764210855,-57.44511828923417,-15.675200448340275,-1.4061417564674723,0.3238452655606997,-0.7892094937413308,2.4807411149464142,5.138341923808079,0.9802469529319352,-6.824652942576201
exponential,-38.14665604168438,-16.27873572704287,-7.803112396752254,-3.140350595963324,-2.2092442410315862,-1.598831469867954,-0.0622215015723452,-0.5091127025276907,-1.2989762542295755,-1.425045836204133
exponential,6.484573637500799,3.868176898233133,2.190774813007746,1.578045005917976,1.1869909928390892,0.8817051745776877,0.6786690121104297,0.6211687937644371,0.5916507711837365,0.6074035817279734
exponential,5.885816271842196,8.835235487448102,2.0515745649523054,0.9503040102403068,3.5149458867646577,7.922128622279075,12.232391741755135,23.872183578308785,42.07900648190589,97.31724293629694
exponential,10.084162301250991,3.635648445555619,0.8958227349983057,-0.3209054213325155,-0.9213522096787148,-1.2480642353528415,-1.1781534846530723,-1.2698189812915042,-1.533938822271756,-1.3065120661979877
exponential,17.971580473724398,10.062873773986096,6.218556081806017,3.9286427110375306,2.65283197373759,2.009993743305285,1.7305256113502994,1.6628385357378204,1.7456780375875796,1.429359119530777
exponential,-2.896541342521913,-3.749416381772158,-3.8363225118749367,-3.857931869525189,-4.136745288085723,-4.543930618441378,-6.118292108939189,-7.390205318818288,-11.001613349629938,-15.377112054882469
exponential,74.7486357614872,35.27116088509732,15.32177644871957,9.371634563468495,7.4968341118447555,3.2341702721219505,4.048458861815956,5.434226199632042,2.642142161851015,1.9944344883710452
exponential,0.0177561885016651,-0.580990415903775,0.0619706207830447,-0.0126614518519751,0.9441186733644602,0.7543386804826092,2.007176484881484,4.753703913004977,7.804724655556149,14.667854652887138
exponential,-0.5595669449321095,-0.2065709792017915,0.1389726113901838,0.412222658470629,0.6869297793404494,0.8986192671890743,1.0855504646247427,1.279038342901658,1.454818738372626,1.55259261955594
exponential,0.8175384644158299,0.0637570650112032,1.1404659280337612,-0.0104278739722931,0.5491496609889632,-1.6242384445434888,-2.1017754294183666,-6.291164534039689,-10.639220316066268,-22.399385894234744
exponential,-1.6957170091424936,-0.8149600465604895,-0.2100390425347345,-0.7005419372892456,-2.920297190872885,-1.9775428759119489,-7.69048023423431,-14.44808249081065,-30.21807095665469,-68.00444510344848
exponential,-84.50651255257645,-30.97684372081197,-10.827609470993538,-6.155151182846324,-3.9052336530301783,-2.388419737978706,-2.9701197308967155,-2.290733029724401,-4.1323516993846745,-3.2258387695095783
exponential,5.065640004374123,3.5915892437406614,-2.9100057141620805,5.558422609527776,-0.7259239152326651,0.2525299353283143,-4.7328024978613055,-16.923429969669886,-49.93458260070929,-128.81896482090488
exponential,-0.5125819219578014,-0.1443681117083186,0.213120642612719,0.5300330563473011,0.8004160182752569,1.006720746118487,1.2346493590426748,1.4183760144549469,1.5409424970707073,1.7076580762654203
exponential,-3.740170175246806,-2.4796667965083548,-1.530257755997927,-0.8803599335787261,-0.3068253688530239,0.0095511123325217,0.1104231096175593,0.3935256608863103,0.5969523957455911,0.7206430393807581
exponential,0.5970260543415623,0.2313297674166816,0.033063394763466,0.4555934480225381,0.3790352869671564,-0.163089459126573,-0.6576883458968633,-5.942936061465799,-18.8746569841048,-57.23955748527715
exponential,-342.4204957791592,-101.65576910737278,-34.15234932617462,-5.181601222219999,1.8689892663727257,-3.729664768237987,-1.6178890402306911,4.5310032174517865,-5.490933052131371,-2.083038828641336
exponential,-1.9688069200055052,-1.9479750223934345,-1.9163574849176896,-1.906894306393854,-1.897646315426518,-1.858484713808891,-1.8395308347131547,-1.801372174150505,-1.767590456099088,-1.7067173941550142
exponential,2.7355161109216968,3.3305560359358184,2.8828561384258524,1.7480375666304755,3.7141756826741945,1.2227179428244666,-1.5097271112820656,-5.324968218784278,-14.366642495467016,-34.5298479641661
exponential,-1.1973279915745347,-1.3632506851534318,-1.5312677195579911,-1.672646568683706,-1.7814594846289342,-1.885294091613466,-1.9661034755107367,-2.0827290820554576,-2.0657508101006137,-2.12950097907223
exponential,-6.559305713918288,-4.139699535360927,-1.8594116582857596,-0.5223585172037143,0.3743418524803155,0.7002305055174487,1.469241204834948,1.870483503725992,1.9339733082966892,1.9393258518535883
exponential,8.077284160917648,-0.6059244061758502,0.5795020370160984,0.2138956103344615,-7.609921560120491,-4.57744435704168,6.136000013027892,40.89091542425386,142.17888123157888,532.537632120412
exponential,-0.942879563824884,-1.0267318232827929,-1.0829469838709134,-1.207322340529958,-1.3222535867405665,-1.5282203647776786,-1.761777537501494,-2.090249494824369,-2.5228319288203656,-3.074808936002204
exponential,-18.935636037580394,-10.17063420957644,-5.2107357649978265,-2.8693781250054418,-1.2123849059982186,-0.7093754295425782,-0.4146800189697101,-0.104305701248682,-0.0440428915034531,0.1629996143209315
exponential,-45.92495170593991,-21.54995542810056,-10.393130483888092,-7.16092386189688,-2.792746660976574,-0.5170131458925866,-1.1580187819439898,-2.448716042434823,-1.2991526307076011,-0.3052975797453489
exponential,-1.5966735860698869,-1.6476491038756225,-1.723565966582716,-1.7900294246584618,-1.879770428390396,-2.0178867364229567,-2.181587307890568,-2.322565048169945,-2.5533841230286907,-2.8305915062759346
exponential,1.889454524413996,1.7833003198829458,1.7095963656760191,1.5938370475985346,1.5041238701116668,1.3309451300088369,1.1593855893452885,0.879454411615318,0.6082140501050239,0.2205648032436643
exponential,-1.1463774643538445,-2.2524863540705797,-0.8678384079600063,-1.4611247786313426,-1.2160856842431729,-2.7038130530548914,-3.131007832111548,-5.434404375334572,-14.226724908671583,-49.22158145997006
exponential,-0.829508857584222,-1.9570486690105653,1.6078373540228887,-3.830560815891362,-1.412503505207123,-4.720234559621582,2.56100449415737,12.997017594869227,26.97420664726121,83.92682765486832
exponential,-2.6631605282284774,-2.6311624638030384,-2.616271995475372,-2.563342521426069,-2.5217751420620265,-2.4861591278081456,-2.428727563921833,-2.355274375005533,-2.2896427678358484,-2.198033637780548
exponential,-114.9124087247265,-44.22154268380466,-18.944787774812216,-7.234391612244137,-4.262815418478112,-3.2236382860695683,-3.0586849396068865,-2.402551171696954,-5.013976226020713,-2.604918619421841
exponential,-2.1775438246629317,-2.020840407849925,-2.052966650330061,-1.782654790828752,-1.8739572413792176,-1.5180550827340709,-0.9727637326917266,0.3497202277001827,2.002662967843757,5.433719154888723
exponential,8.75017447425301,3.2208720056678075,1.0025397051098353,-0.1667502989369088,-1.1486132240518123,-1.3890955237697076,-1.5052938807409553,-1.4922381782812524,-2.053062945932753,-2.1917268228909106
exponential,0.1883860946762409,0.176699955485874,0.1680965355201478,0.1583999338703169,0.1443218719768383,0.1333389455866629,0.1137695624273617,0.0943197899400045,0.07026666473956,0.0412750965003132
exponential,2.652774012754468,2.206014566902874,2.76908805851275,2.9065440218989416,2.970923527961088,4.401391915901622,6.4412496650141,10.77036471256614,19.85678751868101,38.76611518080068
exponential,-137.34683608963138,-42.46710636342303,-15.731790439702069,-12.075779007717466,0.9638982308110045,-8.592769415389672,-0.6664423588531663,4.013641894873386,-1.8855114147061605,-1.450230936582827
exponential,-20.326336365822648,-7.213614248473448,-0.9785168939053434,-0.2311407420595929,1.1366990317068904,1.814687811614588,1.7819524654062393,1.965785319225113,2.2077418015337926,1.6014647397927264
exponential,367.028246672041,109.95776588264148,20.1421209153345,11.185107744979453,2.0297774918989364,7.552462992233959,7.266759043911603,12.49617754142874,11.861743850351663,1.3191803460269114
exponential,-2.735223046743528,-2.745815434640217,-2.648254961603856,-2.696443141163605,-2.574023755623143,-2.4284821996515107,-2.112160393644016,-1.5566867377135325,-0.7180911573375575,0.8682349711661417
exponential,-21.313402867590188,-9.369639059499988,-4.405932008296542,-2.138607120955456,-1.451409889896618,-0.7401922551204978,-1.5113367309172647,-1.9594101499551413,-1.7534337636253654,-1.7743149739857773
exponential,3.423683571645942,-5.398974296521622,-0.4853856568523593,3.767484764137973,2.450136473854659,0.4732821969469185,10.240784166082015,10.995681955525528,29.80153239443172,106.11703124652026
exponential,-4.773068014240809,-4.534361695940925,-4.270484510551104,-4.106569912013965,-3.881699331012038,-3.753687195764012,-3.5860913847672338,-3.503541349236424,-3.3560909250809843,-3.309422534014754
exponential,-2.4721916410376403,-2.485864176529142,-2.5196839853721054,-2.51854301241867,-2.554158422793731,-2.603128214521661,-2.647509004688522,-2.730170017944712,-2.825710636023808,-3.0136555102882285
exponential,-187.7616587506885,-70.88466275374138,-25.25749095584643,-10.047758891263827,-2.979098418347794,-1.182124331537667,-1.9757369513542555,-2.648877238612416,0.70729659631335,-2.6719991914792294
exponential,2.0973446788278483,2.0464169575319,2.0465361045665094,2.038000686518361,2.028512503365661,1.972151167519527,1.9394383472183936,1.8665655838413249,1.8049190437688711,1.6553385398066407
exponential,3.210657331260584,3.0017838538211987,2.8733309672422966,2.7711689556555976,2.668902288675261,2.613133131521049,2.5475589396247287,2.5374937920322624,2.504692466314233,2.476113286682919
exponential,1.9548702669751128,2.0367626112898973,1.1008555882632385,2.4610448272736907,3.587743987142706,2.925947845625049,5.726995998234617,10.962511561988483,25.216622295405557,60.16609410947296
exponential,-143.95109003962057,-40.8342437226208,-10.13435632931608,-0.8078223422996249,-7.090146929530598,3.784512324481187,-0.235207846217651,0.8447089934350362,-4.645171722601019,-1.5159637753087305
exponential,-1.265517366163681,-1.285792291819992,-1.5169825745467196,-1.684946309896879,-1.855883296617101,-2.110028491525525,-2.5584283893530366,-2.896486376090705,-3.532518196247386,-4.193598675707174
exponential,-3.2735111437027493,-2.193484015173895,-1.4143230388681012,-1.627160529553005,-1.4897263108417806,-1.023486809047176,0.6229303571740797,3.166088933199676,12.097184504289205,30.29601629549527
exponential,-0.2463158228774718,1.65232398505501,-0.2625770452266102,1.3336843073382962,0.0808936991074357,-1.1816750584255868,5.347625434990709,16.749828447072574,48.00181333787357,138.5472602932738
exponential,-558.7750737447262,-168.09344678203163,-31.68902007759874,-43.093494324926056,-1.5766663610213447,25.07110642651694,-4.616992584042908,-2.043152115384669,3.672258852389553,4.71903969284473
exponential,2.7100700867689267,2.740746323047394,2.988240193769534,3.1734800293825307,3.688713587548479,3.9112899561087313,4.275687582986107,4.789191686028721,5.434688985951724,6.471857976539443
exponential,-1.0078029915906763,-1.0267264354916694,-1.0284092347107254,-1.0663646957162365,-1.102371506199668,-1.1639426957679544,-1.2996358303464182,-1.497682064427068,-1.812683232784412,-2.307144224254229
exponential,-1.6062571818228992,-3.090239311731629,-2.680143743933771,-1.4190763135289992,-1.816015899667288,-1.76535624456905,-8.781333831109205,-25.114966206069724,-78.63404689892656,-240.19788412274517
exponential,33.61167101244593,17.045237473603304,9.599823500195471,5.693850700775159,3.8672282585213775,2.7997255219209283,2.457800064583087,1.9673096760081488,2.424696539752581,2.484625158038153
exponential,-7.4525427015699455,-5.169242855446217,-3.942346632721014,-2.535373340479295,-1.9858467880031665,-1.045835643061619,-0.9186241853692056,-0.3838662642457615,-0.136915748204126,-0.0232862315299848
exponential,-15.234078498718306,-9.062991829719778,-5.114754507730543,-3.629262798259616,-2.9547455296966767,-2.170330362715161,-1.9813585920611516,-1.2660387723311193,-1.6878075549064868,-2.1116095869799443
exponential,-4.767573642052531,-4.45077542484398,-4.180419993692448,-3.930139407647975,-3.748885217031237,-3.588040261337202,-3.364032198503332,-3.2984123571796085,-3.16582392455128,-3.0711970311278
exponential,-0.8686661644249953,0.4618408678028389,0.9204860760136756,1.648639572006544,-1.1860520230027465,3.0201443481247763,2.6688944629857376,8.273468600262785,25.58840992479816,59.6831616094368
exponential,4.347406993568574,4.109048650821255,3.848142740686165,3.6741255208742887,3.410437821451449,3.2258584651562296,3.1422327816625946,3.0528460384186755,2.8593648286744924,2.800077937291889
exponential,57.84470507652384,14.457200632165508,3.636492944256537,-0.982259174872354,-0.3306799022080123,-1.556550016999248,0.5361364919088333,-0.5307936263146896,-0.8295577404405382,2.075340318313644
exponential,-0.8869817898912055,-1.0126216749544554,-1.2923093152489034,-1.4531203715369647,-1.625613729086751,-1.9024149501845995,-2.1258531583339924,-2.4410512442966086,-2.825009700067288,-3.211292789507732
exponential,-13.736799510072665,-7.189316609258032,-3.102514110381001,-1.1111754157511633,0.0333121788724485,0.5873484044529809,0.484819255976999,1.1876078145323414,1.1769249444204584,0.7538649648099744
exponential,2.35312077743203,2.445841534573422,2.0603454706362867,2.559075721739524,2.686130930661803,2.67443486782285,3.852592028249851,5.218187310889614,7.954698606201086,11.813437024735173
exponential,-219.91003317518104,-65.1503252634336,-14.860045206187271,-1.7355010555532089,-2.677895030065235,-4.644901072493397,-3.843907575283192,5.817078083258534,1.0651367772074598,-5.858122670073884
exponential,18.47131470992984,6.917064532910169,-1.913068294624364,1.421224988600443,7.0330244663949735,8.981381179500534,-7.28608506478618,-24.02831750290892,-86.01239624235637,-273.40952510211616
exponential,186.0289099365572,61.16974407130994,17.87312484032048,13.11566184434309,1.8223221688017008,0.2582748975491726,1.69035335681824,3.8004506352632657,-2.417370011979296,-2.3539058937665427
exponential,174.9558633262157,60.89834453259648,16.96696763062451,3.5376504420607984,6.740283171650757,3.4757947404779608,2.594566146716874,-2.999626576958105,-3.363560266102569,-7.376976745505985
exponential,344.6114636528791,91.29018735153272,18.82440736428421,6.04682790061063,1.0376089313403485,-1.9230557659209253,-3.3677457156121333,5.37519628601004,-5.775151349965781,-4.3827790660264805
exponential,-1.852201184170873,-1.988587577233296,-2.3296968828417897,-3.3357056941746577,-2.482167937163592,-1.5453250958523914,1.4072922070763272,5.225407690834631,14.255077717975352,43.07127108958508
exponential,33.39963558223402,16.6208106227563,9.501468385395718,6.416075106821831,3.394391210479044,2.673735386647008,3.0243377576590014,2.052264578134681,0.967668138392729,1.1281762540229687
exponential,6.292578881108716,6.29413494039541,0.0924751743678629,-7.034246108835592,10.62966635917406,2.156772379521376,-38.923458653685074,-55.39310172107747,-177.03542346770848,-649.5977486526253
exponential,-8.099995024088033,-0.2773573603607528,-0.959048524654751,-1.7275110020191906,0.1032906160669235,-1.8041445385150068,-6.137274239421738,-15.516305820310937,-52.132913402190674,-190.9147593509747
exponential,-446.99912076875455,-141.05051485853954,-37.64043771460332,-9.295387962625984,-24.70223366756264,-8.546117569516214,-8.005200395880639,-6.245121148860591,-11.531879747230542,1.190067634046052
exponential,-95.07022900251758,-40.31209901733374,-15.063163374789688,-4.6618580385218085,-5.745479675006397,-3.176913438445156,-3.8268041801300856,-4.093511153290304,-2.264214602066897,-4.079686133543888
exponential,-1.1800256718317432,-0.4755621001446649,-0.1356517746825372,0.2383441908151914,0.3428712710262827,0.5661781711372434,0.7021159938253181,0.706188412425917,0.8037529294590975,0.7198509854574587
exponential,0.0588544870847928,-0.0404291112883777,0.0304953446805784,0.4224782931352571,0.6744596764863544,1.284167311918284,3.061570858125063,7.875814162524762,17.78068738325111,40.81126157927032
exponential,-1.1028173631616054,0.0359217207559846,-0.5841326573912614,-0.7825871447502892,-0.1287283418259988,-0.3762278946147283,0.1115305618470439,3.139634889180389,6.484998869885335,21.982268774833237
exponential,-0.3948502649564659,-0.876504306560373,-1.1160571836921642,-1.2774618806500406,-1.5518780177830762,-1.648477350754815,-1.8491818390017745,-2.015497277756421,-2.116167794699286,-2.1244515505334807
exponential,-10.985622760570948,2.8922123011465466,-4.453284655982804,-11.632420872928448,12.943083473348135,-5.606099017178237,-5.5159088876279725,21.76174040773657,71.1348234111731,263.368882187521
exponential,2.874967825331225,3.087993396203439,2.464761706506866,-0.8180358384792286,5.433752603624487,-2.636479661108673,-1.8069020921645933,-16.858570273299662,-88.74364956850589,-274.813400507868
exponential,2.483793811736437,1.4684169008202963,0.543920804061053,0.0531100801031705,-0.7109071189617664,-1.2219638086994211,-1.526506216124306,-1.684010526981902,-1.892512783305172,-2.088054721679011
exponential,0.734489279970609,-0.0893768713393485,1.1777923813228914,-0.2571068548682616,-0.2460682624534665,1.133775677924019,1.7765090442991442,6.803893089374193,17.853696915188387,41.84382535346442
exponential,-0.635292999557141,-0.7934867299163983,-1.2891815009656176,-0.9408880791788816,0.2054502264576881,1.5270623302581512,3.779703657352869,7.841778117987641,18.041157663770317,37.994338022055786
exponential,3.068064901074536,-0.4873324058585463,-0.0734879073629826,-1.6319505990612062,0.0554189937063331,0.1755832629091407,3.8933508296870007,16.43679972707699,51.29685309429534,139.65025085265708
exponential,1.9606914341177668,2.146963250390235,1.6492686436788926,1.0746543026355462,0.8179394588550752,2.9218519474889497,8.336712760256397,12.446418250988533,25.325481946327336,55.63957721956532
exponential,-2.046015989467915,-2.063969180521685,-1.81599774162256,-1.705489307522991,-1.5948235566843152,-1.3496485001786442,-1.0752841538974602,-0.805097625124827,-0.4740734644816764,-0.1264837566938281
exponential,1.1073940197944834,0.918302975616794,0.8484759250134261,0.8189273109143946,0.6148417369570838,0.5537447302258961,0.2341750768352732,0.1377009014538129,-0.1854145353862041,-0.399226145963007
exponential,-504.3331032426021,-136.95333902021017,-35.8842695892451,-20.49927411785537,-4.283942430927491,3.939202422985512,2.1976044928458727,3.091358019172957,-0.1656179658647759,6.2584779220390905
exponential,-17.45767864665877,-11.395480929159804,-7.328870914812588,-4.648276377318491,-3.3691100836444754,-2.906375807628671,-2.1316968757945123,-1.787747629531464,-1.5867416723446108,-1.7723929254409054
exponential,-1.3837034250332334,-0.971038115525446,-0.7193710430610061,-0.5653652195590311,-0.4522631646723302,-0.4266627307931874,-0.434283876382056,-0.3976404840321098,-0.388009418629204,-0.3396000445108205
exponential,-5.336633959459894,-4.074413260262594,-3.405243341078621,-2.875451559431101,-2.5669620874825445,-2.3446605795395548,-2.216505965856721,-2.1110643801824107,-2.041771534899856,-1.9159546816762691
exponential,-4.372801713133597,-4.020805589974709,-3.7481931309051713,-3.525044754704164,-3.362858031872185,-3.222137139580429,-3.0801870348957268,-3.027645219019419,-2.93574688250435,-2.8307584742151857
exponential,2.661288551002729,3.9108066213308383,0.5837575901377242,3.741801504244376,-3.250013968390746,0.7466090968476439,13.153843664659131,22.809348268833176,42.87547822457535,130.5273826567618
exponential,-21.05992119158406,-8.312532389552883,-3.1190991194359694,-1.024130551923515,-0.4676728812690146,0.591055883296733,0.665098026652058,0.6869835514123193,0.3895718724261354,1.1078664661125752
exponential,11.03637287723854,8.270946903832908,6.601325544600081,5.397239315347347,4.481327287248944,3.788565184206957,3.6105395154216073,3.320007700962489,3.095862402367894,2.7802717946288205
exponential,-4.393282215212152,-2.8388679403565185,-2.0140554404912927,-1.543732255095985,-1.31147617135773,-1.1477571357680507,-1.1430009082398145,-1.106135444882376,-0.9965952422087464,-1.0061144918508769
exponential,-3.525600795581638,-3.075340078787752,-2.105595619708019,0.7018110412318559,-0.9805017960141136,2.222179338248531,2.869413846651108,23.38744948509507,88.49027440179006,333.7765068922652
exponential,-0.9135651701800358,-0.1755803191005789,9.59726814621762,11.016933890288696,-13.241103483507656,0.8572594453582703,-1.683403436081078,-21.229940463157764,-54.96240242640246,-163.68151842367217
exponential,5.710177025989064,4.405153646327336,3.6223136625373167,2.932941446450203,2.2964942960242785,1.8912739842439272,1.4100028389521757,1.5334727526413827,1.1791413947468314,1.0814432510243657
exponential,-0.0004873571263508,0.019916308946366,-0.3043939350760025,-0.1152399261990211,0.0839967884615456,-0.5592019225886964,-1.1108028206205165,-2.842022859489374,-7.468213418477706,-21.09104882455851
exponential,29.05131035837848,13.876809528003378,6.129638402062132,3.0374379232584534,1.018960243834412,0.6231310554946049,-0.5819413721170208,-0.9507925284078508,0.1416474772917821,0.3324009014779815
exponential,3.521425153778555,-0.9134431854505588,3.587638749058024,3.1492464781447587,5.364475629671592,7.021523597005623,12.468542397668358,29.14756891051237,105.10291437244857,331.1208483726487
exponential,-0.4449820130490135,-1.7347327586547292,-1.876013579915004,-2.317538369722301,-1.9848391952676887,-1.6557418042269094,0.3859518164448081,2.1354074028767944,12.382136186803027,52.49380917715219
exponential,-2.2429957539278926,-2.3158084286199023,-2.372443435354361,-2.4628417555005333,-2.543693733620723,-2.652592096840419,-2.764951245739914,-2.889147495640945,-3.047464085352791,-3.202986419014686
exponential,-0.1487746082779145,-0.1589494869423202,-0.166990488393875,-0.2032891369144617,-0.234200055255412,-0.266410445824001,-0.3338899793540871,-0.4387902766920838,-0.5485672074490989,-0.7602486949674632
exponential,0.8844363990176173,4.462797755926109,-2.5093720464092577,0.6698187044463931,-0.7411014644171696,6.423081197654984,6.10276333404796,19.968469515537457,63.0080636926517,180.26426278130376
exponential,58.06293162919712,25.382073459012425,11.823541793891383,5.276623924843791,2.366824972138402,0.6282405843471391,1.5819379144098322,-0.598995658301098,-1.5878655575733616,-0.6533698628077582
exponential,-2.76910263546898,-2.61553339967342,-2.988686135276616,-3.352197707451733,-3.4561625937910274,-4.150798323951389,-5.1617163431644215,-6.010691002577092,-6.92136336760115,-8.717791962872141
exponential,26.393074761324588,11.297623696792964,4.576130354350364,0.7667024923804187,-0.847714089859256,-1.3816188717173787,-2.373860390778652,-1.459708506159772,-2.582492041916533,-2.6470697391213065
exponential,-4.178376257867002,-4.642164112092562,1.6791523343499986,0.1873028594268477,3.210914960162373,4.862279757914766,12.2114409764828,20.516826634414013,56.82911204148181,162.93343162756602
exponential,-0.9819760998430038,-0.5533800497121342,0.3641633129558387,-0.8511054248893204,0.5869457491491001,-0.2570337705835067,1.2016813470754966,5.634716078667983,18.863289178191238,53.81499107335597
exponential,-1.4321696811935372,-0.2235977757351236,0.2949459293861332,-1.3517631844374316,0.6620245120626487,-0.9123604141017329,2.570501131157326,6.471025959126148,16.46199466223205,40.41110661008338
exponential,3.816942827265313,1.7281823909470997,0.4067492653805482,0.0551360310816455,4.441177099989503,5.184369803119606,6.936282906169892,13.804463110492572,38.64118316697952,109.37351931614025
exponential,3.827083515759441,3.940871429935751,4.0426729752241926,4.038958434877009,4.396105847945542,4.696522098777953,4.958534263616974,5.299920834815107,5.684900939809636,6.055105351008963
exponential,-0.0766993531753397,-0.3144364808323517,0.7025905515953623,0.4267153656611292,1.1691501051378967,1.3935774420460574,2.4424740748059337,3.4531739437451034,5.305756046382635,7.409087877138765
exponential,0.9843959256493872,0.7912279603505014,0.2148639452653418,0.035518926138884,-0.2420900591009708,-0.3531186418531484,-0.7015719544508713,-0.8066559835583829,-0.9237191274591652,-1.0987722912088178
exponential,2.5847198738148185,2.594816624167124,2.621425639840627,2.652698675775569,2.7097134750079106,2.7820948702721084,2.8544954209174915,3.002751272692485,3.159192569783353,3.406651887952638
exponential,-5.010773398429897,-2.3405019519384584,4.133194277355424,-1.5470280983277636,-1.0790360033195163,-4.4207098522622985,-0.0199311723690014,-17.915574228147875,-81.29929573711965,-272.2234341894392
exponential,0.6036890459750541,0.7106703402943233,0.8390556157966917,0.9155014428812804,1.0410354394965902,1.1852166272917,1.3606554188783386,1.519358428337304,1.7878169406401505,2.025706560745136
exponential,1.0444974351210734,1.0617975805587463,1.0715549550583408,1.09641206712036,1.1317469021751596,1.1476533014812302,1.164513257843674,1.217674362141457,1.2764387506357746,1.3125454084293762
exponential,-79.68930752817934,-30.45783309938229,-11.12583652445416,-7.261565137219602,-2.096093709486209,-4.306555175649869,-7.510138440558912,-1.8182597088943304,-2.044845795800076,-1.7633073730637077
exponential,-73.8014361015,-21.14624891124192,-8.897950308793929,-3.3497403332160545,0.0238557765461541,-3.819502015376376,-3.245027184507593,0.1697620115209667,0.5948663340966052,0.2230628270252876
exponential,57.91333296889754,29.07538019996981,14.358358334992149,7.346204994302634,4.5463601405669225,4.02382010044985,2.1252581550207545,3.43897892648225,2.446418479277344,3.418565028665696
exponential,10.0556282388101,5.884293302881635,3.133870446436264,1.4464648878470154,0.3343252427300586,0.1841601859604029,-0.4711916923492306,-0.1852284207344253,-0.7337425647295315,-0.7567770015564722
exponential,-2.51850443324545,-2.1849097026129685,-1.985839886147701,-1.831431769217499,-1.6514867338653296,-1.5434508410025938,-1.4813284734953995,-1.4528779356921888,-1.4160681493003475,-1.3185857031905228
exponential,2.5144391752953883,3.13747495307722,3.3923390032850307,3.3613912586371413,3.6645008679443087,5.145533560217524,6.043613295284688,9.04783682412505,12.953778650211628,21.40582430206865
exponential,-19.90075077814333,-13.076836706505802,-8.45899433261667,-5.307034690294022,-3.174939174347262,-1.5657003305750543,-0.8945442555829577,-1.6578916640311876,-1.1217842819495552,-0.6803388551913577
exponential,19.99693508168299,6.1382971959642125,0.9979299582922512,-1.1990738836097403,-2.4217790347717028,-1.4897510462736716,-1.8162543096254116,-1.023314604498973,-1.9666342111296355,-2.4565992524364404
exponential,674.9597025889375,175.106729943443,49.2166577419176,24.051153765486116,-24.88611875154834,2.7792908922945783,1.2617668149307422,-10.638196359210385,-13.046776501359076,-15.65934168374966
exponential,0.6990022580615972,-7.774827603579975,1.9701101581610303,4.091775517913158,8.418870548099374,-4.96991213552885,0.9405553198062844,17.1367055274557,50.498345957830175,209.59906507068737
exponential,-29.800115109084643,-13.62020879858238,-6.094817998900661,-2.652025976993559,0.9001391020309383,2.7950947912081183,1.1453851347844632,1.6913960064929934,1.4882010442863012,3.817343129112312
exponential,-2.097443866995472,-1.7676730423256866,-2.017316377245235,-1.0090724461338616,-0.5338108007584971,-0.6065481124216902,1.4505902417281706,3.39609308706153,7.666360522826562,15.370605124677306
exponential,0.1060759639670603,-0.0464038796405886,-2.2312389794675296,-1.0595562660757802,-1.0708682232537043,1.988752187052872,9.279450484094545,19.993923629494198,47.4721374147276,128.46800168357896
exponential,1.9604148035630269,2.1731907392384806,2.313784841083218,2.441339920103645,3.2577467734717658,3.663204281236791,4.7286109097854085,6.169091851367789,8.807984773861605,12.374594733794996
exponential,3.557776404462452,-1.020052385996988,-1.5278493902477202,-1.9696640939262111,9.785570258151516,-2.616157030156637,-2.6225979432635977,12.249418385717746,52.15331467334396,209.9491789396151
exponential,-83.18970821157295,-32.4433435722565,-13.144422766020416,-5.031119884154145,0.0073422004829646,-1.2217152290653714,-0.9940334132651304,2.656360427362391,1.811597537877092,2.806932537794076
exponential,12.29308833826894,6.931855362237308,4.259506381335145,3.035303617558672,2.474852634426261,2.13351343026555,1.9251500395950063,1.9695028145987472,1.9710218236228487,1.969899757773091
exponential,-1.2099268046330942,-0.6622957736526589,-0.3481068404466593,-0.0568861529626139,0.1835131339460821,0.4733983925966957,0.5735689254490495,0.6586474578910088,0.7690631671399689,0.8686192326691932
exponential,-1.8349641503982512,-1.788405198891058,-1.786199684023631,-1.7690945541352834,-1.6901041363195894,-1.6185401540358515,-1.516586367269148,-1.3111553928804194,-1.034669586870313,-0.5970450999432707
exponential,-2.1198300517280604,-2.338397443317369,-5.195554371637998,-1.3023297018929585,-2.2620066583516816,0.5435600631146233,4.130339071634474,7.633891327386059,19.60620009115208,42.78132496624423
exponential,-16.199751483577845,-9.167606248261086,-5.242039267970379,-3.3678386033027667,-2.178354824765432,-2.138436919562144,-1.5965557399188182,-1.3377712415477394,-1.051717127921683,-0.643901286867024
exponential,207.56307246483857,54.94432605673813,15.821977489800192,5.834331566900096,1.1864116318973683,-0.4058709388487738,-3.018601874068134,1.4396478962248285,0.499539219998899,-0.3996045342709556
exponential,-0.7587736776971947,0.0537801604010959,-0.7002529344577112,0.3441549853493797,-1.2585804655241586,0.4019201400397809,9.779664502887927,29.83691457510537,87.8558667499768,259.3653215387301
exponential,5.681064374648086,-4.613357558137995,7.350446019188157,-5.951290805407754,-1.9080631069051075,-8.53419801221811,-9.786361346817388,-23.368010118954302,-69.15801718351608,-185.5091706950007
exponential,164.4527365063732,59.52523872183193,24.204153584422148,6.067531094361108,5.20006156206822,6.22045216158968,8.607775781896956,6.072088312065752,1.634038020262932,1.938084549281328
exponential,2.0430711534084267,1.7908616406610829,2.191300197363562,1.831335187277101,1.9722233689761457,1.3911361699683906,0.8169534242696408,-0.0522355384809638,-3.1669177692817727,-9.438840690441989
exponential,-32.86140841258412,-15.447124010737452,-7.217635308265123,-4.861848213499674,-2.6023709037253044,-1.5147650837406688,0.0154755630544987,-2.7894830817972114,-2.266870745651973,-2.081216383630004
exponential,0.3211871313801845,0.3378602777704369,0.3609898122750837,0.3718810489985395,0.4001345088493167,0.4222130395519538,0.4609750922625757,0.49473878730344,0.5422047742699535,0.5836266077956306
exponential,3.43323577885459,3.1776252749724785,2.9245426501960927,2.74327305887302,2.5486766202564115,2.3969235283997468,2.254462971082334,2.1274417193715207,1.992961081304292,1.9340292726649584
exponential,-23.10032968598272,-8.542347214028771,-4.06578657209375,-2.4689849593270288,-1.838618984949944,-1.765273818336502,-2.1322767728812617,-1.9794256969050472,-1.8194756530826344,-1.8074602203428296
exponential,-16.45375324974469,-7.08609067277578,-3.75583431893014,-2.9472671338422365,-1.8612807055855047,-1.6800214619117986,-1.5810573493711069,-1.31169987115423,-1.8119559251279596,-1.695675461970688
exponential,4.747750666617665,4.44457386206071,4.070722448713946,3.627291622179724,3.453418660049004,3.1601594128941777,2.792477036800321,2.7528925381131635,2.491796257009152,2.2818336056509887
exponential,2.06682101274864,2.0197172629828164,2.0515120014221195,1.7639600891460328,1.7759313725538743,1.4995205293133718,1.1236181332723314,0.1347433725040547,-1.8500285548552264,-5.5743802662024935
exponential,2.303862285353179,3.2125580114135897,2.5637954565801606,2.2576093029529063,1.8479222132549455,2.788699519246367,3.980882926346123,6.249419735916678,13.013746105310888,32.11461328624259
exponential,4.868730089117472,6.359997120439679,1.4208630657207284,9.627600955195966,7.794657604722281,5.293462921785685,8.182558681711374,28.1048932914855,110.76020650721026,400.31886054877793
exponential,-214.49307932945828,-66.64813457859776,-25.763185807399967,-6.839451786158854,11.873242811365287,-4.225867226811114,3.956761226930628,-1.0261508402416732,-11.105211188972442,4.871904971074438
exponential,0.1025751120086642,0.1914313529652632,0.3965653752708096,0.5360086542565152,0.6677154596439082,0.990518263978036,1.2564158240635523,1.5601960745642582,1.9175856734216328,2.2489815130871893
exponential,-1.1874819683002504,-0.5266682379587696,-1.1571834468578448,-0.63317423199828,-0.3636027405823132,-0.0394756482151759,0.2610237807493896,2.457312775796938,5.27538985448049,11.94863950398643
exponential,-0.0283784837807923,-0.0588151928338457,-0.0978503736868285,-0.3180295117724637,-0.4281014707000163,-0.6394273703725764,-0.8158642870425237,-1.0100847049120327,-1.2643277001694992,-1.512726573315482
exponential,2.2346963611160917,1.472376387599221,1.0071950543846857,0.7349770896389312,0.3777403328260788,0.2455663632775606,0.1435134133540884,-0.1578456389576807,-0.1853692951152591,-0.2451846947395589
exponential,1.9462955320486952,2.2217024104887484,2.1258291607354027,2.619867748687232,2.5622086243995046,2.9768036184699422,4.084941787995541,5.693285153220991,8.060152662639334,11.825587929334755
exponential,-2.7222811841798986,10.723192108481742,2.145170088218819,0.7288275860871121,2.8771646062789054,-5.897604142287171,1.011086714347324,10.779085255064077,51.4637401773448,150.61558012052205
exponential,-629.4942971040058,-176.3817201918271,-63.5240485327478,-24.211518043636453,-0.1638576676278424,16.565941488839304,-21.16479761232949,-7.176834242381707,-23.504265502555825,-7.771818874509001
exponential,1.3055559890200898,1.061626696022122,2.0240644276326925,2.251448501937753,1.0929905732695016,-1.0409578296381872,-3.3160720527994463,-11.13730709435869,-27.270415392917563,-67.5369941581319
exponential,-11.970662303935574,-5.916218637667885,-2.627243607050425,0.3688452727458358,0.6581501471076864,1.4353953188666213,1.318935422632387,2.573345891097341,2.465171738125095,2.4109502281775184
exponential,-0.5340536902635846,-2.672565650061601,0.0187251031909045,-2.952378987720487,-3.1665161101994066,-4.248156127865813,-5.608100643716314,-12.021094437999936,-24.696189262546508,-60.37183245610653
exponential,1.0780025662482742,2.673407369425989,-0.8147240391808559,-3.3771966288432065,-1.9692140491086476,-2.141630541758171,-3.776370207016247,-9.256323436795316,-15.567507548802917,-57.137937644202566
exponential,-0.6774722282405073,0.0384687498084082,-1.2777547177044313,-0.8288136945528977,-0.5573377230223521,-2.490873471251662,-6.462309637967877,-12.124621822005938,-31.968707067595336,-76.25600274913015
exponential,-403.77897162463495,-111.320832524128,-31.537123251773902,-9.438401284179395,-2.543095825998235,-2.7940137941826286,-0.3845443376837631,-2.377819746626616,-6.463496165242572,2.551110806706494
exponential,4.134667156179346,2.1446726160311127,1.050814024743888,0.4082862097647735,0.0705160642516622,-0.1503055458598486,-0.1160029858936967,-0.2339589464565412,-0.2799055710781388,-0.2369235007636193
exponential,8.244292193166268,4.902304414175496,2.5450805056560544,1.392216352256396,0.0229102096247734,-0.2227969743226209,-0.4426662409245328,-0.9870696576346264,-0.6399249020970181,-1.4708731808338014
exponential,1.3313273417452145,1.0723303705506728,0.9003011300549969,0.5596075824220321,0.4018022500810981,0.3318660429226025,-0.2457667931302097,-1.7545575343495663,-3.5345384193743223,-7.731084955647449
exponential,-181.44796231102688,-68.34158771568018,-14.358968479626256,2.8590053497558703,-4.550313442020544,-6.808857958750105,3.1063273056016407,9.177644999115852,3.1861718491515107,-10.164207976709918
exponential,-12.508081749309683,-6.678019545013946,-3.733627871796796,-1.5530454839411232,-0.623548680372625,0.2257339570718565,0.8127302043064196,0.5729206382478212,0.7152271497528395,1.1671749440548569
exponential,2.8380875738036107,2.717592289953313,2.274932160616742,3.092937978791253,2.4108096120170845,1.7936740891497205,1.5426429545534968,0.4954129116072739,-1.3769961213413586,-5.068143137444885
exponential,-4.03832208877387,-3.8338483730243,-3.5332102291782976,-3.368641353135173,-3.173362629012877,-3.020384227239337,-2.815711021898644,-2.742137827474713,-2.576345826537541,-2.533433860451254
exponential,0.5598301206378814,0.4185280795362269,0.3343679508640775,0.2598128538598707,0.2178499970574558,0.1704511089584979,0.1402417626004113,0.1360930456607962,0.1116930929235805,0.1251571830071983
exponential,2.846655863214884,2.6038718035342545,2.375310771102069,2.205658784465028,2.037941990662108,1.9270771761254872,1.7971789076663762,1.6969274728856956,1.5797116231202275,1.4866996285627307
exponential,-0.0803810851907884,-10.923241919056524,-10.01745911273717,11.859042528454326,-18.55040769123828,16.167121519705965,2.7989987032526944,59.4415973390112,149.2223884207306,543.9373816882812
exponential,0.47400313774996,0.5432880015924287,0.5918091824887995,0.646989001466566,0.8184003360006624,1.0319632428161938,1.243788239806786,1.673529361014194,2.325824190246084,3.0580144221309853
exponential,4.153703502134668,3.9020325341125472,3.674782288399039,3.510354720578253,3.377010866230806,3.344803126302919,3.152646387095724,3.084269696059516,2.950904812192103,2.8743235236934157
exponential,1.6185073621330974,1.6872343934543492,1.597911978011861,1.6850223975294558,1.54620983915862,1.7355597167855474,1.8735804393588604,2.406698787273597,3.296294553262312,5.230295089988441
exponential,23.67335627706723,7.078128538431641,2.971032840678677,2.2731978296789093,0.5276810694879533,0.0631839842053477,1.8441092103543228,0.6263943382310231,-0.3654389986689987,0.3046193861471188
exponential,114.37282485299234,43.90059822669461,18.05255212504274,9.303995671392762,6.191575348343642,8.365947243870774,1.6326906211321637,2.26625518161224,1.425314184378564,4.873791332877731
exponential,0.6875399680277638,1.0207394283765268,-1.164439741368094,0.3782429532070456,-2.0785292617701625,1.1100920342123115,1.1527518564455743,8.074850271520093,28.703298289279783,103.61313816459098
exponential,9.66556286598316,7.891470196708825,6.45158147150765,5.31411966528822,4.368578040340727,3.903008700983691,3.133325180708173,3.388431948661445,3.301417728245881,2.5522597805885625
exponential,1.6682073448798105,0.7544036055242381,1.138147899058902,1.098095018232884,0.2581295795593557,0.3457567731198075,-1.420846924286236,-4.904947389759427,-10.574563635619729,-25.635622144322067
exponential,20.932469949785823,10.392271229271907,5.994032216175867,4.279606364795431,3.572146561541825,3.1851521059675947,2.950533686308089,3.0871491539402296,2.94445450753751,2.925404626944489
exponential,7.464673832225658,5.9164916528019935,5.339205920935392,4.3350921676967165,3.5069248169862144,3.4440335303230127,3.005183532898517,2.6646469764604968,2.6933819657766467,2.166113350236307
exponential,36.63418691024771,13.432394963333936,6.073994836792958,-0.2893023284009278,-1.363050676339173,-3.565413604576416,-0.8038539053166287,-3.4079880620185183,-2.524474742765972,-2.566219369760665
exponential,-14.01346913042646,-7.717503717521226,-3.597950466277982,-1.3062674841542117,1.5917153077786497,1.3174535867761077,2.2068987102118194,2.299921631803153,3.099692276519889,2.14472393412005
exponential,1.350317291893807,1.1400729381746308,0.9754832275716726,0.8162118205077896,0.6941756319713956,0.5818982613391667,0.4813062072612638,0.4019519395306906,0.3315394615961351,0.2778134204748121
exponential,0.1402891022268534,0.2391231732484023,0.4578264652820353,0.6481589791710087,1.1198868764919212,1.5822572894569933,2.353865020232311,3.2686198342291126,4.506454090144023,6.575415011541983
exponential,-3.119623944065552,-2.818639680924914,-3.098610826086727,-2.25274936084618,-2.856086056835693,-2.5130726441981124,-2.334268041546045,-1.7480617662877656,0.1962525802649626,5.173525819426758
exponential,21.86382484843673,11.313878744917655,6.346756978958574,3.535330248240428,2.0739193826161504,1.2721433803314768,1.2045742814969291,1.091753398692278,0.9610899332578252,0.4585671110537299
exponential,-4.048614927229022,-3.46537761989229,-3.0817165131074677,-2.746030214971791,-2.500382130047603,-2.3332449332130496,-2.178073724141901,-2.070009486134075,-2.002187337730669,-1.9711727275987143
exponential,18.285085398688377,9.35433989214008,4.718920004179267,1.7685998620902037,-0.1176201520524834,-0.7028824010860381,-0.0417825373992122,-0.1014435189672884,-0.6501259148511143,-1.0292070228923536
exponential,-1.5828448832546735,-1.2850105408516077,-0.8346157265064796,-1.207303948910292,0.3896842140403421,-0.1492903320443083,1.828715958264028,4.738060628105581,9.11072791395454,15.864566938146364
exponential,1.665557970954338,-0.0629094075071214,0.427585097637454,-1.456963996925262,-4.82150721058121,-2.3115227293236145,-7.210942485092195,-9.075298743711334,-26.60404776802837,-87.52272572085084
exponential,-87.24361002317329,-34.611302561780924,-12.069246680007153,-3.010983547604689,-0.3026907566185565,0.4125349271539044,1.7176574151200232,2.2212480701740085,1.2768872574602448,1.1799587956532196
exponential,-0.2770434832924273,1.726931457662784,1.005279451883311,-1.147728191168612,-1.0262594656586468,-1.7802791672391969,-3.3659228276530304,-10.768768568347593,-21.25224297452549,-47.07981754638188
exponential,-0.2802139769217735,-0.2551142136395842,-0.4395140130499815,-0.2267432258302108,-0.2102916949477536,-0.4331020510837067,-0.4015837000162202,-0.893181333934538,-1.7824616009080363,-3.860120159962325
exponential,4.030953416084522,2.5316357140845307,1.6022802681037387,0.8235843601502323,0.3959988669120827,0.083081896458133,-0.0415611734206639,-0.2220566090592444,-0.33086293688991,-0.2752778273945913
exponential,-1.578641579770047,-0.6308142594314415,0.0592938269442983,0.5313312739810553,0.9533882736319552,1.321035981852417,1.46925263933994,1.6922253602561277,1.7885900976278095,1.811267925738881
exponential,-0.6061162717701064,0.3870672983135237,0.8581845417901603,1.2529177268992795,1.4379896390236175,1.5275318449672557,1.642268284684252,1.526769792518018,1.584305612303906,1.662386065324335
exponential,2.467229606431005,0.414573059814503,2.1545276409358505,2.282530755564037,1.4657310202957428,2.716448943195079,-0.0739064803486572,-1.094791888361029,-11.600672227385797,-36.78394604632236
exponential,1.8799031270452784,1.6605493511397231,1.0387580759817718,2.125396661271671,1.6656019492027812,1.1600438059735976,0.4254799149219297,-3.49493821228927,-11.253147810364547,-34.32299155384764
exponential,-0.88179778483281,-1.1760979618807106,0.441025130867125,-1.4320857958655624,0.0666028279126056,-1.05092275654959,-0.886651702305396,-1.9556908861657976,-7.396694181165644,-25.05928618058131
exponential,2.6844129479964014,2.094425038465777,1.666674497689718,1.3798664032911665,1.0845224316529885,0.8816590862542866,0.6668618181244508,0.5494487281747139,0.4447313536830826,0.3337102204223083
exponential,-2.2231011058764727,-2.326185291578869,-1.8249460953554548,-2.750440491480969,-2.650932318812523,-3.674715440082148,-5.2292799145094,-7.236469487075482,-11.756402487697931,-19.58771118260007
exponential,73.24041032337699,23.471240598376685,4.697428962632549,-1.6865693752253097,0.8633769048782778,-0.5973220019568062,-0.6770980576514112,0.2839919426245068,0.59591541209595,-3.0147302732840573
exponential,138.56948634272578,48.12338225442127,16.888744470654505,5.688108634573818,0.1688093851021772,3.534244434209567,1.5154878999130377,2.8819684682439464,-2.7233082898210346,0.9946753305541292
exponential,115.71436877020832,43.33412536326309,12.323066576843797,4.052016146852574,5.666728892589439,0.0173686344725525,3.827050742362852,2.812337425269608,2.880419021890573,1.419851908528299
exponential,11.671830120337251,6.094320054251327,3.3927770446895944,1.9148044087481304,1.1355338402828392,0.4665537894580654,0.5325555567300428,0.501427175883317,-0.0807819447263363,0.032151714908384
exponential,300.5187525099849,90.01974948100118,29.00251052078896,3.4774880304546656,1.23911187229441,-4.326347073329851,1.983661885496044,0.4957094225211287,-3.511739721052455,2.97776579914346
exponential,-47.669879183491794,-15.223670162986926,-5.037516698293444,-4.554776997061913,0.2876480974903,3.4332481287110914,1.2475862411494003,-0.6990922842939511,2.3482702048082724,2.454958688600097
exponential,1.4739710445930438,1.336267016203154,1.1909169926559895,1.0515592427341156,0.962803565397066,0.8592395087679321,0.8107783957504581,0.7312584116343867,0.6539159919401208,0.6025252525864466
exponential,4.079570531974298,2.583390795929476,1.2192778834687563,0.0878488441855456,-0.7313500368874002,-1.1727117584725577,-1.6345875868020354,-2.0026695988852583,-2.036281212883521,-2.4106354050505754
exponential,-103.49706277358908,-37.66332869232924,-15.812030959948824,-6.166929400399739,-3.207354677867431,0.3124256893050737,0.957138510292134,2.6371888830519663,1.3561693502599677,5.547050973209009
exponential,8.907940485773857,4.445055953285318,2.399407641759069,1.4687075583756146,0.8999727723813523,0.8594783905855593,0.7244858854575857,0.608795460446549,0.6287539582402779,0.6733537060798377
exponential,1.8854438540817475,1.8619769566136668,1.8256572187611095,1.793305692576235,1.7456945010123006,1.7210549881291313,1.6767044343389186,1.613506119866128,1.541839477116961,1.478689484193904
exponential,-16.467623396539068,-7.17211251539482,-3.88187652515127,-2.64617375463875,-2.572545435241558,-2.148701988070396,-2.2405489044597315,-2.18075461027193,-2.341662852761361,-2.3772836922168965
exponential,-2.878881313539869,-1.6332867861603486,-0.5209342114150856,0.2231332971386593,0.6682246961925555,0.9803070850988598,1.2787622798883058,1.524884487435594,1.6492488424824998,1.7954568646190732
exponential,14.42321346032649,8.663582359788746,5.58884932235196,3.974233138993466,2.890930564373446,2.179208153705348,1.9036405895360595,1.6673370003809884,1.5663610328597155,1.8170249071442373
exponential,-11.295689339458065,-8.030703301983937,-5.977617366917297,-4.508152536720834,-3.627374378989208,-3.179711820694304,-2.5965600368134827,-2.4127012233175966,-2.3031940322723954,-2.0417360660305084
exponential,2.4137649732074893,2.423937893821513,2.423518252437332,2.38798243989086,2.3829874978560346,2.320000096801133,2.254663838132867,2.155275037117795,2.0225654855088986,1.7769503652077554
exponential,95.98329742562947,30.82909454218816,8.51700466942549,2.5120526916642456,-0.0489302985411557,0.7286305449558806,-1.4876083126190571,-1.5513483532485768,-0.345296180523808,-1.598604619876537
exponential,0.8169872452490339,0.8430360463427117,0.6201321372878046,0.3802495143015871,-0.0008772510352225,-0.4479212040534404,-1.0890243412214955,-1.856700833330992,-3.007902340232691,-4.536334798780468
exponential,-0.3319391044287069,-0.3182754284438642,-0.6025915074928009,-0.7804389226663707,-1.1233749350603135,-1.471419419409122,-1.9281844377834017,-2.807126179143453,-3.9584729206610376,-5.394680193174973
exponential,-2.097149844011309,-1.5895601207184356,-1.7749240633123382,-1.2246552972554947,-1.226660394986418,0.2218249204361753,1.586637299319258,4.022865296225471,9.487293157724007,17.994192848733398
exponential,0.9029129602169664,0.8421055981427175,0.6413497519899051,0.3807708550716041,0.0951717126023704,-0.7565668733629434,-2.2783946769017094,-4.402359512545739,-8.210397982248375,-14.532933298993068
exponential,-0.9623806943028426,-1.6007596560980355,-0.985104535021044,0.777288175409612,-0.1669505065680131,-0.8351363444264173,-2.820578755361168,-4.367742866429261,-23.210276055989542,-60.12665809535194
exponential,1.6801775925709532,1.4629664284912982,1.2879627967992664,1.3093695127667664,0.5287845591390383,0.4308771646459467,-0.11799123605035,-0.7979398834436277,-2.3871877427448847,-3.955273338758776
exponential,-0.778206859757647,-0.6714047845128768,-0.5510111486500778,-0.4655440201619877,-0.3759116035394076,-0.2984988175176652,-0.2500510093574344,-0.1831337115246407,-0.1592826991061173,-0.0994198105349505
exponential,-1.416114044496696,-1.470478321844277,-1.520324769992152,-1.5558942138400802,-1.606531767473703,-1.6335261932322278,-1.6690907759248443,-1.6822101497423412,-1.7042028557441191,-1.7090878727677776
exponential,1.690102511660922,1.8170074266058416,-1.0313338280190554,1.3272346864351046,0.5696213135600301,1.0907469397025262,-4.684253443712365,-13.558147701404645,-31.172232041912824,-75.37836776203778
exponential,-2.273613086252376,-2.0810674592854363,-2.4160485600408683,-2.384902039934189,-2.370825902007835,-2.887494685502028,-3.030671273728573,-5.271651895444614,-9.489175452209029,-18.17261388643956
exponential,410.8007550125494,136.79423950882617,31.269356047156503,18.146160652643392,-15.631631602301992,-3.567966381925324,-9.94796811936356,2.8785130266486774,-11.863349627460837,22.26016033285301
exponential,-2.0792370240313214,-1.9815294737331368,-1.9058170672166088,-1.855543198471932,-1.806821063555716,-1.7710229059462173,-1.7424288377825734,-1.7124048803550247,-1.693351972590232,-1.6836537301285417
exponential,40.56195660694876,17.11597900641638,5.741500914508187,2.274594708858519,-1.2592599981553274,-1.3702959743594354,-0.368499588813289,-2.8689524485451656,-0.995429965427464,-0.6612856411075652
exponential,103.09795839298982,40.20254295230118,19.01706753083088,8.148373886659073,-0.1600980751050023,-1.72030533136372,-2.537525367748417,-2.7608556091730496,-0.482844943728196,1.9860967227632889
exponential,-1.3695207951127182,-1.647643934789916,-0.8661071584674176,0.3554153426796282,0.1450862913702254,1.1772429297850484,4.928402188628091,12.08109402598031,29.59139576099213,67.50410080321144
exponential,28.350532955372227,9.327016850749148,3.661011410277607,0.6973992411718348,0.9929237436784484,0.7323725181803928,-0.366389966766401,-0.6050775600182934,-0.085550911978655,-0.3133334510133468
exponential,-7.714153646245361,-0.124187833219062,-1.8349802602545189,0.6878882928424928,-7.7359854947824545,2.1518507510951816,10.844126475899852,40.07823646503896,134.78804404397414,454.52643801432646
exponential,53.48859905868184,20.089584731177823,10.289857002791198,2.622555199137968,1.8050739839280756,1.5877016587551362,-2.7644403281108536,-2.1047554350739954,0.6043550717628015,-1.3357535861972376
exponential,28.064419306981332,6.965587271274397,0.6138894884288122,-1.715706784529454,-1.9641054877160944,-2.7742576083222947,-3.183123327647441,-2.3917368553638907,-2.980988400525816,-3.0176225339695857
exponential,0.8323929292934568,0.3845842346174375,-0.015316108954549,-0.3627807097901948,-0.6857661996880273,-0.9578844473159724,-1.2113226639786183,-1.401710138473045,-1.5479220688402435,-1.7029028945777434
exponential,2.4545820334634336,2.4154593326673144,2.374960581474191,2.348838724923644,2.315717969256906,2.296955640140858,2.272728995316541,2.249945126193947,2.2411255293492878,2.222154798661133
exponential,214.91444986328588,58.61995384306745,17.55784510142275,7.77939992120885,4.861735033497155,2.7754491553517497,0.4341464549660316,0.2255829155715012,-1.548304685006328,3.7679880678142905
exponential,-230.15033298118487,-69.0564641189927,-16.040478330695116,-5.324483250304244,-0.3548901736284764,6.785776658512376,3.9382131561363103,-1.1886864325409123,0.882737595271482,9.366892907295142
exponential,1.6200803601726446,1.512976479540388,1.4367556735980769,1.3810715508591451,1.3405813246425204,1.3027851289384624,1.287983068981725,1.2662345214693618,1.2569423945164768,1.2438373018096731
exponential,-1.30040748775941,-1.1891263252825317,-1.0721839452286093,-0.997855310609256,-0.9176127219178144,-0.8160447152071973,-0.7949328299500099,-0.7517289022923197,-0.6923774659019462,-0.6498413749833362
exponential,0.032533037776053,-1.727820851783123,1.7369580411968633,-2.0145168890338767,2.4939807665219567,-0.554069749800219,2.59215741207713,-13.206225946458158,-54.63150859115149,-144.7311391739627
exponential,-8.295292881145793,-5.424220247358832,-3.803012038456965,-2.635939943861533,-1.5848664336428433,-1.0770261543598272,-1.231013951413768,-1.066043232851875,-0.8189149824501315,-0.6200027106155837
exponential,-0.2508616178755273,-0.334033007904772,-0.3385476281198657,-0.3660196776264182,-0.4895550996756763,-0.5643928742041996,-0.8280343898505242,-1.1986748023934948,-1.8359314180677524,-2.7764932099595163
exponential,2.6663589737703197,1.6137696530482757,2.010782390651794,0.7799029779951023,1.5100801766023872,1.3543076332292558,-0.042961871818001,-4.865282600567905,-10.772749472534626,-25.989999561355148
exponential,-1.58069009160398,-1.5142675282086735,-1.6754579380811252,-1.3639505023200047,-1.641527159253671,-1.9143934942465937,-1.9684879406175548,-3.065922355315892,-5.200570740891962,-11.559810301832032
exponential,213.3543974873522,66.68446657293327,23.846176585736632,28.476161918625102,8.972750630803718,5.028991807925495,4.508057767973257,-2.7528899059533325,18.16220708053823,3.2883493589807338
logarithmic,-0.4648644135834245,-0.5622884871601345,-0.6859119247831862,-0.7613048850942782,-0.8436246622344875,-0.9325917152114936,-0.989357624383618,-1.0414098682897404,-1.122808024273022,-1.1468307830176994
logarithmic,2.851279062145628,1.35596145115119,0.6024792561302552,0.194681681659661,-0.2044873670680436,-0.398344185137414,-0.6181030894714707,-0.9302698714243166,-1.002828998454156,-1.240470598169716
logarithmic,-2.521074850228185,-2.529727286427001,-2.5373111757531435,-2.5428868896954584,-2.551211642163232,-2.555432535834049,-2.559907742980452,-2.565776390427528,-2.5699421565666234,-2.576147591489048
logarithmic,0.5531050607567878,0.7170551944531177,0.87080107447898,1.0042320633391388,1.1335076972746627,1.2346996791219116,1.3588802198722354,1.4436060258482175,1.53149659955858,1.6035341082671002
logarithmic,0.0617837785453803,0.1488954454741352,0.1876086323179775,0.2253059108318753,0.2617902605309611,0.2976647479940282,0.3162194792444899,0.3245812445994313,0.3679917067157049,0.3849874652530425
logarithmic,-3.3907778784215634,-3.48661256840419,-3.558194276113788,-3.6330776848647774,-3.7112797377597326,-3.777531934250151,-3.843903978014047,-3.9081187948784,-3.966957543160256,-4.018066997670954
logarithmic,1.270427061053215,1.337175858842946,1.4186776780898325,1.5049890828520172,1.5620987930836123,1.6124691999216392,1.6712899006372424,1.7283074320355647,1.78922889883741,1.823921879873817
logarithmic,3.122307990975408,3.1464082807493403,3.165889441890036,3.1886658163573407,3.207284681096997,3.222152380699544,3.241865137680382,3.254379530290043,3.265963721696011,3.283496917399372
logarithmic,-1.5436372511051182,-1.471051348934408,-1.4038816231075664,-1.3473654655795608,-1.2802082238105783,-1.2486977368581855,-1.1920322603842262,-1.1472744423468166,-1.107959890153095,-1.0604629664661598
logarithmic,1.3970152632546322,1.493078673841627,1.5671029659867648,1.6584776655016318,1.7072544556106486,1.7669776179763412,1.8047271149300057,1.872966690876636,1.9283714601371125,1.9641110449522812
logarithmic,2.5964073829641245,2.7012820564022184,2.8801237751532933,3.014298575270551,3.172948561250864,3.32885683209816,3.4081467166513093,3.5049343878039902,3.580119563194282,3.735801137857833
logarithmic,-0.0662738714825107,-0.4626628053213742,-0.645681438699288,-0.9327550637575964,-1.050885912267501,-1.2445975560268132,-1.4759338576573224,-1.5463119150559952,-1.667597611022141,-1.8612651168329453
logarithmic,-4.896081346548982,-5.0703441809872745,-5.210529674540535,-5.32832856772248,-5.466829074929501,-5.553614048480896,-5.661610235535403,-5.736894633617749,-5.825360867470998,-5.948327584417663
logarithmic,1.3500203241282118,1.4393279884237549,1.533055099613898,1.592487430627508,1.6615092807758132,1.722686328633702,1.7380222748932708,1.797267884688317,1.8349166142086264,1.868238733182048
logarithmic,-1.4327276658662365,-1.5368445818628078,-1.6446511741281604,-1.71986708824552,-1.805623370854208,-1.8785066974502744,-1.9522139162246823,-2.0114616741313887,-2.074324278418384,-2.1172375595847672
logarithmic,3.284913998344605,3.366793111484699,3.4439224662061463,3.5174402314027047,3.5965446353444626,3.6872543279640166,3.721836040213556,3.760416164372326,3.848646591190805,3.882640268960986
logarithmic,4.144465522611017,4.263460122856062,4.432946448807543,4.555825035411491,4.846010472361574,4.844402583232476,5.029511110601198,5.073064320133848,5.150748657593305,5.281123367357384
logarithmic,-0.8097075708562942,0.552443321599281,1.291518995471911,1.6755143414817757,2.2195924301188725,2.5349265952584994,2.6767940614631405,2.875250229517708,3.171068361185931,3.2788911353928403
logarithmic,1.823568452309399,1.9915121100701871,2.140072445195462,2.2525086472010045,2.390196569717249,2.495815836424015,2.5871473796553475,2.699492754399371,2.758297759756137,2.8289142031632477
logarithmic,0.5577932890638441,0.2983134801905049,0.0940028594558639,0.043656271639544,-0.0859674614959087,-0.2566621826657757,-0.3519102879784456,-0.4095977772867655,-0.5147195140201811,-0.5659103914685626
logarithmic,-0.4305978013482666,-0.2833164921825921,-0.1861188918212991,-0.1120840494226117,-0.0587314838748777,-0.0046162055972065,0.0213777154562803,0.0655594762653823,0.0917680475094143,0.1147118229521722
logarithmic,-4.405167697969089,-4.510371442334588,-4.627663355170775,-4.721957532908856,-4.737016024139842,-4.85692773503708,-4.928090523559652,-5.01577983971002,-5.058319476460093,-5.156911120117643
logarithmic,-1.5824215801860766,-1.7935770433536014,-1.9319869698632868,-2.073922807704625,-2.176261180774806,-2.3372607572725177,-2.4621771834603345,-2.55524029820052,-2.679596233518156,-2.7027654733707696
logarithmic,3.004765305996375,3.123313785610316,3.255951250398243,3.36490676179217,3.4656120270624133,3.5473804879004294,3.689549973417616,3.7564938491863056,3.804292559278109,3.9027246231085546
logarithmic,0.849034323186555,0.1277490483537517,-0.2658657487240893,-0.5646964359251245,-0.8122425067486962,-1.09773809985673,-1.2124662488240736,-1.3396487375785222,-1.5032078215223883,-1.6510375027469992
logarithmic,-0.2251854622537661,0.121622858643419,0.4112496208168336,0.6851612354118805,0.8943405021198426,1.0815571761718004,1.2745480662073383,1.4144221188627024,1.598423745530689,1.7169874152361488
logarithmic,1.246465772095246,1.2911666589893371,1.354839094081045,1.4019112384799768,1.441185947917915,1.4827237773452897,1.4883838982738364,1.513149620917684,1.5517473775436166,1.5751754506475364
logarithmic,-3.397235717480033,-2.3702577212915963,-1.7275474383961842,-1.527145466810661,-1.1319093132986149,-1.058938053001703,-0.7761230233504692,-0.6337321508340239,-0.5973772161490207,-0.4281414616175457
logarithmic,4.28070278572505,4.620673948745906,4.829142113082677,5.063328908618328,5.287154600666199,5.450043729530021,5.602106031877464,5.738019068022837,5.784330249596734,6.016353538388495
logarithmic,0.3016932003892137,0.374320169052852,0.4417112856116219,0.4719040379669618,0.5204241339968461,0.5496166810648102,0.5921234763168115,0.6125178800157961,0.6432082173561089,0.6590880047713066
logarithmic,0.4552013059090338,0.2469050763136893,0.1648722865560746,0.0864994850220779,0.0447761849719171,0.0195587672218868,-0.0119781727631066,-0.027644386628859,-0.0395182562211671,-0.0557455597603104
logarithmic,-2.829536286015181,-3.0033167222699904,-3.1482023013739657,-3.292321239822505,-3.434640261086027,-3.5312022451785925,-3.682572454877495,-3.804744075257751,-3.899762275261869,-3.9843855266376536
logarithmic,0.1763671948471749,0.2021230448695937,0.241586265578348,0.28523832038664,0.305790230555004,0.3297052199351246,0.3464658567755752,0.3730387894796579,0.3912397381600997,0.4055293086008939
logarithmic,0.6253903120335171,-0.6492682395331931,-1.240509479365742,-1.8022729312734596,-1.9116905849955768,-2.06224349404876,-2.3874652688356064,-2.573041883747182,-2.791691819833586,-2.9782689485877354
logarithmic,3.155567795324289,3.342018749446379,3.44645864156728,3.5783700618418264,3.741371329935409,3.84211270902589,3.925655070291428,4.01944494785469,4.127054817196865,4.151905906132014
logarithmic,-0.2976390538453905,-0.9866517654375322,-1.4216198991980369,-1.743998191320949,-1.8255471422445568,-2.163298382987556,-2.3395349243490617,-2.6485136627268107,-2.733441923587893,-2.790985044828292
logarithmic,-0.3854926395112047,-0.354707012468288,-0.3286272393119179,-0.3114585830696938,-0.2939917330835851,-0.2782586187390757,-0.2683585821709441,-0.2537182389544174,-0.2420714293131066,-0.2340689359294745
logarithmic,-1.6743068930563318,-1.6161929440411702,-1.5564734305851216,-1.50518287981026,-1.460984791914047,-1.402303624290801,-1.3698501155490044,-1.3374824224756108,-1.3032486484037034,-1.2565553648602898
logarithmic,0.1990484386924148,0.4014315525848699,0.4928010182967596,0.6607855132949942,0.83543026624375,0.9628172667257636,1.0161721701210285,1.1044330212307176,1.23714431722105,1.330221623434983
logarithmic,5.500576221250803,5.618227003381329,5.707197958980508,5.860235626238655,5.965073089036373,6.027772239567002,6.127275041830139,6.204905721555271,6.284205206696472,6.377672359963149
logarithmic,0.9740291797664036,0.8802403886335163,0.7829777987849993,0.7273195634727343,0.6424527685871945,0.610896188743703,0.5787816438071036,0.5435820673889684,0.4637363603930729,0.4262956112608586
logarithmic,-0.5809578978941892,-0.6046565270029688,-0.6198239305980935,-0.6383660138345513,-0.6489998502717121,-0.6708709488624057,-0.6771592223327133,-0.6873546376417909,-0.6956619387916684,-0.7093964582885497
logarithmic,2.283106402780193,2.359782323558256,2.4280154136471035,2.477950428281567,2.543607658532105,2.5990219829451227,2.6491556663202176,2.704614949180436,2.744469359399865,2.789774337753901
logarithmic,-0.8136666965425804,-1.8487278922290948,-2.286331947271634,-2.7570205912853423,-2.96866120489384,-3.2142895218394654,-3.5015601763233453,-3.637467567669064,-3.6989733390128654,-3.969035270569485
logarithmic,1.1450357323759726,1.4322685473145986,1.600265938155955,1.6983235464255184,1.7781533464459829,1.8472556351649447,1.8882999904416424,1.9625057844111264,1.9840924925157957,2.021488986223878
logarithmic,1.048152728854184,1.1825349763259083,1.3259911512809286,1.4256965218504722,1.557897265281778,1.6725489706503176,1.7734013953599947,1.8398498234078924,1.9551653418845496,2.0314968906809483
logarithmic,1.8495903866999703,1.874465320207664,1.9027797851883608,1.9221539913868717,1.9426953434813152,1.9636529234464564,1.9790264673715825,1.9957192166001128,2.0119872965730323,2.028567587882503
logarithmic,-0.1407369823985958,-0.2774562273187165,-0.4061289929711669,-0.4993767865808443,-0.6131461057410513,-0.6741463198355343,-0.78281937341619,-0.8844246008972292,-0.9452955818508972,-1.0097680399826616
logarithmic,1.4251233783970891,1.443202412001268,1.4641915685639713,1.4763510651265788,1.4966997798057788,1.5097645610224175,1.515671897706083,1.5271851872361162,1.537935007526499,1.5482787180143385
logarithmic,-2.2558797034593785,-2.1753122206477875,-2.098730046615979,-2.0020542606850524,-1.9496120942064907,-1.8963529347049648,-1.843511180381506,-1.7992985472553875,-1.7539150587238723,-1.7206179362289873
logarithmic,3.629263006324064,3.9511894821342497,4.114688236555492,4.281408373224764,4.524757441264866,4.65212007788966,4.884188191954554,5.0028212876526,5.04021690955246,5.1994918016617255
logarithmic,-0.1404903469235343,-0.4220087923366802,-0.6832248935541668,-0.7982686348533206,-0.8977209991594759,-1.0816483385932238,-1.1006037823286487,-1.2576858246045677,-1.31754924012358,-1.4154686831787056
logarithmic,-2.47087315142165,-2.316247375750892,-2.246092160212746,-2.1581021046351694,-2.1006813136170845,-2.038084946782333,-2.0095830903357634,-1.9746237159746725,-1.905196960981996,-1.8752342025284343
logarithmic,-3.3110591948321453,-3.35115149950122,-3.427592852594227,-3.470186429126511,-3.5256690707404497,-3.5799449940654084,-3.638370231463834,-3.671314575242999,-3.7077180515741017,-3.754662036843395
logarithmic,0.0517545288461865,-0.0621629328195213,-0.1825397541067301,-0.2926667227890902,-0.3862152309196949,-0.4915890924181992,-0.5549346449687381,-0.6655192469025039,-0.7414712279716453,-0.8171901366913337
logarithmic,-1.897202921255526,-1.8327127898145703,-1.7826492395268878,-1.731680107430316,-1.6832743727716477,-1.6515973842132254,-1.5990709797373797,-1.5702789913968886,-1.5412031315548451,-1.5053870379616554
logarithmic,-3.226285516795524,-3.325480294748957,-3.4863755631784583,-3.519896877990972,-3.664520485483963,-3.7688251992896977,-3.84976034710058,-3.992666430856672,-4.04259823547395,-4.06594653984725
logarithmic,2.803135454993868,2.884074979833972,3.014726365431622,3.048290185847784,3.137910114698848,3.199306396253204,3.2670288832159327,3.325325412211166,3.390680007247597,3.4648848169395614
logarithmic,-2.0699846692175075,-2.168560339882708,-2.2421645751453143,-2.3472896811907096,-2.388079350363035,-2.461106362496748,-2.498526696685506,-2.561161754872847,-2.592681411902983,-2.656281029444763
logarithmic,-5.301905731120136,-5.427423998925351,-5.589914979701373,-5.676887966676992,-5.821324397020689,-5.916148707209228,-6.0093167359899455,-6.111454592954257,-6.184237264181444,-6.272535466568206
logarithmic,-0.4100569138326393,-0.2277140112327219,-0.0254166387712287,0.1211772698722906,0.3186499488053941,0.4588913228506999,0.5410353678189883,0.7043126702549721,0.843510304473773,0.8926611063065671
logarithmic,-1.06914642251054,-0.4268805668881405,-0.1375593713302981,0.2182251850910788,0.4588899808710853,0.8398037539012514,0.9002384534281122,1.0479025221120564,1.2157852284356645,1.5321341620207676
logarithmic,-0.7418713635181727,-0.1910565460998451,0.2020746654291719,0.5094448020761516,0.7579069855926739,0.958285532494482,1.1135942554346148,1.2650112710057535,1.403713867789941,1.5182215478287495
logarithmic,-3.013723891522244,-3.2345349105465635,-3.412343855354424,-3.605540978544311,-3.70649445203397,-3.8541879035304745,-3.996504453201688,-4.119368054614599,-4.168958490304167,-4.298067742398129
logarithmic,-0.0953015954883628,0.1323975749794828,0.328954106316859,0.4454625751043081,0.5944192856830602,0.6816465731483012,0.8291530234151714,0.929682634135107,1.0383652950697335,1.1801641238620937
logarithmic,-0.4354794525728893,-0.4183157273652719,-0.3985324937593038,-0.3796461941005991,-0.3604061378327365,-0.3484723532245457,-0.330066581588597,-0.3164470611355872,-0.3061941138724017,-0.285354789999003
logarithmic,4.1094913034066005,4.270350290473306,4.478418937531343,4.5404087787140845,4.636407673204797,4.795536336503456,4.87622731441694,4.991655285168672,5.055474423010174,5.148006563941873
logarithmic,2.3848159091321963,2.503550204541794,2.6213879823205755,2.708290852055381,2.809806788733292,2.906658604534914,2.9696499151431097,3.077047010809878,3.1393546190540187,3.1941972769947147
logarithmic,-1.1804596067460258,-1.37494319394539,-1.5959762936531985,-1.7287568102712694,-1.8267286203515367,-2.0027832858067907,-2.1322525605268186,-2.2489005271982707,-2.319224100980916,-2.3632864998231904
logarithmic,2.7379132704809845,2.7195764820013437,2.698443869837118,2.6847842783656874,2.6716530972205934,2.657870153671108,2.645771713225773,2.631495798492938,2.623045733460747,2.6109766852805465
logarithmic,3.606016832949463,3.769961181750648,3.929320942948241,4.07668723955608,4.218571652275773,4.331873454004365,4.441786466638082,4.550948384142472,4.672609119424764,4.767920659087784
logarithmic,0.9877998182215598,1.013943179577303,1.0395831088528429,1.0684681810572842,1.088794129911327,1.1086467280032797,1.1403060965561176,1.1397931741848186,1.16759800227783,1.183950573383681
logarithmic,-3.5295186979091118,-3.624539645086109,-3.708080328806429,-3.85541375450526,-3.9290822065229225,-4.020955016696735,-4.072040092280809,-4.202023739372186,-4.189951080294668,-4.27691132836662
logarithmic,2.1627476351376043,2.2015020966323284,2.250298460069621,2.290943766078804,2.3270366348200104,2.359097455828462,2.39666884073861,2.420954042207284,2.455234087543957,2.4820236183043
logarithmic,0.746583917902621,0.6847626174643168,0.6214867891391579,0.5859575739887589,0.5320363653049367,0.5039109143598416,0.4711443907390026,0.4365962778913847,0.4086796207827284,0.3787751549727676
logarithmic,2.5230571051728274,2.536693666775054,2.547415889179414,2.561952464002124,2.5724649393785195,2.5829506931731574,2.5923227653284093,2.6007438241703498,2.6090592285458705,2.616586814334399
logarithmic,1.9522988951371287,2.348730145276866,2.692726324204087,2.985909494167269,3.206004438088454,3.443652839874391,3.587867269917125,3.771406564578713,3.946603657576464,4.061538664315464
logarithmic,0.3280351304844189,0.1118959599269046,-0.0542247447721924,-0.2223923954017103,-0.3561935772001786,-0.5026921020735617,-0.6381093277005875,-0.7474494957321466,-0.8537313004391348,-0.9477309857494322
logarithmic,-1.639446272820722,-1.1907503174142768,-0.7213826950080557,-0.4404169110497308,-0.2354500174706362,-0.0061801667482495,0.0572728110058358,0.175337035874025,0.3633959078116316,0.4393272629487596
logarithmic,0.3305496831380672,0.4907854588975642,0.5944526327468523,0.7261513114680163,0.8166581266025715,0.9634178914777558,1.042832356250977,1.1497112623807098,1.2037942446613965,1.3157096871618577
logarithmic,2.497942220843789,2.7260662410362246,2.857133713334342,2.9208686126476238,3.0862563516131245,3.243218900501517,3.283978275889748,3.393906113584193,3.4819882665686186,3.594466831265317
logarithmic,-2.2414305496289098,-2.308286826712175,-2.3727920505328512,-2.425834613121134,-2.47987615168166,-2.5339073047569305,-2.5731316186917206,-2.618746793137941,-2.659191316895893,-2.6949563361234747
logarithmic,-1.064789075410474,-0.6896865841233234,-0.4450563404188958,-0.2057911593754131,-0.0066248569190776,0.1778077934927213,0.3066985558219106,0.4381788828742768,0.5974928198764053,0.6982038557301109
logarithmic,0.6746817870164008,0.7310463125826809,0.7990928883143977,0.8623791143124958,0.9073904902581272,0.951152280753981,1.0041572528575122,1.0551301138176057,1.0830716388563957,1.1112859865002924
logarithmic,-1.7249020403236224,-1.6698198886208546,-1.651791107578439,-1.6125592515828828,-1.5728624457816336,-1.5396109236792794,-1.488691480102912,-1.4875544528214515,-1.464351680057986,-1.4366133956707785
logarithmic,-4.796027918649378,-5.07548715391102,-5.284966093580786,-5.447757341227292,-5.673583312500782,-5.835611989353739,-5.978184615109019,-6.116924315184357,-6.270433377172949,-6.352629816491156
logarithmic,1.4193956339245717,1.588642541948723,1.7160685351030192,1.7834250604803492,1.943121795324817,1.98126613380776,2.0672458034817245,2.171562406367633,2.250831794406221,2.3237457866351345
logarithmic,-2.668815023744644,-2.653708945097617,-2.6405283782759152,-2.627383654660808,-2.6175100011822194,-2.602507093573103,-2.592750857957357,-2.586541782410689,-2.572808136116309,-2.565148572851696
logarithmic,0.2889241047023639,0.2401373457979378,0.1631408787621671,0.1206255125110028,0.0505683435259306,0.0052084994362999,-0.0535491647785662,-0.0886955576770593,-0.1269940707489823,-0.15709281186639
logarithmic,-2.6905041841396677,-2.94281397220842,-3.0937201431448886,-3.3233021171609938,-3.4655762456495087,-3.6289093066062903,-3.7222065103322346,-3.9467134514783,-3.983876463478294,-4.141238587305657
logarithmic,-0.4716938193938513,-0.3392282001453447,-0.2215918516450781,-0.1194483155209494,-0.0146223249912246,0.026519257727914,0.1199722126299577,0.1562844119934245,0.2382721508639408,0.2547240238807602
logarithmic,-2.404404752678175,-2.415448305865659,-2.422047061174274,-2.426456096333369,-2.431542087444992,-2.437979135376125,-2.442854766451518,-2.4498024044862268,-2.4546536785125275,-2.455973103310211
logarithmic,-3.665380386565553,-2.362175568944725,-1.4961967709601205,-1.031852479782199,-0.6832384644542513,-0.2075967003319544,-0.0148231931764999,0.2700732682074088,0.4603265813530238,0.6741695820809303
logarithmic,0.1066133182418553,0.2434800836865734,0.3170446703064838,0.3781475091627944,0.4541205284508527,0.5158695377689145,0.5761141364417204,0.6197466124864499,0.6935608297089532,0.7120488036487105
logarithmic,-0.1019392802446344,0.1473792991833189,0.3075537329402703,0.4969800768592552,0.5816796544947125,0.750201565409883,0.8130534608862744,0.9426066946181824,1.0420324885375245,1.1163012025033998
logarithmic,-0.2445544837137258,-0.4249198118058544,-0.5062750295141136,-0.6192447412197334,-0.740776500786486,-0.8354679014177356,-0.9196604135861306,-0.9878541627967432,-1.080749099229065,-1.1580511953998711
logarithmic,2.0005469594097565,2.1300262504708685,2.240854013058847,2.3436795210809973,2.429415390215604,2.5209089033782823,2.6153592505863914,2.690814104907984,2.7714526187990485,2.8197577740207245
logarithmic,-4.646436671460738,-4.779735941196848,-4.904910548516063,-5.018363121556431,-5.151399617944287,-5.239347185863659,-5.33276123692864,-5.419023024672608,-5.52642306761576,-5.601468919945428
logarithmic,-1.252049207703279,-1.2898149550668905,-1.3228539484037565,-1.357459607563267,-1.388831934289567,-1.4197030126195056,-1.4422553385829393,-1.4612214175721443,-1.4825497571417767,-1.5117761881069138
logarithmic,-2.3545251902479243,-2.1212057737469654,-1.9580411551788304,-1.8451817282612948,-1.6879719045049189,-1.623614546262012,-1.5135604303307406,-1.374964247599148,-1.353838685236233,-1.2900608325108895
logarithmic,2.511441958461668,2.5366690521070674,2.558465296917253,2.581993019222434,2.592890521225196,2.6034911585955487,2.618825046615082,2.6257446813118754,2.6293769883192506,2.647891026443229
logarithmic,3.097929648556992,3.2369331278706706,3.292494782716163,3.377326154712407,3.4279501061144906,3.5064232935418147,3.5630760029358326,3.613685691587941,3.6490076272869705,3.726550851906708
logarithmic,-3.80838676200432,-3.870746397897665,-3.9377111813508754,-3.988082489627781,-4.077298780435311,-4.079006025327472,-4.177880952483685,-4.239794561337625,-4.272930620072338,-4.328868438613121
logarithmic,-1.8398487864844808,-1.9863092984294977,-2.122351328247692,-2.223268573091822,-2.33849207909222,-2.428306790841825,-2.512368125343356,-2.593862545701836,-2.6804679824290227,-2.7456060146219268
logarithmic,-1.3849930802592507,-1.5452218844650356,-1.6880546163326997,-1.853302894886504,-1.9931986306043523,-2.108036366663298,-2.2404406323657597,-2.33772494705099,-2.4648408727682964,-2.5655199361166536
logarithmic,-5.268939693309847,-3.469052369491024,-2.974421039658784,-2.357142822672677,-2.0821213793743927,-1.8788242376720723,-1.4807736557879507,-1.4983215609128704,-1.33055582019605,-1.1820916773219372
logarithmic,-1.3335743015506552,-1.629926894283665,-1.8397468085222912,-2.0578883257646217,-2.221967017173917,-2.340909503816888,-2.4574305507406726,-2.5571635449376298,-2.667911771067877,-2.757842958947006
logarithmic,-0.8985183872694769,-1.7020592201334337,-2.0952804760078125,-2.7672926058656024,-2.952242468936427,-3.2990328995816194,-3.46615461641613,-3.7249009608368953,-3.795363598763586,-3.9593600538943168
logarithmic,3.583356128412864,3.810856081871836,3.949421493433025,4.0967934957344125,4.290140053524737,4.340436180647491,4.459089816193134,4.525263676492886,4.634822082354615,4.713221487056063
logarithmic,0.0397539589309098,-0.7202723904112459,-1.1842020301816911,-1.5618488710482377,-1.896383667083352,-2.2562217774622364,-2.398154743420324,-2.58016281492644,-2.872656150948265,-2.948317430934349
logarithmic,-2.0073268628524983,-2.239428639945343,-2.529954801218876,-2.6850446066612963,-2.827002451532937,-2.930554193245093,-3.2130200151797843,-3.273447691198014,-3.4252548676259664,-3.533864096131232
logarithmic,3.05505587563756,2.991357361113989,2.957870886854072,2.93250767632297,2.9092202737177995,2.8944922026051287,2.8761583483408715,2.866107165221495,2.854356831422449,2.8424148568181296
logarithmic,1.7056420173300684,2.534240834458076,3.1051157828858083,3.6524684939610825,3.9380593662613568,4.180033976265362,4.487864003626954,4.84711092629547,4.951217679273876,5.06407558674934
logarithmic,1.2080644373601614,1.3770716510790335,1.485220121697049,1.5735934700199845,1.708649564127897,1.7895036983968742,1.8906390642254929,1.9769296886136247,2.0082217954227373,2.0666798624592446
logarithmic,1.467579991428035,2.313789409426996,2.9115782538640977,3.3064071657197003,3.537386966639328,3.935441712599392,4.155549917790802,4.308329706940198,4.502220599799055,4.71839822759776
logarithmic,1.3195512417021704,1.3331627512567394,1.3488123669604422,1.362025730944208,1.3753851860309412,1.3875678659420625,1.3958987743739406,1.4100669405390798,1.415240938960762,1.4249320645301944
logarithmic,1.334885479595081,1.4477663455634031,1.5661046403222791,1.6945045936287455,1.7903799384622134,1.851762308762346,1.9644681073730663,2.020163137992806,2.115873960055434,2.1785824454871867
logarithmic,3.751218864262861,2.6910724311480734,2.17983627341586,1.9681346375887088,1.6071933048331075,1.3315942623347408,1.2262583246265648,0.8045549949309718,0.8291051321106633,0.5075765064397971
logarithmic,1.0797732880190003,0.9032333784355556,0.7334696159376871,0.627125163901728,0.4968545311107705,0.3879825418264211,0.3432170742944898,0.2383434503894073,0.2107960031688834,0.1438835762590834
logarithmic,3.0067285727503426,3.129270184677935,3.309312260077696,3.419473539953034,3.578816524269503,3.628662754873037,3.7350426332314366,3.8282866788370975,3.922199278022775,3.9736908352699576
logarithmic,-4.167023112901747,-4.443582458873902,-4.673199199118945,-4.927214383425431,-5.15518606910541,-5.305746165363811,-5.484086352156585,-5.667876574364198,-5.759144498587781,-5.883071976736742
logarithmic,-0.7363757542252428,-0.5403212020161818,-0.3669135615648164,-0.2684761459866538,-0.1125147210987581,0.0161341655352091,0.1045408469920916,0.2263249747247867,0.3093471313146749,0.4103975145838996
logarithmic,2.09208078838161,2.5944531602177614,2.88772003620556,3.0521062861812847,3.331969020340352,3.385247242147279,3.554932812226565,3.66966758656799,3.691604390073604,3.841420178237069
logarithmic,-0.4344612344868873,-0.4927479433377389,-0.5279360664620406,-0.585955624766032,-0.6150633965146982,-0.6665937922069276,-0.6996970445223673,-0.7329571449971716,-0.7791126547249148,-0.7986657286095245
logarithmic,-0.3465129789783084,-0.5756677471498886,-0.8662746453351122,-1.0758308929328535,-1.2042629761741717,-1.3753885290362848,-1.453384433904515,-1.6277806120241665,-1.6602837685926282,-1.789762359179809
logarithmic,2.079230724205294,2.901742155532202,3.6341137911315697,4.130616280362615,4.448414847618955,4.814577354377295,5.057789433483678,5.277700906156492,5.5907135464888285,5.627660092362021
logarithmic,1.9799603526252156,1.922744538431714,1.8620338799842144,1.8139125108946783,1.7642615673842164,1.714065176437912,1.6935891377878154,1.6624447594395235,1.622155374913033,1.6084624288627072
logarithmic,0.881838325843991,1.336722137705752,1.7878150683440688,2.128301539554542,2.327481664434914,2.6239775251160795,2.843307026609436,3.011401480088556,3.135923362804097,3.3437243874290616
logarithmic,0.2184189699295067,0.2699381871127313,0.3086526281405157,0.3393190917191617,0.3741051233809329,0.3974323393639558,0.4128292263569599,0.4491820780777192,0.4690785339909411,0.4862236453549057
logarithmic,0.3113403921221767,0.1657156317794255,0.0837230017925836,-0.0098235912968463,-0.0805656804971605,-0.180425027458232,-0.2487400841876375,-0.3205842470042599,-0.3702561688533543,-0.4161173625567748
logarithmic,3.3166492785006123,2.652198327826161,2.42788417467322,2.2481791133604347,2.102393210267658,2.004720676950717,1.8944548250677544,1.809917428299946,1.717809034525409,1.737011911369909
logarithmic,3.239153008959272,3.361817388832643,3.4691311550768247,3.562496048403271,3.655129756598485,3.7411440294279914,3.81453126852996,3.885938728899161,3.952781120265624,4.00451371000912
logarithmic,4.01327664455535,4.137801442643363,4.270272305070422,4.393746050296549,4.474137742118712,4.538985434405714,4.721812585796318,4.787834661613955,4.826095834295494,4.932440855324415
logarithmic,0.7490727690283745,1.1099236926829654,1.3823428983052792,1.6536540407031408,1.8419001955319336,2.015743117333654,2.193508692393748,2.400295467227884,2.5016674501104097,2.658192657120234
logarithmic,-0.7873630633621063,-1.0945600195742022,-1.4183273555400082,-1.567383112231966,-1.776134672088919,-2.004921330027603,-2.2227591827261475,-2.286671859307858,-2.4264513882355243,-2.5590342102970944
logarithmic,1.3359102022714515,1.2663015752218874,1.1968328507467352,1.1263022233632511,1.0677010639143074,1.0138346509261518,0.954844801997576,0.9086772078267504,0.8659347211225458,0.8305170268076952
logarithmic,0.4360710485544977,0.0100538769681219,-0.3675075514087511,-0.6355361900579216,-0.9177796993669548,-1.118116453826992,-1.318774673171233,-1.4665606319616866,-1.5938225854732846,-1.737278112785526
logarithmic,-0.9360654627435496,-0.8510311028621248,-0.777684549285399,-0.7059112943097555,-0.6413720825591886,-0.5875279171091345,-0.5319417790644742,-0.4737229328141281,-0.4243987518090522,-0.3750727659444724
logarithmic,-0.9643675690893488,-1.70305398093126,-2.216316388315537,-2.6038670693788726,-2.899629650800138,-3.0450703676580027,-3.3182380644221072,-3.456966130560516,-3.612678409126668,-3.781763354159904
logarithmic,0.3297868644799745,0.3653145702981055,0.4071349420748092,0.4343693127497239,0.4767938154504657,0.4990088894298732,0.5264693704685397,0.5486797898430077,0.5768070660843486,0.5982602197867688
logarithmic,2.9138103646363014,3.535862593270595,3.9617492941833015,4.389173329697709,4.669414565996276,4.936377671396613,5.124955673229305,5.375838741952523,5.494858123615514,5.719482063854035
logarithmic,-2.097617132619204,-0.8484895823627191,-0.2150526904745167,0.1134416115808224,0.5645287375536155,0.5999593078550972,0.8550088645260757,1.0844468922467063,1.262359486431322,1.3411764913162498
logarithmic,-2.6007073009249693,-2.544257490296639,-2.491466022596234,-2.4459533939249947,-2.411380993438322,-2.376036458348609,-2.3395262122884906,-2.3043711418300648,-2.2942682901827447,-2.2427325471859643
logarithmic,0.7811730710273453,0.7462727218946366,0.6819470340467508,0.5994142348383297,0.5573325899454088,0.5109158424347643,0.452335865224847,0.441636937427078,0.4128800948876097,0.3777818162287698
logarithmic,-3.365406597795612,-3.549382007478846,-3.704418704710101,-3.840142050185939,-3.953215113705753,-4.059662633911269,-4.150957465741935,-4.249905770405737,-4.318028749965936,-4.407693259133432
logarithmic,0.3292009410019167,0.5823056630701671,0.7578642802149458,0.9253302862835656,1.0561401815476257,1.205116600627261,1.2614342798942564,1.336068470386102,1.4435852002353564,1.506842164832069
logarithmic,4.098693758922802,4.212389974155231,4.375584661420133,4.470430757602827,4.611156948762478,4.686517720901564,4.842717733494419,4.909866141154657,4.968710120904015,5.096705282451316
logarithmic,1.4137431525392308,1.502734379555466,1.575282408157309,1.6247361895672654,1.6583188012341448,1.6891384243284957,1.7767530162528538,1.7935643912975747,1.848554167397475,1.8737217632257777
logarithmic,0.7413044799417838,0.3121095180449671,0.0736528548185103,-0.1665418410403886,-0.3390318492652903,-0.5695816881758713,-0.6979386784964446,-0.84642030538544,-0.9520088238667092,-1.1382404699092472
logarithmic,-0.3446913131604878,-0.2162077408878448,-0.1058902997442577,-0.0088286769359024,0.0557305250131564,0.1394028013041136,0.2382491955544903,0.2935405883879877,0.3579523112734936,0.4045474980897308
logarithmic,1.7181742388656935,1.864212385544233,1.9402989393903225,2.051340488462148,2.1308511702750623,2.215605398531841,2.293176865173783,2.3943366565354647,2.456116008632352,2.5121749349254974
logarithmic,-1.485112818988196,-1.6030799815316523,-1.6831079372388422,-1.764756340808927,-1.8702158412254992,-1.9174270140971157,-1.9971569378750051,-2.07176168128654,-2.132998771503935,-2.186305234237902
logarithmic,-3.719652176002866,-3.817201206480057,-3.8962046651432183,-3.961245422329432,-4.027258355508076,-4.104283354457624,-4.154346166196533,-4.212258756042869,-4.262849789733838,-4.315822221011577
logarithmic,1.6444572639702464,1.8509872950217523,2.0778576656183563,2.2342899031023125,2.484722765406384,2.6038770244478053,2.7545315831212136,2.9047882145348343,3.021872220166716,3.1152410585680834
logarithmic,3.7153856005239994,3.771374161210986,3.86729749911978,4.036997726072988,4.097736382450601,4.219256903807908,4.340616908451541,4.352085627117273,4.463585556423985,4.575704220780417
logarithmic,-4.095510503367,-4.213003122355723,-4.3459355722084405,-4.538283574885791,-4.677083105308367,-4.905412350723927,-4.952096223056161,-5.11591570966905,-5.266508946112976,-5.336077710824558
logarithmic,-0.5758211227285145,-0.8680187376492063,-1.224654059698285,-1.441521428380667,-1.636971586523158,-1.8428569135401904,-1.960632556970158,-2.1991664900400605,-2.438578992154927,-2.535593614176739
logarithmic,3.5687260368947484,3.716381982945076,3.86134774458354,3.975794116352149,4.068541311048043,4.206029369992354,4.292912247046679,4.327497771467717,4.441146317915897,4.513925590521754
logarithmic,-1.053671698571856,-0.8463056733935979,-0.7085867788904158,-0.6055494706170946,-0.5116657770697879,-0.4314967757916402,-0.3737492046233414,-0.3258248621908819,-0.3000046563931663,-0.2538890201790365
logarithmic,-1.1336555097793255,-1.065730614737021,-0.9910731670227664,-0.9678841954202504,-0.8788406167625439,-0.8043256237140987,-0.7697662693327897,-0.7156616288820845,-0.6824351665578695,-0.6383350449363696
logarithmic,-2.487625024762808,-2.504410851390604,-2.5144550763905213,-2.526959565143206,-2.5359678898064515,-2.548873677509179,-2.553758010937075,-2.5610109197596245,-2.5693687165995445,-2.5766388206849835
logarithmic,-2.241326863823488,-2.509349189993689,-2.7678440405356306,-2.858690951871902,-3.064411535636582,-3.193946559009704,-3.313910016579288,-3.3925081671331263,-3.4653845286953056,-3.6283572078058497
logarithmic,-3.345859451684203,-3.4349631326472227,-3.5398966819337327,-3.625635311107234,-3.707886381019561,-3.7694265583555344,-3.83760722768989,-3.9084358747501327,-3.97674763351087,-4.030298293529803
logarithmic,-3.019319849588882,-3.1044198180405167,-3.229879966931083,-3.251698825088019,-3.361490412818903,-3.407990355462108,-3.482849820929609,-3.5379337970383187,-3.61929251335078,-3.6645186564662495
logarithmic,4.945469286650925,5.143713863964522,5.3015798669120695,5.4428410668478096,5.583728412132387,5.722954557764883,5.8092324246896085,5.924059131787366,6.050774973386494,6.135681333659034
logarithmic,-1.7678287470730425,-2.012024961160852,-2.190247865082801,-2.344435557542282,-2.4985420036306034,-2.6498990234009123,-2.757785868123032,-2.7901881092960186,-3.0472756337906595,-3.049761600064211
logarithmic,0.5891433089591189,0.8567688254738499,1.050280529017403,1.0999530078717008,1.299495720487752,1.3753903597789918,1.410416391772827,1.528468904215453,1.6541035264830244,1.737887727338918
logarithmic,0.6199985597061778,0.5815713912095439,0.5547096654151059,0.531119252065945,0.5127861134985903,0.4940486643714168,0.4797184965384379,0.4693121994185089,0.4545116227473175,0.4524782682902186
logarithmic,1.2984772589267388,0.8185218364809522,0.3452753376351666,-0.0167180652060313,-0.2521351551379987,-0.4906422831148731,-0.6458501676489928,-0.9108116868475802,-1.0234760798346874,-1.0724103827362383
logarithmic,-2.479030296762335,-2.6680933970049234,-3.006193754516337,-3.218022902596237,-3.3676212857626133,-3.470421066389067,-3.5911173263977365,-3.781317600531225,-3.9806230911863247,-4.0523553893389
logarithmic,2.6341015176546723,2.74746216395893,2.8230635146806304,2.862175409059583,2.934225365821229,2.998129937366277,3.072805705710949,3.1084766478438555,3.170139724107399,3.209902330790155
logarithmic,3.8947118594194094,4.039302526274364,4.1660276630207065,4.285158370862156,4.434822641273911,4.503903965942627,4.630914077211544,4.69133486763107,4.802042434676316,4.899812974808513
logarithmic,2.665241548339172,2.802865739610279,2.928929479669915,3.0621482889386717,3.159276789353765,3.2597832603720023,3.365388764474748,3.456589707031831,3.546159471969516,3.6309387598656895
logarithmic,2.197092668019352,2.0600519576155865,1.9577406128467336,1.906673674253231,1.8468114605789996,1.7610869255134114,1.7228993331019469,1.662452971642958,1.6218256314318098,1.5942533443061708
logarithmic,0.4345295148760617,0.3283888327503885,0.2841735228288565,0.2060814842217349,0.1558889562689892,0.0956958612609142,0.0453310685952394,0.0151832242282349,-0.0061775113711933,-0.0630365103689569
logarithmic,0.7586710731467355,0.6703237435315877,0.6244671447049213,0.5980308430181972,0.5692343438502154,0.5481556733170933,0.5298527156090285,0.5239905147520896,0.5061668590056188,0.4956400410676327
logarithmic,-2.172363101414869,-1.86251028810343,-1.6386277926427475,-1.470091873612972,-1.2984433077172437,-1.2125025743758129,-1.073309612915326,-1.028605172468346,-0.9586845217672272,-0.8427749374104638
logarithmic,0.0848834669988525,0.1082025465321821,0.1242181792827612,0.1413058869121538,0.1533939322283442,0.1659736993624253,0.1765610884511976,0.1834339241373475,0.1934760254211876,0.2026526351747526
logarithmic,-0.8378804181340158,-0.8481173730352337,-0.8554915392324434,-0.8619293402655175,-0.8715423895382225,-0.8787561182391306,-0.885400023882236,-0.8889525339458351,-0.8968043457699096,-0.9001718433498945
logarithmic,3.1609199228069413,3.3785498937844207,3.5640302515020346,3.726256365509151,3.877988743695648,3.9834416325580464,4.064879040041081,4.224392161551691,4.334514229521434,4.405579669506169
logarithmic,-0.3847517524813091,-0.646213490762666,-0.8489217426879175,-1.030724746888669,-1.1827851061792305,-1.31134164870399,-1.4554691628383416,-1.5249926428854732,-1.6844778608636355,-1.7581963077130078
logarithmic,4.995181014606972,5.077146157546355,5.176504158762571,5.2636782247715335,5.337633765839172,5.402999160445998,5.511729209155063,5.572879205937492,5.634356264483043,5.715297911015293
logarithmic,2.210397944180322,0.388139820717034,-0.248212533223454,-0.8756816472120544,-1.1269238749520136,-1.4331249858435693,-1.279468199301944,-1.8760125318247869,-2.000642111517533,-2.286811767911201
logarithmic,0.2900460003990838,0.387735825829093,0.5411173797531911,0.6587919313110177,0.7564014134796972,0.8556299081095328,0.9787129148868026,1.0902235250921115,1.1296448508931365,1.1786730392566842
logarithmic,-1.5867595476851697,-1.6345069071158953,-1.6949640286937144,-1.743057640526691,-1.805573223415897,-1.841238037168244,-1.8913521087475664,-1.9176769886540377,-1.9467592088357144,-1.9852506702694128
logarithmic,0.4143749203152281,0.4555417849642264,0.4802883574189178,0.520227301747825,0.5406753690058367,0.5716847155295331,0.5804522069081774,0.6092063370641178,0.6128191497624405,0.6445159345729353
logarithmic,2.746452723966429,2.465897015750008,2.251787528504922,2.0662519709435148,1.8878360652588535,1.822603391851359,1.6750615790313743,1.5525179841854124,1.4858382674695874,1.3994374094036035
logarithmic,-0.3533931416372577,-0.2331041954104915,-0.1899671524954677,-0.155231937375575,-0.1236513980076842,-0.1263078548405919,-0.0896052779468444,-0.0724367032342097,-0.0709929970199289,-0.0637204737274991
logarithmic,1.2557322394033452,0.1826766277284547,-0.5236233511522773,-0.9031603297504596,-1.3550415374123943,-1.6249003935502446,-1.806842899780153,-2.156391339775139,-2.1450891650931005,-2.586132016403353
logarithmic,1.917120807741692,1.9388401280600307,1.956129973125184,1.969928516287208,1.9849589115775,1.9974479874155937,2.0085963238268407,2.01752745731805,2.028256948144772,2.0378900369483097
logarithmic,-0.0573236654285648,-0.1246580867795395,-0.1709345284211545,-0.2206747496370838,-0.2499002013001447,-0.27608167941162,-0.2989583351363319,-0.3362736502635842,-0.3492579224142845,-0.3695015893237516
logarithmic,-2.1385297645438057,-2.216152973620235,-2.3249800841634363,-2.405192776717003,-2.481957753551915,-2.5412603557353046,-2.5864837332014248,-2.64179160081502,-2.6982881655104243,-2.766466595907329
logarithmic,1.4113866618182138,1.4288809741567607,1.446159306098427,1.4643614319588896,1.4828399765667366,1.4932606193133169,1.5133066931896122,1.5205733922127256,1.5345696302428191,1.5450979383918677
logarithmic,-0.9228997175839948,-1.0278110322431315,-1.1488981937754206,-1.224520457131211,-1.3427750278575974,-1.4460827021043134,-1.5183645217611994,-1.6229605484452865,-1.6908631809250638,-1.7687724165397096
logarithmic,1.8720323664822287,2.3749932784234886,2.425141096297327,2.832776541436369,3.054397970939695,3.2280913744098307,3.4214725115299243,3.549896183953501,3.707070515017279,3.7724139352150345
logarithmic,4.588267595384189,4.706973429355472,4.804293927827425,4.898095557451106,4.974205580077593,5.074521104771045,5.144056936287216,5.245354581553974,5.271272086633209,5.365134188317224
logarithmic,2.742177951872679,2.6002401072861114,2.471575024969987,2.399084870493801,2.266810108648283,2.202379147562265,2.1229197622238374,2.0694124350581493,2.0041806140949543,1.9684393028200344
logarithmic,0.6306219005491022,0.7548587173060198,0.8743973253454912,1.032181699735194,1.093621460015579,1.17775057934672,1.2686181429223142,1.3411982278068333,1.4114162736689442,1.4405718744862108
logarithmic,-0.755892725572482,-0.7388470004420162,-0.7285223082821833,-0.7174790111178011,-0.7063557345100673,-0.6963909961404521,-0.6850046082555241,-0.67932480882003,-0.6697462839348582,-0.661374591059083
logarithmic,-0.69514837627489,-0.4347462653301278,-0.2915628516680216,-0.140368104447624,-0.0073068281421069,0.0987236413410945,0.2511894514001387,0.3145269977435672,0.335263240183652,0.5101793417411686
logarithmic,-1.012467071134184,-1.726567168033768,-2.1836588537356865,-2.4961844859203075,-2.786002403147378,-2.9727103676799835,-3.1943282373839605,-3.361445327097339,-3.481753684994721,-3.6540958395386327
logarithmic,-1.4153320921370105,-1.373449634256696,-1.3436189252573312,-1.3114259720085537,-1.2846370918028849,-1.2516016357911133,-1.2399356778858484,-1.205188252467282,-1.1638840263125163,-1.1743621662272332
logarithmic,2.5103607545091786,2.699650078225968,2.8282926472485315,2.9480284472337983,3.117946739049976,3.230106968721968,3.309977380300504,3.421011606791373,3.5177135146680207,3.5902561031972025
logarithmic,-1.365341334612415,-2.0274827603514725,-2.507392305388356,-2.706611562414315,-3.0130648570932026,-3.107392771207375,-3.3492231794354588,-3.496705890593965,-3.5548548181544133,-3.6635631485259625
logarithmic,-2.352313058859607,-2.641080847068367,-2.864523471059887,-3.047703448012881,-3.198123630777558,-3.309326490915529,-3.418288170710971,-3.535511631723102,-3.616366211327012,-3.7040411231320345
logarithmic,1.795412281260358,1.4575124621969855,1.2202894992726838,1.047502865571431,0.8561532115028281,0.6910614068159862,0.5722860143621573,0.4416792572837976,0.4433931195132164,0.2896971158719823
logarithmic,1.570129550348201,1.726268643745858,1.8429235172964744,1.96091763253442,2.080311949322294,2.173325480492449,2.2239104376810133,2.332558127805068,2.409601897084942,2.454679234122634
logarithmic,2.2037772233009933,2.1400269021763267,2.107543475671664,2.0748681585390054,2.0437428102683453,2.025412219538171,2.0066022738788125,1.9839862104882584,1.9691601118241495,1.9563872736198973
logarithmic,2.6282153907939,2.970133137750709,3.218879138615661,3.446540291577818,3.668117431188544,3.8413363676790016,4.01187091588048,4.2282793310058135,4.388122834006953,4.4402433923482425
logarithmic,1.7344507289872677,1.642800297661837,1.5492727658232466,1.4536102338193773,1.375088453969363,1.3160178290011182,1.2504225065453185,1.193794192880403,1.1267181676784837,1.0826440940724251
logarithmic,-0.85140633156525,-1.118443522221289,-1.330694095912181,-1.5288797686806184,-1.720621515461612,-1.8247904807375832,-1.9738061528123167,-2.136237593073472,-2.243336811842004,-2.333840485627018
logarithmic,-2.5969173346536487,-2.800758563988977,-2.985932317990755,-3.1584516222345327,-3.3131898094472145,-3.4665850280553494,-3.578518599105087,-3.707259251253964,-3.8037956538749,-3.92144342560508
logarithmic,-5.837510051027024,-5.983978010776705,-6.149362615158683,-6.275977773443583,-6.3895232625742135,-6.516004226163395,-6.656320131243584,-6.7456117682446255,-6.82737254203795,-6.933877491536313
logarithmic,0.6707237019114624,0.5688955113131572,0.5171102620087265,0.4007451776938233,0.3664956182483797,0.3201014160249565,0.2588344678164496,0.2052870551258171,0.1519421626799819,0.1458262057711844
logarithmic,0.2306634945251565,0.2392612520009883,0.2470743568737575,0.2536645940785144,0.2620082674718037,0.2684651582699817,0.2731114985195021,0.2787104865249091,0.2831063186964613,0.289772227001874
logarithmic,-0.5832614111702087,-0.7621840189789277,-0.901260128168466,-1.0077608675607987,-1.0810164576704755,-1.1724104267988695,-1.251183871193319,-1.3201106212051334,-1.383323575739042,-1.4349259897557052
logarithmic,-1.845310841972712,-1.9414518240588987,-2.021334381564685,-2.1103115689104617,-2.184179149059922,-2.248380313380654,-2.3283125044843334,-2.3817109361355886,-2.465190439951825,-2.5154434225428357
logarithmic,-1.5974979084106642,-1.5598808953025418,-1.5271591003740266,-1.4804326533775094,-1.4435397429749082,-1.4131220603711372,-1.3794713977659716,-1.3515515589008154,-1.3213951729872122,-1.2897403110469203
logarithmic,1.054234754609027,1.201773984799406,1.3097668955245738,1.4389860929976128,1.5373250366927256,1.6230117852584125,1.7184361371768335,1.7921157236504268,1.854031934158755,1.9095453641761544
logarithmic,0.649678384697734,0.7135270645246866,0.7717323685963323,0.8174541006344525,0.8606468945802775,0.8849604357820915,0.9046721844133628,0.9288181016103348,0.9453159851426512,0.9698242428142148
logarithmic,2.7836619220634558,2.548251736932536,2.39774939477816,2.1840789794010838,2.0903721703881115,1.984474894760195,1.897265453174564,1.839103462390809,1.7511870908174507,1.6437954497997218
logarithmic,-4.220559197503617,-4.343415828323934,-4.458155610932924,-4.588630011193501,-4.685654000595721,-4.770587820799606,-4.860599044875665,-4.956314055879302,-5.035038574567976,-5.1198784010090135
logarithmic,-1.8951553387799789,-2.008443864784727,-2.0749187917851666,-2.1574007388893075,-2.2153423832489314,-2.284749093931824,-2.334022403761676,-2.375359806483218,-2.4170495880488123,-2.4559420313641955
logarithmic,-1.0861882925878237,-0.7466085963780347,-0.5790509761477773,-0.1728414370887039,0.02926117345156,0.0701043127501843,0.285581436788193,0.4171007012452639,0.6569438229017278,0.8041407984062554
logarithmic,0.2213359311873917,0.0333375148407384,-0.1121977864130925,-0.2320748074539345,-0.3747135895711331,-0.4815586759633573,-0.5990135421167109,-0.6832011951873811,-0.7987556155925231,-0.8743694794785333
logarithmic,-4.075997886486387,-3.137980938027548,-2.435807715763719,-2.012653568996488,-1.7160431171858412,-1.3241877709241956,-1.2827750175448005,-1.144290125408318,-0.8682528887999345,-0.6573081250805554
logarithmic,3.1127735942127406,3.198286497733073,3.292901584592576,3.3597754547829264,3.422179858430181,3.501915767180105,3.557675898659187,3.5998339204400134,3.638288142512684,3.7078266390168673
logarithmic,-1.3104198213694962,-1.716949639666027,-2.075891978898343,-2.3375430743552577,-2.6087655652381883,-2.814093304051161,-3.026891724533869,-3.139807739841457,-3.374779827471414,-3.4581865216431025
logarithmic,-3.652587847443237,-3.772452039370801,-3.9101040095684536,-4.005499278969099,-4.115811158304382,-4.221701598360228,-4.300563497837369,-4.369660609601291,-4.471525941126261,-4.550664804898512
logarithmic,0.9940023510959954,0.8624288282533741,0.7700224260550006,0.6716768996847527,0.5689396659083525,0.5080293775427911,0.4152870692233841,0.3551666201587564,0.2792715887733619,0.2387734863448666
logarithmic,-1.2964336985045792,-1.278328616545232,-1.2707496575365766,-1.2540230092648996,-1.244727927431249,-1.2343685216923534,-1.2261715208295945,-1.219331509722519,-1.2085174817465458,-1.2008823214101283
logarithmic,-3.617679949491913,-3.7017410605895575,-3.7952331445274585,-3.8807160312224966,-3.948453188725426,-4.034436836589367,-4.090186344532648,-4.141707056762869,-4.202800045448835,-4.252786938430088
logarithmic,-2.963586912788548,-3.059568893883112,-3.169595339307756,-3.2344631091596927,-3.347897567302083,-3.410982514746548,-3.4943227105458874,-3.5529231450948573,-3.627162499340321,-3.684040147188258
logarithmic,-2.7649284634867914,-2.78199632802171,-2.794092245875146,-2.807333529064036,-2.816544505297386,-2.826891688504265,-2.83547390899448,-2.845492418462215,-2.8530720797085856,-2.8573347678583825
logarithmic,1.9196434904235045,1.9014706883330328,1.8850828174533472,1.8715690693473788,1.8553361576817984,1.8437973865111013,1.8333948614086253,1.8227558151087828,1.8113057186410595,1.8008793315240414
logarithmic,1.0726827211483805,0.3311496660089706,-0.1026984670693982,-0.5606948396500927,-0.8498624594375037,-1.1483551834375694,-1.4018607153794589,-1.5770182002677968,-1.916617923060242,-2.057182995231296
logarithmic,3.4736422142714125,3.5637631753851733,3.642606225563221,3.75682657040532,3.8027718085112254,3.8675477355359167,3.932690432533677,3.956891912849062,4.029442644127627,4.096096998444351
logarithmic,-2.4086306872627645,-2.7265890567054094,-2.906060639675763,-3.059730243854072,-3.2176453953488537,-3.233285047011736,-3.3051456507803083,-3.364952591612287,-3.4383210052786164,-3.4616457421160924
logarithmic,-4.366599612468629,-4.486505318334539,-4.559686770067716,-4.663204094892785,-4.736379670390686,-4.816415060486835,-4.893462012196452,-4.915702616600969,-5.027657981089929,-5.110485938640137
logarithmic,-3.706846411486944,-2.58619828305007,-2.1488572914963098,-1.8412864315189583,-1.5934868711450776,-1.4536622845944356,-1.2828191913258489,-1.119885813847953,-1.0367556128507225,-0.9483231784766406
logarithmic,2.0121029487487023,2.108700835837521,2.184719817025623,2.267036375860985,2.3260374313524,2.4118198163900373,2.448789394600448,2.514279343146888,2.585456767711736,2.6153866753310697
logarithmic,-1.1346197289242674,-1.0978721603328132,-1.0547294431396792,-1.0207439810819068,-0.9765272518747306,-0.9542858821342656,-0.9177442181902786,-0.8890575374970204,-0.8754410619953237,-0.8556320087331102
logarithmic,-1.9530682707240952,-2.262162556964271,-2.534329946339032,-2.7594781091220404,-2.876286135218043,-3.1344291250643543,-3.2322267554680417,-3.432421747746745,-3.632575718676173,-3.7036246432099937
logarithmic,0.2698741198374149,-0.0908948918817532,-0.2457855959409774,-0.4100315757617735,-0.4360434689175904,-0.6036291189860398,-0.7113682292514736,-0.6898380648361716,-0.8355201382931764,-0.9191206623593472
logarithmic,-2.4312490707428576,-2.5016819336789187,-2.557054726386145,-2.629855686483414,-2.696566959856096,-2.7461274889250604,-2.7850564936800453,-2.8216616398607286,-2.893885976434224,-2.911526358283667
logarithmic,4.051795937847263,4.113431718078581,4.1889449813186905,4.244197216655886,4.328617595166748,4.382426667028689,4.427056034421026,4.495305113902472,4.533819819969731,4.598586897784425
logarithmic,-1.4104162487679217,-1.7516696560251042,-2.0219336875971337,-2.147401884628148,-2.262900027618769,-2.3618106486073773,-2.4010319991041853,-2.5229358053354414,-2.616780000629196,-2.646818482155713
logarithmic,2.533412484770997,2.637605439934199,2.733282543504889,2.8006715808374945,2.878135506555469,2.963884428980664,3.0103918947073307,3.0763328332257065,3.133251245087663,3.171760553507204
logarithmic,1.751824812521733,1.8952304298622635,1.95697952639171,2.0362747106284367,2.132032005301585,2.1926359175746266,2.2620120278105533,2.33664811075866,2.358054791949778,2.4333512432267166
logarithmic,1.9137790226396796,2.061818649952793,2.1431271049114904,2.280181359213378,2.4005397356339206,2.51120868619135,2.5660708790779285,2.6770924363520483,2.790995171498413,2.896574890322619
logarithmic,-1.4188655710828353,-1.5460799311137934,-1.6439070060530945,-1.7039253832667538,-1.7681590672500649,-1.8356661436048936,-1.87559856746608,-1.9226786073049,-1.9557174180968533,-1.9998130398717795
logarithmic,-0.7952739648396314,-1.3721534276863196,-1.7549522686321843,-2.034361882513608,-2.331667316826651,-2.6112053595324256,-2.7791733455670338,-2.89977022268078,-3.057605334770698,-3.2955183713206635
logarithmic,1.2674417854414404,2.034583410327485,2.3622673185463023,2.7653463266147376,3.080776573056059,3.3388880948949677,3.5350220344825263,3.7257924403599785,3.98113849251438,4.086063190705231
logarithmic,-6.235629455768139,-3.8286469260290814,-2.533872441989568,-1.813233507492532,-1.3728517245863503,-1.000885917054452,-0.7354252163069652,-0.2549779620844208,-0.0541927332873852,0.1543234093888569
logarithmic,0.7496657257873843,0.8974661952204468,1.0368942266865648,1.1083090798604218,1.157661613331319,1.2487593990408996,1.3030367153145863,1.3670457475250395,1.3999876576185248,1.4666965387682815
logarithmic,1.9593903685530092,2.107589617749289,2.246477652475248,2.37658373408437,2.492975252973106,2.6118307747906835,2.698458314659664,2.803327757738334,2.9168933261845904,2.979408769505486
logarithmic,-4.152577862063652,-4.307230793322492,-4.451591675837116,-4.57578917450616,-4.71259070353257,-4.807732583632962,-4.914998137210546,-5.009825684652985,-5.1048716887840335,-5.195835800209892
logarithmic,-2.503019411799068,-2.910586266804947,-3.142787038877334,-3.420140306872524,-3.662334722300562,-3.78669561471332,-3.970946064772731,-4.247102426552646,-4.3011872007812535,-4.487302600898685
logarithmic,0.7009137013126878,0.771388443683037,0.8684325589124396,0.9236351785655348,0.964964242209739,1.0183112645314971,1.0501059426100612,1.114718821062809,1.1388184980287597,1.1940649127584395
logarithmic,-2.8666412195918136,-2.896787746815023,-2.9278322169046125,-2.947485544350533,-2.970927003256319,-2.995393738256959,-3.0031308034101194,-3.0184923676520325,-3.037316408739869,-3.0527617166480003
logarithmic,-2.512581200867223,-2.24647958022992,-2.0682254801701507,-1.967245035888978,-1.8943263455679284,-1.7896881845948245,-1.7269062779129818,-1.6443379778891458,-1.6153415644978262,-1.6228260922707891
logarithmic,1.2649120952248276,1.0815190414704874,0.866065247075859,0.7410109160973339,0.6209040227525937,0.5399723880570046,0.4041557420986649,0.2998274696042258,0.2888040532536127,0.21872222057382
logarithmic,-1.2249580674762637,-1.0363224097116197,-0.8753555353140644,-0.7061383450099195,-0.6443495777384781,-0.5614810063336035,-0.4780186796075167,-0.4892308074631627,-0.3572450593387898,-0.2843987620972557
logarithmic,-3.562107300669686,-3.6999752670923134,-3.83757061227164,-3.963012447984936,-4.115234385275197,-4.223653791673668,-4.32729007221557,-4.42630614563233,-4.516030275895771,-4.594991220682931
logarithmic,-1.938857897203804,-1.947503097680094,-1.9618450040111992,-1.9689553930426635,-1.9754848870571728,-1.982779190231689,-1.9873527192862688,-1.998357460517771,-2.003511414085557,-2.00834139943115
logarithmic,-4.043741712204129,-4.295075747281429,-4.423070192908091,-4.563348968325248,-4.739579448317792,-4.844811658580463,-4.950101373715313,-5.057628660610793,-5.1614081512197805,-5.268585891605221
logarithmic,-2.1083612466768447,-1.6142825097135982,-1.1883169773422864,-1.0398289017753464,-0.7339514328573296,-0.5955930818952518,-0.2210868865385262,-0.1223732705857531,0.0233243902748939,0.195616379559895
logarithmic,1.5503941844913771,1.55715767702347,1.5651884996748662,1.5735598890542004,1.5818199573716518,1.587920911966428,1.5922428603577723,1.6000435711903065,1.6031907448455165,1.6087986764813331
logarithmic,1.5868620501939603,1.6032514539268137,1.611157332738809,1.6226499267521597,1.630626700926476,1.6391786763713962,1.6504364659450557,1.6592769109662169,1.6649786977482803,1.6676486547738436
logarithmic,-3.684951831413587,-2.5507624373075,-2.0613645443382693,-1.6936566977363552,-1.3239489499983028,-1.0900445479978147,-0.8442687944451452,-0.6003567257107643,-0.441171732913873,-0.3128350426340345
logarithmic,1.900966005311771,2.0782853565271617,2.322070505528467,2.420366766511483,2.548575436806471,2.6418563087272644,2.75828869816144,2.8719916484161123,2.935360884610456,3.053354189060931
logarithmic,-2.837025856064412,-2.964265605527612,-3.0497600808449588,-3.1464827718252626,-3.2366249317541453,-3.3217719444601115,-3.392966281902783,-3.4821803871974546,-3.528215401027002,-3.609411767658001
logarithmic,-0.0955197730150524,-0.0599948371545332,-0.0456851895181907,-0.0342455199201131,-0.0110436565835998,0.0034499754716842,0.0194553467263237,0.028871495335974,0.0471328450079366,0.0562152733981548
logarithmic,0.3613894188440323,0.1651155855136271,0.0204050117229862,-0.1244094466095674,-0.2394300302855384,-0.3355164509615378,-0.4307448283411012,-0.552393995034603,-0.6184071709500476,-0.7119618374440466
logarithmic,3.367943347606942,3.4510473000816377,3.576691053104021,3.792823099955228,3.958098100252847,4.04807798645172,4.192038398943931,4.373155113419221,4.4119112498447866,4.616204613588152
logarithmic,5.010351590134938,2.599303461811978,1.599447519076607,0.9377429478259386,0.7657214956600561,0.4040091814395372,-0.0865648285274426,-0.173680160918826,-0.297627041253594,-0.4860177553587989
logarithmic,-0.3640394302252754,-0.8941546279655157,-1.0599151621961658,-1.2196566539323035,-1.4004137027576755,-1.5050394707404695,-1.6026290125100704,-1.7437518649285393,-1.83293214586652,-1.964032732524608
logarithmic,-0.1156686717352129,-0.2002192490043852,-0.2792488338741046,-0.3282047178818177,-0.4074302946161569,-0.4591225487026011,-0.5632208484384863,-0.5833232942909813,-0.6518380390519397,-0.7011301235515999
logarithmic,2.064194915679813,2.1899985660528216,2.355972739699373,2.4947022185475216,2.629593735872337,2.7142667902012705,2.828283287158869,2.9299239653388365,3.0345153811671666,3.116547625180626
logarithmic,1.9532258867990249,2.022468213809698,2.0651222913064693,2.102799265035027,2.1703108507339945,2.206513488229385,2.2410149050010504,2.291960987475153,2.3150786292495256,2.3409794273763924
logarithmic,1.9031246379329168,0.5971734098277108,-0.0967281660435122,-0.6066122986628971,-1.0094566755461314,-1.342884932734542,-1.5504330352630094,-1.8101599805529531,-2.05241866398016,-2.2324505254487206
logarithmic,1.168462075079932,1.2713470855933036,1.369439511595192,1.438072584974346,1.511373927245163,1.597426176224282,1.683036069783329,1.7327748097097573,1.784786786355362,1.8704276258545012
logarithmic,0.3615199716085921,0.4416408354803765,0.5345854171538426,0.6104197730627436,0.6809517541820908,0.7533799630286041,0.8357637153814562,0.8958528823643476,0.934034523084872,0.993304951494758
logarithmic,1.5994175551836496,1.2951849234329047,1.0467074555487863,0.8686965055473812,0.6831150478960468,0.5126191762870952,0.3825275921988662,0.2569510748930467,0.1857096274153149,0.0888376742828438
logarithmic,2.73353403695336,2.8934887965536293,3.0541967654541056,3.1693972285605736,3.2297425319140136,3.285992078175348,3.406210017356889,3.5529540509243183,3.612206042168466,3.676279332307523
logarithmic,3.309573720819852,3.363984356662037,3.4522274706367924,3.60808417675092,3.698799841971662,3.812500923902767,3.906745642306101,3.937405220595525,4.081364867429242,4.114489990326727
logarithmic,-1.1253759455676091,-0.9975652272278364,-0.8917193265182104,-0.805877222909839,-0.7563645230237107,-0.7034156724372745,-0.6524263792231062,-0.6114294875003781,-0.5785932285151828,-0.5369562861844951
logarithmic,-1.1516993452476694,-1.105739446889508,-1.061994042781536,-1.026524259262188,-0.978281572799766,-0.9560134561803209,-0.9144773133929508,-0.8850649334543791,-0.8526521183775196,-0.8120796043621159
logarithmic,-2.5187256578476376,-2.5652303898028483,-2.6234696447746555,-2.6728036116361493,-2.7211536358007757,-2.760991279145248,-2.802471233695933,-2.835083559124154,-2.871011257159197,-2.903723677363644
logarithmic,0.660130549843904,0.77603888099393,0.8691108171770723,0.9691562148010728,1.0421376539852918,1.1512288302645044,1.2084988468352962,1.3048090872373697,1.370991799804475,1.473100302223882
logarithmic,-2.714352841141068,-2.640535757933112,-2.579282322059653,-2.5240645590349517,-2.4777269779534645,-2.4305270803420904,-2.3994369882494486,-2.3619408204394365,-2.3295695714090496,-2.300531332535412
logarithmic,1.4015680507310146,1.440142396541765,1.474190169105576,1.492604860031483,1.512585187366838,1.531803977348942,1.546448881757959,1.5652952351968177,1.5790319370097126,1.5881109276223164
logarithmic,-1.023812691116112,-1.2098671503663578,-1.3924637872746828,-1.498869335956434,-1.6275648274100256,-1.7087707363384557,-1.7836637379728466,-1.8902465638056165,-1.9749737792757225,-1.985936280182779
logarithmic,3.910349744044408,3.998737242744102,4.099378569401346,4.1847044012812695,4.214298639088659,4.34693148340778,4.413447644673192,4.482584414048158,4.538774725307326,4.602818469643243
logarithmic,-2.5675154003873666,-2.30412241862078,-2.001674517500653,-1.673950151803537,-1.5837854044284605,-1.372936587696316,-1.2776538084232758,-1.1761616128045131,-1.0073414005175174,-0.9336405251544702
logarithmic,2.6435469699676712,2.818321460114883,2.9364368819094486,3.054174318285165,3.1947395186935545,3.279043557281003,3.4557673632864603,3.5259285590369136,3.595328023353418,3.69427064894891
logarithmic,-1.934464299564176,-1.7950902035273504,-1.693977103346851,-1.594783969343967,-1.5087672166193211,-1.4676465273370944,-1.3702972692495017,-1.328504619542819,-1.2613035649132571,-1.2040413633221103
logarithmic,-3.88542065067609,-4.007658229913919,-4.113494513485122,-4.250801857474113,-4.326926369352871,-4.4227189377283525,-4.50032292816238,-4.58584460802102,-4.635047164318394,-4.719675837120713
logarithmic,-0.0323675077609089,0.0986715958610902,0.2908947689669917,0.4410132222562899,0.604133034947842,0.7212415036883436,0.8092359338659827,0.9376816526338356,1.0136788092008528,1.107031267466765
logarithmic,0.0175732766987061,-0.1689985066971761,-0.3250615410954342,-0.4877696885189743,-0.5675768314656676,-0.7275916168676041,-0.7901218404443963,-0.9296287824588788,-0.9897541197821018,-1.0356637771873491
logarithmic,-1.1343161176030252,-1.5064750257096475,-1.6798878006636049,-1.8938231276928927,-2.110636171063353,-2.273429485389129,-2.3431075323519965,-2.3319243145585173,-2.514189162925538,-2.571715490071085
logarithmic,-4.491325468846782,-4.645312985713461,-4.720265094471492,-4.845678103019428,-4.944229707311605,-5.03908637992936,-5.1637100735323775,-5.219149024341043,-5.347802554702649,-5.395034426799334
logarithmic,-0.922956536343403,-1.0257014460349885,-1.1093392363184964,-1.175556624574594,-1.2433057716040354,-1.2879194714869997,-1.3587560088612918,-1.4262733277788386,-1.4816118105783604,-1.526459855860826
logarithmic,0.0679067947113035,0.5451678083289183,1.0036425144445562,1.2911747119459636,1.584953370691316,1.8064175863919387,2.021333609962402,2.1963103904483523,2.3786276125383417,2.549565897956133
logarithmic,2.176743115496399,2.281121118270262,2.3551758221078427,2.4389837908658234,2.5310410622797432,2.5817172112786158,2.67141620939324,2.701979021710663,2.7526717285352693,2.80854061281909
logarithmic,2.4245068802824807,2.5877914087033647,2.659315624831305,2.8004984649416382,2.8707378410574425,2.991622657071426,3.0603790727794724,3.113659317480814,3.2296336090340354,3.2401308641565585
logarithmic,-2.6629516594134364,-2.8034150959369133,-2.9359878950059857,-3.052247136547275,-3.1464246397346187,-3.2669791358008395,-3.346154791213619,-3.43176165653782,-3.519072955880025,-3.571856415547466
logarithmic,2.4195720074365936,2.508706358509081,2.630448644430636,2.696841535691404,2.775513707116816,2.8402721726284708,2.930945126056796,2.982745888664573,3.030753011875321,3.0706418158117788
logarithmic,2.775015281757214,2.8772848058552665,2.939021962549361,3.0119969273197995,3.1171965016304264,3.15866865648047,3.2026324988114547,3.289578762103287,3.3197578652159376,3.34884689937077
logarithmic,1.4674368779858742,1.0618675611867705,0.7733587637183776,0.6162267732424622,0.3987530810163672,0.1622917085044335,0.0229847785026216,-0.1597882495491081,-0.3261960737939293,-0.2952263957094192
logarithmic,-0.4727962613603964,-0.6518498540180088,-0.907343526799609,-1.188993574209109,-1.4124269159576508,-1.6095613840634997,-1.771382053492679,-1.905929777445602,-2.062055374765268,-2.1563378781486118
logarithmic,-1.4749960861023923,-1.5578756181972069,-1.655619401057795,-1.7102760040584113,-1.7902073194454398,-1.8316136417975084,-1.8841732966799976,-1.923763352507496,-1.981467435216688,-2.022450927969488
logarithmic,-1.3378546645720877,-1.7484711713634222,-1.963117975685632,-2.266558923346642,-2.3057485574780885,-2.5202137239061075,-2.607928351258348,-2.630325436562367,-2.783725911593993,-2.985260120122044
logarithmic,2.989160414593769,3.132001133007048,3.35322674850853,3.5306169751474803,3.6323857386352327,3.818985887292336,3.911235858951576,4.132308948287156,4.161575467946006,4.348448299698063
logarithmic,2.663774115994185,2.737945099632924,2.79421855778935,2.8532533101983715,2.916647749650751,2.968692892522913,3.011830770779959,3.049673340417434,3.11069982873019,3.1424767850111586
logarithmic,1.3698306651130825,1.363530031626134,1.33618306432422,1.327693969398181,1.311295375037677,1.3031399840033868,1.282343514476625,1.2846943805573985,1.2700579072735982,1.2591697197297955
logarithmic,1.5172749658200202,1.4728229281709444,1.4406482913966303,1.4136751236340863,1.399424069539838,1.3654428609518452,1.349968814016299,1.3243529405456689,1.300296821440094,1.294151657212549
logarithmic,-0.7857712204209224,-1.0290764859604864,-1.2970415451317867,-1.5001812287457512,-1.6788169861221025,-1.854659168741495,-2.01620466218182,-2.123148717334568,-2.2433400009488373,-2.3694596015097127
logarithmic,0.0565934315515384,-1.1139077818833212,-1.7498884535822548,-2.141187008118884,-2.5240928059017813,-2.805351696354927,-3.1642878070585967,-3.2053205500990027,-3.458636084226677,-3.5944882614771108
logarithmic,1.4940152749358695,1.6519121074789505,1.9247168568210529,2.053596443782053,2.1355626636055622,2.3125660701672555,2.456294803797644,2.59557238753252,2.6522683499186788,2.6993557663936336
logarithmic,0.8563244354618383,0.6911262194988324,0.5477969015157154,0.4299348455755611,0.3244628131563597,0.2347237531247571,0.1489414834727867,0.0158622883799104,-0.0257226219608522,-0.0970487768585871
logarithmic,1.502295285937573,1.4588238892915268,1.422242441728765,1.3876381074858124,1.3441514565306,1.3116770278039438,1.288426704289667,1.2547227810937656,1.2253016570382134,1.2061951859280875
logarithmic,-0.329752726424413,0.0716062151579901,0.4064833730511666,0.72115419827747,0.9057742965533055,1.1266811059613897,1.3285370830952328,1.5102539655039624,1.596036358347302,1.7791481020401774
logarithmic,-2.71413381763982,-2.8892393967437227,-3.0274779720758334,-3.15896767312477,-3.282616558833762,-3.399532413477208,-3.4914380921528325,-3.5869312615153173,-3.673614999165344,-3.749792103488129
logarithmic,-0.1876858030952929,0.8250280096823062,1.421107260082808,1.802029437885263,2.1231735299494243,2.3382492022580466,2.55771742653787,2.8286763282678424,2.903989716630901,3.003428488123237
logarithmic,1.0094263291946932,1.038817154853037,1.062546974913803,1.0843086294560218,1.096168496535517,1.1121171119499451,1.1258142739024837,1.1361694021549968,1.1485018141233638,1.158006913444411
logarithmic,-3.3535279650069065,-3.369954527067758,-3.388029687909557,-3.410130090471226,-3.420911326470419,-3.440642489387276,-3.4552117279632286,-3.4664650509657777,-3.4792218219955653,-3.492748356130872
logarithmic,-0.978013032915274,-1.4212044317679782,-1.7398145251702006,-2.0007021220525907,-2.2525516249987376,-2.464316516606136,-2.689578183829188,-2.8431492448648568,-3.012874559124537,-3.1260423676953266
logarithmic,-2.816398537595852,-2.9242130956688857,-2.991908204776004,-3.08783014772749,-3.144467523362135,-3.2145137645654254,-3.2651474822715687,-3.3109118784328038,-3.3806431594064565,-3.4149900304548657
logarithmic,-1.1943743105593996,-1.3719581508127698,-1.536705799212276,-1.719247336150863,-1.8359048788149912,-1.9481372655700768,-2.114256413238261,-2.162542488289253,-2.292094133832108,-2.4025338628475743
logarithmic,-2.2596819534587604,-2.3019419918830764,-2.3267558860252,-2.3667014997487734,-2.395957965844712,-2.426209404551925,-2.434829306578133,-2.4602457392386627,-2.485895620510322,-2.507975256916322
logarithmic,-1.4704693185164233,-1.6200360714404345,-1.7736262865370478,-1.8511624177958348,-1.921735113759704,-2.009272586506184,-2.055343964328162,-2.107282716812445,-2.1645145935899235,-2.232232839250022
logarithmic,-2.9615089992861803,-3.447376202317946,-3.973564159175457,-4.298300389718783,-4.660909071927742,-4.852576565375012,-5.146600272385446,-5.343581725342406,-5.587184180692667,-5.675166623813024
logarithmic,3.691190895799264,2.902831856128277,2.535345705737047,2.14653460987724,1.9243905101448031,1.7277148641317257,1.463832999587742,1.3204224820504828,1.122503814689559,1.0413725085119547
logarithmic,3.266537083292657,2.959550205203984,2.7589785778209914,2.617387476547375,2.4590897110478087,2.4308548343201424,2.286762380728049,2.285495869174181,2.2081161961392595,2.169936663907208
logarithmic,0.476298110645708,0.6281918586190983,0.7092516378577932,0.7685661871441235,0.8821622839086039,0.9994393895638224,1.1003649542285192,1.1367878161466594,1.2814449740309126,1.3083186257795
logarithmic,-3.718541115885944,-3.81353436834192,-3.8804526586309622,-3.9755814499041313,-4.069865157708575,-4.134304940124204,-4.171602649842445,-4.254701531239833,-4.299839113337868,-4.34935065325669
logarithmic,-2.356001660785135,-2.47129143901562,-2.5900576696084987,-2.686225557535789,-2.7761669059404213,-2.858081988515286,-2.939519071234053,-3.0375101558301085,-3.123654593796368,-3.188768111153624
logarithmic,-4.121571505976599,-4.301952427816849,-4.508191174094391,-4.63902296278989,-4.779447384575663,-4.908982902459663,-5.01615806926664,-5.12795457974407,-5.2067340525565,-5.344733527974307
logarithmic,-1.665440064267811,-1.5092930178332378,-1.4055958965302435,-1.278039183076198,-1.1812335029635364,-1.084476621106228,-0.9809475149204996,-0.9310855140969884,-0.8324244583785072,-0.7826085139238128
logarithmic,1.0053093937001951,0.9538439228353652,0.9297471367572452,0.8798185532740073,0.8751971239414257,0.8500599991596777,0.8343167560739775,0.8183073918676318,0.7938324785526459,0.7689865384342688
logarithmic,0.853939965317731,0.5904738586454359,0.4507192329251386,0.3744340856656189,0.1924220142647051,0.075940968728487,0.0583382647131644,-0.0405557260477221,-0.2100954376914772,-0.3135236911194266
logarithmic,-1.1824362291937531,-0.0140051507731345,0.6024788227506502,1.1464993499750264,1.5369004232943662,1.8852492675409944,2.070373989104905,2.309484099259197,2.493884534375774,2.663229448560788
logarithmic,3.295444982556505,3.622508588452002,3.9857144592774896,4.26355321568829,4.406829139355932,4.684799845756126,4.771062772090327,4.854080680567021,5.144996833832519,5.202889535528469
logarithmic,-1.5264662407466416,-1.653454401099336,-1.7585568663423106,-1.827153437309144,-1.8458629188830311,-1.912871172902591,-1.933965131278735,-1.9717684013440768,-1.9884229632234207,-2.025918500222253
logarithmic,1.1156170543765505,-0.6183917104367177,-1.4191170939665951,-1.935777574132841,-2.3578591372670235,-2.8809205574763244,-3.049013743046029,-3.38761605890405,-3.4861824733972906,-3.616774778309832
logarithmic,-2.208074267179646,-2.2215103384305928,-2.2332714675939247,-2.243793862119231,-2.2530221362402583,-2.260743579299791,-2.268164483913608,-2.274088043477885,-2.2813847515984134,-2.28821204446576
logarithmic,-1.4774251086959296,-1.5693245133919993,-1.6843045477014515,-1.7395926947539768,-1.8163039741241545,-1.8879326054595276,-1.93491691791691,-2.009557455700932,-2.0565564212098018,-2.109193383361061
logarithmic,-0.5819389672032743,-0.7750735162137591,-0.9516038544936404,-1.1103607360069272,-1.2465196722157057,-1.3998177718902745,-1.5188762245513845,-1.644481205435168,-1.7661087101723405,-1.857617432637124
logarithmic,1.3179449554486673,1.2108378506531328,1.1241462774449773,1.0104517771206207,0.9382100021484524,0.867716840391848,0.8366529730368292,0.7479726729128512,0.6938365185506172,0.617128093635279
logarithmic,-0.8887253308062889,-0.7494186273094131,-0.6512870217417848,-0.5818960466304186,-0.5109165680130071,-0.4429727028709255,-0.3779737157381577,-0.3227883218206478,-0.2611744293070994,-0.22869747695897
logarithmic,0.0611461026530119,-0.1551865978766096,-0.349218626161235,-0.5295018681131343,-0.6870339066255549,-0.820777628406759,-0.9527446634399904,-1.0781405264507091,-1.181708336797547,-1.2917422471319755
logarithmic,-3.5661964373979087,-4.074721127380386,-4.298776325844712,-4.652168750350702,-4.977093519410661,-5.086009458334438,-5.3794946976617295,-5.407009499255962,-5.658701930826265,-5.785788435851733
logarithmic,-0.5881243515339352,-0.9026310949900708,-1.2375664374747162,-1.3374918947814425,-1.53959332096808,-1.721195717851106,-1.8468917578120572,-1.8718785494309564,-2.006064283453716,-2.089309012322624
logarithmic,-1.7463885898013645,-1.8359303882803315,-1.919853837130968,-2.0116818231550924,-2.092068090667112,-2.140764401899996,-2.204132680303687,-2.2717779024789504,-2.3185133555379416,-2.380824460580491
logarithmic,0.994364313195697,0.984686141862926,0.9767823055083076,0.9703721874474266,0.9606987729920436,0.9535445532933036,0.9474882765676544,0.943719777308716,0.9364056995327832,0.9315794999691892
logarithmic,1.340439727952209,1.0312855127873,0.7688396635650339,0.5921943046172137,0.4214526075562281,0.2875222176945352,0.1430666458699862,0.0363189067437245,-0.0620367991481169,-0.1399057828067099
logarithmic,2.561397117542357,2.54448561544429,2.5317003046657,2.521907972816541,2.510132641373343,2.500291560662972,2.4917198756972008,2.483266704998614,2.4737944648014536,2.467787083447521
logarithmic,2.5889636696085976,2.667678424841642,2.739518597599916,2.8018621253819638,2.8500189050423668,2.9063252174952616,2.9468235523594664,2.99799308152902,3.043776123090966,3.078736404681679
logarithmic,0.1724700839401219,0.2857116436680401,0.3955500335121545,0.5092445149264903,0.6060172295131608,0.6792319407692525,0.7681428700942972,0.8366507852406679,0.9135320804860866,0.9902246460171704
logarithmic,0.787581248145367,0.4276357458995737,0.1560961115721965,-0.0391310610571335,-0.2208435598917952,-0.348045006417271,-0.4565866562804926,-0.6080498516173541,-0.6907170978602166,-0.7461389665733741
logarithmic,-1.3473833922452136,-1.6861112675004366,-1.86755169333856,-2.067241305533911,-2.325742627553049,-2.455850115625089,-2.686711711647901,-2.8406123718378637,-2.936218323390648,-3.0649897186228525
logarithmic,4.519553739163343,4.7053410870156505,4.869989886984587,5.020918744102808,5.14591462279268,5.260259679716524,5.387375441151841,5.501958733490518,5.603639669806618,5.687228487372925
logarithmic,-1.1143480317916348,-1.2590937081502327,-1.396968060257264,-1.5245640221068455,-1.643880727450659,-1.7509692094827418,-1.8518919440941557,-1.935796971475088,-2.031410405969478,-2.088344851307402
logarithmic,-0.4943399718220524,-0.6509876876698626,-0.8354790871258415,-0.9273518057184764,-1.0038030493039525,-1.0987154040477016,-1.1992882929740174,-1.2353868029707094,-1.346079974512904,-1.3634557044495388
logarithmic,-3.763768303856797,-4.03284241706828,-4.304849178292352,-4.473360006473789,-4.692802766138652,-4.833575818145404,-4.994265352005556,-5.159478477998416,-5.2896597852027485,-5.42486400435865
logarithmic,2.1158456906780256,2.2048553883392543,2.282724553155409,2.339700871712367,2.3748897196371845,2.4358648180243594,2.495823531978121,2.5640418184107734,2.5876127735824648,2.6494933817566366
logarithmic,-4.078113592300151,-4.276531318774373,-4.495523482950333,-4.682525332975364,-4.845996849074873,-4.980497691292141,-5.121920965650317,-5.239395943505193,-5.367447178287666,-5.466188545438166
logarithmic,1.2020808756314725,1.4713630546397192,1.6910636984604934,1.9351432822398624,2.070934850301647,2.2246798888835606,2.3621859092982063,2.3963289178828804,2.5766971527591656,2.6075575410699825
logarithmic,-0.8576813703608719,-0.6122459740774266,-0.3768724579871099,-0.1993326354888206,-0.0131784160612673,0.1006629629028571,0.2597852711094019,0.3588963930790239,0.4268950953872336,0.5343188937057454
logarithmic,-2.609806133156602,-2.696275517814758,-2.7788311314529377,-2.823804629319562,-2.9270734293294813,-2.9786437718533825,-3.0704202324251644,-3.122040508220635,-3.1215665128087573,-3.191998663357557
logarithmic,-1.7670554923739992,-2.37475115791441,-2.59845187234561,-2.754585318189807,-2.8458027231490672,-2.95671833216261,-3.0786192526211207,-3.0618742698088086,-3.165379044719667,-3.195355249914552
logarithmic,3.960474066684785,4.20886872982062,4.294705218605362,4.404369183098316,4.566435684336632,4.599879110395722,4.751223926874429,4.81015078852807,4.924919182813473,5.010891761916014
logarithmic,-2.1658698589275254,-2.048886346042707,-1.9691880520874276,-1.890387750961915,-1.800122687296151,-1.7361947201118084,-1.7120295956037728,-1.6445331411229984,-1.6084187460680357,-1.5680632022421617
logarithmic,-3.929153036505056,-4.129235878563555,-4.301518453043605,-4.398737012667366,-4.556089369253413,-4.679708557659414,-4.740161134901514,-4.911935764128586,-4.982179212594282,-5.093273327806337
logarithmic,-2.1010419211290787,-2.063724021163361,-2.0407050357869143,-2.0172036933893382,-1.9969067016088204,-1.9611861632632384,-1.944225375264144,-1.932569436009168,-1.9175407654684509,-1.9025131438489835
logarithmic,1.8947809156155373,1.8288397471229287,1.7650002584184237,1.7085603226001524,1.655387954314648,1.6118326234798912,1.5676815035073082,1.5230466103442497,1.4840590371603066,1.447107067009949
logarithmic,1.4384754664745862,1.484927319943622,1.5143388303655445,1.5601992268913272,1.5938110915168386,1.6147130390661883,1.6441537203766627,1.6546518036498787,1.676217291759082,1.7048764852665674
logarithmic,2.7698564895968385,2.032785401189716,1.6794623215800932,1.177790022177878,0.918769807753116,0.5430830906624057,0.3409792647680121,0.1448501523536894,0.0322669480999403,-0.2903547043036367
logarithmic,0.8731219179943048,0.5142962003412637,0.2203464499810502,-0.0778796944129154,-0.2967006437173285,-0.4339812917889123,-0.6346697367646232,-0.7780709321343916,-0.878920219915611,-1.0032648776901667
logarithmic,-0.451523686213603,-0.5830022197051427,-0.6852597943137363,-0.7662210684027027,-0.8527245977203662,-0.9570839907923456,-1.045361224246394,-1.115252057605833,-1.1658871218705251,-1.233010923121487
logarithmic,0.5692701409607874,0.5811875850980027,0.5923528551904987,0.5995149934626975,0.6066748253943688,0.6148587703610686,0.6219119394411224,0.6263502517118162,0.6339231556245318,0.639937772160177
logarithmic,-1.732908342812555,-1.686998838935764,-1.6040255513123378,-1.5516824428247684,-1.5006088538396596,-1.418561383488515,-1.391862938717248,-1.354205549890816,-1.3127858187603758,-1.2563321898600293
logarithmic,-1.8645820780021445,-1.8487402259146937,-1.8362843988190896,-1.8195687377322376,-1.810454982731984,-1.7988254441864218,-1.789090832203632,-1.7798827957436856,-1.7737221684803035,-1.7638365817832773
logarithmic,0.5720054865887648,0.6240330154509199,0.6670708134472273,0.7040896826546008,0.738866853217056,0.7734951324770831,0.7977782484102985,0.8293680630129673,0.8538782769749332,0.8755941523834482
logarithmic,0.8554862443147828,0.9822639899026232,1.1250320487343777,1.1931847588049918,1.27315074065982,1.364006660975407,1.42531460536023,1.4707935372359442,1.5577131295194393,1.5569537332415466
logarithmic,0.3182612874085329,0.0708557848158823,-0.0703250919919294,-0.2770721367517322,-0.4664652657607069,-0.6305104548557654,-0.7283315708062436,-0.8170509032104109,-0.9873605723744472,-1.058224199582121
logarithmic,-0.7089984546939604,-1.1006150303514886,-1.3660239578992033,-1.617665246673176,-1.8761923354305137,-2.1102174378452494,-2.355739205358631,-2.457237297415383,-2.619098942888411,-2.742337363844128
logarithmic,0.5786524090488359,0.2461939116615089,0.0379188617356436,-0.3606928445261643,-0.5861266537800364,-0.7053480215034797,-0.8691709622604019,-1.1766238439069392,-1.3473836758301974,-1.438143501336768
logarithmic,0.4506574132413894,0.1585408496686511,-0.1388729695916158,-0.2970628027949991,-0.3460693560011671,-0.5970662352406756,-0.7584579553281752,-0.8543323133392391,-0.942934653585962,-1.0110886491562223
logarithmic,-3.045863834505449,-3.1648144196004697,-3.261663427885867,-3.34887849994517,-3.464501452358884,-3.5195824277763217,-3.5892069679857985,-3.6587518949507376,-3.716865362426029,-3.750404561035308
logarithmic,-1.566910852858709,-1.4899779470968182,-1.4211827972212174,-1.3690166032126334,-1.3213985454185462,-1.2683707463243714,-1.2160927638316126,-1.1661855001929209,-1.1408168864098982,-1.100408051695207
logarithmic,-1.141747866663842,-1.0776824148058175,-1.01700667286068,-0.991591430389608,-0.9582925441643352,-0.9099119813588256,-0.8923840304447826,-0.8659088652683502,-0.8508424346092098,-0.8300244661709234
logarithmic,0.3914462136427876,0.5326898745308174,0.6212829553962068,0.7789872585701614,0.8906658624469476,1.0403245242018029,1.1374135355058763,1.2270404743391872,1.3484241523340463,1.3499667908446384
logarithmic,0.4649850230989729,-0.5325830715585274,-0.9608597087483752,-1.356662527257953,-1.7485250406110713,-1.9159106844883909,-2.0772469184330005,-2.1738752661684035,-2.4975686182610906,-2.520171056729324
logarithmic,-3.7117791856306055,-3.8544059327118583,-3.954574467686932,-4.070687749155562,-4.166077809547477,-4.264714177303649,-4.363781426652007,-4.377529396833015,-4.455781823125966,-4.518526246558885
logarithmic,1.1178103109578217,1.2251023795113387,1.325401640960313,1.4041654486158084,1.476619878344661,1.552839298229593,1.6121066335800769,1.6723541979463463,1.7119089208732066,1.7709501810573458
logarithmic,-0.3356901044596044,-1.2598521554200544,-1.9493280334211032,-2.405384444404487,-2.7899305934387058,-3.1600960734142824,-3.3387213970622143,-3.631216504773165,-3.847561105275745,-4.023325344355958
logarithmic,-1.0778393926652152,-1.110970081852638,-1.1334644270285563,-1.1553592681061202,-1.1705146651753373,-1.184434254574933,-1.1968116413462058,-1.2061575433902043,-1.2144080004110684,-1.2266831676650225
logarithmic,1.339683772511833,1.347171548146456,1.3619440785981507,1.370659817415784,1.377530725658288,1.38921572166574,1.3935830934545803,1.4012732983206675,1.4068993660061688,1.4142480744279653
logarithmic,-3.223956892366736,-3.3228786585360437,-3.468087541338851,-3.557028178117919,-3.6910637129488166,-3.802922323230105,-3.902041631240361,-3.971069523969331,-4.067348474952159,-4.12516333702687
logarithmic,2.4942398614129244,2.42408694992076,2.37034637187616,2.317039388442104,2.2724963723823057,2.2424052043149327,2.201709633653169,2.161548561525184,2.1407177011410834,2.1133910894546584
logarithmic,2.5917915687276096,2.6151835218490325,2.6475293290361237,2.6580068941622743,2.6697313290158093,2.685085255692981,2.6931202942696437,2.702309087257861,2.7143979876488924,2.7232034751232868
logarithmic,0.0082916596075188,0.0244039233938548,0.0468724264042472,0.0584114084433276,0.0728163661684999,0.0860504944290422,0.0931933554283303,0.1097455519198533,0.1132701200061988,0.1214676228884078
logarithmic,-1.8703942509254767,-2.101715510324188,-2.2772733035127306,-2.48065266533507,-2.6309744644015947,-2.81904900065624,-2.817462454656526,-3.067021018342708,-3.1480194640865125,-3.248372960099704
logarithmic,1.9559778296453283,2.295425255266249,2.522634597575894,2.772828250207032,2.98608103792227,3.200668001115606,3.2900949166231857,3.4706665028381365,3.613543870507714,3.748230620862527
logarithmic,0.3766844961556491,0.1862965421614885,0.0178796863250445,-0.1320660589861191,-0.2075289134612655,-0.3469592428075249,-0.456958938915962,-0.5176748864916693,-0.6476103147325346,-0.7070748546607992
logarithmic,-1.3063993726865766,-1.4489914086130855,-1.572603717778937,-1.6491850689487664,-1.7265549670740974,-1.795069346030957,-1.8553218818021264,-1.9133260068160287,-1.978323438706136,-2.031332690067038
logarithmic,-1.4612481019932742,-1.419950748808164,-1.3961059869063848,-1.3623871989190652,-1.342674140217912,-1.3121731053553858,-1.2949957841624462,-1.279532778908735,-1.2434473523137752,-1.2330820051358191
logarithmic,0.1729726546689977,0.2368024729238931,0.3093583706152378,0.3747398431106861,0.4417448951825603,0.4784302891451951,0.5104420393304373,0.5671433874295043,0.6024530277089891,0.6200285534464106
logarithmic,1.8098994834419315,1.032201485041377,0.6993061619801599,0.4943904887411202,0.340112774537176,0.2222268207869687,0.109549314954121,0.0044125751679941,-0.078138842776469,-0.1133030735456564
logarithmic,-0.9531555059653236,-0.8577200461954898,-0.7730792742152027,-0.7151865549856736,-0.6185502933248465,-0.5487959833334255,-0.4814841631867649,-0.4400455598746955,-0.3898570614228402,-0.318147340983532
logarithmic,-1.504801825299875,-1.549998164145398,-1.599376742071259,-1.61773886288897,-1.6692044033298925,-1.724688940312403,-1.7366769850551018,-1.7611123870551677,-1.793606607507395,-1.822531301448988
logarithmic,-0.2945082452143148,-0.1170389266975275,-0.0049137278151572,0.0932220188487165,0.1895810443332902,0.2811349787273507,0.3410887754552472,0.3984089856409775,0.5175940165568356,0.6051233787668677
logarithmic,-1.911468356738799,-1.8814856178479809,-1.8539156166921724,-1.8275584869870456,-1.81253541359186,-1.7915811163218245,-1.76720526514595,-1.751394618990003,-1.733982670367009,-1.7101694002524668
logarithmic,2.6728685046728904,3.026584356814356,3.302474374574913,3.4938436841828326,3.743236039690374,3.893501372626983,4.016777077493767,4.191194123154158,4.340250902373602,4.371145406568091
logarithmic,0.2972425059356259,0.2665743879916915,0.2371507164595773,0.2096282872406795,0.1855286112906126,0.1672428911818987,0.1423661440828818,0.1252166941108962,0.10638455808145,0.0889034185925092
logarithmic,1.57427520765938,1.6778019603617498,1.7891861916819003,1.8783741156163372,1.947409155461519,2.0284296138587026,2.104756575045319,2.171592113373209,2.22666684028602,2.277015355903962
logarithmic,-0.5039183432854945,-0.586635181482093,-0.665214287596712,-0.7670844837556408,-0.8675613643141638,-0.9612789421756748,-1.0076626753658302,-1.0600548868932076,-1.1377908606254792,-1.214697770071556
logarithmic,-0.7349207402275134,-1.037391710894424,-1.1576132285665748,-1.4531882188679748,-1.6139192268746194,-1.715002297716836,-1.848404211529684,-1.9188718312958728,-2.0169748435677115,-2.179763932609666
logarithmic,0.2194998949744485,0.3294727053345304,0.3935476941112886,0.4827387222069484,0.5476070263962985,0.6449941780381618,0.7101045042908898,0.7497540495730202,0.833814548609536,0.9000196953841103
logarithmic,2.743042739585951,2.798866206944877,2.844741479792932,2.8884268463555807,2.927375396522653,2.9722577467953832,2.996219615352178,3.019445758462704,3.0584477278335465,3.094965815643378
logarithmic,-1.0335085903111103,-1.2124287631859445,-1.3186270313788977,-1.4203861252930845,-1.5128664616728016,-1.6468174742064918,-1.7332960434318567,-1.812122356633986,-1.9191492585644037,-1.9779626062462228
logarithmic,-3.618507674704816,-3.786683454421568,-3.901906348007833,-4.106143388974695,-4.208673901669357,-4.31717206570432,-4.401100083311231,-4.485729578834548,-4.62824420009583,-4.696559633593648
logarithmic,-1.192381089183681,-1.2488349079209466,-1.3079764289531717,-1.3477644146324177,-1.4016732223795323,-1.4307178092580517,-1.4597235514960865,-1.5009758830452369,-1.5357269702526506,-1.566852481121975
logarithmic,-1.213896175832079,-1.1618448078405526,-1.1248337927203975,-1.0868435155567409,-1.0420330369512325,-1.022947399538608,-0.990859126257426,-0.9530396294865164,-0.927206675861322,-0.9006953489645759
logarithmic,2.8219374011883573,2.663750402072528,2.5538452058450427,2.447757020522048,2.388671248054538,2.335715452474791,2.267671431913299,2.2175967728143697,2.172771750969064,2.128135078001059
logarithmic,1.8683783287086089,2.105852287771722,2.350597114550554,2.510487956373599,2.670984562613324,2.820101295135372,2.9231706665652,3.0819699694865874,3.16981418534774,3.269673236893204
logarithmic,0.0503257436513835,0.4593355615208269,0.730189308564855,1.1195198260996193,1.3507133693957245,1.6201549614681616,1.8054483060812572,1.891533961777986,2.093346414808595,2.193104036910402
logarithmic,-4.157753663108908,-1.9441710628556417,-0.9029710740054376,-0.4792442232928179,-0.0282696196439748,0.2994812621600883,0.4868240486711214,0.8474692460408016,0.9128861907199178,0.9637755172045508
logarithmic,-2.753418751704442,-2.7150487380478747,-2.6820125538982507,-2.653745665907979,-2.626755978176269,-2.597929819364565,-2.584105474355436,-2.5639396130684418,-2.54980677183374,-2.534842015377678
logarithmic,0.222379128737699,0.1438532004351265,0.0720111729545266,0.0103552726032842,-0.0428220125231997,-0.1116853685106203,-0.1553690028067592,-0.2131990961558347,-0.2424052827822911,-0.2918284510087738
logarithmic,-2.097180376030839,-2.551489395771237,-2.8600320759255964,-3.155340570338164,-3.3985581081319967,-3.5667146963178493,-3.675818893898997,-3.884868799457069,-3.982584188737459,-4.152606957646784
logarithmic,-0.9946172454955884,-0.7515995954339659,-0.4492177521361303,-0.275903941849885,-0.1359137725893474,0.0438574579432784,0.208396164162429,0.2832990864288877,0.3585581500055578,0.5150690003749941
logarithmic,0.7268724448892065,0.8332351676635761,0.9721218897044748,1.0761944324953407,1.196263853131001,1.3050258341865633,1.3974708467610593,1.4753843581833588,1.548464755852059,1.6287086758740004
logarithmic,-2.70714649655913,-2.714699177590578,-2.723372416547833,-2.7287777292967994,-2.737054384433603,-2.74476904516957,-2.749074692165712,-2.753667549334992,-2.7606017898590998,-2.7686562184591046
logarithmic,-0.7272928061664753,-0.7042811785719236,-0.6631278699436074,-0.6405706670887177,-0.6124819886668571,-0.6073248839146648,-0.5916542817115568,-0.5813995810763583,-0.5709749190244615,-0.5532324625713149
logarithmic,-2.3925990416717022,-2.568351846665782,-2.701263235755504,-2.861706263979153,-3.032752600155357,-3.1274298245164216,-3.250699324972158,-3.3413981424540267,-3.465227393967881,-3.585920431863184
logarithmic,0.3589407187809158,0.0957367290118629,-0.1532274578850465,-0.3735871315041814,-0.587395574395328,-0.7560697717554767,-0.8952880968520435,-1.0564632512820995,-1.1993946032217682,-1.2902721574784273
logarithmic,3.6269731699479895,3.7192539082513822,3.8083817074600943,3.875766743010272,3.9501212045587657,4.009946735476019,4.077403684923119,4.139191826583164,4.185678051154945,4.239325894939412
logarithmic,2.069454179423247,2.188859422013929,2.2949559620830486,2.3904929422710834,2.4625986172723,2.5291983784311163,2.591946815879467,2.688207221457425,2.719593104563843,2.781753476945726
logarithmic,-2.749992049511049,-1.279783039895957,-0.488340406549527,-0.0327022800150907,0.2772502535866252,0.545583647898861,0.827332246754237,0.9643563912139956,1.1959330249660851,1.3449396758112175
logarithmic,2.4847456469692424,2.503648238066459,2.5248873420693574,2.5350986521321426,2.5459738532677907,2.5621806395464914,2.5716242095792565,2.582436506117428,2.5891884809118437,2.60100306314317
logarithmic,1.4660531641445542,1.1752832341864097,0.929820123482904,0.6354410121522528,0.5203894828510998,0.3475560600627268,0.2060453676342026,0.0756896496923586,-0.0187232871139212,-0.1471063081741968
logarithmic,1.2976895394676755,1.28086688485547,1.2419983872201994,1.2195293845337492,1.1992786839434568,1.1691464025402292,1.1483487794827163,1.1350278773423317,1.116899070684706,1.1022122483339305
logarithmic,3.5643567952045494,3.6259302686646144,3.6773411782844714,3.724862412553592,3.7811799544518254,3.846575011649693,3.86841262856844,3.930745128717369,3.973148404164939,3.975553154599164
logarithmic,-0.6066389854390017,-0.7506374757065093,-0.9006540542720143,-0.9818210428994256,-1.110750593460147,-1.1701272667248062,-1.2663954582579309,-1.3053031866779603,-1.4039959481363544,-1.456183285195726
logarithmic,-2.7621351096490554,-2.8623771788644423,-2.9023728136325024,-2.931775774135067,-2.958673385299769,-2.982462055022052,-2.99573934006334,-3.01283271339014,-3.023719339013844,-3.040779594194048
logarithmic,-2.8135435006408778,-2.957833481333354,-3.074278954611525,-3.10918707547709,-3.215804512181098,-3.301233270833614,-3.3653585852214656,-3.439868693923947,-3.4539440074356174,-3.5673847978135407
logarithmic,-5.816130323675729,-5.9401818403134685,-6.113571102560611,-6.174390862135171,-6.278945499696647,-6.362109267350292,-6.43106342676197,-6.549442776996834,-6.626732400702995,-6.736789647360444
logarithmic,2.400845493866309,2.4769076853316885,2.609230116945375,2.669935752711124,2.7380286765107376,2.786173775257184,2.837844208106827,2.895626351425844,2.9052588951295406,2.957924219560075
logarithmic,1.3675987106152525,1.4678997997489165,1.5670417926628302,1.6636276766211815,1.7472019068003697,1.8077796844367828,1.9012223501494996,1.965607221254436,2.0309754631200674,2.087934920142234
logarithmic,-0.6526252084159414,-0.5311941979010657,-0.3974994398774354,-0.2815292324842821,-0.2040952504293887,-0.151429383829188,-0.0624779596138077,0.0014768384750781,0.0926537736085618,0.137022887921273
logarithmic,0.8181052192378409,0.9090304070703588,1.0001719591765392,1.0903594336594782,1.190612721136163,1.2611296443055209,1.3386311894500602,1.3934331262554591,1.4657352464794198,1.5198086860285214
logarithmic,-2.4894794068954083,-2.8009661664773517,-3.000183100837389,-3.252141377260816,-3.388062773004627,-3.5605047728989514,-3.668970312798765,-3.801119552042152,-3.912431836209356,-4.046427628464
logarithmic,-3.340130557178959,-3.395985445073519,-3.4355421248913287,-3.500083864761889,-3.55775952338152,-3.584030367291866,-3.637210371104082,-3.6666518779343136,-3.69945126010277,-3.744165211957872
logarithmic,-0.6120484006575535,-0.7067462404937778,-0.8654782533504645,-0.9604212093685642,-1.021470639698681,-1.1038839931428028,-1.1917059242272203,-1.2923441184409623,-1.3383753741349054,-1.4000824043329605
logarithmic,-0.6272723051729869,-0.3737206951283478,-0.228596571163869,-0.0711298961003683,0.0617598480618499,0.224571653973602,0.3008343770826512,0.4108091788569484,0.5232780283699514,0.6204000440544848
logarithmic,0.4765912403968411,0.4688111608032606,0.46200482084154,0.4549494573192668,0.4506242733280429,0.4429950355391445,0.4383119133005404,0.4321560698186606,0.4270148543569526,0.4245373447956361
logarithmic,2.110066781976951,2.1417090401564085,2.174923222113918,2.2331038715506715,2.256977133938664,2.2904244509977114,2.292580591042515,2.3330347047659834,2.3660705264044277,2.372806361680743
logarithmic,0.0480020472932789,-0.0273021817053351,-0.1093701398631638,-0.1957078478329631,-0.2717987658461262,-0.3464745963232142,-0.3868856946491094,-0.446275815174301,-0.5195067882256644,-0.5233318037264851
logarithmic,-4.965528512815008,-5.141790099319942,-5.278617250358461,-5.409825543175357,-5.550573531359669,-5.684708147474408,-5.791916456739133,-5.886675486042016,-6.005650614989077,-6.092483119927053
logarithmic,-0.7227078457051359,-0.8036317968023949,-0.8732514374273642,-0.92056977811237,-0.9720120218192392,-1.0287681892764864,-1.0744301443047746,-1.1178325861739546,-1.157984459452063,-1.1926695943165655
logarithmic,0.8659731412895162,0.6844301133538668,0.5369191281193151,0.3725703633023295,0.2407468141317228,0.1276642125097391,0.0290485360945108,-0.0492637129289139,-0.1953948181908987,-0.2433629728395106
logarithmic,-2.025962271617445,-2.5712878649260538,-2.941135017938076,-3.2202088798392707,-3.4463358543543308,-3.630153855871809,-3.7686342650428455,-3.9144053793362863,-4.005178259456372,-4.126072133220389
logarithmic,3.7313626618112727,3.8466446119620143,4.06398637631985,4.126010114402149,4.296033262037762,4.438081585804722,4.571892207308292,4.691294282915558,4.7755239458335135,4.832122301188502
logarithmic,-1.703254258935579,-1.7456225750708074,-1.770874179493105,-1.818543836154376,-1.842932610411244,-1.864892699077606,-1.887767273769696,-1.9156846786950867,-1.932555998642924,-1.9533383961080335
logarithmic,-1.460676483333859,-1.3202903203735197,-1.2049623438180217,-1.129679626247517,-1.016821888702247,-0.940228478734421,-0.8755918456582894,-0.8089509883720191,-0.7424009470873217,-0.6852785441425755
logarithmic,1.3104598676350616,1.344139355751559,1.3594463979119231,1.3897190763097969,1.424190699752948,1.434287126753314,1.4551658626029471,1.4770508077300757,1.5056719832758143,1.5116784897567397
logarithmic,1.0535817885799106,1.222951656453331,1.3774911025319865,1.4795384612698823,1.6001447837768676,1.750878090055472,1.813614055272763,1.904752733254448,2.035002745538003,2.105161163154917
logarithmic,-3.179676207599392,-3.241369586328564,-3.327154278358224,-3.369000395370607,-3.440573655292184,-3.503707156555192,-3.526785375795436,-3.58404080395618,-3.6460492566164127,-3.6865123472130006
logarithmic,-2.097780750239074,-2.004693152838068,-1.8833911735148987,-1.8230119819735957,-1.713528947509516,-1.6490685159729523,-1.5960329825252315,-1.5005412136742935,-1.4955022797993869,-1.426094835789121
logarithmic,-2.85219324267686,-3.015787149405164,-3.1658086164905925,-3.261884255961036,-3.479929274792988,-3.5223202529038,-3.668875424054532,-3.742535166938224,-3.839372443659596,-3.924562484766745
logarithmic,-2.9475914468060544,-2.348756605770975,-2.035759020103366,-1.8079539183871984,-1.571824812451383,-1.4286188938283635,-1.294807963194737,-1.1740126773116422,-1.040778631404168,-0.963622477933788
logarithmic,-0.4773896085369912,-0.6248549304472559,-0.787661461195386,-0.9027864070848078,-1.0040947674629508,-1.2074646696856854,-1.2422480247211023,-1.3347576416368698,-1.4038256843616388,-1.487164168852412
logarithmic,-4.149085510146413,-4.327637884267383,-4.506002238400041,-4.668438870482775,-4.787284880295218,-4.901562717051838,-4.997019090945563,-5.186826527291125,-5.260456693117405,-5.326688104824701
logarithmic,-0.4041840310593451,-0.3681722637931429,-0.3336026070425109,-0.3064622836764752,-0.2757844481184099,-0.2501459390946591,-0.2265679881288868,-0.2010882876422775,-0.1780850575948562,-0.1582729017351956
logarithmic,0.3627069088496672,-0.0188051974447884,-0.2632432520470583,-0.4214856892479972,-0.6453977041529999,-0.8473386633364904,-1.0572691868897004,-1.1890796454332884,-1.2680377862073382,-1.533378409498183
logarithmic,-0.4244297633477308,0.0617327979156782,0.4000433758739993,0.731769411668063,0.920479520254868,1.1224270828767833,1.2939640346962171,1.409872592529868,1.507895239889441,1.655344136023402
logarithmic,1.6382536466013642,1.624039349326548,1.6108755868497988,1.6007397635627507,1.5921341678068297,1.581003632214578,1.573491011229477,1.5658219100305488,1.55731756561823,1.5492107283876186
logarithmic,-0.1696686742836976,-0.3222236633728721,-0.4816132887379696,-0.5817476921076092,-0.6714888821037457,-0.7645795279286497,-0.8864790048754181,-0.9546682188088332,-1.0021429180436976,-1.069626855876702
logarithmic,1.366449861316383,1.468842930898702,1.5235760889708312,1.5815438864338776,1.7126445888539608,1.7579368068020726,1.8333680008009687,1.854349301840341,1.9133364922413243,2.0044451803273584
logarithmic,-1.66737810646378,-1.282887505279812,-1.0104126583563555,-0.8609021074114501,-0.6380670209673477,-0.5315553391820924,-0.3890237958737157,-0.2985243804942605,-0.2051796024343735,-0.1019533949836277
logarithmic,1.6652751608211211,1.5069047590705436,1.3188485131352097,1.1684565175520256,1.091543801217251,0.9637735010333748,0.8791354124844707,0.8297448113142185,0.7463587606833041,0.6836568007830384
logarithmic,1.7774632477691483,1.7874894563204018,1.7982868833463912,1.8096864021499612,1.8176099504782648,1.825409708567723,1.8347183145786796,1.8430914152687128,1.8505312408307035,1.8570563660988253
logarithmic,-0.6770366464863924,-0.9741630749115704,-1.2436678158942536,-1.4892161150243608,-1.6867722488251828,-1.8587154298410509,-2.04989051452103,-2.1202265535442453,-2.286964644083476,-2.370106389296138
logarithmic,-0.1599959954203038,-0.2164074007496441,-0.2610534214683375,-0.3108253099472592,-0.3468807361949734,-0.3857869107317974,-0.4189348114871583,-0.4466670472377114,-0.4765465244418479,-0.5063711913418192
logarithmic,-0.6011107835394361,-0.2778580265167257,-0.0110631094467309,0.1943078384261375,0.391143444529244,0.578007208363852,0.7525672938999719,0.9140624228373996,1.0370735793660315,1.184009417892478
logarithmic,-1.0296555369489406,-1.1978530812583972,-1.3600411341931076,-1.5222907055501411,-1.630829959291746,-1.763947882830378,-1.8194487111574311,-1.9119538556697595,-1.9876198313328823,-2.0948076300477605
logarithmic,0.0692410496088983,-0.112191828132607,-0.2527027349450462,-0.3790586254806691,-0.5169132474991263,-0.633379040429898,-0.766190816571541,-0.8379761595323469,-0.9381865361180058,-1.0584318051546566
logarithmic,1.696371673273492,1.903436228945568,2.0551213798952923,2.1909468588432066,2.3514548701548934,2.444250477682917,2.565480003146594,2.69746278771318,2.797348675573057,2.9064403928618696
logarithmic,-0.1286690176285342,-0.2089639374362243,-0.2964796138831319,-0.3350475572663861,-0.3884947324911486,-0.4425679448110242,-0.5103305698217149,-0.5457671584041626,-0.5869515513845256,-0.6298850662407555
logarithmic,2.242717886393981,2.460514036490524,2.6764622930729254,2.813698999908474,3.007371134369598,3.1595620754296845,3.3100555005749484,3.393935033269798,3.485848921997886,3.5253938175066013
logarithmic,1.3599795648993127,0.6969106749530701,0.3598841635244511,-0.0199276259917338,-0.2468623581081951,-0.535233135076577,-0.709753577072017,-0.8335548707971279,-1.066452369885386,-1.171140181473906
logarithmic,-0.2504685491153782,-0.620204999773453,-0.928937248793554,-1.2493158065911556,-1.500771412697474,-1.7019549112757986,-1.90554864894792,-2.104871590574113,-2.231580074768143,-2.354052197165119
logarithmic,0.2872379093166837,0.36659042406184,0.4835627154440354,0.5624862765041431,0.6238890322553613,0.6855745516255616,0.7281558649834338,0.829405456560004,0.8339747929466876,0.8488554284549427
logarithmic,-1.443820707679868,-1.6545832404961058,-1.8035514353939976,-1.8874161986801516,-1.987126640206629,-2.0506124536679207,-2.142730568311617,-2.205631486207355,-2.2337839611946366,-2.297231183143289
logarithmic,-5.345163543785961,-2.503136375990884,-1.5708231022107193,-1.0789941917867292,-0.2912286246560726,0.3307466282875393,0.0584766721236245,0.7304136212738179,0.6899172040654675,1.1208791646083922
logarithmic,1.9353091174946384,2.117219031883568,2.305576472972368,2.4472145958084486,2.587748836400752,2.710404889143684,2.857795668713124,2.952055815539099,3.0333300166463824,3.1628241674117668
logarithmic,1.873899578544272,1.9631299496785228,2.0453125617265573,2.124290453124856,2.2065727910300628,2.2720978193466883,2.3430067222617774,2.4045414208353604,2.4615037208495423,2.5236766439754863
sine,-2.627984566033855,-2.6372727085093417,-2.564295053442321,-2.450013587344706,-2.279548568199588,-2.143594157311842,-2.054857576264865,-2.063427463209099,-2.1386047063687914,-2.285429369521607
sine,0.0363274582069915,-0.0454939260618899,-0.1558180715203876,-0.7750139756664763,-1.0339628080482322,-1.63509402503486,-2.1299921127722925,-2.703883076931092,-3.2367867445037444,-3.650244727461314
sine,-3.966526089277054,-4.128891122763623,-4.055123747217313,-3.54902518232392,-2.6704721257391366,-1.921045929354392,-1.0773992966803911,-0.4355351465274819,-0.1719875332309773,-0.4038747589645964
sine,-3.935213289518549,-4.7871619801059655,-5.403363493802262,-4.863109187381238,-4.17030449680728,-3.2458747142909967,-1.827277720943398,-0.8500553083107278,-0.4285504415993703,-0.4621540308311661
sine,1.583182014716533,1.5004098800818355,2.720061253507504,3.3815593323046507,2.5519729475178425,1.396116111217362,1.6474127535788394,2.917281585799169,3.324896953866049,2.181787308951433
sine,-3.5997277150595,-3.531532415367112,-3.319333203958589,-3.084224789519664,-2.802196664251273,-2.4587120378560807,-2.176268271492686,-1.873667787593145,-1.6189794246966025,-1.4422950521336575
sine,2.700276321311969,3.714579730213939,3.595189313637334,2.77968138726998,1.4209656784456317,-0.2149543524618855,-1.3644476188985777,-1.988548876944912,-1.102380143049069,-0.3396395371220917
sine,-0.4995769747991718,-0.479636652627409,-0.4418407368777276,-0.418544264871719,-0.3782084910498379,-0.3515582670736804,-0.3109224604934826,-0.2759258140388088,-0.2349264371184359,-0.2085363196907631
sine,-2.767739656862472,-1.4883499858012987,-0.6349753951843934,-0.4286181954962152,-1.5025203065219976,-2.691117189559181,-3.5133645256572272,-3.3642094199606203,-2.409281374432957,-1.0507684249478946
sine,2.668659685462751,1.3903611119014418,0.7756140278080986,0.941392456304797,2.003569586612949,3.2601332668316125,4.0137651944202775,4.196911085883729,3.2247016656694245,1.928465606161613
sine,3.733106153587969,3.629860732302688,3.589953860715375,3.5033254483479856,3.349618711169886,3.171992757811207,2.9343936815101435,2.762865381147327,2.5543133458579863,2.222625509066413
sine,3.5673517500993936,3.5389280139908017,2.130866990680755,0.8222160618502502,0.5922031392619872,1.7538292309924493,3.3471332166407577,3.773882453153625,2.858602425347068,1.3909146154780383
sine,-0.4928686987490862,-0.4897789993337291,-0.3301985984287358,-0.2330870624154012,-0.1759819627290158,0.0121093780460953,0.0975539114360125,0.1926310151401581,0.3566178069104301,0.4440175470639355
sine,2.1480805927311306,1.9360452881685968,1.7997684996460883,1.8209763835555484,1.9702844610916512,2.1851952146248017,2.3706952537025634,2.3903983501156323,2.2546075348086685,2.036680126504683
sine,1.7162348434086816,3.523012974432882,4.71786820644752,3.808491443374906,1.969223718100471,0.2681396925473185,0.2333704919569856,1.8533732323509733,3.503086335380549,4.466138904392986
sine,-1.0398166425129007,0.4258480813069242,1.6221616431462649,1.594136580717313,0.3525360863566282,-1.1426746445287226,-1.872960891286853,-1.1993617297547354,0.2859371610617173,1.6225841262969627
sine,-0.9186886845016594,-3.39261191454408,-2.177199278689816,0.6049774387920988,1.2958106328955277,-1.149218730482933,-3.410410994816909,-2.151982355070707,0.7586276582311686,1.1329098697184918
sine,1.0248680421682104,-0.5260455432114177,-2.049413182891613,-2.608809815853845,-1.7465992630917595,-0.081605355355305,1.2181924381225704,1.5682694853494306,0.5372196881222977,-1.0420192311838627
sine,-4.512508428614278,-4.209589806491218,-3.6920988990019934,-2.822109343861222,-2.1113124649478867,-1.7054330515922276,-1.4748902924338754,-1.5386330754807784,-1.7320444077576578,-2.3800578368754173
sine,0.8208008059164233,0.2784373238264855,-1.0225773769729678,-1.3779924663479066,-0.3275901363858537,0.7892725921471181,0.5414134984414464,-0.7464058559427055,-1.4569425026764642,-0.7160902404820835
sine,-0.5481606206915626,-0.3219499781463307,-0.5197918349258354,-0.8654561244245164,-0.8083221390534843,-0.4495169848818692,-0.3085270330102675,-0.6174986823455156,-0.9464808970777524,-0.7374313226229838
sine,2.721115268789445,2.442404558031172,1.7837148255817787,0.7358872681841447,-0.008484033070221,-0.7218209878687882,-0.8348477643807904,-0.7642318869291788,-0.2371728620275953,0.6244925172479956
sine,-0.4845876169560041,0.0419300366262158,-1.4488051713350325,-3.29219163133286,-3.6067246623781335,-1.6138513598927842,0.3643118028028743,-0.646117048561599,-2.835814033513412,-4.251777623662143
sine,-0.6152344203928249,-0.6312912916653746,-0.6571345908186792,-0.6969752928087737,-0.7450157379926468,-0.7974817380637189,-0.8475622788644097,-0.9171991250551844,-0.9593598161342356,-1.0230969742767535
sine,0.1399596656861494,0.0803445473533209,0.4095283012982388,1.039971610147375,1.5423246765672376,2.0571866570641,2.153538232063491,2.0862572854732613,1.5725141709598034,0.9502017277253878
sine,-3.0111024422005674,-2.6877939951742675,-2.7914691683774038,-3.1435281735093588,-3.2518798989807878,-2.969287399276576,-2.693121065629532,-2.8389728040656768,-3.17664205299626,-3.2559381659338755
sine,-3.3621394039761574,-2.833316107479864,-1.3571126422096005,-0.0461615743260716,0.0461796098875094,-1.198218257509348,-2.7171054268983164,-3.359766135353824,-2.569884496527114,-0.926802512977193
sine,-1.8432712087947816,-2.047780907777746,-1.8035743032684368,-1.4792191030542536,-1.4681617504093467,-1.8090740079028491,-2.051977251731194,-1.8703445152154985,-1.5119864427583982,-1.477118758962146
sine,1.297858667550587,1.2188947888833526,0.8336324230465921,-0.0957145743927308,-1.0469092872019277,-1.9686123485685303,-3.0257179243183763,-3.795696173979737,-4.150677590741792,-4.339262984497369
sine,0.2731391746137037,0.5088027689270633,-1.3998768969050026,-3.3563186353519296,-2.2974316409972118,-0.15326420436145,0.604009967019402,-1.1280264183318622,-2.915670396613143,-2.7061395922958904
sine,-0.404782417436079,-0.8839038437025217,-1.295251930364698,-1.501238440422461,-1.347575303572204,-0.9648611255594598,-0.4697762090485856,-0.1092029277459747,-0.0177813993658774,-0.2496184929478266
sine,-1.8667705526783651,-2.318891783425248,-0.1817698783757567,1.2729627989869732,0.2756378368837499,-1.894642558583334,-2.2725388010440524,-0.3259778905781124,1.2428341501875142,0.3666848646228627
sine,1.0698202856494443,1.4570716959408836,1.5326573086406152,1.2867416813646806,0.8476709749276734,0.3011679300663029,-0.0317998123179119,-0.0681151540946764,0.1303324634671638,0.5166864126610597
sine,-0.8195220269133647,-3.3672381181328213,-1.8401137143011344,1.6474845459766825,1.6254523479393397,-1.5616621548094065,-3.2607109211215524,-0.7563794964146173,2.011026729239283,1.0810905667136363
sine,-0.414735576187522,-0.3706915110524482,-0.269157005873594,-0.1624248175717781,-0.0115323801792749,0.1101482516861347,0.2558325074502426,0.3974743304260781,0.5395819797372652,0.6601095692677105
sine,1.0580070396393086,-0.5946889291987232,-2.2805013243760905,-2.8216931572870387,-1.935545971962926,0.0038633158900856,1.2899178031958964,1.302240732323405,-0.2003940643597732,-1.824399616699495
sine,-2.2525823008851025,-2.6704850327826555,-3.3010725817664284,-3.56704674471153,-3.100621475639233,-2.470976583780141,-2.3060798799030158,-2.878432259773527,-3.5496209983793867,-3.519723106498142
sine,1.6965368586145473,1.673848877238184,1.5745907151095495,1.4810078210660231,1.406038007650661,1.3456610750135978,1.2457987801634207,1.219104425531681,1.1634268449279388,1.1328748359805094
sine,3.201526315620755,3.821735606377089,3.696847731593125,3.1518151038113382,2.324768279306143,1.4476402711988476,0.8395893493492035,0.7719524224873876,1.3433949637149982,2.2413156772230827
sine,0.7219722812851798,2.054062821262127,3.5538178569121115,3.402151068196896,1.968114459840766,0.8500502772036903,1.4176362331779702,3.117774866934877,3.801719072495647,2.5908504989114225
sine,3.134484847555989,3.267119366155599,1.5992262500569874,-0.2731218854959474,-0.5369117177485382,1.003936871992235,2.9787580175262933,3.4097436386157534,1.989225038168028,0.0199976346146053
sine,-1.7579471790779173,-1.6948586432737518,-1.4760338460525086,-1.36520897040434,-1.1799753518472862,-0.9144925560859842,-0.6806088616083164,-0.6012873850935829,-0.5258487119436943,-0.4149217615049466
sine,-2.4730085870106637,-2.145285745529512,-1.7413892718023385,-1.4025680273401293,-1.1523686724454614,-0.7661730406847818,-0.6581581545817409,-0.440220396822274,-0.2331363153008297,-0.1077794159410552
sine,-2.110127772316805,-2.554569246627664,-2.8092029472024134,-2.804648854497593,-2.46919677548262,-2.058322333881712,-1.3702364264880278,-0.966639462530786,-0.939236594739852,-1.2381064092122998
sine,1.4034018566147768,1.3197267431759256,1.2499597481189089,1.10683185373863,0.9457774896917714,0.7326091147343398,0.5457769918179775,0.356949395192451,0.1974306216860838,0.0571596738841982
sine,-1.97022663198333,-0.4141164276043497,-1.6337448901226843,-3.7308484148429497,-3.560228250520909,-1.314283122679122,-0.4695820738382983,-2.239482547309631,-4.006324385267555,-3.0865587312087284
sine,-0.68446323971684,-0.7395777826750273,-0.8031559983245405,-0.8592476947598675,-0.9128101201653248,-0.9654702097545984,-0.9979602692187172,-1.0333652695130922,-1.070330120368738,-1.089799198058152
sine,-1.15857219962659,-1.5801035796559229,-2.094455404026245,-2.6210756358518927,-3.127111991226529,-3.63351729642078,-4.05277068034799,-4.3941116021007405,-4.649401422271203,-4.71838728890499
sine,-0.4356687315082662,-1.8531502380021063,-0.6035834989936115,1.2930647633160866,1.057814299504241,-0.8898283624374022,-1.7721533753950287,-0.0377018001865097,1.47963922011171,0.6235795457329718
sine,2.0751199142544725,1.2900789581353516,0.4378252857387096,0.4257197082501363,1.2536647492867503,2.0382221757212133,1.889598716338027,0.9238049229065992,0.2746026728148163,0.6910937974095072
sine,-0.2104997416681192,0.5875264729684972,1.4866410080027872,2.2168347772165307,2.266690422014705,1.5048514143520153,0.5356281199305243,-0.1130046837475958,-0.1345643154189525,0.718811674621064
sine,-1.2263801556657912,0.0564856680894817,1.332781899948498,1.4218561453097325,0.3841816759209033,-0.837162898615632,-1.3176796540925897,-0.548380174228405,0.6666692201390126,1.4760298261145817
sine,1.937059977823187,1.9301559119809688,1.9064120399679632,1.808426252563076,1.6574975946275994,1.5132894845948364,1.324430503811315,1.2211267910158858,1.1412078936136296,1.0470914602364985
sine,-2.6114114523282965,-2.416804576618683,-1.9455088221384025,-1.8804065911382088,-2.2154179905284583,-2.611184785097475,-2.602120490139004,-2.225773646822886,-1.8646125568044345,-1.9654090028683349
sine,2.7206336640541884,2.3450467217035404,2.157750758374643,2.3312073857278186,2.700287512930319,3.1694978062878008,3.58320648267171,3.784046172419274,3.6409159767260655,3.315727378690512
sine,-0.2995772758336397,-0.3234322775988308,-0.0374932671198692,0.3006258606104147,0.3375713747485675,0.082277867632487,-0.2624277232259649,-0.3577857535914893,-0.0934614515017763,0.2507334871970518
sine,3.1533233170375605,2.5581172941763954,2.0121593419100523,1.9610888906221156,2.3638452806194867,2.9840887108552714,3.2120900015643588,2.7955497017127526,2.266360139571716,1.8388489587584012
sine,-3.023715428041597,-3.5894699493634,-3.654838480696776,-3.227275533667476,-2.569799144556186,-2.0874917183342907,-2.191548120211163,-2.630135253915872,-3.279793392313444,-3.6601812893687686
sine,-1.1138705483748923,-1.434023146001776,-1.005967321039105,-0.3688345306538863,0.5090319104249952,1.2431588638434856,1.6181710664533229,1.5243508832835526,1.0725382704487323,0.0079357598446528
sine,-3.842587216335308,-2.390243754108004,-0.4963356738035704,0.7522098034764503,0.46019838846738,-0.9610248932290107,-2.704446261497747,-3.906135168344639,-3.790477913596604,-2.4510618364723475
sine,4.396934092092341,4.340757041367173,4.144093291215137,3.8953745862437006,3.7728788561980378,3.3980375914216574,3.1217459835134536,2.715971846756829,2.478609757376826,2.135421779187164
sine,-3.21199247077807,-2.513164201232242,-1.8388078478232408,-1.7344854842021216,-2.1554706494986777,-2.9157791388484853,-3.2903818974835475,-3.298823713665361,-2.569983661024052,-2.000378977496772
sine,0.4002204654264373,0.80786643118037,0.8205769478946233,0.2648254196061195,-0.4643105254930387,-1.0725701920108026,-1.3404382409055815,-1.1271962911386035,-0.4248018866112873,0.3110108672636114
sine,-1.4009638887870728,-2.3994164792692234,-3.094721472085212,-2.358175686572828,-1.0137368143525844,0.068411997825218,0.5536081699307338,0.3483911089743284,-0.6769073961921463,-2.0975075714919265
sine,-0.6118477205246823,0.2167688369212008,0.5708974997834112,0.4835757728835795,-0.0181533828640705,-0.9025498397168544,-1.585059258807376,-2.069389981168523,-2.0625940514599685,-1.679038935667841
sine,-2.384885377239233,-3.0051611223372743,-3.532843779457761,-3.671672971784853,-3.2854924678591364,-2.709128095250533,-2.131473602936166,-1.549637635607517,-1.347680267691029,-1.3850644414930675
sine,-0.9079273699218444,-0.6236547635973998,-0.5097604370981554,-0.6073111678108365,-0.8021101828015833,-1.0606435290834837,-1.079732153704108,-0.9134207905938448,-0.6451144156663904,-0.5183879504230434
sine,-3.925255119033989,-2.723740528680821,-1.406181057513512,-0.865624844312074,-1.6863401961618236,-2.968000396044646,-4.150953811279081,-4.252680565974974,-3.2752283204678974,-1.8111327245269733
sine,-0.3468353383493795,-0.997207577659977,-0.4581654811462959,0.50272723721795,0.546053366975055,-0.3905519091404356,-1.11658766104296,-0.3650527160805659,0.507739859700529,0.49552825307987
sine,0.8192003514169841,0.7931682039355608,1.368527814033944,1.693420167022043,1.286023639331905,0.7195477518845319,0.8710728100386544,1.4710660349205316,1.659008138114055,1.1270418079078472
sine,2.406140871577465,1.4127437480737908,-0.8654636659676926,-1.4431456919810055,0.668433630644173,2.548764569918322,1.7048023332321631,-0.9178767987790124,-1.3396605179503034,0.4700720097667518
sine,-1.131971512192024,-1.8941960040318837,-3.528945501931834,-4.293449827917375,-3.582046684472045,-2.0382424664393093,-1.1648638006221672,-1.7478289433283465,-3.2595552435618864,-4.365646761354438
sine,2.3160001293579917,2.466280749608176,2.57244337388083,2.637785648490687,2.5199705771278578,2.3379406376718257,2.1740208152229807,2.0100117212074187,1.8492477519753872,1.755508817562808
sine,-2.812479766129174,-3.882137701225554,-3.9114879526883217,-3.169206654173101,-1.7939780135990542,-0.464132667925872,0.4280029271771961,0.6187837668792979,-0.2289570758666351,-1.5467226018799356
sine,0.5653444970411219,0.762211971105176,1.033431945674247,1.4359275064576809,1.846169695315346,2.13108524153915,2.6987054781655067,2.9263530783272818,3.4728474194194043,3.774371051761922
sine,-2.601396409730991,-2.451488454644577,-2.286920108454256,-2.0644170771155617,-1.8183286893718027,-1.5902942481967577,-1.3281187284990112,-1.0045327776166348,-0.7649986777792461,-0.577174081868663
sine,3.738131723148,3.4918349111210736,3.24551354500874,3.0565966130627964,2.806985233107138,2.326788511218825,2.184916491360919,1.9530482934143032,1.8378078642048552,1.5458010068846684
sine,-2.875584212628834,-2.233561032839904,-1.6895715457480345,-1.548943549299419,-1.994839433365471,-2.703219319500397,-3.046515712344993,-2.83852246789806,-2.1665641778819635,-1.6293790948920914
sine,0.5442229738236782,0.3505629389009309,0.2560487420815271,0.3352794317989974,0.5039137784749428,0.7250983079451016,0.8405773762051216,0.8377326283638022,0.7025899339371189,0.4848084019849519
sine,-1.104530654683894,-0.9065026992613098,-0.7782491059835877,-0.6811154630132455,-0.4959902081646452,-0.4213121510866587,-0.2623371061140125,-0.2172486848353424,-0.1768632145026845,-0.0648725323605745
sine,-3.19793041237508,-3.529285476883791,-1.558872554370062,0.4680283325443221,0.8696534917004636,-1.4838424089118196,-3.749789538287454,-2.94371190293984,-0.7011071165618405,1.204442766525811
sine,0.2097242664425607,0.9332925070236936,1.866035203927251,2.850606693175063,3.789703870026059,4.539102188429067,4.94918131475542,5.05713815247248,4.65610183194736,3.9391270457501744
sine,-3.399759561180317,-3.4320258093717912,-2.9246014390797987,-2.826086202046389,-2.172424386808184,-1.849103587046839,-1.313285310736487,-0.8512762189658101,-0.41433200928391,0.0288924052170058
sine,0.9336961833496766,-0.7101982516483966,0.7207867680424026,3.2717586336548865,2.850618398617132,0.2962787258459168,-0.7355924530460058,1.4605830919084073,3.4496155298054543,2.418109066765839
sine,-3.087222032803136,-1.4129103372674698,-0.4828402601626649,-0.7178262456723561,-2.28477218835092,-4.042224618530368,-5.152166448082281,-5.266087382509261,-3.995802056630405,-2.136856796597661
sine,-2.437697929166279,-2.294733861997751,-2.1030105310570675,-1.9731844975088968,-1.8270049739398757,-1.6344349042435111,-1.5156889458328402,-1.3730063888485164,-1.229818112795929,-1.1405522550024545
sine,-0.6655096426786787,-1.0836365743571723,-1.261249222874548,-1.2263596159790886,-0.8403218735337076,-0.4243714999805339,0.0634961021359056,0.3401753634204078,0.4578958383422188,0.1213329338334516
sine,0.679293621443766,2.500617363842668,3.69155896106402,3.4210048444522445,1.9037957773746848,0.1661294989306339,-0.4809107208488803,0.2624154835310353,2.139102335348425,3.5280870627954037
sine,-2.377349188126331,-2.691206429939439,-2.902767533066074,-2.3056542282574783,-2.2427724601082533,-1.5647655489016692,-1.002756190888875,-0.1135619198851055,0.4436064154056878,1.024398954520493
sine,-2.4818893753277447,-2.885681457584928,-3.176998185603106,-3.200998002081897,-2.734891382357058,-2.417244888735269,-2.3233055577300155,-2.598389956635513,-3.024796487845432,-3.246757206575267
sine,1.3707989232576647,-0.5665554924964313,-2.5739606797942174,-2.7189607567612084,-0.6200133300191061,1.1589909563298035,0.6093545634390537,-1.78412392116781,-3.0220891690459517,-1.762578742885562
sine,-1.0236649361025731,-1.14862346639597,-1.3441020359777107,-1.4743931007184303,-1.588032011121764,-1.856803811843004,-1.9132719067373865,-2.0626141336297765,-2.184063330522039,-2.3711621653551958
sine,-1.0690880750240608,-1.3264164883747616,-2.510938323344829,-3.2406586714966816,-2.5425136692647192,-1.4354155162776343,-0.8291769561254891,-1.5562609766287467,-2.632295078542473,-3.2872171104475094
sine,0.7042566033812867,0.6458582850075927,0.373696962606847,-0.2743537760484341,-1.0089507894851553,-1.825572412044504,-3.026402569686345,-3.507988114674196,-4.205910299254086,-4.886856458130593
sine,-2.403204654250015,-2.107662741110579,-1.47526748584484,-1.0716468721207522,-1.14129932008238,-1.8082058260835017,-2.252129199528077,-2.4405768056348447,-1.8572487437535457,-1.350759574988213
sine,-2.142947135033176,-2.347821430342217,-2.648189524486982,-2.70354594213258,-2.530219400958096,-2.246946725031373,-2.1268547635380117,-2.2819379427480224,-2.5613891086505918,-2.7270764924269844
sine,1.693865218136798,2.884816546402559,3.196617689638221,2.4263591133948967,1.448361352333022,0.3104257949278693,-0.293515450251414,0.3116218078048624,1.578762648496956,2.883476724896464
sine,-0.736891005357817,0.2084352778061983,-0.9012972237378531,-2.745846956207433,-2.790573812891481,-1.3080666186472092,0.0851733271774234,-0.3054254818694505,-2.030412333228517,-2.9824479419703374
sine,-4.480000045439805,-5.219090208433691,-5.431312202440608,-4.540375364447375,-4.162718051666475,-3.611129915174323,-2.5392106495736297,-1.6097606700430744,-1.100229842056067,-0.6895454598626636
sine,1.452801982324476,-0.6888230794036048,-1.6966842948439755,-1.4917173841195794,0.1490801771927729,2.294379989748096,3.020072531851317,2.2341949238601937,0.2958962235250024,-1.476434043877963
sine,1.815437858079542,1.3823802394013909,0.876025561727134,0.7298836204836077,1.007854885463204,1.5120450526000992,1.892172937518281,1.9197603189133647,1.5435460082254464,1.0192551341080602
sine,1.1895711998814062,1.0763111616173158,1.2110731464888207,1.3655136674888204,1.633400035458746,1.812813912683949,1.9285016496462413,1.9188803244693349,1.6995856171916417,1.4739119856332228
sine,-1.2368264235315878,-0.5909116514230884,1.3728934059864148,2.9340967211351803,1.8164923118448624,-0.1805845385084675,-1.2860653226796954,-0.0813452557868068,2.059695396571365,2.813199701254712
sine,-3.72817200830422,-3.567360321164374,-2.896599559070004,-2.0522775849102137,-1.2149880974830314,-0.14723061932149,0.5222724844689863,0.9228436577450568,0.8233976963457,0.3983240293747682
sine,2.6948812191598805,2.9058427301950904,3.1585122052489414,3.298702821329632,3.1533542563419994,2.8972864918348016,2.694745583714935,2.756766820529241,2.964894595273544,3.226273908403392
sine,-3.3815310143779245,-3.873043673050673,-1.9176670313661115,-0.3598674797852071,-0.93186170034348,-3.250241591658816,-3.9800875871063472,-2.4061411178009324,-0.2438030997005528,-0.5021568028625821
sine,-0.8906602848421087,-0.3637218720809029,-1.8829422622565395,-3.6517127993374143,-3.345008918855066,-1.3201468700424568,-0.3845503806300918,-1.3123081150346043,-3.339712587146165,-3.726008580352542
sine,3.462411565070702,2.1187963876953,1.3105591556147584,1.7519965163361952,2.9598497698599564,4.080116184358323,3.9973643115759376,2.7866008499132557,1.5965133519327073,1.3219764023572296
sine,2.990663422928076,3.051617416120997,3.0873902073929504,2.9996578602691804,2.809176198042869,2.522450899418448,2.2590520474963194,2.0186817225912024,1.7694806363672633,1.5453304725214996
sine,1.4417246295989703,1.9453769010804516,1.9788415267804949,1.8829627835778808,1.4733456025346894,0.8801642541852355,0.3709583684028009,0.0884759472286499,-0.0708106090307378,0.3278212034888049
sine,-4.9295292828625525,-5.425357143489909,-5.447210635068476,-5.410968027613242,-4.503980485113261,-3.935888003378733,-2.289567269708913,-1.5042389893566557,-0.6290620162776446,-0.2002667820062087
sine,-0.7254347324783,-0.780614652280189,-0.910976115096496,-1.0755648012007342,-1.1864455423858389,-1.3564030355132148,-1.5784642619306473,-1.8181211050907968,-2.002012435883401,-2.195217699129025
sine,-2.28614399670266,-1.8822945412880516,-0.9878962755255632,-0.3787334539364765,-0.4953084499832457,-1.0380231828059852,-1.9430161437044893,-2.2856236934248155,-1.91832601685719,-1.0731064056676214
sine,0.8838183014377409,1.4711703720876206,1.3340861680608005,0.5062788404210071,-0.5041521325225666,-1.64209189235409,-1.5855420345059212,-0.9843228700811828,0.1833231583421843,1.0765969165367977
sine,2.427108380179086,0.9693339657592072,-0.8650778994761507,-1.3819465318201871,-0.3088551795688797,1.715774734861638,2.498884058821876,1.5206076304130558,-0.3763535311764693,-1.1080876820553394
sine,2.089279437766717,2.0715712705144007,2.1586212786350454,2.234952157616952,2.362994197461475,2.557526488128144,2.681562266065036,2.7257653225732152,2.6684457225160703,2.641570796989399
sine,0.8531846192112342,0.6870544843003203,0.3732352770435637,0.0358417502166461,-0.2142693979854614,-0.6420390373191985,-0.8397044648279142,-1.1568189267470668,-1.344685296443818,-1.4941285486793756
sine,0.0188642066674746,-0.1305884156924521,-0.8322858871066977,-1.0298569717797634,-0.418145126559123,0.0767661349344686,-0.2910213367361248,-0.9417872985147436,-0.9711336345378122,-0.2936819276632458
sine,-2.0065623257713465,-2.0262500330200237,-2.1246028283583525,-2.20001137903394,-2.3132467973837683,-2.401186562972819,-2.5435712911737896,-2.614994318650323,-2.617969748497964,-2.607934333082039
sine,1.7238924332982453,2.382720898798909,2.735877169095667,2.9998591041017786,2.7951720341000725,2.2699021099948213,1.7510869857417226,1.5534741827872218,1.7097974164530174,2.172227092223456
sine,1.029844603144877,0.9988118739430536,0.9768737569169044,0.921634176462352,0.9101387321852586,0.864517464219327,0.8465613282609579,0.8122728021861222,0.772493606893503,0.746093618607428
sine,0.9019402161045478,0.9624926317672128,0.8163327940987579,0.5166349995561166,0.0471689650981694,-0.430653283727471,-0.8501021692979734,-1.1210605946896095,-1.0889869101849368,-0.9473498130578052
sine,0.143162358091514,-0.5004042841253268,-0.9107980128093764,-0.8067456479188136,-0.2962307692643781,0.3266032262143996,0.5374349899699056,0.146933505154934,-0.4499006431471913,-0.8097192965606266
sine,1.4316210553763502,1.2643595450715073,1.0394311267832237,0.6819158796086991,0.3878617078325421,0.0517720095324825,-0.2660426988406779,-0.5835194931527116,-0.8640693933748829,-1.072375223545586
sine,-0.6258974621752597,-0.6391271900754757,-1.129528121703473,-1.4316361063923908,-1.0953008015767571,-0.5877909260467753,-0.6921062384198842,-1.187538521006954,-1.4022073856484496,-1.0326901295553794
sine,-3.160597587559746,-3.453956130683086,-3.1174865349366234,-2.6847509676901984,-2.588245916009514,-3.032909241232132,-3.458089145591777,-3.256268909952087,-2.7877974200335776,-2.54134546458186
sine,-2.951880411793655,-2.7210605794640177,-2.337806890854926,-2.0645853958905085,-2.1799499894867957,-2.6043939883043685,-2.94292972888182,-2.887628188308608,-2.4927667283221413,-2.161310317907971
sine,-1.627820735511751,-1.350325448159379,-1.121937497822356,-0.8438137163451369,-0.576927073478422,-0.3929681738681447,-0.1506421084482419,-0.0202576869137479,0.0499316127198237,0.0906644916223649
sine,2.5624422202266888,2.4809351928057937,2.7341028116175625,3.0197269246356075,3.0262493363904603,2.7325363038706625,2.486844930564999,2.556691730493421,2.874043542585838,3.069227298535209
sine,-1.5246803746659645,-1.4330434784890853,-1.5516248569976143,-1.9469599543713685,-2.4928133034113555,-2.9856860697612917,-3.456966495828251,-3.752334934847812,-3.574176996721138,-3.202800651104119
sine,-1.2041499738470662,-0.7969952595363837,-0.6403276955103235,-1.368844522533261,-1.998667492075356,-2.5213881508762035,-2.850092920254968,-2.4822051137586763,-1.8241420004288635,-0.9504339246664608
sine,0.791834171842455,0.5313290273607328,0.2686859351663201,0.3085292034506886,0.4948347971353513,0.8550271587850693,1.2080529093915695,1.441792834810202,1.53356642968181,1.4042327684464602
sine,0.5884960584113614,1.8869362652285544,2.5655775006725823,3.033948810468332,2.5025290601203305,1.297493662975646,0.0381374436703225,-0.8829334439781015,-1.2893727825881234,-0.7967608690987018
sine,0.8236067873489634,1.2080434478852493,1.8258265360672088,2.602273130943976,3.354095293986567,3.9606469326628977,4.3780763642104885,4.293199845087651,3.9213300141011698,3.3155029197467445
sine,-2.261188057673737,-2.207046852868636,-2.2321943876108685,-2.2563390457022265,-2.300914291208643,-2.386616985951016,-2.4989876165538525,-2.6210045070101926,-2.709277862656075,-2.824446972001644
sine,3.2182360398884478,3.0297632226437883,2.616799533273926,1.6084314414560517,0.5703789785971141,-0.2991026913529543,-0.9212495687211846,-1.2119491227709012,-1.0920562294616527,-0.8008693347976493
sine,5.089474733397056,2.684019862445783,0.080330429873682,-0.4169031630873061,1.715621249813344,4.480233890219546,5.105617339976829,3.265942302842304,0.6953786271822624,-0.2659614986322876
sine,0.0110030790044704,0.2431906802479896,0.3129920046329238,0.2266962317168213,-0.0065323610743659,-0.2288839680681809,-0.2418387679907465,-0.0811861848828192,0.1477276913187017,0.3226386862238474
sine,-1.108833513211513,0.9687548631950492,3.348580303616903,4.475252152086336,3.153096601525181,0.8254452628960078,-1.0951350646837308,-1.5620011978434098,0.1913160733764732,2.710933913020273
sine,0.108516999299913,-0.974183779699485,-1.812782165458465,-1.715095036810853,-0.8787582807477773,0.2146467487672151,0.750842119547943,0.4115322873376794,-0.6416107155246299,-1.6159898128572376
sine,-0.3319291793701394,0.9296330878907154,3.702296049744508,4.208103998098067,3.959073035191605,1.8396555034301747,-0.4200641483240414,-0.092926213675068,1.4904041671260546,3.773939169170276
sine,3.3123375755370943,4.256150647988749,4.901860123567394,4.595776244253703,3.8341497539855447,2.8566165001105857,1.1549602098384455,-0.08978469145289,-0.1660771431122114,0.0740514316915265
sine,-3.616868140087864,-2.6148040049883923,0.2177720883042437,1.6081451464745349,-0.086437551228088,-2.3743836106955998,-3.943198509644159,-2.7962582543466814,-0.1074874860027278,1.4681977631523069
sine,3.08258011037417,3.761249366438413,1.2164733899119449,-0.3400625055716635,1.106680749658287,3.634035730473841,3.212227488072283,0.5871463091956516,-0.228358453644342,1.8300121473150297
sine,3.742867113296607,3.0515255731425386,1.3651379663594272,0.4470959011832352,0.780451925433413,2.200260721659697,3.6211033233573175,3.686808723726537,2.648429026562915,1.1716120285344207
sine,-1.456307651891258,-2.24184464429156,-3.815916169167302,-3.976357414335138,-2.956934288643768,-1.7352567371829066,-1.6437975652834491,-2.7324835770277667,-3.911766901028431,-4.0933925644711655
sine,0.2252237382418282,-1.4009129332860857,-0.0196900715877227,2.2087150296240554,2.8882207070443973,0.9073358062777336,-1.0231671959709534,-0.803557289253075,1.552413884749804,3.1056121311749028
sine,-1.3237021889734657,-1.4188277869497865,-0.4712023656684347,0.704657341276113,1.672352773022795,2.452531211214722,3.4691876883534407,3.843470949848328,3.740645033454477,2.904870256430018
sine,3.1981910801213727,2.7301803722984648,2.422392082988881,2.4865749297887034,2.878844821048789,3.329007301153326,3.518352355211717,3.3283246358892487,2.936346381553135,2.528785606887581
sine,-2.629795380827685,-2.5713129159009607,-2.494223694134773,-2.4347653101512248,-2.3334049036357065,-2.236653350096281,-2.1289347827262057,-2.0578529836295814,-2.028957160539026,-1.99410501325653
sine,-2.671644956777524,-2.4808482589598158,-2.3380115600040345,-2.2798099730553982,-2.04274088529189,-1.8315617775117925,-1.7126966335689549,-1.5181463854917567,-1.2882727110250511,-1.1001430526712
sine,0.1692227019214983,-1.3745804003446207,0.0514741575810042,3.003035382194055,3.2569182543015978,0.8138621570061899,-1.3952946038620453,-0.1082095149071647,2.772704151940286,3.416600217020368
sine,-2.5338778798006647,-2.381584467714891,-2.041701599872677,-1.614000789062232,-1.1886227022017264,-0.8853866008891322,-0.74445289467881,-0.831589059915344,-1.0720409914647764,-1.4728026633786675
sine,-4.033041493948833,-4.730462212059809,-1.8389186310453256,0.1625792629283992,-1.5191538203423127,-4.399902150170817,-4.356233407733703,-1.376343114726487,-0.0338559761145741,-1.9463577496294109
sine,-2.211385496197732,-2.235564237295673,-2.2828558587719563,-1.8351809685641225,-1.3421373893191084,-0.7463500820933064,-0.0121116137986758,0.3639719052398881,0.9832675899899102,1.1536053537835107
sine,-1.992095974640018,-1.8290886810301328,-1.443932292567623,-1.158832540697173,-0.400310171853922,0.1557235959235017,1.1431575546281654,1.7099288513194972,2.3892035748690383,2.57748450403202
sine,0.87168388975097,2.609409408462861,3.264839968579792,2.840319727309369,1.2787983004899257,-0.606617999530973,-1.58820672440189,-1.456259487100674,-0.0596413427249528,1.6996077345661822
sine,-1.7866407826239197,-0.7525591109301659,1.3441719710493152,1.8069246783911608,0.5894995425824467,-1.660387868852212,-1.1625127508682018,1.157863906267366,2.146543132458142,0.8915810188431522
sine,2.055387907681482,2.491927193052993,2.925448373699058,3.1169136706925125,3.0132577376013354,2.6458873409900208,2.1780357365997074,1.8757559617964947,1.79534332835336,2.049101681209493
sine,0.9642230272959432,2.487914064444095,3.493482215010014,3.592109990477642,2.3903458177834973,0.7815698717131447,-0.5140999645157102,-0.9117030027490556,-0.221656282226609,1.2548457694718198
sine,1.0913242974529929,0.5384321313133009,0.0661493829573782,-0.3749152556642235,-0.3782015056024962,0.0157537932427056,0.6550125471361776,1.093145506530207,1.0220271392132916,0.6731831159242574
sine,0.1832680143024229,-0.1059008175891297,0.252967914929012,0.7993602325922683,0.9060821196568244,0.3893080871543958,-0.1212426358039434,0.0507879230958842,0.6548202143356677,0.9524483987569672
sine,1.5936925931095312,1.8424628189099972,2.215765785515498,2.5459578002139467,2.878000121520028,3.155028350012571,3.3573881538312103,3.442412648969512,3.4621073297676594,3.4911556954858027
sine,-1.8528291670944617,-0.9086115672027362,-1.2882551224211696,-3.367783297511974,-3.897110770457983,-2.6144710634133044,-1.03162919341369,-0.9071285673109114,-2.810107674741505,-4.181547506063268
sine,-2.9867896345952225,-3.840063791014887,-3.952145683673952,-3.4481211181683418,-2.6480160187377555,-1.6372215471479847,-0.8332492424856068,-0.1173850707335973,-0.3640322172539299,-0.91313451398683
sine,-0.769653905722684,-2.330403876160228,-3.172575622191512,-2.237200937160034,-0.3214558073377113,1.07903646432475,1.6050067523563931,0.9816607203870836,-0.9130762449712544,-2.1818154273250743
sine,-0.5694318130803926,-0.7713601864339565,-0.9975441213264756,-1.2047212084811367,-1.1006541603641382,-0.900240559561867,-0.6327378580500227,-0.654071842429586,-0.8672755219471896,-1.137172567247977
sine,-1.149396193769893,-0.6156773040486989,-0.0836316256935363,0.2186165585866289,-0.0648561813373632,-0.7144478853925743,-1.1935096884077692,-1.1770601090660198,-0.8362255990353913,-0.2153563720226795
sine,1.9951557408169829,1.8523354916729475,1.621171656859216,1.4363433315970202,1.2967501983880774,1.0797855029712038,1.006429663328582,0.80860424949477,0.7416891100590269,0.6446965574036265
sine,2.917714949653901,1.2025558387512194,-0.5205918773230783,-1.2493727553424725,-0.6008081941289448,0.8875654472415166,2.5219425352970086,3.771158665541003,3.646579521246226,2.712698177981026
sine,-1.1162192477468225,1.1920550547893118,4.072524788272954,4.407433521133779,1.607477675865311,-0.850285121755181,-0.6790884910969925,2.0935902566755127,4.471457051442075,3.837622534142454
sine,-2.004877203425516,-1.2315356626375498,-0.5197401807332326,-0.5684277227106282,-1.3335995760861654,-2.0661855983964146,-1.904412857317332,-1.147492021881828,-0.6305230164956163,-0.6891436325588591
sine,-2.4178667208112543,-2.2574958441008808,-1.9705660834644712,-1.741371774665014,-1.4579610512067185,-1.2668357556806114,-1.036892696425676,-0.8973106250283364,-0.6948578441269815,-0.6993394803054148
sine,-3.986347171818955,-4.931312426378356,-4.7224608844052,-4.977700346729937,-4.49339829994993,-3.870534048897284,-2.914793778744092,-1.9339683142892556,-1.3423014726500957,-0.5061015360526541
sine,0.5362614912785009,0.4558252564976736,0.2903914297035693,0.036085604924654,-0.1381517023073444,-0.5383926664477761,-0.8471257076122121,-1.310715239843956,-1.8301151252302843,-2.2473916706848347
sine,1.82851473159435,-0.2871308002760661,-1.6810321290464567,-2.0820484115091125,-0.727596055997343,1.5613886261021728,2.8125618227369995,2.616769936681334,0.7736690571910154,-1.2496922922053648
sine,-0.1333612054310681,0.8713102414254075,0.7273602647936238,-0.2872176487586675,-0.6928363556080865,0.2375395739564092,1.0024798387135978,0.5124517789231573,-0.54002128030309,-0.5333694790758922
sine,1.7922553580778473,2.203061897141229,2.750558717265014,3.117355370030639,3.0881639892004373,2.635068958807224,2.127587312804937,1.7071529763211528,1.8204006879231536,2.296616980366115
sine,-0.8437271190490155,-0.689780115704016,-0.4675659476799912,-0.2368719006531015,0.186588446830162,0.5030057658561762,0.7519977726790318,1.0071713248015093,1.3029034136132631,1.4664682841484853
sine,-0.0905889837709939,-0.472591624362931,1.824720193108551,4.608225800387105,4.9823027049340185,2.7806881768512213,-0.1478782760919048,-0.6582075740468811,1.682072353479338,4.483205037358378
sine,-1.06402296904119,-1.4846561299747612,-2.12041510006006,-2.330267658506174,-1.7727496505748848,-1.1676813198057148,-1.2008519313233117,-1.7478237057895112,-2.3251887792830384,-2.126578828321413
sine,3.588938724222971,2.5948212361334364,0.6745374874322566,-1.082574332014912,-0.8955360844649232,1.1108893938721232,3.00013170647165,3.5179165850530936,2.0642227228666203,-0.2581226515672326
sine,-0.960639108270275,-1.0485394528700218,-1.256620949418693,-1.4942820454345829,-1.6915602798553164,-1.8724410752925928,-2.068927612559791,-2.217962501595789,-2.369359493918384,-2.616842971088979
sine,0.1574998425629896,0.2214351975652917,0.3968985837208258,0.6058421058089986,0.8394449857991707,1.0433923476073417,1.0814565324747472,1.002527715641084,0.8629498791125242,0.6251209825127206
sine,-1.69874999172925,-1.533174053937136,-1.320514512262509,-1.049399431649287,-0.8807912126059686,-0.546004580109352,-0.190522906067634,0.2380706752718702,0.6400063161678324,0.8830791774858051
sine,1.806906968213413,1.4518964717498402,1.0891917425004172,0.994516318935013,1.3035887702745947,1.7400431753450756,2.245047855408589,2.413225003596717,2.310084568424078,1.9972937538265116
sine,1.2538099871194943,2.679897375684003,3.807488512968869,3.875084083867545,3.027823812172453,1.6514303597328814,0.5201794937699893,0.0428633898556434,0.8254762899727703,2.0764949461266204
sine,3.49648530502551,3.7027358713972434,3.411962491751999,2.8137368963002283,1.91654355618841,0.9899998892716017,0.6100244933191181,0.3653667836640276,0.5628667951506303,1.181357157701167
sine,0.1465529799658659,-0.2921798302043185,-0.8582583635391601,-1.1865787599573483,-1.1267715929729334,-0.6884664092949215,-0.1579708388420813,0.2368827627845865,0.1653210836958259,-0.2214823207244581
sine,1.3073448249323911,1.3198189195482228,1.2416501478201023,1.117173435395141,0.9660010813942984,0.8422387360568279,0.7394259304457977,0.7287834532181358,0.7783565323095962,0.9027061567885976
sine,-3.707005438790848,-3.0812633160975658,-2.228789779954501,-0.8800610721687275,0.0028361236548138,1.1706625200176817,1.765349018714232,1.9020404412958647,1.5570528537435373,0.7326511290290942
sine,-1.965501240476468,-0.0482269815569488,-1.3339918096186036,-4.040944386682002,-4.057318728227022,-1.2645703827652268,0.0377063338706619,-2.1559486502722174,-4.405443517723151,-3.509470739134052
sine,0.0524329311658365,0.4206746681802122,2.545017346002993,3.4117306422380094,1.238035923251242,-0.1313000113684403,0.7436583504477586,2.882409259482019,2.852329262528144,0.8763649624162474
sine,-0.012843526432007,0.0249551650853697,0.0876824602730317,0.1313305399260843,0.1798707393936316,0.2764669963347395,0.3254781607821035,0.3878189722650075,0.4187816150480464,0.4910051898822297
sine,-0.4904056256774446,-0.2065102714039738,2.7149886690625147,3.801689092259259,1.39630142510441,-0.868512024749972,0.5250470956229579,3.38368474712709,3.323524172902889,0.4483317151572918
sine,-4.049783993999317,-3.189116073964787,-2.006872600002072,-1.913875567865562,-3.0038494169140337,-3.928229678387735,-3.453826598363788,-2.249897157953431,-1.768875198275078,-2.843371026968424
sine,2.484185459074575,1.683307149444745,1.0329017272678749,1.086847367084476,1.9999247583672213,2.650966781100339,2.703369901872437,1.7821405261844128,1.1177256385303649,0.9843949862485454
sine,2.9110823088413205,3.3146308767998143,2.9830485720040083,2.4579440741939367,2.403446805031773,2.9649381267824717,3.3064963036585064,2.9697466211155588,2.449617918779821,2.374605831866462
sine,0.9872964722265812,1.4798661620166689,1.90618145575332,2.0187116727637973,1.896365467122978,1.3795709724246044,0.863127585815018,0.6907491300112981,0.8166223757024418,1.0877958016386922
sine,1.5196173060478926,1.5857526540834666,-0.4735808033700058,-1.9962099617369065,-1.265983059202362,0.9998784085838458,1.7942988297189244,0.3088974775829016,-1.7478854500221872,-1.6134613354390677
sine,-3.78375074363773,-3.241901005608633,-1.9035601248790457,-0.7622021609582537,-1.1325020900057734,-2.288383904205746,-3.6558275133461615,-3.612542598697648,-2.408685034176313,-1.103483635571971
sine,1.6075237715645534,1.8021137191104208,3.0187336209104543,3.4333081777378904,2.6421073116838456,1.6618919571547373,1.7815979285092671,2.936825997488858,3.4586150949708885,2.652488214627206
sine,-3.8548121853836887,-2.82709580055916,-1.2609053943417676,-0.1575315775899133,-0.3846968193716124,-1.3423260816511011,-2.882721822693335,-3.983040060767242,-3.871992347366835,-2.816173522095648
sine,0.4905154855698839,0.6348310254336517,0.745801434100748,0.9425823280142288,1.0753318484312306,1.2681076886088711,1.4783111533939115,1.6532299090481897,1.825662798330912,2.0810158756592174
sine,2.385882316120714,1.6004971979575648,-0.273259910378688,-1.7208409865415897,-1.511890995581454,0.1784813968790365,1.9611571933013885,2.35755184513084,0.9644493808811508,-0.9421795786547263
sine,-1.5024667995878072,-1.6321040608528914,-1.7366689505955415,-2.1094893220919118,-2.3013944030276146,-2.7505447851038487,-2.9152376127135367,-3.345041715456533,-3.461077658721316,-3.6008416096105496
sine,0.6853929508299494,0.5591483111794842,0.4998907605661407,0.3821691878844519,0.3177488291955141,0.1972464305984487,0.1081572579332189,-0.0027521857589232,-0.095237332987423,-0.2377513395466733
sine,-0.1799905193707518,0.072147309649295,0.1737539829405932,0.1661635743799569,-0.0070087442146702,-0.2744308474082127,-0.4054841349899507,-0.3279648773024015,-0.1458026205350163,0.0879228932161085
sine,-1.357258158740677,-0.2993409405638605,2.830972453749116,4.377035473080488,2.607252269903579,-0.3539200248526936,-1.2256094218397315,0.6934283056650157,3.667819033852596,4.353961900872545
sine,-3.741041639599281,-3.5093685407407125,-3.2565219459537498,-2.978084800638267,-2.5933667134724327,-2.367763229484773,-2.0544929476488165,-2.0236672388600723,-2.0246181569443444,-2.170657311869241
sine,-2.749940449993257,-4.230915355561316,-4.768042607583121,-4.16675131482341,-2.475496793965044,-1.1804505684807332,-0.7087504775367265,-1.3459656278830874,-2.863710542290222,-4.293808878342809
sine,-2.5824590614900877,-2.641271929580537,-2.7369589453041576,-2.812550867910823,-2.9071978905912927,-2.962746693541654,-2.9906417300158568,-2.998146713122936,-3.0164269614270367,-2.987895395353665
sine,-2.3017452078440512,-2.0609800483074405,-1.7678695320433206,-1.5283217401985056,-1.32072364628728,-0.7417674368060193,-0.4436848920270824,-0.0779896567966988,0.2078309278894616,0.6606672738282453
sine,1.5754757936487278,1.078037695877066,1.002320765444039,1.422207229218764,2.1554970052974016,2.83991518363509,3.169832281131129,3.043557304568758,2.487180546555103,1.801024932344598
sine,0.4662267700746429,-1.4734880186583852,-0.0786777851129106,2.627759390478321,2.5302132242468103,-0.1181110811570661,-1.5074837366703764,0.506913016658353,2.810706457621668,2.1159769182722696
sine,-1.7965448739108272,-1.9529125830293133,-1.826884676006415,-1.375332130720698,-0.7569090146477202,-0.2433278462856411,-0.0383761435778391,-0.3088987875584953,-0.7549962832293524,-1.3865689180897252
sine,0.1495695756976791,0.594246582591811,1.1532202946573265,1.2806465057225591,0.876649036339962,0.2828340697661197,0.1251240352888226,0.5053846286860425,1.072114617337015,1.3046149827142004
sine,-2.418576634934893,-1.6747287465822316,-1.302572299477901,-1.3879399948517517,-1.9802147204304203,-2.773785680609362,-3.4093611363254874,-3.4561403162373137,-3.1988786243726364,-2.478378176144687
sine,0.0918779356028217,-0.632006553850118,-1.7452504212717357,-2.7247128000560497,-3.7550944249335663,-4.515112494920297,-5.025028023323202,-5.229162198834157,-5.009334364540379,-4.407373159238692
sine,2.3981253605946207,2.410656674530397,2.749984337498653,2.983906102581236,2.801345547812631,2.4434336479750325,2.376462366955777,2.687463402135465,2.9543277318756456,2.8567015551918167
sine,2.299846710700055,2.33187076708518,2.3395654901130487,2.337707933995117,2.2361985609269883,2.1883105804971104,2.0389288886635257,1.977262867758374,1.8302253679380172,1.7847004103311817
sine,-0.8049071444084043,-2.6969299438595726,-3.8714662184356783,-3.307656866239064,-1.5563649931065209,0.1304918339508816,0.341727063386431,-0.8756917960031138,-2.872341368979051,-3.898183241751586
sine,-0.1391816125943518,2.131941796401876,0.4193745296837892,-2.3869741564850373,-2.590769244109807,0.3429728285358064,2.1692834497824838,0.5051366299984313,-2.414241180833427,-2.3920390406018788
sine,2.139454417236114,2.32269667563677,2.421603011749447,2.4005630082298888,2.2209750610016257,2.040485364981167,1.8843403225398057,1.835727924398355,1.92234104393429,2.141226504060584
sine,1.326035250020401,0.6326094755494169,0.1149294609814107,0.3701523648803939,0.9928898487756104,1.5467601417832584,1.4178599036058912,0.7229872992568125,0.175886894027349,0.1968313074979665
sine,4.263854404391471,5.424791790528023,5.186191124232761,3.6659562749609793,2.051734099210242,0.4598479564854374,0.1158735931042703,1.0336630463664285,2.902158190113658,4.590540320905762
sine,-3.255085709838539,-1.5830226246282613,0.5931116769279772,1.2781249987117775,-0.5745318549027693,-2.6619211291460823,-3.01025086649042,-1.2571576465953167,0.940897283165053,1.054297110189934
sine,-0.9393886637072928,-1.1643611789162998,-1.5337021971248452,-1.812647547627614,-2.102489276902017,-2.5155008047510314,-2.999101889598336,-3.2713767909822105,-3.520813565517908,-3.8912653251170073
sine,-4.174046517007556,-4.835438793565685,-5.096872813189667,-5.332969021259764,-4.338719272628843,-3.474648128027456,-2.144157464808882,-1.032916882337943,-0.1944823975034701,0.108204328989095
sine,-0.8406610619789368,-0.3384124694259034,-0.0322797605368657,0.3693828261590307,0.9721180238348138,1.0956454651481604,1.59140312311607,1.642338388267338,1.536087841858501,1.1197491664032309
sine,-2.78815366106655,-1.0801846611417658,1.7030377858963162,2.872970278522547,1.296898502299872,-1.4891242375583815,-2.811354170552264,-1.2157989230262456,1.6162144481676324,2.7601551352048115
sine,-1.4561150412519392,-1.962029442391364,-2.341703644465013,-2.2496279398837578,-1.8006351984538616,-1.3772200744959415,-1.3491604487563569,-1.7327692157912065,-2.230051262123609,-2.358910641558527
sine,-1.027065866541363,-0.8608965268066994,-0.744038536962271,-0.5671703152662746,-0.437908075893252,-0.2901109753060359,-0.2016600528490634,-0.0948273624303798,-0.0277911305153719,0.0361963231307919
sine,2.7204436838369617,2.9853565514607188,2.7874139929470583,2.415509475991376,1.67260656271219,1.022776934151996,0.4134676720972609,0.277391343109665,0.4884448707979919,1.0757098993244492
sine,0.1577870332814875,0.1038544106961377,0.4012367203986315,0.675608728564186,1.1352367787200592,1.7693370361688812,2.405183620872989,2.963675675770906,3.485322849814129,4.0580532511910175
sine,2.4587876059156364,2.126006977664941,1.5548804120208866,1.0847410406994564,0.5422519783590756,-0.0731095776138105,-0.5616968136834952,-0.2336367210220697,-0.1305354474896179,0.2717308749104146
sine,-3.3454621223177363,-3.3053447311900297,-2.955313245597152,-2.2617616702481587,-1.397888698920761,-0.8986583320906583,-0.5071497148603089,-0.7958910805349627,-1.421451329925355,-2.262623213131651
sine,-1.4008745317734208,-1.165973507561188,-0.7110900787625924,-0.3881301425048244,-0.2612291294572588,-0.6581910722988623,-1.1400666842825922,-1.336674435085914,-1.2877764504843414,-0.7491599726687331
sine,0.1116743249721874,-0.0134061335388492,-1.9564531570676431,-3.0680379090185244,-2.714196722281118,-0.8983295025608917,0.2063387419065256,-0.3281124710328474,-2.064254177510408,-3.254135424951078
sine,-0.5713809238331317,-1.1990613362069102,-1.2581709005882975,-0.7189242625565383,0.0698128141122535,0.5731921454470708,0.5732595313173264,0.0282139867721487,-0.7613268796474996,-1.2571119791542038
sine,1.8273775328211133,2.072188037970642,2.3946675672575477,2.365099053475568,2.0452644346040048,1.7891081243608524,1.89921804893577,2.2298759824129544,2.419011004506236,2.232976672955159
sine,-0.0313047099653563,0.068658914205265,0.0584163198115852,-0.0413161595945856,-0.1623577744794569,-0.3243839915627881,-0.4787113740972892,-0.5621993992686132,-0.6198850471677976,-0.5294296225968298
sine,-2.7628365734134794,-2.1742635326646607,-1.3915067590421808,-1.2648317825077244,-1.6706047000967683,-2.516929101107494,-2.979096330532605,-2.989032325795214,-2.363505826010172,-1.626129627260298
sine,-2.24835370609376,-2.1634589448946,-2.598196461778635,-2.911919065545199,-2.611217647704526,-2.172755572438208,-2.1729754175923244,-2.605908986381669,-2.880287633067059,-2.539199830461922
sine,-1.5590690834984875,0.4666432864731986,1.955991275375749,2.4327731170653264,1.336593859182599,-0.6980685672346122,-2.2090007720462927,-2.3561944816558764,-1.2393476297136607,0.7461331828279321
sine,-2.8996094526717435,-2.6916103995276144,-2.142043687250869,-1.841707093761832,-1.5080906009273918,-1.3078846507522313,-0.91704873812555,-0.6689060498675032,-0.2993448672199136,-0.04184225766924
sine,-2.307191246666702,-2.3303199144452877,-2.336518291609176,-2.382892812925304,-2.4124982850189545,-2.448402667581865,-2.4754558192951914,-2.5316502500673304,-2.548728491582261,-2.585721347778243
sine,2.3834411045958896,3.302034242998595,4.047472622464921,4.239902710171105,4.079126450437459,3.2259997259607105,2.344655838821029,1.5596080635034169,1.383974127183821,1.6230241602272562
sine,-2.0277790012981787,0.3047864694340211,1.4944353444526126,0.7068439418564171,-1.2938830326570174,-3.4551890837492905,-4.426592632939031,-3.1319377152103463,-0.9388253779067328,0.9897323157913372
sine,1.0345007266741453,1.0542584229393643,1.0574261452810665,0.9557442022046884,0.764440090461254,0.6043654472664518,0.5095043768859473,0.3493994341702351,0.0543391836878903,-0.083203514895747
sine,-1.8298082119166488,-1.8618634805072225,-1.7963658342669084,-1.5526431012069823,-1.290241243352466,-1.0300994061401123,-0.6740818681134242,-0.2140099305911417,0.1242694586449595,0.4008804254892585
sine,-1.6242403533219945,-2.604458285881194,-3.1387822942897343,-2.726467343296196,-1.9209311183691644,-0.9227111784266504,-0.1761493138454741,-0.0070411146961006,-0.2554441835741602,-1.364175289465702
sine,3.747443020055894,1.4121647523398222,0.0433459393759723,0.7674140696212903,2.884125926823312,4.784515322968955,4.8176265722474,2.9824830308833468,0.8394577921840016,0.0578175826590595
sine,5.272899749636871,5.721282536371622,5.536101330142878,5.660709461704492,4.99755913634684,4.411477391289374,3.492630270503872,2.512027932002316,1.1049824736113942,0.610465482742126
sine,0.8032235684794647,0.4345724957040753,0.1975879051557671,0.2062914312347347,0.4458006980655452,0.8161227105927498,1.107670045340261,1.1113793467330593,0.8823380026663016,0.5228574445873463
sine,1.8404247285492197,0.342332220844468,-0.747390054624819,-0.7773302978441203,0.0646874093684359,1.51426188453759,2.5851004775835955,2.1447462554539625,0.9202255005283696,-0.3595810849720753
sine,0.0174138329871287,-0.1610233538275557,-0.4058421814214474,-0.6783288475841227,-0.973235040180434,-1.2949599555918598,-1.544444726086072,-1.873070678178968,-2.1767330122626376,-2.400934529638513
sine,-1.629519067334444,-1.7758113746708215,-2.009835421763197,-1.5252812072899058,-0.5664499789482371,0.6439855602265412,1.4150830867696889,1.8368261399587344,1.955375071701083,1.4147391225401402
sine,0.9275983556497986,0.754883253219227,0.0819560683265947,-0.4577906394767977,-0.2739612419289048,0.4482514120454722,0.9241786302703476,0.6626060933401969,-0.1211337474772551,-0.5029667040617963
sine,-1.3375878566743975,-1.213073536257547,-0.9624722530133436,-0.7847941724408863,-0.5670783186332596,-0.421504490280582,-0.235061206645876,-0.2044970588769052,-0.1181858014628726,-0.1515904635232745
sine,-1.7745918717582685,-1.8684700503249,-1.3583935248751056,-0.6314574309497745,0.2815610349622431,0.9021935909296572,1.572562020941795,1.614493872805377,1.4206868986038572,0.8689623861344148
sine,2.258043430425695,2.030088011647268,-0.9101774247854524,-1.9737653307127836,0.1318280481571262,2.780942844923551,1.7225511069340804,-1.34585576815411,-1.9814785783386013,0.5066591648069085
sine,4.323636418831658,4.387768322139809,3.8539302916295535,3.037537581203366,2.261838200073159,1.2116242368525416,0.2465027104186936,-0.2115725740501809,-0.6404216176266854,-0.9940472777660287
sine,-3.196214695969793,-1.5215372630899369,0.1515730867699052,0.6064592665944999,0.0941920859348543,-1.9308414154749327,-3.4714176370323626,-4.444529662693355,-3.668060398315873,-2.255617133015802
sine,0.4321285946299373,1.4691098545811725,2.159247239964705,1.7769636035104448,0.5136082616441463,-0.675754983940327,-1.3902811092185432,-1.5308060004895083,-1.221769319244259,0.2155143933939635
sine,-3.0964750008132897,-2.732674649352129,-1.8800565107169047,-1.4008299607086991,-1.8042110555901905,-2.697988267111611,-2.994232399744273,-2.393491541116781,-1.5208859578593468,-1.4281906825587276
sine,2.3873118336370966,0.981663013022291,0.3409579968430294,0.1012303857882813,0.2820334708538751,1.1614988107799316,2.6710036969631354,4.138550323299901,4.9364811926874665,5.680431206535655
sine,0.6656435066626971,0.7170182502407337,1.7098145445066573,2.1019002756304443,1.320699097182648,0.556806302779428,0.917722905067075,1.9239273972467872,1.9934699509194225,1.0800174526153306
sine,3.363694735254153,4.142119635997069,3.9999239614510538,3.084327174778883,1.6920994926968742,0.4297778085540859,-0.7135450164108388,-1.0582853107177013,-0.61295530601447,0.651486317681706
sine,1.4571915084645282,2.0224565550620976,2.768143644640347,2.8543231778568323,2.3231883903355364,1.6018711635121234,1.4714730921877734,2.159615173289567,2.802106702264494,2.84245058042645
sine,0.0392355267924891,0.6762179293829566,0.5429122969732346,-0.2081333857843746,-1.3001430331764434,-2.269204301344871,-2.344357822726855,-1.8311622061586224,-0.79414639775963,0.0322053858280917
sine,-2.5484633131818075,-0.869101423819973,-1.7891724913603346,-3.772357987266415,-3.7889496068245063,-2.247936666340228,-0.8952352581992294,-1.831239455335548,-3.9560956663797504,-3.791085240291757
sine,-2.097050260961652,-1.2758804147164335,-0.79133768323948,-0.795707423127254,-1.1709671760431637,-2.026532601866884,-2.7722026506782,-3.3420084859597696,-3.527831360324177,-3.1393820153304075
sine,-0.5583459613437389,-0.1436152956711052,0.3366341444055732,0.7744682200750092,1.3179583206704122,1.7084281123139593,2.2485819694660125,2.562413921859284,2.837285305438101,2.8318866866445305
sine,0.3047757620248665,-0.5814495102122038,-0.5977690477143459,-0.1501829583016121,0.6915841915838143,2.412451128704165,3.219046258176885,3.760815803629854,3.459164680207089,2.9213656411712763
sine,1.0799255870836884,2.3896897912461164,3.166323155230562,3.6318961316078338,3.417037921237834,2.0223293620986422,0.7227821896771964,-0.4844920002761934,-1.5360903026186297,-1.364336940720248
sine,-0.6793075912427116,-1.384988584983148,-1.7626612226316611,-1.2401752570512876,-0.4141200977030801,0.6328811814138577,1.4256002155107534,1.3939661270719492,0.8609203274033417,-0.1151521196878477
sine,2.993563300083403,3.3971468759262344,2.971718946013049,2.233927296399812,2.0462541349467087,2.736086714976562,3.3303964082599333,3.130795361788749,2.408089890483561,1.977472056869131
sine,-1.4108679193581146,-1.259609283196236,-1.149418874634612,-1.046428726071731,-0.9174466037975596,-0.7843773458978186,-0.6586755145587856,-0.5768609379870054,-0.4613744726870529,-0.3686469254704717
sine,0.4925145683035195,0.9124166146565088,0.0618496679575229,-0.9758866995911352,-1.0155844344326523,0.0566130211716214,0.8887261061144205,0.4920239283167234,-0.6719037832777861,-1.1799406115157738
sine,1.543199043252152,1.0293082626808605,0.699743160456674,0.6994237590207041,1.034148199946896,1.7059844179585393,2.477226363342846,3.162507877496368,3.716568940795888,4.004305264104349
sine,-2.192535448145064,-1.7260081025149958,-0.8796578157070383,-0.7572751967701163,-1.5249105830408074,-2.1742472682569667,-1.9547271124852448,-1.0872452791594651,-0.6780456793367526,-1.2428799722478112
sine,4.21912555883558,2.7348539070892226,1.3152072023911252,0.9515145664357744,2.010457757591785,3.575339778412794,4.521531252908462,4.497948706715903,3.095279133377153,1.4528028446633907
sine,-2.623295909052168,-1.4892653323158929,-0.6016087587049231,-0.2152739596433179,-0.9429807486458222,-2.000877599714362,-2.851104069102726,-3.1426345617499893,-2.64389703693727,-1.5535821928476563
sine,0.6246863297255636,0.9952299333666468,1.4087927006684644,1.910800060438376,2.4990978172780087,2.951529401719982,3.475557007037489,3.85520683351739,4.243612459336409,4.50020963555007
sine,0.4141735553920371,0.4220812127733928,0.5744318830795749,0.960744532221106,1.1448073976936173,1.574114942843382,2.0116027259414846,2.2887557991388667,2.7385586995128963,3.0671851931913885
sine,2.378252017976683,1.7428946110219372,1.7081367227457898,2.1336064774783905,2.660054703412805,3.52631355212466,3.705386141073086,3.3770180743566063,2.7323982880376314,1.8468464463967629
sine,0.4281884122130148,1.4609551013942466,2.279891320804572,2.497363699141858,2.0041394598264244,1.0940381599640452,-0.1081519826455983,-0.3739589276321702,-0.4642439313577772,0.4544228450049388
sine,2.3712744573562303,2.488706684117325,1.5037796322515022,0.9376177532653912,1.570213258541686,2.409567373231001,2.3193061235385337,1.3849646651943746,1.0617617723602797,1.7359967484061447
sine,2.523473783593884,3.992416514358256,4.972777528409352,5.3821144195886985,4.962946105560783,3.856302257692291,2.664097845748844,1.1746508365423105,0.4051528792575549,0.3312699466260549
sine,-0.0291676539486196,-0.3012634695398622,-0.2388552267686082,-0.0644492624093662,0.3200520871919883,0.7116548549353535,0.9897329499913596,1.1720127335686537,1.0254721138723917,0.795104822215441
sine,0.9924512061477164,0.4372198877073952,-1.7879938942671778,-3.2666262107083206,-1.4987032049659998,1.0166372850438703,0.4848773286196787,-2.276353905460164,-3.4170132699047446,-1.0084193293659274
sine,-1.7954546310371102,-1.009917169073017,-0.9506827044862264,-1.582570026944604,-2.5350980115291484,-3.290270678284307,-3.4765379495860227,-2.961630025987541,-2.259396531109012,-1.3933842347778276
sine,-0.3597174814288025,-1.789744727628196,-0.7241007330047732,1.4688894266113746,1.722854562761433,-0.300006898101083,-1.8078885438093488,-0.9094992780904432,1.4985244770450294,1.6148957629173744
sine,-0.0490694154643781,0.4592574895330547,0.0518354476132551,-0.7409937346646163,-1.6730641401506696,-3.130325099347885,-3.979873233119948,-4.955834389413102,-5.343739494019605,-5.248406122030578
sine,1.177842254256002,1.4142326186243437,1.6052465257127897,1.6394069829748892,1.5075451765469727,1.2713142587383377,1.0865520175452326,1.0703292067106744,1.229084065189937,1.4709879336601357
sine,-3.0452091592478645,-3.338548977689188,-3.0543755770662235,-2.2567269822254894,-1.4168266799534748,-0.7713510979423542,-0.5212429488868385,-0.8792713484157899,-1.675122872197521,-2.573510080367538
sine,-3.806936099961353,-4.095843325195338,-1.8374007017564016,-0.1974622026902568,-1.6141995103768136,-3.9958502435155583,-3.998137617933302,-1.5173182514956574,-0.1776205652946015,-2.053976044277856
sine,-2.909404997498885,-2.892508568489513,-2.8680810197055457,-2.836925331836006,-2.822662235304016,-2.787943175047428,-2.761625026792744,-2.7245826739691377,-2.694802620033087,-2.6648368716239124
sine,-2.064648271066266,-0.1912874491104115,1.302870890114559,1.859652981979882,0.6839004017905883,-1.4502498332166476,-2.565350862829741,-2.36273467490036,-0.7458458003087272,1.1050784416667991
sine,2.440448687816484,0.4029150269845379,-1.603919157401711,-1.605308576149234,0.3253917566421967,2.5152720583439567,2.461182118865764,0.3431313470388795,-1.616258019799606,-1.5295978563852335
sine,-1.592432190024872,-1.746229156011895,-2.039293048354628,-2.188414557779425,-2.062729019775525,-1.776955024537424,-1.5964520605260994,-1.6576551401712014,-1.9314604579132264,-2.153624877049564
sine,-0.8409459547838435,-2.13066436726822,-2.372082822011217,-1.6265894307707889,-0.130012073898412,1.581241288402318,2.9460773148889188,3.3176418315946274,2.1544505169986885,0.5506564095098881
sine,0.2460454370954008,0.5442376212427795,0.935258752140046,1.6979145327753824,2.1979662737780363,2.708443904220922,3.1897880892685224,3.3411772759898946,3.610436668991157,3.4610717554853254
sine,-3.8680064352461714,-3.885195516578977,-3.705020755971225,-3.3975781384941253,-2.9766364128594645,-2.488925627611426,-2.135420148333861,-2.0491230783996865,-2.0773811058655904,-2.357687874790224
sine,-1.1676054906482212,-1.9476443235897016,-2.29667408763523,-2.414770575788181,-1.984556461780707,-1.2853972531106488,-0.6339225834832622,-0.0915522546248467,0.0832537554577335,-0.2540507762511542
sine,-2.6601424785783574,-2.1593065728799115,-1.9784227741980225,-2.4907847953264923,-3.038698296427253,-3.5185007171423197,-3.624184502185965,-3.270471559705615,-2.560799713017192,-2.058881997298335
sine,-0.3994334517085961,-0.2801640681348856,0.1694367188814453,0.7447506978465881,1.3564568941614037,1.948941082516986,2.316116033294353,2.4152887075799425,2.173119125566404,1.6700127806335006
sine,-1.0716690692682658,-0.6002218179890039,0.1408066892445321,0.7737064470234649,1.3781498261667056,2.0013473993492434,2.2951414865923385,3.129495271172886,2.7721839983050107,3.0480611664632384
sine,0.7464876317395497,2.1683170306022035,1.8284448087168184,-0.1506740101232085,-0.8718196154457039,0.5471777123067535,2.221337356857838,1.9259980997488029,7.449440063981476e-05,-0.7781457297536504
sine,1.2603587860489571,1.076673752147306,0.8022975412742986,0.6290486068827625,0.3873753762462312,0.0726073798154781,-0.123305791751544,-0.2542881747474189,-0.4274618370301531,-0.3575110177203362
sine,3.953985494488096,3.805690104474304,4.278962035188796,3.682943901498512,2.8900440180810847,2.303287874286993,1.4276751331829054,0.5855256923999432,0.107273282495371,-0.4396296110927067
sine,-1.5618760200714414,-1.646457694226677,-2.977874515558001,-3.6628829603389703,-2.959648303467328,-1.612353107169218,-1.612652628447774,-2.6360136132947907,-3.703030855373629,-3.4083756158603675
sine,0.7988460239224923,0.8947236498562702,0.703366028071008,0.0424997903819549,-0.776183014016423,-1.7654776075473306,-2.255899147635145,-2.865675747030276,-2.624182924006359,-1.9714255204571367
sine,0.2169865507796726,0.1307629316964386,0.1031288666729386,0.1706227942911778,0.2734475762739951,0.4075988188338424,0.5588628213883179,0.7559491782882722,0.9190050484151931,1.0640657522107964
sine,-4.48317396373517,-4.143908750670835,-3.802129664434053,-3.2226658115356863,-2.191640933585284,-1.6867653835733918,-0.5769531635148598,0.3713177714771761,1.078757174796519,1.3790622130734085
sine,3.277335635816151,1.821793693434864,0.0930010628753374,-0.634309600697496,0.2032723885798083,1.929906963026045,3.167445846925565,3.3582497726584486,1.995331340826407,0.3434006878501464
sine,-4.251955992663444,-2.6513056862524484,-0.4266988622787201,0.5511896472972517,-0.4667425565533096,-2.6680530731961105,-4.361244748959181,-3.868663937387485,-1.697204101796122,0.1912752573722246
sine,-0.357835904951739,-0.2960180251033472,-0.2308012722604786,-0.0920572458010625,0.0853304776484976,0.1884156892263578,0.2355744499690276,0.2433943779579295,0.2132252239105936,0.0859809110209728
sine,0.9507291682597656,0.8188596094463388,0.265625999046207,-0.4339816426654387,-1.369816239688055,-2.191000111085312,-2.8672770660916838,-3.228951651477689,-3.302782769585049,-2.873363672798004
sine,2.520508877750097,2.3681786970848258,2.662055117605905,2.9652348017237764,2.820610517884889,2.4379732250539567,2.417137679502312,2.766154387222939,2.9635740109883195,2.724892044213832
sine,-0.0562128938330235,-0.9235093674823156,-1.380261346206919,-1.2424950176379217,-0.6619360964831278,0.3606402107141672,1.3724340414777338,2.1392567308033503,2.416416942501712,2.36241128303368
sine,-0.6547060955625454,-0.3997535929012892,0.0253123883908956,0.2903877662233954,0.2220868853511668,-0.129849091072965,-0.5253024598155872,-0.6620834449102326,-0.4307938910365362,-0.0100071134737491
sine,-0.7995466233128492,-0.7099237906787893,-0.7230575881485919,-0.812496531972508,-0.9305900120857304,-1.1189680811230442,-1.204132576949886,-1.2815810265078755,-1.3010048613090668,-1.1930231075579862
sine,0.3823594735455966,0.3613558490105019,0.2415503415638887,0.2366061115265843,0.1207366701237778,0.0908159993188417,0.0229425510146277,-0.0627797848202679,-0.1002404981844037,-0.1743003409746145
sine,2.421515759393483,2.451449309087597,2.477718448634528,2.3426827463310715,2.096488972015403,1.8742893195151684,1.5538260205449388,1.367128303901006,1.041859744040938,0.6609456842983956
sine,-2.7740542524983725,-3.541373051651832,-3.64035847768074,-3.009036819975361,-2.1483445759232085,-1.5001186415303254,-1.4890874269395529,-2.210831956328683,-3.1029268603343323,-3.6454527126898815
sine,-0.1264836142813651,0.2899816719421325,1.4624877248230526,2.68824813954273,2.818716958053426,1.8671787946200016,0.5107859769070006,-0.1127295389429839,0.4186031642916438,1.532338495591676
sine,1.078905299379335,1.0663546858716089,1.5439839315395227,1.9732220385688168,1.8794927674422308,1.3352066677613488,0.9725147303778958,1.127032258548886,1.6787074146677294,2.017848938440052
sine,2.2391128890081573,1.2365958051696644,-2.204120845390704,-3.10627135097612,0.0594778129686005,2.109553325385373,0.9360988631157672,-1.9674611490487592,-2.9242054698469118,-0.4225214872813254
sine,0.9560139928042822,1.5353626063951036,2.1970343804718957,2.2125826387469765,1.489915377424693,0.8655053206122671,0.9226620366614214,1.697169984418213,2.27389041814272,2.079904476909289
sine,0.0384981114889182,1.820088687414596,3.679299016212729,3.859559908782048,2.7993032456849614,0.7655761859255398,-0.9093913556522222,-0.8309544230416663,0.6120913606806309,2.816932480051301
sine,-0.5575182338585275,-0.5396571783203884,-0.2170849217307372,0.5103180250407043,0.7981712905662428,1.5263533937574842,2.0412237768356505,2.527490269282681,2.858917573944855,3.2196330625406837
sine,2.8247108975237043,2.738629274927588,-0.764968567391038,-2.624220917084393,-0.7530177120405146,2.537274370416528,2.6289178850946446,-0.4269534970400393,-2.685575932519824,-0.8681211065367388
sine,-0.9669058180997,-0.8549010418821944,-0.8006427260004451,-0.8173909160277867,-0.8979040494198738,-1.0694214009457554,-1.1967029324298524,-1.344147629736477,-1.3810343549418114,-1.3911954081313114
sine,2.274144510349525,1.127026546304504,1.5298716520440607,2.931257413947677,3.53102863117239,2.401019002342698,1.1087013453303072,1.5549992495245633,2.945512370068116,3.4386198934237107
sine,0.2198751860222643,0.6301543938090248,0.8360076005889681,0.7388001653128503,0.1997901466426989,-0.4240128137638674,-1.0659431107539588,-1.2895508272996186,-1.3555277937340473,-0.7439043845328538
sine,-1.3146712187842868,-1.128426742252386,-1.0759473973379603,-0.8027779427759966,-0.670222017465127,-0.4768081202065198,-0.305285574459434,-0.1487586072363133,0.0089299103263633,0.102226039734132
sine,-0.5437126665613781,-2.132716968527004,-3.4528373848042166,-3.5799910422263905,-2.382344097247828,-0.8954856534521834,0.4412224481704123,0.2631482023605296,-0.9894489138275294,-2.52669628757181
sine,1.443577597163107,1.893060903000329,2.0596070962363675,1.731176705263874,1.1455307993234334,0.6476009395807565,0.3195514046130762,0.5823763315106725,1.1070146753237116,1.6451064432680684
sine,1.3352971535111848,1.234039001552126,0.9692343100541454,0.7218796919646348,0.7176683107192675,0.921998661686603,1.2058948375933116,1.360008668268783,1.275823719441137,0.9883038525049376
sine,-3.2411812769803947,-3.5045369642280195,-3.488367200188936,-3.1214146992059395,-2.7094518366714104,-2.16290861237664,-1.6212042417568222,-1.1927849366780297,-1.0494574788661222,-1.10675634267349
sine,-5.3320271018467125,-4.996029295776185,-4.814605905105725,-4.417231307770561,-3.96501980326133,-3.2617021477403605,-2.875810830494333,-2.2564111151563564,-1.6057629092250498,-1.1536931766475975
sine,1.409582128482727,0.2691861248987107,-0.2642190778369264,0.2487640525100279,1.2867790634703906,2.902617671185354,4.199425449624449,4.967496744890632,4.728933132679693,3.5881316596505446
sine,-2.108837764138799,-1.9844533580493755,-1.9235220357100145,-1.7934943373179024,-1.632365330066824,-1.5524926096301517,-1.4567991067097157,-1.3261862239096334,-1.1459252211779989,-1.0853397556310012
sine,-1.6096296303156004,-1.7819155011862635,-1.97105342864108,-2.052561391533007,-2.02301112161951,-1.8782777747478037,-1.6837550959925136,-1.5323232691920077,-1.4570611938307,-1.5050889925351958
sine,-1.2475706920039884,-1.535139499485765,-1.7250789321726745,-1.6385772596505452,-1.3839721336462822,-1.1304589632456956,-1.1993507310439746,-1.505341072273138,-1.7174716964682055,-1.6697425491926017
sine,-2.402338848522908,-2.550231072421695,-2.539960414633128,-2.4198416398385074,-2.232456545717994,-1.917586205743153,-1.5918825146676436,-1.228094954732197,-0.7941763130415008,-0.4199046166053471
sine,0.7286709906115507,0.6439113790692806,0.438848578181453,0.1682575893201322,-0.0632063591103555,-0.248748833263437,-0.3937857112168234,-0.41557487841623,-0.2625327796590534,-0.0890005611698771
sine,0.1615247771892899,-1.287232034299493,-1.7084096207911412,-1.514869348865159,-0.1184382544819911,1.1954747824180825,2.1286338362952426,1.9468945621207927,0.8886769655311462,-0.6107198048147823
sine,2.6860766810041623,0.5403573792018183,-1.2135969703958591,-1.7249075001683063,-0.7270953204996651,1.4638343603313435,3.411012397385809,3.856564334785962,2.65013974635842,0.5812449026510933
sine,2.2149545397421373,2.378173539903345,2.7079822408627536,2.780115732563988,2.509071190103347,2.245100790239167,2.338248665531807,2.6951924408136136,2.8150286951718484,2.547609335948127
sine,0.1358295887335546,1.2349485432754592,1.823148455468508,1.863887285620132,1.1546394101904969,0.0770143102546847,-0.9733446167491382,-1.9449608020198836,-2.111040456606366,-1.702376420567699
sine,-1.1711252601623374,-2.739709907040984,-4.358040523619013,-4.173707812364482,-2.230204402688349,-0.9778619490593894,-1.254494871074728,-3.3287244106781424,-4.60061022775011,-3.5798192340479367
sine,2.141672478850433,1.1572774758039115,2.4162035755799707,3.910365259470618,3.856814976616676,2.2483278109502,1.3507441180605777,2.0620056265491806,3.6943607407985097,4.011213404672392
sine,-2.569675590952747,-2.5722040162406627,-2.4946806784129745,-2.595900844338707,-2.709231507742722,-2.845287681536792,-2.986903676179351,-3.099057045781302,-3.1657226254746478,-3.0491810783409674
sine,0.1366166863981358,0.4003034216789219,1.1704156354406048,1.6156345475119285,2.292114969879751,2.896538150323226,3.561903103980811,4.075994146558285,4.514058607576789,5.0445817523844445
sine,-3.967789207089528,-4.462363528911255,-2.5436704915223376,-0.7431200391009926,-1.2393455379543914,-3.26822115047789,-4.56072738319086,-3.65172168156443,-1.395646606380003,-0.8186580326767785
sine,1.770698968838169,3.915277455034832,3.170356203774879,0.5741396644060641,-0.1209886782147784,1.8389155653514664,4.127654229066143,3.078917356636928,0.5865814940480862,0.0367459142691038
sine,0.0463305966680567,-0.2809147540501449,1.3018817304417791,2.7000680994131856,2.5082589034241893,0.6490430989869287,-0.4940087151450084,0.5829527822824462,2.27554933800528,2.86465182653004
sine,3.1583764200966167,2.7967566413301808,1.9482223759990207,1.027209351083797,0.1423096320886484,-0.7921000368445371,-1.320031500281751,-1.452321792800542,-1.076053080889236,-0.2412945853023507
sine,-1.0889958394449766,-3.22217397652604,-2.1702203307974317,0.3249074378713488,1.3642874855473617,-0.631772613043788,-2.934322539976176,-2.5034335033314137,0.122994119254713,1.2890305961989552
sine,1.5393473841358298,1.5676875971587838,1.5386669387038237,1.4340804598366794,1.3458650939544865,1.1922112724502525,1.0590130055841038,0.9877648230509932,0.9768187467930322,1.0213194352749009
sine,0.9710969370424046,1.0117902333371036,1.0755357355969808,1.1505997378571955,1.1794837435412886,1.251796774552976,1.297481864852884,1.3353478011068858,1.354528283110198,1.3828782908772277
sine,-2.04287585331195,-0.5825449596606123,2.248313251301214,3.245076705311507,1.3118217791069589,-1.5975432589962506,-1.685156591572422,0.7173577850087268,3.064545953843478,2.577626362690192
sine,1.1951262238522096,1.7000475703696234,1.8938716533113369,1.1890305741543272,0.0849164559401448,-0.909115824513568,-1.2541854160880437,-0.9655712935715164,-0.0990400712096459,0.8828699934969675
sine,4.20224656599095,4.640644172084661,2.8417126199836136,1.0694108638132729,1.908628079749497,3.7178055184031775,4.692625546273244,3.1966796240504376,1.5554364895504935,1.405991030046398
sine,-3.301945284932863,-1.952119564312795,-0.4892933738396088,-0.4084391781169194,-1.8427547037461116,-3.320283366657065,-3.671361172131054,-2.18323475322841,-0.5304523362342308,-0.1273411990435211
sine,-3.13404820122079,-3.1039394144086763,-2.956424741669947,-2.5679754387691283,-2.296902812381958,-1.9878035703129708,-1.8346861791214204,-1.9265058452433248,-2.072490458441405,-2.369947622267786
sine,-1.8589704530679416,-1.8597400728353644,-1.8977261908140424,-1.9649283917362816,-2.0523441637117705,-2.166558260672175,-2.296850234270632,-2.434475963994218,-2.5751754083088367,-2.7041710758390742
sine,1.0333817520020938,1.5856146197870766,2.0626808424300167,2.2606847713788105,2.086328620307947,1.629824163208897,1.0723644796107132,0.4345987422760521,0.1002306658630484,-0.048935777574317
sine,-1.0238911258094732,-0.423685999006256,-1.031208603531662,-2.064955365551345,-2.471522867114817,-1.5554224069099702,-0.6114877359969072,-0.6257901009236864,-1.6195485650824677,-2.460978985835527
sine,-2.5000391781092475,-2.673982704832601,-2.909234918197757,-3.0440783665655227,-3.014982904350915,-2.7933680818114817,-2.576019305215975,-2.4690014629189707,-2.5203186575252303,-2.732452531347484
sine,1.3951711438104113,2.004169456147016,2.1258183277339864,1.6175489637293647,0.900544989236924,-0.2772459707185971,-1.580782332139161,-2.696845158725957,-3.501911913882092,-3.8806405658012126
sine,0.4852555736719863,0.5057101641280373,0.6397618193797737,0.7456274382870536,1.0830016371657751,1.7735326701079313,1.8356137861764532,2.482587594908717,2.9799231290459214,3.529469414058151
sine,1.9637060487537388,0.6278788582490302,-0.6205593112512873,-1.2380149083076857,-0.6712330344467101,0.6023267705561506,1.6284540491348578,2.20225764093494,1.6307998491126503,0.1250209161015066
sine,0.4835495355431047,1.1644504234825144,1.864549541700857,2.6876074784432302,3.549914897069734,4.179804422329469,4.759337780992535,5.141505459567426,5.316731080885579,5.100704722482852
sine,4.605137595035217,4.092314213626225,1.2813649145439938,-0.1136313382588454,1.6947890766687013,4.429302682341268,4.321193188268389,1.5284349591959578,-0.111788365824912,1.4380125105930444
sine,3.521598679532095,3.964571122513133,2.7098735040587587,1.364443003335422,1.9271065992584375,3.54986648111974,4.005490775259807,2.5792433055900794,1.2931023514010678,2.039321871480188
sine,-2.4430278130411462,-2.2511039315329167,-2.001715737031926,-1.7538470367229346,-1.5683394100103596,-1.392414959188598,-1.2292344367506185,-1.0800380257636908,-1.0072516765703126,-0.9402513659394602
sine,-2.7221852613492925,-2.603550358477192,-2.60685561465784,-2.2865564201028468,-2.1232243926159184,-1.8236924712649727,-1.3801357424977672,-1.2253081113747477,-0.7514464773082138,-0.3543443470117892
sine,-0.1588666917463172,-1.5353935819332898,-1.850092022227864,-1.1607993811479504,0.1089048639158016,1.4132743602099522,1.811104759305303,1.0464898703559078,0.0028735113132017,-1.3030848112847322
sine,-2.0700871905799523,-3.467707705048274,-4.590632109591892,-5.104619320695826,-4.563315900891517,-3.462761817341156,-2.055093275206793,-0.8488458978467154,-0.2792737851760373,-0.7572955943284911
sine,-0.1648363975109932,-0.0493994460470375,-0.0087316848078873,-0.0620510218200801,-0.1454991694188648,-0.278208766914841,-0.4436865376469315,-0.5512917753717209,-0.6205970825433661,-0.6003131028550955
sine,-1.5765061576880042,-2.7976018424164355,-2.5038922408977866,-1.0976937919821368,-0.5044271637194782,-1.5686011231644146,-2.743783541240243,-2.5930304938596054,-1.2314437272708258,-0.4115725421272613
sine,1.4310667870715137,1.5987982432567946,1.895592768487065,2.1279005095236205,2.347523138694968,2.481297277942929,2.6200402452886693,2.7908143343462517,2.657035472823932,2.661064534217912
sine,1.6326261503326227,1.522056016916282,2.166369839242846,2.7130996189248324,2.470910351890606,1.7967357197370917,1.4128345316601283,2.085826436252582,2.6222772856681904,2.55342284542926
sine,-0.5683466935725341,-1.0492221030790614,-1.068715218800554,-1.2301755374154792,-0.8086918419545666,-0.2920462961907571,0.4271696772270755,0.7676914560527511,1.2479421690651002,1.0468170141313715
sine,0.9759143344856516,2.0079135969360307,0.5647673379607754,-1.399139584618315,-1.5769856483561682,0.3074841068414565,2.033751821688617,1.2228571656122575,-1.2444194725228572,-1.8187198284323247
sine,-4.684929509685247,-4.844357538851499,-4.55001378619591,-4.419936686613642,-3.9204664514095247,-3.256616515653908,-2.562554479403078,-1.8492828782016848,-1.23911831643938,-0.827799279254394
sine,5.134472935008024,4.850407572950077,4.3907608921249786,3.348587209583972,2.197943763076581,1.0025190518910732,0.3397408035359432,0.0584673494756823,0.349616871201085,1.2339950999518383
sine,0.1318621372204609,0.1467926433358855,0.1926181410044334,0.2205054837688387,0.2522934161364665,0.2894536978558427,0.2980436684435893,0.3404054959619682,0.379181922895812,0.414840135778511
sine,4.483636280457247,4.351643233056896,4.310986041069343,4.113432208641116,3.835041552211356,3.625839822397001,3.2745978305214627,2.9591952645081867,2.6068562949828924,2.263926460735812
sine,1.0765496061614273,3.965295216113248,3.157368438163415,-0.1307070916682585,-1.4438303452859331,1.4434383231197307,4.046501902185527,3.1431476006568637,-0.6587438907804306,-0.8971813700410448
sine,0.0508460529846181,-0.2179561089737997,0.4716587852744245,1.8659983864243732,3.317463558000798,4.570429866848254,5.036500399962231,4.638263624485115,3.4261188367479645,1.8972920673344025
sine,0.7935816228625387,0.3709883337154148,-0.5583532737614416,-1.144827104290061,-0.9309864977861528,-0.0075648947990043,0.6947437587071921,0.6542814315103669,-0.1437241203071691,-0.9861648835624072
sine,2.330593241894628,0.9497529827062128,0.1660467595434586,0.6925148325571434,2.163118436730699,3.649847216102291,4.454685319313538,3.9909948968589566,2.447130662036947,0.958871417724019
sine,-0.8272459382812718,-0.9004567507131089,-0.939181247212857,-0.9961400743413884,-1.0347758963546942,-1.107007291443849,-1.161598123968484,-1.21962990055604,-1.26469373788713,-1.321353767668272
sine,-0.5025583279122745,-0.4755318202905975,-0.1891600524165426,0.04484597584204,-0.0410512585425497,-0.352442726060628,-0.5144478455135209,-0.3620467960467248,-0.0201663581171353,0.0757179287913605
sine,-3.8944951489545616,-3.575955958383746,-2.866725639337295,-2.288115198318401,-1.5334848585504284,-0.4936661607648773,0.4727354136484452,1.05365371493485,1.5923258206127486,1.8904880454882071
sine,-1.5636243445910794,-0.6614383497354935,0.0147491080556554,-0.1419255576557165,-0.900328883155529,-1.6455008013165082,-1.7632713345851216,-1.0392592205746016,-0.2729970233021197,0.0177965819231258
sine,1.8113417365770916,3.183409168329037,4.14740718589931,4.358757954907782,3.47714799312067,1.912422395514823,0.7093625221906783,-0.3237280572509086,-0.4130413000841847,0.5965436838027216
sine,-0.557269540942969,-0.3459442232790407,-0.0445148671223472,0.1351632828033399,0.4126890817662608,0.6462440656513385,0.7893340032800056,0.8899872898663643,0.722079658784103,0.6259807631553855
sine,-2.113782076151413,0.514516351786222,1.367436401727944,1.0267170712855085,-1.0708076628019172,-3.189621778334054,-3.843078436327721,-2.8165983703223194,-0.7488607580642941,1.0398049044568356
sine,2.240576271552634,3.184864797698357,3.9990785533796473,4.136018764969191,3.689830888714576,2.81717106771578,1.9206026199867277,1.4479348971893264,1.6953310472903305,2.504644145023603
sine,-2.6016466148897224,-2.327465015019158,-2.2016619396339534,-2.20418560718522,-2.502953830221609,-2.752267383648045,-2.923552379465057,-2.9212042335704527,-2.7235646905139204,-2.412316774370405
sine,5.3316720569460845,4.944975058404709,3.842962380804616,2.613847754460336,1.4955537015426867,0.7386772564472419,0.1993361571798815,0.2545971299913164,0.9908748436757584,2.3686635735346604
sine,2.9213777317393763,1.4865168341832835,0.0995047069651955,-0.2656948137761403,-0.1295678908484214,1.0230108669713691,2.8746063605944654,4.405245328523306,4.919497911099064,4.9483530682249945
sine,-4.66882311588896,-5.2719472135901215,-5.110455510208738,-4.261388776646463,-2.769478198144554,-1.4600129734106184,-0.455733952910923,-0.1686121018802137,-0.5802368097200266,-1.771731056137788
sine,0.8433805330585894,0.8358707685342965,0.7772744963519655,0.7092647288704993,0.649511453515817,0.6061225608050266,0.5640848680345697,0.4823261340905693,0.378321869202554,0.3508772474822698
sine,-2.090061603615191,-1.5762107692951617,-0.7973902004283104,-0.4144533920385815,-0.5259178144883806,-1.061851903182208,-1.77831358027207,-2.0712292603509987,-1.8265616023529456,-1.155388574265633
sine,-2.005479934880922,-3.145987554161289,-0.975206705749823,1.4700800518335495,0.9729994490118477,-1.8231170451323868,-3.0707346090044108,-1.2877794194956014,1.3865936768269875,1.233309171689977
sine,-4.180876650334875,-2.889430862615645,-1.4946924422268892,-1.0102258200150005,-1.7806720770046682,-3.7246015595674153,-4.573629270516984,-4.790844638849957,-3.4136032631545734,-1.7536158848089478
sine,3.8266821250214234,1.7811881900815307,-0.5022001630221309,-1.3484234560518806,-0.0134993691875124,2.388282440511036,3.933169036823093,3.563974380241269,1.2927909279694605,-0.7524845081900771
sine,0.8228338931017422,0.8380995163715845,0.7552382733072698,0.6589417274813436,0.5721807958897366,0.4699636698261127,0.3755529728483091,0.3169204987812978,0.2668818731874323,0.2696081804981312
sine,0.4749458917109783,0.9039159241514072,1.4678084682322206,1.6473759400394146,1.1253566659279406,0.5238438693338041,0.5339487686912822,1.1064171040123305,1.626532990718334,1.5091077695122737
sine,-5.24218833515276,-5.863188987131631,-5.24802340490066,-3.843418733191749,-2.6850596616133333,-1.4896446021784606,-0.6348479439281952,-0.0016318588037771,-0.3227359957060046,-1.706520184502332
sine,-0.4978944605884919,-2.639322502864106,-4.361307694923302,-4.414821050164206,-2.882993688233119,-0.5317865138040034,0.7337166686259267,0.3797452458828262,-2.3140408923924056,-4.282290889854522
sine,2.6244512624044045,2.5413857592008755,1.973438215347311,1.750879411038406,2.126570618589916,2.653634066387593,2.560370820697505,1.9660235451875343,1.7212866544990184,2.1022643414576625
sine,-0.2411628592389706,-0.2863209875391669,-0.2066808301087468,0.2009843948938925,0.6024665835630598,0.9344662908173612,1.20579947042661,1.365766160779446,1.3626379908449409,1.2980361157699554
sine,1.875142767857548,1.6087907068036231,1.381159189844528,1.196050567297345,1.106345839154708,0.8271509564690758,0.6912966070480839,0.4574772574373711,0.3225019947442494,0.2283925333353521
sine,0.4397869079279863,2.302687441664949,4.2835486996774685,4.773906496828843,3.242140615172482,1.019005089195665,0.1869992794085025,1.2445636657478494,3.673548551497936,4.936027935393615
sine,4.2367782910917535,4.980086801541669,4.820753486639911,4.735567698324437,3.9237223578443223,2.7921974498415536,1.8726318092721537,1.190156573061259,0.881820581062922,0.7489650534080968
sine,1.8704975051000867,1.6399938939733234,0.6477402220534472,0.0613868507335522,0.5840176121656989,1.734752038488831,1.8480085681488403,1.0935362918595102,0.2415593376663563,0.3558087341315307
sine,0.5800632681533457,0.4989800578107072,0.4309605948680839,0.2883484145536598,0.2638440935148514,0.1535289845555963,0.1150515210198105,0.1020089693999584,0.1102191487987085,0.1545225414133779
sine,-4.840091871837499,-3.731120264841677,-2.130243903109142,-1.0671524621423192,-1.4088568745145988,-2.582465495938769,-4.001344740257384,-4.861041275511305,-4.43300616510634,-2.95099273505454
sine,0.470943457350033,-0.4786990252508345,-1.0009669558872047,-1.2895635990900032,-0.8802342004987407,0.0599296585290531,0.944587579045758,1.2114241402364352,0.6442414906067822,-0.1250584629223743
sine,-0.8572158579314948,-0.7222453766425362,-0.4881783227978463,-0.2533937269424907,0.0040120591548623,0.2030144083051775,0.2933214967298126,0.2889384340961618,0.1633526908384162,-0.0668993472748703
sine,2.030870430332611,2.031486221181167,2.100630081664054,2.229072021098672,2.367615161653945,2.56136063205542,2.7659258955522734,2.9693391805110125,3.106730066778491,3.1975140933881803
sine,3.229690923107443,3.0838302509329147,2.7455130257723326,2.599391600368507,2.827081082602525,3.0973213963647126,3.198305750947334,2.986570614578756,2.6694370711518145,2.6398379855140544
sine,-0.296528400409246,2.0287917689710864,3.8537530507717768,3.3725537346956647,1.0126005787071937,-0.8777644980067062,-0.5860036920891665,1.6399405652958554,3.699601395798046,3.620628771907835
sine,0.294551446611952,0.6149680029639887,0.9499236253179142,1.3362173419322871,1.6906318950928427,2.015089349126204,2.327721382754598,2.5555444712565003,2.7003692551546,2.8253428885331022
sine,2.4655140131361755,2.401915308579547,2.3437230529875825,2.2953014009048616,2.237437562328529,2.195380310806569,2.160822515551947,2.1329500653132043,2.111092528682767,2.1022052665738937
sine,0.1850434362886427,1.061633268282074,-1.8843029188208145,-4.38101353127144,-4.081414900297176,-1.658215911779369,0.8017540775021204,0.0389441955483057,-2.217808434486983,-4.284512215115774
sine,-2.271224225954493,-2.1053669126170127,-1.985935453731412,-1.8591338068755228,-1.7341053214237638,-1.636070849799409,-1.5396042693218908,-1.4524957541328185,-1.384977232986636,-1.3458304700037371
sine,3.0317797642356825,3.423867968328351,3.688975785059544,3.623611874648833,3.265186662074568,2.917916593372313,2.501587871403204,2.053355205881103,1.8488632582688649,1.853740687758863
sine,0.8577381803457375,1.1489665612016464,2.041204810556625,2.2898981117959742,1.6491876643612675,0.8880394895368358,1.0216373094438542,1.9034668033186075,2.261745480519235,1.8361231647994016
sine,1.021519770172465,1.002769455823076,1.4843319289211452,2.125765797437752,2.921991139290387,3.641440413142864,3.971790363893143,3.708792436127821,3.330251247788288,2.5900076670750773
sine,-2.735753829487053,-2.771628393959125,-2.63526940760068,-2.438648792741101,-2.1200204578290465,-1.796736228797338,-1.5917413462543897,-1.3931835821625884,-1.3652575908989066,-1.4055573068741591
sine,-1.2450724183193769,0.7373842642840699,2.1767357488141457,1.657388459532545,-0.203458752159342,-1.8529020021021976,-1.682221940566179,0.0560194713972886,1.9053282827120477,2.0839882605301936
sine,2.223410075499353,3.508552116935876,3.8867526502980647,3.116041653405588,1.7126545887161504,0.5603769186120029,0.4959428226855915,1.5044549579642452,2.948271115930392,3.844395076147148
sine,2.7391703818760846,1.4873781071876455,0.3151232463866382,0.2658794291671768,1.4401519098737958,2.7240820280551725,2.815748463607685,1.6306004630040023,0.3882316125578056,0.2287137212863391
sine,2.9951702680516488,2.5777918994524915,2.06346332080382,1.915321905678979,2.155991287124183,2.618327170504052,3.067826168148929,3.000852278896205,2.6457502963296946,2.1454647093140093
sine,1.7012298747630767,1.782988386567611,1.921335955163348,2.0744245727663237,2.2740683267366624,2.349524757095023,2.468198583389245,2.5463450065996907,2.6421381783786058,2.6811181692268398
sine,3.191488815591114,3.7883134036784623,3.32624627757794,2.937830110497182,2.194072763469298,1.26045927042578,0.5777382687049081,0.3014177114971119,0.4263597906839591,1.195025148610637
sine,2.6640401069552198,2.6538206218741838,2.396813217790663,2.265104606782324,1.957264655239428,1.860153875521461,1.4325300079762944,1.193169179644977,0.973723228804988,0.7061370959356591
sine,-1.4023082020669364,-1.357646392993988,-1.4119932034357587,-1.5290786204940516,-1.7195190054399891,-1.9317180153959013,-2.1872102151917585,-2.4366524114636405,-2.640082792768702,-2.825607361435025
sine,1.6320529460745834,2.387693012751597,2.223395389568984,1.0098886706239838,-0.6235048451028727,-2.0309137853142167,-2.6467113873820045,-2.169052772456345,-0.8111932696338686,0.854585335649388
sine,-0.1261414489298026,-1.5584990086228956,-2.6976868160681824,-2.4245979395372834,-1.215413717192725,0.3415915237244299,1.1352472835149878,0.6331136821776997,-1.005435288234218,-2.411135850920962
sine,1.7606094429851444,2.171122427404734,1.6222847718569289,0.4184120597050693,-0.9004087879256317,-1.8719671274771552,-2.0140772773629174,-1.776489801495099,-0.6433403221879427,0.7515947759102855
sine,-1.56056067739133,-2.254011393160927,-1.5173466023553457,-0.302674772405579,-0.4748182376074286,-1.6153295902440563,-2.207227704296516,-1.4735990667348922,-0.287826770902881,-0.5414857161284433
sine,1.3898536467302365,1.4244780193976083,1.909539854544542,2.138164801883818,1.7669378310435218,1.3505693848824984,1.4999859386277374,2.0017856824293623,2.1124279272186968,1.6785600080726752
sine,1.2212769107042247,3.1833176569945247,3.4076474097068905,2.167210441987905,-0.0643665127267018,-1.8443924041154545,-2.2281390741367493,-0.8287431427867855,1.262440829588257,2.7279598293940497
sine,-5.366482348132442,-4.781157420913703,-3.827282263343947,-2.769784985830196,-1.784717343045158,-0.7187912909369811,-0.0813465997754589,0.2091754962167528,0.1590755930825169,-0.2630553663794645
sine,0.9090366308683624,-0.608300850444505,1.0477521934109228,4.387719164403287,4.87028906487137,2.541454746150054,-0.4775894101220186,-0.1141026142585025,2.4749331958445446,5.521078510732311
sine,3.5052723238464263,3.294973494006729,3.063539141314583,2.788916488369365,2.5154255017746445,2.299226656676871,2.0906679305767297,1.959088039824014,1.8568075494987188,1.8527422571829213
sine,-1.07734204405678,-0.8881602039067905,-0.7240625154641651,-0.6719783142011262,-0.3795091424455195,-0.0748797023009718,0.1258040415275374,0.3610003119795101,0.5905812555430767,0.7329143343155547
sine,-1.2152476600292206,-2.270345961844658,-3.734113669833571,-4.531206705974738,-3.53965596857317,-1.827318540742635,-1.1821908128428344,-2.157042394712974,-3.852098261170037,-4.43272311037873
sine,-0.0532012605401442,-0.3621647939316082,0.0413534085635547,1.437605236647269,3.241315005761187,4.508538705338404,4.787200354776377,4.130844762791089,2.7515469376357853,1.3386302645001893
sine,0.0182500767490448,-0.4276262141563427,0.6794832545057038,2.013934233941646,2.160768368770923,1.2108358993628563,-0.1492515795597951,-0.2571515399468855,1.123349266645034,2.1760200222251203
sine,1.4496237563088177,1.7018686366417706,1.766247171542071,1.5724226913077155,1.3395915878985305,1.083029249915808,1.1156621197275276,1.3014334167927488,1.5904604871587618,1.7524645724395027
sine,-1.6220616338052225,-1.3054633704888037,-1.8032612693450367,-2.341100397786962,-2.12408953348246,-1.446300937615149,-1.3982467408116068,-1.9361188348080465,-2.362757906471263,-1.9912420394002357
sine,-4.22686545916099,-3.623092758973169,-1.6896201761216898,0.2289627002460076,0.400887827004102,-1.1610637918426867,-3.3036576343423847,-4.238281223498644,-2.9570357634121858,-0.7838774020894848
sine,3.446515598602704,4.269477972657721,4.78184042502012,4.795673974394892,4.300228973015654,3.636097907082704,2.5696941788755816,1.474747395078135,0.567765058734447,-0.0010578744420366
sine,-1.5071309466095202,-3.19958651655303,-2.937041461870261,-1.143379509082349,-0.3988612435181188,-1.7028203756812677,-3.2642412858691428,-2.817045862189599,-0.9422052227840052,-0.4017396905996687
sine,0.7833194625109383,0.7217645434298221,0.9484515796576724,1.225957156687566,1.2984827368788594,1.0495734463741253,0.7923734077732674,0.7232296838489042,0.924459018936019,1.2270197175748072
sine,0.6561699558318536,0.4177833144810167,-0.0842173336991998,-0.3639972634018887,-0.7491727292191578,-0.8461445526794178,-1.2905048171858513,-1.3005443592437889,-1.473744959171052,-1.7708050195350125
sine,1.211636105484089,2.265957027445915,2.2070176281411062,0.7993335935748952,-1.1474132797943526,-2.4121132657362727,-3.014480018769731,-1.9705482127107736,-0.252025708063704,1.5283049631684145
sine,-0.9613556972021692,-0.3956940315408574,-0.4512117481483254,-1.3062297958585625,-2.7630500418135187,-4.094815710419388,-4.854538023536654,-5.099722924114731,-4.516637742594924,-3.340081186173741
sine,1.438308571313189,0.9570091888673206,0.500963965365972,0.3603684006031938,0.6972000945015909,1.2307080800210468,1.50601248732925,1.4228402001242662,0.9701251742042932,0.5247481997371348
sine,-0.1072758083635954,-0.8987276471565746,-0.8091944234941035,-0.0550139199769339,1.744722658817312,2.793841068857321,4.22882168543374,4.870071722377758,4.358173025602406,4.034726409807389
sine,1.0185797852058398,1.0816161147575896,1.05939288454627,1.002638694376222,0.8990013360549745,0.7952797709929859,0.6797689057106034,0.5670856136594083,0.5120989803119252,0.4931155478548921
sine,0.3007397780664355,0.2985781304244236,-0.1269441118792233,-1.0786888298701556,-1.834872484627378,-3.025791155976099,-3.9062092755482687,-4.484481344431905,-5.108856486438637,-4.6158461491248
sine,0.5210813795573025,0.5977532990613899,0.4498582268841958,0.1172456958364166,-0.2281009015000819,-0.4959887934079761,-0.6305204358405241,-0.5572350967194433,-0.3599764291896795,-0.0114682772723201
sine,3.050230560882875,3.727745302003137,2.329523927274034,0.9294915459796332,1.5601148645756662,3.2863146132757124,3.625656518272757,2.061911043323378,0.8952859127946435,1.8437165486142983
sine,4.099965847986335,2.2127079480148653,0.6468060347647642,0.1174904345469814,1.0222921609369344,2.8687360374508057,4.397769589809017,4.470592683562044,3.1606750107927217,0.994503846746066
sine,0.0344758818665493,-0.2059331482484608,-0.4359124227626998,-0.7005330192937372,-0.9757487641501787,-1.174024787304724,-1.3552592504000325,-1.5799653440859247,-1.7590080512959154,-1.915295561039742
sine,1.598540412767414,2.0183050744312268,2.2536743862397115,2.116288328776508,1.6459651991803117,1.188110125617,1.252531235916239,1.6435876167459926,2.058635188452616,2.2847750234622395
sine,1.8182583068755616,1.0992472379573883,0.4459057005216177,0.1287249935456155,0.3708655710412669,0.9318901871597384,1.6683742903375751,2.1589190686917505,2.194072971214522,1.754042760171965
sine,1.9490476288786964,0.4124034688553146,-0.379555433539752,0.0076506471722276,1.174152123910885,2.685640959283077,3.084933363571106,2.576080723076452,1.183264706055853,-0.0897566942788425
sine,0.1840568754542783,-0.0611526777221895,-0.2769195957807392,-0.5280795080277229,-0.7973174132374353,-1.1488066921374396,-1.4125332383559248,-1.7199111260673368,-2.0014436696055444,-2.2537092203855487
sine,0.5121888493961576,-0.9910159629425256,-1.9527996499264024,-1.241993830902197,-0.2336480316418152,1.2271928973079274,1.5658565723243552,0.5527617018010228,-1.0303657238105208,-1.759138811052095
sine,-3.940770947794215,-3.6017198748913533,-2.5137752441849623,-1.5827585248747382,-0.4666490425128672,0.5113498677950035,0.8862042430686172,0.8915344745796461,0.4827730464600214,-0.4182911303581646
sine,-0.0182480401038207,-0.0387189849701767,0.034914075926418,0.0913367193291058,0.1896169348956414,0.3160547168469714,0.4599260445448473,0.6229570582796914,0.7349253839228661,0.8848900977753267
sine,-0.8861762189341844,0.1017859064168024,0.9707632652680904,1.1328351687566762,0.8838774036845974,-0.2549421573330486,-1.241132025172561,-2.024393221052934,-2.0251642272160946,-1.5116770901552858
sine,1.6598112486622167,2.334069837614011,2.7082678561517493,2.7303061284547376,2.326437924096944,1.646216517664466,1.0460562305965817,0.6147006497023325,0.6547954419098038,0.9594258298025732
sine,-2.288427793646325,-1.4652850372830155,0.86406247572858,2.4654873472441885,0.8533469276479486,-1.726336525588065,-2.180652890259001,0.4648839477268108,2.490252732588159,1.387256794814814
sine,-1.4391539097231336,0.1563380606159807,-0.5333193049300542,-2.52393404519211,-3.0478324799298253,-1.3243199366585865,0.0505709172955863,-0.6871337537909898,-2.626768096514787,-2.9609970165594044
sine,1.0169347052245084,1.9683589814428744,2.918099074257797,3.0438859090702057,2.247241611536948,1.185721756472691,0.8054655559585461,1.4649148269822847,2.5319279114382254,3.1101218639925947
sine,1.3630607630487095,0.9992506721982816,-0.8492987301123059,-1.26582866509908,0.4549163217198156,1.630609852051181,0.943561428601482,-1.0742008952991466,-1.1314282362124894,0.4993511425928378
sine,0.355561076178468,0.7962960466901702,1.095662055583268,1.2038942241215542,0.9986182145588536,0.6259730836496405,0.3558241227216385,0.0949638697949227,0.271259296707224,0.6883643962739182
sine,0.4510301258028566,0.636283004455588,0.8098862135806884,0.96436919965253,1.1316702626481,1.2302895873327038,1.3380110600827315,1.4238686635127569,1.5300654485337335,1.5750358741979598
sine,1.214779966185674,1.278915125092196,1.3875129731705496,1.4596400751287926,1.5651623841847273,1.6755312401329778,1.7686610226784274,1.802780091285352,1.821588936880812,1.7645376309536474
sine,0.867019565405653,0.1526944606904651,-0.1196728959332149,-0.0491181094627679,0.4283881320420711,1.2298440250769809,1.7937837939445092,2.390573987309907,2.556885876654874,2.335571706266194
sine,-2.886546793915981,-3.357660093492876,-3.60247356193275,-3.364063924997339,-2.8753268340729354,-2.1618380011658207,-1.565080892669913,-0.8809758130945419,-0.5580055619658464,-0.4882250727446753
sine,-2.6613010959118326,-0.0448238721949904,1.5633589642778642,2.001151333527664,0.0271902588131063,-2.201122656100448,-2.645233013473724,-0.7107696002938244,1.8048815317922609,2.4207181976998853
sine,-0.5420840555640603,-0.5527123296317454,-0.5950636305119907,-0.6253154182240918,-0.6540538925501564,-0.699770056922911,-0.7501361796931507,-0.7760573045025657,-0.8080354071145872,-0.8397352611436272
sine,-2.58893944203122,-2.6964981666048984,-2.4634438893239063,-1.9432472290779463,-1.210870860417469,-0.4236126578651851,0.1519964705934298,0.5248019373944546,0.6154317795292911,0.2933090435785144
sine,-3.4570474965821467,-3.128553089589128,-2.638998611754093,-1.9424422340139107,-1.1965944583148425,-0.4547662048111323,0.2956221612704782,0.8228068358624261,1.412711833798443,1.6199340773646438
sine,0.1585237675460805,0.2519967765894387,0.4423917710801603,0.5491204976306919,0.6896505339306551,0.8165509598188753,0.8772705184592047,0.9868591327552148,1.07159935401502,1.205860380172047
cosine,-0.0887113852163006,0.4970219165821051,1.049118637900797,1.4016983131186564,1.6992632017438665,1.746310327329354,1.620061443962484,1.29245411176447,0.8002783376020259,0.2589469531036935
cosine,1.6163111318888173,1.021211956791265,0.5991600129101237,0.2632112328310491,0.068966554904369,0.0939240990226483,0.2676856132363648,0.572540101200776,1.0248674941553182,1.5827384396255566
cosine,0.0539094510007347,-0.9653841760349552,-1.6870376098639814,-2.1944038645458,-2.291296634097878,-1.946051991150333,-1.3191654699108195,-0.5585449873085102,0.2699236569442811,1.1657356790092857
cosine,-2.8191957895771296,-4.883608746967665,-4.95082503639432,-3.347002172022433,-1.1881563479493549,-0.1435300712034838,-1.1410093342334902,-3.304381287628916,-5.089641686158478,-5.103662332715285
cosine,-1.4128933282744118,0.4675676582336616,1.2030494258077669,-0.102170518862854,-1.7553214828998511,-1.62146309214456,0.1444329742478415,1.1496284495233584,0.1179411127724168,-1.5245678770614737
cosine,0.844172759818916,1.769241818186944,1.7494223695126545,0.8535717091064617,0.3428693384231303,0.9473791198959324,1.8954194019195576,1.7203391080220634,0.7796451811119679,0.2676513554647894
cosine,1.0411401673924583,1.6219069313147298,1.465408982646223,0.7001390282252897,0.3287268566413738,0.6764201174158808,1.3735895603350623,1.6962558934308931,1.162405475945587,0.4007983987447419
cosine,2.2721338565882814,-0.8854723277733997,-1.6377093871918795,0.9941557499671968,3.5146410266120425,2.3873229634178705,-0.6235013206890557,-1.7758315861838008,0.7959023664926688,3.437036119248808
cosine,1.823541557464064,-0.1068753964945472,-0.8380023635694315,0.8532136272023394,2.1976792527639275,2.449130859279613,0.4018936803867309,-0.8466635243386025,-0.0171724282521152,1.8700835753226568
cosine,-0.1059920048281685,0.4480123326894244,0.975267754091106,1.5192355416562648,2.022058890344866,2.489617682233962,2.721778393937633,2.861937919636561,2.67453335578528,2.534193759580869
cosine,1.1825485037660903,0.4848980984968487,-0.0108949734213513,-0.3370893001421768,-0.4722568166385038,-0.2252452377956434,0.3432472970957109,0.993634626550328,1.4545518387200145,1.6137680098470415
cosine,-1.3781827673549911,0.1206731522318143,-0.0405362012898618,-1.594435579628277,-2.6136919385547754,-1.8453118099029029,-0.2233235159966101,0.1718758407275988,-1.177538355617722,-2.5821620879808584
cosine,1.2124357315437482,2.6459349964109378,3.6994942791616223,4.025248800224835,3.782001272078463,2.682554386630122,1.384562224646647,0.0010045150166371,-1.1015564832205895,-1.9141043527522892
cosine,1.200729715150421,1.4754212159570246,1.7808602216464169,2.1875470367469,2.37742956017748,2.4756529529577804,2.333776434678037,2.019973281572274,1.7153088306988526,1.3144768409561287
cosine,3.771122148183496,4.385522253910722,2.944662408312692,0.9067306130202794,-0.5309392574595374,-0.0658357075663629,1.9380293933183284,3.972553272675023,4.3514264567451,2.81270426989923
cosine,3.2038925431327767,3.1137299353230548,2.196225386543076,0.5858383757058282,-1.3691697629781792,-2.4218711565922524,-2.8195123321798707,-1.6699649878967908,0.0235395629553181,1.597167840409487
cosine,-0.8143365092054781,-0.4383145434618541,-0.0546257965621141,-0.040617523355315,-0.1669829788535269,-0.4895063977817275,-1.1653343957117857,-1.6642067781024887,-2.248754004866479,-2.7387902999526457
cosine,-1.7180276818237965,-1.6327192990748367,-1.652527194732291,-1.8572117709338103,-2.054157551591795,-2.195493593551075,-2.1826580977180043,-1.9986114733058824,-1.7924888085993684,-1.642260629443678
cosine,0.6683939065450398,0.2913308431048406,-0.16081642487127,-0.7651128419366984,-1.277365888734251,-1.5881059594333131,-1.6055105831844536,-1.346504299720942,-0.8052601769401978,-0.2853092127490199
cosine,-1.4284647224892757,-1.502062153642569,-1.484912107815771,-1.3966746908840284,-1.325741776710326,-1.1764880984151438,-1.057982093038,-0.8214007084674193,-0.6043192351887307,-0.4330630700201901
cosine,-2.557297196260236,-1.0318193837406835,0.3719383308603935,1.6440064930495548,1.9515106123206465,1.6964870125101217,0.7029471097267241,-0.606146054955745,-1.815895482473309,-3.514755414610803
cosine,-2.7468383316260208,-1.5361746641386624,0.0444553423117051,1.090557185264382,1.3193692759454914,0.7286133604156376,-0.5464759035806569,-2.0641255742928504,-3.027259966582396,-3.1574235839318185
cosine,-0.5991652671646995,-1.2806142840128396,-2.596396236194764,-3.497902339281176,-4.09692158764525,-3.967355327021226,-3.0275411142463637,-1.8092453200458676,-0.4737239598561658,-0.1578664916065013
cosine,-2.594879509548872,-2.953893658542854,-3.2605582615006106,-3.55463062148725,-3.779764192858,-3.901314440435357,-3.942073617102076,-3.8829026964902296,-3.7618766703933377,-3.529774578776846
cosine,-0.6797270605980333,-0.4405602123286968,-0.0576547770374456,0.2934360608131678,0.3108367366195343,0.0042789466955751,-0.3622382644283763,-0.6510351811645876,-0.7693070601047857,-0.3695971080245387
cosine,-2.042422296030449,-2.657415695654865,-2.5899194734557964,-1.9018115335922712,-1.0137727306658466,-0.703807621758236,-1.115971000351733,-1.777093744527021,-2.669652743664688,-2.749454391708689
cosine,1.586553784770451,-0.156050483012002,-1.3704305680606184,-0.3852782790635255,1.5505318986177814,1.595206315943926,-0.0419947563365522,-1.2055273108018392,-0.5526233573203276,1.216865440511036
cosine,0.1602454772755109,0.5223341288968304,0.8357049773754059,1.0819093393701047,1.2326227481516734,1.246287136757255,1.090488201269757,0.8592458380025457,0.5654960975274609,0.1819422641059805
cosine,-5.152515952100514,-3.517976062228689,-1.7795854322864837,-0.1834340887383218,0.2428409949635473,-0.8576041781363887,-2.214627861322248,-4.103035475691214,-4.954055397441334,-4.747525271139523
cosine,1.5972906601779795,1.608910348171829,1.6590150189446071,1.7162052400652137,1.7631649421410918,1.849857614466231,1.9484034492541011,2.0310411528149106,2.150792631211248,2.293134148917743
cosine,0.1315938237964714,-0.1537993144559969,-1.5187022692717504,-2.96465933073362,-4.830520109443632,-5.529637594982104,-4.665896921042318,-3.034475839971993,-1.193015176495792,0.1662981796245799
cosine,-2.230127497837339,-2.2263723118739844,-2.2131937917933397,-2.206161031776245,-2.178160411517255,-2.158307633929244,-2.141030657001941,-2.111637716982535,-2.081046461431777,-2.052724062578952
cosine,1.586241386305453,1.232137277709519,1.0391588253019226,1.297618528892967,1.5937179386718476,1.526097798782612,1.1543794419360327,1.0799067586330202,1.4124863202747688,1.6363726096887534
cosine,1.0156758137078,1.106760559228128,1.3871470539649653,1.6304533105674617,1.8331436602481088,1.9710091546070916,2.0548867915030584,1.9687639295820367,1.751971993566921,1.6040097698061675
cosine,0.9966834754535844,0.5706318428270619,0.2520193497342206,0.1452781315514318,0.1956959233278255,0.4049308949872934,0.8116460955960239,1.2380788413640498,1.6375992058634123,1.9159961880370608
cosine,-2.214464249142629,-3.3207576734617144,-3.3629637932311214,-2.341430486290033,-1.4452585831100666,-1.7517178177911024,-2.9379062583218136,-3.580574356998986,-2.8806801110381324,-1.7241264123285185
cosine,1.535662095089665,0.1308547517912641,-1.88478326196969,-3.044800145279201,-3.466787609432764,-2.254701381482367,-0.3621187208472671,1.3662322946112624,1.9852012774641263,1.3307994463542006
cosine,-0.1402730448736161,-0.572957554619483,-0.6269855278699644,-0.2504503238791353,0.1168732293943855,0.0749312498014882,-0.3211803579930702,-0.6518961783192854,-0.5208907838928576,-0.0986066549476973
cosine,-1.8266319825122608,-1.682486457039981,-1.9718963853274905,-2.5932969675015745,-3.219406557304305,-3.694871241743412,-3.768785170749384,-3.330331259237378,-2.673746850429474,-2.00726202222668
cosine,-1.7933618533267337,-1.223113127483382,-1.2548084545587963,-1.8325761043374145,-2.3823324851621246,-2.2771893386066555,-1.6393109571954545,-1.1572095576000032,-1.352461613968188,-2.0136833162086245
cosine,-3.38054715704832,-4.004734034297103,-3.1133964158642846,-1.5996793579915023,-0.8772361445463887,-1.7424660405312669,-3.4162450985752826,-3.731582730182888,-3.069992855737448,-1.5014630978989985
cosine,-2.5495083629051423,-2.638214614589279,-2.6988948230798178,-2.7760216226175918,-2.8227664751863437,-2.880252886438842,-2.909384559318104,-2.9145578445992517,-2.913461969668843,-2.884130294741508
cosine,4.306930923284357,0.9275439783353532,-0.7848433887602925,1.1644842907858095,4.291239487472637,4.571957205088225,1.5622441448917974,-0.7368813204991802,0.5551270994378004,3.89558622471482
cosine,2.3962490392308715,1.7636405588829651,0.74551585294607,-0.617063395281426,-1.6500815131977162,-1.824309756964788,-1.5861624089430029,-0.4938609049834995,0.8738269946190962,1.7947207761499644
cosine,-1.351746092197269,-1.2785633202377291,-1.2186547864643242,-1.176009195816902,-1.1490576472668923,-1.1362902270666613,-1.144313615973784,-1.1663096347023842,-1.213553268285604,-1.2672963220531257
cosine,-4.784800758292113,-4.824339769678187,-4.863613964931922,-4.90957758992474,-4.927807185249264,-4.949570371882366,-4.9643175625594775,-4.979085597651139,-4.975742923079676,-4.968033085457905
cosine,2.115291750220838,3.5172270552488194,3.4167194397470686,2.274685179509906,0.7910046268804563,0.8865592424171409,1.8818594319026525,3.319795838284345,3.558013171830056,2.762771433567276
cosine,0.2855080051266267,-0.118409847723802,-0.4586131675200512,-0.7548423102413939,-0.8303947490765338,-0.8391338850899159,-0.7227049872987302,-0.3737626635592574,-0.0026783690659983,0.4221579742693536
cosine,-2.4645251403875403,-1.2515217796168836,-0.615474713385009,-1.5841878260885247,-3.0494520426308007,-3.668680013470869,-3.0836909758190125,-1.6691461811414594,-0.5109382917192345,-0.9933080993514798
cosine,-2.372123335842949,-2.2947546693865184,-2.1964969537274444,-2.0342510952264865,-1.877081285406134,-1.7579391836250078,-1.7354710117578098,-1.8062237742735023,-1.9416804739094684,-2.105880524147369
cosine,0.6652663567552551,0.3845197573325421,0.0996544804547221,-0.0697209824152757,-0.2001349763838946,-0.2718491771184185,-0.3021264345125222,-0.2054805133739201,-0.0728006543806769,0.1421961330617192
cosine,0.8089458776021653,-0.1599538548944443,-1.244798104087626,-0.8780999084868013,0.2805799393620319,0.641300523433445,-0.347766671171307,-1.2321929655205714,-0.7188738968276563,0.444086745492947
cosine,-0.9094898844782412,-1.0831406651840323,-1.2269402930726307,-1.2891610954737218,-1.3002783319125673,-1.2460404808263734,-1.1432627437334628,-0.9618699016586184,-0.7640876282300019,-0.4808350258302757
cosine,0.5561924265962235,0.6426601966264182,0.7155632547295845,0.761634700216119,0.7762746164018599,0.7782213525900575,0.7565469461585644,0.7087017272049706,0.6552725322108329,0.5567534166317083
cosine,-0.1055411569577761,1.990369219005872,3.861895952367671,3.3968942341212123,1.3625998640593229,-0.1314188900177572,0.7848992489934571,2.9379648396881066,4.005988950433997,2.428216419628138
cosine,3.332746995596158,1.364087368787798,0.2839713608196251,2.06827949105003,4.259529415989395,5.011271023120762,3.812074681196653,1.435496185456301,0.5899955588611902,1.598826678096781
cosine,-2.447114334252446,-2.452127482098964,-2.446598869461517,-2.36253421988704,-2.291409638015636,-2.1548746564990826,-1.9454616405522167,-1.699166978847854,-1.4862875186504674,-1.1861145443514074
cosine,-5.466133009176486,-5.339397262995355,-4.61365684702729,-3.2169548728005326,-1.411421895537448,-0.5262503594227602,-0.2914512542578085,-1.083334663222086,-2.354166226636217,-3.914387593591736
cosine,-0.7966438474880619,-3.768386032968524,-5.303857131845962,-3.7068914067100898,-0.536499400134296,0.4515443291970589,-1.8332824307496165,-4.702680553527176,-5.0128714054296895,-2.3641945513899114
cosine,-2.241650052353145,-2.3271274877321213,-2.3965089361979097,-2.4475349188131776,-2.49284304795006,-2.506243903733816,-2.503415655112026,-2.4767344125468385,-2.4268240463100814,-2.3634470712869398
cosine,1.426672791859775,1.2134687300374745,1.039957581797249,0.8738822753605328,0.7840141228774468,0.6983324601735895,0.6564055394983199,0.6600241989937253,0.706831305723534,0.7880871052063114
cosine,-1.3577383322930376,-0.6036130946709465,-1.1769473547329508,-2.4921021607701577,-3.407052257299405,-3.0716477383271585,-1.9072914793900868,-0.8373665735985942,-0.7532649845652412,-1.5936514735982563
cosine,-1.87743674378572,-1.5507469795269249,-1.422341411289941,-1.6871723836501835,-2.0956720467058862,-2.383173909575181,-2.303008656953674,-1.9346108013965235,-1.5069796501304944,-1.39270329429355
cosine,1.161803397026711,3.203946200321538,3.891817542986241,1.715849880673749,0.0366968876298514,0.6134419226366082,3.069517229576564,3.826127387802972,2.071147183807402,0.0687325378512766
cosine,-0.9244785984905866,-0.1815652603071372,0.7684845422961,0.6570291490600798,-0.3886317051609423,-0.9020391117183988,-0.3918125762904446,0.5147932455710457,0.814603336544814,-0.0564490945577016
cosine,2.3670793056713406,4.394399567580608,4.270528664328725,2.189007757762444,1.0848093604555382,2.457302052009148,4.334854879268175,4.127652407787459,2.0189486230902065,0.9646924884428312
cosine,1.031265746044078,0.240713351588809,0.9450835645718074,2.172334968435913,2.6581384602668225,2.0572733942848096,0.8277293791170605,0.3330225875837559,0.9854739367962072,2.3602431022472885
cosine,0.1574937873192409,0.563292052563896,1.8921793916312448,2.956148512429898,3.3621631115378587,2.992022332546395,1.756351231502517,0.6130901274115415,0.1358097598164622,0.2931798322866124
cosine,2.0348261967320105,1.4276375485655688,0.974418124009408,0.6952177081146393,0.6058402313710536,0.751447217865618,1.1317864294219722,1.7051208245988208,2.338766479775321,2.908860978033482
cosine,3.7618591582642256,3.7046294591179145,3.681450987305176,3.5468388234668,3.4650813507324,3.3197051130907727,3.1845686470962318,2.952826640577492,2.809864979147021,2.556534594241816
cosine,0.8878480947923082,-0.0892688956436826,1.1954987085482542,3.189830513474456,4.846673810628802,4.999313499135237,3.5026142505010056,0.9689322749465564,-0.0657143090283911,0.8684871455843234
cosine,-0.8011604508301671,-0.9017708009866534,-0.9720351916799316,-1.0415140427620977,-1.094712046896405,-1.128748617647803,-1.1468756464605452,-1.1641366492537637,-1.163891296027525,-1.139952371081475
cosine,-1.4990965854415712,-2.280414179997752,-2.3442611139411573,-1.6667060592736458,-1.1314629595149464,-1.5219787790869028,-2.1956676212627646,-2.4131343521384063,-1.773947874088552,-1.1927977416533009
cosine,1.21625296592894,1.2906431799499878,1.2096975425174472,1.057540285892649,0.7842316779174984,0.7128912267512806,0.7155571165864197,0.9268216915873952,1.09625668028841,1.2586275434025664
cosine,-2.6890143823850208,-0.8840943804287712,-0.5372682881303914,-2.133274619448499,-4.126077099942706,-5.145579404197076,-4.33457465741098,-2.3180561315950063,-0.3506304093441733,-0.9451854193868546
cosine,2.597355786361676,2.925249768029626,2.968811275148913,2.7289670683853364,2.4418592387847142,2.5193961915532226,2.8560150899680687,3.0359357448524045,2.785320032568237,2.4628171276714204
cosine,-2.661991791529902,-2.767449853519893,-2.8721637632108923,-2.9537239505845845,-2.992658034808324,-2.9985428102770157,-2.967532056147903,-2.9148720175284164,-2.827834590999447,-2.7082026241685746
cosine,-3.773097935906253,-4.351729223168296,-3.684997496161828,-2.468873496885715,-1.6007948111415302,-1.86403155106787,-3.112703436737501,-4.135446925710746,-4.209016396614592,-3.1766946170357357
cosine,1.2653917505639487,0.4773829552658415,-0.256815853005656,-0.9549472883270452,-1.521175533313655,-1.8916782740475544,-1.842462479608881,-1.6071358499706423,-1.137473564899419,-0.3378336946501721
cosine,0.0006628324907092,-1.8908307231530253,-4.559816838616811,-4.584467776319314,-1.6455560569365857,0.1018537640553374,-1.6368183582527849,-4.416752650815443,-4.717212540375612,-1.936238954760921
cosine,2.231601868852323,0.9211138476217614,-0.4926025642308532,-1.4408764181459115,-2.117985718050076,-2.09479582247212,-1.270309302170349,0.0462716366956667,1.6926429030104972,2.326645030575249
cosine,-0.2627325220089549,-0.2612840482433416,-0.2569739111030259,-0.2565670845545214,-0.2625340606459974,-0.2653578543018948,-0.2715158025381143,-0.2798274442433575,-0.2935475374722369,-0.3036665189332904
cosine,-2.455771002270817,-3.407143625954218,-3.544405724260189,-2.677197130741748,-1.9792363484340385,-2.32412818968656,-3.3009500690849625,-3.640053935158439,-2.856306792200807,-1.9917291044678087
cosine,-3.302820838106701,-5.082331475560526,-5.347355406387784,-3.237799629654706,-0.8554864404436888,0.0331219066165539,-0.7647375786519517,-2.636708896618328,-4.214142535621113,-5.320605406833447
cosine,-0.2599667648878627,-0.2561871038324367,-0.2552966373061028,-0.2540201163919859,-0.2555775458189167,-0.2581935246353707,-0.2633749962819483,-0.2699135753762067,-0.2759759619436548,-0.2841629010080759
cosine,0.2112284300907978,-0.4730824608540982,0.6672988647186929,2.752289754164228,4.098982341250816,3.8794854070888207,2.04022114833068,0.1089624300437376,-0.3607391604559598,0.6659521761160543
cosine,0.4745258576557235,1.909298330558713,1.2556085963975188,-1.1262829602924955,-2.713941776766714,-2.7220848690271926,-0.5572368583132974,1.918683974029331,1.465787292309744,-0.2933645450267408
cosine,2.6853770918596664,3.448580752861447,4.203774841520747,4.643578858047639,4.887862039991382,4.828773343456482,4.45127816460248,3.766416492007511,3.045702331612569,2.24922961410364
cosine,-1.638187075672139,-2.3080557411820743,-2.735441475768533,-2.904594161150513,-2.740574590502542,-2.3735781148244097,-1.7590576125817878,-1.1100822232838472,-0.2915257257814747,0.3901065170165882
cosine,-2.0673402673974324,-2.6264177440254253,-2.4808465140286104,-1.8391728846689144,-1.4591677835379333,-1.7509852896532463,-2.388416762620168,-2.62917768672478,-2.1747196891869693,-1.5616225558488817
cosine,0.2102863019593809,0.4493956834339069,0.8111648968803211,1.1231449777460485,1.3709374133794767,1.4419799760004302,1.2867118262345,1.0026746899983017,0.6036514069946244,0.3730904860128796
cosine,-1.5169445602418357,-2.049306484217887,-2.3361139143502485,-1.9871892084061769,-1.4235595678019144,-1.2331819840594291,-1.6562293845824527,-2.186918123441859,-2.296240971229333,-1.854212487219172
cosine,2.1766046699618067,3.694336415324252,3.8465869028752113,2.762394593362391,1.6165149384823625,2.1563049629358964,3.49959060956826,3.9223837526392487,2.841764838011692,1.737178672594902
cosine,-0.5706261281953491,-1.380729863836931,-2.067678148740435,-1.705157455119,-0.7901823531301256,-0.5883990076543054,-1.4602511285677011,-2.104249034277472,-1.6978710148782934,-0.8099235059826195
cosine,-0.6159875878412986,-0.8089651986554128,-1.14314693378226,-1.2520399755382643,-1.4895749756708094,-1.5899461842554037,-1.741164044311001,-1.764751708036301,-1.9756611553202617,-1.9896789132099264
cosine,-1.111147227020834,-1.1242340110904516,-1.1309939186486009,-1.1207264642446664,-1.1006918947818394,-1.0693661164159023,-1.0274699125643398,-0.9788399786321016,-0.9195846312546436,-0.8428561001704515
cosine,1.4842849279286108,1.6662034885623356,2.1549790816859216,2.98765506616924,3.4495769386968607,3.887140146304964,3.811746528042298,3.3769406153403585,2.657600197485369,1.9749452959696487
cosine,-2.300546936060712,-2.676499900768625,-3.1602659803986306,-3.470442359922253,-3.568001180488946,-3.440705734971538,-3.1269783266035884,-2.646027025817649,-2.264299692270949,-2.109750611088006
cosine,1.6049392679371193,2.346762457601099,2.5148401002607867,2.341522614258118,2.134509468008797,1.476887727858955,0.3678013024170009,-0.2948161909615048,-1.3374561251992374,-2.2995051343246407
cosine,0.287911412388752,0.3217854600257344,0.3284249580132319,0.3309139036655175,0.2931370382792601,0.233958532035948,0.1806614338524413,0.0923018492474689,-0.0114419058057696,-0.0988195159311424
cosine,-0.2849701964026953,-0.6249338923093044,-0.8721496062691927,-1.0627719496633483,-1.3248063164645736,-1.3712773117561576,-1.4631969114244032,-1.3814790411458886,-1.3235098063026771,-1.190237029725995
cosine,3.626835063673005,5.222959004639845,4.341598798805015,1.593657679518823,0.443986527565285,1.887812159923687,4.597251816295256,5.296798670380113,2.944276805004361,0.7019050976308813
cosine,-4.253347425025678,-3.455534681253696,-0.6998228345701609,-0.2695415731696035,-2.693231802487674,-4.317264367847486,-2.7241639395576525,-0.3964425388386434,-0.7273704127941869,-3.4299101319610585
cosine,-0.0258025048790845,0.9397229158803496,3.1635045813306664,5.109391758881429,5.779014129012451,4.625077326582226,2.3664977236001654,0.2683153894973259,0.0998508028897415,1.6059147687118775
cosine,-0.097549457185384,-0.1332367870503543,-0.1525721331615636,-0.1682349491091903,-0.1691250272139116,-0.1510599896835884,-0.14171546497822,-0.1199940243417052,-0.0743041577157359,-0.0260265647518958
cosine,0.3743298993791542,0.909050949493142,1.417829539704362,1.8685711294382648,2.111998768779753,2.170786984077572,1.970572017725534,1.6292106499407544,1.1791612673300642,0.6506093820652614
cosine,-1.658731439113282,-0.7424281131276036,0.5894583788190775,1.5566574654406662,2.253805870696272,2.500478870584881,1.642965669331604,0.8178462068728896,-0.6477306574699344,-1.372887180366749
cosine,-1.0868613229038684,-0.8051809935439775,-0.5564090146328806,-0.3392001225172389,-0.1001342532193055,-0.0784476757140838,0.0009775944207395,0.0723360181192588,0.0278199253805055,-0.1190180203850619
cosine,1.0183769434376897,-0.1229799403197914,0.4781428227862679,2.682313280537213,4.785065614714185,5.286707920729468,3.170896553113864,0.8681042900658323,-0.3022891671340181,0.5722745876564869
cosine,-1.063102753646876,-1.262942964917006,-1.4201607872144415,-1.519649948496721,-1.5810227668426589,-1.5929402384775175,-1.5433005859671938,-1.446785810100321,-1.3089881378802426,-1.126989169431618
cosine,0.2712694398874088,-0.7313480717396529,-2.575343460047512,-2.4885407737167187,-0.5561626900123684,0.4950340866125162,-1.0743481060010465,-2.790136545127042,-2.3370477863738097,-0.331636525845521
cosine,-0.4925719386677593,-0.1002051557065339,0.7826269248434209,1.862595237148548,2.2658417283849306,2.176632812040924,1.412368024986651,0.3371023937823378,-0.3267268205964835,-0.5194243488800595
cosine,1.470296703094126,1.2335741087231455,1.0795243648564,0.95540534083103,0.826349648504682,0.7487844972109757,0.7293491912792558,0.701373984870875,0.8100298258957612,0.8549739847922179
cosine,-0.2590212399076015,-0.1033752335234123,1.3420057095091802,2.9019985122955947,3.7345293464165,3.3748808937498134,1.8950906328332355,0.3033235434311832,-0.3656152507325654,0.3969662934575502
cosine,-1.080231431551666,-0.012576894736488,-0.1082836329087421,-1.419963588882456,-2.1634174751114448,-1.3302971488844872,-0.2181862549133369,0.0212102537723116,-1.0979576239765845,-2.068968874706858
cosine,-0.7095731106436169,-2.9501507989150277,-3.9731504369936954,-3.0777428689908506,-0.778215466004693,0.2397970575753882,-0.6938294308471287,-3.056273675410061,-3.8127214717802183,-2.9531589561800957
cosine,-1.9667905051307717,-1.556485245896135,-1.1670511971924475,-0.7355325604646911,-0.4943177438424262,-0.4263802853603391,-0.7763783554469127,-1.153286366479075,-1.6067130596805208,-2.001015067627669
cosine,-1.360474489518226,-1.129637229076384,-0.8990069406155229,-0.674171612138288,-0.5319164535114947,-0.4388227096120891,-0.2858464080467071,-0.2257440315841772,-0.2083183280140599,-0.2451344642365451
cosine,1.0413298709738117,2.360294363302968,2.814201217904415,2.081532710010857,0.6862793377431973,0.2078771746207889,0.9569072244212884,2.266502413135938,2.784552611294559,2.101728974509101
cosine,2.400171092642178,2.4563740046297653,2.47700557673608,2.491247038693558,2.4761858669356864,2.4432607069032053,2.3979664669697827,2.306709541824641,2.2207413736701107,2.113146841581843
cosine,2.9371857566789323,1.9347509887296483,0.5958214675227088,-0.5330496194975141,-1.076090287505009,-0.8673328875475317,0.0148546095562341,1.2982207207438723,2.546850633897215,3.3558362313852075
cosine,-0.9931686631692038,-0.8408763480966616,-0.7328330861922101,-0.6768923516142544,-0.7580777011533957,-0.8744786777051617,-0.982518588292434,-1.2512696452079028,-1.3928965751082003,-1.6811847728314209
cosine,-0.7676234157124822,-0.7853292275262074,-0.6563035801409562,-0.4437774234947611,-0.2761216965646159,-0.1850563379941873,-0.2247909172527055,-0.3968099545958595,-0.5830351165558945,-0.745719228942422
cosine,2.3890116041986675,2.6757465840727988,2.959385805434419,3.224393117645044,3.459821592536907,3.635366505287932,3.830574842909866,3.887095350050768,3.9855825422862265,3.980171799700449
cosine,1.8555985404372413,2.2498184919601174,1.9818922252566245,1.3371407521873784,0.7919739695584018,0.8212992623176885,1.416169915290512,2.052733836624009,2.2296949022853982,1.8068399443086056
cosine,1.457222746554379,3.061129824406005,4.295134158314879,3.530068202566859,1.7919443361370575,1.2864434007115308,2.657392833548678,4.186669060772346,3.800137285311029,2.1026607242816824
cosine,1.8582115203173992,0.9309090694685755,0.95605093083834,1.8970464610106672,2.5143760252457965,2.087654711667973,1.0951621094654431,0.808414817069334,1.5378704444368718,2.3542954473648745
cosine,1.859479381262136,2.3765034034050254,1.295978920893389,-0.4106718436238337,-1.9647347309778511,-2.352235742083414,-1.5269039947605956,0.230441470017277,1.8216330859576848,2.335777473710701
cosine,2.55107916477601,2.841728807329217,3.033510209177595,2.937700534812436,2.6660795558414265,2.4542280787342845,2.526140911343979,2.8083348840442497,3.0423975009269952,2.95679822012014
cosine,-2.1287306724796995,-1.8749029612583104,-1.6385030570969874,-1.5231493024099907,-1.4726523030062892,-1.5192758165071314,-1.6425538722426194,-1.7909130516703329,-2.0812410254904163,-2.326398667874922
cosine,-0.9300758897089912,-2.520218183772038,-2.539972634573352,-1.143422439847362,0.9678466056902316,1.8423346057073915,1.0062482731552822,-0.8657895563518032,-2.43081597015116,-2.753750289057457
cosine,-0.7947930115176026,-0.4983692766671134,-0.253993578967646,-0.3692155379737751,-0.6964911201836598,-0.8645011920811195,-0.6916051975685458,-0.3747953563561464,-0.2587935884814391,-0.4965322638044305
cosine,0.1964614081712531,0.7656111974223436,1.2859968596034654,1.717626468896925,1.897361543835003,2.0009820869408634,1.9943309439100871,1.5268086102375489,0.9948922365414944,0.5687462802371849
cosine,1.1763506950908285,1.1233603429013517,1.0703040910140398,1.0110872705277472,0.972781429018898,0.928105235838065,0.8798481359075161,0.8602148873647059,0.8215465941829809,0.8036942052429852
cosine,2.575025463916999,1.2449320011352825,0.0708347088448962,-0.4150184981498317,-0.5212183491970054,0.1729498627439123,1.2798004895343196,2.768349527206275,4.012808770623518,4.567450383998235
cosine,1.541295191562258,0.84917694817781,1.85198416516993,3.8747602874025775,5.181652148964276,4.748020827320397,2.940593204783566,1.1446125286365507,0.8274309245346572,2.054104716302885
cosine,0.4021884735198711,0.4598920684470577,0.5983841840059936,0.7535677724662728,0.9118632108195476,1.0112186526315752,1.02506053596103,0.9378323447933554,0.8040345380819452,0.6249454615345326
cosine,-2.1518035461888,-2.402476120167834,-2.6145778546409684,-2.723843179429664,-2.6888087680945607,-2.540209743993844,-2.3055222228198966,-2.090256042988309,-1.8778893043809708,-1.831236655228236
cosine,-0.8871267263071575,-1.9992553581525137,-3.016396993814908,-3.9163193846257145,-4.365026614409528,-3.7826211409994346,-2.9015860306443853,-2.035831834088826,-0.8693043081292129,-0.5440806068186358
cosine,-1.963138496730323,-2.3213002318339715,-2.6606076852033147,-2.915779263709494,-2.89955868944672,-2.700675319180742,-2.3439247669749017,-1.9671588169257497,-1.90371469022482,-2.042435037464691
cosine,-3.136130536035051,-3.2900803385619053,-3.3521030145124144,-3.3593477932295643,-3.268819877173951,-3.1328991156545047,-2.880605335493488,-2.6252910343044285,-2.311844772559901,-1.9928268852410165
cosine,3.514975992283304,2.7042059073961537,1.6705483609534573,0.7545192873133133,0.7536796921778957,1.5775316890311408,2.658576073485067,3.413347466419938,3.030612887058965,2.5213099985203744
cosine,-1.6059534807978508,-1.9267153522951224,-1.4138791819694,-0.4254053488644871,-0.0861085748041062,-0.5473762513726357,-1.4920655685803628,-1.988957342664039,-1.5253035049737158,-0.6425544967308561
cosine,-1.260884025243913,-1.4381323116270766,-1.2760860132601877,-0.995701532521936,-0.8073928681449036,-0.88781633633689,-1.1973452898979051,-1.4034437164794669,-1.326888600589175,-1.083543260009047
cosine,2.312358635684318,3.7765360879179086,4.308075040993296,3.188187492637605,1.8706635336677884,1.7540130098499376,2.84359670886668,4.026942235881899,3.941636563181951,2.6327453380832577
cosine,-0.4190115442289915,-0.2975399888226991,-0.1003608450874257,-0.0765811445352827,-0.0636475170156205,-0.0634112759406543,-0.1200415342058802,-0.2240553393970099,-0.3291075799237037,-0.5344861812314705
cosine,-1.5086935944038156,-0.8508196050560082,-0.1171338544262236,0.5759129090469647,1.0140642574207646,1.055277997244354,0.5668751404674552,-0.2406599726311262,-1.0488545401402511,-1.4937481184294958
cosine,0.7201786022534199,0.5812634745865919,0.0583484809758146,-0.4211581509796719,-0.7889611858386953,-0.8325695864652797,-0.6342108658559702,-0.0786601693700208,0.3782969736387552,0.7423127672388158
cosine,-2.4904024633083983,-1.0785666727458247,0.4082155507500063,1.3901148320193693,1.2932409581033415,0.1507576937847157,-1.3097530059252616,-2.696818409662765,-3.112817063399282,-2.3551521517417053
cosine,-0.6270868488071152,1.42437662778521,2.21424059882424,1.0088221117196368,-1.2127050944430342,-2.874680301697341,-2.470561796204956,-0.4220392381592739,1.62375145683096,2.1662402069866107
cosine,-2.390400370504016,-2.60721819103868,-2.7402941238479586,-2.820591043006378,-2.834679441730436,-2.779671466569447,-2.670065150547944,-2.5132760535425085,-2.2670052294123444,-2.0245054299474448
cosine,-0.746745871978048,-3.0719817478745903,-4.746434742036234,-3.294342742153575,-0.5738847305969101,-1.1709152313779294,-3.558558360438362,-4.712795474761696,-2.7040670016812958,-0.5028689773154636
cosine,-2.372565942314473,-2.3713350401932645,-2.061473249447887,-1.5443148074591269,-1.16136066102975,-1.0120898191076833,-1.235105371155902,-1.690206645238015,-2.170171794335632,-2.419828013094631
cosine,2.100316992101041,2.5745156835621787,2.0761816115716725,1.1728289457902752,0.5055048868502592,0.7753912334284914,1.635752142747193,2.487043444670025,2.3869858877822345,1.5833608193597817
cosine,-0.7858492870320316,-0.8225596121632915,-0.8435523571070145,-0.860141053062803,-0.8556157388664075,-0.8377827766211008,-0.8183813406780387,-0.7829515400661752,-0.7366137038031334,-0.6833104249909668
cosine,-1.8570926284268048,-1.9578515080832983,-1.9741462148555764,-1.979767260638996,-1.940996150229833,-1.7820574477765991,-1.6122034877065667,-1.368619215663342,-1.1405014170740335,-0.8985095695188878
cosine,2.591599238491523,4.908641146151219,3.9519319891711375,1.1220152240213308,-0.5464761776570306,1.0411268587490672,3.986198387227895,5.0129653331146,2.626303734018603,-0.0989377403308159
cosine,1.8084203716809144,1.71096742014987,1.521774051460129,1.3002187041375608,1.2035649715579784,1.292587488763056,1.4873046642881949,1.7191548559000411,1.8303247484302836,1.7608187343726454
cosine,-0.3294720012529589,-0.2174986409019746,-0.1102482876439905,-0.0073539875360087,0.0524202103293006,0.0768419121865041,0.0915880511490438,0.0504304458409539,-0.0052316069532359,-0.0994062315442868
cosine,-0.9939302050252192,-1.0130939123317224,-1.6188325822887075,-2.425008962177304,-2.86767581693711,-2.808340567400318,-2.028358306285031,-1.2569601859737505,-0.8760948330571637,-1.2611154188281606
cosine,0.2236316760207216,-0.6322007900887557,-1.5907822970101582,-2.3773563432060976,-3.040945031487204,-3.24323939012046,-2.9916614195997995,-2.2600111908081413,-1.3848303728834734,-0.4280855666001107
cosine,0.7811127636285166,0.6885836254095462,0.9225361285227436,1.342331682949088,1.6361576085841285,1.5851667543091852,1.1888113302118433,0.8187110377973141,0.6538057082494527,0.8513129494901794
cosine,3.391529452573167,3.586693799740715,3.638018124884724,3.634583625581465,3.656798777875644,3.5004637779736587,3.278398121821116,3.0584342013199604,2.6582220990958088,2.3482920530976243
cosine,3.1559063501671307,3.495345792437767,3.769308478850576,3.975329611990842,4.110612281375971,4.14332147589235,4.094980532404261,4.001010808960464,3.801980654026063,3.5401003591093345
cosine,3.4718557047270417,3.91754238236897,3.105539496574277,1.4187446416682734,0.1477356702353796,0.4987569367087023,1.806234226263872,3.2558883741768345,3.9417349723112274,3.2067494457140278
cosine,0.5204755141527317,1.4897495526435158,1.1341408370106736,-0.317332845751247,-1.312512191986211,-0.7958074433964757,0.5842705655726929,1.5248817656649345,1.0032739438781568,-0.3478304555095726
cosine,2.733479713956732,2.954082236004282,3.1517833289438726,3.3315924873885288,3.479360000630151,3.607635676675934,3.731320335827998,3.828911022886551,3.865612868440692,3.87215331114155
cosine,1.966338836622932,0.1844938287030751,1.3178287092425771,3.859051418858434,5.02219466235125,4.072381307035541,1.3079362913817798,0.2260845356506043,1.9248953316377124,4.298645094965992
cosine,-1.5117283289569612,-1.18145883355447,-0.8945857309943739,-0.6235326248917095,-0.4042236470650373,-0.2500386344219912,-0.262008556065937,-0.3717329720313388,-0.4714948429244383,-0.6716958264731778
cosine,-0.2419255231307617,-0.8142545238235702,-1.3941762494447174,-1.9146631643582772,-2.2845909961850843,-2.525148648290452,-2.535905713771397,-2.509415811817997,-2.203687735036983,-1.823600085532006
cosine,-4.26133095360503,-4.522058479600467,-4.674865049581779,-4.788836480629882,-4.726824640310124,-4.587901696019137,-4.342859360811151,-3.94410542811086,-3.526073078310318,-3.041890323983951
cosine,-0.6402045243220937,-0.293124025173162,-0.5620476829143629,-1.2387007099664658,-1.7415949286569292,-1.5890186707318563,-0.9505940643753084,-0.3629433396894815,-0.3651869203353635,-0.8816711746617751
cosine,1.8279634050476607,1.846931789819936,1.8595669743887144,1.8729528111912652,1.867801365253985,1.861462358913444,1.851199749966256,1.8296548584833408,1.8044251422708129,1.7726369970196758
cosine,0.6030571134898774,0.8415263194378613,1.6320766139367555,2.7236110645235114,3.598198690986884,4.087362469875599,3.5997491773585915,2.5684625807836228,1.6403172473083572,0.7756290181044332
cosine,0.0333352122479313,-0.382388122059884,-0.6979078898214668,-1.0592339819867906,-1.2325625567155445,-1.1705299858101172,-0.8241968886719401,-0.3736491624920008,-0.1597191180722287,0.1277366543994815
cosine,-0.1079661374534982,-1.1307783003480358,-1.7378305015179052,-1.347584869307717,-0.3615688350814995,0.1890952188933097,-0.1653561285073581,-1.1381270659928433,-1.6704632260359014,-1.299878615183609
cosine,0.8065304431485352,-0.6122893500973828,-1.3818710748697036,-0.6262378408948288,0.8944430072047768,1.3444265343829265,0.3827126261507039,-1.0838821501882154,-1.315266579855614,-0.1262169289075177
cosine,0.4336768968267178,1.8830949490671416,3.997838742776176,5.108262257785943,5.671841145741081,4.804615614237186,3.572838898272216,1.6555881744675285,0.1630167949276139,0.032329264168055
cosine,1.6082276340940562,2.4531188283013456,2.3863690728881184,1.5907082115469984,0.2288492834146074,-0.3245023438736216,-0.3064319533917005,0.6608420245641919,1.8326093176047469,2.646957874838589
cosine,0.6892988139193819,0.7272393333213374,0.7368500461132601,0.7589422988271741,0.7372485879269257,0.7170733959230816,0.6623653530350198,0.6018763085235975,0.5114220814518347,0.4063261667415225
cosine,-2.219293867893032,-2.474536580638012,-2.581979286165793,-2.639165863944384,-2.5845481674400888,-2.3837457662630093,-2.1841459094869853,-1.942830778942024,-1.7376824769926629,-1.6470402776091502
cosine,0.5956028017164485,0.9309446257884718,1.0275850679842096,0.7528708117257352,0.428122057700559,0.3984535302786693,0.6640477451250764,0.979207787814177,0.9926428863418244,0.6727892178314033
cosine,-1.956734661649496,-1.6510048167684712,-1.1325010277837613,-0.6730703171995362,-0.4475562913100648,-0.5787676886382975,-0.9802080119379514,-1.5209894116729548,-1.930156932032624,-2.053179765739725
cosine,1.244053950445586,1.3877232971093891,-0.3043994236533603,-2.319987255849433,-2.985210938761989,-1.6261047561476123,0.4479765570359578,1.6396694516183667,0.7128706175433116,-1.3791380696151458
cosine,3.989297199467192,4.156488393157859,3.272860765736336,2.107044061317846,1.0290289257817389,0.9499963704671124,1.6942073926287196,2.9217303569266275,3.9195558343460943,4.206877766323244
cosine,1.573760006224959,-0.6401885841878064,-0.5110101198956949,1.720455231618227,4.060797223059065,4.863438718610692,3.0666211872933524,0.2259517169579409,-0.99742339360544,0.2891760490177665
cosine,-0.9357768481638378,-0.990585015974884,-0.9987767889774316,-0.9952066239047208,-0.949464213623652,-0.8982415833266405,-0.7971857170378699,-0.6566127694960852,-0.491402710826497,-0.3115177461279056
cosine,-1.4563931631933422,-1.9542682719263988,-2.2466707568476068,-2.341643680092137,-2.237616762862569,-1.849645036360304,-1.3190366920345824,-0.699842227798287,-0.0497405115737537,0.5543205280111415
cosine,-2.2689906156834727,-2.257599126152808,-2.02898260176405,-1.8346597139175933,-1.7094427278642386,-1.7373425227321064,-1.8654881030405848,-2.066217772329431,-2.239844144339576,-2.3047520830722856
cosine,0.3259276823155995,-0.0439132279339634,-0.2142730978619164,-0.0143563693919445,0.3559655509267579,0.5730403389455236,0.4415169953603421,0.0783364034622238,-0.1900620125410829,-0.1250017288314089
cosine,3.2801536862686453,3.314500201044849,3.340127909838831,3.362190298098418,3.378311716941587,3.375558529725209,3.3743375133047,3.3625710212668145,3.3375406768510074,3.3147815702928725
cosine,0.3948435414293298,1.45237057338523,2.8155682331774443,3.671457745706353,4.297501865630952,3.927327437130141,2.9320142735218337,1.781977457906477,0.514095006746107,-0.1669495744260475
cosine,1.53689023139489,1.818232748848871,1.753028350610237,1.4817737757922875,1.0271776680259417,0.7235317610300795,0.780282886311724,1.0350464986373706,1.4513462407567683,1.7138904494270428
cosine,2.317664721083541,1.6202637185237316,0.4831291665825891,-0.6873675662201004,-1.5166261871411928,-1.5497638237578355,-0.5452453959406584,0.8189747499458414,1.92901498428754,2.167221893583801
cosine,3.301298567060232,5.6102060462304175,5.111461080894931,2.561169719786604,0.0891978223637096,0.6868337802297443,3.5237198640870098,5.535428752255562,4.90238090146616,2.2867809680023763
cosine,-3.345958439637575,-0.9905289166666216,0.4354478610389719,-0.9855576089707632,-3.4753946982563435,-4.296904964175456,-2.4042341990862197,-0.0199354196176291,0.1344907800468122,-2.026872609328942
cosine,2.7699724858267123,-0.0420892503216244,-2.795404962773441,-2.165006430167918,0.819214624604771,2.9464661430698045,1.442482799782296,-1.8980848030810884,-3.0299760335117165,-0.5863545655385431
cosine,-0.0191846659766833,-2.0659230870305847,-3.555809481573563,-2.718818112379895,-0.6810297406745112,0.4272417501470658,-0.7653550822676043,-2.878370309343452,-3.5990933730806423,-1.9560070330702373
cosine,-2.079741815604292,-1.936778025228652,-2.016063378753373,-2.234613845791355,-2.479299502995934,-2.55167016425039,-2.418632212938144,-2.1551137305860038,-1.9716034080193456,-1.9534082378206368
cosine,-4.256939167991704,-4.865013486935255,-3.5005257010738022,-1.6706900813011645,-1.0806188044730891,-2.243335426428813,-4.08825692147713,-4.884262297125037,-3.7890734941927335,-1.8372370032507812
cosine,-1.680626608520538,-1.254436910719226,-0.8944822165771966,-0.5770699370619419,-0.3619789907844013,-0.2356061576929289,-0.1765328036279659,-0.2247238525939739,-0.3488203624707535,-0.5752951352219944
cosine,2.791914581167397,0.2995380966198842,-1.5669763300945587,-0.6383678744910407,2.036517415123995,3.1045407106357046,1.253138419999068,-1.2631673261820584,-1.2538355193197992,1.2730955135280144
cosine,0.5117338277843998,-0.4300897544274978,1.3281582096341562,3.5799918171533536,5.346839832036925,4.639239689642134,2.6990699121271358,0.4392210340187087,-0.2422923779958915,1.013088483367644
cosine,-1.501373688393545,-2.038990311832932,-2.5949504335201725,-2.926026781387211,-3.0150470057415446,-2.76347762800468,-2.311015800399513,-1.7312783917132668,-1.2366638160208812,-1.0141623232365695
cosine,-0.3605560291981413,-0.2678122861854913,-0.1929710316291068,-0.1503082663815769,-0.1108909671279019,-0.0815515358980471,-0.0952039856979633,-0.1151389342090126,-0.1635036837883773,-0.2387672588192171
cosine,2.943898969602822,3.963193027144428,2.958090168858141,0.550182082350183,-1.1092731228736634,-0.9007270650521236,1.0683844532828577,3.441235641815214,3.7466410342014873,2.5483669612155326
cosine,1.732129306589003,3.057460291335339,4.007113259654088,4.548608758763588,4.2405086888047,3.4915191597781954,2.156553178363564,1.019719164927835,-0.2182471109886196,-0.9238252702184386
cosine,-2.517526816127244,-3.81534475577858,-3.9398271442443433,-2.7102799010755154,-1.1683962859681634,-0.3361244158470725,-0.6414437011920341,-2.256565142805105,-3.579581096837039,-4.0256911347028685
cosine,1.7472470846017365,1.8520222623072984,1.7586198145650913,1.505357531240015,1.3043698695304642,1.281852465467895,1.4648272677685026,1.7088586607052545,1.838365903806156,1.7841977991399318
cosine,-4.862260249378429,-4.987116928395317,-5.065705067948948,-5.15068620210706,-5.224139750060998,-5.279051481021738,-5.301675817455639,-5.351957779544886,-5.414164917447591,-5.432595596993242
cosine,-0.7144840473394433,-1.0705770331672773,-1.2332480690672074,-1.036736737710802,-0.7243678629809711,-0.6426114448015642,-0.9013269086900322,-1.1932049988262283,-1.1623526519314886,-0.8378941830349693
cosine,-3.2991681528536407,-3.929721906329189,-4.268075318458734,-4.525669744938385,-4.225959959670023,-3.762081603080635,-3.1321418890681705,-2.485437622696021,-1.833143293798549,-1.48169154516399
cosine,-0.3081170395839445,-0.1391905739715224,-0.042307366191263,-0.0813435213827797,-0.1344811566429479,-0.2450822103134707,-0.4139213654421245,-0.6594419785802562,-0.8990319523236807,-1.1770218875416874
cosine,0.8238572199769137,0.1597914889991438,-1.2332355534216368,-2.1803437278755724,-2.568631065731472,-1.4987887804988806,-0.0646445323835843,0.7392332427984536,0.3433043753570887,-0.90524878975527
cosine,0.7282436264977886,0.6469034182093292,0.9453324817599594,1.3602540294573284,1.6749069144232132,1.6277714856250098,1.363755966356254,0.9836813074404644,0.6310051141473405,0.655418612953832
cosine,4.405771142097742,1.562367810028641,0.7049618366848531,2.712835087993798,4.913576797403582,4.139351907886178,1.5796107598888502,0.7312566689897987,2.8235239501341494,5.089942062241916
cosine,0.6426674141170606,0.5196661153503654,1.34796523155814,2.3925094815169934,3.3471513959268093,3.811019048651176,3.5189508913993515,2.7831425462097394,1.6168646133364466,0.8305915191496251
cosine,-2.769739890809892,-3.613182407137483,-3.014680704479036,-1.035293942293933,0.3402619457557517,0.8408675323401029,-0.3807108004562115,-2.2442377106460687,-3.627802181068353,-3.455680073716219
cosine,-1.772983979275042,-1.3729915237135868,-0.7355273831550397,-0.0256052523146206,0.5496080258813575,1.024259704707695,1.2222563696456687,1.1769422724246072,0.840408897277001,0.417686779715007
cosine,-1.4689877442084447,-1.9437993132422524,-2.402100038070907,-2.716600656159933,-2.8354687980255684,-2.6215769788929264,-2.2528627700596,-1.8106064771637131,-1.4053637646295314,-1.1565578416863194
cosine,-2.5192765063287723,-2.6224050070425142,-2.564741687479993,-2.364326151597078,-2.146031444624339,-2.033669328052473,-2.0796732409568564,-2.3027816678562885,-2.503379724113822,-2.628493030920848
cosine,-1.6850439954640533,-2.048209541844223,-2.572491070087124,-2.93188851604735,-3.270781062376268,-3.408469833617172,-3.365735071730702,-3.041032500924878,-2.678628570826704,-2.2252520033880736
cosine,0.9379191910509636,1.1086396475269582,0.9250167726995292,0.3994240119397653,-0.0792505030176637,-0.2702228328794502,0.0182840647434256,0.5230389939397446,0.9359293019576204,1.144033620972317
cosine,-2.841229325678201,-3.79321485395988,-2.806288219564128,-0.6946910843912366,0.4688574287491387,-0.7876442199465419,-2.659241866569978,-4.115811757018931,-2.9197454693424483,-0.6814429147510777
cosine,-2.0298953986238355,-2.066901208773685,-2.10112209460872,-2.1351187366747264,-2.15717885907653,-2.1767625848239547,-2.22248241618639,-2.226552430800409,-2.231345519762157,-2.249944089620312
cosine,0.6462405786908064,-1.329338620348175,-0.5200511303601406,2.1839281888255404,3.56819247398938,1.924288503173756,-0.7840490996848316,-1.2664365148640768,1.010392112642015,3.3368452741042502
cosine,0.2111642545111325,0.4037362130239388,0.5682472664552438,0.6973917550726223,0.7413501762393082,0.6884555929041826,0.5654249829326959,0.3754418585290312,0.1919736762173432,0.033551512494242
cosine,2.468807380965522,3.4701675763693154,4.279683030154716,4.676307410136086,4.619640688148602,4.108889610097451,3.263845248863927,2.1271689479514406,1.1789226407421538,0.2645005698578422
cosine,-2.4886116973121,-2.1628489282825765,-1.7327055309364467,-1.3894322100352363,-1.2375341631247472,-1.364294985141382,-1.7248603678308996,-2.1563661294217384,-2.469148932492977,-2.5572896177087943
cosine,0.3095936756600681,-0.8228700730254013,-3.1942928650816924,-3.371462636486608,-1.1060393763131386,0.1329822114989339,-1.1275798605831486,-3.3527153343366103,-2.967085668170555,-0.8157982875765908
cosine,-0.1510810442739317,0.0253641005365294,-0.0804092523507442,-0.3955028671390901,-0.5752559491468816,-0.4338123030923027,-0.1426966068119597,0.0244139939295739,-0.0562135720078989,-0.3962320080835649
cosine,1.3589777876404143,1.8752797662665128,1.619891055469605,1.089159593916248,0.7113197574994208,0.9122919516181408,1.4324614454025244,1.8188845175523944,1.557096137378338,1.000957679033669
cosine,-4.135362592775707,-1.4391107346983614,0.3540044992573162,-1.186302883395666,-4.035737466571117,-4.279755202600203,-1.808703644005631,0.28703057369695,-0.8542203741056302,-3.681122131138227
cosine,-2.843661267237945,-3.027558014899089,-3.205987312933939,-3.3611875288037507,-3.5254070686826324,-3.6134302209131177,-3.749619398191429,-3.800517677850232,-3.8722771966361216,-3.875140202476789
cosine,3.1356962320789683,3.627520576419095,2.0390824415921145,-0.3833988397652584,-1.8865907010437408,-1.0424358719526647,1.2520684975692444,3.358873669967108,3.5187724023961744,1.7545613142161218
cosine,1.4736028024028682,-0.0679280707657035,-1.1744875521676774,-0.5691059514465064,0.9736689184662494,2.002720440773786,1.3704160410372996,-0.1706738840491215,-1.1426078299149287,-0.5138656935980168
cosine,3.7042217434915226,2.77583736116721,1.6475206215122298,1.9664365216796773,3.35039363599221,3.763018213184033,2.5004578536395896,1.6613972292392316,2.279983444308324,3.707501938012928
cosine,-2.479683387690444,-2.56152277047723,-2.635508700292407,-2.7010065405247534,-2.753885708696123,-2.7727779750132315,-2.78752158709232,-2.7709088024357675,-2.756160643154399,-2.716428370909384
cosine,-0.1263606508890767,-2.6109903979483784,-3.9517695377004336,-2.0536426418240743,0.1829278258418393,0.0348589859107362,-2.375710425739683,-3.8930999820705066,-2.339245700040705,-0.0902101005591921
cosine,-0.9771066801010198,-1.5477241417723593,-2.2009006208569137,-2.666829955784798,-2.9929784997094515,-2.776104972627824,-2.300394513982277,-1.700291328665858,-0.9329050645077916,-0.559787580992582
cosine,0.1122192212442844,0.1066756236023989,0.0981496177531755,0.0924735527931354,0.0770911661143516,0.0706484156449857,0.0549057517837333,0.0458550773767807,0.0373372190821987,0.0173553475183922
cosine,1.0896917053096398,1.041163283264951,0.88483975614273,0.6847617699188522,0.5483467917655858,0.5374528150224857,0.5449842314818866,0.7552840231965406,0.951881632481808,1.0757655298620474
cosine,1.5117902092148692,0.5299647843063392,-1.2837234989255992,-2.771826812651516,-3.208626168813818,-2.119505656636906,-0.5875660032465807,0.9431109452972988,1.5128633268763296,0.9017987506072332
cosine,0.4024969490431698,0.6354367725236632,0.9555602949539524,0.9546094987776684,0.6504350662773813,0.3994503315285624,0.5725001929128227,0.9014742220717292,0.9962999513082832,0.6945365804569639
cosine,1.8178150724441249,1.870285324897324,2.0119328324584047,2.2505937929441573,2.3624334727386134,2.516556430516438,2.551879160325042,2.50159592617061,2.3844502261677225,2.197346289012408
cosine,0.8843144147850829,0.69498181089041,0.5563684089847005,0.5068164714556753,0.6020572708368889,0.7084070249758264,0.8184008888060634,1.1354398973858353,1.447839567760116,1.7385891214664215
cosine,-0.0326878029939016,-0.2135297413695346,-0.4892252745746619,-0.8294162707214284,-1.0301814084857663,-1.1842888259728337,-1.2272302765136458,-1.0787123993656242,-0.7998806655966912,-0.5472832954305312
cosine,-2.323128516843088,-2.042110264239387,-2.6189221730464443,-3.488025831472571,-3.811907221436458,-3.3105449152559654,-2.4075839426852306,-2.042630382172307,-2.4979132498798595,-3.373602518939291
cosine,2.6522759919916896,0.7180959673157202,-0.1048118533529931,0.949076164808314,2.860730496224046,3.0339743694541608,1.4210470954099317,-0.2227592041712922,0.2259857144050683,1.972366697038988
cosine,-1.2972596093468856,-2.305699578042569,-2.175935570522216,-0.9982339434911686,-0.2191089905379243,-0.7620189398644615,-2.256691230916302,-2.172444665603037,-1.3100788994942183,-0.2654530618404759
cosine,0.2876672260277031,0.3216443519367079,0.3491373708182738,0.3735858127626998,0.3917716601234725,0.4030761269002663,0.4104807578630279,0.4106894225505544,0.4037356721801737,0.3953000060652226
cosine,-0.0833044476661817,-0.4271049966366885,-0.6055306834228216,-0.362939424074087,-0.0501218106878994,-0.0740788513115089,-0.3850567428044225,-0.5908395403099339,-0.4168691914120721,-0.1133877019126403
cosine,-1.772988009788114,-1.756126816007452,-1.726694416798106,-1.7344328473758532,-1.728440414951698,-1.756972153949349,-1.7923566700512976,-1.8314254273846504,-1.8895400920260896,-1.9415844261579307
cosine,-3.7812386502644313,-4.0993717281335575,-4.38074167091837,-4.5735029727567404,-4.725120114628289,-4.746884569459325,-4.706648692037128,-4.616569130380569,-4.380560244859973,-4.122220583089648
cosine,-0.3297824983803383,0.301017935554043,1.2069724432753273,1.9930211194010945,2.616424095970253,2.5898297082205484,2.074348410291481,1.229314389495633,0.1862292862923947,-0.527647133045316
cosine,-1.701215785007322,-3.2647420097722435,-3.6003464339429447,-2.599267194031503,-0.926087389826523,-0.1419683466284609,-0.8384072211135809,-2.4994449649005643,-3.831436708984114,-3.25148026040127
cosine,4.012583578104743,2.609712973000804,0.3028371480887808,-1.257570665626246,-1.4541608468286569,-0.3613527662153495,1.6381619782980994,3.591685012873362,4.137044697641189,3.583494507564829
cosine,-0.1700201953037152,1.9831359434886784,2.1019378470928385,-0.2594955904699292,-2.536223264260799,-2.9897895812376323,-1.139383939123288,1.4815130283178188,2.1511141249654395,0.403141591818741
cosine,-0.1189124112807866,0.9462298262099924,0.6188784848335244,-0.8522813891139688,-1.9150262291320297,-1.7288171121218718,-0.5302150999403696,0.7121057415973551,0.7416868164818524,-0.3938852612511834
cosine,1.9937743262523784,1.8492565235506735,1.7585534417955813,1.650899734831838,1.5414236377318191,1.4905710455986594,1.5277662627773425,1.583547002776907,1.679726421111171,1.8003951007197845
cosine,0.7133750698366633,0.2424561840376878,1.207692538472206,3.653945775001363,4.905715900040956,5.075604599011664,3.724158969845727,1.4155751217751236,0.227406136668413,0.8007352842504921
cosine,-3.974792756363385,-4.260539254338783,-4.583745320226693,-4.781922246493382,-4.731508275356546,-4.777713279428277,-4.550062690374409,-4.242607057408787,-3.8166202639360014,-3.383753452522299
cosine,-0.436479481532608,-0.4513446735974252,-0.5188653983220436,-0.5168700337746757,-0.4296148505985337,-0.3052041483452744,-0.1048132652873508,0.1085891270525593,0.4097494188410731,0.7082375596016358
cosine,0.6587419523311844,0.1044852366474734,-0.7646450794015167,-1.310696630688106,-1.3809606587494383,-0.8936057329817377,-0.1492843180216494,0.4670421492858608,0.7799220702246901,0.3617456130769335
cosine,2.234589951669262,3.746386789235393,3.850424834585532,2.177034958624057,0.3731880101544123,-0.191579043980443,1.0445556600036414,2.7879508727794686,3.909005869545093,3.377021924216257
cosine,1.438532484302293,1.2735177675088456,1.037722894891112,0.85660534015033,0.8602391923294468,1.0188620082074742,1.2711339379421256,1.420075138635103,1.4014374407880896,1.1889129209962854
cosine,1.0429467847103764,1.211569081221664,0.9916948050585218,0.5605200050609458,-0.006726253749035,-0.3007920107831247,-0.2937503114176616,0.0344439241171613,0.5254914616226812,0.9589311655151168
cosine,2.396967435168352,3.1200467027815075,2.515819398671199,0.8220397825913112,-0.3171702884535616,-0.2101398576833724,1.0160519299257065,2.649122248470658,3.1520189253082838,2.2685034278721377
cosine,3.110518266156966,3.0930640642521627,2.91308347896031,2.3211469909790465,1.82983484703321,1.3025415999811265,1.3622511572239828,1.580804838041603,2.2403800046482303,2.838841693901367
cosine,-3.8700573311526254,-2.698754976673032,-1.4019131450819813,-0.654650908132469,-0.0387722496137426,-0.1982024373410494,-0.7396975652021429,-1.5155516731901706,-2.735162124526476,-4.15595862874827
cosine,1.9522448533079275,1.9178828513526025,1.8426770733323523,1.6552528537105615,1.5104022353382642,1.286049401999925,1.0051257745175577,0.7196306449951981,0.4131394117820269,0.0991697531897982
cosine,-0.0698546519595122,1.574105229925081,1.9138555792944525,0.8250507819036748,-0.8378434129923694,-1.4674409115137916,-0.2137962165470842,1.3331621967664589,2.047368687860242,1.1073662041715022
cosine,-1.2688632720392796,-1.5698512249231271,-1.606553879471466,-1.3659064580632412,-1.115686315997805,-1.0736257817588415,-1.3617297694335857,-1.618954215492609,-1.528730745640895,-1.2523164362466588
cosine,1.1478018311744536,1.5368379537501382,1.7735118779769965,1.736214197091317,1.4239461479577424,1.1772364885574174,0.6540226810605951,0.1069711546216464,-0.5837946586064064,-1.291098303419212
cosine,-2.2196001346371634,-2.736250678508257,-2.540600065297748,-1.6340391338055944,-0.5977123841681735,0.077388992799427,0.0166760459816869,-0.7692674886319695,-1.9012726293387832,-2.649416024479646
cosine,-3.213051230805639,-3.401702065711257,-3.222773213100019,-2.7459959127580458,-2.2938150864825286,-2.05768889193346,-2.44397881306852,-2.928871465586695,-3.310696322191066,-3.392067286445001
cosine,0.1553640293342318,0.1126770168703028,-0.3535213924426328,-0.8041285627373649,-1.0932422278292824,-0.911655170302347,-0.541317686377246,-0.0787217934369036,0.1740742599837175,0.1192679421250124
cosine,0.2686841016602738,-0.3363965663205181,1.601823521433348,3.852795203015795,4.423338571868981,2.8757170585356024,0.4096171456965273,-0.2777517098764362,1.2505478755334547,3.5701407372139258
cosine,2.053715363200808,2.277090549246941,2.063099567139775,1.5810587861452132,1.0836110678508386,0.7487759900724074,0.8800198875394787,1.3141776002623244,1.8337253216877856,2.1843860428068416
cosine,2.737023223661987,2.9508547900324724,2.7655934550887835,2.371234541215084,2.071090160680558,2.1410123685107507,2.5157938177287065,2.8774787086134586,2.903834066496336,2.5936177915833305
cosine,-1.920745250682732,-2.217729060422945,-2.505691829939915,-2.684696755026744,-2.817636892848577,-2.875402003813797,-2.8869709444552423,-2.78492742670445,-2.594999835213556,-2.358978736773641
cosine,-2.7712833118752926,-3.183466602952474,-3.4288842989791712,-3.6098038544337,-3.921395691969544,-4.099861125220643,-4.176310451916103,-4.283158207170294,-4.519506667639416,-4.520685946432168
cosine,-0.4478703881700468,-0.7029798578885418,-0.9732255979806672,-1.1930241619107764,-1.2521720893014527,-1.155711867458881,-0.9694971658356588,-0.6942741188165135,-0.4453522421183368,-0.3159529420919261
cosine,4.270174736284682,3.676869563514381,2.694226541905956,1.5972861016718614,0.525980010122984,-0.2228499411625295,-0.287734628529236,-0.1088537491670172,0.8437128033743763,2.036358587940585
cosine,-0.8149960124123861,0.4506397361208971,0.7339967775908574,-0.0456872471626313,-1.347829901583541,-2.1084434984760394,-1.7249087025655443,-0.4709093689282691,0.6001450007918353,0.6834607507744968
cosine,2.2433148665629647,2.439848236212048,2.811355019354193,3.087369397295109,3.369941592056961,3.533025763451664,3.511982414234597,3.297370610244489,2.941994261255848,2.632649609963652
cosine,1.2358000838349932,1.6206656096103205,2.0149482677967985,2.3678795770053207,2.628439098243069,2.8607964561793677,2.9978170937584365,2.928327413518802,2.921115060468254,2.7456579533368064
cosine,-1.4454086485725928,-1.3959712384835146,-1.404253227757913,-1.4064500720932156,-1.4791646747101312,-1.5699194971956312,-1.7035696578890225,-1.8662253289480728,-2.0327232522495438,-2.217855595692273
cosine,3.402342785592574,3.929755294935077,3.153116840228194,2.2124871060115265,1.8888072122827488,2.46524442060548,3.336431191974776,3.7116151208751846,2.95031998113363,2.035111261509855
cosine,-3.653879797122966,-3.703715666942976,-3.1872041003411145,-2.47917597936997,-1.9932360423120072,-2.137288828815234,-2.771741285299137,-3.4446886989993284,-3.737556583200957,-3.4618132742636862
cosine,0.0025221364828722,-1.6186888885541206,-0.029551330260733,2.9614616754968286,3.7794442097903462,2.5379492914753867,-0.5656057377920531,-1.4999252852508935,0.4910482971322401,3.521022796688459
cosine,-0.053767409054517,-0.3133345199378133,0.024530996356656,0.801238107558868,1.5713218503647834,1.9515665151510164,1.77965260703697,1.0892270067212384,0.2700401005940647,-0.2485852952121835
cosine,0.808096385755433,0.9426130765876376,1.4195042050486912,1.9656322741171803,2.4090539726182847,2.392527115337022,2.059548836868627,1.4129907792805814,0.9434657193764542,0.8331027767213387
cosine,0.4473147558048742,0.4439203555867459,-0.1293922103288404,-0.9804925557014674,-1.6187046033936596,-1.6996187440624118,-1.19326711689329,-0.3939233206618719,0.2372818843711367,0.4973723308885003
cosine,-0.8495282302920295,1.6613462793979867,2.402810871648756,0.2897899944251723,-1.7023334989528809,-0.9094200293449328,1.676554014210912,2.4515231215633104,0.3280478979995445,-1.726379103685506
cosine,-1.6766375290752675,-1.9273132463134144,-2.0875473698979743,-2.2724740063803237,-2.2988229720749467,-2.305174895068389,-2.237851462601176,-2.072010913351635,-1.8692505142098848,-1.540342752698627
cosine,-0.1426164173870089,-1.0181545226253188,-1.8137572856642732,-2.194250062488131,-2.1440141724842654,-1.5562466321915027,-0.7114561971721624,0.1452340224843452,0.9112734024960848,1.0080530607927976
cosine,0.6396681512201534,0.6480213587551917,0.6634823501833911,0.6940974181148992,0.7290134930400878,0.7610881638507374,0.800911748593176,0.839719957418306,0.9095190996415756,0.9447464515232636
cosine,-2.212817394173463,-2.6044462138837865,-2.7378778027339177,-2.4786907209165485,-2.0574512541243988,-1.865789405121925,-2.0472110944082806,-2.489760775954017,-2.7524886848623664,-2.652244672300617
cosine,4.2608055659849535,4.382349133919409,4.214960895794243,4.17260559835746,3.860961078275563,3.466034140936338,2.9508659861988757,2.4103684070713345,1.7611832331573278,1.2270532420387124
cosine,-0.5709842737703493,-0.9056857344431848,-1.2113057981701894,-1.3863154654945893,-1.528421671345728,-1.5433083203317186,-1.4336432566497708,-1.2339258329602318,-0.9588048536610964,-0.6078640208882772
cosine,1.2653426920988886,-0.8767990867921938,-0.967853895762676,1.2067104607438066,2.3862381730433704,0.7835632509596292,-1.169548223556469,-0.5843830871190234,1.7200868260204552,2.2900169393571828
cosine,5.56960740247502,5.192143646749907,3.840903577621009,2.3701646123613345,1.0117852706044996,0.1054777958598093,-0.0238778254010331,0.763954233341438,2.112235418823511,3.8419590288035024
cosine,0.4397437164462162,0.2096033091465207,-0.118288041765136,-0.3098991166404,-0.5571292752709608,-0.7236288661343813,-0.8619307311241042,-1.0518407201719122,-1.0841156889552843,-1.1969254846778796
cosine,3.778641750726864,2.52366748156062,0.999904154663832,1.283037848763644,2.860934969564235,3.7898329514186297,2.6461571450516868,1.1310270531641506,1.2770734370391512,2.85531524036083
cosine,0.0755624911243494,0.2235045534502664,-0.9039983625152714,-1.700172022999475,-3.248478263578736,-4.552585153214391,-4.662622393707135,-3.88753019078335,-2.7946621629466755,-1.4631801453419022
cosine,-3.94434297646085,-4.3581906443787295,-3.5992653846587985,-2.139027592537812,-0.4408555686437547,0.0895122676059977,0.0227244278827066,-1.40392908087685,-2.9272028893465816,-4.095403288471431
cosine,-1.8493494593637627,-1.6233321013256476,-1.9629545408046327,-2.624483437401691,-3.2692855187468224,-3.3878553534178435,-2.93203214012183,-2.117091698991223,-1.6686988293977667,-1.6822096168325138
cosine,0.6287020509636146,0.6559521378746358,0.6697513962646425,0.6682990222401959,0.6234602436298798,0.5936552354842306,0.5195062542782789,0.4245334775502144,0.33304701784175,0.2618722215869258
cosine,1.0461559756835133,1.2996179576335247,1.5582969561182205,1.804668008415265,1.9674869574457012,2.0928298115628587,2.203390012611351,2.257034465680895,2.287592529567088,2.182950213065796
cosine,0.381750333520172,-0.3918639199259091,-1.1330573839192308,-1.550659951393344,-1.666694210768283,-1.3595088030996358,-0.8090816938564779,-0.0486405969974786,0.8629966143408936,1.902851193123279
cosine,1.66111437540734,1.1847786734710306,1.156944938535046,0.8982775069199609,0.8972361399804786,1.0666901385572034,1.4580672806398467,1.6847284090364985,2.108102354272967,2.742001118232269
cosine,2.8246760721637023,2.451111871706393,1.831276665044635,1.3201654517211272,1.1520435789197805,1.5395241820279353,2.1215081324728,2.661338962641448,2.7016255577588364,2.277914793129069
cosine,1.933886884863231,1.4553189819453292,0.6288663604168443,0.091487267710392,-0.4900410403254548,-0.7927397944329699,-0.8771958726789585,-1.0948400064994486,-0.7869927361299289,-0.3555416404834863
cosine,1.7683869799068928,2.1265912565897938,2.468237302440212,2.7560908094789025,2.9213853870841087,3.018914729247824,3.0202409327285884,2.9805127158108333,2.8102276369283863,2.5760942880827336
cosine,-0.1071001178592441,-0.5994007177215773,-1.6510655052959446,-2.601917841702704,-3.3834847688784384,-3.9457681523507895,-4.043779904913896,-3.532153542422891,-2.6319541714649546,-1.7744522304006327
cosine,-1.7608480437434515,-0.9147796737526896,-0.9076268560911532,-1.6979402749578134,-2.186552901282566,-1.7034998864021291,-0.838988978668263,-0.8541271772613097,-1.7134665755424805,-2.2398330203161185
cosine,2.6913039893630684,2.9135187049184834,3.124533459429092,3.2518511621247224,3.294284510970323,3.212411622453468,3.027588598603117,2.813370821594319,2.6034319554244267,2.4400205756627518
cosine,-0.8133215107182356,-0.867792288500765,-0.8752543235712174,-0.8789787921477359,-0.8604003319024545,-0.8157727109837034,-0.729331891266016,-0.654731145712902,-0.55360264127798,-0.4682798588692394
cosine,-3.4432967909142853,-3.4958183691987084,-3.5410000111397277,-3.589414759142213,-3.641055464555681,-3.669929565499604,-3.70449220870646,-3.750023760176944,-3.766812780789329,-3.787930522917906
cosine,0.6912169616763525,0.5677169497780161,-0.4292041267607293,-1.653206040967924,-2.286431042249161,-2.014109069605071,-0.8784441458775369,0.3153643467910632,0.7804264912641433,0.0559513269229993
cosine,0.1401134540057773,-0.2210881305661141,-0.0061685148216818,0.5058552465211592,1.0686825554532895,1.34859579146581,1.146022979996559,0.5913228159658781,0.0184894011976454,-0.1892476183440471
cosine,1.611903972801493,1.508239364132426,1.3707540400513345,1.3313467064979785,1.3588381755730528,1.415544142146615,1.5618967408644229,1.7346027882726447,1.9495736470754856,2.1454563496466275
cosine,1.359681131492059,1.4541225519675332,1.650025467311892,1.8053494217257264,1.9545855944277295,2.0027771807932826,1.87440514455184,1.6615870509139483,1.4893243326960497,1.388616228780911
cosine,0.7473553514782646,1.4673876823389411,2.833149524323859,2.769411724068466,1.401929557222144,0.7791274722981649,1.8306357494678365,2.9682429543744617,2.3623050045725287,1.0850016662939344
cosine,3.6008162664524,4.782034746073482,3.814527894056884,1.822027240502578,0.8768022907566193,1.89889715881382,3.9552474119055256,4.796748567472063,3.5554406896354456,1.5946083915192246
cosine,0.5901769649704681,0.9831660637357736,1.2134946884533242,1.3116586262087768,1.3621338170130666,0.8395186301256979,0.4179054151661975,-0.2068860982329029,-0.9147556302485406,-1.896837048061209
cosine,1.5925921477770328,1.3797662077450612,1.2093969890821097,1.2074278052160352,1.362933271638135,1.6256127051537292,1.9951228731308035,2.487772966657631,2.9305139401464357,3.3887321983297416
cosine,-1.0830936453683764,-1.0053000553413942,-0.9350703118699876,-0.871204376747959,-0.822725012096424,-0.7708172379697465,-0.7326916509106854,-0.717811761331916,-0.7170934766220739,-0.7240778069803653
cosine,1.9694933590761283,1.9466235956447104,1.932255964882187,1.92292416348572,1.9160353379973083,1.9143872551354235,1.912191707988525,1.9213237155529936,1.9294839684045912,1.945551808885349
cosine,0.2232719861617201,1.3499842432721298,0.648608468377662,-1.4696597839174834,-2.938722032493704,-2.4184786258344646,-0.4382339362683237,1.158357006168615,0.9291263353463356,-0.6787428695826458
cosine,-3.048812539835956,-3.016797711629105,-2.831807517810833,-2.6303869709354752,-2.4804951302736464,-2.450109220019864,-2.575336525093109,-2.7752738854872363,-2.9628700562349533,-3.038773433247462
cosine,-1.1417078091179074,-1.4121912638285563,-0.7784934388724615,0.2698929260775223,1.0773446916593967,0.6710878388528726,-0.2776203616250393,-1.3477398058125842,-1.2823407654987895,-0.5480922586524044
cosine,0.3104173413388975,0.3966507053104003,0.4809085140174536,0.5162081464105338,0.5083025871149613,0.4756315168429546,0.4224487279431338,0.3101956468851266,0.1674563950275037,0.0265486663505698
cosine,-0.9693504220164252,-1.3180496378451754,-0.2822741430993509,1.3811573624121851,2.482790931968824,2.218770429311291,0.3752282988099498,-1.2578735133516177,-1.465650809413149,-0.0660031828410431
cosine,-2.1731619279417624,-2.014242616221396,-1.858857583102353,-1.656134612311274,-1.622914653547202,-1.673271295391838,-1.7732884812028868,-1.9392027679008297,-2.0853745510803576,-2.2306189553966878
cosine,0.1836436390172522,1.8320931079825205,1.717962544026192,0.1369494105348473,-1.829524361070887,-2.8628426831402107,-2.028414060577719,0.0539379011901078,1.7103205899325309,1.7130468349595906
cosine,-3.848376800229773,-2.8383405067448364,-1.9590548824128768,-0.9594269456948198,-0.806252701035199,-1.124278041968979,-1.750811331096377,-3.244591545326009,-3.9235739960196407,-4.1720130405547
cosine,-0.3405858786212928,-0.0409383187154148,0.031736049672056,-0.2007600159928617,-0.4798148023211147,-0.555478172152325,-0.3104437416354642,-0.0139706288664523,0.0188562039740625,-0.2203737576144244
cosine,2.139710774592538,2.3239685811776614,2.502697741994891,2.568554978336705,2.542156598285324,2.5077618097887204,2.386158608712868,2.2012910194888176,1.9611141070005964,1.6908182764997362
cosine,-1.9996681901837432,0.186577115509093,1.3926508247401213,0.6364920410197007,-1.1092702029554118,-2.725000179508674,-1.847301819025884,0.1848632945012313,1.4163299132360407,0.743609838412933
cosine,3.779744573047047,3.33587851632072,2.8289789380926056,2.340759044246526,1.9317883255801156,1.5160138311052416,1.5169736452706646,1.53612641342035,1.8222984670847344,2.230409821080906
cosine,-0.0657247756525814,-1.878445841337758,-4.486239652547293,-4.344773716485995,-1.526278434458289,-0.2405118784763058,-1.3963534439094771,-4.603470137526499,-4.653461978757863,-1.351765878798855
cosine,2.309522544043792,2.077561232845817,2.073227069483377,2.357006220094798,2.730399612699037,2.9494948602518414,2.969707212290714,2.679140312502533,2.311319081516875,2.038940237930732
cosine,0.8330751600236019,0.0416652603141191,0.750656851604933,1.986435950909312,3.667609792231656,4.053305179529697,3.474347355097355,1.8425901473988529,0.4665228631848196,0.0959311379759384
cosine,0.9638892388816064,0.7453273126455132,0.413179943851799,-0.1716891635577581,-0.7441892647088766,-0.9810315228392192,-0.921931823140213,-0.5047160501977472,-0.1416708019337678,0.4393831454407623
cosine,-1.1053559818788483,-1.4652383938428597,-1.7874795331052642,-2.0234700577827294,-2.0936869691631874,-2.012229601524134,-1.7352597698097962,-1.3773076257360592,-0.9402515533357674,-0.6467453900442631
cosine,-2.048232391714307,-2.005540411101874,-2.402209347187395,-2.95395654501612,-3.3399635593046333,-3.371627924342508,-3.01725027548575,-2.452186602011164,-2.115233991853016,-2.032949077011919
cosine,-2.1400293776196797,-1.817772088530068,-1.7672038813986426,-2.0639700505357714,-2.356182462225577,-2.271729492814793,-1.9186405888910296,-1.7225838449812625,-1.9291146727453536,-2.229705859466361
cosine,-2.397623008056154,-2.6495864060838645,-2.989803988158356,-3.225927234121425,-3.309627447867271,-3.2185730882873043,-3.0316590815124336,-2.7566509590656367,-2.4919388996966902,-2.1524414872045754
cosine,1.380691985387428,1.263444411481667,1.1386022334931891,1.0410116971199372,0.9880427465175252,0.9727630081971372,1.0152816415473436,1.1052416472502269,1.216775458470421,1.3334247534676729
cosine,-1.5834343786098124,-0.7214701488117649,-0.1284146812105461,0.0105880523661202,-0.1358764192852863,-0.7244599628787725,-1.6130261241157993,-2.53594166085877,-3.349964871017681,-3.787831733213068
cosine,2.0273812778368447,1.707466119238725,0.8178519635715047,-0.20771420203646,-0.9435653536558448,-1.4689255068395042,-1.338533946289285,-0.9710988058164904,-0.0296661004110319,0.7720502596817932
cosine,-2.9795898212714835,-3.3710882625095926,-2.7995649102985194,-1.5368832476952876,0.210142401908536,0.7252082946863738,0.6083234900392194,-0.4839826225644301,-2.457747276125998,-3.126188408929992
cosine,1.3302651117290538,1.716748885078852,2.123195339606472,2.3564030383265986,2.377247321170292,2.1692301706091097,1.7846393266887532,1.3957001572817698,1.1905969398180016,1.081352386103973
cosine,1.811135765540048,2.446431655394909,0.5195613005308912,-2.012833389969155,-3.4222421984103675,-2.0650498187093427,0.6850610865062242,2.5332155795828197,1.698841545306399,-0.6240911369170292
cosine,1.911451973883678,1.277175101230724,0.469520597303856,0.5932568931696836,1.4520437344366002,2.016596770594969,1.3922933531719683,0.5200349391239963,0.4648164790220715,1.4931621931371284
cosine,2.368456455669753,2.533705794830401,2.084401100343845,1.3471959695310287,1.1232688151825212,1.4529024028071762,2.046704873228145,2.5005379572497186,2.3311973190227984,1.5727112914059076
cosine,0.739547346842817,0.2092975243112734,-0.1547225197374169,-0.3716627192932537,-0.4351504661601553,-0.156658703432123,0.2443956679092333,0.6865080816931515,1.2029089283172718,1.6122139505741704
cosine,-1.460762893386602,-1.3532711914106927,-1.0646540854693485,-0.4038479105418519,0.2009794554295679,0.5987131705625732,0.4296774429174791,0.0867405880152841,-0.5064964121007433,-1.0918516018720117
cosine,3.9533651864092687,5.050634792645466,4.328910654843067,2.2728512548501545,0.922492308112818,0.9099361946991628,2.3621341896758525,4.256547011818369,4.963908499015973,4.027080818288418
cosine,2.1939476899303028,3.168389948358442,4.145139006985721,4.8923492290267125,5.238624173521481,5.029780508176511,4.447854139216041,3.685720195540096,2.633573952014177,1.6908531521128154
cosine,-1.506583588249435,-1.112843959526428,-0.8741066303186196,-0.5829813172150802,-0.7988418781568324,-0.9990734629290522,-1.3359171858974337,-1.6393822922090096,-1.961324093334158,-2.2296715764361856
cosine,-1.3871589099393655,-1.468176669686612,-1.5155062363003142,-1.5275474119476533,-1.517374747643605,-1.4609060678313457,-1.37481882834188,-1.2614376162249792,-1.144011055712977,-1.020155729875149
cosine,1.7308772595583737,0.7281796145648218,-0.3852394915430381,-1.2799781839131632,-1.5021560460494692,-1.0712275559521391,-0.119545053648498,0.9660495173361672,1.768423579874936,2.1265939610339184
cosine,-1.2688176561177833,-0.96583680511883,-0.8185132839570018,-0.8675026335958167,-1.2289748934026894,-1.3764226185794215,-1.273723558109343,-0.9873439220151536,-0.8078501691910188,-0.8906225803749593
cosine,-3.045188942663545,-2.8720094064031896,-1.995919477895519,-1.3554419670404136,-0.5873563881295443,-0.6381386473361547,-1.0426651266966702,-1.824611788890944,-2.625801556080051,-3.057533578092792
cosine,1.2171668265689974,1.762261740208052,1.369539828032338,0.0316369925254725,-1.357558117216029,-2.4807595332680346,-1.8438713684405104,-0.8953170839268966,0.6558164801321186,1.8047352782536696
cosine,2.6917141233280573,3.0486855724864483,3.2878785665937267,3.4353102028782705,3.5140629706044613,3.3750899915635517,3.194257891897288,2.873124275436183,2.5382258981447343,2.3054157510903224
cosine,2.6576954247085216,0.1486797973814393,0.4582039312528566,3.2975806117709867,5.33211038778731,4.181707092039638,1.0112763514302774,-0.3739354476982372,1.582280300218474,4.678334686111135
cosine,-0.8456093116824153,-0.7214370017212764,-0.7201710777172788,-0.8646158732113564,-1.045863612728224,-1.309670804677074,-1.7262601970382565,-2.098741384485584,-2.5884860432965096,-3.0059761765080677
cosine,-2.222983662249298,-1.024309348769349,-0.2426929809446448,0.0827079490580529,-0.0124931912053843,-0.8201979562325302,-1.8597311242489487,-3.120352428556341,-4.034804267014352,-4.510245690654135
cosine,-0.4657973295093006,-0.9725969567913568,-1.4402619807275503,-1.6805009333722347,-1.8575797776953609,-1.6163813814936594,-1.266653012135277,-0.7122425357404824,-0.1214117958838694,0.4501379856077493
cosine,-0.782112122748414,-1.8308679985828724,-1.2760224459370737,0.9753296700133242,3.297113217123403,4.12935944735255,3.1848111686862675,0.7041212753156296,-1.2462271247438772,-1.885628638475331
cosine,-1.6656089710112445,-1.654141397198744,-1.6495712152635162,-1.6923015868550246,-1.7135947119807555,-1.7901622077837192,-1.8563554327701677,-1.9427246199857031,-2.0579813425362734,-2.1542951964779027
cosine,-0.7919189127121649,-1.0864263328656598,-1.3505436985703567,-1.5667486247317657,-1.701714019083546,-1.68980653055386,-1.5666433010744842,-1.3694386591050776,-1.0936779392998086,-0.840575764885826
cosine,-4.950538716416704,-4.771078148970946,-3.081211345971704,-1.4009989918045074,-1.050541146729813,-2.3647632147838524,-4.310042015575292,-5.102305498433599,-4.059882081011715,-2.1363084138426576
cosine,3.146088876023381,1.225091447682933,0.3617872125361137,1.6239714509171848,3.471878371331869,3.803674898450144,2.4236903531783605,0.7406258092327918,0.7500162684003565,2.5660124314017163
cosine,-5.551823227216455,-5.505791406508337,-4.498806456046021,-2.342022756277511,-0.6893561540233358,0.2907008742866129,-0.220059405849564,-1.562408141212704,-3.523752569989181,-5.003040421674203
cosine,-1.1133775206918752,-0.75084158848215,-0.6857751870256069,-0.9643983698828024,-1.2468422959641217,-1.126272452212472,-0.7912842940419582,-0.6331317147166808,-0.8699474483353673,-1.207909438075224
cosine,1.6842199903070574,1.996185975021311,1.945597598209178,1.5971914554525926,1.2314262118673818,1.0155928563740282,1.245657410010246,1.61095360658823,2.022305462562496,2.000552763010845
cosine,2.9581359945003007,1.692275001913779,0.1869868689266715,-1.0803456803370577,-1.8246987771545624,-1.8803562528163111,-1.261997301746304,-0.0726854161845946,1.5386070914317038,2.729289563300436
cosine,-0.7781523301099833,-0.8235521576846748,-0.8566504054649984,-0.8734885662870098,-0.8789783065224578,-0.8719959274525613,-0.8529151637516545,-0.8117535525133517,-0.758852702685708,-0.6966839306850473
cosine,-1.2126431597584564,-3.134899316247751,-4.773306147724536,-4.125084020996432,-1.9520676394246996,-0.8990127615371133,-2.2261428559848544,-4.371748910628052,-4.8121769748458,-2.9240102040401186
cosine,1.0736052708125496,1.0903287361448597,1.1078482351812329,1.1126474169642433,1.1211114888353826,1.115901634095045,1.1128734075010405,1.1008539391240395,1.0849287216144614,1.0677278134601518
cosine,1.7373220095583957,1.8062921787166208,1.881663369784268,1.9569429213629328,2.018946502491875,2.0840834328882667,2.1398820906629976,2.1921110061492737,2.240745232850208,2.290655023842336
cosine,2.5864713510598056,1.406413447064954,-0.5546352228199025,-2.2841799831435647,-3.0774227496247963,-2.597219304119468,-1.111359011261875,0.6382884714082357,2.3154641441160213,2.7649808988300157
cosine,-1.5283620337918942,-1.728794144990642,-1.9323367559139664,-2.1020642182607454,-2.242056575950868,-2.3535543701444688,-2.4548606469244856,-2.510907881473034,-2.560292409890119,-2.5424432096015144
cosine,4.100065542389477,1.549324485730872,0.1317284467135259,1.7767399431626347,4.334647703649863,4.111916650688581,1.6827068491998196,0.1644305565364842,1.7046802062492536,4.239739201813944
cosine,2.184681622583435,0.7359433716576539,-0.7909415754007402,-2.1877736979506897,-2.3366534488753805,-1.8212895995734653,-0.386027638307732,1.0958347246040376,2.544556243275927,2.908823652532752
cosine,2.863829776855193,2.908135664053086,2.949017441178809,2.9608826628696936,2.9427718394059363,2.9342634190933428,2.875600085043092,2.7796744952773134,2.708421240423584,2.589705900052776
cosine,1.1295364908917844,-0.1389580316631756,-0.755928344339764,-0.1126466055723519,1.2183721983268312,1.592048075866428,0.8154882753530577,-0.2839335154192882,-0.6667301280592215,0.0741706279853797
cosine,2.269201022596804,1.532573601074479,0.8690875744783031,1.2474822375428771,2.103281476730283,2.2521753349162403,1.5073863004084929,0.849154312110309,1.2851720911965876,2.185858701906137
cosine,0.6630099810897375,-0.7648964330001354,-0.6746072471875605,0.9785485125839408,2.170024061551014,1.3578440097023043,-0.3621158518828876,-0.987069367978108,0.2760855359732481,1.875645315988736
cosine,2.8915616536554225,3.259836574478052,3.6644005929151673,3.886366892567116,3.607075237860919,3.318140742322852,3.0050101113377474,2.4236746975514705,2.0442509238128825,1.815414581460494
cosine,0.4932035280963859,0.0227016584218924,-0.6280888180167127,-1.1417351200756172,-1.342843765889095,-1.1463373873607827,-0.6354433698478594,0.0361236611728143,0.5096062030713209,0.6215090411209596
cosine,-2.304134145407513,-2.1611896211953616,-1.4518824933985468,-0.4043311762201677,0.4368719057611643,0.7800506790910553,0.5104987948167148,-0.420278371467306,-1.293559354141909,-2.249710076786399
cosine,1.5432898413677598,-0.8477192610522858,-1.420653483080783,0.7511700693205079,2.6188461335423074,1.521853392406956,-0.9116806275362286,-1.251492963334473,0.8950800710264462,2.538078146052384
cosine,-2.553966388613337,-2.490479347768488,-2.4391409773705965,-2.3841653060400576,-2.3456931119266087,-2.3213905809766167,-2.287062563627875,-2.283930868274328,-2.274793263286892,-2.2888627740903917
cosine,-3.937346513781779,-3.479559333005892,-2.920846859105307,-2.388227621383216,-1.9343030921924087,-1.6428868942675217,-1.6434052047462304,-2.076497830136972,-2.4971916952566726,-3.0919326215744087
cosine,-1.4717931947551428,-0.8419950099421571,-0.9845033598640764,-1.7633961648647578,-2.641558418013873,-2.905569876545419,-2.362506599843771,-1.4537553447903375,-0.8320924790651507,-1.0037583016172025
cosine,0.6484794884646538,2.07350188676228,2.1552279456486,0.7544528713998854,0.0248501459903696,0.9331521576216032,2.2182794564907025,1.8418881632304955,0.4329274832428032,0.0339448424243966
cosine,2.68073966485844,2.6082787706824506,2.525464748675046,2.422183768114463,2.328127259866999,2.287819182843569,2.2468090590243475,2.248591992768396,2.3203506962809985,2.3750883290501053
cosine,-1.7826806296592612,-1.908015778454533,-2.161127084891901,-2.3914301777848097,-2.4143620150436,-2.2455971384466675,-1.985709615446576,-1.8046941536236432,-1.811278218442716,-2.009401875237199
cosine,3.5983185960637782,3.0464960046676217,2.239459048476624,1.3134983211478406,0.6988464369776997,0.6389387642822569,1.0920479564519978,1.928884217678986,2.7971017793452737,3.516682387030976
cosine,-0.5634120771764132,1.5384110319400826,1.635786651823893,-0.1470045559313226,-2.541833637754205,-1.1241948035333884,1.1833858072250938,2.191603663219277,0.3593502396738237,-2.044021283221368
cosine,2.594489181188332,3.0213308887846786,2.2213978316872818,0.1165697154193557,-0.9675293760002512,-0.4656104023836464,1.0836407467645768,2.704055144817524,2.8063521045981763,1.5867015622593543
cosine,2.290887754210627,1.9698332188598409,2.1347624595866077,2.6270044146190195,2.9009698340233925,2.769233504197909,2.3848120698934827,2.036406192642356,2.1193129594108115,2.5381519191193167
cosine,-0.1020546306477292,0.1035003297549365,0.2045254643251732,0.2934400836303485,0.2066119124278609,-0.0460247786331293,-0.3320020723805142,-0.7168790060143724,-1.0157920433552106,-1.297472222807493
cosine,-0.9688904623863096,-1.5208579613657762,0.104308521614366,2.2368891018116344,3.224596394631952,2.2853951434541155,0.0208614145377488,-1.417070985148037,-1.072081974399956,0.7744332787780173
cosine,4.688797141511474,4.630519984905628,3.8727965197251777,2.537421701663141,1.3808660409922844,0.9102010878549356,1.2555175765163418,2.388317386837401,3.7276679120414578,4.582740320905492
cosine,2.011975616773038,1.6700751173657165,1.3776500799378169,1.1001230317852315,0.9606927079089416,0.8724222784689596,0.914844376115968,1.0604054190208496,1.2950596814020208,1.6149097489217532
cosine,3.840844002317801,3.265692236398602,2.456698433703061,1.803592109807511,1.7965783602230767,2.455007295248341,3.1975153904470885,3.767661978588832,3.7877887555739576,3.2030714959615616
cosine,-2.4061463025146783,-1.024906319513344,0.7846623394284362,0.2576846114278771,-1.4634594172241702,-2.365140807589773,-1.062109385666271,0.7270531366328838,0.4704436835345434,-1.3538314228576096
cosine,2.746011558949364,2.517708742002034,2.3931655377484,2.158062668180724,1.9536594005333252,1.829391250763696,1.732135374828181,1.7814293605552642,1.7994555630624491,1.8955865525660345
cosine,2.107292061275787,2.701136792754983,3.435162382173096,3.803299436551049,4.016274955830719,3.6188808431207495,3.0908944218270835,2.3567878851690502,1.8022870429371367,1.4674245451032373
cosine,0.4363715536631408,0.0526332902511841,-0.3087691955065727,-0.6035630918651191,-0.765956231529962,-0.8482780301354779,-0.6940352725239906,-0.4312271174927554,-0.0542506398821212,0.2901732819624413
cosine,4.43944366444086,4.303024659263643,3.058023901524084,1.8308453022836575,1.010535511279187,0.4677777262808272,1.3454886493587042,2.603548976315528,3.932792621483096,4.555994970841319
cosine,2.8012060572987023,2.725391054143308,1.569198319134217,0.1956278686473571,-0.6233143571258435,-1.1734524966628426,-0.2134490525770359,1.0339530894009006,2.2798538612157144,2.8460338134577103
cosine,-1.0687323646402105,-0.3947978046701431,-0.741037074428452,-2.000199414572478,-3.405247826559016,-3.7107597617152224,-2.7548586837974933,-1.3259404239536456,-0.3946098657833244,-0.7338068071275712
cosine,0.2606724919488131,0.3484505520000416,0.4057343809774924,0.4084010927092391,0.2830698713902048,0.1331592776354047,-0.0650123414373809,-0.487868873683326,-0.6967000027887793,-1.1268059360074516
cosine,-2.554828955490158,-2.6861810042578584,-1.881928791747345,-0.3909066452833494,0.7071579346979426,0.9000014133150686,-0.0641042573309811,-1.5572747009949648,-2.6379739140161167,-2.679280040157924
cosine,4.54995850736989,5.110627037577909,4.288759271090301,1.7335972878942905,-0.7734302498313255,-0.1803786142290112,1.1665114490456936,3.4770459945587104,5.052970410013525,4.896529726722445
cosine,-0.7550530515911282,-1.7913781256964114,-1.9646958975120448,-1.2651614804771472,0.0770472409901788,0.7360034400091239,0.3943202919085364,-0.8356124924538022,-1.7607533200563217,-2.213044786283917
cosine,0.0651489380769729,-0.3415236989734493,0.4516166927627587,1.7629721152152684,2.6980008041732995,2.6698299829112493,1.4632978440878546,-0.077817268878251,-0.4591752862264174,0.0817279701614753
cosine,1.7601785620230097,2.942806559193304,2.5535409770788813,0.7901178836321644,-0.8482321440735621,-1.7078202508938984,-0.4898085846885094,1.6827934267442153,2.7616137794064706,2.7060923491026574
cosine,-0.4347034147260079,-1.6289329913513106,-1.5718555021884362,-0.0586730558052197,1.270938376621049,1.5208051038569796,0.0676566302322148,-1.3816138092783667,-1.9585760037250208,-0.8853895066379596
cosine,-0.9582735373950276,-0.3762668541856392,0.3282381771553032,1.031710983655956,1.4172566883919415,1.8948807220516344,2.182154192759476,2.210005277740088,1.949850198824965,1.807109860873284
cosine,-1.6843569023996874,-3.0585632446692954,-4.272126568098513,-3.654733464196668,-2.128052683719299,-1.352695553117978,-2.3457646071870832,-4.056587013826822,-4.195449486330732,-2.6627799029081447
cosine,1.9541996959764651,0.2491706262227557,-0.9164915605654144,0.2983410408990334,1.8950426300691152,1.8540430327918045,0.1162530722404123,-0.9106629363667292,0.0918890686725589,1.8812155266131028
cosine,0.4174408769569826,0.8535575190793975,1.0759269867840864,1.1791703269821494,1.0216204605763513,0.8531187150904805,0.5247100287043313,0.1448331895206854,-0.0879728275474643,-0.4688927484544186
cosine,0.396819414391342,0.2128333854575134,0.4640333667426967,0.9360144122288144,1.4423556629091547,1.70923909958035,1.5858217432189623,1.077755126959001,0.5181956545273282,0.2157981043729624
cosine,1.2094985207962552,1.0839822392724363,1.7357109886744122,2.8757001104688764,3.6309232742437176,3.721502107543025,2.946911928607354,1.7470168165562672,1.0624046667428293,1.203363651879018
cosine,-0.810882881548807,0.9456643603299876,-0.3151676524353822,-3.4242600025563346,-4.763699701113354,-3.155502520469906,-0.0374734005498363,1.0293449809234525,-1.481463330439185,-4.399445588554064
cosine,-0.6810211810805813,-0.4793820499868971,-0.2939349922632475,-0.157908733057237,-0.0939937440025987,-0.0923469227519855,-0.1773930318602773,-0.3241233105441733,-0.5193315187080919,-0.7507229463418844
cosine,0.4370500917419684,1.3230529679043177,2.3512656003106884,2.9475386843313576,3.0050138962925974,2.629069772417651,1.548020084509754,0.6212048110229511,0.1898747069052105,0.1254211506648332
cosine,0.71385208437937,0.559677834908463,0.4422796897221016,0.3281852039522863,0.2488839299395956,0.2075292007366236,0.2128288267455298,0.2530998270907196,0.3098901780762224,0.3889198406071179
cosine,1.0599680475023436,1.5362277843647714,1.8082324043011024,2.0514108604681547,2.112462658891441,2.0538902662255194,1.8951969580360064,1.571661344215774,1.098891308619684,0.6560237582753621
cosine,2.663267734312638,2.6745280412924157,1.3700914221605702,-0.4933881473372716,-1.6104179534864471,-1.4641224375696051,0.1025074764403477,1.8265146210510812,2.888864940271452,2.27807205615863
cosine,-3.388192774975949,-3.9214635286663113,-3.5729560394772024,-2.505052851238656,-1.661224745702115,-1.6617017027183902,-2.1843487284559067,-3.51763781615238,-3.828122914414836,-3.669891344075447
cosine,-0.914095989520824,2.089411014594144,2.527629533274732,-0.2262278657508084,-2.1276151927321907,-0.4299764728341147,2.4151850868535534,2.3307500906293344,-0.517788824378961,-2.112974682641376
cosine,-0.8659672515203604,-1.183608270454784,-1.7487941377829073,-2.322003227658185,-2.595139988484252,-2.416245627032046,-1.853240280018856,-1.231520503331844,-0.9394179484547952,-1.011592819944694
cosine,-2.9732930924663066,-2.804128227036099,-2.482159274507977,-2.2672997207047265,-2.0329307812381545,-1.9280604317887504,-1.9299195432666227,-1.9791397836691829,-2.1640704469716128,-2.392315050086077
cosine,-1.6935889350327091,-2.5447113556128533,-3.338441632816781,-3.987482940179036,-3.921392734768905,-3.585287786973577,-2.671554155791994,-1.7792430284135392,-1.209179079547035,-0.6590119627281686
cosine,-0.1593986884849696,-0.0904510414048062,-0.4907813213387301,-1.1495450628040604,-1.7122162871607536,-1.9926496438501975,-1.7171307272214955,-1.06653168040126,-0.3660206646300807,0.0590338466153501
cosine,-3.5847490592177063,-3.63357094078724,-3.642195904391129,-3.644014022678103,-3.616562543425481,-3.565024403520938,-3.498671200663223,-3.403901487564384,-3.2988545894484225,-3.161391125346765
cosine,0.6287444565369562,0.7145310113673926,0.7819931582092705,0.8972467555979756,0.9467287870337258,1.0513722060099604,1.1012493883787555,1.1840384672631623,1.2449201034973456,1.3028735340202482
cosine,1.031443536612069,1.597492292929252,2.310456639707577,2.8617238501252777,3.5529510974704723,4.031543789383568,4.292778708913943,4.42264756142717,4.351002710042825,4.1056514958761285
cosine,0.6882072262164354,1.1286957677350316,1.8632082629649152,2.5268439064156074,2.9888931899878046,3.191371131881449,2.901162940945877,2.280775788734822,1.5840903700470623,0.8336333150097316
cosine,0.1531269624129935,1.7240784433129566,3.3165013429074035,2.866313868309184,0.9988502238101564,-0.2427268192693545,0.7169998441160431,3.186350120502829,3.308635297801481,1.973134659322203
cosine,-1.9686618084106609,-1.6281319550546656,-1.3780454958709991,-1.3589600766329677,-1.3580988552752031,-1.4728558101675642,-1.8124174064224137,-2.2750963648495186,-2.7020172135747083,-3.217865292171259
cosine,-1.5212066635440538,-1.2294963314614826,-0.4225300027829373,0.3684862903675022,1.105236555362331,1.295014604007439,1.0105798829133754,0.3588269396293636,-0.5764152463138108,-1.36513866676743
cosine,-0.670285670885179,0.1777974995735491,0.3285051640061769,-0.6209339755492885,-1.543766561938578,-1.3829302923354665,-0.3183325708652735,0.4876477260241773,0.0059678691366029,-1.1009728424966323
cosine,-2.8063539223481566,-2.838339445581527,-2.896039344599325,-2.940327019091119,-2.977822518016867,-3.0116779357499834,-3.0393937552168224,-3.05424796230338,-3.066750075953388,-3.081026349533338
cosine,-0.3290566805320084,-1.279621163438071,-2.032561566988687,-2.4335828782057525,-2.843609956067616,-2.741348650622066,-2.293871607475904,-1.7290598727736093,-0.9101405804860558,-0.4550513714661711
cosine,-0.147857618766888,0.0333851463513383,0.1976064910891323,0.2587317213799353,0.2718726257667273,0.1729927431075343,0.0323141464303815,-0.129923627859211,-0.3476238695094285,-0.5155872397166
cosine,3.973546506623393,2.721893628276334,1.0178992151295967,1.421480907725995,3.2948838413282,4.00980714317314,2.5827093977455133,1.0184717832584744,1.5763041888611833,3.418214384745349
cosine,-1.8953515658178512,-3.680479787701379,-3.424312522816761,-1.8335420367842037,-0.5702930396870993,-1.936645219804073,-3.7432504726785134,-3.653253799577063,-1.830603016346669,-0.6813467302871101
cosine,2.1960751553733084,1.94082152205026,1.980524205105232,2.318498722668974,2.484475746987739,2.38099674167036,2.0620634187391382,1.9202201863874508,2.1480023127697594,2.431202971346788
cosine,-2.1305113544622047,-2.2091007270949725,-2.187446902213701,-2.118148897697365,-1.937048007466344,-1.590828593712156,-1.2631597800407568,-0.8481016900312416,-0.403291135403474,0.0242403214436568
cosine,4.986343236262754,5.32077958365718,4.145513984829036,2.555301050661314,1.01946622008971,-0.2571535553001843,0.11000740665794,1.3877650061383529,3.179091695489128,4.859623218140961
cosine,0.5391239726489123,1.2594984661276882,2.439683800615736,3.6135379612968026,4.451661698596031,4.798928761142885,4.586124371211945,3.886674864643781,2.798732212039998,1.7006991347290257
cosine,-0.8105516365618828,-0.5713217715562008,-0.8442798158618898,-1.3922947430413686,-1.735028288218732,-1.5710784798816455,-1.0692497941388504,-0.7169756696811308,-0.7103034403130696,-1.1077001826736286
cosine,0.6898272852117134,-0.0129279629364194,-1.2619278844047297,-2.4693500647737867,-3.050230010127577,-2.539148029393196,-1.4457074616540877,-0.062469248596687,0.6015723630689376,0.5052348594824448
cosine,-1.3036269260664757,0.0170398547920708,0.405578058472104,-0.8110416503138903,-2.0115121415768877,-1.962134795297924,-0.6322443706904903,0.4241245362213564,-0.1737058859147069,-1.4611143504941837
cosine,-0.5352045946697854,-2.340507901419252,-2.322256243538717,-0.2224764279618603,2.254329972804686,2.93507959556586,1.7558022501282986,-1.0419630231128554,-2.6237584575929844,-1.9518392206773767
cosine,-1.6216852262040566,-3.835580671969665,-3.2023335137498155,-0.5901367286078281,1.1326356571382707,-0.4802046288008805,-3.3803571631606086,-4.132615230259928,-1.921943597691557,1.0718074355993203
cosine,-0.7477988301123124,-0.739598361121666,-0.7335452504358035,-0.7289353409262598,-0.7275835299118402,-0.7248524908402812,-0.7242140662152088,-0.7267223878133388,-0.727952440262546,-0.7349890972937388
cosine,-1.69657014950426,-1.430142051631506,-1.148838055083542,-1.0025948254060428,-0.8005666971188172,-0.661864001860628,-0.5698830180735184,-0.5216909068848314,-0.4119858188252016,-0.4784880982711294
cosine,-0.8869552331705508,-1.0841077998791129,-1.204433965220677,-1.3307795992522102,-1.3665412399532506,-1.348238700588318,-1.2482336703117207,-1.1223259454535903,-0.970885481270895,-0.7464739741200341
cosine,-3.120599247823228,-2.8602091285147173,-2.276166607999275,-2.0337740194444267,-1.5998715708270976,-1.4152693617140846,-1.260023038426544,-1.426496579659351,-1.7866418401666588,-2.2617705499123124
cosine,0.1658776190248768,0.7131198259341444,1.3841760712850926,1.9225830891302451,2.184556116185269,2.085645520946333,1.6362010992850522,1.0241365118653285,0.3294878625067619,-0.0586167327610097
cosine,-0.2200392005724618,-0.6554523784747885,-2.328449294715805,-4.223201987439671,-5.161917859866485,-4.443983630223685,-2.2443863119077188,-0.5869285489217294,-0.3531781220105244,-1.4817704189751115
cosine,-1.924723920833944,-0.5850903875797194,0.4966710567636238,0.0971560100243259,-1.5171470765599846,-2.032046172142925,-0.8125434139525799,0.6117571737684198,0.2652479637261331,-1.253207817697657
cosine,3.0976788745003656,3.410005325683682,3.678178196203881,3.8215779114992783,3.8703793066089136,3.8203591927388234,3.647345364575027,3.4037781084771943,3.1045456963336373,2.7798544403562624
cosine,1.0885903512970787,1.17861863064449,1.5314669658146978,2.074874796603545,2.167197996479726,1.9228808937026147,1.4247355619832458,1.142773600652373,1.1172707857678164,1.6727839026918718
cosine,-1.6162182313049105,-1.6598979584246156,-2.4352728753783666,-3.1446009731955726,-3.6996633067184583,-3.610870632161067,-3.0847330557630768,-2.23165782935822,-1.7105114633523113,-1.747334659464729
cosine,-1.6451755343355168,-2.361021610666567,-1.731642879561103,-0.3967970792677435,1.0286382809731716,1.4297429599008755,0.8031891963480198,-0.6515390235452603,-2.063182473527506,-2.2768909976749585
cosine,-0.8209526518208028,-0.9085225474398928,-1.0414360602030508,-1.1838656364866704,-1.2932764865539903,-1.3685781190773705,-1.350209881113133,-1.284466894556169,-1.1770076849802706,-1.0247930693425924
cosine,1.3442548389314282,1.330231907209057,1.5454624808780468,1.859129767829061,2.0453823502791724,1.9645252126124508,1.687632138009904,1.3913828291932375,1.2961536445338622,1.4541384839071332
cosine,-0.8205242495914734,-1.468472493740559,-1.816478982473134,-1.9227518509530883,-1.855926841340041,-1.5687449898617434,-0.7887953512531485,-0.0943061384230621,0.6037645153444041,1.2893394795462545
cosine,4.03288733745414,4.819445993353476,3.4337395585579005,1.0815816851875235,0.1080446736290859,1.0550222113955732,3.2021086174535776,4.705478481839627,4.037579933595516,2.295389065993048
cosine,1.5482171745705544,0.9451173712058636,0.1569993474069088,-0.7032067940830385,-1.3619533571069944,-1.7123978177609114,-1.7447199401246003,-1.2550269665209586,-0.5491076147420113,0.2822619849862456
cosine,-3.404191836055084,-1.328373822993305,-0.7629915132403203,-2.316769817106608,-4.265554837132492,-4.376931125028645,-2.603944141878173,-0.8049065141341977,-1.2077282744100588,-3.198545400923482
cosine,0.3396018924579418,-0.0972390092568133,-0.4510289880642691,-0.272692330631805,0.2463836856451665,0.3564254735027085,-0.0390734108927564,-0.4532081301399508,-0.2921111642919819,0.193938728785268
cosine,1.8355384877740013,1.98914328500198,1.802652586305939,1.4227148130538882,1.1777423778505176,1.2868676066517784,1.629773491870114,1.9538750374909784,1.916231533901535,1.6174181648096957
cosine,2.060248659789349,1.7226152596227835,1.3146899427878729,1.0194611091858092,0.8028296506701403,0.8231277721602991,1.0227361232569947,1.3700829177629676,1.7877338767609707,2.100091929609241
cosine,-3.454560297479372,-3.6008373328447507,-3.7312808171203,-3.8361812813181,-3.949904368961896,-4.021059825370569,-4.133324534392616,-4.175346028415102,-4.252207847943894,-4.318302974383267
cosine,0.012970915853498,-0.17346714335717,-0.5168941986715773,-1.025886404813633,-1.427414391707767,-1.7274759647963536,-1.652821236231916,-1.5565900319981871,-1.1434320973320775,-0.6844886657684378
cosine,-5.352391009446591,-4.384827508936295,-2.463048339880856,-0.7587077905089238,-0.348437555305742,-1.4667120074743694,-3.7810513669565102,-5.282384319607542,-5.0563389372300005,-3.087625275381018
cosine,-2.755094951890743,-3.4204534374304645,-4.057795497180005,-4.614802063230641,-5.049083664996154,-5.355608915399534,-5.434075963503022,-5.4004525759899,-5.077788719148646,-4.725193615094558
cosine,-2.1106376537166613,-0.7251081311310336,-0.1436016409723222,0.3518084797818018,0.0277916974361774,-0.6863944767846204,-2.0171545668832453,-3.289765625684406,-4.2488698133085885,-4.851251953961282
cosine,2.122990327793207,1.1154682752565532,-1.892127710416693,-2.1189420513193618,0.8223284826053069,2.154492734126719,0.2958383950779154,-2.3361698512688487,-1.1740916336742948,1.5744738458494942
cosine,-0.2175924459467185,-0.0725676792257321,0.125597691738769,0.2886344902048937,0.3619028850996835,0.3258972554790268,0.1917996389556437,-0.0003748801578996,-0.1664368371785387,-0.264012415664807
cosine,-2.780989110505766,-5.297941394185014,-4.269302634626377,-0.923717169831734,0.5359994209881099,-1.5790968682586672,-4.664231014851935,-5.124263333932305,-2.3970071658183123,0.5011396303303135
cosine,-3.294363877398778,-3.225962546231512,-1.7175710913036644,0.4603638158289006,1.978518959455242,1.4501646140806448,-0.0926254077118331,-2.0918640941609943,-3.7587753088148217,-3.0118119645755383
cosine,-1.1382413878659787,-1.5067092277618066,-1.798128113437245,-2.1848097212416397,-2.3893155610186,-2.5393418025576646,-2.8469775686597374,-2.989207385149667,-3.044990255640179,-3.1671531074994337
cosine,-1.9831693885902195,-2.8899538527694077,-2.1544057637046468,-0.2747361741714026,1.8418880966389557,2.339270689675401,1.1987495170078064,-1.0124263158298914,-2.832173188714762,-2.838398941424954
cosine,-0.1885728250559362,0.3284273014794769,-0.2947622366157491,-1.2551082320482052,-2.401706373485712,-2.8695736293827334,-2.5876476605519074,-1.892701109654208,-0.5793109588826983,0.2485659677385175
cosine,0.5023896121407815,1.7408286859297015,1.6702111399388528,0.2643828050551341,-0.9424591667714576,-0.62084621461474,0.9238361572411994,1.7647890503997934,1.3094721039736057,-0.192526498222796
reciprocal,2.84025836728228,1.2997998029615998,0.7276879999998821,0.2695577773069562,0.027865545485323,-0.186166401136771,-0.1055450381084743,-0.4210122491959867,-0.3740174846579616,-0.6299301627224428
reciprocal,-1.3701721015333033,-1.3688620272209706,-1.371549757854259,-1.3729614390169362,-1.3744066689496797,-1.3747953270676398,-1.3738357909855066,-1.376653327383853,-1.3771994441105715,-1.3765897910703448
reciprocal,0.9737330705945784,0.9412106208257894,0.911351065791202,0.88278452705981,0.8634764538577542,0.8415717809126587,0.8252245233442028,0.8105678798322288,0.7931820701297883,0.7791060191836139
reciprocal,-1.4063270902707046,-1.4207485498196233,-1.4396756356384053,-1.4505809343207792,-1.4641708551789958,-1.473584585800875,-1.4862211530236815,-1.4867937924562056,-1.4939674607669453,-1.5002308318669912
reciprocal,0.3953477902374768,0.3517680380715526,0.3069381450387918,0.2724865911456208,0.2435087439937992,0.2171542342258045,0.1973834671719437,0.1830978568153023,0.1605375882159876,0.1434696625018721
reciprocal,0.7838529514972583,0.7798314548174948,0.7779076150559346,0.7758918185406637,0.7749971745859625,0.7727520860459162,0.7701474155545852,0.766849440371395,0.7686774688839629,0.7677891693918659
reciprocal,1.48345003268815,1.4635424850326575,1.4500328571064385,1.442181333570096,1.429871221232858,1.4144058433915618,1.4053131175600673,1.3898858568647825,1.3910533468572104,1.382316333146123
reciprocal,0.4729688761381022,0.545921290462506,0.5804732176558336,0.6075152683373343,0.6433999500203625,0.6690700164626696,0.703449550437882,0.7262253714650333,0.7482753199597914,0.7507239972081239
reciprocal,-0.1419344122113208,0.0028883848547002,0.0913912044704781,0.1385550051019611,0.1792008518370093,0.1990135808194769,0.2205743798815896,0.2379793455200825,0.2591727364715046,0.2674039237677969
reciprocal,-0.8941539679931476,-0.9677374812897672,-1.0312308721453274,-1.06668983445535,-1.116318981312091,-1.146856867692518,-1.1599240604032937,-1.1984441338202547,-1.2167594010448843,-1.247813618351351
reciprocal,-2.785383252100798,-2.6488191291791354,-2.5269786492054838,-2.4549546238865227,-2.42747762777172,-2.331852461351508,-2.3040315274332523,-2.264350542684725,-2.250844331897072,-2.2414375527054555
reciprocal,-1.6786860444225495,-1.6780052423117298,-1.67470103959758,-1.6734316661351425,-1.6725933516284297,-1.6727132111669625,-1.671007587783426,-1.668798037884588,-1.6713751246694424,-1.668247225129893
reciprocal,-2.818428296390075,-1.7513483862679426,-1.120331492829626,-0.9846823318653894,-0.8059798295294367,-0.6535194178302526,-0.5188478498662241,-0.5003372594144421,-0.4618291158722367,-0.3180967965006034
reciprocal,-3.070224275798573,-2.3750981557829403,-2.027675104709316,-1.8023896483193191,-1.6821289169386504,-1.550092561163205,-1.4948715574545353,-1.4416286890365595,-1.3837698364917157,-1.339062306097991
reciprocal,1.1520333263085971,1.1976321447386966,1.2358852887551632,1.275120247425369,1.3103938274317233,1.329163698205646,1.3520749613973102,1.373050701096772,1.3950807785150232,1.40651376206834
reciprocal,0.3637794141605889,0.2870447542817228,0.2319177442671595,0.1759514886643017,0.1342375500535697,0.0927435232026024,0.0665005419527579,0.0349387530405194,0.006524899065541,-0.0084737801107206
reciprocal,1.0487668413578684,1.0684172479447904,1.0849895299312775,1.102949719263426,1.113680260840169,1.1246861883953618,1.138393688641748,1.1507385070911742,1.1609468898161912,1.1684037529391456
reciprocal,-1.0410392900900896,-1.0509483149682988,-1.060637200321202,-1.067892210057556,-1.0724428654503924,-1.0795279957481525,-1.0837037400608538,-1.0861921630556792,-1.0904461086216883,-1.09327390514017
reciprocal,0.1321853586151068,0.1369415389976635,0.1450358177387495,0.1465454395493296,0.1505348116865428,0.1541529793529005,0.158413025730368,0.1580511390132397,0.1594858937918754,0.1626268846790598
reciprocal,-0.677478564953611,-0.7031927799940462,-0.7349426997362277,-0.7524741435626564,-0.773474303906846,-0.7998645313797628,-0.8046773856719615,-0.817214514797407,-0.8332664669922516,-0.8501613417654283
reciprocal,0.6627600061373357,0.9844134346490662,1.1649568377867423,1.297160820648013,1.387807646586546,1.4337152974446714,1.4852742595691777,1.538028810058575,1.5869446850980902,1.578284552895345
reciprocal,-5.5074087027094585,-3.902183852420844,-3.145953347276474,-2.88418534026469,-2.7388745371410805,-2.6491779542755327,-2.539441903385001,-2.395261611686861,-2.3986774646316213,-2.4476164352885617
reciprocal,0.0952259762730461,0.1147950494769168,0.1345845973413906,0.1524300093646289,0.1647422795370233,0.1796671136922684,0.1909534637297944,0.1997889847925686,0.2062604046916858,0.2171170558629613
reciprocal,-0.3080800825189844,-0.2576968904563476,-0.1895546116063695,-0.1481517538283314,-0.1083761919721725,-0.0714465745879667,-0.0290153373540104,-0.0178373502166472,0.0125889026416407,0.0319575687062331
reciprocal,0.4304557662573179,0.4336373234105698,0.4404932401278618,0.4453456641756093,0.4537021744203215,0.4606164085290243,0.4667216362040582,0.467955373628634,0.4750166927156256,0.4768192667716048
reciprocal,2.3123335354661685,2.2801705745284453,2.2483489258979192,2.219144781102081,2.2007522711049843,2.1679732321962617,2.1606713769356456,2.146860875535104,2.124496987024047,2.1120598761822347
reciprocal,-0.2706882583158792,-0.2619489089076406,-0.2569980678587767,-0.2493421443395835,-0.244484629836096,-0.2397162191843157,-0.2374393157730414,-0.2324826960557019,-0.2308946304064588,-0.2268195620956343
reciprocal,3.117396937405033,2.8464841794964864,2.6605213626805453,2.5430059493078434,2.4694161283662432,2.3769395653893275,2.34089308613585,2.3181269672039915,2.285976861792814,2.2374348735149963
reciprocal,2.1155328014345143,2.0743683509923367,2.042934887040764,2.021014031514518,2.000785754210146,1.9813147422842088,1.960214663578922,1.9331653253033645,1.9351547677479428,1.9140151897290671
reciprocal,0.5657508085757034,0.8509928730305477,0.9746584981867484,1.0508316794065806,1.0899788630891378,1.116989984235352,1.141970575518248,1.1637737296113448,1.1742757838966824,1.1828990157063624
reciprocal,-1.0306081781863607,-1.0206945967898688,-1.014919994215853,-1.0104205624035925,-1.0053566053087408,-0.9999781747490624,-0.997187225130956,-0.9952156463539874,-0.9938964847281838,-0.9922734129522272
reciprocal,-1.858863832593795,-1.544635021318311,-1.4083033359122976,-1.2121927628191216,-1.099081488582143,-1.0356803649877144,-0.968572950303734,-0.9391686637644382,-0.8958661714630417,-0.8627308855663964
reciprocal,1.5561528385725838,1.5390156405911235,1.5253032684900638,1.5171125309039877,1.5076446007296604,1.4987920258781813,1.4914645089605274,1.48289970132298,1.4744017837713757,1.4718356745430632
reciprocal,-1.7289010504530786,-1.7369278493427454,-1.7447341525236348,-1.753433559993498,-1.7586759189030787,-1.763668202038545,-1.7707559651802018,-1.777005838436615,-1.7796329099888692,-1.7846261264751169
reciprocal,0.3308326383643732,0.312465887854816,0.3012650147870986,0.287802571538142,0.2763610505762902,0.2668118102252736,0.2547148777005303,0.2460557598455152,0.2366017525053471,0.2307651034231223
reciprocal,-1.3146767382366389,-1.3159537348715795,-1.318630004766011,-1.3208148711686627,-1.3223402234412274,-1.3215667984563109,-1.3209979418257456,-1.3241794472995905,-1.3239165905231327,-1.32752220844072
reciprocal,2.0387901155671475,1.9857094134731756,1.9311548821517133,1.9193170577359304,1.8676086915016976,1.847050264475472,1.8284140598386405,1.8015965740048383,1.775497667780959,1.7666728531275038
reciprocal,-1.5953830582689663,-1.54319338876104,-1.5078977391917263,-1.4760901532187312,-1.445146034412682,-1.4221201364205405,-1.404853329462417,-1.3831678075123754,-1.3596160756780675,-1.347779412781852
reciprocal,0.9428746486766308,0.8307512933296012,0.7508701916483187,0.728991307890882,0.6917310505592259,0.6633790180995915,0.6490489075378615,0.6313808430594853,0.6071083467912194,0.6047784238126667
reciprocal,-1.2806279670204157,-1.2659533880670122,-1.2508504254066186,-1.230154741658313,-1.2188863287846372,-1.2097481379963029,-1.20069689679047,-1.1891620675314103,-1.1763644385942484,-1.1635084452373985
reciprocal,1.7006104651500733,1.595203904597551,1.5131102027358383,1.4539737585706831,1.391508272786041,1.3554633857961456,1.3167627297743751,1.2836494204818507,1.2573704163890669,1.2340999592776405
reciprocal,-2.171194438096206,-2.153469591493458,-2.1380433445341214,-2.126705770560244,-2.111696797694731,-2.1032501631937235,-2.0952601384951626,-2.0896499825136603,-2.081009375743489,-2.071495064701759
reciprocal,-1.4379432074474292,-1.391516522800495,-1.3490548259324062,-1.3152595361666477,-1.2847317449370106,-1.2646020456768206,-1.244172070881674,-1.2236741061693102,-1.211249969944482,-1.1928546074451467
reciprocal,0.4858624816703734,0.4048674891443768,0.3343496743272567,0.2958464859399409,0.2556696383155793,0.2207055850853498,0.1889290054920941,0.170696117926577,0.146332181618237,0.1191726204904152
reciprocal,1.5040234163851611,1.5047280929005062,1.505352962976082,1.5059958579353494,1.508204041277613,1.5095223751807103,1.5077835225727338,1.5095187038037214,1.5108658608955885,1.5103433918218168
reciprocal,1.65066168261996,1.5343121550110503,1.4562507712465655,1.401701981880094,1.3412507653464432,1.2987519942084709,1.2603472521664414,1.23075062269824,1.2072621587331531,1.159995568696778
reciprocal,1.0016447060658504,0.9788313698810944,0.9532652694690116,0.920753788420756,0.9177009856125669,0.8968475085691099,0.8783113168837735,0.86547496345805,0.8459896929410642,0.8456568542089488
reciprocal,1.2258695405455162,1.2045558323664594,1.1852110473012665,1.170355237217617,1.1530710922427296,1.1395536098028078,1.1249468793761337,1.112537776539582,1.1044688362538069,1.09084193261199
reciprocal,0.3430891733031246,0.3715501717012073,0.3980761718624287,0.4188713602969106,0.4263759814053077,0.447134238767796,0.4581164562090218,0.4720047157317631,0.4790404648342458,0.4954557605533405
reciprocal,-2.5250451199385857,-2.453101241345284,-2.411963715509258,-2.371327958465616,-2.3251158642089003,-2.2833619136212824,-2.2652313946522566,-2.232008794507677,-2.216729903656275,-2.2053126827963343
reciprocal,0.4494863686980155,0.6102465452369012,0.7753087709058428,0.8459354749166555,0.927436530213982,0.9719361544225436,1.0363053540992684,1.0886111929657578,1.1062774454805533,1.1389411837703154
reciprocal,-1.2127864958151344,-1.1504064414331647,-1.1013958038261713,-1.0679369994002497,-1.0355740037529502,-1.006330352729482,-0.9912176015932084,-0.9781562741246682,-0.9608070962459616,-0.94540599682215
reciprocal,-1.077001010893793,-1.083883523384309,-1.086710301705836,-1.0916700410733753,-1.095216226067667,-1.0974336913883047,-1.102331488107835,-1.1017357090288205,-1.105264279667095,-1.1069604965807212
reciprocal,2.0489043748314364,1.808562929598152,1.6470081628747957,1.5308863094056435,1.4377177370975285,1.364362379683612,1.3130321946097456,1.2592144032726518,1.2186005193150216,1.19314283782564
reciprocal,2.0533440578873328,1.475465351354568,1.1318553901756012,0.8826891224015192,0.7586668827740671,0.5883190093010601,0.5252828657023152,0.4018558612068057,0.3131941355393476,0.3028497781666019
reciprocal,1.381085563364138,1.3135460270450077,1.2693692127708895,1.236514551199024,1.2069031899330454,1.1900968339260245,1.172200487241271,1.1565329316050867,1.1468885487826346,1.1328068511941518
reciprocal,-1.8544545280026985,-1.8138343297377435,-1.7781085260706662,-1.750325979163571,-1.720757735010392,-1.699537245098424,-1.6745571073147705,-1.6571685802098464,-1.6413187078887843,-1.6267161482836086
reciprocal,-0.7749140784798658,-0.8150962916332406,-0.8602103040767473,-0.8859786228213462,-0.9107019295850262,-0.9385248038200288,-0.9420724289500167,-0.946603667326862,-0.9658067050957124,-0.9641739936511315
reciprocal,2.412432711566049,2.3058811817978877,2.178062331451645,2.117976745863869,2.0686831840148487,2.0307197276503044,1.939903706268233,1.9173190440504293,1.909588007772903,1.9003627580432196
reciprocal,0.2803528700436539,0.2858135149388817,0.2896376109161231,0.2933067153994376,0.2960358377659801,0.2987685222272631,0.3005308599211685,0.3044043083166649,0.3047897681197133,0.3068635980690563
reciprocal,1.7674567093170164,0.69078289749287,0.1445473245393381,-0.0876455878419572,-0.1517367033090058,-0.3727668631216779,-0.4009068574231136,-0.5170898753126456,-0.5402756011559762,-0.6236624696784492
reciprocal,1.7903765636493092,1.7328757577850529,1.6983272714766282,1.6514224074247632,1.6192166513326172,1.589010691161166,1.5671339311441388,1.5456631256701978,1.5291581635869205,1.5020919624057307
reciprocal,0.0189102557954126,0.0350265511581819,0.0475553917364768,0.0601792768436116,0.0694065901208836,0.0803483728414097,0.0894910751803421,0.0968299435034003,0.1063478900525969,0.1116586386146656
reciprocal,0.5547899609188445,0.5057898783090601,0.4593228290876444,0.4233303012577986,0.3923349601273975,0.389866385537322,0.3541937609976355,0.320254949503887,0.3040207401665791,0.2803617497615521
reciprocal,1.1253405829604997,1.0763473558760963,1.0398165724687685,1.007719995396145,0.9771670384950624,0.9545369212311078,0.9348893336858324,0.91817319220232,0.9045032343269755,0.8873250376702505
reciprocal,-4.162497612229611,-2.915858630221424,-2.3555980690183618,-2.0622750172950006,-1.8340641675105105,-1.733465291306752,-1.6193989363366403,-1.525286853032784,-1.495203611814143,-1.417487861780299
reciprocal,-0.732085304717071,-0.7436531600066254,-0.7521856151448877,-0.7652148024034239,-0.7767877285334561,-0.7757961257880067,-0.7844297924213983,-0.7923228833361147,-0.7969744811116533,-0.8003059735067075
reciprocal,2.3233536192235618,2.281874430026338,2.2657924713618907,2.2349320481122845,2.2084780961768176,2.185328574540756,2.1732913813647565,2.1602379627326584,2.1507134409194144,2.127749111420689
reciprocal,2.232430804185871,1.605019525279164,1.2470484937877175,1.0552404005638665,0.9256679010979352,0.7869814038744984,0.7608767988771981,0.6941038068050348,0.6480462298780904,0.6019837454798179
reciprocal,-1.4730060532764857,-1.3435599700307457,-1.225057678726461,-1.128976256172915,-1.07451222545373,-1.013587925890073,-0.9897914309551692,-0.9489771974489956,-0.8977575972553484,-0.8670604627373452
reciprocal,-0.3995012949302745,-0.4103446990002717,-0.4230549806082526,-0.430029918619227,-0.4424211640947068,-0.4500897458704127,-0.4572695931310265,-0.4644143662499709,-0.4713312145097284,-0.4737825438326114
reciprocal,1.7800000207578393,1.7760115236477876,1.7702492724978791,1.7657090836112883,1.762305597632494,1.7573532685437134,1.7544102731759783,1.752059352944473,1.7503517528874295,1.7467408121121974
reciprocal,-0.3161087345501362,-0.3162381193806002,-0.3149879234866083,-0.3196499420298143,-0.3209063312162267,-0.3232709473571992,-0.3247223634176961,-0.3226866687512376,-0.3265334588052215,-0.3286391086428562
reciprocal,-1.9427814028354495,-1.8657084783948692,-1.8143541772657887,-1.772157404588555,-1.7482686221221049,-1.7383648616523664,-1.718222023355534,-1.7025944919179636,-1.696286771773907,-1.6903923864524788
reciprocal,0.0182796578527623,0.0535966141751522,0.0872810963521081,0.1139646622401366,0.1430165774874416,0.1626329921719981,0.1766482076735065,0.2062024570183028,0.2062069086763639,0.2200890105774524
reciprocal,0.4755798017572051,0.466026332973295,0.4568164303320968,0.4527515932642667,0.446745300785425,0.4431621265387707,0.4372229433503513,0.4349000619140564,0.4303636503688585,0.4286769403141142
reciprocal,-1.0246668554007707,-1.0160512188760262,-1.0088894335018466,-1.0026068233267098,-0.9978097751930202,-0.9948064489860402,-0.988713899413191,-0.9871983681553148,-0.9813123919918572,-0.9782238915582244
reciprocal,-1.6519814490408882,-1.6528858264460302,-1.654661869561857,-1.6569126637756604,-1.6568287065415457,-1.6571659396128169,-1.6584053946338289,-1.659679923270669,-1.6618200541413928,-1.6588635374703171
reciprocal,-1.2329491903495453,-1.2398558296719606,-1.245212746690345,-1.2503927604149818,-1.2548480260952786,-1.2614655252574636,-1.2643900011745717,-1.2699054151140652,-1.272139614175821,-1.274946913302172
reciprocal,-0.8187506710543494,-0.7540344686315121,-0.7231757060006555,-0.7109801269109528,-0.706709397783057,-0.6926077303806801,-0.691793515039021,-0.6853936654629693,-0.6858583327691247,-0.6807129959867884
reciprocal,1.834703781670631,1.8139010929724728,1.792894128838725,1.7750818866605984,1.7588759941791632,1.7465776028808555,1.7325499323905724,1.723202772648328,1.7125744149276771,1.7033378630730975
reciprocal,-0.106381247986449,-0.0890625800445356,-0.0753341028543605,-0.0609815427114371,-0.0556466022115553,-0.0489427974089498,-0.0425256850799024,-0.0348354679680204,-0.0320104971673238,-0.0277401012137048
reciprocal,-0.7584093618115195,-0.7799617662554006,-0.7954379579277494,-0.8068563458807086,-0.8139170022733543,-0.8351720472548588,-0.8463253246108977,-0.8417726602831338,-0.8595616595969043,-0.8633754384034985
reciprocal,-0.6123561394804713,-0.8150796713532389,-0.939015370772369,-0.9944915661920222,-1.0663836938483915,-1.1153102981084542,-1.1313227353967177,-1.1938432289856509,-1.2034723564334189,-1.2134983477535746
reciprocal,2.2243880790370056,2.1865591540476457,2.145700181689874,2.100938749769049,2.0905645288570893,2.076229954573584,2.044026378590181,2.0294698788692456,2.0148746577255183,2.008365867844428
reciprocal,-0.5934232112799456,-0.5868143163505548,-0.5757250433014711,-0.5676424730834404,-0.5634393742912718,-0.5578051688423961,-0.5524751404637271,-0.5496462789491017,-0.548165128347829,-0.5425906453457492
reciprocal,-0.008854058088893,0.0616491417403767,0.1117585593057881,0.1609171915140642,0.1881736393436622,0.2185469275303956,0.2515143667305222,0.264433086946705,0.2879046648407329,0.3041696554561832
reciprocal,-0.7760692115035265,-0.7430853158983235,-0.72307235062182,-0.7005059974794848,-0.6861579726049786,-0.6721161806915226,-0.6587344237721483,-0.6547293192887877,-0.6510581417114869,-0.6409041179857621
reciprocal,4.240935134492758,2.829678726348688,2.1544732002820366,1.7742101757004656,1.6475053883240942,1.4229879819233495,1.247995433007271,1.270798449214677,1.0721669033377803,1.0632061874555911
reciprocal,0.5996264290542127,0.7031648402674977,0.8049273913217512,0.8653422228531762,0.9270581586607968,0.9686717640852992,0.996774466767013,1.0197928949721202,1.0474396041327712,1.0620505538908074
reciprocal,1.1921828686197251,1.1857451826697267,1.1844426342728993,1.1795967141638106,1.1775559924705803,1.1761686239191913,1.1721300894993667,1.1724378730771448,1.169350902804155,1.1677954845426992
reciprocal,0.7733194221823394,0.7869832357004329,0.7989270991130625,0.8059494313340682,0.8170672601991581,0.8242982547334676,0.8302568163518417,0.8366980058398235,0.8422277337724174,0.8477983338522486
reciprocal,-0.808847419491126,-0.7698101350622213,-0.7369200371827331,-0.7069046487610857,-0.6874576471512187,-0.6660976231068791,-0.6523486882209488,-0.6344774841153836,-0.6203257542017716,-0.6120567626029283
reciprocal,0.2223929556571473,0.0470392468149218,-0.0624010076206638,-0.1617460038038912,-0.2200392087300526,-0.26745877688146,-0.2938223806515478,-0.3308265269152759,-0.351057221718704,-0.3848317552344237
reciprocal,-2.084221395545454,-2.071806061317422,-2.0610932582600543,-2.054241848005532,-2.046963564939154,-2.0378615651456418,-2.032398404356261,-2.026790804547343,-2.0202925626853405,-2.0167208502036296
reciprocal,-0.2619245447421251,-0.2848020472886004,-0.3026944768877218,-0.320035468267126,-0.3335352719370423,-0.3477953586655247,-0.3589152225426216,-0.3711851638273897,-0.3809882833463741,-0.3912246013763233
reciprocal,1.0373744808851793,1.0325291289112015,1.032316356566102,1.030489393932363,1.027549205040921,1.0256584045329948,1.0249894062248417,1.0250999359981532,1.025189274073636,1.0206936311056307
reciprocal,0.9494226594312504,0.931933940340128,0.91924550623521,0.906140252871427,0.893165590770241,0.88190912828335,0.8728795003843144,0.8619564190723981,0.8555679275591355,0.8468829460497328
reciprocal,-1.8330017699896188,-1.8395406204163949,-1.8469215165441408,-1.8528217533840268,-1.8584509761562495,-1.861182520680279,-1.8672788297744929,-1.8715761883741584,-1.8757726467269693,-1.87721952976688
reciprocal,-0.6377541970918189,-0.7009728007080197,-0.7387564580540451,-0.7715769797517728,-0.7990596270976497,-0.8186526022925856,-0.8489863159371468,-0.8649513131421734,-0.8788858741116192,-0.887938886337176
reciprocal,1.697588759904254,1.498797249078424,1.3264535526346706,1.243006487762937,1.1544692086659878,1.1341407396403942,1.01061396919968,1.0012201285677442,0.957776058862085,0.9151402838577556
reciprocal,-1.912243181321425,-1.7741857551640747,-1.6815560702213408,-1.6025960417785683,-1.5515805281659758,-1.5107066643660296,-1.4819925544217636,-1.4365917882725898,-1.4183817699088308,-1.395551044312528
reciprocal,1.7223170941426251,0.96381818528632,0.5831978630783932,0.4030721037684279,0.2934250897179997,0.1407136581948759,0.0841209233185311,0.0036179205438129,-0.0363796453071791,-0.1071603752359877
reciprocal,1.5973288292791603,1.58839945703984,1.575186609571056,1.564754746261278,1.5552812637251447,1.5473171722942234,1.5380330133549014,1.532539410114802,1.5260122244795522,1.5212340754444138
reciprocal,1.4622355856517335,1.4719622544853428,1.4844504798518712,1.491597672475486,1.498910424544423,1.5048740443219408,1.5126241174753636,1.516668095919401,1.521151220969676,1.5256534605959893
reciprocal,-0.5125710251367465,0.1026008728732664,0.4325912751383211,0.5847715684218073,0.7518457230371316,0.8368129421350238,0.8754163552354709,0.8738271335254475,0.9288134978471004,0.965902641969134
reciprocal,-0.1127873309269369,-0.0517938185289854,0.0027171379386736,0.0425246542929544,0.0925587984118218,0.1203054831133949,0.1505022384096384,0.1729225240479304,0.1949159528900235,0.2226972266099814
reciprocal,-1.010606755474589,-0.9590406678132912,-0.9209728933480704,-0.8917967042638228,-0.871022216561029,-0.8546606861552019,-0.8476335656449472,-0.8260248301125301,-0.8226765017745709,-0.8328076772018379
reciprocal,-0.4315694875139838,0.286094058209941,0.7082060624110589,0.8028118707795416,0.927230924054754,1.0257591441685625,1.1470909626866324,1.1948144388451067,1.1919762688941162,1.2324352855831435
reciprocal,0.2710274405856291,0.2705915263431077,0.2695074026091164,0.2700154027938197,0.2699176709564092,0.2670157311720779,0.266860245404225,0.2671906813383639,0.2662254284795851,0.2645546790334429
reciprocal,1.8957361481784605,1.870531795181385,1.8578006715263884,1.8261017417374112,1.812826471040036,1.7974924425501406,1.795074217260439,1.7695303818719612,1.7623661907153747,1.756917209136017
reciprocal,0.6459192969914308,0.6236439935420713,0.6047056405525744,0.5924627480995237,0.5765156776458578,0.5673976546042814,0.5534508813915611,0.5445529104015481,0.5263780161677046,0.5251568443345865
reciprocal,0.7115343205978611,0.8233729175166322,0.9006139580876394,0.9491278083702136,0.9977482183932872,1.0450055701805256,1.071864114440373,1.1070776226270065,1.1242607743118371,1.127997521184855
reciprocal,-1.5062359195028103,-1.4256411714326986,-1.3666586065528596,-1.321916737152697,-1.2787730309279932,-1.265766583342978,-1.2298617567435852,-1.2258181698670982,-1.1721919861649237,-1.163868748546893
reciprocal,0.2163623442229326,0.2159909680561718,0.2150413061328202,0.2116173392898331,0.212372145418226,0.2128574501184938,0.2130634389474093,0.2126527221962533,0.2095817727063735,0.2113610227147978
reciprocal,4.218826175017854,2.8707787023265645,2.2629155044138054,2.001048086769907,1.789845724527194,1.692448294782545,1.591484154392172,1.517551068850703,1.4367539330437604,1.3984526695864623
reciprocal,-1.2189356519617374,-1.2218250448914605,-1.224408168763688,-1.225137489358635,-1.2261777633163409,-1.2283563611118462,-1.2314737764322388,-1.2308883152922423,-1.2324822408109806,-1.2339284084248934
reciprocal,0.251792969819754,0.254693733625696,0.2565477352134441,0.2593002740021162,0.2596650005067634,0.2635866701812274,0.2651316882117214,0.2681354831741697,0.2675667063394617,0.2700641649519387
reciprocal,-0.2381151320996238,-0.2247848607661827,-0.2143358636581706,-0.2066017359984402,-0.1978005152967261,-0.1929254209775105,-0.1872168397591256,-0.1832914162704446,-0.1812481057391965,-0.1753294508025492
reciprocal,-1.682290535360543,-1.6406810783815615,-1.6083058693209882,-1.573214311534587,-1.5486968824996583,-1.532730791738395,-1.4980159215116449,-1.4915502511788985,-1.469686257235837,-1.4608683944270786
reciprocal,-1.1860905883640964,-1.1366922681825646,-1.109982370707351,-1.0925092519277249,-1.0803325541492317,-1.072756911111555,-1.062158360397991,-1.0580323164811625,-1.0541647722240215,-1.04832041789598
reciprocal,-0.2414257720976351,-0.2287213545944142,-0.2199742502700657,-0.210229299932886,-0.2034047685689265,-0.1960880891400225,-0.1906323794556862,-0.1854466790450976,-0.1777351035782106,-0.1742699487869857
reciprocal,0.9926691040863352,0.9159047815344232,0.8573225922020367,0.8263659079641272,0.7959540382291769,0.7687449523408665,0.7436318751111367,0.7296228273135473,0.7339126836395364,0.7135819214050978
reciprocal,-1.863494344925385,-1.8350685107424105,-1.814553317349594,-1.8003781363984572,-1.78591953721468,-1.7695709006295892,-1.7603897894012237,-1.7429296734381792,-1.7339225075329123,-1.7271230084467315
reciprocal,0.07499118368152,-0.129212255399282,-0.2737980941866482,-0.4075314999080312,-0.5472011050585586,-0.5851184090371473,-0.5715655136708768,-0.6670627578497145,-0.7466434417348157,-0.7049024735299789
reciprocal,-1.0338026723319644,-0.5141071860464793,-0.2386760211062614,-0.1295586901399457,-0.0145600613395744,0.0588061026494488,0.0947294605522086,0.1064154752322403,0.1435700548586087,0.1767477088862855
reciprocal,0.3080150923893439,0.2931606812627087,0.2836909185471188,0.2724538418273921,0.2634589940773649,0.2549516412757754,0.244501381418522,0.2383399525016811,0.2334346678837775,0.2257942992304756
reciprocal,-1.244445151407895,-1.2631505731643329,-1.2824264854515175,-1.2968279632339463,-1.3134599913012412,-1.3257673975670137,-1.33861246150746,-1.3476074462748384,-1.3560646873220912,-1.3659192629844408
reciprocal,-0.1344449153580754,-0.1459603110418676,-0.1566165439748794,-0.1667633308034266,-0.1779830021258901,-0.1823034473869435,-0.1872921331523787,-0.1945004211467764,-0.1959205228199196,-0.2052598848884273
reciprocal,1.6513887741075948,1.4245812863359963,1.2960419945953192,1.1292303867044728,1.1157085707189558,1.0318954427136648,0.9977601204298132,0.9645739086516636,0.9950155241560644,0.916151133091156
reciprocal,-1.6302498378305883,-1.626470804462733,-1.622145369025102,-1.6193310131940597,-1.6149888473121805,-1.6141819015064705,-1.6115072965355643,-1.6075389097506758,-1.606455938168483,-1.605876349619267
reciprocal,2.1540173592697123,2.134462091314904,2.1174768297562254,2.099066901783961,2.084694275410641,2.071549090225863,2.060747320447458,2.050918643130082,2.039444717862494,2.033272584388402
reciprocal,0.1158790194086531,0.1007721995526068,0.0840691634463922,0.0691252413610866,0.0595475312746652,0.0469158996695539,0.038205818423086,0.0266245590448581,0.0153188659256646,0.0133026262428178
reciprocal,-0.7421799376608409,-0.7590610340598902,-0.7728295283262625,-0.7866754563042302,-0.7982541945858496,-0.808636104844183,-0.8181026806235677,-0.8272878645938471,-0.8332439549263705,-0.8402153100909402
reciprocal,-0.490584870916224,-0.4260594579492333,-0.378392613842261,-0.3389735468450642,-0.3000934845905929,-0.2649423171537655,-0.2452985318212284,-0.2223261183847293,-0.2061538295281046,-0.2016047674432991
reciprocal,0.0235066234132436,0.0493360976671082,0.0730603625254938,0.0925873016821179,0.1097788651327052,0.12658309347862,0.1426429143017329,0.1523304555207546,0.1642039780700248,0.1738903163599386
reciprocal,-0.3981689226002325,-0.454183459953675,-0.5103093205846977,-0.5559675570185938,-0.5888619092886169,-0.6209628562681192,-0.654518697948034,-0.6713048603502227,-0.6908196701296088,-0.7045788388733969
reciprocal,1.6511625428003418,1.651291184218391,1.6499669583486474,1.6503174907200886,1.6494259642952904,1.6463528318235192,1.6464516042019044,1.64836527986198,1.6458396124337988,1.646099839692795
reciprocal,-2.059837517356657,-2.0441277935002717,-2.0337167351528644,-2.0195532386661434,-2.009399526005754,-2.0027930445139366,-1.9900565305642517,-1.980802260155056,-1.972939570725234,-1.9681305785592889
reciprocal,0.5652662079252879,0.3607666835365106,0.2189854769684057,0.1089683158719165,0.030045632469825,-0.0435211368874485,-0.0816272046219701,-0.1463596894030532,-0.1735436356914168,-0.2064825617432435
reciprocal,0.80493855549621,0.8203940872481167,0.8304485600994909,0.8438385871142934,0.8504878547579601,0.8547393114785707,0.8642020136767327,0.8689799481985083,0.8731061780984649,0.8797181590426743
reciprocal,1.289508703763139,1.272818109762626,1.2577734427120646,1.243219696070883,1.2279527444436316,1.2183611632070726,1.2067069424249983,1.1993747883630157,1.1901071894973765,1.182597567521383
reciprocal,2.5241974058937338,2.460938680825495,2.393559898434411,2.3459288509314224,2.3226130324144143,2.2756573742295547,2.2426550938975565,2.226910881797832,2.2085633552170583,2.177564454766454
reciprocal,-0.0615276224861766,-0.0864568148940641,-0.1127959981695067,-0.1321351888202371,-0.1495679746037159,-0.1664739067577978,-0.1793399701704032,-0.1926357114557642,-0.2049748972160366,-0.2167353258741446
reciprocal,-0.6254147928248893,-0.6414441767460568,-0.6567881447161713,-0.6641580766280103,-0.6773078369216892,-0.6899908157963767,-0.7001033242495773,-0.7038226895570199,-0.7102410197468525,-0.7186282820835674
reciprocal,0.6099630958536962,0.6485668277241693,0.6761233901002948,0.697600031391123,0.7172171667743461,0.7377773073327215,0.7519910074817912,0.767014500521317,0.7803438490066186,0.7886196396428041
reciprocal,-0.3866292781490836,-0.3845094065149103,-0.3819140804583647,-0.3795399847321266,-0.375683900962182,-0.3758936044081731,-0.3739584786856847,-0.3724545617409502,-0.3731040728731538,-0.3697470900830055
reciprocal,-0.6179046583167136,-0.6217078646425575,-0.625908935093824,-0.6298070713990326,-0.6325528975118209,-0.6374055693621089,-0.6357700856249028,-0.6396864406684635,-0.6424645200939452,-0.6435546172551486
reciprocal,-0.1030927435709546,-0.1253677123385242,-0.1454452583758753,-0.1545811689166993,-0.1703142973486001,-0.1783998086092194,-0.1899516385077035,-0.1977550413275489,-0.2045918287007261,-0.217848391332019
reciprocal,-0.233069044580239,-0.5073682008959169,-0.6771313015048317,-0.7943685811018409,-0.8522177050895196,-0.907830249873806,-0.9672002110107496,-0.990135887793228,-1.034353093284975,-1.060469534794961
reciprocal,-0.872899289747073,-0.0398872109196846,0.3466436431319996,0.4706384473553623,0.6540451666536657,0.7455712293748762,0.8495239808968678,0.8338750054048473,0.9199927465377982,0.9342533079053524
reciprocal,-0.8522585041064524,-0.8323690770356411,-0.8128735485609127,-0.8003507628158019,-0.79078914046351,-0.7821414160613017,-0.7805918253638826,-0.766656892536814,-0.756151580689291,-0.7495802720196456
reciprocal,0.1999163763071132,0.8333494327013886,1.154794735411565,1.3035177242767868,1.425268072482084,1.4839990890521129,1.5421584082840978,1.5721136494385304,1.6237265316781488,1.6564530247803468
reciprocal,-1.2428556842833034,-1.022702451706927,-0.8777832077260773,-0.7656807049003244,-0.689211034761279,-0.6168489017536165,-0.5795504019334498,-0.536300638374126,-0.5068243522276846,-0.4697409647162506
reciprocal,-0.4458773677071115,0.3974970101855499,0.6727803107021877,0.8237400717489585,0.9314582797440504,0.9667915122536318,0.9827992986508028,1.035845637998521,1.0802875585284848,1.1067630441070324
reciprocal,3.1274073060254457,1.1130540960718045,0.497486002586408,0.1977991089825515,-0.0279031449013122,-0.2345975081114827,-0.3367365799138259,-0.3282492166134954,-0.5092241404790406,-0.5390938939136711
reciprocal,1.967586869679819,1.969034091815169,1.9689861508662023,1.9713549791223688,1.9722650720818535,1.9737657303998917,1.974369504779912,1.9744086101512808,1.9758730508845788,1.9758725670453527
reciprocal,-2.235225332318482,-2.214988794059607,-2.18470834957399,-2.172579406012945,-2.143591176665204,-2.1305748128893653,-2.110265103396326,-2.100572711162185,-2.0883303966322755,-2.076838932423642
reciprocal,-1.0003780656125898,-0.9719108657541526,-0.9561471588001702,-0.9371402654892028,-0.9125544623203654,-0.9049988752554764,-0.8945687825987444,-0.8814204682488398,-0.8699501296425258,-0.8618668197198229
reciprocal,-0.1181454019439606,-0.1440500199789728,-0.1638869276729251,-0.1804023491977269,-0.1927583461507556,-0.2064499373832594,-0.2133499301077874,-0.2259839748032222,-0.235364159144659,-0.2403917610342311
reciprocal,0.2184226935686798,0.2312710065811557,0.2586250859007255,0.2702467354655171,0.2891290453922108,0.2965907704987339,0.3097673445867834,0.3245756301368332,0.3346795605340925,0.3421860907405661
reciprocal,-3.244948696273752,-2.752285073264359,-2.4590158794547983,-2.2819080385832176,-2.116280833532507,-2.032965012237056,-1.937923507789585,-1.884088937633337,-1.803671939030696,-1.766113702175694
reciprocal,0.7050568654323924,0.9712605548679556,1.0960366111215578,1.1753547617551503,1.216146666271933,1.2776678273331312,1.2945765760387875,1.3165928437732164,1.347511603529431,1.3589532494511682
reciprocal,1.8226035527295208,1.821784737547048,1.8179351469009664,1.814127252991332,1.8119871279957152,1.81051564048234,1.8060341765001025,1.8067292723374315,1.805514405868609,1.803772666656207
reciprocal,-0.7296379784061207,-0.6272520803626779,-0.5643454352232893,-0.5105948412786122,-0.478491148844115,-0.4651430024316767,-0.4357957002982203,-0.4179320439546146,-0.403495054195764,-0.3948084850453971
reciprocal,2.6555724849824287,2.534639785857457,2.4119758458691614,2.34720890331003,2.313337256233731,2.237353926109566,2.246369727039064,2.224150132232894,2.201418213904962,2.163456643617917
reciprocal,0.9320502965858112,0.944810280372624,0.9503145067794454,0.9599226975623382,0.9640176889857678,0.9692633488639204,0.9746915454745374,0.9788471964974012,0.981598082254196,0.986022536099134
reciprocal,1.0552201447984937,1.0560784602906723,1.0498887603385905,1.0488427780413931,1.0484978436416843,1.0464457195201466,1.0465979174024012,1.0453409214963534,1.0430034366323435,1.0440566796391604
reciprocal,-0.846752878186401,-0.8669431826889884,-0.9028182432872778,-0.9122629767148488,-0.9228359776426548,-0.9405552145607736,-0.9510460639047464,-0.9609374797446072,-0.9697289105429512,-0.9820980859585532
reciprocal,-1.683978441149936,-1.677630175389965,-1.67329538564334,-1.670048589812854,-1.6666198764194204,-1.664303864364146,-1.6612425289974646,-1.6599527842619075,-1.657158746872366,-1.6573670957423918
reciprocal,3.286456868195614,2.8238484791970206,2.475582085561541,2.3993428560157186,2.1603206047808694,2.0609292407809,2.032895831791273,1.933794517278027,1.856033248530635,1.8168515404241117
reciprocal,-0.0899404449634017,0.1197496458817179,0.2607841457451725,0.355994242332626,0.4316559324199084,0.491958190331082,0.5333181912206869,0.5686135412361352,0.6003989457159515,0.6370798111868095
reciprocal,2.3704053314810998,2.3421078223605547,2.308931082828804,2.29241364438742,2.268395721408725,2.2484665297757984,2.2349104379096403,2.222036313452054,2.2041870776479784,2.1929004568304147
reciprocal,-0.9084338663484424,-0.940291523682344,-0.9533568591175282,-0.9774467840878134,-0.989871481801714,-1.0009426079402262,-1.017778854635619,-1.031028462021161,-1.0375096673996964,-1.0447942598249775
reciprocal,-0.1505373999007005,-0.1702965387457927,-0.1932096488971282,-0.2012063718829432,-0.2135518106802685,-0.2227132424673382,-0.2412042451142257,-0.250404226228746,-0.2668097918877572,-0.2666829861684783
reciprocal,-0.5228088157195224,-0.5002757908412206,-0.4786773585174687,-0.4616864889877414,-0.448129146870931,-0.434973023496634,-0.4226538243755003,-0.4135328794432857,-0.4010291984000688,-0.3953961153963483
reciprocal,-1.7886560104689404,-1.7738933119681,-1.7581861620042811,-1.746980245303161,-1.7354162093319252,-1.7251828927898674,-1.715889442702038,-1.7089924641353895,-1.70159564931568,-1.694381075411645
reciprocal,1.4264578546748812,1.4417992823720824,1.4551208612630573,1.4655013592555994,1.4748021537504417,1.4848289005199746,1.49431134393542,1.5019499222862225,1.507832247376914,1.5131143315456876
reciprocal,-0.6203856509457932,-0.6011330628905023,-0.5831469620253826,-0.5702916283467779,-0.5587048112376871,-0.5462353562608239,-0.5332969876728211,-0.5242189514465826,-0.5161201067383377,-0.5085114562443511
reciprocal,0.1936316313211666,0.2655192755302412,0.3318216920779889,0.3830682974412365,0.437211156312064,0.4707830249822946,0.5036919917660186,0.5329007050231069,0.5457551039189098,0.5811497045919283
reciprocal,2.258695115116598,2.2329177528780213,2.212961142546243,2.2016054945695824,2.1903944655951118,2.177294940439688,2.166746151322773,2.1526880687716616,2.1428955008009627,2.1352074809274866
reciprocal,0.4859822547561628,0.5090434475401544,0.5288484897602143,0.5481255234281326,0.5622536310697769,0.5804667250838857,0.5951184957942697,0.601761776142039,0.617276942770314,0.6218570192014774
reciprocal,-1.3482500357816576,-1.3272841656279986,-1.3089646058606417,-1.2938295079987183,-1.277142083523241,-1.267419618708128,-1.256187633322969,-1.2475563806171095,-1.2397213113489225,-1.2315091829166065
reciprocal,-1.5784781715502445,-1.602345080481105,-1.6221358897184404,-1.6447574749068723,-1.6531692768530577,-1.667197778348828,-1.6813414343441988,-1.6925264823667072,-1.7009845481458783,-1.7109766190837457
reciprocal,2.958915489364932,1.4060977054367167,0.7437940202355666,0.4527682223327475,0.1840063810647615,0.0030873116263212,-0.0687887012481241,-0.195252254940496,-0.2284199097571965,-0.2916956022983414
reciprocal,1.4850834772659611,1.466145003124184,1.4540640653078762,1.44259822079468,1.4283291160655578,1.4191234345173878,1.410620609215725,1.404735249442297,1.391203054430051,1.3862447276332654
reciprocal,1.179284120737351,1.2141370016066104,1.24697725644031,1.270780176020248,1.2818562771292612,1.2995796069976844,1.3202121114946257,1.3293050144663952,1.355144971606168,1.355200610165862
reciprocal,0.1507053910269416,0.2352823986056681,0.2954604916324138,0.3419087881697865,0.377933144004985,0.4203911199996937,0.460705384865,0.4820584337071981,0.5042768262104735,0.5242392419493654
reciprocal,-2.098204844261472,-2.053507414229768,-2.028056362360396,-1.9958485143473752,-1.97054818340252,-1.9481635687193544,-1.9235636551252424,-1.9068352771912171,-1.90432438722008,-1.8932279773147147
reciprocal,-2.7323707055085844,-2.5517834006363573,-2.446297376779344,-2.316092789897491,-2.2447198418760204,-2.207666793315937,-2.1742131881941678,-2.152418940639204,-2.124331052551486,-2.072831883579345
reciprocal,-1.54370807869704,-1.5523070126167715,-1.5604567798525733,-1.5668795387564147,-1.571579134583095,-1.5760960096467376,-1.5811864164316345,-1.585632321666965,-1.5880382340042565,-1.5908721626100135
reciprocal,-1.5523878409920413,-1.5343406173613885,-1.505725804222509,-1.48705629608697,-1.4699904161894366,-1.4593648789132898,-1.4417739556294298,-1.429588844268076,-1.4161636430014808,-1.397604182148207
reciprocal,-0.5877435418986326,-0.5603647061288208,-0.542636943151992,-0.5207043800817587,-0.5064997406377414,-0.4930946359192998,-0.4858657820374152,-0.4753167222116436,-0.4701039575183469,-0.4626532524226386
reciprocal,1.296530555244944,1.2571318568143448,1.2049574197551012,1.1797382664474074,1.1490015441723862,1.1360957796087976,1.1094146204232678,1.093335515258138,1.07827145763261,1.066005746977911
reciprocal,-0.2646856848456137,-0.1966534883039837,-0.1465546585893969,-0.0883759032646403,-0.0607304958796564,-0.0184039784316815,0.0064352639738407,0.0298261665094991,0.0522896172587123,0.0659283126892222
reciprocal,1.2331810134974446,1.1262128010440735,1.0642567488268049,0.9915184140823416,0.9475845191475464,0.8913569640748432,0.8714802572807577,0.8461546681591665,0.8195924215819493,0.7972690408716613
reciprocal,1.2036654587776487,1.106867634007372,1.0613580931725746,1.014994120301531,0.9933458668172775,0.9673858384244964,0.9414687308346557,0.931415104053978,0.9180094090289848,0.902026912450904
reciprocal,1.8584960215414268,1.712079568182806,1.6602863565335455,1.5828020665614595,1.510109600016912,1.4747520298128085,1.4305485609977873,1.4166537130465957,1.3670150200153388,1.3776184407141785
reciprocal,0.5246520808389714,0.5196408591582116,0.5148037870429143,0.5086500455658115,0.5062825242602695,0.5014814456728938,0.4995568109017426,0.4957434285436614,0.4922756809300154,0.4915468959226414
reciprocal,1.373623166964572,1.308014054608013,1.2739540120289194,1.2225982840746463,1.185200334059351,1.1624583777499315,1.1334933510499483,1.1128577110573024,1.1126730769197335,1.0735336600577357
reciprocal,0.5585834093930742,0.5597319436167829,0.5656313950121489,0.5665207731004444,0.5712359674015518,0.5705209398741278,0.5746355130058521,0.5763786861408493,0.5755436582275011,0.5771067175968652
reciprocal,0.4946370521880766,0.4170691657880565,0.361412809635675,0.3118992339923315,0.2992641094869829,0.259733360594719,0.2497028873910498,0.2159151015981604,0.21746422838611,0.2089577192309342
reciprocal,-0.8193579476702942,-0.8137260910850176,-0.8113316537319608,-0.8077605091567694,-0.8038542631997723,-0.801351645151769,-0.8024854467775191,-0.7982851442654815,-0.796638068554188,-0.7963713187606168
reciprocal,-0.4942916156529424,-0.614080976854259,-0.7038847205348961,-0.7703284766298488,-0.8194593618713347,-0.8684654775992454,-0.8952186527836976,-0.9226296488147644,-0.9503667793325598,-0.960945541668798
reciprocal,-0.3052634341408188,-0.3114474162311703,-0.3168899467721179,-0.3221804824927582,-0.3257698364252149,-0.3268422198064724,-0.3299167101039547,-0.3314122017459417,-0.3357457917237167,-0.337768085633277
reciprocal,-1.9826110631715612,-1.6961330967996255,-1.4842988569418218,-1.3579957531829685,-1.2779312915285566,-1.2157077566238117,-1.1634387824529702,-1.1057858663412528,-1.0872907238666956,-1.0599231774563125
reciprocal,-0.8880687941315523,-0.8688405264956406,-0.8598351459720404,-0.8500605459908166,-0.8377502524508775,-0.8298810925097114,-0.8215830968206097,-0.8157419603417289,-0.8062009509765258,-0.7992048611290568
reciprocal,0.387979005042616,0.5090884649432521,0.5997106923941089,0.6627149247996661,0.721465794329406,0.7546074459195292,0.7927159082864104,0.8170826171131962,0.8554914168167586,0.8698265391350415
reciprocal,1.7487468367302994,1.6762920623494209,1.604918027753567,1.57051944790822,1.5327506140747864,1.5069451248655652,1.4683662390014898,1.441224309240732,1.43126261169354,1.4073505129866977
reciprocal,0.2059235296673991,0.2167635346539605,0.224133653593606,0.232122084684041,0.2382324621559217,0.2447583213487372,0.2490706139447991,0.2575636478885121,0.2606557439434049,0.262028815342258
reciprocal,-1.0766144029423987,-1.0509502511680615,-1.0352848089224878,-1.028185834848426,-1.022227018303974,-1.0191424338093156,-1.0172764709938993,-1.0111588173928598,-1.0087911779764387,-1.006037353148132
reciprocal,-1.875223693474268,-1.800023808645262,-1.7617603436296017,-1.7014079842345284,-1.6813241972973925,-1.6380723747975552,-1.6443661545235928,-1.598001921014894,-1.581560613975969,-1.580797351726236
reciprocal,-0.5187810826489924,-0.546427662750989,-0.5687175080028491,-0.5843301740914654,-0.6010887656826138,-0.6135186841165025,-0.6236492358908257,-0.6330774753224195,-0.6424438798492396,-0.6470198414337447
reciprocal,-0.3125215904508713,-0.2396329117234752,-0.1902193780613328,-0.149148478352221,-0.1058100132570592,-0.0836696298015191,-0.0598855522006893,-0.0340199390000328,-0.0151698791443472,0.0012653462421262
reciprocal,-1.2307351141725862,-1.2132994966029989,-1.1980397020071338,-1.1842716561353948,-1.175332582418228,-1.1650371967105335,-1.151549822148876,-1.1447635439117465,-1.1371035318404006,-1.1307584248415865
reciprocal,2.16586674321899,2.1280109464723136,2.0957362106714563,2.066433462588148,2.040767845793426,2.0250991972864463,2.00256189408722,1.984612280463636,1.9685406840893651,1.9572316781965828
reciprocal,-0.923641206535757,-0.9236002709927152,-0.9233015954413236,-0.926735007243838,-0.927383541404088,-0.9286288294908144,-0.9285806241081268,-0.9309542357575904,-0.9284083646868948,-0.9313098987385448
reciprocal,1.5105062650549028,1.547377880914112,1.5759518580810263,1.6036716265794737,1.6236772184968682,1.6464027201384126,1.6683411196152569,1.6836603796181346,1.6955210021910427,1.7074736829815678
reciprocal,1.456456046007337,1.4347300237759144,1.415845463744391,1.396783514475834,1.3830554478860697,1.369007259942867,1.3571673783005245,1.3434801293369794,1.333861294398118,1.3234381384641227
reciprocal,0.9365098458619152,0.9503085134745944,0.9642643789533708,0.974482271258739,0.98662330706244,0.994063623710472,1.0064235357837543,1.0157740876897985,1.0238516650040212,1.0289508018247633
reciprocal,4.101921238258381,2.6204977860802807,1.819497935245066,1.6219024758098493,1.0436722197617685,1.1438485938026342,0.9120417828184236,0.6512420275584563,0.8834022549923072,0.7903682477532454
reciprocal,2.7507009248199994,2.550648486192889,2.426249169449373,2.3468841386453625,2.283997052355712,2.239827398835905,2.205150606123859,2.1726733471533466,2.1402155803696368,2.123994907225277
reciprocal,1.5088234525502222,1.4917544089172203,1.4743308588919746,1.4592124740804675,1.4445623884889562,1.4353922432217203,1.422125345505348,1.4114971953140296,1.4024523195017184,1.3933458723239611
reciprocal,-1.0746958704567986,-1.0808227742639245,-1.0828542371835437,-1.088750983803917,-1.0908869466042546,-1.0944060968379916,-1.0973312470149716,-1.1007103647291934,-1.1025654940422502,-1.105223387862948
reciprocal,-1.4230301448021945,-1.4180414828204797,-1.4121555941143442,-1.405659547089446,-1.4028666190518937,-1.3993838263145175,-1.3965090625259953,-1.3924775961093736,-1.394079821726695,-1.3901057991425572
reciprocal,-1.4340263065626506,-1.4012251482250826,-1.332180619251878,-1.318671913220835,-1.2896740546258372,-1.2559291119565077,-1.2462645606514804,-1.2138506528546371,-1.208113620932502,-1.1760233264803155
reciprocal,-0.7519122528245524,-0.7472703747912853,-0.7405385104024588,-0.7358682817010896,-0.7333995014593796,-0.7304137934945393,-0.7264926193712404,-0.7250532219876172,-0.7241573818402568,-0.7221735164830511
reciprocal,2.111389957286592,2.0848929299755614,2.0655419996553883,2.046786351316411,2.028100103441892,2.0148322971572576,2.0046183976021723,1.9935002534794264,1.9879764094346892,1.9761728279170183
reciprocal,-1.9627661697427343,-1.91292867731472,-1.8850958678828824,-1.8493076734512617,-1.8213154602679715,-1.8067186255878087,-1.7776264356050795,-1.752582514491214,-1.7463229410672632,-1.7300855241802795
reciprocal,0.4818459279104854,0.448880960076679,0.4143231913624167,0.3898746821470945,0.3666778515851501,0.3451091223617237,0.323949816914425,0.3096528587384666,0.2936531417228351,0.2793931312507177
reciprocal,1.0125614396765408,0.997841845700977,0.9862675373063112,0.9742380276283664,0.9672184698438132,0.9585217320183788,0.9498356656366104,0.9453530439705718,0.9360128356519412,0.9270901930787758
reciprocal,-0.5568049505233044,-0.2920485711085169,-0.1347424243050939,-0.0182160069615933,0.0496365357688007,0.12772081449082,0.2519732664422155,0.2707091725835703,0.3186822779382962,0.3713567024142862
reciprocal,1.3333811156193622,1.268717891352295,1.227548510269858,1.190113701340704,1.162523205153965,1.130623489708337,1.116797822618881,1.1021414438772603,1.0948739869283144,1.0758861122773944
reciprocal,1.294148221078972,1.31112088118888,1.328642002821425,1.3470945613713114,1.360008053041104,1.3689575497117736,1.3890978958303029,1.3991935555846864,1.4039603291784415,1.4125147247858425
reciprocal,2.585220858021307,2.4598512421378462,2.351750723311607,2.267079142950811,2.223662542707856,2.159042679791129,2.1223758262611767,2.094977054668252,2.069294557971149,2.05081232722255
reciprocal,1.2475881993578155,1.21905676769853,1.1947512871951949,1.173764154440743,1.156706126120593,1.1440925151898755,1.128331200800672,1.1188480883717056,1.106253934903828,1.0969749678024896
reciprocal,-0.0669930825225076,-0.0320887640906592,-0.0046473420768623,0.0206650848713886,0.0401999505620208,0.061795308295694,0.078717107607166,0.093979747221556,0.1116095151962189,0.1220543394903312
reciprocal,-1.6886687107724565,-1.6677842667443112,-1.6520866512426018,-1.6413263822432025,-1.624614650610135,-1.6143911702900031,-1.6074356793676228,-1.5955944073037538,-1.5826852751030387,-1.5758124741948696
reciprocal,1.539888277794573,1.5245619528438732,1.516462257039083,1.5050378396554842,1.4930687624249632,1.4859095522922154,1.478720420618847,1.4691748371160624,1.464446177442213,1.4588040721125894
reciprocal,1.111600556422433,0.9566026554954076,0.8426588530959531,0.7583963357575051,0.6881949862103585,0.6363456691121999,0.581390086237733,0.5341520577226386,0.5044310713370845,0.4687426055332862
reciprocal,-1.3454816218029444,-1.2364393845217634,-1.1522507375933837,-1.092029382334977,-1.0256616306991366,-0.998567520284128,-0.9618686074753224,-0.937190269103378,-0.9117439900333804,-0.8938153382662922
reciprocal,0.4984445322016296,0.4830748140344222,0.4574972966363124,0.4386624687202669,0.4323464324282252,0.4155023586369625,0.4036431177469571,0.3948339964033433,0.3915173656161475,0.382115789604851
reciprocal,-0.1180120230860219,-0.0830658458230347,-0.058607799964711,-0.035720670332365,-0.0161578611073966,-0.0044456569659759,0.014518329697883,0.0211709712144618,0.0300449171536538,0.0364583606222475
reciprocal,-1.557224134268608,-1.569762231984415,-1.5789578688346944,-1.5874529314919474,-1.5955247610009666,-1.6014669687959644,-1.6066868476499363,-1.6121964560044415,-1.6168332840863404,-1.6206191316472875
reciprocal,0.6481796878595388,-0.0286395813576228,-0.3611592426943094,-0.5335057284799748,-0.6567731940224242,-0.733967807732401,-0.790280681282977,-0.8510370823075216,-0.931922738358578,-0.8610110499818291
reciprocal,-1.3882403271186718,-1.394245990621405,-1.399160517767823,-1.4020845422007744,-1.407087940156308,-1.4108825817694457,-1.414499710347629,-1.4173078732444928,-1.4185745571212025,-1.4230161602743896
reciprocal,-0.89964288684967,-0.9559264406356922,-1.0123367114131323,-1.0435846009220038,-1.0741732774602686,-1.0963161913930637,-1.1229849518545272,-1.1406564528856475,-1.1503098323319896,-1.1658856990274005
reciprocal,-1.097142955246772,-1.0338307552032096,-0.9874174033864056,-0.9637704763864924,-0.9278966954100298,-0.8960851758763007,-0.8875808723490134,-0.8638819579400675,-0.8477809535471371,-0.8347802841103609
reciprocal,-0.471919749225104,-0.5013314354877859,-0.5288678757607388,-0.5467310572081129,-0.5655514000594863,-0.58965280831707,-0.6035369458396483,-0.6144896166051573,-0.6362920812422942,-0.6402358268775189
reciprocal,-0.7668313814943177,-0.854812671292132,-0.9171137918995927,-0.9709635449874332,-1.0242243872211512,-1.0601727783540231,-1.0996102954537712,-1.128127192031769,-1.1320335291964982,-1.1702769512460718
reciprocal,-0.1875752253154327,-0.1491841978504891,-0.1334212873990992,-0.1033905635788256,-0.088709853899312,-0.0774479673337971,-0.0542659066602359,-0.0463294429148641,-0.0358051392472127,-0.0079921007318944
reciprocal,-1.3350317849699402,-1.3145941255744082,-1.2990104456824068,-1.275397604661773,-1.2639398874643544,-1.2517441210368738,-1.237565683236771,-1.2290677670207932,-1.2178441380635,-1.203614044524069
reciprocal,1.7606394685738267,1.7402449537081246,1.722399708986117,1.7105711165553683,1.6949421289114337,1.683955060486954,1.6759287896459103,1.6658020728573744,1.660798478662452,1.6529719632509774
reciprocal,-0.5418706153534734,-0.5286642656955055,-0.5196015692747504,-0.5089515441390906,-0.500590273369456,-0.4916453994139325,-0.4887075161034044,-0.48245660740864,-0.4758372913380316,-0.473565071034824
reciprocal,0.8756539361397531,0.9713140690974066,1.05008714213797,1.1210207089690627,1.1560941187342206,1.2241697499066024,1.238850322756147,1.2852126682142435,1.3073982267129431,1.3210233629422907
reciprocal,2.080948138146945,1.93336593792311,1.7899947891994523,1.720934697077991,1.635993354677389,1.59081102709223,1.5171108962062156,1.466244832166725,1.43402971256241,1.4502674726156866
reciprocal,1.534897056422997,1.5535981513643529,1.569385175236093,1.577222757059954,1.585203221336234,1.5911780355965688,1.6008944318772966,1.6092031874391568,1.6179800667625774,1.6205357408328596
reciprocal,0.3818843537774676,0.48117210334,0.5581400325664239,0.6192208639737316,0.6763988944556728,0.7224785639135196,0.7559901564339315,0.7878603878070355,0.8185775075260339,0.8418614802201625
reciprocal,-0.6695346823663819,-0.6644448048948894,-0.6580455804436897,-0.6560051664780657,-0.6516693739215216,-0.6477153842276209,-0.6445281991996106,-0.6446590549976622,-0.6420597984994258,-0.6403798590786257
reciprocal,0.2020424133184717,0.2013036327527589,0.1984771176241007,0.1971020125932383,0.1976732116565383,0.1965867239760544,0.1963555277370104,0.1961647970232208,0.1946939893575453,0.196871891663579
reciprocal,0.5419794865202742,0.555431307092277,0.5673546273066716,0.5781935344325811,0.5882997036428929,0.5971379491384194,0.6064588483050201,0.6155753540610268,0.6211107724584114,0.6278143943035842
reciprocal,-1.3633705525290862,-1.3419760028629062,-1.3290829870044234,-1.3102094830006523,-1.2973568624082672,-1.285537348315051,-1.2748748472240037,-1.2634925010664293,-1.2519186612439144,-1.2418965896298415
reciprocal,-1.1014045248552329,-1.0759125260530815,-1.0677340401566595,-1.0496236693954937,-1.0407589966616158,-1.0205916977830245,-1.0130204992824183,-0.9941580421035228,-0.9888349017071236,-0.9822253324153342
reciprocal,2.790335806267894,2.1258441824672585,1.8533070234223723,1.7269103054411807,1.5669816088936537,1.5566963461112782,1.4945751619540073,1.4375754906953202,1.4391310521237397,1.3878424586811158
reciprocal,1.001894905018651,0.9878276681763783,0.9788533422824922,0.9705590936738352,0.9615045616440784,0.9528323260007115,0.9476394144083248,0.9418988454837974,0.9389767680681048,0.9324416932651044
reciprocal,0.5685721288724613,0.5902807449772106,0.6040871902487612,0.6155623792752425,0.625065906114684,0.637454316078078,0.6406323715210562,0.6482280851587329,0.6560089787866936,0.6635041903521989
reciprocal,1.9713719879188636,1.883356566853526,1.8107759418089333,1.760262028254599,1.7098773113315957,1.6685212541037235,1.6271975510310104,1.5975849061810687,1.574829181309109,1.5465268078565455
reciprocal,1.731084557340494,1.695234687375612,1.664005665496298,1.6485490434023893,1.6260683822142443,1.6166103885545595,1.6020447171662278,1.5870961727612314,1.575412305052332,1.5661337615693904
reciprocal,2.592322244527447,2.504773401567906,2.427836885988982,2.386031190427349,2.335658490706427,2.303286597612659,2.274794849388903,2.2488569662470645,2.2207787887297568,2.2094413448366006
reciprocal,-1.7475338484743794,-1.7140883212583482,-1.7011177100076826,-1.6792930965883992,-1.6535130269071454,-1.6246291558050634,-1.6147002389322478,-1.5936634986028684,-1.5898879465946405,-1.5818711897479385
reciprocal,0.0457686807576459,0.0239114618733427,0.0057991694214786,-0.0118830031658604,-0.0271902895078359,-0.0448156972222983,-0.0572092172024505,-0.0659295839139573,-0.0789859468701835,-0.0874406615130916
reciprocal,-0.445418848535559,-0.5856435185345695,-0.6867276965747855,-0.7636725727301564,-0.8307534516694697,-0.8756611637018124,-0.915698459142062,-0.9621105882560348,-0.9842211659800488,-1.0154592737733912
reciprocal,2.2823579397208142,2.223208102406314,2.1736360581713154,2.1379578683757376,2.1130104689346854,2.086011932457348,2.0571222784434493,2.0359166713960954,2.0263237023512315,2.0094205942106806
reciprocal,-1.3840079678818218,-1.3543153144979414,-1.3337696179477705,-1.3154913637589003,-1.294754174983834,-1.2817412421103984,-1.2644744973934354,-1.253201439248099,-1.2395130790374336,-1.227746812773195
reciprocal,1.391682184978312,1.4250862812041414,1.4678008807518077,1.4949821535296175,1.515077617385953,1.5470328165477645,1.563432198988454,1.579149302871795,1.5938752648206322,1.6078561212355822
reciprocal,0.9298474584654,0.8097024905436163,0.7187717840178788,0.6766581388630929,0.5958867369100391,0.5528508246551214,0.5216135103432149,0.4915994622200937,0.4540575001540813,0.416819536411003
reciprocal,1.906428211528325,1.9007538947721347,1.8946274983394908,1.8892727122054236,1.8864522897478329,1.880311172704409,1.8772571405318308,1.874009192000562,1.8691845132026172,1.866841978850169
reciprocal,2.254108259885407,2.205988884460202,2.165340599020728,2.1330007208315926,2.099078483707697,2.067574129940365,2.0497366599296005,2.0262425172730256,2.017385360997034,2.00400054095738
reciprocal,-1.5309524345439172,-1.4500534394168128,-1.3952710163586275,-1.335061264932174,-1.288741443922964,-1.258416303623604,-1.2113759991977529,-1.1856961255348075,-1.1600823838508278,-1.1402307226329804
reciprocal,0.4628028944594224,0.4135588262344128,0.3586133114368585,0.3242700067075486,0.2988220867755468,0.2691198047153258,0.2655672639731315,0.2388631328956763,0.2276930045390798,0.2186780312199717
reciprocal,1.0948784831726346,1.2257569219111566,1.2991352006842574,1.3380982849001677,1.3742875395609575,1.3919907280792323,1.3965564609975494,1.4107494817891324,1.418582092183812,1.430181136625956
reciprocal,-0.0726400942847299,-0.0716496344549264,-0.0754962034900881,-0.0770754153320837,-0.0812584803618728,-0.0824015157482536,-0.0849737015185555,-0.0886169364089755,-0.0895884702970418,-0.0902703967970863
reciprocal,0.4567235149830455,0.4743805578925799,0.4933716338348675,0.5072883728823088,0.5198625120459985,0.5328651919580064,0.5449694617160277,0.5555318280083708,0.5638168284166801,0.5737952405060024
reciprocal,1.5379106519886232,1.5482734849244062,1.556959356773566,1.5652391689728116,1.5760829819264737,1.577832580251159,1.5835051189013596,1.5893174851851373,1.5912717214398389,1.5978508963243527
reciprocal,-0.6370701680528285,-0.6305143323048568,-0.6244391888456149,-0.6201744985704848,-0.6161268957472782,-0.613388873081921,-0.608622026409531,-0.6061836333496713,-0.6047215271049836,-0.6002110686096047
reciprocal,0.3770433438539688,0.3754466389756419,0.3749232132172634,0.3726279787407306,0.3720934586402556,0.3688269905625659,0.3683370771330108,0.3686092341398759,0.3670719756966428,0.3668842645515812
reciprocal,-0.5968878806631291,-0.3927605008835434,-0.2846888721682133,-0.2015354714141417,-0.1448411893659181,-0.084082965513586,-0.0530785923956531,-0.0076031177148698,-0.0091132029659633,0.0306596608979172
reciprocal,-0.3604478129877972,-0.3427463388233845,-0.3337923927708854,-0.3130182469329295,-0.3071594891019628,-0.3002303350214371,-0.2926601778489334,-0.285375246771424,-0.2844722118245827,-0.2790066414969669
reciprocal,0.7725198547543783,0.4331881463684167,0.2265537698314659,0.1267754059161082,0.0522531177056554,-0.0180025938090053,-0.0386309947959039,-0.0775687244358228,-0.1132732598361842,-0.1296101579210355
reciprocal,-0.875880516358359,-0.8747471304125839,-0.8745055390060917,-0.8713437431988167,-0.8720566858592377,-0.8694741523752301,-0.8717003281233315,-0.8688738406198093,-0.8689782841489014,-0.8671344301375025
reciprocal,0.4645133368100358,0.5687641806573516,0.6403930905480975,0.7061313262513652,0.7362038860006823,0.7803991269521352,0.8079452104894422,0.8198467055588485,0.8525226801530498,0.8694469586011357
reciprocal,-0.3811843684693163,-0.3974427588936623,-0.4130379710292082,-0.4281754892151262,-0.4395353332954354,-0.447412700041691,-0.456937556292752,-0.4669628708946529,-0.4720532155301777,-0.4789880568100061
reciprocal,0.3872666892749888,0.3422510856543364,0.303942523698711,0.2758699033922081,0.2485407327997414,0.2364197611939034,0.2232162415207375,0.2117096155492015,0.1897552871955471,0.1767068134975238
reciprocal,1.4541363230589854,1.4309154953470884,1.4118478307189803,1.3999402010670514,1.3939454682079415,1.3811996367027697,1.3690495862042071,1.3658986466849257,1.3586884758722706,1.3498405047347943
reciprocal,0.597945925514522,0.6126046508870672,0.6230013341674233,0.6320014760533701,0.6377681918044581,0.6494699573224271,0.6539239197684897,0.6648546054925135,0.6712753784409043,0.6758131728266679
reciprocal,-1.9244104619294509,-1.9265053941141843,-1.9298193503929784,-1.9321777421971813,-1.9339838150347364,-1.93706728460414,-1.9357909229356816,-1.9380533337486896,-1.938473736191397,-1.9400737959909908
reciprocal,-0.9622460787413118,-1.0858703701665473,-1.1633459435704072,-1.195061276134053,-1.251377642109098,-1.2626498187572093,-1.3040785167115694,-1.3088697825237334,-1.3244457051318586,-1.3421798196523849
reciprocal,-4.433676234529806,-3.49009332336162,-3.028719648178355,-2.741219522209433,-2.5569728030439767,-2.605608790042229,-2.427081761593464,-2.42867669755036,-2.188198272560498,-2.2561761778742087
reciprocal,-1.0726642002839557,-1.1419634920290296,-1.2259488245048782,-1.2738411989272562,-1.3124384270483376,-1.3491506403477984,-1.3838754085296965,-1.4264140272813084,-1.4484786950911808,-1.4604388089385103
reciprocal,0.8868752835173438,0.8590112879580937,0.8343670845018314,0.8136802807815985,0.7981124422600248,0.7807482503019776,0.7661025470265725,0.7528476796098321,0.7398355970573202,0.7296151032353846
reciprocal,1.159670371990346,1.1270056327105669,1.0993179454606588,1.0797827945502567,1.063395521820529,1.0514046548685865,1.041268697149628,1.0285573425168426,1.024991672080866,1.0140031208937046
reciprocal,1.94180272269204,1.9358962995394624,1.93652223965197,1.9335486348174336,1.931719589041229,1.9300058391551165,1.929431071136252,1.928100678533789,1.9260513351273203,1.925950148752768
reciprocal,-3.644849377072093,-2.4598820282640026,-1.97434718295314,-1.6678975011926465,-1.5372865193882626,-1.4279907482596326,-1.299058666393278,-1.2908004713932233,-1.226675110826856,-1.2280919163400217
reciprocal,0.3118187209426536,0.3256165076270854,0.3412940654201138,0.3479934646775963,0.3614047048365477,0.3673080079755156,0.3789087878293643,0.3860583789966472,0.3934374667078956,0.4036482202717935
reciprocal,-1.8444299573429488,-1.8127025163486636,-1.7910731875213508,-1.7711855543384527,-1.7624700611478608,-1.753707094533672,-1.7421719191844856,-1.7405582294873894,-1.7296906328420814,-1.7295837654443609
reciprocal,-3.4779276725436934,-2.9486017592952587,-2.6040135078421627,-2.372252147874798,-2.228707842157133,-2.1760422262510555,-2.0990315021746286,-2.019638202347271,-1.96434343508502,-1.923772982003204
reciprocal,-1.0075927605794173,-0.955660810423481,-0.9136785164121876,-0.8815750079189202,-0.8585182223361756,-0.8400481385574746,-0.8141215162013425,-0.795273092398898,-0.7808380551596881,-0.7621405899953375
reciprocal,-1.5627727320796434,-1.5750984662254397,-1.585720114426964,-1.595813825756536,-1.59997915611252,-1.6096138194903145,-1.616262681163988,-1.6187272852965164,-1.622451306188573,-1.627328197160409
reciprocal,1.713409251466457,1.3662888222012346,1.2435450980940557,1.1675383003558668,1.0968276480168742,1.0815725071280733,1.047856128222963,1.0604215670683252,1.020916196730019,1.023093696698507
reciprocal,2.147473651103724,2.0561005729598336,1.96488177704566,1.9247415181727496,1.8840796381058729,1.8397161397545745,1.7966734001825997,1.7719836608178337,1.7478420118608606,1.738903969430745
reciprocal,-1.9544387026541048,-1.91489199943944,-1.8824801795710933,-1.8503955486026744,-1.8292514790591976,-1.8045632298229357,-1.7900384140071373,-1.7702371579242298,-1.7549384214892203,-1.7403016349368334
reciprocal,0.3405742916279232,0.3582376873067827,0.3744146767361716,0.3875902067231112,0.3966539066623335,0.4072804579627652,0.4160818555966705,0.4251537183032892,0.4339731104814643,0.4398168106090675
reciprocal,0.1933528920846032,0.3886272600216454,0.4730927298074664,0.5194299897148645,0.554914253580095,0.5732627526641033,0.5873477814610075,0.5941907418556022,0.6171290328116218,0.6189196593766002
reciprocal,-1.5576082546959809,-1.6204196610357668,-1.6599684653849354,-1.688990479959397,-1.715323816735794,-1.7350140639185123,-1.75646903962296,-1.760466722086978,-1.7774345638034363,-1.7889978520607646
reciprocal,-1.3147134522434003,-1.3125666083874357,-1.3140324103298602,-1.3132564721472146,-1.3143444726741405,-1.3125570003178222,-1.3135702721488116,-1.3124550913612318,-1.3101018349245614,-1.3120671971480935
reciprocal,1.2194300689730162,1.1895785619792103,1.169156683967758,1.1493994401000391,1.1380934975780692,1.124042045239605,1.1157241829327125,1.1063855313145996,1.0967785370266725,1.0915378559820674
reciprocal,1.930286217594684,1.924278975433423,1.9228509020369005,1.920614332539472,1.9174777925242292,1.915761100300274,1.9157916095165857,1.91220099423506,1.911299837930928,1.911464919670141
reciprocal,-1.313383582742336,-0.9037167791241304,-0.7204578599027238,-0.5588710064846008,-0.421177802856584,-0.3280942063279561,-0.2776863498334742,-0.1832825064108372,-0.1542180108860274,-0.1219923007330849
reciprocal,1.0093675113155594,1.0396256197227232,1.0653926230681403,1.0911423398824047,1.1139326248800383,1.1327844405275425,1.152280257673438,1.1561176058615938,1.1765687030074232,1.190388717365744
reciprocal,-0.0782598685898062,-0.1090445272680407,-0.1333693672750167,-0.1526179152195876,-0.1780341441422506,-0.1921221133725877,-0.2105724500333181,-0.2223838225844458,-0.2374663519213803,-0.2523720697866782
reciprocal,1.920731631636212,1.7574459013479526,1.6688630351132503,1.585945419722812,1.5044757252403085,1.4814387960278144,1.4096936667455373,1.3933690988715983,1.3828132373256492,1.348381207702475
reciprocal,-2.085643257140226,-1.7750334585709782,-1.6412429090067284,-1.468982330914246,-1.3610772746071875,-1.2564826691691668,-1.2161083947227944,-1.1644050949722864,-1.0902520818642714,-1.0618870518667287
reciprocal,1.6871757815693782,1.7011485207978632,1.7114839552901706,1.7205881799592788,1.7323856766736463,1.744675106592092,1.7470856819428868,1.752721458956862,1.758853819301481,1.7673663398135364
reciprocal,0.814213358977941,0.7663779798269003,0.7268173685441196,0.6929285040681032,0.6672098351856701,0.6381928197272612,0.6183048063816887,0.6007411446722947,0.5892386569046008,0.5725608948793272
reciprocal,-0.4890333418057696,-0.5738595179018966,-0.6425434966546013,-0.6972128414028071,-0.7401182683877873,-0.7796702009443713,-0.8094657701645073,-0.8486314508457747,-0.8617647771111892,-0.8906034997644515
reciprocal,3.074077195342313,2.583929614792728,2.207580568109733,2.0509376986459293,1.965384272434207,1.8395106948511224,1.7535048487659657,1.7517455322203466,1.712182610524042,1.6277951297599336
reciprocal,0.1922560532683563,0.2068402407898733,0.2261047915762208,0.2385154710402016,0.2519388262723425,0.2634892746515072,0.2724507801304707,0.2836350507009845,0.2901641840204094,0.3000166215057794
reciprocal,0.855480969715045,0.5877833695106072,0.4348735395874079,0.2525135842070733,0.1677151636854984,0.1283356437785311,0.0401836106533136,-0.0032442817735571,0.0055248167436787,-0.0932822166881834
reciprocal,0.9490257007038692,0.9595673622144688,0.9668993216415854,0.9716365226326316,0.9816321942981991,0.9872279780301036,0.992720884556432,0.99917406677037,1.0022111953599322,1.0074554870769268
reciprocal,1.0950041936620152,1.0795964445608712,1.0724318228378775,1.0580922656533136,1.050180365516176,1.041829368163162,1.034509637369473,1.0276035738579026,1.023968292564535,1.0131964336676418
reciprocal,-0.5781356864984186,-0.5827371340631979,-0.5841732853001255,-0.5868444751600821,-0.588195216331372,-0.5902335499603487,-0.5914015907618568,-0.5926152328155603,-0.5937868738073099,-0.5947637017844994
reciprocal,2.344673073026,2.149118546161752,2.091346837645291,2.0499522480081454,2.02699855143106,2.009756106928212,2.000309641769481,1.9888460809846389,1.9865337629470488,1.9760163517660896
reciprocal,2.4350710567266964,1.8898816355112085,1.6045723949539374,1.417975485519431,1.2550964200536956,1.1131064616897506,1.0520699723054343,0.9768001702001337,0.9404780887065082,0.8773657455798267
reciprocal,-0.0317321201630093,-0.0972586403969875,-0.1482589905289728,-0.1883932114034561,-0.2285574251652506,-0.2628408724131882,-0.285599711849208,-0.3043142129144223,-0.3186516424845435,-0.3399984617251307
reciprocal,-0.2142995368935338,-0.2509559651304838,-0.2773572913318289,-0.3026178732350129,-0.3245525631819926,-0.3403125190002174,-0.3484580462200726,-0.3508118686081618,-0.3602243168894029,-0.3785081224038636
reciprocal,2.285295176208561,2.075428663043947,1.937753022837756,1.819805003944877,1.7927392809103273,1.7274152896829766,1.681993603613846,1.6302308404113417,1.602486527249383,1.5948040124793004
reciprocal,2.025550626189208,1.9994207587761548,1.970940270173616,1.952035035658943,1.947548893026982,1.9307753955940636,1.9167061317936307,1.9105743330435048,1.9079442905057709,1.9013399664621289
reciprocal,0.8760927044281452,0.8507888356106627,0.8265917639909743,0.8084799963886707,0.7911616706562417,0.7740531951959857,0.7599824761445929,0.748614078466845,0.7332197214636161,0.7242272749437799
reciprocal,-1.7803162539121271,-1.6684479438237907,-1.6238838903825457,-1.5682943684363149,-1.5381731033063324,-1.493940762855838,-1.4646167099443954,-1.4488314305484171,-1.4167477748263408,-1.4445701612836472
reciprocal,0.8448516752942898,0.8361179160979026,0.8301425857599011,0.8237049188121027,0.8170580633408935,0.8103754995139374,0.8088300624137255,0.8010589826679333,0.7970304272124594,0.7949881786246967
reciprocal,0.0040480515920692,0.0365862737930871,0.0625908575557469,0.0795848279878686,0.0982125248249099,0.1111191402559118,0.1243313071008242,0.1344634533480859,0.1465326835906011,0.1535255693196178
reciprocal,-1.7335430925967563,-1.6908079980056645,-1.6504471084027978,-1.6189203677122488,-1.5834732973100507,-1.563593961604683,-1.5350796082433174,-1.519673459388354,-1.5119412835933284,-1.4913595267142314
reciprocal,1.611133042309064,1.6114726573773384,1.6117187717195731,1.6146658292803744,1.6133448203234613,1.6149705141803037,1.617055559984633,1.6159109710373232,1.6184713349460544,1.6187809934825657
reciprocal,0.4643009388610161,0.4802246077379402,0.4898867442228783,0.498879564502979,0.5053743498118725,0.5125132623275789,0.5154211906813663,0.5212967820658723,0.523256766550866,0.5254387494933467
reciprocal,0.9354930450154492,0.8495868444543412,0.7976361635929972,0.7358131254123262,0.7001750288169701,0.649134794294434,0.6300280593664704,0.6065544531455553,0.5806319138604352,0.5638406226775751
reciprocal,-2.074346858117437,-2.0525475309979564,-2.0278110800659483,-2.01452577577982,-2.003281521712778,-1.9856734804879184,-1.9766912096357545,-1.961402712347153,-1.9515128179081656,-1.9461223020862275
reciprocal,-2.08701983618057,-2.022393092472831,-1.9831828501059607,-1.9415050928265372,-1.896729423605345,-1.871465925206467,-1.8513574525559768,-1.8360896228295351,-1.8158407023666645,-1.805086297719356
reciprocal,0.4350778866359825,0.4160625617424854,0.3916547438990778,0.3717627427800788,0.3598290954194664,0.3497605160264442,0.3361260407314601,0.3239179765445381,0.3190999248053591,0.3057335185736469
reciprocal,-1.568709391905669,-1.5402727968295022,-1.5197897016374506,-1.4932364265584217,-1.4802179989842403,-1.453207131898447,-1.447683986245434,-1.4306889160878185,-1.418758472352316,-1.413100919651056
reciprocal,-1.164069115100535,-1.131473092883494,-1.1031589048066224,-1.0775309909719946,-1.0558249954687655,-1.0314786676228465,-1.015877561383653,-1.0031749660286384,-0.9882677650983698,-0.9740544439720517
reciprocal,0.0321251965316239,-0.0132696388526109,-0.041623558098086,-0.0669725651647937,-0.0829783900612644,-0.1103752562650172,-0.117544455921208,-0.1442966380982711,-0.1573012533286643,-0.1642486805292067
reciprocal,1.463343632795592,1.456919300756233,1.4505174971266823,1.4437479869375756,1.4401069095868606,1.4355208587624146,1.4318147480072791,1.4278030162942117,1.4236259563965608,1.4241534840749983
reciprocal,-1.1604216195349908,-1.1530831315300314,-1.1478395468940037,-1.1430478800942858,-1.137741841864632,-1.1344816377773703,-1.1324003377419831,-1.1280207786326226,-1.1253272236520273,-1.1213405684066209
reciprocal,1.4048885143090395,1.3974527314367091,1.3885825750991496,1.3823497767268946,1.37701959079602,1.3694475150643224,1.3657091864346,1.362167012080922,1.3581453192995303,1.3532062934941285
reciprocal,-0.2687902393160948,-0.2365787063867573,-0.2175694673669351,-0.2036444669767918,-0.1915679986006499,-0.1750211895491774,-0.158015644353866,-0.1507270345490986,-0.1389974574376998,-0.1304190478183941
reciprocal,0.8174130243711099,0.9117943978362432,0.9692437359471728,0.9999800884101864,1.0208541815779293,1.0369430802675312,1.0494168797041137,1.0562627528978112,1.071064058250872,1.069711618912069
reciprocal,-1.7876589044529068,-1.7867110124533072,-1.783891898474284,-1.7840649922742948,-1.781527905220441,-1.780404621152787,-1.7776817828287623,-1.7799087709543937,-1.7788752952327211,-1.7787785127377154
reciprocal,0.315112009318259,0.4263250256380082,0.5426892772730707,0.620292783693548,0.6572072639040587,0.7342223787425243,0.7614395437535465,0.7891348902869496,0.7962107070890785,0.8220500491510813
reciprocal,-0.1762779298387616,-0.2176217506508318,-0.2476858895202369,-0.2769909789624637,-0.2960175038978824,-0.3130901113995209,-0.3290569031673488,-0.3456116829240612,-0.3634194245916891,-0.3728625075398179
reciprocal,-0.9673985068720344,-0.9621700193956426,-0.9504070601973452,-0.948002956443803,-0.9380850801573536,-0.9345655456835406,-0.9276714814642192,-0.920962642785484,-0.9166317113301612,-0.9150931455074952
reciprocal,-1.6389925478556924,-1.5865765864642758,-1.5385165861084915,-1.501689544955033,-1.4711885972264511,-1.4477405867081417,-1.4247446041271352,-1.404510765999812,-1.3839191954203798,-1.3734954150390537
reciprocal,-0.9244573797530014,-0.9382348489793112,-0.9485834342851728,-0.958060492423518,-0.9685123754096576,-0.9751733022451664,-0.9837004151314392,-0.9903178964290996,-0.996465383395814,-1.001867414366601
reciprocal,0.3908372942701592,0.5519961204148444,0.6744417891606661,0.6948391151083928,0.7707779975442368,0.8256210548754613,0.8346692403245445,0.867209599881045,0.9244084247251512,0.9344847854211344
reciprocal,-1.1163499272908728,-1.1397360577634137,-1.1589289981951971,-1.1768767503070203,-1.1915344915929014,-1.202378750022617,-1.2147398387898427,-1.2251280658866923,-1.2337995492567877,-1.243737081418479
reciprocal,-0.6764716737555934,-0.3430117673207007,-0.0793749981905209,0.0252109240806868,0.1063946459410361,0.2292260339414982,0.2962187195229102,0.3177319607721742,0.3361534265742618,0.4397660768263518
reciprocal,2.2219525309740944,2.1361261631113786,2.0796627879613108,2.03259257490904,1.997414669412511,1.9728817632129751,1.95423074457902,1.9430872751089472,1.917969869785668,1.907750124929379
reciprocal,0.2714606486237125,0.1896487835297732,0.1272643385661647,0.0765293169675942,0.0350885151707803,0.0062635618121629,-0.0368565831674952,-0.0614762475910177,-0.0864032983517211,-0.1032865051907236
reciprocal,0.0385906819462231,0.0502503245972318,0.0590425312235324,0.0655835985883454,0.0706471972710474,0.0757843577465006,0.0830840559909468,0.0861820196885667,0.0906799919233081,0.0958999766851553
reciprocal,-0.6656249413220852,-0.7695075846451773,-0.8536332734253845,-0.9048875131638474,-0.9449543374141632,-0.99595453262168,-1.0241667781658206,-1.0580078694883477,-1.0862939956409938,-1.0918608690016238
reciprocal,-1.1184476499332563,-1.1385769053928063,-1.1521497354611745,-1.1571447291949708,-1.1740505099257954,-1.1793117375348003,-1.1952217412794572,-1.2005557867654286,-1.2133066985518055,-1.2165593265532877
reciprocal,1.0850100280178057,1.071692244861115,1.048307992881561,1.0350341062118733,1.0233151034518004,1.007710412596997,0.9971226732990234,0.987986901443315,0.9737812515844096,0.9770452320518532
reciprocal,-2.287253546770834,-2.2236881340546355,-2.165007047412192,-2.112096730693043,-2.079699223967043,-2.0422318803097426,-2.0112019741483294,-1.99467913467805,-1.9740603619915047,-1.959436917212104
reciprocal,-2.6435344788617456,-2.522938710489711,-2.463265421530206,-2.395168728741012,-2.346503190416973,-2.308226212264861,-2.2740912248455265,-2.230114994307462,-2.211269852627765,-2.1802135630298416
reciprocal,-1.7190645254026948,-1.180212302190292,-1.0049717419873705,-0.6797916128037002,-0.5368337129533127,-0.482930761922064,-0.3099117409535371,-0.2304196297422229,-0.175942706144979,-0.1017591141773891
reciprocal,-1.3217645127977256,-1.3915256739154205,-1.4550593440907047,-1.5030600712090043,-1.5449409158321452,-1.5692347057191984,-1.598944887340726,-1.6261573181973554,-1.6415909171554668,-1.6633231224801437
reciprocal,1.720844344865179,1.6987518037340097,1.685365050911604,1.6678811681551948,1.6584001031995144,1.6442566068194016,1.6310014783055304,1.6149705497938047,1.608770255411752,1.5994262819518716
reciprocal,-2.827333118400984,-2.5095990212653234,-2.329051787725312,-2.2088633900166803,-2.083761871192102,-2.0163204612224903,-1.9295841586113467,-1.9160232066368608,-1.8319755760602403,-1.820193909902802
reciprocal,1.3846513193807113,1.281897250560799,1.2100480417628725,1.1543178146071076,1.108078364669994,1.0609961132636556,1.0247906830864209,0.9991191597761097,0.9694430957047294,0.9485129047230167
reciprocal,-0.2692309229276027,-0.2761381219665582,-0.2812186446789512,-0.2845898226552342,-0.2864724719553467,-0.2877926734255844,-0.2916596704285989,-0.2931843178933152,-0.2925656031769003,-0.2925497845948291
reciprocal,0.8958139827853654,0.8689317387021805,0.8478792341828573,0.8293636975142313,0.8129685811467503,0.8001466844396223,0.7867039800033789,0.7737943464861117,0.7650196746978066,0.7558052041272695
reciprocal,-1.186555049337455,-1.3826283131695547,-1.4785093277330774,-1.5430329251020165,-1.6059103867273148,-1.6150152279148418,-1.6450140017559662,-1.6673929219439996,-1.6654326561504849,-1.6907851313658937
reciprocal,0.3784234866094056,0.3662115323079773,0.351576201044887,0.3401741502597856,0.3293817906782166,0.3204587070680495,0.3154688803361975,0.305616706555108,0.3006745641427164,0.2945937317488088
reciprocal,-0.0271509382076073,-0.0953487916126442,-0.15035120002669,-0.2118542440094933,-0.2598355117807844,-0.2886914644483428,-0.3296513560404768,-0.3467891260096467,-0.3721924678686523,-0.4020578916671756
reciprocal,1.4292252989030112,1.4164883292959822,1.4065280213143208,1.3958734645813846,1.3847070046689025,1.3768040703103348,1.369694599171443,1.3596033018093363,1.350245345253638,1.3457050110408897
reciprocal,-0.3011388821539293,-0.4520386526043872,-0.5589025925077492,-0.6486431831273656,-0.7223005330762955,-0.7830477856880445,-0.8191990644093647,-0.8718020330278062,-0.8827420057856918,-0.9167124884643104
reciprocal,1.0506988917169835,1.0470529636134494,1.0450221365552488,1.0413383500597453,1.0404852665762236,1.0372237888485356,1.0351281190983412,1.034331136654025,1.032961249872799,1.0282263586944644
reciprocal,-0.8287269789161937,-0.8065841559799094,-0.8019140856734213,-0.7864338161859177,-0.7801678819206974,-0.7732614504643546,-0.7643438054463205,-0.7595375581677342,-0.7541228263414818,-0.7473416193742414
reciprocal,-0.3838726908811097,-0.4807231394406061,-0.5382251604086649,-0.6041114161503571,-0.6209137643424972,-0.6312990585129378,-0.6695804975806933,-0.6993731317126853,-0.7262147963210097,-0.7160476888016467
reciprocal,-1.560655983519522,-1.5614849094563108,-1.5633894743103585,-1.5643776419023074,-1.565756370616979,-1.5648357283568184,-1.567060164015754,-1.5692878308609883,-1.5681997034508823,-1.5693675896391763
reciprocal,-0.3317829886287404,0.2344862396030794,0.515795640842551,0.6578993997488246,0.749144276177935,0.8034422361004508,0.875167299285371,0.9044520332589552,0.9332423480619674,0.9731940784585584
reciprocal,0.8194850216291638,0.7656604945542286,0.7290706264196632,0.6858638991227874,0.6643493496271496,0.6444625564401643,0.622189739170833,0.6097469929097699,0.5887660153692352,0.5733485957912564
reciprocal,-0.2499816006837412,-0.0184962093873639,0.1031781577200701,0.2012553067367499,0.3008898067207685,0.3659451570482973,0.4101554285471346,0.434511378725787,0.4844999515309635,0.4777759857495571
reciprocal,-1.030789031576256,-1.0293189336417077,-1.028754173127961,-1.0273292795777065,-1.0251642369775686,-1.0254582778040455,-1.0263201300024691,-1.0274831475171835,-1.0255122362595026,-1.0226043233535498
reciprocal,-0.8253100566616843,-0.8280677046531041,-0.827123542729884,-0.8320566905902602,-0.831560914102415,-0.8332867097831433,-0.8348116787039697,-0.8367456574733836,-0.8392075782203418,-0.8398922031765027
reciprocal,-1.8104410199422856,-1.7931088011528022,-1.7859699479489133,-1.7743702048277958,-1.762598304680343,-1.748279519496784,-1.746065379067266,-1.734550615823541,-1.7297129807517866,-1.72145305563419
reciprocal,-0.4858704854654013,-1.0581709696596782,-1.3384399521356125,-1.4814644543700897,-1.5342455190484332,-1.5420271711728524,-1.638366961919132,-1.6454223228404126,-1.671612165065542,-1.6918883392100272
reciprocal,-1.0127524826809304,-0.9999592523195552,-0.990096711120968,-0.9792718450496544,-0.9720334278555676,-0.9647198515480968,-0.9582986471001996,-0.950861039195952,-0.9454075314630316,-0.9388996792637896
reciprocal,-1.8971581174758805,-0.4364227139070969,0.2121560604903849,0.4876221978383837,0.6376746474926864,0.8697046808271564,0.9783677251268612,1.033260201686836,1.0618016446397445,1.103086366567228
reciprocal,0.3811424812923745,0.2835626033689232,0.2311907647912733,0.1786115712850969,0.134580894827001,0.1066002608078761,0.0800746897764131,0.0522441888690454,0.0355049774514881,0.0175086162379623
reciprocal,-0.3671407022553123,-0.3946533639928439,-0.4100465388503662,-0.4252698813456319,-0.4424861560330833,-0.4569788166495416,-0.4681314984478316,-0.4807351312647518,-0.4888497806152135,-0.5053679022910575
reciprocal,-0.8973741453521831,-0.811493439765795,-0.7429697256087802,-0.6974974631928599,-0.6744390637227484,-0.6468459573561136,-0.6282134308773246,-0.6128903645718897,-0.6027415969431298,-0.5842896351034015
reciprocal,-0.7767671894126114,-0.6740335716661604,-0.5895964192308749,-0.5364010242720176,-0.473110829742268,-0.4474355443535014,-0.4131122816807213,-0.3933358271691767,-0.3719214449080377,-0.3478125360088689
reciprocal,0.9184194554873578,0.910212630285681,0.9027134602483488,0.8991599348365732,0.8951008112633183,0.8928355846158926,0.8899503211705411,0.8878571787889309,0.8875940874022795,0.8870929691056972
reciprocal,-0.1290040629071243,-0.1776112326421117,-0.2211046761114799,-0.2529424774935778,-0.2787339096289493,-0.3012571934214134,-0.3265901048635938,-0.3483450390486949,-0.3602484092785024,-0.3818438770635019
reciprocal,-1.410845943886193,-1.3970898110148606,-1.380861487805373,-1.3713222273336996,-1.35633733428489,-1.345182504491197,-1.3326364074068182,-1.328593868212823,-1.3220621835896644,-1.313345959260544
reciprocal,1.376677433439338,1.394312754500446,1.4097404864572058,1.420994678500488,1.4337067318346757,1.4451174502563022,1.4562682127697286,1.4661061083551694,1.4794966847217608,1.4837228110170553
reciprocal,4.180145704714592,2.725554616542541,2.030369016417215,1.6833415974690482,1.4854903044867536,1.3895724172910089,1.2119180526613098,1.1632398500279524,1.1128133542878431,1.0530558378037462
reciprocal,1.6028845124873492,1.5538229187239585,1.5139619836674871,1.4937272775364938,1.4693271195428754,1.4710886577944906,1.44065353797175,1.423959859586516,1.4027147015522363,1.3920703597698316
reciprocal,1.5683119762265347,1.5718840096195963,1.5739076087692447,1.5748521133025963,1.5780438929209726,1.57745769072674,1.5804748505316797,1.581110571199308,1.582442999047687,1.5821169566433784
reciprocal,1.0225532431621922,0.958739741106377,0.90329592232483,0.8670586173284898,0.8252446372584277,0.8071527244453947,0.774789559860592,0.74975989516522,0.7456175610174192,0.7261813660794828
reciprocal,-1.6728552282054003,-1.5861610297261617,-1.5338462853575656,-1.4885712366319088,-1.4716846976618612,-1.4366227483713114,-1.4059708800425572,-1.381573044190673,-1.37454161980018,-1.354724133889388
reciprocal,-2.617575752403265,-2.501136684051092,-2.4036309845874704,-2.3165179686317026,-2.269571026161286,-2.223659161167778,-2.1649726924581416,-2.1464547626813717,-2.086994813771197,-2.0996483655771314
reciprocal,-0.7429382360559992,-0.8118254420415929,-0.865962969786274,-0.8989335155388629,-0.9334544824166012,-0.9596874420533162,-0.9702073258484796,-0.9859851411333485,-1.006895477900721,-1.0142279998949093
reciprocal,-0.6849000578607077,-0.7105140119861165,-0.7232907129821717,-0.740235826005053,-0.7512954062002701,-0.7616231817371413,-0.7691996181707996,-0.7771668763990119,-0.7831480285599258,-0.7890541025539393
reciprocal,-1.3473188404777123,-1.412955954045563,-1.4732214210434469,-1.5078591687449152,-1.5491452809927118,-1.5708521809898364,-1.5916819257792616,-1.6066765070465223,-1.6318715109468975,-1.6461223766350963
reciprocal,0.2901749318228931,0.2626395106966604,0.2461504103643347,0.2287461017465705,0.2065284815165715,0.1826440755011958,0.1640679665560246,0.1525117642728818,0.1421867924733527,0.1294548839864245
reciprocal,-2.0542327115711,-2.026736371919811,-2.001182781791837,-1.983248446516611,-1.9681237202399735,-1.954479478869418,-1.941198541351538,-1.9163302278169307,-1.9188016671809736,-1.9087540532120952
reciprocal,-1.0450782457960162,-1.0714097814646415,-1.0956556171866576,-1.1134227618083237,-1.1315175335162753,-1.1522827071685977,-1.164681973560744,-1.1793905195545369,-1.1898958849137125,-1.2015289127204687
reciprocal,-1.4717557761537354,-1.5204041392238383,-1.5565334273560032,-1.5897070730525564,-1.6013038874846033,-1.6192532049313773,-1.6498896882412708,-1.6580092852920576,-1.6628613323950625,-1.6792370265455197
reciprocal,0.395398905524626,0.614078066213785,0.7430648942039054,0.8474654449762749,0.9331392143279988,1.004030347374525,1.0505057486649958,1.0853673636604686,1.1336343001898008,1.1588526654370477
reciprocal,-0.470734807857367,-0.4775134148871933,-0.4829810862633281,-0.4879788318237838,-0.4941757226904559,-0.4970860845401982,-0.4999240295046162,-0.5040472053626665,-0.5040193819671897,-0.5076165191170241
reciprocal,-0.7152803410297195,-0.7108552762365656,-0.7085852245424937,-0.7069755933209306,-0.7057638365351884,-0.7051297704975835,-0.704471592092467,-0.7016137766617822,-0.7023786826562548,-0.7022837995127318
reciprocal,-1.7233365330526331,-1.725532107062661,-1.728187564524955,-1.7301299911774526,-1.7292035497273972,-1.7303154578037707,-1.7313826686570355,-1.7352784883844343,-1.7351188327700662,-1.7357203841295346
reciprocal,-0.2547192337175605,-0.264905679080183,-0.2723818258510655,-0.28002675131097,-0.2866545548862123,-0.2946900564790262,-0.2995118194753077,-0.3042113548482544,-0.3063538555089817,-0.3109408821015259
reciprocal,1.95952765805595,1.9299720329144896,1.9069902857123031,1.888500038520367,1.8720026056590628,1.855848276779939,1.839707611541435,1.829026536476324,1.814781699973902,1.8089443698443848
reciprocal,-1.5985601971449477,-1.538805146021589,-1.4841039017777344,-1.4387739087793403,-1.4048128403556024,-1.364745935909304,-1.350240593294852,-1.3105680407137443,-1.2838214771805911,-1.2810620238571189
reciprocal,1.068458807631647,1.0319742068400786,0.9989614005954488,0.973860497031881,0.9502482226540894,0.931829856674976,0.913177892966158,0.8983053963004558,0.886195399072224,0.8720470779657803
reciprocal,-1.774426104485865,-1.335251873819002,-1.2046933813922571,-1.0512844106348378,-1.0060858044187713,-0.9335442829868512,-0.9158356484830128,-0.8845725845195934,-0.823495256263561,-0.8171951868820162
reciprocal,1.04876680755161,1.0394363400155875,1.028721245487561,1.021121169933261,1.0134675362102874,1.010263346195231,1.0058753523248851,1.0004995547466942,0.9938981530239248,0.9898606108986028
reciprocal,-2.6752994475942304,-2.2027736063176544,-1.934701430377369,-1.7672097567046057,-1.6305035320069987,-1.52013219205706,-1.4464370536868678,-1.396471612367559,-1.3296251804822086,-1.3080160977788435
reciprocal,0.3404315155453208,0.4439021380303424,0.5109689944800226,0.5869690448566508,0.6452121328285487,0.6731258168723969,0.7137686077332286,0.7453974307845173,0.7725660111749483,0.7908696126968686
reciprocal,-0.6664517331262955,-0.6789668940757666,-0.6884341410297834,-0.6978403684222924,-0.7046639422507331,-0.7118529929624364,-0.7191254986288017,-0.7248158834161895,-0.7299099533015283,-0.7324745217186834
reciprocal,-0.2383955728359801,-0.2083696045039078,-0.1968423720403155,-0.1813391814610614,-0.1651665336375251,-0.149297822088957,-0.1389917532070269,-0.1259607135172359,-0.1187915863710058,-0.1095004623063966
reciprocal,-0.3485399171524878,-0.3467060477705522,-0.3423862934101681,-0.3386446592047844,-0.3344715466604868,-0.3325982283590758,-0.3295313264038875,-0.3257122230655481,-0.3230850703116301,-0.3214001360319919
reciprocal,2.119150132976245,2.0445654916837728,1.9864256971658256,1.935990105305916,1.900909956631066,1.8662150422943389,1.842468178288022,1.821522069792558,1.8027207372337029,1.7825001002942726
reciprocal,1.4474991485288118,1.3796534744132078,1.321172299216708,1.2712663957945702,1.2449954315462164,1.2060915413416713,1.1731075335645011,1.151087086078916,1.12516385654265,1.0983951712837114
reciprocal,1.3134053636824312,1.2003675093111514,1.091455858416415,1.030634196450331,0.967683583328248,0.9436535349234436,0.9181905944238482,0.8760336945482223,0.8562105297359582,0.8357339612980248
reciprocal,-1.4146530090871,-1.3192604620132244,-1.2534819763505145,-1.1963589199990523,-1.152420917483331,-1.1133445613174011,-1.0782980404771572,-1.0495930766258217,-1.0352974298578907,-1.0078057129244933
reciprocal,-1.870998125386162,-1.7981142006724704,-1.7589553877005029,-1.7048394053518237,-1.669677957187898,-1.6263066036297442,-1.6303568029628903,-1.593981484366637,-1.5836312865126665,-1.5517597007522048
reciprocal,-0.9028765317735588,-0.5912286724051979,-0.4314042831071118,-0.25254544413186,-0.152035805239837,-0.100202264125819,-0.018732813208723,-0.0128977011337579,0.0698830347402375,0.1124509928978693
reciprocal,-1.5285413464108326,-1.5325954518177238,-1.535600722655908,-1.5371542561165132,-1.5428893007446445,-1.541675673247457,-1.5460241228681766,-1.5464364520580842,-1.5489146037328956,-1.550748074218723
reciprocal,2.898537672665628,2.6543348781126483,2.5228384161457478,2.407820674436577,2.334862241452288,2.2711972944529477,2.209286963859352,2.177521527487837,2.146179964378889,2.121500370830665
reciprocal,-2.1652172612673874,-2.1054706737683,-2.073270471231674,-2.036768255917361,-2.003803850192144,-1.9836598623227493,-1.9580785486582235,-1.9406465554255603,-1.911270561191268,-1.897830806421338
reciprocal,0.1518595927143578,0.0402834114849044,-0.0290813741920225,-0.0685017203981803,-0.1169618436111276,-0.1635678686121446,-0.1796755212507373,-0.2136408471622148,-0.2187285923533438,-0.2382520409581549
reciprocal,-1.3233346110523083,-1.347424763818389,-1.3825925369787462,-1.3951435949957136,-1.4187410778805318,-1.4329265686294312,-1.4386070784065983,-1.4537157428755654,-1.4670103127902707,-1.4783246490350743
reciprocal,0.5714804687529562,0.6083034595179986,0.6277652172227416,0.6602841975720547,0.676877493674364,0.6939288757534555,0.7088449016214395,0.7293933685867574,0.7442269980794844,0.7484993489072616
reciprocal,0.3308596151692323,0.371381408906399,0.4015631865635281,0.4253294112907446,0.4499971179097747,0.4672687562986035,0.4793112482454734,0.4944401993250178,0.50732860625709,0.5152574754184109
reciprocal,1.5864435649210171,1.5957062363669967,1.6041032083573428,1.611933922458565,1.618322110311926,1.623992925797485,1.6298388113686189,1.63571842780393,1.64134451517577,1.6451603427103652
reciprocal,0.5501885833735686,0.5949148681307799,0.6394978926293954,0.6665184965089045,0.6955490634640609,0.7217686453900554,0.7372944286715478,0.7516312777585438,0.767084673591954,0.7787395010615346
reciprocal,-1.6784959777353556,-1.6553358370707054,-1.632768971893908,-1.6224209753406047,-1.6066793765784864,-1.6000373423696692,-1.5888750192700547,-1.5825824340519208,-1.5730350565485398,-1.5661021820895349
reciprocal,-0.3119231844019034,-0.3333826246682731,-0.3445871031636626,-0.3535535762620707,-0.363414094918167,-0.3725406878273186,-0.3768199310806872,-0.3827310406652125,-0.3892395147663406,-0.3909065700765534
reciprocal,0.4114475892228322,0.3663711990244472,0.3268716480536242,0.2905162410598753,0.2585429218444865,0.226489827011782,0.2193052255020887,0.1898459656330064,0.1836518983591679,0.169924683501281
reciprocal,0.0291298308166088,0.0384943566761091,0.044602900147807,0.0512285517687605,0.0541584428677231,0.0576864255781565,0.0604244641023624,0.0630017183934483,0.0673849990071108,0.0679337543073046
reciprocal,-1.3878608940974495,-1.3289278850555355,-1.2808044185794798,-1.2477762239035712,-1.215259122863534,-1.1867269192997236,-1.1694377787639307,-1.1525354430010275,-1.130620773160402,-1.1198864938988686
reciprocal,-1.61888402542439,-1.6066732596812534,-1.5928796935943286,-1.5898465091685974,-1.581150752523207,-1.5723764195812626,-1.568897023978408,-1.564903899895201,-1.5625765351629055,-1.5585378395090617
reciprocal,-2.957390139012569,-2.4565926807548384,-2.2068914814819984,-2.0647363461138624,-1.9757210438217208,-1.9174608878758976,-1.842380545410324,-1.817813888484315,-1.7807551536292492,-1.7652717914624303
reciprocal,-0.705801666159683,-0.7020170503315691,-0.6987751686476537,-0.6972242488356425,-0.693360419133518,-0.6914525808635069,-0.6899136353279022,-0.6878926102861636,-0.687762364406117,-0.6870932509213128
reciprocal,-0.4119302139181183,-0.4632454917841485,-0.5086926068523759,-0.5494827391173941,-0.5786048858439206,-0.6031770556867846,-0.6323025996548343,-0.6395546862416065,-0.6570126117697801,-0.6811381275172297
reciprocal,0.6252070659799418,0.4870326266901017,0.3727773226350782,0.3129840855690968,0.2744405895651673,0.2363522240184735,0.2225105906204228,0.1942798730444485,0.190379534027434,0.1645788664515203
reciprocal,2.003319052216314,1.9183904781412051,1.813253449211344,1.78762820765917,1.701246693849373,1.6679949136663916,1.6220116644730136,1.5684924565523666,1.5473090267616625,1.5370395240916768
reciprocal,-0.1379834072656189,-0.1104080154657464,-0.0910882684316263,-0.0819219603184661,-0.0607893562378858,-0.0516009553942169,-0.0323956392057416,-0.0276871598375595,-0.0122456462230346,-0.001235755143835
reciprocal,1.20039077564689,1.2219710288023764,1.2388567982178929,1.257489766623554,1.2717061484800882,1.2853432921315884,1.297829624423158,1.3106916817499148,1.3222342531829,1.3323947983650626
reciprocal,1.0777803972096804,1.1001905464644286,1.1221850429518818,1.136702410780526,1.1544972237941402,1.167054714564294,1.1809188211024124,1.1927456303431496,1.2027377068306258,1.2108286253024938
reciprocal,-1.1038339733891045,-0.7570733296098177,-0.5515063044136262,-0.3740957728814115,-0.2739501783244651,-0.180636529189539,-0.1034014064120652,-0.0559511027448589,0.0110889466355778,0.0557620849324347
reciprocal,1.4805716275737968,1.4723054667731656,1.4578931029073847,1.4531345769233783,1.4437451539903967,1.4378953270915171,1.431165016587217,1.4250996742695636,1.420093672849846,1.4139895259530844
reciprocal,-0.9369740933621472,-0.3629188413585935,-0.0540014392789312,0.167287997977827,0.2573234980872705,0.433971172140495,0.4648828539503276,0.4546372778964009,0.5716343472403072,0.5702575604313803
reciprocal,0.4402478887914104,0.5284724922138466,0.5616251224034849,0.613648389356906,0.6420487739780822,0.6566869611675751,0.6752794716389403,0.6933092262879762,0.6965768618956935,0.7055699504970088
reciprocal,1.4567568477916184,1.4700517688265162,1.4824314905011855,1.4927304608365606,1.503566303282533,1.5096870094993338,1.5200592265689383,1.5302310168759157,1.5346518260000053,1.534811980389816
reciprocal,-0.1121294321959138,-0.20459657165333,-0.2719263938699714,-0.3217371076117646,-0.3671722289159086,-0.4069373036033009,-0.438635710730912,-0.4614394712052809,-0.4840765885683095,-0.5068370835526632
reciprocal,-1.2590605556975287,-1.2630070688871404,-1.2651415926398188,-1.2691176518562357,-1.2711103315997112,-1.275568950640566,-1.2761942955460737,-1.2786219616847498,-1.2792583815253766,-1.2813121609119336
reciprocal,1.5072006479062476,1.5319487792861717,1.559159433440393,1.574616434935332,1.5936671399546871,1.599251163085387,1.6158369016834555,1.6274982200394392,1.6363709764565562,1.6461065452116797
reciprocal,-0.6155138116819682,-0.6496867998958585,-0.6711545079446728,-0.6968226198441162,-0.7181911531763812,-0.7329808063382166,-0.7484403018189115,-0.7603040681124472,-0.7718314071290583,-0.7836497541449119
reciprocal,-1.9935687094607704,-1.9765762815293184,-1.944869327870237,-1.9358176462051928,-1.91227258891699,-1.89338153955089,-1.8817946962165557,-1.8695289038092,-1.8609544430293088,-1.847757824437355
reciprocal,-2.3533206496696844,-1.968756395636696,-1.8830100131712109,-1.6363202511602468,-1.6045830552522196,-1.4672098241296956,-1.5040550960225587,-1.4686625181737156,-1.405551710302538,-1.390911531309496
reciprocal,-1.3063684145643426,-1.2936920828315688,-1.2785138857882188,-1.261761650772208,-1.252878036706483,-1.243700935801788,-1.2330726144946649,-1.2238720589989658,-1.2164032178967608,-1.207950879822522
reciprocal,1.7199774758734472,1.42514629240253,1.2614649257508768,1.1337644961374087,1.0032515355525995,0.9347120147428976,0.873981265986348,0.8273601943858865,0.7853906565245853,0.766516665865425
reciprocal,-0.1728752944794928,-0.1940329315670998,-0.2095993209175847,-0.2230518412977185,-0.2317125518371028,-0.2408532622627025,-0.244776344251139,-0.2519613121158445,-0.2566823248911837,-0.2615127266172091
reciprocal,-1.5832430053139024,-1.585153595024494,-1.591074181281101,-1.594215205185232,-1.6012996320725543,-1.6016020700545963,-1.6051516191984738,-1.6081164938081718,-1.610592665396957,-1.6134944960038244
reciprocal,1.1998536707503749,1.2195164697193688,1.2332241964249355,1.2435934669745257,1.2532339922881095,1.2713845300362414,1.2771577987681495,1.285919384730838,1.2886110569344935,1.300935545747736
reciprocal,-0.0658671326409478,-0.0808917331618436,-0.0927544808276215,-0.1056192672648608,-0.1160459133089961,-0.1243594249920623,-0.1362019020334227,-0.1402931993459278,-0.1481144967168417,-0.1556704928560856
reciprocal,-2.8713826019166704,-2.507279057561851,-2.2256207587785046,-1.9893618686895,-1.8720384316143408,-1.77652644123028,-1.694838539308688,-1.6313399656309453,-1.6132540296208346,-1.5559486445802184
reciprocal,-1.9353838581846257,-1.9243713811453615,-1.910271440012926,-1.9019504171237804,-1.892539138801108,-1.882921607944268,-1.874758546357942,-1.8675394026934236,-1.862195098999759,-1.854193064637522
reciprocal,1.1759419123517505,1.1923784506448132,1.2096488394361706,1.226202641721268,1.2358367305270563,1.2463128104396433,1.2573450488661342,1.2659439729968498,1.2709871217217337,1.2828815360514454
reciprocal,0.4744102047293044,0.4653777407327851,0.46056866421579,0.4516989266740182,0.4475332128128733,0.4430666439592216,0.4383402322588831,0.4332817648120896,0.4282345964772397,0.4250577991705611
reciprocal,1.2312041000582414,1.2166494115941564,1.2039566545733162,1.1951769539669996,1.1846213574514224,1.177120434155261,1.1693271871519595,1.162267382168387,1.157212817558231,1.1486184648996067
reciprocal,-1.5872946935311816,-1.3335815259071993,-1.20279221324071,-1.059026932947392,-0.9583965844317374,-0.9232100193660028,-0.851078708376383,-0.8231239504057953,-0.7924582152556859,-0.7790555101838065
reciprocal,1.977998128074288,1.972086985990097,1.968167519067337,1.9631331184978469,1.9622511029916556,1.95885583052594,1.9562999222650752,1.9542433784917084,1.9519014969204345,1.9515727124674276
reciprocal,1.3301132919717704,1.3214648990110152,1.31461246074799,1.3046363244517607,1.2992043356728198,1.293250283597938,1.2882336215978205,1.284656008791642,1.27673586769823,1.2748110970610067
reciprocal,-1.8807395257854571,-1.8497668217314835,-1.809655169026248,-1.8025496331079909,-1.7712603162858096,-1.7638903797879475,-1.7434711144975148,-1.7214150975309015,-1.7142392333166865,-1.7129484555766403
reciprocal,-6.990348119119454,-4.258463871847721,-3.363474584536359,-3.0017241811286848,-2.8796494599941806,-2.940262202432748,-2.6258978486533326,-2.5530844821373324,-2.282523272406144,-2.0894692943669813
reciprocal,0.0115120802089401,-0.0101192614787558,-0.02658266467695,-0.0416529353739263,-0.0527182903745536,-0.0677167337528383,-0.0815669065968207,-0.0913298764175577,-0.100262711684769,-0.1103397782438372
reciprocal,-0.7825595425145766,-0.7600527002694838,-0.7417765704934662,-0.7231662861212304,-0.7126463352326601,-0.7040964537243496,-0.6887696307800745,-0.6795685626769803,-0.6734182962982994,-0.6614440278732875
reciprocal,0.0118057429440045,0.0435699125860545,0.0703735022263895,0.0860405356177459,0.1026196627560489,0.1187811510377955,0.144603026207393,0.1439265644896426,0.153518146342383,0.1631880773211976
reciprocal,-0.2457915741509913,-0.2742639831642222,-0.2973229661801937,-0.3133368353673291,-0.3318440884292965,-0.3476515192960093,-0.358384890844333,-0.3700886129281012,-0.3831174191408922,-0.3914479382384763
reciprocal,0.0557145531720588,0.0708375452673618,0.0865585185371401,0.09517410894626,0.1023300956718474,0.1126236425775111,0.1148963494919631,0.121537922746845,0.1246281815532123,0.12735174067228
reciprocal,-1.7514714738825552,-1.7189587693667667,-1.6923371174657154,-1.6679575270277922,-1.641123291492683,-1.6244859008853951,-1.5948256356546775,-1.5905552209109544,-1.5720089109722155,-1.561345809382929
reciprocal,-2.7160250048586283,-2.1457532000321238,-1.6431906466794015,-1.433573538267561,-1.2760351998230206,-0.9271878884662657,-1.1058916750935657,-0.9517962123175038,-0.8940777660160646,-0.8376216015671331
reciprocal,1.2528339753457536,1.2614691659230284,1.2695598986105965,1.2782141378846144,1.283435897582061,1.2886091923492018,1.2938863765751218,1.298053166071324,1.302705900481933,1.305331405375045
reciprocal,-2.3656081455117914,-1.114146470364842,-0.6247478764856607,-0.3292122923122848,-0.2187073168855332,-0.0389840592587055,-0.1484957797539796,-0.0136202670425455,0.0613459740771058,0.0696536691367781
reciprocal,-1.4032014330952187,-1.391818590045853,-1.3838318324692649,-1.3754942384591724,-1.3672929019433624,-1.3581057048649594,-1.3514155871047795,-1.346165046093618,-1.3406521037009282,-1.3370430327546523
