id,label,param_1,param_2,param_3,param_4,noise_sigma
1,linear,1.0958241942238534,-0.3667293614876863,0.0,0.0,0.1240650306973649
2,linear,1.29104645308332,-0.3395148070360134,0.0,0.0,0.062923371695018
3,linear,-0.1331159850918633,-2.737177405276628,0.0,0.0,0.0054961314008866
4,linear,0.6792559787300414,-0.3770884867660156,0.0,0.0,0.0751047324815237
5,linear,1.1476975100085536,0.9891051395521928,0.0,0.0,0.1119542165173876
6,linear,0.2143176026319833,0.355242964472481,0.0,0.0,0.0121244746361035
7,linear,0.2281286093651133,1.7033892546384806,0.0,0.0,0.0213014588571296
8,linear,0.7852815003109441,-0.3230623465558158,0.0,0.0,0.0506062058528849
9,linear,1.1150036158631784,1.301341134953974,0.0,0.0,0.0796365506498657
10,linear,0.8778518238037472,-0.4074417613493777,0.0,0.0,0.0786517091782726
11,linear,-1.3176281258524556,2.550720710260784,0.0,0.0,0.1118305021550885
12,linear,0.2869122095043015,-0.1590635936582769,0.0,0.0,0.0151479398540916
13,linear,-0.8750648646439667,0.9565358081514104,0.0,0.0,0.0873105772085394
14,linear,1.81159758027898,-1.2544929711592885,0.0,0.0,0.1415435362499323
15,linear,0.0754334415457962,-1.104425689015242,0.0,0.0,0.0078732591059594
16,linear,-1.2829267673690437,0.5962967491250613,0.0,0.0,0.1473396824818064
17,linear,-1.5126699814858755,0.0379795897237977,0.0,0.0,0.1458718009193419
18,linear,1.82249302818788,-1.28132263870767,0.0,0.0,0.2186590076197483
19,linear,-0.1304735937788339,1.7085806955131249,0.0,0.0,0.0035688417394117
20,linear,-0.184412471694801,-1.5129626222918513,0.0,0.0,0.0091654225617873
21,linear,-1.3378731090588871,-1.291679505972387,0.0,0.0,0.0551461171401533
22,linear,1.5000197689384345,2.106789760933236,0.0,0.0,0.0449575492723168
23,linear,1.374299806391011,2.415918863565702,0.0,0.0,0.1725716403467162
24,linear,0.5582530849484404,-1.4012200949949236,0.0,0.0,0.0222214407457961
25,linear,1.6653920781527116,-0.1145374301995287,0.0,0.0,0.0983671506412998
26,linear,1.4428762733035765,-2.207382976190736,0.0,0.0,0.1273702831741707
27,linear,1.7841082512693212,-1.4796998769648768,0.0,0.0,0.1530643911889947
28,linear,1.724944942760407,-2.281598468993263,0.0,0.0,0.0646693184517464
29,linear,-0.7422400791829484,-2.054330108250002,0.0,0.0,0.0301526488598109
30,linear,0.8710409440145739,2.707167960023047,0.0,0.0,0.0327782117685032
31,linear,-0.2307434917284272,-1.1884356513450505,0.0,0.0,0.0275341087922692
32,linear,-1.8840019871821223,-1.5550316517531175,0.0,0.0,0.0756192774111676
33,linear,1.3976353716922918,-2.6566083590804377,0.0,0.0,0.1500085820286978
34,linear,-1.2278340365243836,-1.3754474920931985,0.0,0.0,0.1203655565400531
35,linear,1.92010871821677,-0.248636145249061,0.0,0.0,0.2027751818489833
36,linear,0.0334109537877682,-0.5757936555554042,0.0,0.0,0.0024709450322253
37,linear,0.353224993636033,-1.0977545320965727,0.0,0.0,0.0103191221143905
38,linear,0.1965775343987177,-0.4114908289206593,0.0,0.0,0.0175864677722117
39,linear,-0.0234334139303062,-2.3048596539883897,0.0,0.0,0.001
40,linear,-0.5109537072338073,-2.078322605636191,0.0,0.0,0.0443980713541883
41,linear,-1.957089420097295,-1.7456540483865512,0.0,0.0,0.1549160072957522
42,linear,-1.67980286541526,1.5319810367684663,0.0,0.0,0.1173028427368754
43,linear,-1.663538661772472,-1.5379952756657187,0.0,0.0,0.1857895276685055
44,linear,1.0745103578375166,2.112093101287014,0.0,0.0,0.0828270207655678
45,linear,-1.233587961349201,-2.8510612092085648,0.0,0.0,0.1483374801104663
46,linear,1.0457302527360306,2.4199672317843186,0.0,0.0,0.1036662363504106
47,linear,-0.8470870180483789,1.4025209846274969,0.0,0.0,0.0865078104082347
48,linear,-1.6607229107526718,0.3327702608265834,0.0,0.0,0.1784317114373541
49,linear,0.9577258739060396,1.8052295526397923,0.0,0.0,0.0292411290617266
50,linear,-1.0493665465576107,2.116686777791476,0.0,0.0,0.0640893198378988
51,linear,1.2297264239051269,2.992460220400589,0.0,0.0,0.0686156970666296
52,linear,-1.1920838492448738,-2.893987314000527,0.0,0.0,0.0856188642788751
53,linear,1.636259257691794,0.1772523317104344,0.0,0.0,0.1658201894520122
54,linear,-0.2464549656632284,-0.142456148479646,0.0,0.0,0.0313283351219156
55,linear,1.8390980893168811,-2.3819838952190477,0.0,0.0,0.0546701606141696
56,linear,-1.171917833900752,-1.187570587298169,0.0,0.0,0.0770907526713688
57,linear,1.3648148248598255,-1.4379087395084995,0.0,0.0,0.0797951350194748
58,linear,-1.8105039199780728,-2.1707677701688155,0.0,0.0,0.2161139163405857
59,linear,1.413477837369467,0.714714518561844,0.0,0.0,0.0595804356573617
60,linear,1.196854088965964,0.6044035131758552,0.0,0.0,0.0570023730236948
61,linear,-0.731387315480085,2.340116742706173,0.0,0.0,0.0630285201909792
62,linear,-1.4923600979259477,2.383813198524562,0.0,0.0,0.1722791228373968
63,linear,-1.074877841252591,2.2433309874228087,0.0,0.0,0.0552885117909301
64,linear,-1.950120488235147,1.7761713378622703,0.0,0.0,0.1533968198686772
65,linear,-0.1207964473006883,1.400969427376979,0.0,0.0,0.0139199762340414
66,linear,-1.600550091357082,-1.7736157975114248,0.0,0.0,0.1624110058661492
67,linear,0.4070990234708338,2.6122882173989685,0.0,0.0,0.0298360479609192
68,linear,1.0140182520010317,2.2862163115072205,0.0,0.0,0.0546899299424809
69,linear,-1.5572317038815355,-1.4853822567024764,0.0,0.0,0.0866371210219102
70,linear,-1.6120884451780828,2.074781746812855,0.0,0.0,0.1426987782135158
71,linear,1.0400598869761395,1.6341179260474084,0.0,0.0,0.0485212237989877
72,linear,0.8409808053439463,2.1080078964132234,0.0,0.0,0.0965848490337575
73,linear,0.1189826647299918,0.2194080814625358,0.0,0.0,0.0083182431346201
74,linear,-1.5241867570391547,2.5010904457751746,0.0,0.0,0.0889639243202064
75,linear,1.6826634330942714,-0.9516775957096342,0.0,0.0,0.0515712165618278
76,linear,1.973473993644712,-1.3146216842150693,0.0,0.0,0.0628938641590784
77,linear,0.3987814268639615,-0.1632961634460108,0.0,0.0,0.048873419089089
78,linear,1.7901423986639693,-0.8019870686607824,0.0,0.0,0.1807188282824479
79,linear,-1.496771926750859,-2.44965792564596,0.0,0.0,0.1402462879764535
80,linear,-0.8993898975931467,-2.168073022599483,0.0,0.0,0.0490042533668732
81,linear,1.904513562766831,-0.6019431890181788,0.0,0.0,0.1819402339104014
82,linear,0.5288100004594494,-0.9953323982474664,0.0,0.0,0.0266895491999227
83,linear,0.5792767774371619,-1.2640791833859928,0.0,0.0,0.0300414195428819
84,linear,-1.446683719535803,1.6460154070983073,0.0,0.0,0.0540303706139662
85,linear,1.1629518955839755,-1.3762070863748372,0.0,0.0,0.1347827447299208
86,linear,1.9976876368967516,0.0987564158138454,0.0,0.0,0.0704257796266655
87,linear,1.2849231463913815,-0.5000040117607192,0.0,0.0,0.0750002211292322
88,linear,-1.7887715943995586,-2.996887535005767,0.0,0.0,0.1253758452555064
89,linear,-1.628975690302021,-0.6331108923674735,0.0,0.0,0.1643300524064489
90,linear,-1.6560705995562195,-1.942251809867219,0.0,0.0,0.0719376365808102
91,linear,-1.2307972838594678,-1.6752124727463955,0.0,0.0,0.1138897350910539
92,linear,-0.9592613786280344,-0.4880634761111899,0.0,0.0,0.0987400389094459
93,linear,-1.1508914446370282,2.3670689863126864,0.0,0.0,0.1053459213060852
94,linear,-1.1436308426531192,-2.405058176407114,0.0,0.0,0.0533730964640316
95,linear,-1.1784388093103733,2.3301927183770434,0.0,0.0,0.141971369221656
96,linear,-1.823299588223355,-0.5924102148833201,0.0,0.0,0.1068701576018051
97,linear,-0.7156574943525804,-1.8407500653292168,0.0,0.0,0.0258204017502275
98,linear,-0.1958139992589798,0.4076053825709556,0.0,0.0,0.0142346598101019
99,linear,0.2506896422994291,1.5332372548405635,0.0,0.0,0.0129909358045702
100,linear,-1.8458320027062567,1.082512834019532,0.0,0.0,0.1531933033522791
101,linear,0.2603116425228222,-1.3779492708040348,0.0,0.0,0.0109152734125464
102,linear,1.2438516089596874,-0.1094186918269701,0.0,0.0,0.1034515202339154
103,linear,1.4973370253392528,-2.856177866832267,0.0,0.0,0.1178155628346059
104,linear,-1.4415053832835172,-1.869154181926192,0.0,0.0,0.0874662066069746
105,linear,-0.2756945694482469,-2.7846066839558468,0.0,0.0,0.0220907964707958
106,linear,1.3388306573077435,-2.065453974152524,0.0,0.0,0.107318204681479
107,linear,-1.622855786047972,2.2038182430070883,0.0,0.0,0.1587483085702815
108,linear,0.8193532921727238,-0.1023696631692967,0.0,0.0,0.0591096936617443
109,linear,-1.369906634730082,-1.7650812419219546,0.0,0.0,0.1714835092695162
110,linear,1.6497951851825672,0.2233133021660398,0.0,0.0,0.1475921990718547
111,linear,-0.4867607105063389,1.62463928199222,0.0,0.0,0.0392951570143089
112,linear,-1.5707505486699185,-0.0141137858077273,0.0,0.0,0.1234463572476866
113,linear,-1.7966661522060914,2.8883226075180097,0.0,0.0,0.1319270305998857
114,linear,-0.6093054606563868,0.9751775661971988,0.0,0.0,0.0573629855498475
115,linear,-1.2056653458747677,0.7609498967052515,0.0,0.0,0.1227930789575666
116,linear,0.8326302153705405,-1.948916592863978,0.0,0.0,0.0516729711575188
117,linear,0.9919605158097876,1.8904385773125243,0.0,0.0,0.0707349331307672
118,linear,-1.4764386765980198,-0.3670697891883079,0.0,0.0,0.0833771811984454
119,linear,1.634432986222568,1.748708926845734,0.0,0.0,0.1186668058644871
120,linear,1.1720199158385216,2.0870212033419278,0.0,0.0,0.1489969787280053
121,linear,-1.32080010490917,-1.828886821088066,0.0,0.0,0.0415379616274515
122,linear,0.710834457817878,1.8868432561856032,0.0,0.0,0.0352268797502018
123,linear,-1.1477002624039905,-2.974165345993928,0.0,0.0,0.0962486404750882
124,linear,-1.218016690413651,-0.5397072785100345,0.0,0.0,0.0907326526463066
125,linear,-1.6088480102182277,-0.1906115658384957,0.0,0.0,0.0740294420374901
126,linear,1.7751934724148448,-0.5877132110575838,0.0,0.0,0.0860577005269748
127,linear,-1.0893554128031435,-2.696784068099654,0.0,0.0,0.1243145192308161
128,linear,0.9790837112670164,1.9230356631516248,0.0,0.0,0.0999247634831141
129,linear,0.946092870807552,1.067831115270268,0.0,0.0,0.0746962069789873
130,linear,-1.6247687039691003,-0.5257505142166523,0.0,0.0,0.1867611560015282
131,linear,1.3183816363428198,-2.853294954707911,0.0,0.0,0.0633022749631904
132,linear,0.9988230041785472,-1.4543243029077813,0.0,0.0,0.1139000823359604
133,linear,0.9759788907799636,0.1896775121726364,0.0,0.0,0.0723754926628576
134,linear,1.6875900259968015,-1.0070217137792905,0.0,0.0,0.0722362210226868
135,linear,0.52364803109062,2.293050421973688,0.0,0.0,0.047513330918407
136,linear,1.368280607088959,-1.0187922264136118,0.0,0.0,0.1308002583796053
137,linear,0.2171423429057117,0.7311721839260432,0.0,0.0,0.0190786108628454
138,linear,-0.236149472807853,1.457437859148493,0.0,0.0,0.0117464258067954
139,linear,0.9500605491909032,-2.568897987082594,0.0,0.0,0.0742911789039861
140,linear,-0.2722173559980723,1.6154554877893288,0.0,0.0,0.027340710754968
141,linear,-1.0772834986885689,2.434751117485561,0.0,0.0,0.0825366991862419
142,linear,0.1070929254492307,0.834163261588043,0.0,0.0,0.0121396643517641
143,linear,-0.923477997108777,-1.0748995555968752,0.0,0.0,0.0751923075590485
144,linear,-0.2148706456782338,-1.6327932806829972,0.0,0.0,0.0221487637092605
145,linear,1.3951684525443548,-2.0676172844563463,0.0,0.0,0.1220455903177509
146,linear,-1.1888381895633646,0.9599174654226852,0.0,0.0,0.1183532548291942
147,linear,-1.9262487884992248,-0.3649289207643917,0.0,0.0,0.1758688434635417
148,linear,-0.1804223930694446,-0.5164180856723948,0.0,0.0,0.0078616538391965
149,linear,1.6236088752711133,2.8242609671772776,0.0,0.0,0.1327032112119968
150,linear,1.395913690499416,-0.1651879346130709,0.0,0.0,0.1083202504831676
151,linear,1.4382445336755922,-0.7307968619419132,0.0,0.0,0.1618226351808274
152,linear,-1.7150220905336355,-0.1481662926983751,0.0,0.0,0.1758080136993529
153,linear,-0.0429392366768088,-2.15016619216257,0.0,0.0,0.0017658741625144
154,linear,-0.5051279884705946,0.9080099924402782,0.0,0.0,0.0185023657144841
155,linear,-0.6206749624046486,-0.472319233900472,0.0,0.0,0.0222035892044964
156,linear,-1.8306155440051808,-0.3303734338379627,0.0,0.0,0.1489989663202613
157,linear,-1.4763147514140038,-2.6896710500016536,0.0,0.0,0.1802323206759071
158,linear,-0.2069905817850248,-1.3230757585788624,0.0,0.0,0.0233686754331055
159,linear,0.6992510096234787,-1.419147430864094,0.0,0.0,0.0432194526290763
160,linear,-0.0215991041021883,-2.256371673354733,0.0,0.0,0.001077469325496
161,linear,0.1329992393268328,-1.9325250702231327,0.0,0.0,0.0117232885954719
162,linear,-0.4593290505761231,-0.9659535563827256,0.0,0.0,0.0271099676515744
163,linear,1.0590267517305945,2.065634145494667,0.0,0.0,0.1238905562459068
164,linear,-1.8632823562869596,1.6211216966650976,0.0,0.0,0.1996553189124296
165,linear,1.5176469339507404,-1.3779541768341657,0.0,0.0,0.1772693653932862
166,linear,1.2956494442031858,-1.4596694307890026,0.0,0.0,0.1613988612141847
167,linear,-1.5392557867429573,0.383174420827884,0.0,0.0,0.1526450081247508
168,linear,-1.2561023204971633,-1.0604046938093723,0.0,0.0,0.1074519406860109
169,linear,1.7899721801791395,-1.11169531520782,0.0,0.0,0.1106252959927734
170,linear,0.6218375708800052,-2.4358727869870176,0.0,0.0,0.0761971726195869
171,linear,-0.4563148341471406,-1.8182427442798423,0.0,0.0,0.0238550913616495
172,linear,1.1746904970257075,-2.6476879100991018,0.0,0.0,0.0814687227032196
173,linear,0.5157920686511086,0.6746359755190894,0.0,0.0,0.0529162957450698
174,linear,0.8151107781608982,-1.7738427287301672,0.0,0.0,0.0286010961053277
175,linear,0.9139274676077256,-2.740948649658693,0.0,0.0,0.0237871995218106
176,linear,1.592480322004378,2.970056503942862,0.0,0.0,0.0534644883124534
177,linear,-0.3869056682786236,-2.518336077575777,0.0,0.0,0.02025946266419
178,linear,0.7590473937763482,2.2094186416973987,0.0,0.0,0.0480280377532052
179,linear,-1.6442850277988694,-2.857460961256881,0.0,0.0,0.0514330975235555
180,linear,-1.7930010175844608,-0.1341073825621754,0.0,0.0,0.2080756669652556
181,linear,-0.5398110124609663,-2.100351132395636,0.0,0.0,0.0618599280777192
182,linear,-1.8204787100948936,1.4884257544793558,0.0,0.0,0.0598397784438733
183,linear,0.3857803974410934,1.7536250230224135,0.0,0.0,0.0395191193682831
184,linear,0.1497502934159063,-0.0773074805014699,0.0,0.0,0.0054641096971368
185,linear,-1.7255165715645644,1.1510823677139168,0.0,0.0,0.1553600024595995
186,linear,1.0244832389722975,2.986004354031815,0.0,0.0,0.042937361658364
187,linear,0.5661888133634263,1.7414589323366103,0.0,0.0,0.0505807143507292
188,linear,0.9360662391548916,1.964645115052483,0.0,0.0,0.0806312880321854
189,linear,-0.5064658269653011,2.6648618824576475,0.0,0.0,0.0390588785358721
190,linear,1.6932107610315144,2.3019976894348977,0.0,0.0,0.1335187716743772
191,linear,1.7614056501527222,2.622376349278209,0.0,0.0,0.1407444160958224
192,linear,-1.1394751276869024,-2.0207598916932774,0.0,0.0,0.0946452315735555
193,linear,0.7619822048712526,-2.9011067964230577,0.0,0.0,0.0940111767529984
194,linear,-1.3082907689322745,-1.082006594237478,0.0,0.0,0.0726785177306317
195,linear,0.4706778422145556,1.069863650410249,0.0,0.0,0.0479111366431317
196,linear,1.3070993120555148,0.2712294073358405,0.0,0.0,0.1161235590712199
197,linear,-0.1956393567843748,-0.5857747009668968,0.0,0.0,0.0203326420313751
198,linear,-0.1730176065840041,1.52076323661805,0.0,0.0,0.004975406854068
199,linear,-0.0229608927525495,-1.815107688820331,0.0,0.0,0.0026049102981633
200,linear,-0.8457879721561916,-1.5521139721348274,0.0,0.0,0.0287139890831207
201,linear,1.0399400459846104,0.4492142521664055,0.0,0.0,0.1181977420562549
202,linear,-0.188519337151928,2.5616939983950715,0.0,0.0,0.0124069020595889
203,linear,-1.7195422718232645,0.4489243874406927,0.0,0.0,0.1259598125673087
204,linear,1.2023084700612818,2.1219040140270007,0.0,0.0,0.0495433648428525
205,linear,1.9477783248155784,2.2491050928309795,0.0,0.0,0.0827232175229385
206,linear,1.5699373488386392,-1.6203118930882057,0.0,0.0,0.0674016767199557
207,linear,0.0491561708197831,1.844684258460928,0.0,0.0,0.0030385746932151
208,linear,-0.6636245613601868,-1.3677288649339836,0.0,0.0,0.0481213908694331
209,linear,-1.174908386378617,-1.8800273778274208,0.0,0.0,0.0896342677761517
210,linear,0.1003729333794551,0.91672334694789,0.0,0.0,0.0119841244497032
211,linear,1.5496915925469454,-2.7067477388947463,0.0,0.0,0.1589105036786407
212,linear,0.7675403708236122,1.1210973945988003,0.0,0.0,0.061859342327039
213,linear,0.7179408730324157,1.622372299087962,0.0,0.0,0.0915202525174674
214,linear,1.4929597454155237,1.1610325461363642,0.0,0.0,0.0442079483681353
215,linear,1.9230298716334089,1.434447774098475,0.0,0.0,0.1404609341815473
216,linear,-0.9181196824700844,-0.7697324410227959,0.0,0.0,0.0277223262746457
217,linear,-0.4790576644027822,-0.4120903109052518,0.0,0.0,0.052106286349046
218,linear,-0.3405919778953392,-2.2568587132241884,0.0,0.0,0.0229722320984896
219,linear,0.1161575739555611,-2.994060036441684,0.0,0.0,0.0048858649847565
220,linear,1.9251060959730908,0.7059614410199764,0.0,0.0,0.1691351849698837
221,linear,-0.4834997556338058,0.8926494233313265,0.0,0.0,0.0601374117978533
222,linear,1.417571163973994,-2.7931740430034235,0.0,0.0,0.1388146993147361
223,linear,0.3771777120552819,-1.7541769674364815,0.0,0.0,0.0313215618613403
224,linear,-1.3254204727800856,-1.2983931023665565,0.0,0.0,0.090457553865785
225,linear,-1.3718980106632288,-2.929145470925972,0.0,0.0,0.0697652865606816
226,linear,-1.2667273525218388,-0.1851993781672991,0.0,0.0,0.1165337929829899
227,linear,-1.6019614285381714,0.6375037167008486,0.0,0.0,0.0517556999150719
228,linear,-0.1084512713833336,0.9306833485485893,0.0,0.0,0.0050957623993805
229,linear,-1.681977747630519,1.505018000618775,0.0,0.0,0.0932616840190465
230,linear,-0.1030296742984537,0.4243836367214779,0.0,0.0,0.0059360168557196
231,linear,0.824394329571041,0.7067156183313248,0.0,0.0,0.0214676256203602
232,linear,1.5462316546651134,-2.414731759362104,0.0,0.0,0.1418737446737505
233,linear,-0.5043126388271064,-0.3238096846206533,0.0,0.0,0.0339767229030934
234,linear,0.4438347136667944,0.6528468552335651,0.0,0.0,0.0234475737344267
235,linear,1.4992926170962164,2.496349987810966,0.0,0.0,0.1684678802913486
236,linear,0.5637826885008939,1.0561137605362705,0.0,0.0,0.0334793271874489
237,linear,0.6933132296078202,-1.3763358288288368,0.0,0.0,0.0370194016181647
238,linear,-0.292817513342487,2.4066318789040606,0.0,0.0,0.0104161122814306
239,linear,-1.7453456427245455,1.9620480876479969,0.0,0.0,0.1585474001308137
240,linear,-1.719066516453187,-2.658520787229295,0.0,0.0,0.2047083009893162
241,linear,0.4165368208682847,2.9195464550945465,0.0,0.0,0.0392203512568223
242,linear,-0.0339473077886403,-1.9573386733056557,0.0,0.0,0.0010667359560012
243,linear,-0.4477858107910095,0.330061475639432,0.0,0.0,0.0157357906268314
244,linear,-1.5620506971967392,-2.4278792809028387,0.0,0.0,0.095986754005853
245,linear,1.0397055903763612,1.1733121824758488,0.0,0.0,0.0413047590838862
246,linear,-1.4698147429009492,2.724649674420045,0.0,0.0,0.0802862125621713
247,linear,1.5176936356466344,-0.1645589345575695,0.0,0.0,0.1893049201408934
248,linear,0.7844654304520513,-2.569337441635388,0.0,0.0,0.0582494948923732
249,linear,0.8164755614183239,1.918866649114129,0.0,0.0,0.0611588330102524
250,linear,-0.3157803480171517,-2.4589681410630533,0.0,0.0,0.0220382923783869
251,linear,1.770037053279227,-1.084956169396022,0.0,0.0,0.0914565952217093
252,linear,-1.7441098303669067,1.4247626711508934,0.0,0.0,0.0626594835551018
253,linear,0.0258932419935171,-1.6617832320102282,0.0,0.0,0.0031577531211297
254,linear,1.2870922374928018,-2.05439092026913,0.0,0.0,0.0464671618695835
255,linear,-0.0180346349252706,-0.8620950980583637,0.0,0.0,0.001492959809427
256,linear,0.5896432915042782,-2.189695171921352,0.0,0.0,0.0416129182257015
257,linear,-0.8530243960831285,2.197654640495834,0.0,0.0,0.1021334124669862
258,linear,-1.886624917714406,1.442672128668761,0.0,0.0,0.2267622597619237
259,linear,0.0635955849776852,-1.4897361495034065,0.0,0.0,0.0049098602713787
260,linear,1.4011347406215369,2.1646061697276267,0.0,0.0,0.0847487694155583
261,linear,1.9384295064037191,-1.5125898610129027,0.0,0.0,0.0645257800163014
262,linear,-0.6533167696105107,1.074445260717562,0.0,0.0,0.0671571553747237
263,linear,-1.9182280674289969,1.751083738746443,0.0,0.0,0.1373545298261466
264,linear,-0.2114977990246518,0.3139965014441968,0.0,0.0,0.0142448091209163
265,linear,0.7999240872890452,1.4983761043274884,0.0,0.0,0.0756796032327518
266,linear,1.4168100267799684,-0.5158345072058266,0.0,0.0,0.1187215327499999
267,linear,1.9517557156496983,2.8275678976132106,0.0,0.0,0.2329919274039359
268,linear,-0.2706988165235677,-2.348480713070681,0.0,0.0,0.0111556477258586
269,linear,-1.382221426058456,-1.178504090433678,0.0,0.0,0.1607525252836456
270,linear,0.2127945261511494,-0.9357769904450776,0.0,0.0,0.0167166368969929
271,linear,1.8933947349836229,1.8731433111071525,0.0,0.0,0.2147758392621763
272,linear,-0.9732964314313296,1.4716870329274334,0.0,0.0,0.0321764751047844
273,linear,1.215530961235494,-1.031573144634353,0.0,0.0,0.1310872683665978
274,linear,-1.983987350228884,-2.1408195735412705,0.0,0.0,0.1005938598613883
275,linear,-0.7176637502003755,2.7856958922246484,0.0,0.0,0.0638966352700786
276,linear,1.860568468229596,0.5931502206021162,0.0,0.0,0.126487565214676
277,linear,-1.7927795374405062,1.5352663849552854,0.0,0.0,0.1098610800763195
278,linear,-0.3317884664154085,2.2768011335392586,0.0,0.0,0.0104122649593254
279,linear,-0.5602692981407791,0.6649473027958184,0.0,0.0,0.0312555022786871
280,linear,-0.0518180264833727,-1.8931704949253645,0.0,0.0,0.0018233679229236
281,linear,-0.8023540207339024,-2.7156945970944086,0.0,0.0,0.0225155332591701
282,linear,1.0334891063941716,2.9534832438794947,0.0,0.0,0.1060059436854993
283,linear,1.2789070845789317,1.7961274503428326,0.0,0.0,0.1582833528183764
284,linear,0.8989448738051684,1.7747700288318748,0.0,0.0,0.0634572101262606
285,linear,-1.6605662257802627,0.0691868198258847,0.0,0.0,0.1188354616235224
286,linear,-1.00523847684854,-2.649513722672288,0.0,0.0,0.1067700182725136
287,linear,0.8178331521336677,-2.530445953898579,0.0,0.0,0.0841916013809698
288,linear,0.7925785646034265,-1.6706490036844182,0.0,0.0,0.0465233878721357
289,linear,-0.750448751191851,-1.9307588611172068,0.0,0.0,0.0207038716434924
290,linear,-0.4389654842112183,-0.4331171438223498,0.0,0.0,0.0237518813889472
291,linear,1.7424271458789655,0.7461734707033623,0.0,0.0,0.129173464411923
292,linear,0.57090125872024,0.9157682948478324,0.0,0.0,0.0500320134068954
293,linear,-1.1204398290597537,1.825751195260124,0.0,0.0,0.0786717209064421
294,linear,0.4804505157893612,-0.1977458992005925,0.0,0.0,0.030451918251138
295,linear,1.6583969774870466,1.2773177485926066,0.0,0.0,0.1208630240067399
296,linear,0.4803236266130488,-1.1336169893724606,0.0,0.0,0.0318879218158135
297,linear,1.2795404872788034,0.0678357204761699,0.0,0.0,0.0946770901529718
298,linear,-0.6159965310479425,2.537660519041048,0.0,0.0,0.0287716360518202
299,linear,-0.945801349292038,-0.9438709177330112,0.0,0.0,0.0868446646596484
300,linear,1.5029840654385875,-1.228034543539602,0.0,0.0,0.1036727042055894
301,linear,-1.4810875723803778,1.1687898674925652,0.0,0.0,0.0792356770513898
302,linear,-1.1907655246316071,-2.671355355657384,0.0,0.0,0.0473536788095175
303,linear,1.961768715701289,2.977590377634801,0.0,0.0,0.2463506768921883
304,linear,-0.5715376164135257,2.1112071344792662,0.0,0.0,0.0286576485368298
305,linear,0.2605924507835486,0.2895830509995916,0.0,0.0,0.0133227788098726
306,linear,0.6516860441283505,-0.1198140034426984,0.0,0.0,0.0768820406857487
307,linear,1.01400225378244,-2.1883084289328605,0.0,0.0,0.121641545024567
308,linear,1.3986288097842796,-1.2417739534030885,0.0,0.0,0.1718914312048617
309,linear,1.6403586965207957,-1.9139408959789657,0.0,0.0,0.1076931827808932
310,linear,-0.9031903908264004,1.3756274631623349,0.0,0.0,0.0516216444209047
311,linear,-1.122912996307636,-1.0607562630433027,0.0,0.0,0.0964531969541765
312,linear,0.9114948520904078,2.49195916613977,0.0,0.0,0.0715448005213534
313,linear,1.8041794166915577,1.7892710518304202,0.0,0.0,0.2095026572613313
314,linear,0.0413036683029366,0.0558018793489312,0.0,0.0,0.0011404575294932
315,linear,-1.8750360840374007,1.1424486526737123,0.0,0.0,0.1311868413894566
316,linear,-0.8790795648114487,2.1600389883756232,0.0,0.0,0.058027917961282
317,linear,1.1562131184285862,0.3333508052796832,0.0,0.0,0.1017557233967246
318,linear,-1.4643374253857662,-2.5823339892083665,0.0,0.0,0.11114950384536
319,linear,-1.1797976059072668,1.8373889323378885,0.0,0.0,0.0428711989975323
320,linear,-1.5460602675931527,0.4053017192891506,0.0,0.0,0.0687659019731553
321,linear,0.412818640203398,-1.941254081826603,0.0,0.0,0.0340082231380769
322,linear,1.1320513418273703,1.9687367300251195,0.0,0.0,0.0839667547765749
323,linear,0.1230256077442781,2.0770891760699266,0.0,0.0,0.0040286744661097
324,linear,-0.3083354278285011,1.89301653555274,0.0,0.0,0.0328454528077954
325,linear,-0.5785422707190491,0.6931001685489071,0.0,0.0,0.0224375557101685
326,linear,1.238316809309541,-0.5822235493769656,0.0,0.0,0.087871567250123
327,linear,-0.6229688514213918,2.639895562229955,0.0,0.0,0.055824034260255
328,linear,0.2033266601210663,0.7112414190191934,0.0,0.0,0.0064145802681483
329,linear,1.361004082511247,-2.578133168613268,0.0,0.0,0.0372823224225385
330,linear,1.3292772168701332,-1.9025808960799055,0.0,0.0,0.0432167377426618
331,linear,0.6378691000219123,2.872851926682247,0.0,0.0,0.0647976959584261
332,linear,-1.3212122710325382,1.3415695416169262,0.0,0.0,0.0600762476638284
333,linear,0.880561790265229,0.49199235273593,0.0,0.0,0.0405589190270207
334,linear,0.9864038562204868,-2.8834632716475577,0.0,0.0,0.052698893659384
335,linear,-0.9719199374061688,1.651399513159289,0.0,0.0,0.0778893068605253
336,linear,-1.4475810485250054,-1.5788363812362716,0.0,0.0,0.0413689860020726
337,linear,-1.836520040913303,-1.111872820264847,0.0,0.0,0.2115465837490119
338,linear,0.6418089539734768,0.1678791469842506,0.0,0.0,0.0382962578292433
339,linear,-1.3378739938198794,0.951164897104584,0.0,0.0,0.1696815587123511
340,linear,1.8805460449529607,-0.244823425847608,0.0,0.0,0.170142402369182
341,linear,1.9845090305544288,-2.3567349248391563,0.0,0.0,0.1056692596783511
342,linear,-0.4101036652374072,-0.5300658292215834,0.0,0.0,0.0183324470290281
343,linear,1.0527483295809752,-1.528404941344202,0.0,0.0,0.035992473134871
344,linear,-0.7315173524994472,0.9238388803015884,0.0,0.0,0.0546464288206223
345,linear,-0.9004916934999243,2.8800758696697546,0.0,0.0,0.0461885978858069
346,linear,-1.9020662341295584,1.2224197178626106,0.0,0.0,0.2408977594841951
347,linear,1.5053786775900688,-2.0235016842008617,0.0,0.0,0.0944248437223958
348,linear,0.6880628891983473,1.614371483040122,0.0,0.0,0.0531062323025339
349,linear,-1.2727381883049134,-1.011216708110964,0.0,0.0,0.0841453677361328
350,linear,1.456554707282129,-1.1781291927712,0.0,0.0,0.1376204970986406
351,linear,1.598402629533347,-2.344373003803468,0.0,0.0,0.1424822370969422
352,linear,-0.6385448874410802,1.1385117956428488,0.0,0.0,0.0277704086825
353,linear,-0.145181670925794,2.066481279955461,0.0,0.0,0.0156073278727305
354,linear,-1.667668901231794,0.4755251753672729,0.0,0.0,0.1121530391529797
355,linear,-1.6897933029541343,2.247812471057637,0.0,0.0,0.2060697401890426
356,linear,1.4181074721687843,-0.6002926135950548,0.0,0.0,0.1330341529236944
357,linear,-0.2884229472830113,-1.9958563841337067,0.0,0.0,0.0175673721155229
358,linear,-0.2128146212377242,0.2584001694614901,0.0,0.0,0.0112436119464283
359,linear,-1.0532963940519269,2.455807893841623,0.0,0.0,0.1071322226750505
360,linear,-0.2272880510188488,0.7027714661078761,0.0,0.0,0.025971473490083
361,linear,1.7284537934846878,0.0099710523928981,0.0,0.0,0.1330525474557479
362,linear,-1.9823963123857975,-0.3205130989428735,0.0,0.0,0.0518398184604483
363,linear,1.4720691777300885,-1.0866088869570778,0.0,0.0,0.1502751877091158
364,linear,1.3705969626821397,1.5480105908000787,0.0,0.0,0.0961407221953847
365,linear,0.7238664005006359,0.0462530611987439,0.0,0.0,0.0880162278185247
366,linear,-0.3548769895166948,-0.5869854051220678,0.0,0.0,0.0155450966424208
367,linear,-1.956985129599898,-2.2621753642076845,0.0,0.0,0.0811440970428171
368,linear,-1.1932479468781856,1.3882278427998695,0.0,0.0,0.1286348972841115
369,linear,1.1007652794348783,0.9732775695522112,0.0,0.0,0.0410623767330252
370,linear,-1.1123974148247058,1.0825863665547375,0.0,0.0,0.0724227427289417
371,linear,1.9988594042515715,-1.6498582218920856,0.0,0.0,0.1082983636218308
372,linear,-1.2804541411898889,2.270297263121373,0.0,0.0,0.1255582404373033
373,linear,1.2596090362080097,1.492962002810068,0.0,0.0,0.118080144039829
374,linear,-0.8532318981716984,1.546299124875925,0.0,0.0,0.076661877152404
375,linear,0.3808627540665981,2.902923001389638,0.0,0.0,0.0303972684274202
376,linear,-1.0532639856093748,2.1520387229031845,0.0,0.0,0.0530281092430945
377,linear,-1.8753767566933184,0.7273990692819812,0.0,0.0,0.1679004176932517
378,linear,-1.1042624332308013,-1.1355583933412583,0.0,0.0,0.046307333556831
379,linear,0.3819988236404721,-1.6587353949645998,0.0,0.0,0.0163221513196701
380,linear,0.6031193422965706,1.2112903224875478,0.0,0.0,0.0402109206773105
381,linear,1.6778932340403654,2.0396045651831294,0.0,0.0,0.1934801196006784
382,linear,0.0991806013336722,0.6899265776978707,0.0,0.0,0.0045394700362378
383,linear,-1.081390655041676,1.9838089618971413,0.0,0.0,0.0451819920214034
384,linear,-1.7780560539027412,-1.9882874290105927,0.0,0.0,0.0746663298396029
385,linear,-0.1889965029165714,0.0344021231061333,0.0,0.0,0.0238239555734888
386,linear,-0.3455874388284545,1.703559214506997,0.0,0.0,0.0235164085707463
387,linear,1.311696588626289,2.1709505966504583,0.0,0.0,0.1089419586304578
388,linear,0.4485995028380567,1.5202116837032724,0.0,0.0,0.0543369579685281
389,linear,0.2101917590919195,-2.748830847558972,0.0,0.0,0.0148003816223673
390,linear,-1.0904362175086058,2.056627665656573,0.0,0.0,0.0970493013667427
391,linear,-1.648145005902455,-0.1563947154456366,0.0,0.0,0.0786602274687181
392,linear,0.5953877359744433,1.40094478517962,0.0,0.0,0.0374780804133525
393,linear,0.016841206715465,0.1698863734095326,0.0,0.0,0.0015614990863435
394,linear,0.7264433933496228,-2.265546913617198,0.0,0.0,0.0686188959646939
395,linear,-1.3195023775373995,-2.8816863359310854,0.0,0.0,0.040707947737359
396,linear,-1.848535533427487,-1.242918964471748,0.0,0.0,0.0703543124320749
397,linear,1.2009937744354704,2.4926301031632896,0.0,0.0,0.0804529969043104
398,linear,-0.954807195903344,-0.2354324022492537,0.0,0.0,0.0880579268100329
399,linear,0.4083513040067683,-0.4625643938516699,0.0,0.0,0.0282177802463869
400,linear,-0.0384063309614659,2.7380396404405074,0.0,0.0,0.0044134999251672
401,linear,1.944645295822508,-0.7297439111677733,0.0,0.0,0.0893141808823651
402,linear,0.333974205878305,2.9483882933137258,0.0,0.0,0.0167606716285159
403,linear,-0.8729321686945872,-0.4475071513377164,0.0,0.0,0.044655728897759
404,linear,1.4552998010550198,-2.7530807996855984,0.0,0.0,0.058746700267478
405,linear,1.1024135689065249,1.1703803394898695,0.0,0.0,0.1031110241488867
406,linear,0.6647146084600903,-1.7773141743196228,0.0,0.0,0.0789641665143147
407,linear,-1.6909358789853854,-2.146883921909837,0.0,0.0,0.1986230378347847
408,linear,0.7271573678785934,-1.4662335361854617,0.0,0.0,0.0721507883201659
409,linear,-0.1778763752403391,2.5810915724686234,0.0,0.0,0.0147483487556453
410,linear,-1.1951820074965087,-0.6947519807730425,0.0,0.0,0.048401003581311
411,linear,0.909234238509724,-0.1887298231487597,0.0,0.0,0.0261182956633299
412,linear,1.2695581496659432,2.567029308499301,0.0,0.0,0.1103359102201099
413,linear,-1.4833432155904087,1.871256663524357,0.0,0.0,0.1618947050482677
414,linear,-1.301790465698915,2.589935171358224,0.0,0.0,0.1037510579745071
415,linear,1.1845950345913103,-2.151639431533404,0.0,0.0,0.0929567152793006
416,linear,1.995452961566732,-2.844442631454335,0.0,0.0,0.0510107614274575
417,linear,-1.051428547235632,-1.0594844522351516,0.0,0.0,0.1192354120208392
418,linear,-0.3999000168623481,1.7158009287037626,0.0,0.0,0.0343663670695493
419,linear,-0.2253217020691984,-1.5026569078406642,0.0,0.0,0.0156342825272809
420,linear,1.0086602674577616,-1.212750944141365,0.0,0.0,0.0882464476960237
421,linear,0.6836854422158458,-0.271243456097701,0.0,0.0,0.0375544282159232
422,linear,-0.5446128758980677,-2.392803324439352,0.0,0.0,0.0236204546245449
423,linear,-0.696035818337501,-2.2310263761257367,0.0,0.0,0.0875907212921052
424,linear,-0.8215155768493059,-0.0628272040171351,0.0,0.0,0.0724636344864272
425,linear,0.1266257138755415,-2.596175575986021,0.0,0.0,0.014836353107563
426,linear,0.6068213218124319,0.762755851872738,0.0,0.0,0.0295508043654748
427,linear,0.9393986159397468,1.612380194409453,0.0,0.0,0.0296420873617578
428,linear,0.2508122121740115,-0.6513080184789581,0.0,0.0,0.0268174782312659
429,linear,-0.8450358590407885,-1.7824813016307983,0.0,0.0,0.1002692373062617
430,linear,1.5675528073672664,0.9430185505450196,0.0,0.0,0.1732597385485557
431,linear,1.4703260984639055,-0.7619113975335958,0.0,0.0,0.0635631432130502
432,linear,1.42242184238778,1.4968657747355376,0.0,0.0,0.0786029627160515
433,linear,1.6154487839040876,2.0358214324065225,0.0,0.0,0.0507512923504304
434,linear,-1.5986827286198064,1.5803223248597007,0.0,0.0,0.0513234812067822
435,linear,0.7232903699728315,2.374032508255457,0.0,0.0,0.0299824802840785
436,linear,-1.7294417819877426,-1.9011579249013184,0.0,0.0,0.2126468761269283
437,linear,-1.041257196635514,-2.6810329695916337,0.0,0.0,0.0350939265809613
438,linear,0.1080881971695015,-1.659332299620967,0.0,0.0,0.0031742043572151
439,linear,1.5169034272542632,1.887997596484671,0.0,0.0,0.1644843163726262
440,linear,-0.4154130196467993,-0.5164091509428972,0.0,0.0,0.0362831317896725
441,linear,0.7160401126780789,1.299241164011657,0.0,0.0,0.0565722574392075
442,linear,-1.366345146208888,1.1203451973483078,0.0,0.0,0.0695142865003393
443,linear,-0.1065559472101385,-1.809363980206426,0.0,0.0,0.006823000398786
444,linear,1.4544002794166166,-2.8578155872875914,0.0,0.0,0.0744533971685869
445,linear,0.6921050548473087,-1.0072948901266785,0.0,0.0,0.0760720010403779
446,linear,-1.2943909005823402,1.2749796621793266,0.0,0.0,0.0701947653798223
447,linear,1.8659049627535351,0.531082659747756,0.0,0.0,0.1462978726045854
448,linear,1.1912980953065158,-0.2107732568526543,0.0,0.0,0.1376469932238861
449,linear,1.1917364687154754,1.663076896987672,0.0,0.0,0.1361657197775645
450,linear,-1.816252011573109,2.954752258650082,0.0,0.0,0.0923309882421025
451,linear,1.2644624061651304,-2.776350672041768,0.0,0.0,0.0663995897340619
452,linear,0.1842089843017351,-2.5482974023302765,0.0,0.0,0.0172708780498155
453,linear,1.1968655210047203,-0.6866632281375065,0.0,0.0,0.0362786340636291
454,linear,1.3095706489420338,-0.9807379446754618,0.0,0.0,0.1226528340987004
455,linear,-0.4948770226058752,0.4840660110554422,0.0,0.0,0.0538717211483827
456,linear,1.040275083283562,1.219436381436836,0.0,0.0,0.0276366702784795
457,linear,1.5135309636999217,2.031822808731872,0.0,0.0,0.17328645936635
458,linear,-0.861747722911526,-1.6793905635273656,0.0,0.0,0.0594806280809602
459,linear,1.3962625945496263,-1.648546183802328,0.0,0.0,0.0395932730920616
460,linear,1.480103523428551,-0.0796837355363564,0.0,0.0,0.0719800572012708
461,linear,-1.7252880578033198,2.1369489749530093,0.0,0.0,0.0778600057746572
462,linear,-1.5340775362671604,0.6975722099434178,0.0,0.0,0.1342604973083171
463,linear,1.866972762051216,2.878643246698449,0.0,0.0,0.0723101498485419
464,linear,1.4526061206433898,-2.997498498581377,0.0,0.0,0.0453857812825405
465,linear,0.9004627552919087,-1.4192662388638648,0.0,0.0,0.0532628014428244
466,linear,0.6006515675118651,1.6398000480563777,0.0,0.0,0.0353548820936675
467,linear,-1.984216159891222,2.5889936368481568,0.0,0.0,0.1903464538413262
468,linear,-0.4311791839431969,-0.4313191658097448,0.0,0.0,0.0297471833232923
469,linear,0.9121369655134796,1.3167516379921818,0.0,0.0,0.0477443076056649
470,linear,-0.1602050522539007,2.938615400294667,0.0,0.0,0.012367630305696
471,linear,-1.3784013350717077,0.2003280050096845,0.0,0.0,0.1331146083215942
472,linear,-0.19101483167386,-0.3975038433409548,0.0,0.0,0.0225883761109539
473,linear,-1.2909316895322074,-2.776763770599364,0.0,0.0,0.1373331643116188
474,linear,1.6507999629667265,2.5186644921736416,0.0,0.0,0.1518793381823504
475,linear,1.20430453043137,-2.77599148293505,0.0,0.0,0.0341999065020406
476,linear,-0.9263151281548558,-0.6627242508015105,0.0,0.0,0.0318462189089366
477,linear,-1.4732929918513695,1.7760983525495702,0.0,0.0,0.1586601371349519
478,linear,0.8376832343968008,-2.0593559511129014,0.0,0.0,0.0937571963226071
479,linear,1.460961400286008,-2.3405849301096864,0.0,0.0,0.1264594989850354
480,linear,-0.6522090737135238,-2.094481468023652,0.0,0.0,0.0641966482148401
481,linear,1.0528630158886163,-0.4008566661845663,0.0,0.0,0.0563003841417951
482,linear,-1.1773317733456836,0.3203892457073349,0.0,0.0,0.1144709730652409
483,linear,0.8229522169689303,2.231939182343313,0.0,0.0,0.076360367711554
484,linear,-1.4666031792780267,0.6067267032952559,0.0,0.0,0.1511234546663388
485,linear,1.848855422470423,-1.7474670660055784,0.0,0.0,0.1697633547025457
486,linear,0.7636127235500991,-0.9525671720717784,0.0,0.0,0.0606578322117763
487,linear,-1.5636401452900532,2.499959761174404,0.0,0.0,0.1355980944171118
488,linear,-1.387507554126573,1.1405791182764862,0.0,0.0,0.1018315958065689
489,linear,0.0417502762831047,1.2772303318020557,0.0,0.0,0.0020251554935633
490,linear,0.2737496455028738,-2.3098343854178003,0.0,0.0,0.0082593089666872
491,linear,-0.9818111528559634,0.9543553968153198,0.0,0.0,0.0271268122309048
492,linear,0.345538985201999,2.489054092215792,0.0,0.0,0.0203610005797169
493,linear,-1.282518431749185,1.5126415964301625,0.0,0.0,0.0523262977830947
494,linear,1.9979576171783435,-1.1838507151384885,0.0,0.0,0.0563965101564505
495,linear,0.0226235585608627,1.4571995058930494,0.0,0.0,0.002639234052127
496,linear,-1.0388617465680603,2.0392456963904344,0.0,0.0,0.0348567596919684
497,linear,-0.247286836991146,1.141987568137167,0.0,0.0,0.0208415626475952
498,linear,1.8756499340891424,2.759192144983375,0.0,0.0,0.2051013633946871
499,linear,0.7719008407969468,-0.391193492700435,0.0,0.0,0.0830363908350808
500,linear,1.4639764200980987,-1.6733129777342828,0.0,0.0,0.0536126712294841
501,quadratic,-0.9321128586153063,1.2339980635629315,-1.3599620568479238,0.0,0.0418098146873338
502,quadratic,0.317653451719222,1.1698675241544407,-1.4225155672269347,0.0,0.0464751798374428
503,quadratic,-1.897184913698903,1.6665594409578215,-1.131703534388066,0.0,0.2517519205084642
504,quadratic,1.5341261184924857,-1.4568566974936248,2.097511541785811,0.0,0.1164614372836929
505,quadratic,-1.4512087665093385,-0.2572413838085081,2.3502108673512243,0.0,0.0482574292314564
506,quadratic,-0.1,-0.1957304341821659,-2.647262030597904,0.0,0.0263345658487602
507,quadratic,-1.5104194580952832,-0.1660599574986889,-0.0350470744672399,0.0,0.0726324429191174
508,quadratic,1.3623057337531113,0.5008591586026627,-0.3032570369160359,0.0,0.1059176783434969
509,quadratic,0.1707521775230596,1.4163350619010695,1.7764025976103,0.0,0.050837998180634
510,quadratic,-1.6063616235198128,0.4435591095749998,0.1551913857750797,0.0,0.1339912475309811
511,quadratic,-1.026578984318892,-1.8241133271082188,0.5464969313691359,0.0,0.2556946950329696
512,quadratic,1.9084476818443328,0.0655576941126989,-0.6889678265038706,0.0,0.141396848093368
513,quadratic,0.8770119628318054,1.033023128019444,2.077565180474756,0.0,0.0911252809701517
514,quadratic,0.6559752936642993,-0.0277135667433183,-0.7224507799669126,0.0,0.085550025838732
515,quadratic,-1.2309594634940173,0.5367435577986344,-1.8594458425618905,0.0,0.0566248281716318
516,quadratic,0.9787646775045844,-0.0243155753699415,0.7104146274495777,0.0,0.0570474802991295
517,quadratic,-0.6429955063944162,0.4048725322406925,-2.5214001450866306,0.0,0.0399148707172197
518,quadratic,-0.687687118370321,-1.139913246409134,-2.3259292856505214,0.0,0.0657525811671691
519,quadratic,0.269031263308948,-0.2483856702973472,-0.8991507462355051,0.0,0.0190441239808002
520,quadratic,1.828161814930308,-0.2976285844232831,-1.4140366543498062,0.0,0.1821209515761658
521,quadratic,1.7898951829605472,-0.5597874900234885,0.1625885350347751,0.0,0.2017640976322267
522,quadratic,0.959495619331738,0.9989252677852593,2.3144708957689177,0.0,0.0899898160657492
523,quadratic,1.6485480195992976,-0.7641218303627362,2.8485560012736606,0.0,0.1006306548142849
524,quadratic,-0.1,0.1942079304787474,0.5794827322817486,0.0,0.0144984295607207
525,quadratic,-0.1,-0.8471664541722541,0.3002247162665945,0.0,0.0536527265537045
526,quadratic,1.0944504921663638,-0.5537202806294625,-1.5074428580181642,0.0,0.1655384048359582
527,quadratic,-0.7325796568803042,0.5167917553183772,0.586476509727559,0.0,0.0302428317557139
528,quadratic,1.455437575363931,0.9681990132836824,1.458908660430315,0.0,0.2236155589763403
529,quadratic,-1.977995303840805,0.8725985459945855,-1.539691825282676,0.0,0.2970620032446448
530,quadratic,0.4484577436606951,1.5987710067850154,-2.994267999459117,0.0,0.0819950362920751
531,quadratic,-1.6588136978403685,-1.0719001847720016,2.771743114710256,0.0,0.2663418250566743
532,quadratic,1.4269228804078935,-1.4385559941729662,0.5041317049571234,0.0,0.1445047128935025
533,quadratic,0.661366888408081,-1.1318147873669615,-1.178504968604049,0.0,0.10785257826538
534,quadratic,0.5303295095809673,1.026999249803727,1.4741147526099088,0.0,0.0632551966802334
535,quadratic,-1.0602872817978637,-1.9590185584660824,-0.963228176575856,0.0,0.1185319253123775
536,quadratic,0.7164534662882716,0.1253950130778074,1.8391994858772307,0.0,0.0954459395563296
537,quadratic,-0.7314893017738635,-0.1646232541637009,2.1075541570465024,0.0,0.047506920167471
538,quadratic,-0.3119229510404411,0.8515228883704751,1.5928103065800316,0.0,0.0324358698182568
539,quadratic,1.234871487048992,0.9770948692623316,2.1348504122029546,0.0,0.2088501437268819
540,quadratic,0.1382077974180942,-1.9127808888779203,0.0225034027985815,0.0,0.1558759237229239
541,quadratic,0.7597601184482912,-0.5726893093681054,-2.5962369136130667,0.0,0.0685638467076118
542,quadratic,-1.4773179640853762,1.5356539156319315,1.2287816297094123,0.0,0.2177514653149839
543,quadratic,1.1482992917105324,0.6349707617813483,0.6086140558763233,0.0,0.1565283666333828
544,quadratic,-1.5796869642049218,-1.8924414387589752,-1.0842585453247733,0.0,0.1171172230576508
545,quadratic,1.3859813850135936,0.2761671086337407,-1.2606499687253991,0.0,0.1541255355338351
546,quadratic,0.4434911556137941,0.1508239402149347,-2.706840559451705,0.0,0.0371517975423899
547,quadratic,0.5156384756109555,1.6516523355286976,-0.8532261764431279,0.0,0.1984344486649542
548,quadratic,-1.6565168080385546,-1.3669992762397565,-2.203637116444104,0.0,0.2790008863650011
549,quadratic,1.9355786551046676,0.7482183330145338,-2.524599065958242,0.0,0.2721226754932134
550,quadratic,-0.4217199588467588,-0.4527086175690833,-1.3197552474795724,0.0,0.0436860395141488
551,quadratic,1.720968073203863,0.9228341736062576,-0.90438348677535,0.0,0.2666739226247207
552,quadratic,-0.1,-1.471428123274646,2.411499977113226,0.0,0.1200870691468171
553,quadratic,-1.3694137403514324,1.8117860560992471,0.4524188000204305,0.0,0.1794348832608008
554,quadratic,-1.634119057892086,-1.322237597819806,1.7011841496013833,0.0,0.2690515922119881
555,quadratic,-0.5979174204107287,-0.5747876609267584,-0.7263935311471679,0.0,0.1079439822137625
556,quadratic,0.9532757478095988,1.421734758548015,2.3894149786183068,0.0,0.1163579258579585
557,quadratic,-1.1541154649847232,1.0599487152049916,1.4235871205510566,0.0,0.0590612964081765
558,quadratic,-0.1,0.9950047909782396,-1.8796445878834065,0.0,0.1270762278539632
559,quadratic,-0.5689897523487026,-1.1050288257210497,2.498080334284456,0.0,0.1473593639666573
560,quadratic,0.4127161196463591,1.8232768240695696,0.2309076571142396,0.0,0.1885201165229164
561,quadratic,-1.2792233051642,1.1252180691194056,0.5884803546709216,0.0,0.0796967508059766
562,quadratic,1.6655456416895025,0.2005081912718584,1.6129037595849525,0.0,0.1045553284712739
563,quadratic,0.1,0.6470373650478756,-2.855697145960373,0.0,0.0504053298344703
564,quadratic,0.1807145706390951,-1.7625484789643058,1.1897783675292306,0.0,0.1750938422587511
565,quadratic,-1.0791545648826548,1.122053358305091,1.6277270457106283,0.0,0.1068261304171037
566,quadratic,-0.9276848703611806,1.7861857781760353,-0.6986886183958587,0.0,0.1897794633420087
567,quadratic,-1.1153543231707816,0.7323064046311196,2.517192388711696,0.0,0.0814423555362248
568,quadratic,0.5355218785450893,1.6247254629924557,2.860022200836396,0.0,0.1592816912537229
569,quadratic,-1.3580623869125508,1.1625978508034294,0.3267581999439795,0.0,0.1229668388207402
570,quadratic,-0.8028865115117183,0.8148245406531571,-0.5733135456486451,0.0,0.1055646304896846
571,quadratic,1.0734100234019222,0.9689322840977086,1.0075393828088464,0.0,0.1051530539840538
572,quadratic,-0.3306558393063938,-1.7790968945790109,2.6861899287920306,0.0,0.2138102534543189
573,quadratic,0.2904874864527835,-0.5082434476470832,-2.81446789751452,0.0,0.0718773541053913
574,quadratic,-1.8375666104473531,-1.1429767082661524,1.5705696319324982,0.0,0.2516012775848912
575,quadratic,-0.5285690878783895,0.5300339846145867,0.0702130342419637,0.0,0.1010001328325128
576,quadratic,0.6792003807238882,-0.1932580167770212,2.104403408977829,0.0,0.0220272550292875
577,quadratic,-0.7289142298419877,1.321007636069159,-2.3316893588576013,0.0,0.1313996864376166
578,quadratic,-0.2607131060140557,1.117366603920881,-0.4440474085578474,0.0,0.0573080023052514
579,quadratic,1.4264605695358044,-0.4272932503832143,-2.29274717545824,0.0,0.0874578808283212
580,quadratic,-1.6325312524528823,-0.2379760993309583,0.0461266784145837,0.0,0.1338010264024726
581,quadratic,1.6112728325603105,1.3949308959666695,-0.4530793951049388,0.0,0.2706346102201735
582,quadratic,0.9102282094183968,-0.4901220676273712,2.866487205859777,0.0,0.1090967339850384
583,quadratic,1.053297446181384,-0.8213756445783669,0.0294884230238539,0.0,0.0696185982350803
584,quadratic,0.5393608760652238,0.9413274267289528,-1.5406752246578896,0.0,0.1287648232561783
585,quadratic,1.780317541485608,-1.877557561759056,-2.202341380355758,0.0,0.2350959787517008
586,quadratic,-0.7297804244497081,-0.9877434732091186,2.9272243304683423,0.0,0.0599115397573783
587,quadratic,-0.9570560089731416,0.8750431269926087,1.4481682376991944,0.0,0.081757612382606
588,quadratic,0.1879973656091822,1.359044993001122,0.4874375679328655,0.0,0.1030214318856005
589,quadratic,-1.930827902340868,-1.2629200053327132,0.5326001977213086,0.0,0.2421880553241693
590,quadratic,-0.9065393990588873,-1.8823615895073087,-1.0235267033293922,0.0,0.2095344900706527
591,quadratic,-0.4662012831223476,0.6235282074516024,0.5044757534724726,0.0,0.0269571753367592
592,quadratic,0.1,-0.5513052966826382,2.908551180191263,0.0,0.0224666612505541
593,quadratic,1.2546723064541947,0.3036771052910643,2.0732678553240262,0.0,0.0653985097356577
594,quadratic,-1.1411122296574652,-1.0846139967689283,-1.7110838116470273,0.0,0.1497597306404411
595,quadratic,1.5469386086646724,-1.7658388549144624,2.026077072045481,0.0,0.2348684032828763
596,quadratic,0.1,1.3938267124604358,-2.476287660914733,0.0,0.0418183839882212
597,quadratic,-0.4066071662254136,1.584734671886172,2.561632772143362,0.0,0.2059768743844706
598,quadratic,-1.4586974295389523,-0.0834596301483512,-1.6065230520451803,0.0,0.2016040782084445
599,quadratic,1.863711167415748,0.878847790469309,1.061252256975772,0.0,0.1418880536424028
600,quadratic,-1.020049622804582,-0.0515670126440341,-0.6779047212758029,0.0,0.1148468424253531
601,quadratic,-1.6659963382962872,1.348442053621568,-1.9779775777344577,0.0,0.155716141931797
602,quadratic,1.6354962260949164,0.8122222682021167,2.6155722682858755,0.0,0.1721765296510701
603,quadratic,-1.4900116361337576,-0.3482258790683761,-2.2463329832243346,0.0,0.2150170017338553
604,quadratic,-1.1580276409131771,0.4610563513754138,-2.538550016967513,0.0,0.1167210833614707
605,quadratic,-1.8215869307143928,1.4358733184746826,-2.535284533475371,0.0,0.1989931829392891
606,quadratic,0.4034324858270905,0.4087796829287264,-1.22450036757113,0.0,0.0318144330625349
607,quadratic,0.8419979865936194,-1.218500010776142,2.665448917455296,0.0,0.0955237455511137
608,quadratic,0.2152765666162368,-1.8232367233540685,1.6187530822639475,0.0,0.1077152147750864
609,quadratic,0.1,0.0822434967571044,0.4448208408697294,0.0,0.0161564763390302
610,quadratic,-0.4744401705276817,0.688092452851008,1.1287536785771302,0.0,0.1090211005229062
611,quadratic,0.1580013732873704,-0.4323431707155531,-1.4720118518346434,0.0,0.0479894813583272
612,quadratic,1.6983702132745957,1.615687729645544,0.1148915195135269,0.0,0.2234584479514412
613,quadratic,-0.6598130747009692,0.549599037359743,2.7656176229316367,0.0,0.0639882538836029
614,quadratic,1.1344690238579491,-0.688144658376812,2.525287118424981,0.0,0.076666763776855
615,quadratic,-1.5590991806166992,1.7015687823167047,0.1202958719645299,0.0,0.2291412568795777
616,quadratic,-1.7907909992736033,-0.421371241548413,-2.1696574281019907,0.0,0.2059938910217304
617,quadratic,1.8581662667737555,1.7364456761719644,-1.8323495951774784,0.0,0.2722279714445409
618,quadratic,-0.7142394680617135,-0.1099996468783217,0.5592454370082072,0.0,0.0532556124167495
619,quadratic,-0.3397567935354204,0.6945821464648607,-1.3337009050247788,0.0,0.020433737323527
620,quadratic,1.8813447655179776,1.578821197921406,-1.103031115187581,0.0,0.0757726094674627
621,quadratic,1.7544246649163986,1.467735339409089,-1.714874241374982,0.0,0.2383876878151359
622,quadratic,-1.56190108287171,-0.3989257914056305,1.4011295266559802,0.0,0.0760868788289078
623,quadratic,1.5305695369930046,1.23036575664737,-1.8023274525908357,0.0,0.1675356550732958
624,quadratic,-1.5214781790358285,1.027795395168261,-0.9940448265352346,0.0,0.0748093237859746
625,quadratic,-0.1,0.265413513525214,-2.35006395457265,0.0,0.0165625115196418
626,quadratic,-1.756549667177195,0.1603222731533766,0.2839668733062086,0.0,0.2037282037271082
627,quadratic,1.520619789943373,0.7240678665079008,1.1145122455692906,0.0,0.1422457190820433
628,quadratic,0.6232580305328641,1.8667769764117488,-0.9439138893773796,0.0,0.1632083880242826
629,quadratic,-0.3181608949968941,1.1944449845692071,2.625194668875229,0.0,0.0537578524294279
630,quadratic,-1.3882074486764877,1.8963888997848115,-1.8128661552855505,0.0,0.0825089780345178
631,quadratic,-0.4411140084062084,0.012535571164963,0.1348718945231666,0.0,0.0309494638149658
632,quadratic,-1.923132781773552,-1.3029966290751296,1.9617289163748,0.0,0.2064249860681395
633,quadratic,0.4204548186597017,0.1069917861638263,-2.0428563966241238,0.0,0.0576346211250584
634,quadratic,1.785261709471802,1.4406806253966682,-1.2717432510151851,0.0,0.1965181886750889
635,quadratic,1.8705442927184024,-0.3383632754058947,-2.182874174749759,0.0,0.2358240550124
636,quadratic,1.7956777794740062,-1.551249335759469,-1.4575797117165108,0.0,0.1124951908196672
637,quadratic,0.5985956288469807,1.196657448313004,1.2611483688066247,0.0,0.1460699271394835
638,quadratic,1.5922472902330895,-0.1790570468481429,1.165853599777293,0.0,0.1918361840040659
639,quadratic,0.3362721795728145,-0.5536079107698808,0.2063128803496443,0.0,0.0172445996755377
640,quadratic,-1.6920489098679643,1.0913129461167403,0.9609265126984096,0.0,0.2014633754347594
641,quadratic,-1.3505195846148186,-1.381940399062851,1.3755796749883942,0.0,0.1872060439685184
642,quadratic,0.7181754211364262,-0.6276732658157425,-2.7042735216856717,0.0,0.0576911449693873
643,quadratic,-0.4304681366827405,0.1483094226672032,-2.913215312388163,0.0,0.0276367058207832
644,quadratic,1.7950903220130183,1.9186905397707248,-2.281958593874933,0.0,0.1688813697535935
645,quadratic,0.6262026079845024,-0.1724895700606228,1.132884583194972,0.0,0.062701315288793
646,quadratic,0.7748862883726888,-1.456917270843293,0.6493313848710427,0.0,0.178023218989559
647,quadratic,-1.8586902211682093,1.1704930822411788,-0.0617646902108131,0.0,0.0977809924685765
648,quadratic,-1.8445374578564475,-1.8581650922042443,-0.8989258918327963,0.0,0.2755064973085223
649,quadratic,-0.1,0.9118174666899104,1.5042153056150465,0.0,0.0710034986759818
650,quadratic,-0.9039161018325914,0.1498988985589018,-0.9890325040278696,0.0,0.1085842892318487
651,quadratic,0.1815171062876301,0.8907772810381189,-0.5165126736434784,0.0,0.0969705610941736
652,quadratic,0.662082583785427,-0.4058195074666031,-0.4712235488795535,0.0,0.090737185749227
653,quadratic,1.1923217504774626,1.465451851768293,-1.5759869115217675,0.0,0.1715916417681855
654,quadratic,1.42027972101598,-0.6768071221411307,1.4660415540759235,0.0,0.1433836731829225
655,quadratic,0.1993458487106809,-1.90542752595106,1.7311469028126938,0.0,0.2271798868558576
656,quadratic,1.585123085167688,-0.4632399603187691,-0.599670204675709,0.0,0.1673847910369226
657,quadratic,0.2720039007925456,-0.4395611501771221,-2.510343410985679,0.0,0.0491152960393626
658,quadratic,0.3659093642814768,1.189284989393947,2.859135006799804,0.0,0.0823751951957286
659,quadratic,-0.4503138812345622,1.4129087011957853,0.5757636596467073,0.0,0.0486743177095545
660,quadratic,1.5186525527182535,0.7616566867084869,-1.96801992980314,0.0,0.1414478450216339
661,quadratic,0.825551519246035,1.0079475526734454,-1.5316297637057972,0.0,0.0900624123408673
662,quadratic,-1.0443091488307044,-0.3727181861997972,1.8811518686074236,0.0,0.0871724653614705
663,quadratic,0.9894682810652058,-0.3588840463432636,1.483367082197086,0.0,0.0306807989784667
664,quadratic,1.8461634819687949,1.2381198272360885,2.750997318144768,0.0,0.1154771138762141
665,quadratic,-0.2054847661532512,-1.36842231225358,-1.2292439370923876,0.0,0.1064591063669511
666,quadratic,0.8253955629393772,0.2295448840427831,-0.7880691350694184,0.0,0.040753170198434
667,quadratic,-1.8733992771405044,1.6754489812924755,1.3012124663980789,0.0,0.2405392728010187
668,quadratic,1.5281982060148156,-1.277908149255239,-2.151971442398052,0.0,0.1345873699048802
669,quadratic,-1.9644792269342048,0.821812883757858,-2.290238265206396,0.0,0.1920177562117307
670,quadratic,0.8444415047979943,1.2647730762814136,-1.1802007506806562,0.0,0.2007308132986242
671,quadratic,-0.4069056674264413,1.550048860807697,-0.2253965242094824,0.0,0.0889382470872929
672,quadratic,-0.9407650507306649,-0.3652733964015593,2.953619572033974,0.0,0.0734833231947715
673,quadratic,1.4280426780890467,1.66680156304786,-0.1309832541849056,0.0,0.2452802808267823
674,quadratic,0.9652677440963956,-1.493853565709176,1.9111043415267692,0.0,0.1769095680153708
675,quadratic,0.106550039748801,-0.302008437235576,0.972977663751294,0.0,0.026262965600498
676,quadratic,-0.1,0.866572126983379,1.381741607897497,0.0,0.0873732323740617
677,quadratic,-1.378899049807946,0.2706588256559321,0.7116094641325419,0.0,0.1769978650585659
678,quadratic,-1.6254287818119124,0.93675208747623,-0.4810810284279432,0.0,0.1756098051690106
679,quadratic,-1.8006258238618345,0.8723991410677137,-1.5693768791910416,0.0,0.1579383659203943
680,quadratic,-1.0793884188962393,-0.369929295769599,-1.0477873621788916,0.0,0.1445805310079518
681,quadratic,-1.3592900333329996,1.6104324379952133,2.9852588893325214,0.0,0.1672410502599056
682,quadratic,0.4324402872263535,1.0168833317089736,0.954550037825908,0.0,0.0821965776740316
683,quadratic,1.8495195345436763,-0.2122227384284953,-0.8863246222394938,0.0,0.0596019979071658
684,quadratic,0.9758217630868876,1.925581543606682,2.956906516521409,0.0,0.2340735580478355
685,quadratic,-0.4387453177337961,-1.7363144439373723,1.75600460540654,0.0,0.156165088564962
686,quadratic,-0.5039859675214386,0.375224826101793,-0.1749270384049559,0.0,0.0426494773730283
687,quadratic,-0.432198179634033,-0.2804676391137772,2.908937663404114,0.0,0.0208030529922794
688,quadratic,1.6861102999433175,0.4853937626837239,0.6052563628709411,0.0,0.058958393687244
689,quadratic,1.4901444358798792,0.2421489330660193,-0.5729646049994681,0.0,0.0569711749576792
690,quadratic,1.1522298495218428,-0.5263762857122285,-1.530776132680675,0.0,0.1171022225851149
691,quadratic,-1.3131115308270762,1.7649302270429734,2.32150485844375,0.0,0.1379228670152134
692,quadratic,-1.794479003629292,0.4046700157923877,0.7431878541324997,0.0,0.0624533640406997
693,quadratic,1.3445016644740997,-1.1990727099104546,0.7815279849548133,0.0,0.1629724078710222
694,quadratic,1.932155485991525,0.5948339468470132,0.6346782747233615,0.0,0.0735817153835892
695,quadratic,1.5540282290486616,-1.663285830078042,1.1831494282446189,0.0,0.3002400457215233
696,quadratic,-0.1,0.0585053048545765,2.320092635510808,0.0,0.0138211938463503
697,quadratic,1.136969411756131,0.6718083656911213,0.98855201413931,0.0,0.1345353698561539
698,quadratic,-1.013110463458991,1.8476610254600756,2.161208177212336,0.0,0.1797865547898324
699,quadratic,-1.4475609552605089,-0.2375671032418882,1.1320025006961316,0.0,0.1820669623013543
700,quadratic,0.252289292567978,1.7932802393834917,1.2330975656264167,0.0,0.1017573742250561
701,quadratic,0.1305165301030579,-1.4499405221393462,-1.7725754837617331,0.0,0.0638457933660969
702,quadratic,0.2247463342991458,-1.0965940648750605,1.0221891872234536,0.0,0.039879893544109
703,quadratic,1.9962377389401,0.5536398041266644,1.4915484747883427,0.0,0.118557282831425
704,quadratic,-1.6925030213047991,-1.568027541403756,2.861714246358466,0.0,0.1163827454153002
705,quadratic,0.3648000472784876,-0.2549626703947467,-1.498280441201558,0.0,0.0521524426255575
706,quadratic,-1.6568042086824524,0.295002739811367,0.0537703099248751,0.0,0.0641113588858413
707,quadratic,0.8299190497416711,-1.645552024980014,2.916302140101956,0.0,0.2325911511456471
708,quadratic,0.5166886748420456,-1.5876456135609796,-2.1233957452024645,0.0,0.0467092924533373
709,quadratic,-1.016950134703717,1.2430608679290156,-2.545883907022457,0.0,0.1521872648509357
710,quadratic,0.8524911927344503,-1.7458722617268707,-1.6528150924109035,0.0,0.218603372271775
711,quadratic,-0.1,-0.0610829813313431,-1.9118277129305377,0.0,0.0077872842074441
712,quadratic,1.9254876408592243,-0.5343754513180263,2.658124107374697,0.0,0.2151902175374785
713,quadratic,0.9727043229047868,1.1388608783001315,1.2042754816102308,0.0,0.0765526670679421
714,quadratic,-0.8184268644155566,0.8964163333442468,-2.1238102519203266,0.0,0.1501903601123368
715,quadratic,0.6936839125162471,1.4273490598617014,1.9186055317128556,0.0,0.112230643018786
716,quadratic,1.983075187496694,1.695217440256665,2.2245744324378567,0.0,0.1512855182960878
717,quadratic,-1.8888636163713528,1.831463585546996,-1.2605657574197435,0.0,0.1119515770299238
718,quadratic,-0.4688337395443835,-0.1402140652309937,-0.4514572938263894,0.0,0.0224585390640725
719,quadratic,0.4504633177366872,1.2529316624423048,-0.5746186024028495,0.0,0.1531279692773758
720,quadratic,-0.5150378802342614,0.4233318178988536,1.828186965886033,0.0,0.0359145237446063
721,quadratic,-1.2782670749007092,0.4888367227618722,0.9570744041479982,0.0,0.1178936597409683
722,quadratic,1.5669692092716816,-0.7162912819681608,-2.8788934883577637,0.0,0.1658688380212948
723,quadratic,-0.9996745707711958,0.607841771990651,1.160653308587257,0.0,0.0437249205317277
724,quadratic,-1.2758524889069718,0.0670866377244205,0.9649877828134948,0.0,0.0694735932691742
725,quadratic,-1.2336550601327323,0.4328340452278092,-2.894100752933264,0.0,0.0796489419969894
726,quadratic,-0.2369331651942916,1.0710259734899248,-1.1346364396786215,0.0,0.0711841825775959
727,quadratic,0.1351292773155958,-0.2050150644993427,-0.6848341433592333,0.0,0.0077246841582795
728,quadratic,1.4021615498459137,1.860467446511936,0.569211688076408,0.0,0.1150919285620191
729,quadratic,-0.5584350194712142,-1.3668043308403122,-2.3653935974380373,0.0,0.05300353247539
730,quadratic,-1.997715774387311,1.144601755132978,-2.00297886878622,0.0,0.3024902030248922
731,quadratic,-1.5094286094484084,0.585797550115712,-0.924773860586788,0.0,0.0871648048938138
732,quadratic,1.3006138493621413,0.6220438429531749,1.780161681065282,0.0,0.1530326622256376
733,quadratic,1.4359617743987685,-1.569294588297597,0.8040238617671207,0.0,0.2621621019607665
734,quadratic,-1.8369926254098328,-1.617150689382651,2.83013826257731,0.0,0.2449955070492368
735,quadratic,-0.9089056728308852,1.0698231083562049,1.2367120222831929,0.0,0.174232955098061
736,quadratic,1.9773745197590495,1.257317423200515,-0.0811723761799076,0.0,0.2426774903588969
737,quadratic,-1.9597082207304048,-0.5062347258653688,0.7222580960809051,0.0,0.0992021620804485
738,quadratic,-1.496547382519735,-0.8758103424510892,-2.9283851077480243,0.0,0.2394562588023615
739,quadratic,-1.4399852440776266,-0.5762085491916258,-0.3195177885316345,0.0,0.0981696727711723
740,quadratic,1.917384476610417,-1.275714516379116,-1.0867563394621864,0.0,0.249459583127561
741,quadratic,-0.8609989006648386,-0.7527118764631702,2.978609943385342,0.0,0.0581802280587659
742,quadratic,1.586367851447665,0.4891565357696272,0.1367479879938846,0.0,0.1485144855749476
743,quadratic,-1.906882074070988,0.7612008138734976,-0.5241294147269837,0.0,0.2531394601872549
744,quadratic,1.6971936520578803,-0.4144594100370402,2.7606037779786936,0.0,0.093866973104358
745,quadratic,0.8550244538257092,0.0617409165737612,-1.6471941741439522,0.0,0.037610715463103
746,quadratic,0.535930377003786,1.4748232170152802,0.962497073649586,0.0,0.0465666490105022
747,quadratic,1.789084292177479,1.4425024646225784,-0.8430573093460412,0.0,0.1575588933308699
748,quadratic,-1.1020540878899483,-1.638166360252515,-2.2398034217074305,0.0,0.0867423909640719
749,quadratic,-1.1586256183089598,0.9420381256503254,1.088046377205047,0.0,0.1005094739009307
750,quadratic,0.7038636270202536,-0.0955981649317991,2.3852906307924275,0.0,0.0239413322590147
751,quadratic,0.1568432091822824,-1.5690009985110025,2.720777080565451,0.0,0.1864326307356605
752,quadratic,0.9294687076665592,-0.9274908467435106,0.965612191602884,0.0,0.1602553850186355
753,quadratic,-1.5247336964317024,-0.7807423569093812,-0.171136427884841,0.0,0.0481816908074922
754,quadratic,0.2737068842202044,0.0461542010668796,-1.766649563672704,0.0,0.0161478213574482
755,quadratic,0.7938497635022213,1.2116005918270822,1.306209425336367,0.0,0.1403180409115859
756,quadratic,-0.8995316934654607,1.125793232474118,-1.50397889127603,0.0,0.1655045897401001
757,quadratic,-0.4442052013790372,-1.849938177682235,2.583885396774056,0.0,0.2035588744910233
758,quadratic,1.8656542134572065,-1.7340476577022126,-1.5399667317668406,0.0,0.1531087698136281
759,quadratic,-1.462615222385216,0.9766989565962464,-0.1852080144989041,0.0,0.0578813140247829
760,quadratic,-1.4968545785840854,-0.7791341671869123,1.5249140282068063,0.0,0.2075842279428711
761,quadratic,0.4200301276884657,0.0315600895651599,-2.261909840032961,0.0,0.046076359667252
762,quadratic,-0.3304457914288949,1.2291616992095356,0.1559347064669767,0.0,0.0621545022369007
763,quadratic,-1.9695411831097325,-1.2450531483871394,2.5876682712482184,0.0,0.2216145322840507
764,quadratic,0.2585981721334618,-0.5624884472541996,1.9708355422691848,0.0,0.0332388084347454
765,quadratic,0.7185633664762214,-1.6915276660313523,-1.6862698652328958,0.0,0.1995122213979776
766,quadratic,-0.9798144052073544,0.0869675781072945,-2.910254664396395,0.0,0.1051617713293381
767,quadratic,1.734206585080034,0.3051372827950125,0.406878873357269,0.0,0.1807318655397658
768,quadratic,-1.1961190429241195,1.128131730571209,1.0311115023132391,0.0,0.1608383356017375
769,quadratic,0.9010314953906856,-1.3139730477987444,-1.8731257859696455,0.0,0.1141729576620045
770,quadratic,-0.1,-0.8091175847148411,2.9775644678534565,0.0,0.0401145563546851
771,quadratic,-1.664778176771204,-1.8121105318624744,-1.350851483292048,0.0,0.1931069641753792
772,quadratic,0.6472482194256362,-1.935219351074412,1.230049659795169,0.0,0.1057564820623165
773,quadratic,-1.7327849456122428,-0.0641000061377865,-0.3973111378296847,0.0,0.0889833134759102
774,quadratic,0.5454794338346405,-0.987109501867066,-0.2997962645774041,0.0,0.1424301829383952
775,quadratic,0.4662147506950367,1.100400747589414,1.5362918072135765,0.0,0.103775491984115
776,quadratic,0.6138695351269936,0.3781453624870252,2.7121830351464,0.0,0.0929501081116997
777,quadratic,-0.6214018717169303,0.8683242522159453,-2.0575718261577958,0.0,0.0681033514875472
778,quadratic,0.3485773646203931,-0.4236279744090137,0.338300151495265,0.0,0.0461378005592058
779,quadratic,-0.654970448046186,0.0743731427436245,1.856814408060897,0.0,0.033414245735223
780,quadratic,1.2718650993484155,0.710003397944504,1.6421407867405344,0.0,0.1094225352702095
781,quadratic,-1.4443843694030734,0.294077252930867,-2.620559019586116,0.0,0.1783129551924397
782,quadratic,1.497973216073769,1.1662903552603343,-0.4088844584793611,0.0,0.0771262014088218
783,quadratic,-0.7919559681552939,0.7095281027079219,2.757414459911627,0.0,0.1194896183647681
784,quadratic,-1.3404915950997247,-0.8078082939970113,2.939601075537185,0.0,0.15445404873166
785,quadratic,0.5474215946677701,-0.7150982737645388,-0.012434321588798,0.0,0.1027464016910596
786,quadratic,-0.1759892164537748,-0.0878824944042575,-2.207808703265223,0.0,0.0210464556338304
787,quadratic,-0.8286714638782731,1.0281598037804476,2.6931753290566247,0.0,0.1168011629134338
788,quadratic,1.3115172853735286,1.4931296610210785,-0.1170924440471177,0.0,0.2648228714391908
789,quadratic,-1.4310029826308115,0.6785972382313914,-1.912268265069164,0.0,0.1446845914424229
790,quadratic,0.1,1.0662287740395913,-2.8945805719080804,0.0,0.0891180298470694
791,quadratic,0.1,-1.8588640023291951,1.2563749234803163,0.0,0.234802235263604
792,quadratic,1.0914296897546345,0.0659749135249341,-0.0190956195215186,0.0,0.1362401127306981
793,quadratic,1.7192157382775315,1.601876511542351,-1.888274525375863,0.0,0.2400199605496192
794,quadratic,-0.3085961461211295,0.3423280537769728,-2.102837947111806,0.0,0.0291343498806199
795,quadratic,-1.8791011552609331,-1.298349983211628,2.62638578704512,0.0,0.2700435806489877
796,quadratic,0.2003385894057494,0.3379657431760425,-1.254196912017243,0.0,0.0225279714462113
797,quadratic,-0.9399946554373512,-0.5798131491012466,2.7435630079969338,0.0,0.043622217942001
798,quadratic,-0.7484346533764765,0.7377201655795762,-1.0221293527477051,0.0,0.0375477553755239
799,quadratic,0.8265827965683283,-1.7811202934117611,1.7957227119699777,0.0,0.1551987653170979
800,quadratic,-0.4359098071851957,1.0495152682683666,-1.199941175755192,0.0,0.054184906248368
801,quadratic,1.9825058464155223,0.2530566633082403,-1.6042047086393962,0.0,0.1709144354726337
802,quadratic,-0.8334625738459338,-1.0323187541007566,2.2203757121346275,0.0,0.1016418861663864
803,quadratic,-1.01867461486641,-1.7351387215594565,1.0651385510414595,0.0,0.0581056694436033
804,quadratic,1.211228214936689,-1.99584737131145,0.1620955009662941,0.0,0.2227910058647312
805,quadratic,0.8999200729767529,0.021359324549969,-0.665818442766855,0.0,0.0386348698332119
806,quadratic,1.843069275515545,1.2755895756297717,-0.2255631310539683,0.0,0.1143905471337774
807,quadratic,-1.1272831816787727,-1.2498789532609496,2.779093786475011,0.0,0.1707381545365891
808,quadratic,0.4322440097372881,-0.883189549268677,-0.2934882230491409,0.0,0.0483746354012562
809,quadratic,1.5841932617125285,0.4367438150076697,1.2904210008408905,0.0,0.1518815812056517
810,quadratic,1.8742656719139597,0.9686248105004148,-2.280518814917592,0.0,0.2504509061465136
811,quadratic,-0.3859614869869801,-1.4546231876892506,1.11727728021697,0.0,0.1055403206750053
812,quadratic,-0.9473055820646228,1.980225355024157,0.1840672290724514,0.0,0.2556197451704355
813,quadratic,1.219158352873082,1.5459452986451732,-0.3077028943245192,0.0,0.1307727278114405
814,quadratic,-1.6736412295311331,-0.3414752790263069,0.4605071543688259,0.0,0.093802968470051
815,quadratic,-0.6913557290880981,1.8260463668214133,-1.108636522538047,0.0,0.0674669526464561
816,quadratic,0.3616460296340511,1.468471116862192,0.5358701983165624,0.0,0.1249172250648185
817,quadratic,0.6686027142104836,0.4504749699443411,2.205178478137757,0.0,0.0378355879938619
818,quadratic,-0.5477931928334718,-0.2281533022962807,1.0132488877978094,0.0,0.0771910949718134
819,quadratic,-0.8692490586187476,-1.2728148935749095,2.8493116817932806,0.0,0.1689739677645597
820,quadratic,0.7315404810194437,-1.5062305847982342,-2.7102488953775987,0.0,0.0629580831130472
821,quadratic,-0.9386296409061804,-1.2457697142254365,1.3172072337703795,0.0,0.0833720448449474
822,quadratic,1.826541424628219,0.3218818911297423,0.0482511119956292,0.0,0.1433838430076065
823,quadratic,0.1,-1.1173670808456275,-0.8780615293869092,0.0,0.0754807170297904
824,quadratic,-1.5194511420860333,0.6727762938013768,-1.9296581420779475,0.0,0.0690634411196094
825,quadratic,-1.633765409758173,1.5488477240907117,-0.7397899898385925,0.0,0.1897676858232949
826,quadratic,0.9883203557242632,-1.7529798110506594,2.963485273038281,0.0,0.0645259333048669
827,quadratic,1.2867554295009107,-0.147559127627785,-1.5788515346091287,0.0,0.1100027971195357
828,quadratic,-0.1,-0.9222531550985438,0.3638189682504382,0.0,0.1070673575731877
829,quadratic,1.833628056711844,-1.1849176082303097,-2.624877903125346,0.0,0.1464399957969776
830,quadratic,1.8455231397887173,1.7261545302253023,-0.3954202426874831,0.0,0.1319180253711767
831,quadratic,0.1,1.95021315798579,2.754988944001034,0.0,0.2192182466284661
832,quadratic,-1.5808072007458729,-1.110684289658881,-0.9077472666210982,0.0,0.056519302331165
833,quadratic,1.3199145406488948,1.847300561989706,0.6458232154919452,0.0,0.2919702337578435
834,quadratic,-0.6951554389235994,-1.2171619392426902,1.1799815999408247,0.0,0.1132425286853525
835,quadratic,0.1,1.6909267310802782,-1.7975546508154396,0.0,0.0618176187390788
836,quadratic,-1.3172266201875673,-0.2636541186519507,-2.226976629138284,0.0,0.1859054103726844
837,quadratic,-0.66542843885148,-0.9931975549241918,-2.158759993972699,0.0,0.1214209949650563
838,quadratic,-1.4054728006516015,1.9117092074563609,1.7195175946101935,0.0,0.2083967722855588
839,quadratic,1.2785572195942092,0.221545006318645,2.682846239439974,0.0,0.1484690515868238
840,quadratic,1.339141727696154,-1.3646340370825336,-2.555108352203732,0.0,0.2358584779543877
841,quadratic,-0.7150209673392132,-0.9047232604973944,-1.3932496827296994,0.0,0.0371546859297905
842,quadratic,0.9985830575436913,-1.9147906952032665,-1.6622199930825223,0.0,0.0687431285157392
843,quadratic,-0.4039997679038101,-0.6345125495594912,-2.766672062024747,0.0,0.0264349074665876
844,quadratic,-0.8798943565181081,0.0770133191448043,2.728335622805144,0.0,0.1135640621148642
845,quadratic,0.1335136129279726,-0.4244791395547298,0.1130993702929883,0.0,0.0354042089409003
846,quadratic,-1.507827015436039,-0.937900120425716,-0.880640470402132,0.0,0.2445756598377774
847,quadratic,0.8944443112522156,1.0837667285572756,0.6138424405721068,0.0,0.1249717631968923
848,quadratic,-0.2885073550655024,1.3876706908573433,-0.8206836581598065,0.0,0.1376520919898954
849,quadratic,-1.1836743385472972,1.8442771716994644,1.3178867100865537,0.0,0.1958003435028979
850,quadratic,1.3300740963049842,1.973338782042167,-1.0648481090923052,0.0,0.291286006228962
851,quadratic,1.462535792901797,1.8888340370400265,1.6581440446069935,0.0,0.1194577516399038
852,quadratic,0.8552894087029146,-1.6426337670844844,2.0929976387336744,0.0,0.0733933155653413
853,quadratic,-1.076428219476231,1.1102085372757995,2.1450517984304582,0.0,0.0662246144167737
854,quadratic,-1.1631173291839234,1.9138134950234704,-1.0791147321150183,0.0,0.2180380255228305
855,quadratic,0.911405304798163,-1.6939550046789864,-0.5692901446973844,0.0,0.1736395413360813
856,quadratic,-1.1475139448665117,0.3978134525960284,-0.9922583463352828,0.0,0.1247896229046586
857,quadratic,-0.1748190947583627,0.678084593790659,-0.3509522702407901,0.0,0.064032363908024
858,quadratic,1.471321560455884,1.8493434627205516,2.064987838441384,0.0,0.2766290058551325
859,quadratic,0.9283355874835332,0.1227417428967254,1.9184957888093708,0.0,0.1140861704865368
860,quadratic,0.4563529389789513,-1.782584448435772,-2.4279618845507933,0.0,0.1139203858995852
861,quadratic,-1.8121870100341169,-1.791581857248696,-0.2782916747961712,0.0,0.2611466483630295
862,quadratic,0.3173862640452016,-0.3020834742751264,2.9586701763220784,0.0,0.0258060165261876
863,quadratic,0.6751911420534604,0.6842254845071838,2.75680482159917,0.0,0.0622613396387388
864,quadratic,-1.95254588623669,-1.1090074082664607,-0.7375678149036791,0.0,0.190102484225963
865,quadratic,0.3112532570553852,0.7971000475908783,0.8324076008439629,0.0,0.0229497668707398
866,quadratic,-0.1,-0.6385372680498191,-2.0006709042709447,0.0,0.0357530627104756
867,quadratic,1.857056689950381,-0.1340637375993347,2.599432535307935,0.0,0.2666693490032993
868,quadratic,0.782165407270349,-0.8570364464904401,-0.1797157029417184,0.0,0.0541390066902927
869,quadratic,-1.9368496138851332,1.6539027640627806,2.144780014084958,0.0,0.2472294841887649
870,quadratic,1.5696640487008349,-1.043651071201328,-1.0824086519847913,0.0,0.0990466995947744
871,quadratic,-1.1333131428214278,-1.8452237165187648,0.6536380400279542,0.0,0.2149360619765931
872,quadratic,1.7974833143660054,-0.7424614310623117,-0.6124715615711986,0.0,0.2699480756498252
873,quadratic,-1.595175490239038,-0.3068715653369116,-0.2574517703545029,0.0,0.0985534737677038
874,quadratic,1.941684738128481,1.2655596618856664,1.7688468362478194,0.0,0.2364688150371471
875,quadratic,0.8649919028772173,1.333464820942877,1.7311149473420162,0.0,0.1426024341044947
876,quadratic,-1.260110852960116,0.5259340259957659,-2.1476814201413816,0.0,0.1051661503054917
877,quadratic,-0.1,-1.2880688427028657,1.5227097859931504,0.0,0.0654855708845723
878,quadratic,-1.5845935148369974,-1.0387790687402705,-2.5563544255969486,0.0,0.1513814554826145
879,quadratic,1.7521874919816876,0.6672105387898477,2.5266159807435944,0.0,0.1076657606598729
880,quadratic,-1.6997766784479191,1.963887944143595,-1.9513576396497092,0.0,0.1414146562094906
881,quadratic,1.995875967030741,1.6575580100024068,0.5087937314773869,0.0,0.1332975822317335
882,quadratic,-1.2212200364166417,0.5021614072991456,1.6201972967409697,0.0,0.0602415624558663
883,quadratic,-1.515000974169796,0.8079008088299218,0.6268435950871529,0.0,0.1217825958033478
884,quadratic,-0.4454713752842476,0.0365859237375008,-2.301004016227673,0.0,0.0506419894558501
885,quadratic,-0.5387071766780407,-1.827493732950067,0.3396495455198458,0.0,0.2447770417223675
886,quadratic,0.5139047877316698,-1.3896975417599098,-2.561983844576619,0.0,0.1328946572813916
887,quadratic,-1.4155912615919526,-0.3045023884882569,-0.4997045278227272,0.0,0.1407737227951648
888,quadratic,0.5259778285020436,-0.7732232082793913,-0.7085011511418049,0.0,0.0963614586214019
889,quadratic,1.4851172628260425,0.0639714850410948,-1.9413650020812856,0.0,0.0985395026100053
890,quadratic,-1.3929574638103217,-0.4474532595401475,-2.660286696748412,0.0,0.1096028792970655
891,quadratic,0.8610461242870855,-1.520130413099678,2.8841357107126653,0.0,0.0501605583604235
892,quadratic,1.36847843860175,-0.8456415691793593,0.3296662842689173,0.0,0.2152786143860766
893,quadratic,-0.4399855211472996,-1.950065001714013,-1.95637440705856,0.0,0.0816576541440181
894,quadratic,1.0323824003650053,1.4111065730085577,1.5085070984331015,0.0,0.1638769823153729
895,quadratic,-0.1,-1.7191968726337992,-0.429495230178655,0.0,0.1043776427203939
896,quadratic,1.503199419344106,0.4382181387813135,0.0012451668462563,0.0,0.2096917145771163
897,quadratic,0.1,1.2903049651879992,2.1615613483937164,0.0,0.1073298612811258
898,quadratic,0.8159884538187394,-1.9831491123434155,-1.1277397538707636,0.0,0.2261258764819934
899,quadratic,1.477339745246967,-1.2954093408781553,-1.329784745925897,0.0,0.0834888747385979
900,quadratic,0.5131819309725345,-1.1923390234405016,0.2848307676027533,0.0,0.138089395073494
901,quadratic,-1.4196862723210373,-1.38226379031719,-0.2745080362682097,0.0,0.2433615714193056
902,quadratic,0.698797751733903,-0.5315496429753508,2.0627084176523605,0.0,0.0758695216609056
903,quadratic,-1.105240845584436,0.2443679429005625,-1.3860986116515777,0.0,0.1150708931466435
904,quadratic,-0.3210456785416617,-1.3885313123971423,-2.0647992853341526,0.0,0.1716906193599665
905,quadratic,1.9768387864367147,-1.792371247698013,0.1882747355482292,0.0,0.1230036658558941
906,quadratic,-1.951349473143925,-1.272208559653513,-1.861422918872803,0.0,0.0848233175153052
907,quadratic,0.342531536008003,1.0033231999114045,1.5186427475648934,0.0,0.0665429779229893
908,quadratic,0.6020917523013076,-0.4144744199756967,2.609569348907145,0.0,0.079146089268556
909,quadratic,1.6456895960022702,-1.989542571939116,0.825704797476047,0.0,0.1188896869911403
910,quadratic,-0.9594355588233888,1.4124143869227694,-2.3210488947571637,0.0,0.2222030265678095
911,quadratic,-0.1,-1.3480228848553737,1.002075974839112,0.0,0.1182152356623571
912,quadratic,-1.4681563921252754,1.2324379720648588,-0.8844286756149584,0.0,0.0790003801349902
913,quadratic,-1.8709274700045784,0.3874387532380723,1.1338772895366436,0.0,0.1973632367066473
914,quadratic,-0.2500396234305704,1.5223298974971369,-1.707412841482108,0.0,0.0395441667502556
915,quadratic,-1.6785635078187635,-1.0291456606679654,2.3153715572407787,0.0,0.1815397151749138
916,quadratic,0.9897899883646524,0.0514687951338501,-1.0356923358203942,0.0,0.0402379328832288
917,quadratic,-1.3471293731419025,-1.2787022144767066,0.3534457998874636,0.0,0.1266069231918
918,quadratic,0.1827456108307688,-0.2744436465858322,1.5476022424406644,0.0,0.0384404307858065
919,quadratic,-0.7922599154340917,0.423575449452978,-1.4638494083574831,0.0,0.0522794755047164
920,quadratic,1.655152266579413,0.5162463094555338,-1.5037291504808767,0.0,0.1691090089597799
921,quadratic,-0.6828640083881168,-1.7615273097399209,-0.1784168271078474,0.0,0.1480198737689804
922,quadratic,-0.4293446588734633,0.951312715479148,2.471959027863344,0.0,0.1273827271265091
923,quadratic,0.8108944080344305,-1.366153949102928,1.765974238458889,0.0,0.1353791778308152
924,quadratic,-0.905158230308531,-0.8730563206333062,1.421303435892261,0.0,0.080077833194588
925,quadratic,0.1,-0.7048909128159093,-1.3109465419245483,0.0,0.0484984677571688
926,quadratic,-0.1112400125693491,-1.2000481531298344,1.381342076854315,0.0,0.1476508899819612
927,quadratic,1.5665781305583637,-0.9040324457074482,2.5416079459435617,0.0,0.0790658385511253
928,quadratic,-1.428709542414318,-1.522711962355317,-0.2202988367685852,0.0,0.2248356379452351
929,quadratic,1.0902774994244009,0.1596640813361722,0.21637264741359,0.0,0.1223224054728341
930,quadratic,0.6259593534034757,0.0528911793631539,-2.0852995915484422,0.0,0.0366448791327318
931,quadratic,-0.2557098750186948,0.596093622903398,2.6099089411824616,0.0,0.0236135577160234
932,quadratic,-1.1774453798591988,0.3238345921293866,2.062948620213085,0.0,0.0457858138606852
933,quadratic,-1.0647229029556886,-0.8088869276473858,-0.710908032223935,0.0,0.0967072923776729
934,quadratic,-0.921561420765066,0.7816536624331669,-2.830423792941776,0.0,0.0953082106433416
935,quadratic,-0.6564114730832178,0.8413582150731576,1.6779950515246336,0.0,0.117524291518306
936,quadratic,1.7295639247309849,0.6205751785798261,-2.3818037851755696,0.0,0.0827080172546798
937,quadratic,-1.1729330812821264,-0.5167655930466402,2.7183222992713496,0.0,0.158483637951153
938,quadratic,-1.4611694686906709,-0.5051399530167564,0.0932194293553267,0.0,0.0525667540355741
939,quadratic,-1.1100089785335658,-1.2819970366451685,0.212186214244701,0.0,0.1237571449358181
940,quadratic,0.2698979938256629,0.2616619264754956,2.2791938598677124,0.0,0.0200963701135419
941,quadratic,1.0997617924431369,-0.5499618058992786,-0.6200486867872148,0.0,0.1450992815955337
942,quadratic,-1.0536695025613754,1.571202569631199,-0.2823180967412324,0.0,0.1924693716881662
943,quadratic,1.8171577514756807,-1.4096567083301157,2.3355846113291685,0.0,0.2573292753246721
944,quadratic,-0.8656497142323585,0.5356826563389405,0.3395303743405007,0.0,0.1332205139938676
945,quadratic,-0.1053916138002284,0.9694373623264192,2.953131218189391,0.0,0.0524420601883232
946,quadratic,-0.932101665578788,0.0636183272791353,-1.4255263625423766,0.0,0.1172601797695645
947,quadratic,-1.4013281957012338,0.4550131484010564,1.7511852200642082,0.0,0.1705013745511384
948,quadratic,-1.7218581299620237,0.6794683503649788,-7.830346801185328e-06,0.0,0.0836808626823098
949,quadratic,-0.1034489602344646,-0.3040754844665216,-0.6601219929928215,0.0,0.0146410709902491
950,quadratic,-0.2983182864658529,0.3096758814892886,0.5109802710343092,0.0,0.0314920106918245
951,quadratic,-0.445574639702901,-1.1836385034045254,2.3468302644200296,0.0,0.0909870914694912
952,quadratic,-1.52331466067661,-1.4864620865044418,-2.97296341463998,0.0,0.2191864796546708
953,quadratic,0.496811418283924,0.4433276094843084,2.867508685233773,0.0,0.0235327683961571
954,quadratic,-0.7819671740099854,1.7658434202170503,0.5480831534491646,0.0,0.2440034773355811
955,quadratic,-1.9341931871819356,1.4676443615044712,-0.0498289726412153,0.0,0.2764339107862645
956,quadratic,1.4497418084778166,1.3121877678587386,-0.8939988773055347,0.0,0.2009581254396469
957,quadratic,-0.3536078716575419,0.8716524280670876,-0.819089749156614,0.0,0.0973699102917903
958,quadratic,0.1747084945347601,1.789552751108043,0.2280018078750814,0.0,0.161557068029793
959,quadratic,0.6160612753634473,1.196341139696801,-0.9286437968812192,0.0,0.1079383094827929
960,quadratic,-0.3846620359967505,-1.89514587013096,2.783501269920148,0.0,0.0796523234405135
961,quadratic,1.5475130961080823,-1.862508798294628,-2.863130566117042,0.0,0.1186429347537459
962,quadratic,1.3997484196810124,-0.1196006740051234,-2.2252579216788693,0.0,0.0593968610726896
963,quadratic,-1.2602485775549583,-1.6212584583467555,-2.542375978157017,0.0,0.2205944386873345
964,quadratic,0.1345582888729755,-0.9620975146671924,-0.5233887045473962,0.0,0.0666699618505794
965,quadratic,1.745649129046206,0.3216979770076644,0.6705477238085038,0.0,0.1557536353764946
966,quadratic,-0.171946210082039,0.205766209144548,1.035857189548878,0.0,0.0260336019130211
967,quadratic,-0.8058537508061288,1.6829366075285717,2.7798483788448163,0.0,0.0934689497763591
968,quadratic,-1.8131805069992684,1.5896007285198892,-0.8328155556213064,0.0,0.109634576738517
969,quadratic,1.57168634017389,-1.1139425396159512,0.7194043801467433,0.0,0.2555687705106709
970,quadratic,1.868810988214532,0.2713168253679319,2.998148065807549,0.0,0.2201200991586942
971,quadratic,1.575057722132514,1.8652763859328392,2.344170080159331,0.0,0.2285714048774541
972,quadratic,-0.8140605939479153,-0.7116530968173937,-1.005324006607545,0.0,0.1196327741907354
973,quadratic,0.1,-0.958605187304685,-0.2935103119145879,0.0,0.0696194109450189
974,quadratic,1.3914776341197124,1.312933184792703,1.6988788516703115,0.0,0.1803647483656413
975,quadratic,-1.6332573132557495,-1.3227838737826754,-2.85695992942539,0.0,0.1271690813064915
976,quadratic,0.7094530656570996,1.7432333225090335,2.444927272364514,0.0,0.0892202249112035
977,quadratic,1.3884157891984477,-0.0172774400831885,2.9679460632755434,0.0,0.1663494354155694
978,quadratic,-0.1,-1.302960329137932,0.6403500540044886,0.0,0.0489114724044763
979,quadratic,0.1465578947876524,-0.4574343528594573,1.7411851186299794,0.0,0.0615936662284419
980,quadratic,0.7217497867545415,1.3156965231424396,-0.0088072062988353,0.0,0.0916925328397508
981,quadratic,1.5394156111378972,-1.7516928050527816,-0.5188235228845803,0.0,0.2217465319438873
982,quadratic,0.7103613636328876,-1.6929394051459177,-1.7478655113090256,0.0,0.1887875558198408
983,quadratic,1.0239716260878358,1.7981753900316093,-0.9007157212233174,0.0,0.0900799103317142
984,quadratic,1.2934357742972105,-0.3946466259959926,0.7173086319871493,0.0,0.1050118202554882
985,quadratic,-1.4635696139683505,1.127916276824669,-1.3694727074944557,0.0,0.2177029076598325
986,quadratic,0.43954133575639,1.3424313812152806,0.2484409427608476,0.0,0.0692051680997787
987,quadratic,0.2889473178480486,-0.1692391475596859,1.4860575927736903,0.0,0.0431169109958807
988,quadratic,-0.6975521583928246,-0.8840803864799898,-2.071031398710449,0.0,0.1252147371360818
989,quadratic,1.1760683937707697,-0.494220583236125,1.0105912647542858,0.0,0.1426079282496765
990,quadratic,-0.3553572876116164,1.9404631760423812,2.145438416386942,0.0,0.1073441616456078
991,quadratic,-1.8316195711544068,0.6299800952805263,0.8555705056573522,0.0,0.0824493326038642
992,quadratic,-1.2017173523957765,0.6198475545088393,-2.931540028285478,0.0,0.1850757947025409
993,quadratic,0.8327790144601037,0.4442614478344842,0.3153061302550015,0.0,0.1096345882859732
994,quadratic,-1.6019403265250256,1.0067234686182127,-1.709914685008682,0.0,0.0540984748584908
995,quadratic,1.043715090265994,-1.6089070440478492,-0.2513743029017252,0.0,0.212954320461184
996,quadratic,0.2212907728338549,1.7277173110921304,-0.5260991935677377,0.0,0.1839799079570682
997,quadratic,1.9820655052254448,-0.0393907067568801,-1.0145702213794368,0.0,0.1792035607578063
998,quadratic,-0.7378727317527556,-1.9840659425646716,1.12997318651355,0.0,0.0792166432857621
999,quadratic,0.1,-1.506897926524787,1.6385592087410812,0.0,0.0480828900145967
1000,quadratic,-0.9893517401804272,0.4531504299653224,-2.468032751498344,0.0,0.0950640495438152
1001,cubic,1.0319825854415825,1.3338800141435765,1.2316147052594073,0.0635079182821423,0.2947955614925586
1002,cubic,-1.3258555514978538,0.3066228550844032,0.4829580885247284,0.1402774437224114,0.4348250525692352
1003,cubic,-0.7494903715327101,0.622350525384368,0.4871766039865575,0.9726150906920076,0.1303219789348172
1004,cubic,-1.3561695438803767,0.3771781915012,-0.4003671694247841,2.9147493535513656,0.4607480481179021
1005,cubic,0.5500799233849958,-1.0046278533639297,0.5452683163731535,-2.70993214670572,0.1642972411724668
1006,cubic,0.4363017576476484,1.850519980648826,-1.636865960045348,1.2189766392648345,0.2097682686010377
1007,cubic,1.3846299033935976,-1.6189715078851208,0.7108302384522105,-0.9471226020798804,0.4942863195763724
1008,cubic,0.1,-1.5471659322557103,0.3925684885130969,1.3210786740020133,0.1646323485157488
1009,cubic,-1.257613003697632,0.2804027898341976,1.6521121013339206,-1.1003545658300975,0.195221864929978
1010,cubic,-0.2989711739167129,1.5778136080725162,1.5851858012856257,0.1491532614694319,0.1048157504655372
1011,cubic,1.9637398585377808,1.5995801887568089,0.7834659100967629,-2.077539176817488,0.8499170950821919
1012,cubic,0.7596824439924736,0.5908951829746503,0.0354504553076013,-2.6761606098870283,0.3035346854838418
1013,cubic,-0.6747688301375412,1.8121728925049347,1.0218840191275391,0.0420880118906179,0.1654981687815383
1014,cubic,-0.1,1.0504837851642663,-0.340031295605927,2.1116376283794898,0.0791922588163187
1015,cubic,1.791180055479895,-0.2164006923793233,1.6210885897415568,1.7290471538694412,0.839581331092631
1016,cubic,-0.1,1.3624805934853632,1.833182789911116,-0.467115287545651,0.2105758331144582
1017,cubic,1.8872358443075568,1.6353436962818455,0.398457910824697,-1.3954319760845044,0.7073773136995531
1018,cubic,-0.4746678350494924,-1.0219207753116968,-0.9006191374666237,-0.2719880168630935,0.1328707624508673
1019,cubic,0.5352561067719361,1.5770868157663132,-0.2079663227144452,1.724013838350258,0.2850146410947513
1020,cubic,0.1,0.9192155803701788,0.924522602481996,1.5190954758065691,0.1046719714258501
1021,cubic,1.312399389699197,0.8925984210787616,1.4514786755093183,1.8892871550982413,0.2996675337120624
1022,cubic,0.1,-0.4944699645473704,-1.5081104512876609,-2.3648799216653678,0.055360353278223
1023,cubic,0.760997043977107,-0.0143715220005731,0.2673883205599145,-0.231051201306319,0.1735823118172423
1024,cubic,-0.1,-1.2460179829105176,-0.0215103548830692,0.4452322325167346,0.1740543893351683
1025,cubic,1.9658390046992391,1.4520635702694138,-0.7172932613923151,1.6129140750605917,0.2771531042668907
1026,cubic,0.7340983383734065,-0.907113194183332,-0.0955622718673532,-1.310649359401455,0.1618512560620966
1027,cubic,0.2794420053663877,0.8884621599731797,-0.0757365257958251,0.5835348266984104,0.1605888741912666
1028,cubic,0.5932803999453089,1.2126372997262522,-0.9080595005667682,-0.3232301285824999,0.2060528813867768
1029,cubic,-1.5917731245053233,-0.5320141896208335,0.2103631933274883,1.528305263169413,0.3918992218304804
1030,cubic,-1.6763360700962022,-0.0508161670711713,1.3518037775057308,0.4275327139652738,0.2349319606740721
1031,cubic,-1.239189262945252,-0.7445139733757973,1.745278795393992,0.5890397991231469,0.2027025968519409
1032,cubic,-0.9281678833759152,-0.7037616003094094,-0.715749112616205,2.2660364968129905,0.3416715057268143
1033,cubic,1.0997247117197997,-0.5596014780998679,1.6838493215116652,-1.689210645011217,0.5428757051285222
1034,cubic,-1.0525915129666576,-0.684647261445031,0.4398111145159222,0.5037259059199153,0.2024095457219534
1035,cubic,0.1628863652930747,0.4454618797442036,-1.1899759876543103,-2.5376119920175144,0.0863996263375782
1036,cubic,0.867738649163003,0.7522712609263134,-1.3034291466688002,0.8192915981582596,0.1252996275518989
1037,cubic,-0.3377516982224593,0.3938794745031879,1.4991159516159356,-0.4454433674662224,0.0922593761482477
1038,cubic,-0.9319917878167234,1.9507999217320304,-0.307504264821044,-0.7710061055427353,0.1131127398270681
1039,cubic,0.7581983655056805,1.4530541745501164,-0.6546214228612568,-0.2420755173499937,0.2193683152738931
1040,cubic,-0.2832125514632513,1.317042573857965,-0.6321124276178907,-0.4348115121154814,0.1825014951290512
1041,cubic,1.0035421867784875,0.2924006903468541,-1.623300355968999,2.597154809277585,0.1880533486425824
1042,cubic,1.5009775972100297,1.670415747151115,1.7319398838674882,2.433490978531771,0.6003373475479838
1043,cubic,-0.3074650840756301,0.8302766399037544,-1.5972448806151447,-2.708460684440631,0.2441656127045667
1044,cubic,0.6286659860871304,-1.4709787259853693,-1.2237445285914277,1.284895444394607,0.0735151066855658
1045,cubic,-1.9947305124797632,-1.624247139312858,1.0840493048910955,-2.495968531366434,0.48399121498655
1046,cubic,-1.5654171633459746,-1.5004789564018473,-0.4056149760126595,1.1979621359105952,0.3336985715019259
1047,cubic,0.579962875603981,-1.4979436517522378,-1.3210178093727722,0.6867715509873582,0.1113961160060767
1048,cubic,-0.9455154280922162,-0.9321426226583168,0.2893318858980729,-0.8029765892060414,0.2710143125898203
1049,cubic,-1.920483669338723,-1.4334970493646004,-1.8713127053967489,-0.5829645351407002,0.8499887473317871
1050,cubic,-1.3260401753648496,1.263226858708148,-0.7541197968361089,-2.4401561765058317,0.5255234911823758
1051,cubic,1.7129995902247797,-0.0473776217528949,1.5721631542880066,0.7282284649612807,0.6445899739070956
1052,cubic,0.4484717215326426,-1.8303669259132451,-1.6445148562663163,0.7164994305854959,0.124244873120233
1053,cubic,-1.6151624645377003,0.3315166679478345,-0.8693998286497484,2.4775001685085787,0.5192602684664482
1054,cubic,0.1,-1.849104551116604,-1.6521920587034675,-2.868966455898761,0.138275254686875
1055,cubic,1.7199737240526338,1.9925966734938507,1.1306427344856391,1.375885342364816,0.5424425274502461
1056,cubic,0.5939865302027774,-1.700720754584259,-1.5852911103230931,-1.3383943503851965,0.2147800467945523
1057,cubic,1.9283735448845087,1.0964924307611683,1.661857342573727,-2.180974547854853,0.711913630052788
1058,cubic,-1.0819195687826029,0.1257919727487864,0.944946388174308,2.856615047067539,0.0681688425414715
1059,cubic,0.1,1.927355344463475,0.9941048764848368,2.917055927074104,0.1123658709332918
1060,cubic,0.9509348021286456,0.2304999815247623,-0.7310843876155788,2.285675413114763,0.2131927582815929
1061,cubic,-1.563807155313676,-0.2551150956814867,0.446577538592567,-2.5087843651033634,0.1662852991982125
1062,cubic,-1.7792508376209015,1.307145521925709,-1.5453676600611974,-1.6982759102051053,0.5208162534288214
1063,cubic,0.8823427869637794,-0.4240526813107301,1.6818055383632435,-1.6478593943111957,0.3740564839055819
1064,cubic,-0.1528447839257536,0.1754246076041745,1.885615014173867,0.9397535251157932,0.125751125170035
1065,cubic,-1.2599685753631684,0.6363521210614556,-1.8176434349923705,0.186885805746745,0.5789102685871931
1066,cubic,1.7974856130610797,-0.0321518834258633,0.9803233392120124,-1.693798406845587,0.2591013926538084
1067,cubic,0.1793134392240372,1.7541377317343545,1.2722227711499094,-0.8508745635588184,0.1951612504610925
1068,cubic,-1.868475496237206,-0.3087860764379275,-0.4894854706730496,0.2114376354274423,0.52352452992587
1069,cubic,1.3254079919208204,-1.656819434836792,1.065442581894561,-1.510123452598213,0.6539563577832371
1070,cubic,0.2318675754803192,1.0556337619596023,1.1184415771945662,2.328487797035166,0.2419089499083784
1071,cubic,0.4263556587345785,0.928834616516974,0.0691371772859681,-2.9661103585794453,0.1475717028908039
1072,cubic,-0.5781571453336154,-1.821781840331276,0.3348378869548467,-0.7197374130087977,0.3012216849117419
1073,cubic,1.5783266512938536,-0.4118863152415386,0.3721333146362604,-1.0317631076048808,0.4218437435623838
1074,cubic,-1.449349256769077,0.3902946951297514,0.9754879112128876,1.1116084007833305,0.1983241960379798
1075,cubic,-1.39354458490611,-1.4910888851553574,-0.2409996841345023,-2.981759781914265,0.3957050000077392
1076,cubic,1.0643528016959602,-1.9580833844224637,1.0585539185626949,-2.49050037668058,0.177038675754641
1077,cubic,-0.337718881762679,1.4979986049144571,-1.755334622038384,-2.3336873309601502,0.0959245635686341
1078,cubic,0.5700581072750617,-0.964555163239861,-0.3716788538860895,0.6821695898701132,0.1208286853037387
1079,cubic,-1.5798704931302674,0.6876395046750723,-0.1202298408284665,1.856441284200761,0.3703517080724391
1080,cubic,-1.1540139037635466,0.2636903049461421,1.6657844103637776,0.895553613674557,0.0961812842090613
1081,cubic,0.906160006248625,-0.5243263290465383,-1.3196515730853933,-1.0748216308321237,0.2072672638046987
1082,cubic,1.845936977680195,0.9670474009621368,0.846932506651116,-0.4065972805078797,0.7431475977023103
1083,cubic,1.3011830213677371,1.4451691319358495,-0.6235983892309007,-0.1550188373479128,0.4340819129052752
1084,cubic,-0.791726135547687,1.2268254091992334,-0.0260818679234309,-1.970563346700352,0.1644161858807757
1085,cubic,1.457318319287736,-1.8737377976611893,-0.611078839081157,2.130410868119012,0.5329453665361636
1086,cubic,-1.2880504879071748,-1.1416718503484735,1.384226235437163,-2.947674274661328,0.3534163588248025
1087,cubic,-0.6455972588680097,0.6373923795873542,1.9197203274403112,2.089645943747141,0.1187797801155711
1088,cubic,0.1791046398559808,-1.294144559833232,0.0122225327981086,0.874705051821548,0.1722010306997929
1089,cubic,-1.638799012916743,-0.5329281959702392,0.1863737437386072,-1.0488154446109372,0.5163133581504827
1090,cubic,0.2943354654657608,1.8290926163706969,0.8470813156631793,0.6443732370195061,0.2965865288291337
1091,cubic,1.398978101958105,-1.1726439308074714,-0.5313113454814271,2.942013129000766,0.4891628772687501
1092,cubic,-0.1,0.265851565256642,1.363218990618082,-1.889107356690306,0.0486846798925095
1093,cubic,1.7794744881061884,-1.814912926730555,-0.201278537304721,-0.8323552029126113,0.2099858477282074
1094,cubic,-0.7228041439688839,-0.5849928316286817,0.5158911023717065,-2.117435694399373,0.0721258899928354
1095,cubic,1.3842087345979932,-1.7777753231373832,1.5731892472487077,-1.3880329365714286,0.1839696476619748
1096,cubic,-1.114824519772557,-1.295044764011902,-1.7199603121340337,-1.032600338168167,0.3135679317261913
1097,cubic,0.6719422563880473,0.5834786633888531,1.4384645050332576,-1.1175150254160575,0.3615969481092499
1098,cubic,-1.262636745744754,0.5873678722217357,0.7214754518837987,0.0067590521614993,0.2726719339680265
1099,cubic,0.7015658427166334,0.4915009962857666,0.9307568039464128,-1.2940268594438131,0.2728671785470553
1100,cubic,-1.385441336028745,1.4672957396969282,-1.0377721899487549,-2.037528556302435,0.182463870900522
1101,cubic,-0.5400294117266102,-1.5597541030956714,-1.8919520173233495,-2.382121764385002,0.2281166756044886
1102,cubic,-1.5049271967232656,1.788516040653723,1.2599682112151354,-1.7260488932719382,0.1744772700814377
1103,cubic,-1.562575688099994,-1.215118806060537,-1.68569853100248,2.8809032451704626,0.2524868791065272
1104,cubic,1.46584648619157,-0.5420681577901525,0.9458828860969336,-0.5050021177370771,0.4467379782037325
1105,cubic,-1.5959801163296654,0.3094128363863215,-0.937386178441546,2.057118493270668,0.5612206018705718
1106,cubic,0.1857662664444621,-1.3381113114944991,0.0689686806762961,2.7560943493385954,0.1127591113257425
1107,cubic,-0.7682384564516944,0.6775063704563435,-0.8390628660359591,2.0433499145709986,0.2443453575559343
1108,cubic,1.7657473923872955,-0.6917607992312895,0.9554842392536216,-1.0198214841753104,0.7959012464417917
1109,cubic,-1.5045353433399495,-0.120883995988096,-0.97671306294848,2.1235348354641443,0.4628745397510808
1110,cubic,0.2293493033111748,1.5778499262076928,-1.0364990974138673,-1.978614680404804,0.1139877878297425
1111,cubic,-1.961748231086743,0.640242808485882,-1.1997477165873436,0.2570109743498401,0.1977304706325101
1112,cubic,-1.1244053415921829,-0.4738164599027099,-0.6003071102545072,0.0294468986364218,0.5066317764140906
1113,cubic,-0.9373465623960624,-0.6667730125347493,0.6406407333492399,2.319694217482123,0.0923234058351677
1114,cubic,1.2761629700606791,-1.7677945929901373,1.523895700087078,-2.740473387915007,0.223487315170551
1115,cubic,-0.7955872773672517,-1.6120743450434274,-1.1432767246951443,0.5195874693347031,0.1539736043003502
1116,cubic,-0.8070902040636065,0.6911280862514628,0.8718956849309123,-1.180495338774836,0.1181559674600242
1117,cubic,-0.6938345846461793,-1.6573367472908336,0.4069924836632026,2.988892854953587,0.1656238893721996
1118,cubic,0.5375390083826166,0.6921976727797183,-0.2399188174752344,1.7879569167924894,0.1287982934732369
1119,cubic,1.7327505674727477,-0.5271610500581678,0.0345006962046321,-1.6346380445839437,0.4441025643896069
1120,cubic,0.7232558894789167,0.3010254161502894,1.4672189872928998,-1.5072085243799844,0.1149769841852568
1121,cubic,-1.9885639172466307,-0.9963789017224922,1.8070672338957732,-1.3472289128100523,0.4865550233113557
1122,cubic,1.2041004421988497,0.5002439758084538,-1.5965696204655724,-1.2791122274205158,0.0968426325307801
1123,cubic,0.6662323703547828,-0.8869456831589813,-1.1357298217484164,1.098753584286376,0.042643964663976
1124,cubic,0.4428689618784571,1.0012611739900137,1.824294251244157,-1.781241885213542,0.1567745692552564
1125,cubic,0.1,-1.4641287584388936,1.5269048320386425,1.52754100698513,0.2936700081168246
1126,cubic,0.1,1.1387112925361809,0.4179254763992364,-1.9838926477040943,0.130135550142695
1127,cubic,0.338189580594165,1.6172542016404394,0.5675735298961775,-1.909533922807896,0.2595081988312444
1128,cubic,1.2407904850159177,-1.938219378249301,0.9873657612397682,1.3960033620269217,0.4858058129740841
1129,cubic,-1.35723844833061,-0.2467299404728593,1.150692511366203,2.306153633659658,0.3324610533053033
1130,cubic,0.4110726373137767,1.904228157430674,-0.7676238039771075,-2.993155343123986,0.2804013512285077
1131,cubic,-1.9291104828591104,1.4375411077707656,1.007181039027072,2.680930499918783,0.2658775010654716
1132,cubic,-0.6166278209755869,1.8530560628557584,-1.5186136518478746,-0.0361799094230415,0.3266859406695334
1133,cubic,-0.1,0.1551565221883706,-0.1241674389283353,-1.40792750552552,0.024987430548194
1134,cubic,1.4195453911010198,-0.1073852982397536,0.8795612148376679,2.7519401497774227,0.136222165637626
1135,cubic,-0.1,-1.1387319913100449,-0.0382098656499971,-2.9232644158620813,0.1693441429498285
1136,cubic,0.8677796247171914,-1.980466239995009,1.656353905070135,1.309016698449618,0.4031042573127889
1137,cubic,-0.6993457807856927,1.8919950526978395,-1.6275734314875008,1.6603207366294583,0.3216706593121796
1138,cubic,1.512279421981607,0.8740529067624574,-1.5580000674257275,1.797619101952476,0.2099928165509463
1139,cubic,-0.2845793152162708,-1.6656688719416397,1.715373995337266,-1.0248807914733464,0.1208630597253386
1140,cubic,-1.6403028395425323,0.8085109462220013,1.9490175474435023,-0.7602448020973993,0.4099487035306438
1141,cubic,-1.6003078214594382,0.6592461882966854,1.862742224602005,0.9249214423995054,0.4057066359765322
1142,cubic,-1.6445287796742307,1.8153650888582904,-1.596941171323116,-0.9178947187048953,0.6261658311505333
1143,cubic,1.3617372771331886,1.7946357708707343,1.288303789388046,-2.996109701025267,0.487999883023033
1144,cubic,-1.1324097771434434,-1.387568191744172,1.5954676746938006,-2.988903258012616,0.2703579821508312
1145,cubic,-1.6882309508744502,1.8222475618754104,-0.7423219203527509,-2.987155410046168,0.7441847276104413
1146,cubic,-0.8723730185867731,-1.0130528318807266,1.0574262267213927,0.4182594370075243,0.0933152149540831
1147,cubic,-0.606716319331182,1.2029901168166153,0.2358273634889194,-1.5884403244383454,0.066898830062242
1148,cubic,1.9192726377230616,-1.866196354366875,-1.1676145764144632,1.2498471279261638,0.1842943706764681
1149,cubic,-0.1,0.3123379879935233,1.825971402824588,-0.9523087331010832,0.1612445862893453
1150,cubic,-0.5898483919900293,-0.240047767360862,0.8735276782908254,-1.6352741114811975,0.0895477046449394
1151,cubic,1.977763941111137,1.2064976070861566,1.997143634823506,0.7549467558465688,0.6252331422629315
1152,cubic,1.8449185705516704,-0.0357488938563768,-1.2382651038830348,-1.375075573057551,0.4996301254635649
1153,cubic,1.8422081749258263,1.5828999861240671,0.9598607741773336,1.60197672972049,0.475134091248056
1154,cubic,-1.83814768068469,-0.2832900296565137,-0.1821563754061053,-1.078493229333909,0.5575100462820065
1155,cubic,0.1419827490445842,-0.7495516479629565,-1.9767540193289967,0.882824887726767,0.0984709164007501
1156,cubic,-0.1047006206672014,-0.770113415950588,-0.5358241628758322,0.6673688997611906,0.0624481518313424
1157,cubic,-1.1834980817192204,1.9870751416980923,1.718264038532697,1.81311570645592,0.1758520864382075
1158,cubic,1.4558770122084086,-0.6482063384552736,-1.202886184978539,-0.5448176214002824,0.3494369918484156
1159,cubic,-1.6349622206913883,-1.2028706241270166,-1.0090295843696877,-2.3334861044303823,0.3046732998348954
1160,cubic,-1.0169954150585148,0.4953291094296284,-1.4364334671796444,-2.4862720179814533,0.1514919019510858
1161,cubic,0.7461805214188684,0.7308073864567937,-0.8592699924170257,2.6012349312042518,0.2135371966709487
1162,cubic,-1.7835988517823398,1.9561886675235176,1.1236603168442922,-0.1157152248598354,0.4281531522090167
1163,cubic,1.805175068356986,-0.710361858478715,0.5410794529597114,-2.999696237835428,0.6264649555004708
1164,cubic,0.1,0.0583711784755807,1.2944915529334948,-0.3990658639755842,0.1113947046183996
1165,cubic,1.3591512798720211,-0.0210642018893616,-1.5560345368995585,2.714948274630017,0.2358556767679976
1166,cubic,0.805105898305531,-0.158682362450905,-1.7171795244140609,-1.9357556062262715,0.04646977033306
1167,cubic,0.659047763212762,-1.3007370150521331,1.2698233984184126,2.051480049362544,0.4499739996593479
1168,cubic,1.231248945442859,-0.7632827773970998,-0.1165332255771978,1.3594558752122534,0.3641853745919367
1169,cubic,1.847454272974468,-1.1042951901977944,-0.3755631735968614,-1.8587714149215664,0.5440180938989323
1170,cubic,1.5963716326152633,1.8572350234829504,-1.6709009349167068,2.9840329948234903,0.3986695401528324
1171,cubic,0.5427362829761293,-1.4189512411062593,-1.6176058853969186,-1.447751004147853,0.1510373934023871
1172,cubic,-0.7203998815906463,-1.963004273265457,0.4864278485910485,-2.7594268894230902,0.1994845187559076
1173,cubic,-0.6351765243082701,0.0870543404551593,1.6911411191966814,-1.7990564025778233,0.0452978247234198
1174,cubic,1.56511887985201,0.5987032903100076,0.5846497438950644,1.9012491718852669,0.2329231430559163
1175,cubic,-0.5099749717725439,0.6051124456557884,-0.0387677004436284,2.066004187250771,0.2088967358987082
1176,cubic,0.232002216510637,-0.0380380683092349,-0.8023462974981235,-1.1755871834399831,0.0203720997417186
1177,cubic,-0.2555317471992664,-1.4485740850567024,1.946732945196524,1.3221822167751327,0.1798267062206061
1178,cubic,-1.3257357613924294,0.8354561693437641,-0.1587770860397563,2.5137669444363056,0.3304532737524746
1179,cubic,-0.8739634003373213,1.0666067398162808,0.9157600090626072,-1.769278491555796,0.1684170384114544
1180,cubic,-0.7430280879009019,1.041200175658651,0.7767991686218538,2.9223316741611383,0.1254783867953169
1181,cubic,-0.5412227042581566,1.243712057092817,1.295612034469722,0.3972349166305129,0.0749353192490409
1182,cubic,-1.561920105077404,-0.9776097132153212,0.8847364394032562,1.761541070153191,0.5352813129266506
1183,cubic,-1.5387581013162768,-0.8850031440340147,-1.3350519541668455,-1.0797162373653513,0.638876512857362
1184,cubic,-0.1,0.045862083563438,-1.2096566735433498,-2.4619613678607752,0.0499314427906291
1185,cubic,-1.5666548159455085,1.9386723710500235,-0.0012981151229136,-0.9457711728545296,0.6278909364594948
1186,cubic,-1.1539084802333646,0.1267674315148221,-0.969636023244004,-2.9138087575001963,0.4649665392518996
1187,cubic,0.8850919591235904,0.8160467972580365,-1.3993183258116608,2.4436711902915684,0.1067533288718305
1188,cubic,0.8998689784784659,1.996376315190548,1.188474345175817,0.032142018210826,0.5260737023572327
1189,cubic,-1.0493316736592528,-1.4874483479654566,-1.5499481813105884,0.7528691113025392,0.184834101936177
1190,cubic,0.5224732145205171,1.519649410375865,0.4902446319523053,1.6756693783184922,0.2616594334036649
1191,cubic,-1.3672219505082563,-1.9204299735593933,-1.470410316595926,0.3550416321538456,0.4031038022536304
1192,cubic,0.8201824925940904,-0.8420584053462696,1.3418713769055208,2.786232259584154,0.2203096062907153
1193,cubic,1.934698516266828,-1.0213525190234187,0.0438602219185821,1.0037295703861426,0.2317226376897207
1194,cubic,1.2662533178161834,-0.4540691880223435,1.5448416220425818,-0.7310532262072598,0.2902626714295589
1195,cubic,-1.401037904351674,1.4729183472163498,-0.2931949618967624,-1.9402839244521075,0.225198439638275
1196,cubic,0.5741978115202588,0.1645566556191435,-1.3430343033940897,-0.052268088337176,0.0570223192892595
1197,cubic,-1.3695501179611016,1.2352359170811602,-0.2729651522375422,2.4904220383358613,0.2153396173461108
1198,cubic,1.3849212434127662,1.268525592864623,0.9025291612000386,0.8764754528716008,0.6246581525584999
1199,cubic,0.7015446720345637,0.4176391898374287,-0.0027716399717654,-1.4835539913338949,0.1780274683793736
1200,cubic,-0.2994138580411185,-1.405918380643682,1.992405243862268,2.599373126770645,0.248516866013414
1201,cubic,-1.3601412894091038,0.0719604880212863,0.243857304083463,-0.939885929001444,0.1147407632602342
1202,cubic,-0.2798619101115389,-0.0361360598823448,-0.1916883513758409,-0.3658524941579149,0.0497386233865172
1203,cubic,1.6767107652208453,0.599232756291435,1.5005162218844417,-2.0396808043731456,0.7899734548886556
1204,cubic,0.7557797853909944,-1.476395844012225,1.2961487950752262,2.197350703551024,0.2978325103435507
1205,cubic,-0.9810299364190728,-1.5835691658850233,-1.3592641718924314,-0.5587102532657089,0.4936462242779532
1206,cubic,1.5519437227768305,-1.6420802375055017,-1.5689660723815004,2.2365169435628607,0.2912848437996178
1207,cubic,0.6801861272525263,-1.7612165489882297,-0.771080468840128,0.6941008824163042,0.1167739564347429
1208,cubic,-0.6823608512827555,-0.5705388167001728,-1.1747600439269563,-2.548593954821775,0.3451367255266671
1209,cubic,-0.2441865129167109,1.5741312038089372,-0.1933046729182215,1.336277435986286,0.1460706027250554
1210,cubic,0.7597511639243546,1.2716635077150236,0.9477826649248358,1.3393966032141318,0.4544178875383831
1211,cubic,1.1456308885596993,0.2867730541710678,1.404186157325709,-2.4922186555668917,0.5582206586470627
1212,cubic,1.3065253956043468,1.9237535333397495,1.393008405816388,0.7941954835589415,0.2333973400256179
1213,cubic,-0.4582311749777692,-0.4257978427466899,-1.9495297180741185,0.2274121365300558,0.3464734758251499
1214,cubic,-1.7641260897141886,0.3278763195764926,-0.0511152953478357,-2.344298349381771,0.4082155876307012
1215,cubic,-1.1955826621465842,0.26266260397546,0.3797901227042777,-2.244068208025925,0.1540296725683722
1216,cubic,0.4943537433128617,1.3243407942976222,-1.9139217683047232,1.5927750069262023,0.1257717439612284
1217,cubic,1.3556678821540191,0.9836283177017148,-1.8134887167562668,0.36569220515306,0.2337798212066396
1218,cubic,0.7917362994065642,1.978844211816441,-1.6208071588171975,2.18602733670282,0.1630455018106391
1219,cubic,-0.20447986972807,1.930734692846128,-1.4315380931013464,1.851717087540232,0.2485421052951799
1220,cubic,-0.3664393280616531,0.1911491171295343,-1.7257359205382945,1.7425735182285962,0.3107601122989432
1221,cubic,0.7276316113397723,-1.629329210897474,1.6793645047027588,1.3132438088680791,0.1521319921173225
1222,cubic,-1.7171260454147514,0.0144878632833136,1.494663047357928,-2.9810512542028307,0.2840434281336422
1223,cubic,1.1221971619881872,-0.6087358708706025,-0.9198905271265474,0.5337823707003251,0.3512167701319501
1224,cubic,-0.9322102201740048,1.683693994778222,0.6341634516302923,-1.8630993849498263,0.259587848621522
1225,cubic,1.494495949530132,-1.6755634838103504,0.5153167663110665,-0.796395183019758,0.6996140357255002
1226,cubic,0.8010510894425966,-1.533190773245099,-1.079724500174537,1.3927691212482332,0.0952333039256242
1227,cubic,1.3545680428418874,-1.697132161035955,0.204698040692266,0.2920415385240802,0.28440395553079
1228,cubic,-1.0206616953846734,-0.4263169691626287,1.6267402172195324,2.3210469699183784,0.0610745990599632
1229,cubic,-1.198561584077619,0.0198604300701719,-0.7257896804463817,1.934587456815045,0.1507707985025834
1230,cubic,1.1773902395477158,-1.258873343103931,1.5323369301377427,2.0686045991112216,0.5419044454696472
1231,cubic,1.2786883552880473,-0.727286637054994,-1.672057842180143,-2.161807257442689,0.1662507457028985
1232,cubic,0.7051277935910698,0.4832116687840666,-0.7259857174902682,-2.288514487085485,0.1402554396960357
1233,cubic,-0.5130018615390002,-0.6505743293609676,-1.886905942512488,-2.655629646267411,0.4229634945695055
1234,cubic,1.9770264863427287,-1.184472657658056,-1.9586461412535248,2.665707552628488,0.3226385653847748
1235,cubic,1.838218375501838,1.459736688481418,1.7105392661389982,1.2379852943267826,0.3457871106088612
1236,cubic,1.915118788300824,-1.5834122163054882,-0.9120285802124856,0.282078724087146,0.6114500574652703
1237,cubic,0.5204440982042566,0.5014015943510564,-1.403929148058073,0.409906429264991,0.0543236420037766
1238,cubic,0.138182260454502,-1.4757124025123205,0.4547885720667479,2.9935462693504498,0.1597692520515043
1239,cubic,-1.9177785403874767,0.4101872517964944,-0.8976952240789315,-0.1766188503536345,0.4852118219379196
1240,cubic,1.7211431412621463,1.21168904968644,-1.3989590575594817,-2.7180469636358877,0.4412283914150746
1241,cubic,1.3812152487124665,1.2077155763964529,-1.575587480815659,2.0809829587303046,0.3353129232806465
1242,cubic,-1.9768239207874945,-1.0220566265093955,0.6318958518415809,-0.3703707963771521,0.2126007045494539
1243,cubic,0.3234846408937959,-0.7362805933483152,-1.2700576926652127,-1.986284061712768,0.0427216917259179
1244,cubic,0.8092497120414746,1.2046262992765882,-0.3588347941195708,-0.9195594801514932,0.142612722332571
1245,cubic,0.6432556527814914,-1.611759788748818,1.2345893746208887,-1.4993594293043817,0.4521780517173629
1246,cubic,0.47546815835946,-0.1168870313393388,0.6214418566630369,1.4614616629606283,0.1848204395918706
1247,cubic,0.2469596219380525,0.9986294309348068,0.9418125286783714,1.3493147869088036,0.2126066930705945
1248,cubic,0.2718894741685185,-0.6348499473017664,0.5853613669302291,0.8922403621362269,0.0792234430656776
1249,cubic,-0.5021821695311921,1.3055575162487565,-0.147973653977969,-0.0044334060602055,0.200758229048975
1250,cubic,-1.0358191872540703,-1.4149899334060283,1.042767512753274,1.2864111898745092,0.1261827256959865
1251,cubic,-0.4462690079670985,-1.4620232186730688,-0.5492399950526323,-0.5988042287301862,0.0934173258897399
1252,cubic,-0.5140739637851031,-1.002124122548553,-0.0029166833870144,-2.197696659140676,0.1854562649286337
1253,cubic,-1.2257354053693228,1.9183114003443984,-0.3847446834112427,-0.9884231253466648,0.2021012857029957
1254,cubic,-0.6352212706673899,-1.796777540952084,1.7808284450585772,-2.1492048719432963,0.1600857772264523
1255,cubic,-1.8591030441176557,0.1438892400188858,-0.9919669354672944,0.6315245582430142,0.4136571776267502
1256,cubic,0.839309241699723,-0.3494749398534642,1.5697238965315048,2.748771109250759,0.440825030350652
1257,cubic,1.5509856120094576,-1.3487187440464834,-1.2687611275705502,0.0740582739623394,0.2392847239304899
1258,cubic,-0.9298549983243388,-1.7701627349343636,-0.5864791723479716,-1.7968274603929442,0.1574748179537474
1259,cubic,-0.9368551522830622,0.8397704547321578,-0.7299947184250093,2.0974883611553725,0.319682580564443
1260,cubic,-1.9770492387865373,-1.9221574428067052,1.9136104463862584,0.3590276197376658,0.3764515105586132
1261,cubic,-0.3856517086207454,0.1776099740600325,-1.110150717069872,2.050732571117263,0.2264577206101242
1262,cubic,0.8079729803689926,-1.8440441599282629,0.8016524798690998,-1.1773461327450696,0.20716318497603
1263,cubic,1.962370955820841,-1.5103608796731538,0.7320235283708296,-0.204048050593637,0.5690694616069689
1264,cubic,-0.1514595120251831,-0.6333077615578429,1.7847353010096207,-1.4828529351141069,0.1033000180792132
1265,cubic,-0.6810178510146003,-0.4271527601583074,0.3325272553032192,-1.3529970534649445,0.1549029910910267
1266,cubic,-1.151877357154603,1.570695073610516,-0.9353515414474272,2.846539090613532,0.3657812263615223
1267,cubic,0.1,1.7573582913914834,-0.5352769556774035,-2.755505438997039,0.2060972424671766
1268,cubic,-0.1,-0.2847481075334959,1.3351645205229454,0.4769353377048846,0.097908778402518
1269,cubic,-0.2403866536069219,0.0016648927804205,-0.3977303707752546,1.1069613740851825,0.0460665505151813
1270,cubic,1.1419249246902234,0.1285782460434972,0.9993847524530453,-0.8159413183700517,0.5403743451954482
1271,cubic,0.5628279403183192,-1.6666913866833055,0.8445185589442961,2.277092247635553,0.3460445604608447
1272,cubic,-0.642879335537136,0.4155077260231361,-1.593923256564025,-2.4332246990172157,0.1172466098468846
1273,cubic,0.8038537172065814,1.3990472160718292,-0.4948070589395152,-2.154566833215669,0.1730322082250376
1274,cubic,1.092254941011273,-1.9773035665615664,0.5144404276352228,0.9160678601943576,0.4606170731021307
1275,cubic,-0.6015016408598943,-1.0402206042216164,1.711979607182958,2.566970879824872,0.1049745627237533
1276,cubic,-0.1,-1.541558912615718,0.5878144534174652,-0.6547472985133975,0.1832198143149803
1277,cubic,1.8608285836367275,1.0117600949077596,-1.6444531176326755,-0.3772885162864865,0.5714095075944278
1278,cubic,1.0261800950353115,1.6628555970699068,0.202571634512878,-1.1407209099944522,0.1194320042976829
1279,cubic,0.1952254906794031,1.6801436142318873,1.0413657393307272,0.8854000521325123,0.1466968087034633
1280,cubic,0.5515159872982238,0.3794392681133791,1.434454288598677,-1.1109739965284116,0.1236981504956935
1281,cubic,1.4533273579934716,-0.1719330362517959,-1.7617164430514165,-2.599763757841262,0.2613724341219289
1282,cubic,0.359708562100888,-1.2963550593579334,0.2329283363377823,0.994914069950104,0.1058654927800391
1283,cubic,1.7072542372251114,0.261419163701893,-0.913875232111284,2.393151698930964,0.1717505310372034
1284,cubic,1.4614887028484786,1.2830373075205217,0.9790274241904684,-2.955543588387254,0.6478491234793149
1285,cubic,-0.4494653092333913,-0.1897499631657058,1.236156966677775,-0.364291669583034,0.0441510269111365
1286,cubic,-0.3205024334935178,-0.5153691835897276,1.0173414255360425,0.7819539610161579,0.0426382129549935
1287,cubic,-0.4769987023315876,-1.1674550552120246,0.6065849373116592,-2.325815910503536,0.1161024627230934
1288,cubic,-0.5231008890332727,0.8103125570104219,0.7681360968525834,-1.091001423816348,0.103522310039367
1289,cubic,-0.5735121527199087,1.8639229700750743,-1.2990330628517697,-1.180261732038794,0.4675209053321506
1290,cubic,1.396891432093594,1.466782795553688,0.8725100271323627,-2.1455751197108386,0.168101821773546
1291,cubic,1.0944610048374592,-0.8657018771917513,-1.9389104034890643,2.808996926872667,0.202336958688639
1292,cubic,1.339918119601629,1.3904449064620872,-0.3824416750803023,-1.1903302479121964,0.3212196242776998
1293,cubic,-0.4313723574423136,-0.8144076741958886,-0.3668380201662287,-2.7556726283086084,0.0622380665925942
1294,cubic,-1.7536577754786815,-1.876367744777565,-1.364797519478666,1.597738852114175,0.3298371653328685
1295,cubic,1.1800234179797933,-1.7934495658321508,-0.5576752519222494,-2.9113143138160487,0.3735424665675403
1296,cubic,-0.23269660073688,-1.8181613936386207,-0.1245304195054326,-0.2155261396214602,0.0968677035863224
1297,cubic,-0.7827609180647843,-0.0362759590557582,0.1180430597206494,-1.1541207153870092,0.2368810377474082
1298,cubic,-1.6923010030608272,1.962048643521927,-1.4250496913215374,-0.7021296232894421,0.3487808665372109
1299,cubic,-0.1531842479996235,-0.2016012627518737,1.2958837760136586,-2.839083278557353,0.1026355461054174
1300,cubic,0.9278062562860896,-1.483395411965907,-1.177577893016136,0.0030348575320067,0.2555084754749859
1301,cubic,0.7698186071966511,-1.9127743975767189,1.8831392714362736,-0.8982869385199761,0.1239906444063782
1302,cubic,-1.6712369471131143,1.1254879468734615,-0.6045966921044115,2.8499948725867474,0.3092373827467704
1303,cubic,-0.9229215544837092,0.6227973604560777,0.9409045803477044,-2.295500223095565,0.1274310739503615
1304,cubic,0.4109584962657853,0.4218212928807783,-1.820911562250628,0.5636115108024797,0.0377186869847844
1305,cubic,0.1622646584518352,0.7047584974101482,-0.1760352917930574,2.569025038643197,0.102052510181345
1306,cubic,-1.60625992429063,-1.0697883512765922,-1.1392339681990251,2.517907900648797,0.3819446987369252
1307,cubic,0.8890721449084156,-0.5054011195980213,-0.1835696744498984,-2.38874160889471,0.2390099519036987
1308,cubic,0.7536157111779871,-0.4619969349708435,0.6697568512395291,-2.414182070334621,0.368219178636915
1309,cubic,1.655648161516833,-1.136157525668617,-1.3393532208359007,2.982346974383168,0.1982717289246249
1310,cubic,0.5395479178094553,1.3722252023128283,1.6237781167260397,2.5811119859309253,0.3668293138094515
1311,cubic,-1.650387701283877,1.423024348518395,-0.3305255728946212,-0.3484647277522938,0.5912372058783458
1312,cubic,-0.1997480992860398,0.7286481293696112,1.1853101728337792,-0.9038085699898096,0.1202152615398863
1313,cubic,0.5650858493465667,1.637845119060754,0.2208077015999321,-0.8272710102991452,0.2880061529050747
1314,cubic,1.9473987688083905,-1.0817694724157771,-0.4082523597647212,1.559301369574734,0.5764009006565721
1315,cubic,-0.8280309855008077,0.5342760636165003,-1.8749940355565369,2.7959372001077565,0.5241329656194481
1316,cubic,0.9714454540277756,0.1626266706549586,1.275782608482812,0.8481733077414804,0.1631744653463929
1317,cubic,-1.090370921060861,-0.7351601307881954,1.0185107237575064,-0.5348764217584332,0.2652064661843367
1318,cubic,-0.3357167407907173,0.7185073865624481,0.2999094240482223,0.0642668003873239,0.1033471749732688
1319,cubic,-1.8327832905447197,-1.6194377554385282,-1.9798686847515523,-1.037460123564358,0.4480352380896893
1320,cubic,-1.3264027319494125,0.659105012008927,-0.0364758481572056,-2.716475905144457,0.4513319453914949
1321,cubic,0.345799059907999,0.1017355620595781,1.2475087114524128,-1.8779722421601817,0.2491160366763927
1322,cubic,0.8454421777705292,-1.86639833717199,1.524289680750181,1.7361307805602824,0.4920642546350721
1323,cubic,1.5729944983794897,-1.4318261655522724,-1.2440573824254035,1.0070451172204835,0.4366991101849419
1324,cubic,0.1546329784087019,0.6619457323720983,-0.5536196569413092,0.0044354656837848,0.0429250604638531
1325,cubic,-1.3726601564542027,1.265838044265557,0.562738118565028,2.6219369578173986,0.3803501207845262
1326,cubic,0.6714459119500078,-0.1135991171569354,-0.0512386937556592,1.839622197567465,0.1113020804519654
1327,cubic,-1.0879855838431074,1.561983095859008,1.195388063518228,-0.0380165193468369,0.2100041432133223
1328,cubic,1.2990645052802146,1.361734075241816,-1.617461429640299,1.213061137089673,0.298763246563062
1329,cubic,-1.7556668339365489,1.0517683221970833,-1.8856312301396527,-0.3238720324071367,0.9023093281778368
1330,cubic,-1.606974357811997,0.5729138683607329,-0.0610284476380225,-1.218728189717424,0.2674831200922798
1331,cubic,1.481185368278665,-0.0981975789430613,-0.2701581680423612,-1.5771445889451503,0.3570390630223437
1332,cubic,-0.8147548485141516,-1.3728092073255875,0.7820759875762247,-2.9655050128400062,0.3036460249096961
1333,cubic,-0.5178308589851262,-1.1606544917205337,-1.7620515781070836,-2.1062507416673584,0.2204939470528046
1334,cubic,0.2860611534256194,1.6361181135792826,0.8768252561528769,-2.4204905310207723,0.2233779028776004
1335,cubic,-0.2666684212464227,1.509620350617896,1.1665018700487275,1.8286311950949,0.140462262145447
1336,cubic,-0.7926015788065617,-0.2229051176599736,1.4542485545209036,2.387879414034458,0.1595614126378546
1337,cubic,1.2150389715366985,0.8472721374298176,-1.4396406530875754,2.5589501563086268,0.3065812654598402
1338,cubic,-1.6873034031413967,0.1743309938493702,-1.7836485084922882,-2.5758233640106054,0.523826299178823
1339,cubic,0.4398423812024381,1.16171862405229,-1.5413884088855865,2.4099145184101864,0.0974657915627487
1340,cubic,-1.797612741846189,-1.1269863128283504,-1.3196236441193885,0.1624048182147439,0.2359456894148489
1341,cubic,-1.6706407724015686,1.6250373548240016,-1.2219135019158558,-1.8653566599352127,0.3020795741285138
1342,cubic,-1.5243602656164987,1.466906370932899,-0.9564035356589452,2.977164950057517,0.3835591559935255
1343,cubic,-0.4202226603678336,1.697858880605756,-1.8561221615221144,1.0601472130786096,0.3849414194972979
1344,cubic,1.0352747914733669,0.1887745948589336,0.1131014104967986,-1.9960353507202977,0.2388356324571389
1345,cubic,-1.9065783420119669,-1.9999230419336849,1.2689941760756978,-0.1473530489414019,0.1749149908961577
1346,cubic,-0.1714041431427491,0.6227427936159176,0.4700848612991346,-2.9313903674464434,0.0919622805138652
1347,cubic,0.3497104081225348,0.562678511659239,-1.2429692040583968,-0.0383408231282622,0.0704822534163521
1348,cubic,-1.2080612258673875,-1.9469383393119155,1.3260971322389103,0.9796369998461064,0.3515138038766103
1349,cubic,-0.8536435948307028,1.3643379520976442,0.3060751244728279,-1.2993120126822604,0.1681904105773693
1350,cubic,-0.7293644706827167,-0.2186877266880564,1.2477595154371994,-0.1858435974424277,0.1597570709186724
1351,cubic,-1.3740963388488203,-1.98572510545889,-0.2507587917075833,1.4000409801602878,0.1668649363262083
1352,cubic,-0.2437135047625753,1.3838923675687722,0.1933771425035884,-2.666478235035973,0.163685485164184
1353,cubic,-1.741807985361898,-1.524443580140244,0.6460271146514813,0.1871258973203851,0.5715200501090276
1354,cubic,-0.8203404676933763,-0.74082315262583,-1.1607410743466051,2.9023017691383863,0.1022886424382555
1355,cubic,-1.003752897523703,1.169675238144126,1.4639622163780266,2.01769506665163,0.0707828810709623
1356,cubic,-1.3695023170715903,-0.546591861416303,1.2602067553809784,-2.210100133928264,0.292766637002937
1357,cubic,1.3691762388748656,-0.0740412258452605,1.3850831167533155,0.047010010910514,0.590401080286036
1358,cubic,0.2569739509481508,-1.185942987865935,-0.0343867154972405,2.275488152657524,0.1465309457234335
1359,cubic,-1.4510459055495897,0.4334912728486753,0.9635290477162596,-0.7581835008993583,0.3783306104494855
1360,cubic,-1.0358388609368436,1.915196634925924,-0.0016776320131133,0.1375427835875862,0.4616689873208717
1361,cubic,-1.8064569913445292,-0.5836357414150757,0.992019625922778,-2.3740388388541978,0.4739678655954427
1362,cubic,1.3607637189651047,0.8215476731343712,1.109595975453244,0.5944271961564693,0.2019894307025593
1363,cubic,-0.7138996184762778,0.0646485867452497,1.716836332013837,-1.6351439106820262,0.072678766332251
1364,cubic,-1.6933303366936725,0.9549852593956838,-1.0910620356426008,-1.8933166621537292,0.169418920559453
1365,cubic,0.7570552308643403,-0.0925342036685181,-0.8983806978639719,-2.180509082528289,0.0465817265328803
1366,cubic,1.642930277240318,1.4512745006378087,1.685476533973822,2.8800687017325863,0.397746105156127
1367,cubic,0.1,-1.3633228178340624,0.4199151403557342,-1.140211618061585,0.0860009774826221
1368,cubic,0.5779934868560339,0.9043715234215886,-0.3668152519225023,1.7052583879577554,0.0742771477466228
1369,cubic,1.1391668724574329,-1.7835849838466076,1.252477003731861,1.8642130364667613,0.2521007040872435
1370,cubic,1.8504534826917096,0.4404594415016172,-1.0729859855279522,-2.44410335521434,0.5535952243962654
1371,cubic,-0.4443156066733262,1.7852840814397195,0.552476852773085,1.6821815263426672,0.0646296504837805
1372,cubic,-1.4758965890193911,-0.144761847883692,-0.1860545834637257,-0.5283800442595954,0.4675525682039621
1373,cubic,1.2945291723632253,-1.285389071490305,0.5060043260737475,2.194293950610668,0.5115792015227768
1374,cubic,1.8092260347258355,-0.0326883568803642,-1.6131855106013315,1.8004260438587325,0.3817631902197753
1375,cubic,-1.124658029376388,-1.142055483202621,-1.8833102864128288,-2.0751752216778536,0.3274791391377015
1376,cubic,-1.2862970728067291,0.2768852548835618,1.574854516836353,-0.7188262095351199,0.3213665172874737
1377,cubic,0.7246383187916159,-0.7980355926853231,-0.4650885030260849,1.6622306646480078,0.1440551665890594
1378,cubic,1.439050175435742,-0.7281368686070828,1.4823068555288668,1.0902871794197777,0.5582170131236471
1379,cubic,-1.0910799106010454,1.5150150112361005,1.665759511895298,-2.5634039205719814,0.2227538663883798
1380,cubic,1.4087075333508765,-1.0466166969523698,-0.996833333018266,-2.955960518360687,0.153475871089965
1381,cubic,0.4891544345834,0.7011048645970668,-0.9355807374890532,1.8644063281907144,0.0905809677846859
1382,cubic,0.2516450449546421,-1.3273923498346285,1.502885738273506,0.5755273920286319,0.2110234650846386
1383,cubic,1.2169410859594292,-1.8748542093342715,-1.7720556480021328,1.697261084860167,0.0815467979938857
1384,cubic,-1.5539509764823496,0.966617217473702,0.51489434800463,-2.6409211035728117,0.2508237915679377
1385,cubic,-1.847645468680068,1.9968458082910447,-0.7984319897918981,-1.2759308355863244,0.5682444458966878
1386,cubic,0.2676703219315723,1.8098885935315407,1.7027701227787415,-1.7069949034120642,0.1448334488154628
1387,cubic,0.5418182275671932,0.8614622183763809,1.2878244581194598,-2.3925977125864835,0.0794123356747838
1388,cubic,1.275275456085757,0.8292003028196611,1.4527266931191165,-0.772904500080573,0.5233167802016296
1389,cubic,0.2968001204984052,1.6340687314042484,0.02461027648605,1.0531959594171705,0.2019887972814969
1390,cubic,-0.7880187029518333,0.9255463422000644,-1.8314333403420968,-2.2301162394330127,0.2492675926468091
1391,cubic,0.2777757500059294,-1.1518273211162475,-0.3466837872182586,-2.5974510424487587,0.1047359700864472
1392,cubic,-1.979751332806102,-1.7097954782018985,0.4970625458471311,-1.8447025536722417,0.5815279791041387
1393,cubic,-1.5024747920258892,-0.9665687599807438,1.311655992317621,2.484007849561092,0.4579850174894056
1394,cubic,0.94363125347988,0.4663891573863612,-1.124004857594557,-1.1121139490053755,0.2513546450947662
1395,cubic,-1.0870179500872048,0.545509564748055,0.5663320985169533,-0.768681699656133,0.1590053654933022
1396,cubic,0.2014218013288271,1.08190952385823,0.2536093590430077,0.4159870843934565,0.1693478007912046
1397,cubic,-1.9584962165499715,-1.3541458058386486,-0.7898345656171775,-1.2346419886283908,0.2497213336423824
1398,cubic,-0.1,-1.46057092483968,0.6246465960333167,2.61607387662629,0.0562977354806978
1399,cubic,-1.72388169846023,0.8135496153517474,-1.381609103058346,1.0621947188215597,0.2583939141832457
1400,cubic,1.7763237551455608,1.6973407073919349,-1.3172654728239488,-2.6375191356325214,0.526719493148174
1401,cubic,1.7344757643154542,-0.0953322711478694,0.0113571485372387,-1.0570613978299477,0.28878649825361
1402,cubic,1.4093120452804504,-0.4319469973710288,1.3967558038523582,-1.8995090164767088,0.2644303660581045
1403,cubic,1.4535289442841242,-1.1441163045238565,1.684678604939434,0.401075766108284,0.4100861727597572
1404,cubic,-0.7859009879203525,-1.8736091952041345,-0.0499935036483996,-1.071874886952593,0.1163228829403619
1405,cubic,0.6915569222869027,0.1090856203332251,-1.7602425314363883,-1.2597937524250398,0.0511228495838576
1406,cubic,-0.2745529301612786,-1.0373772152998075,1.2754550923813808,-1.6802649945164676,0.1425362715695688
1407,cubic,0.4713856833074401,0.2287898999086781,0.5261022857868829,2.8086444194717606,0.2532386284904557
1408,cubic,0.746333413177549,-1.5285356557170142,-0.6516931322303368,-2.708647725006445,0.2266887884359534
1409,cubic,-1.7136591425872667,-1.151395374565793,-1.87555585702048,2.2075056881350523,0.6998833521492107
1410,cubic,1.3540285302380632,1.621174338683828,1.0302158493773872,-2.0105673687144945,0.344294345066049
1411,cubic,1.1133253159333791,0.5998656905788304,0.2984265363412675,-0.3877697071466359,0.3072098138884471
1412,cubic,1.9832258626883377,-1.836090764968965,-1.0203222613542646,0.5864444903013872,0.3859348802747261
1413,cubic,-0.1453795136706137,-0.4041274949426254,0.8586195076405718,0.6712798895492664,0.0756149364831406
1414,cubic,0.1,1.00166362368577,-0.9216056099001269,1.3322340059331044,0.0943203473936443
1415,cubic,1.3513656144325945,-1.425668727703984,-1.4355911037662723,0.7702687479703543,0.1868441215641261
1416,cubic,-1.8225379994647484,-1.9847562231901328,-1.9168060423109377,-0.2885582404837157,0.6997190918169599
1417,cubic,-1.8318101673912184,-1.7341106797465793,0.8670067892800741,0.8110089770803457,0.5059082919681434
1418,cubic,-1.9354079831306548,-1.299177163280222,-1.7989373315613446,2.0820874154950726,0.4353124068974094
1419,cubic,0.7451013341846737,-1.9579157569569423,1.6311349821133567,-0.7922194773740854,0.2755341824937062
1420,cubic,1.024606139309295,1.791004725610983,-1.0442609367333398,0.4037458181536033,0.0904375654873574
1421,cubic,-0.1,-0.918299088282271,-1.9738085655886937,0.4080620955204073,0.2715415848347086
1422,cubic,0.9090438120000952,1.3174399316000338,-1.5026860760682377,1.5654933304820506,0.1276187311570409
1423,cubic,-0.4587449846094737,0.7207029746807989,1.850216932481688,0.9591717642030836,0.0758105414873017
1424,cubic,-1.560253908927853,-0.0864121868689484,0.7300861187446603,-0.0945053309295049,0.2548299500280707
1425,cubic,-1.4369954474562707,1.6473647766484762,1.4549986589847834,0.7106053157479151,0.392638063102912
1426,cubic,1.9499675573962636,0.8867173313421879,1.3017643273427666,2.658999355499021,0.2188761085999138
1427,cubic,1.3223660874464565,0.5840259032986346,0.450866860466474,-1.5235317653607132,0.4075566958422105
1428,cubic,-1.1961465952087185,0.1490719076898949,-1.7487336016447008,-0.4556829822978017,0.4044462790805877
1429,cubic,-1.5425412346006078,-0.924170580426602,1.3977659301051832,1.1545900067845212,0.4561316130888592
1430,cubic,-0.6944843761615984,-1.264441972414708,-1.554181858357416,2.019754471938069,0.1248863669515807
1431,cubic,0.5199280160441027,-0.485265738793903,-1.6773201781783262,-2.599086523927574,0.0435232255156817
1432,cubic,1.646006944264982,-1.139844875221657,-1.870775942821368,-1.4026374126927252,0.2788289565018409
1433,cubic,-0.2103065422036749,1.63608861707316,1.2767148123474148,-2.327494001225972,0.1725146512379309
1434,cubic,0.345527985108307,-1.751940186374143,-0.4678357629067564,1.7551077812423213,0.2424865882294754
1435,cubic,-1.7790686740363957,-1.741502084715806,-1.6371341972724296,-1.8981448766660771,0.9201017846102928
1436,cubic,1.863907019948977,-0.380832965251296,0.6314850791124611,-2.237304531591892,0.3095631314521238
1437,cubic,1.410565450243542,-0.0423888653690194,1.7413759592382063,2.733254376684692,0.1739577710919889
1438,cubic,0.4255641495761328,-1.8518936331984093,-1.0466692773088244,-1.1965462008061662,0.2562590689989393
1439,cubic,1.6271411367310402,-0.8260543519691961,1.7251326982430153,0.6478935632290765,0.5260181778061506
1440,cubic,1.560225450482308,-0.4618859918028488,0.0189098232292983,2.1755546530254835,0.5103482650152146
1441,cubic,1.38547797329371,-0.5501104888873227,1.2588932917054452,-0.1566008157133303,0.1822240261874734
1442,cubic,-0.3361809844160293,-1.716848096404826,0.8223191813791493,1.3299657845408586,0.0957134041071312
1443,cubic,-0.1,0.7027240872082623,-0.3527048296902504,-1.0506769595226888,0.0347880981570902
1444,cubic,1.7696257438646177,-0.9791911990971344,1.3398447820333974,2.3811337698763264,0.6941219425898874
1445,cubic,1.3630504099382472,-0.6845171951631093,-1.228939470342358,-2.934328093391202,0.2912154538814507
1446,cubic,-1.1833644361428877,-0.0848669672198836,1.1647119949872224,2.069567082000381,0.0694613325457608
1447,cubic,0.1,-1.888044198699268,-1.7822924140910268,-0.7731361607521334,0.3011314963252001
1448,cubic,0.2495151909227289,-1.3321301760681692,0.5534311639568763,-2.733954464467342,0.2014543546816121
1449,cubic,0.6117806868779989,1.7630263663097143,-0.0318723467766286,-2.5357112178971084,0.2039627972163015
1450,cubic,-1.5638520999611587,0.7911951677140108,-1.367993645451957,-2.071225232497035,0.5380083773252216
1451,cubic,1.124482102288551,0.194610143770928,0.5488289912946174,2.595014641663024,0.1035493130571996
1452,cubic,-0.8880042032048494,-0.6568622211708419,-1.075847084242369,-0.0121757196922103,0.4690016818710205
1453,cubic,0.9849411805327491,1.7929875944088898,-0.6418975959267867,0.2096965098797647,0.1879901419013573
1454,cubic,1.1475303618606905,-1.7450231897817647,1.2375889413837595,1.550277245950963,0.4102236104732869
1455,cubic,0.708173231159082,-0.6839359683843562,-0.6976286520729738,-0.2717085834352222,0.0893257696260729
1456,cubic,0.1259437004092451,0.6748012485214816,1.6565852318205452,0.8648179246686603,0.1871910007102487
1457,cubic,-1.3489124943757913,-0.8024476019609632,1.4495092217234444,0.9972152686391912,0.2495552372220951
1458,cubic,0.6362868504252046,-1.5414103112702793,1.7697204382166656,0.9656061507218014,0.4664731266964605
1459,cubic,-0.1406056723847721,-1.1082331929268832,-1.892311205769388,0.2372581446320492,0.2407118554217052
1460,cubic,0.7280599067494031,-0.2295378842251292,1.0951202515097544,-1.1586884328180649,0.2497645496188116
1461,cubic,-1.844364478715025,0.483283476195131,0.4258772776064683,-1.072531276281549,0.6363473296661816
1462,cubic,-1.5350850336119422,-1.6557739887346372,1.2137487296860665,-2.531602468261929,0.217760413831963
1463,cubic,1.969205282729,-0.1208819005006351,0.4769889502822062,0.0594341211830831,0.3451265311008283
1464,cubic,-1.3545727679531976,0.0137567262390789,-0.7289238066845294,-2.6114746212389823,0.6277486215704943
1465,cubic,-1.296871148828759,-0.7316070414995011,0.3527093260343599,2.997966120937388,0.4109329637492305
1466,cubic,1.28164032566595,-0.5432574902596063,1.711066238378237,-0.7815498337883389,0.2070448030218688
1467,cubic,-1.0749435614317058,0.6304641748539637,-0.3768624678007914,1.110056364897866,0.3546982146601293
1468,cubic,-1.195517250004153,-1.4387913767983949,-1.7440133424251574,-1.083140112100209,0.5974682726050523
1469,cubic,-1.0825261430020925,0.2385808052828522,-0.3973766143966801,2.3810479096766954,0.4540251836157714
1470,cubic,0.3819773337190013,-1.023643017220654,-1.8254494874094909,2.1361308591184223,0.1087088434818804
1471,cubic,-1.7818986089840614,1.2126358963336372,1.4605270052491015,-1.555831462109842,0.4298799196715128
1472,cubic,0.3853526455657614,-1.9795499475318388,0.3005907786694983,-0.7290447621971969,0.2407317748078519
1473,cubic,0.6092870220109554,-1.3266335800475688,1.907232484721044,0.4833242992438165,0.210571530444581
1474,cubic,1.9348089842854288,1.665182114827103,1.822643764979627,-2.6258156190216253,0.4244535634486306
1475,cubic,0.4733502178396409,0.4028351242437407,-0.2486225879663628,-1.2345350814360554,0.0430858278094295
1476,cubic,1.989264048627413,0.977226962409648,1.4597152832199731,0.0158130141348906,0.4894376088900606
1477,cubic,0.6540855021751968,1.6413054865696206,1.1235947203310328,1.9556467187907411,0.1891484102705876
1478,cubic,0.3967827182376862,1.6980074609872715,1.4751272723852673,-1.4317512518662563,0.3800695062219658
1479,cubic,0.9994349988312644,0.2193453176384365,1.191244592165584,1.4631236684944993,0.5380381314186635
1480,cubic,-0.3473891256166412,1.504019211805097,-1.3243871783057486,1.62933331534113,0.3054483338278043
1481,cubic,1.4337037254729776,-0.8902238078655178,0.8788715549966915,-2.4371991720237807,0.6524106101490352
1482,cubic,-1.745441034074667,1.409834399889807,1.27805438301012,-2.54024602702812,0.1848978265425678
1483,cubic,0.1594907612861194,-0.9622060956224332,1.9399229630466723,-0.3863740401457294,0.3092948760207173
1484,cubic,-0.3317881161347475,-1.216607381216721,-1.3205605420497606,1.2905324621003649,0.0769130643321812
1485,cubic,1.0788174371876087,-1.9523736320031668,-0.9244685654995002,0.1865141020319263,0.249812332105829
1486,cubic,1.016551275598971,0.0922052821309433,-1.4016672980984333,2.5298788242242694,0.0731062725089401
1487,cubic,-1.96271572072206,0.0607005000390055,1.90258761499416,2.1506725716011745,0.2197979954662724
1488,cubic,-1.409165344250424,-0.3006909303055556,-1.0583177277340674,2.0696086168703847,0.5545588355338019
1489,cubic,1.2603126816336925,0.3362830925595403,-1.923862996298015,1.64525855714548,0.0836855386419829
1490,cubic,-1.0800090394641333,-0.1663666415631635,-1.0164380837700082,1.8434983491447523,0.3817216001078946
1491,cubic,-1.737869583357798,0.7746035892841885,-1.1498871099023198,-1.472876305284845,0.1892246528095248
1492,cubic,1.2709770567184506,-1.6864941143031582,0.0538401169710258,-1.3986820225456214,0.1284683482619505
1493,cubic,1.857755910387816,-1.729436517617858,0.3438053617941974,-1.8381169717165264,0.4116694066097767
1494,cubic,0.2279110665338994,-1.5217999237050193,-1.7761289061082892,2.9176948243993213,0.0903026176819058
1495,cubic,-0.674805368914781,1.7972533169986675,1.3619335106458736,-1.0981922047001913,0.1487913768836972
1496,cubic,-1.4918605698986922,0.9313097588157278,0.1723584742508865,-1.4121227353765358,0.375913784049761
1497,cubic,-1.703953656649455,-0.3615578419849883,0.1565543806342044,2.7937727839956787,0.4485988565840161
1498,cubic,0.885200475806867,-0.6628068944019359,-0.0396062937770902,0.8394902410632499,0.3460622966511297
1499,cubic,0.970161512351785,-1.6249805660801586,1.914427336918715,2.690242644024204,0.599947663991674
1500,cubic,-0.1,0.4337287442460393,1.7071445206963023,-0.4907264861514058,0.072241889809286
1501,exponential,-1.3525719436342745,1.8415138803654392,1.338516166461659,0.0,1.160852558972282
1502,exponential,-0.3783959672659058,0.848174437153427,2.9281006105220597,0.0,0.0202548065872179
1503,exponential,-1.3156707571820014,-1.1401838497817276,1.6113087778480848,0.0,0.1308588933715384
1504,exponential,0.1,-2.896581181440422,-2.7152928639218423,0.0,0.5965354345030719
1505,exponential,1.1502220811688195,-0.5604907193696134,2.7196217072591,0.0,0.0989061317984641
1506,exponential,1.4433554542589864,-2.3429626835069826,-1.5192211826190647,0.0,2.415128575776625
1507,exponential,1.461759967890595,-2.053723556981052,0.6155112657448623,0.0,2.2147562511944727
1508,exponential,-1.6305490652035737,-2.534622134955642,1.8952151604596272,0.0,3.798009307939944
1509,exponential,-1.0439398758329372,0.6020573008822994,-2.13888422730896,0.0,0.0799211447386983
1510,exponential,1.6965738986170975,-2.000330545719323,0.3914311102312986,0.0,2.624507937599208
1511,exponential,1.14056543676294,-0.7826340591325964,-2.3700876998126037,0.0,0.0792143617182919
1512,exponential,1.0924913980090052,-1.2879422500622475,2.3151686044186484,0.0,0.4028334396091947
1513,exponential,-1.0021545376237473,0.8505245477196803,-1.0732370066899568,0.0,0.0943442425234764
1514,exponential,-1.8071509749997867,2.6768832263984628,0.4101652809559422,0.0,5.890009799478962
1515,exponential,0.4746298695382003,-1.693577935160124,1.939073692961557,0.0,0.1215655363721349
1516,exponential,-0.9630412220203736,1.5575522145111007,-1.3200961263807731,0.0,0.3875940683118856
1517,exponential,-1.7062858868105293,2.185553899541369,0.2327466294427513,0.0,2.168558840501194
1518,exponential,-0.4083046412458055,2.1954238276010667,-0.8514364185729084,0.0,0.5476413249614499
1519,exponential,-0.8667312794897417,-2.875120015736564,-0.149343434766505,0.0,5.83302469733774
1520,exponential,-1.5315448469312067,-2.3107593436919918,-2.213215570141826,0.0,3.860674667191785
1521,exponential,-0.2478446086194297,-2.4738348469182463,-0.075799353151452,0.0,0.91885839405147
1522,exponential,1.3084732439429665,-0.3,2.8243216295111377,0.0,0.0358967099152325
1523,exponential,-1.4371085438706095,-1.0769938256767753,2.213500001034924,0.0,0.3211759010879832
1524,exponential,0.9275062522641436,2.641296967390172,-0.1781835586489584,0.0,1.7444220087181057
1525,exponential,1.0454499713135168,0.3,0.1223538444993472,0.0,0.0148958992802714
1526,exponential,-0.1,-1.6688155115684844,-0.5856794390567917,0.0,0.0485882514561922
1527,exponential,-0.3694013832315166,0.3,1.992009426579938,0.0,0.0136024594633335
1528,exponential,1.1726878663021618,-0.3,2.541616018576072,0.0,0.0293205371060197
1529,exponential,-0.1,-0.3,1.8630806077394373,0.0,0.001897407078738
1530,exponential,-0.625676046626122,-0.5161845680381356,-1.7294238113479927,0.0,0.0264661269868947
1531,exponential,1.3522321748498825,-1.7254205515823018,-0.2529332619364988,0.0,1.1223387700554937
1532,exponential,-0.7059628130477935,0.3193403533800816,1.3887933619612571,0.0,0.0253085123537858
1533,exponential,0.5841309932599543,0.3,2.2342361848716106,0.0,0.0085679764213195
1534,exponential,-1.967985818904596,1.315835316639996,-0.2792368035229762,0.0,0.1986193509113928
1535,exponential,1.9540687930832363,0.3044949076588836,1.070695130778537,0.0,0.0636563664542121
1536,exponential,1.3194545862832388,2.5067819161173333,-2.014259179118465,0.0,3.1740228034787896
1537,exponential,-0.1,1.7951633977162498,2.609461918634553,0.0,0.0530652602399418
1538,exponential,1.3062802272402283,-0.9172265427535063,-1.7522540005137377,0.0,0.2271971022503841
1539,exponential,1.6947823200050665,2.612073351934681,1.8027936005791083,0.0,2.843799451279679
1540,exponential,0.5589997107429361,-0.3,2.372413575565279,0.0,0.0069768754057829
1541,exponential,-1.9237840522137424,-0.8673907046648379,-1.6563610283050456,0.0,0.2017294879370838
1542,exponential,0.2215391738236269,0.6005143908442108,0.1861841662170227,0.0,0.0112558111352155
1543,exponential,-1.2548233095282568,-2.327306532980507,0.2781221738671404,0.0,2.6555461832381693
1544,exponential,-1.083146557716209,-0.4314938148611889,-1.922913595271924,0.0,0.0364005496146585
1545,exponential,-0.400467212543198,2.8289941905753544,1.753473871151714,0.0,0.9002631962998575
1546,exponential,-0.4768549459417897,-0.9804758338576772,-0.1511229961928224,0.0,0.0637443362396122
1547,exponential,1.5270817372089671,-0.3363405188529107,-0.1343158352306299,0.0,0.0497410932845117
1548,exponential,1.826873793361171,0.8466230269295014,-1.8903293487495203,0.0,0.148947980807656
1549,exponential,1.5764474126325123,-0.3,2.5808174232838903,0.0,0.0329105007799178
1550,exponential,-0.7200066809709891,-0.3,-1.5177786213923463,0.0,0.0274151201196586
1551,exponential,-0.1,2.314859749918301,2.270289055661115,0.0,0.1000635275095432
1552,exponential,1.2617528724367162,1.3335528946983717,-2.260183184895053,0.0,0.4830884127936496
1553,exponential,-0.391119095807539,1.7172369025582306,0.4585751547787025,0.0,0.158467370728365
1554,exponential,-1.7618005012783042,1.7905643087504028,1.730029133935119,0.0,1.126299961519159
1555,exponential,1.5480240692118126,2.178354612616257,-2.4702195937021907,0.0,2.0835731744922508
1556,exponential,-1.5900204371967437,2.8554032779315683,-2.2344153815073886,0.0,11.55570293422104
1557,exponential,0.9032507466478354,2.033633813389452,2.046773318368176,0.0,0.700142373648074
1558,exponential,0.8176741314473808,-1.2867269901127996,-1.147821674319656,0.0,0.234608136981674
1559,exponential,-1.44817408814181,-1.9404899301613312,0.5123994119174737,0.0,2.053830579736801
1560,exponential,-1.1525679255384746,-2.9484523876087785,-2.554096512056086,0.0,2.5081780071407422
1561,exponential,1.1825582590983863,-0.5250912971571311,1.1749533394660148,0.0,0.02108185096198
1562,exponential,-0.6218896214260372,-1.2204500460902954,0.7983997821297733,0.0,0.0517309266226767
1563,exponential,0.4726140695745831,0.421377369596688,-1.1218928343236,0.0,0.0207540827722813
1564,exponential,-0.6772395149160251,2.610839641842311,1.1626953694164088,0.0,2.4808870165046426
1565,exponential,1.8870735223799149,1.556770117348342,1.6526560212390675,0.0,0.9487360006286846
1566,exponential,1.3100667583336048,-2.6136603340343765,2.8908563375569845,0.0,5.933186762439427
1567,exponential,-0.5351644543258942,-1.2387010833549823,-0.057987060777652,0.0,0.1687454950290395
1568,exponential,1.8714701888259089,2.633467933542632,0.9114084978516046,0.0,8.09585835132218
1569,exponential,-0.918619094649166,1.6089126523314432,-2.565939666049069,0.0,0.4902128703536942
1570,exponential,-0.3520496381925411,-0.8831890178321582,-1.017872913876236,0.0,0.0238017736829223
1571,exponential,-1.3932847076324952,0.3,-0.9610316782472914,0.0,0.0513245648835268
1572,exponential,0.7580308918891716,-1.312392781375827,-0.4698854723346062,0.0,0.082003793438717
1573,exponential,-0.2843755170256652,0.6916528898464276,-0.6126517267899887,0.0,0.0135724836446782
1574,exponential,0.9568835608763616,-2.0566289842796754,1.322270633089787,0.0,1.4965921404174576
1575,exponential,-0.9113811831724624,-0.3,-0.4034579871402051,0.0,0.0315335424440032
1576,exponential,-1.21979454428844,0.3,1.7131350856478482,0.0,0.043748490611632
1577,exponential,-0.699282108209736,-2.205869387559343,-2.7170291684352508,0.0,0.9228861855147418
1578,exponential,-1.097239029719276,-0.8809807190122205,-2.9817194821748467,0.0,0.1134066675417465
1579,exponential,-1.4232476606224758,1.7571111387962954,1.8427408557118576,0.0,0.3328752540309351
1580,exponential,-0.1,2.397088608197929,-0.6237670302423579,0.0,0.2589768048874343
1581,exponential,0.418490757720718,2.9290882945890333,1.5875236819964886,0.0,2.380028201206677
1582,exponential,1.23915749898693,1.4376529299748189,1.5847858183302217,0.0,0.3659301151504655
1583,exponential,1.9481816589749403,0.8591023246791876,-1.958730917524626,0.0,0.2676645210264853
1584,exponential,-0.2434872208702208,1.1619687080602024,-1.3675219303556074,0.0,0.0623692952072636
1585,exponential,0.3557970148320337,1.550841797435471,0.6193424316816221,0.0,0.1482902320952236
1586,exponential,-1.4822299242554453,0.6911648436944211,-2.6858779948564555,0.0,0.0948320098486989
1587,exponential,1.2822826788412534,-2.9751075087717984,1.9596048018795864,0.0,3.637213699113236
1588,exponential,-0.1,-2.8329190325809583,0.8646926869829934,0.0,0.4421422853030195
1589,exponential,0.2454065354148369,-1.7664761921887422,2.504536830832292,0.0,0.1552136118012242
1590,exponential,0.4001517873325984,0.4620499877482453,-2.96832587426586,0.0,0.0083481902409759
1591,exponential,-0.7496982627068314,0.3,-1.597473645163649,0.0,0.0142921920017629
1592,exponential,-0.943071116540311,-1.6254440081225745,-2.045613071926421,0.0,0.6276562624172412
1593,exponential,0.1976158026734156,1.8502520431304168,-0.3904291433417248,0.0,0.0593534128866875
1594,exponential,-0.7930754221973451,-0.8748662246531174,-0.4072433016167922,0.0,0.0917046479277275
1595,exponential,0.947637836549304,1.2479334622770892,1.0891737214537347,0.0,0.2580477719272235
1596,exponential,1.6850473657749152,0.372381682750432,-1.346215915106134,0.0,0.0224424684339196
1597,exponential,-0.1,-0.7107832203787319,1.2557851885713038,0.0,0.0041497696071757
1598,exponential,-0.4232821274602951,2.7937220076305085,0.4763683662364997,0.0,1.389235349391786
1599,exponential,-1.1567540346513376,2.0199633508066857,1.0831895013670962,0.0,0.915305625848679
1600,exponential,0.6485173725634374,1.9012082609468628,2.871837464019019,0.0,0.4984641397449276
1601,exponential,0.6952863779271503,-1.8755986520754488,-2.964281134505001,0.0,0.8764758472630806
1602,exponential,-0.1209298315439721,-1.5655995448689706,-2.7791529109955366,0.0,0.0832124326057408
1603,exponential,1.5387230164083197,-1.24097912410167,-0.101587933876984,0.0,0.5132132868724554
1604,exponential,0.6653196478152856,-0.3,2.7769215679342354,0.0,0.0129933483582592
1605,exponential,1.6172131893095991,-2.093444041396702,-2.960385277323126,0.0,2.0067055563218967
1606,exponential,-0.5972471045529217,-0.3,-0.3585898078077316,0.0,0.0112835963340502
1607,exponential,-0.5151280233120334,-0.3,1.312297694834207,0.0,0.0147828851319818
1608,exponential,1.9695139419721936,-0.4278683926427873,-0.2362918559830884,0.0,0.1159026644721665
1609,exponential,0.1,0.7910406751750849,-0.3008183343348332,0.0,0.00688650626867
1610,exponential,0.3318325922692202,-0.6216907630994095,-1.2094136961400357,0.0,0.0168715859860078
1611,exponential,1.732135622637987,-1.6722343355788851,1.721951554212028,0.0,1.0691961091473952
1612,exponential,-0.1,-0.9778154305235538,-0.9455766275952362,0.0,0.0055140612161918
1613,exponential,0.3873102718633872,2.0699855019787465,1.914528990796839,0.0,0.6310040172891677
1614,exponential,-0.3777608616510606,-2.0352647805753104,-0.8622788287771472,0.0,0.4254838758131313
1615,exponential,-1.1296054576364345,-0.635473993317925,-2.418556420140164,0.0,0.0255104933081611
1616,exponential,0.1022901264928943,-1.4008091896830988,1.7847547077399213,0.0,0.0106439549221151
1617,exponential,1.7825643672036475,1.8334162755935408,-0.8116490399718144,0.0,1.5880112197961016
1618,exponential,-0.8932691699439825,1.6850227615027702,-0.1584219064551453,0.0,0.6055945029659089
1619,exponential,-1.3497463465522008,0.3,-2.385722697102712,0.0,0.0531599551297998
1620,exponential,-0.4584310506019355,1.832799282103716,-0.7569203960673176,0.0,0.2737719776841903
1621,exponential,0.3272975758583305,2.14243107674774,1.6408635181007982,0.0,0.2569905728606538
1622,exponential,1.8304149158917704,-0.3,-1.7413116948754468,0.0,0.0488696936520693
1623,exponential,-0.3747234944362105,-2.64365633716078,-0.6311185948901681,0.0,0.6767767579119113
1624,exponential,0.1,-2.856603856803298,-2.458983014229014,0.0,0.2395806801510757
1625,exponential,1.836445709731871,-0.8641344473726322,-2.411295438492394,0.0,0.245503984248385
1626,exponential,0.1,-0.8944723322336463,1.3232696728644218,0.0,0.0053417404014472
1627,exponential,-1.1026351614759493,2.678647279829752,-0.5524838228609452,0.0,6.315685959390774
1628,exponential,-0.7985417906076964,-1.3633371232449571,-0.8363507840850044,0.0,0.280581418000692
1629,exponential,1.707416637197387,2.0245789782253887,0.7009678881094534,0.0,1.1352123386698023
1630,exponential,-0.7090814301135278,-2.5608564012777517,-1.127225652643108,0.0,1.3359683277477237
1631,exponential,1.7890077095154902,1.9259123964207028,-0.5495433083954726,0.0,1.7592189666280242
1632,exponential,-1.315739361295761,1.6287828536170634,-2.7653191281107894,0.0,0.4052622673803932
1633,exponential,1.2962548752282743,1.3403814067345143,2.379693911132774,0.0,0.41238830003778
1634,exponential,-0.7400941574810633,2.7864063000026915,-2.856317181805119,0.0,4.048205492080308
1635,exponential,-1.1587802741231168,-2.6207492828609453,0.1041562116153822,0.0,4.143708737350343
1636,exponential,1.3312848575219425,-1.5852745603611818,0.3262499586236167,0.0,0.5160570499964877
1637,exponential,1.1722925109766016,-0.9251024228501984,-2.497050612226233,0.0,0.1838361630189344
1638,exponential,0.1504524657955732,0.4915335022983624,2.806250381113127,0.0,0.0066238824785345
1639,exponential,0.1,-1.4750930182725652,-2.764451270866023,0.0,0.0390955987197809
1640,exponential,-0.8863972738821149,-0.8431591075719682,1.9557274194805805,0.0,0.0356933341881967
1641,exponential,-1.7169176756232405,-1.5717034268642904,1.1414531479179164,0.0,0.3767572623812865
1642,exponential,1.141433101592758,2.5363955919953893,1.4033877165568356,0.0,4.714087135000109
1643,exponential,1.4822589532105104,-0.924523123927966,-1.1025542658386538,0.0,0.2189459471941654
1644,exponential,-0.3216820490458976,-2.1337708313798665,1.5266105096123388,0.0,0.1496740403633852
1645,exponential,-0.5671132991930903,-0.8107034658581567,1.355357088298902,0.0,0.0442512821414614
1646,exponential,-1.1386452607741302,1.372355657178976,-2.392058947828212,0.0,0.1124225866957166
1647,exponential,0.1634156929682468,1.1782316936610489,-2.214497365171352,0.0,0.0144003551612722
1648,exponential,-0.3130591959768036,0.7422824182370524,0.618887599495836,0.0,0.0313157251694307
1649,exponential,1.9306507713562704,-1.287524622068251,1.353918094509483,0.0,0.3904951321483512
1650,exponential,-1.1946488059250329,-1.2585745306862473,2.0257615906512623,0.0,0.125645520811639
1651,exponential,-0.7912292316427436,-2.062516099371733,2.8911264098424203,0.0,0.4175453296932601
1652,exponential,1.099386822660068,1.4448034146992086,-1.172904141023878,0.0,0.3578059456713638
1653,exponential,0.390166492869767,0.5752808422696294,0.3317851092056916,0.0,0.0133770978840233
1654,exponential,1.5301585994751328,1.7372672772594004,-2.852664006745245,0.0,0.300896134107316
1655,exponential,0.4179347793509675,-0.997967444907574,-1.748319049596209,0.0,0.0855913753562719
1656,exponential,-0.4936617819259918,-2.409310002697024,2.219864776154428,0.0,0.3935105198428361
1657,exponential,-0.1152466822129034,-2.410080156629906,-1.1954939330998893,0.0,0.2581047229860341
1658,exponential,0.4945207969851184,0.9394356386449196,-2.816425841287863,0.0,0.0621273579211481
1659,exponential,0.3861024579332626,-2.2125214651916543,-0.5025354272059048,0.0,0.4153094047646984
1660,exponential,0.3981938482116813,1.4436702230564,-1.7684558640418262,0.0,0.0713657244691917
1661,exponential,1.9736714872042176,-1.7875515166522458,-1.4041521925173186,0.0,1.7454304063240489
1662,exponential,1.9113036846773035,-1.9523971991246625,-1.4186730461920527,0.0,0.5935115488941021
1663,exponential,-0.272427860858734,-2.7932969008268467,0.2321080341930503,0.0,1.583186168609389
1664,exponential,-1.3542315767088515,-1.8491914868698276,-1.7509366177788317,0.0,1.5707064525883827
1665,exponential,0.2122586970630684,-2.168504844172075,1.2269351980056724,0.0,0.3247711811215439
1666,exponential,-1.1634710312706913,-2.010738048933078,2.0940058369551293,0.0,1.4951437252515416
1667,exponential,0.1382757362661095,2.760081750106046,-1.1911259081719938,0.0,0.6369842473522284
1668,exponential,-0.379999144981991,1.1539387649303476,2.683195891504191,0.0,0.0518168038169573
1669,exponential,-0.712233433087424,1.1434437996250182,2.8702061329370805,0.0,0.0758811407514219
1670,exponential,0.3332069030187554,-1.388579363141752,-1.5539382009923408,0.0,0.1417325337451336
1671,exponential,-1.4152516683970569,0.842324275582663,-1.821443186292835,0.0,0.1161423947175168
1672,exponential,1.264664669849974,-2.9754217828326803,0.3693708291230053,0.0,2.9154694054557164
1673,exponential,-0.6241711394315006,-0.9913481422068928,1.793683306782591,0.0,0.070216584784176
1674,exponential,0.164673820082827,1.7539657942908151,0.5466829076876971,0.0,0.0943913397531888
1675,exponential,-1.0331814504099284,-2.733347902507133,0.276084242455501,0.0,4.177803161329946
1676,exponential,-1.8531547561956727,-0.375710281663685,-1.298321814236911,0.0,0.0195422079361384
1677,exponential,-0.4158937981489212,2.1403046014194373,0.7541805672919475,0.0,0.8949396315910894
1678,exponential,1.4673599017566756,2.028895270012738,1.9031605929650697,0.0,1.7868565399948064
1679,exponential,0.1,-1.8892228377770333,-0.1884471797724485,0.0,0.0722221988484716
1680,exponential,1.6993635193779792,-1.6171782439785314,1.5523866039126393,0.0,1.1438835618232075
1681,exponential,-0.9435018534575166,-0.3,-2.3377136720077862,0.0,0.0324081890377615
1682,exponential,0.5527126325851706,1.0473624206575245,-0.6019089957080528,0.0,0.0811511696669638
1683,exponential,-1.1775930624321345,1.4945367809009742,-2.845061730106345,0.0,0.4927019375587797
1684,exponential,-1.210822248172898,-0.3,0.8691075013826213,0.0,0.0418857873123255
1685,exponential,1.4133818997383698,-2.3183737495780323,2.305386101081025,0.0,1.3580657006056578
1686,exponential,0.4622854070380549,1.5095026303476464,1.2189508602782126,0.0,0.2100348752735754
1687,exponential,-0.7950708247377993,-1.1819245765235131,-2.179952723513196,0.0,0.2254968682738038
1688,exponential,-0.9706693916755996,-1.4254163599742629,2.657955825479842,0.0,0.2040356122470369
1689,exponential,1.018238329944987,0.3,0.0552667917353888,0.0,0.0151863674188102
1690,exponential,1.8950699759421743,-2.5873074724424407,-1.0949158432725998,0.0,4.018486205164804
1691,exponential,-1.9321581029284007,1.3510585861741484,-1.4374690094963969,0.0,0.3318499546904724
1692,exponential,-1.7164189211674334,0.8562144312706601,1.1303905033770576,0.0,0.1093348781755278
1693,exponential,-1.2403783756229014,-2.141969313477965,-1.613803981644076,0.0,2.444521562265114
1694,exponential,0.1832251710188623,-0.5498004667493923,1.5688774542157038,0.0,0.0097547162777099
1695,exponential,-1.64197254956443,1.1055752564456895,-0.7208185454439411,0.0,0.3947898833773833
1696,exponential,1.552751473972437,-2.8800845498150043,2.280735057662991,0.0,3.431568833877665
1697,exponential,-0.3631391985589074,1.1797818090083156,-1.1036102623529331,0.0,0.0753078763833955
1698,exponential,0.4218162949297079,1.674474770057854,-1.3654568197004968,0.0,0.1565705242540614
1699,exponential,0.239952798744869,-2.351096046070298,-1.7081182448915806,0.0,0.254077475995657
1700,exponential,1.7904976355073998,0.9011111961225442,2.5737721434056144,0.0,0.1013450820995786
1701,exponential,1.6744865565426612,0.3744952099335661,-0.1188000667220987,0.0,0.0220512041590689
1702,exponential,0.2025132248786847,-2.759966569393625,-0.7274271105283687,0.0,0.9748757430017584
1703,exponential,-1.6517757718792034,1.2426093443836077,-2.851893791793127,0.0,0.3234439444661385
1704,exponential,-0.910803752061322,-2.351089295887422,-0.3177681574184468,0.0,2.1401024416456536
1705,exponential,-0.7577714765614711,2.125358106349947,-1.753901911338544,0.0,0.3629495446226128
1706,exponential,1.8662548501334908,-1.5750078464937964,-2.1086224452333626,0.0,0.7169823247548682
1707,exponential,-1.2152398013262653,-0.5295854363132362,-1.0947342756220473,0.0,0.0700770523790576
1708,exponential,-1.251080487490277,1.460294864764827,1.0021257296663617,0.0,0.1875300017662012
1709,exponential,0.1,0.9068996342709408,2.523349274512091,0.0,0.0156650062572573
1710,exponential,1.3988339053987016,-0.3,0.5159415012510831,0.0,0.0149898380736467
1711,exponential,-1.8087924123175492,2.515264097842042,2.8633082863657293,0.0,2.694887244369345
1712,exponential,1.7937622483504625,0.3849042941272831,2.424913548331956,0.0,0.0284744031455817
1713,exponential,-1.5904917567817622,-1.536020448869052,-0.7267536154565124,0.0,0.3152636886846113
1714,exponential,0.6736651149078203,-1.685124420157997,-0.8602251356201172,0.0,0.4344975065678122
1715,exponential,1.0028967416327328,1.342517893369684,2.835244457336379,0.0,0.0978814144961291
1716,exponential,1.07515698294505,0.789541580034836,1.7518918751651151,0.0,0.0955899613612963
1717,exponential,-1.2630947794438765,-0.4712928913063345,2.521422454091499,0.0,0.0740618862831024
1718,exponential,-0.4153383314253531,-1.6182567431247812,-2.0122183008107024,0.0,0.2021873349227384
1719,exponential,0.908045478159386,2.073174205635473,1.938741111812984,0.0,1.2392637728613851
1720,exponential,-0.1986361713340878,1.199799898287294,-2.1132289052217432,0.0,0.0590823793595998
1721,exponential,-0.9106975752086356,-1.1314174672418529,-0.8489090556730265,0.0,0.1220091079415825
1722,exponential,-1.0476253917372085,-1.8377111011685776,-0.4829374048365129,0.0,0.494060055456796
1723,exponential,0.8366434848007702,1.2156696259181938,2.315793623926329,0.0,0.2366357903955235
1724,exponential,1.0243736882114898,-0.3,-1.4932664183629782,0.0,0.0257494750467478
1725,exponential,-0.7583828995736868,1.417797070623558,-1.3902783032952433,0.0,0.2353583122157621
1726,exponential,1.735318723453132,-2.1123546324813853,2.875734783222649,0.0,3.0880354964880703
1727,exponential,0.3807573745349994,0.9660998075997984,-1.7946119923131187,0.0,0.065142841439417
1728,exponential,0.5836846220054874,-2.201681934413977,1.248444622170937,0.0,1.1193253135680268
1729,exponential,0.6469267781761725,1.3818033949969273,-0.0347616943083703,0.0,0.1641026751262983
1730,exponential,-1.320613552018406,1.5380743118559843,-2.5999547931287443,0.0,0.3746377707646667
1731,exponential,-1.566097635953545,-2.225127321004517,0.4398122931309558,0.0,2.260150187193474
1732,exponential,1.462150808039406,-0.9917009210088938,-1.1093950480265018,0.0,0.2963978028021696
1733,exponential,-1.586175737546672,-0.3,2.127077838639172,0.0,0.0457081269679658
1734,exponential,-0.3627829534084221,-0.3,0.0181611092688518,0.0,0.0045781581426404
1735,exponential,0.3934019061077598,1.82481399778346,-0.3918095216789474,0.0,0.3620372866508462
1736,exponential,0.5880662393266878,-2.099985705403827,2.995148702367324,0.0,1.1469504279229965
1737,exponential,0.1,-2.474118731139201,1.980169157854672,0.0,0.4004387650382741
1738,exponential,-1.0273537410781608,-0.3,-0.6881250849717944,0.0,0.0163130458706893
1739,exponential,0.8719952685748944,-2.948954460210799,0.0814050634541683,0.0,4.109059745444294
1740,exponential,-1.001178107085456,-2.53715735471466,1.3943215950255956,0.0,3.668129537344596
1741,exponential,-0.5563757737681825,-2.0997604660359968,-0.7350535255775048,0.0,1.0952212474115044
1742,exponential,0.446444581577115,-1.2874850325891354,0.518728468605758,0.0,0.0710453070012546
1743,exponential,1.898289651070644,1.9486968923153576,2.811438183541385,0.0,1.986941918297519
1744,exponential,0.3576167635938563,-1.73545154758968,-1.486274246831779,0.0,0.1047864054086755
1745,exponential,0.883466845482423,-1.4653324853999512,1.514650529044621,0.0,0.1539791450206062
1746,exponential,-1.6233985998362384,1.010369469896263,-2.955565890214153,0.0,0.3251500983322535
1747,exponential,1.6853717272358772,-1.886947662043851,2.0194640376385635,0.0,1.3259586896935844
1748,exponential,1.3160272781074438,1.2269893487868346,-0.6834622949381721,0.0,0.3424399178167623
1749,exponential,-1.6517992599497835,-0.3,2.450860251180912,0.0,0.0251937056482851
1750,exponential,-1.2865767428800678,1.448417227249596,1.1657438238421935,0.0,0.6522905090072603
1751,exponential,-1.3922161943722855,1.9440111086178344,-1.40840601397511,0.0,1.3029666877183457
1752,exponential,-0.5996137321885913,-2.4603162109612846,-2.958398474115217,0.0,0.5943700012636117
1753,exponential,-1.891155193201724,2.1018871115519744,2.5040689822444024,0.0,2.440793565069052
1754,exponential,-1.7468943254590863,-0.3,2.6620465010765244,0.0,0.0201426553798216
1755,exponential,-1.2466939410344633,-0.681032347633808,1.0475675326731428,0.0,0.0872135537164607
1756,exponential,-0.4157874688560725,2.471472224882028,0.6041633679238307,0.0,0.5425830038739727
1757,exponential,-1.4536672621329898,-2.736538080118259,2.8379391525436146,0.0,8.136767580494267
1758,exponential,0.1896375122916187,0.3,-2.065999647360304,0.0,0.0067928039088053
1759,exponential,-1.172562378724061,1.7325827703692358,2.577511198407123,0.0,0.6633697673572753
1760,exponential,0.7161552496269956,-0.3,-2.548204166239067,0.0,0.0218003087460926
1761,exponential,-1.56709021915401,-0.8692779418000582,2.259625538950353,0.0,0.1956729896001924
1762,exponential,1.4271180393594929,2.9645479010431925,-2.68846241105838,0.0,5.348049454271023
1763,exponential,-0.634699697092564,0.647085003213733,-0.7928514738895123,0.0,0.0198286366551976
1764,exponential,-1.1546668477496589,-1.3993224025593751,0.0739773764925129,0.0,0.1187279494734291
1765,exponential,-1.5462684444693826,-1.689701712864505,-0.8370642484900492,0.0,1.0497306262233037
1766,exponential,-0.575237451243737,0.4661090101766634,-1.3775072790226508,0.0,0.0143638484460353
1767,exponential,-0.7602808280191327,0.4668537054808679,2.185281644530729,0.0,0.0321129825395378
1768,exponential,-0.1722777229746435,2.8178787946144137,-1.2547987245121404,0.0,0.6025280656378823
1769,exponential,1.0555553414751548,2.190980821354783,-2.4804231147778597,0.0,2.337296947593128
1770,exponential,0.3605966488762919,0.3,-2.862622858137265,0.0,0.0067803100928987
1771,exponential,-1.311569236205937,-2.227941958752921,-2.8671223994597823,0.0,1.149691279401595
1772,exponential,0.4983451353176806,1.3648047732652469,-2.139127846786514,0.0,0.1190338222462057
1773,exponential,0.4497240745376771,-1.594553179667637,-2.0280794631170576,0.0,0.2074308788290408
1774,exponential,-0.1,0.3404955624140395,0.2392399178849964,0.0,0.0018441241915023
1775,exponential,1.2877224599583936,1.6720249876350763,2.462149844014061,0.0,0.2788308863076965
1776,exponential,-0.6537013379588354,-2.675629952656477,-2.3267861424830736,0.0,3.0204511018006297
1777,exponential,-0.3396877511514815,-2.0674821474564253,1.4362342483888302,0.0,0.5536957732153358
1778,exponential,1.2616878739163888,-2.8394601302606097,1.812278046064451,0.0,7.5018434857229135
1779,exponential,0.2820842632647231,1.277496851054294,-2.766032138553209,0.0,0.0344795692261077
1780,exponential,-0.2747846126517288,-2.117835289210733,-1.7084535119724376,0.0,0.543975731037093
1781,exponential,0.8305902118526465,2.417973708951818,0.1300875877102454,0.0,3.0206692414789367
1782,exponential,-1.1682514755331996,-0.3,-2.653394979097851,0.0,0.0155352984916593
1783,exponential,-0.1074168308533707,0.8088679903065712,-2.4655873156313657,0.0,0.0126413337332392
1784,exponential,-1.8881927757095136,-2.300481516479431,-1.691933027731298,0.0,1.5089229527022792
1785,exponential,-0.1,0.7453848866933752,2.09796004915329,0.0,0.0098915663975075
1786,exponential,0.2304715439834077,-0.6307481407028988,2.4106041199378545,0.0,0.0117967641339596
1787,exponential,1.0495492613209554,2.0112041709229773,1.380801837661683,0.0,1.080851873888186
1788,exponential,-0.5206027777799873,-2.800985242849074,-1.0215718217278704,0.0,2.0787610464413278
1789,exponential,-1.178574634626274,0.5218802682657104,-0.8475681158688468,0.0,0.0590591700422755
1790,exponential,0.717481842025534,1.896933220472576,-2.112728577264317,0.0,0.6292896540787074
1791,exponential,1.1654623272657636,2.3885134773619967,-0.0763729755761661,0.0,1.3502862020205129
1792,exponential,-1.8493664816501587,-2.852460302171843,-1.9291794371572333,0.0,13.18953427430539
1793,exponential,1.9009507543360156,0.4202897658104874,1.7962112035375686,0.0,0.1125579323602192
1794,exponential,-0.1432700208240587,1.1074483615078128,-1.001188987429349,0.0,0.0143482970965418
1795,exponential,-1.6757720340339426,2.487737937861377,0.4603849467832317,0.0,2.732240599763796
1796,exponential,1.4600426167807852,-1.535403111270863,1.7475580387342695,0.0,0.3957788576170671
1797,exponential,-1.775845292717919,-0.7366275092267642,0.3699769201600227,0.0,0.1808770463402178
1798,exponential,-0.8079905422040641,-1.413797160782559,-1.582661804650923,0.0,0.3479670918626607
1799,exponential,-1.356035497904896,-0.3,-2.2872678587381188,0.0,0.0351582399704529
1800,exponential,0.64622585085514,2.282471214271432,1.1667522666613417,0.0,1.6297881671569223
1801,exponential,1.1582029618159653,-0.3,2.1957548904322186,0.0,0.0337978132130609
1802,exponential,0.2086722594080239,-2.8144444698387856,-0.501784468858772,0.0,1.4571232452677034
1803,exponential,-1.850277870537485,0.3,0.1318582048643888,0.0,0.0513929828815172
1804,exponential,-0.8282344116400311,-1.442724370553114,1.0699386368427517,0.0,0.3724001771829027
1805,exponential,0.7976459789011612,1.2597656307635603,2.067439496128737,0.0,0.1871243739468723
1806,exponential,-0.830375821502471,-2.80333401544448,0.5179933617079215,0.0,3.675734312001302
1807,exponential,-1.111588948170492,2.7632839449182107,1.4056134479983626,0.0,6.77273279841055
1808,exponential,1.9117764853266968,-2.288833662705187,-0.6273609969183056,0.0,4.4060848021181735
1809,exponential,1.0694444837765331,-2.5491928702993665,-1.440175608714655,0.0,3.240366039811551
1810,exponential,0.9733387597770378,-2.939442411029661,-2.2901812878169765,0.0,2.9043715653438698
1811,exponential,0.7627969885591561,2.0353642833244407,-2.642789346694299,0.0,1.2848342718979713
1812,exponential,1.9565746849542864,-1.3775453574876413,1.1097648193513816,0.0,0.7929515873805485
1813,exponential,-1.6511344083176906,2.9864241228931148,1.4036921658910968,0.0,13.568968370848198
1814,exponential,-0.5744157410200526,2.903569483407085,-1.1333506787844114,0.0,2.8326249466735374
1815,exponential,-1.96164775836234,-2.7247853705167016,0.6983059555456181,0.0,11.405342927820898
1816,exponential,-1.148747073170783,-2.189501060675263,-2.63491019291316,0.0,2.156431859363315
1817,exponential,-0.333434269106136,-0.9004738241903594,0.8043150702324029,0.0,0.0491037342858742
1818,exponential,1.0395861034445757,1.8374615750554604,0.0255991742833061,0.0,0.2650424887560091
1819,exponential,0.2126826476370853,2.3333972584558573,-0.5253464795217542,0.0,0.4594950508416279
1820,exponential,1.1469559919111156,-0.348947884553354,-2.736233794772592,0.0,0.0481516008198169
1821,exponential,0.9113017760146248,2.8149222840395973,-1.0520990299015551,0.0,7.075258334498529
1822,exponential,-1.2772622927113115,2.711595584745445,1.6391392968946883,0.0,5.396789566958848
1823,exponential,1.802984869013323,-0.5305735821267197,-2.7338728349889614,0.0,0.1059672633574531
1824,exponential,0.8300841054281802,1.9621196172851487,-0.9052777929257756,0.0,0.8965881669163311
1825,exponential,1.5139331163347851,1.6335367479713607,-1.0944188782176985,0.0,0.5351781311080664
1826,exponential,1.4965505245166142,2.2734054268854047,-0.2471564101630159,0.0,1.7290997228239402
1827,exponential,1.6228137832336147,1.7538100000293788,0.6483434952146787,0.0,1.4900976401306931
1828,exponential,1.5143562967839173,0.3,-2.9232532339937007,0.0,0.0463261803259039
1829,exponential,-1.1943341953695912,0.3,1.7431316411620337,0.0,0.0392620494467357
1830,exponential,-1.3376998209939095,-2.9689139873468537,-0.3631433772606964,0.0,3.952306026958452
1831,exponential,-1.913107301876188,-1.0790133700406896,-1.0508173478681362,0.0,0.2370644526916298
1832,exponential,-0.1,-1.1845465074942612,-0.3373740895973873,0.0,0.0258995206621033
1833,exponential,-0.6478883738216594,-0.8404522194405883,-1.8263235917792653,0.0,0.0502113073231465
1834,exponential,-0.7144927801504171,-0.4615416168004964,-2.578984947345611,0.0,0.0187561282291009
1835,exponential,1.419768302014738,2.264859866185316,-1.0898964476406705,0.0,3.2502329437044755
1836,exponential,-0.4618632121106509,-1.925287473539456,0.6479573143607045,0.0,0.239764633362059
1837,exponential,1.5376341098430122,-0.8451054266289919,2.607428740056264,0.0,0.1329212002288298
1838,exponential,-0.1866718732152419,-1.445371054975107,-1.0538216982066966,0.0,0.0374375924562539
1839,exponential,0.8504440674562872,2.9969832561393046,-1.8331102877290475,0.0,3.9041061577484975
1840,exponential,-1.5442523604888203,2.359017956063449,1.0671534663395743,0.0,4.913370865606054
1841,exponential,1.3245139636058316,-0.6620114822305903,0.7444675071556568,0.0,0.1084006579100687
1842,exponential,-0.1877358812806275,2.367028299282241,-0.0436982045813483,0.0,0.2201375506292827
1843,exponential,1.22206338489676,-1.5860782469942225,-0.4345471311271591,0.0,0.6454744338930125
1844,exponential,1.7050454816648115,2.632175054403066,1.2005330338072842,0.0,2.5966818346080056
1845,exponential,0.192310151472455,2.8154026297276955,-1.395014115884892,0.0,0.8445685953785214
1846,exponential,-0.7441470775293251,0.3,-1.848532925386332,0.0,0.0092299626903358
1847,exponential,-0.1,0.9033351149209744,-0.1489445174000878,0.0,0.0097724865388661
1848,exponential,1.3299730533461216,2.4425157115110334,0.8113015857383887,0.0,2.645489850086093
1849,exponential,1.4691706282508794,-1.8429984013365608,-0.4975202334659014,0.0,0.7264440088351874
1850,exponential,-1.982900051209175,0.6282488418160579,-2.011044186527762,0.0,0.1310734524958845
1851,exponential,1.1389902257621831,-1.6074196808547507,-2.366141243549682,0.0,0.3015947078062247
1852,exponential,1.8745310391142245,2.2299825148780457,0.0888419422796689,0.0,4.649816823191203
1853,exponential,0.5136354615695904,2.324983545294704,-0.3167298786927297,0.0,0.568714152484627
1854,exponential,0.8607291063307678,1.9345380332939133,-0.8389317694094878,0.0,0.7271925556291637
1855,exponential,0.8167745681209477,2.4327899353915123,1.527414738474774,0.0,1.4356430470706507
1856,exponential,1.8617213833266737,0.3,2.699431556310606,0.0,0.0685873311460757
1857,exponential,1.5059573490003753,0.8175301461719302,-0.2720823911124159,0.0,0.2060813399417553
1858,exponential,1.6535075761612017,-0.3,-1.996785720973269,0.0,0.0527108163403247
1859,exponential,0.1990529419529823,0.7599872945815704,2.5281387498865917,0.0,0.0140159020749433
1860,exponential,-1.0450458644179337,2.789258657815683,1.0948129709328542,0.0,4.79936145535017
1861,exponential,1.094295576942999,0.3,0.0167681722991126,0.0,0.0152894863187895
1862,exponential,0.206237757599542,0.3,0.9308876520814224,0.0,0.0069127285741259
1863,exponential,-0.8931187222102763,-2.220507171109488,-2.744814453093756,0.0,1.3475315827737966
1864,exponential,-0.2699396506199729,-2.804970118017999,0.8578823580172905,0.0,2.022723416342181
1865,exponential,1.451918368878241,-1.8282977071505755,2.8853384990066697,0.0,0.954003511942981
1866,exponential,1.1741677336339484,-1.1302765508694168,-0.9423886770439944,0.0,0.179625609358288
1867,exponential,-0.4777865359233058,-0.5024939243640993,-1.1645077145227802,0.0,0.0275919020483044
1868,exponential,1.440797853182335,1.2757186181829852,2.8287282423656785,0.0,0.2358356675267159
1869,exponential,-1.856928743684032,-1.1676985945446106,-0.972822385397377,0.0,0.5007206497822493
1870,exponential,0.2973979961259294,-2.159290534106439,-2.204182572332468,0.0,0.6148732822111989
1871,exponential,1.9843354962764532,-2.935310133135156,-2.863051985922485,0.0,17.386221620759567
1872,exponential,0.5660474123656818,2.95182467736593,1.4874797455792823,0.0,4.225212224030472
1873,exponential,-1.2591956735150394,-1.6403424707838803,2.328950134481423,0.0,0.9873026197928936
1874,exponential,1.429208254276488,1.232548044697289,-2.0773541459247302,0.0,0.4156165162284471
1875,exponential,1.8443323717389208,2.1255183017322805,-0.5185667182107223,0.0,1.6286231368632338
1876,exponential,1.5725222496922115,0.9521288223022344,1.7342686714625728,0.0,0.1429564290573479
1877,exponential,0.5870691349692243,2.928409639291861,-1.1997375979462388,0.0,4.6858589974121045
1878,exponential,-1.7518937930178016,-1.9451792882264052,1.632171370482749,0.0,1.2557693097722673
1879,exponential,0.3942100994881357,-1.636011282889667,1.8866374765009004,0.0,0.0639287062180592
1880,exponential,-0.8889049165699028,-0.4874972416193297,1.2039288019261116,0.0,0.0270105188680664
1881,exponential,0.1806129780185217,0.9587892936274084,-1.8495439586503752,0.0,0.0195741900545543
1882,exponential,1.6527634303178704,1.655027914008361,-2.5143849729550665,0.0,0.977769346783096
1883,exponential,-0.8115391014962259,-1.4686675563348337,-1.3138930160674096,0.0,0.2667371940587645
1884,exponential,0.772021225299993,-2.8011593971775444,-0.3804681101838465,0.0,1.7000653780431736
1885,exponential,1.990020397150157,2.43672017858131,-1.0784527651802955,0.0,1.5862480093906863
1886,exponential,-1.9103360557518805,2.290462618001847,-1.881344102918872,0.0,2.90816064647028
1887,exponential,1.7283482811435742,-2.2797342059034174,1.0179808797533765,0.0,3.500714584523964
1888,exponential,-0.3135871588126759,1.7850727877815862,1.985348006559814,0.0,0.1817843239923579
1889,exponential,-1.038058975284553,-1.6934939946866454,-1.5895828325631407,0.0,0.901402644078926
1890,exponential,0.2061347438024303,0.3,0.2080491493611491,0.0,0.0050865726243807
1891,exponential,1.1922078053759848,-0.3,1.2756033501248387,0.0,0.023444541747546
1892,exponential,-0.1,-2.685761494569733,-1.952186062103116,0.0,0.1578653756965342
1893,exponential,-0.2281623840140425,-2.070804528391667,-1.7994614612811677,0.0,0.3240007473047829
1894,exponential,1.8973695415079423,-0.3,1.3538494958588547,0.0,0.067612754175683
1895,exponential,-0.3339196052124853,1.5573620328916906,1.988380868070465,0.0,0.1197954689816531
1896,exponential,0.368740848521019,2.215332809555113,1.9247149553006555,0.0,0.6474306162475431
1897,exponential,1.0661650054611926,2.96364202854297,1.016434676135802,0.0,4.621089672265934
1898,exponential,-1.248202097439011,-2.5740923387266843,1.6615316383746466,0.0,5.756342698184149
1899,exponential,1.6733787732129692,0.3,-0.8273573297966275,0.0,0.0352200430111494
1900,exponential,0.669622405067603,1.459054182544759,-1.0529590300405416,0.0,0.3578687061114586
1901,exponential,-1.198655236888566,0.3,0.6959638127406542,0.0,0.0397851767420898
1902,exponential,0.7519778246403028,-0.624306884468159,-0.4494613857168774,0.0,0.0578370279113796
1903,exponential,1.1905695259791278,1.049631751796066,1.7609407650313695,0.0,0.2392850001721707
1904,exponential,1.098843515815918,2.471545869288379,-1.7834227458761611,0.0,4.505051161041854
1905,exponential,-1.8333386473392317,-2.9002298675324214,0.5543946890350107,0.0,13.743806248432229
1906,exponential,-1.4830764408041328,1.931233769401545,2.1416903372440768,0.0,0.8276092812276887
1907,exponential,-0.7549476945799309,-1.47758645956981,1.9405667253269847,0.0,0.3295671487961569
1908,exponential,-0.9788959116731536,2.0378022038220074,-2.065142644223812,0.0,1.3791754197842592
1909,exponential,-0.2677767063220644,2.648571917868818,-0.703823280584948,0.0,1.5814810619177928
1910,exponential,-1.3049247332216574,2.0315870230806423,-0.4114885555474443,0.0,0.6109548489782368
1911,exponential,-1.28905523473036,-2.871710241085236,-0.8258375802063949,0.0,2.965336291315981
1912,exponential,0.2544911615294958,-1.4293800995250885,-0.2529436021973996,0.0,0.0487853944814467
1913,exponential,1.0960598201584015,-1.083361968193182,-1.1470991878945054,0.0,0.269661023718885
1914,exponential,-0.7149957419644317,1.251237653584833,1.2083303709893585,0.0,0.2183308972832679
1915,exponential,-1.0218523392230925,-2.5878499238814747,-1.3840450707289678,0.0,5.40625556539226
1916,exponential,-1.225439191751267,-1.2071075397966606,1.122988464022712,0.0,0.1609532069157792
1917,exponential,-0.4961419295441733,1.3891759510313042,2.733342226917878,0.0,0.1970212812504911
1918,exponential,-1.238185314847203,-0.3,-1.8303309275716368,0.0,0.0396048492806569
1919,exponential,0.1093352648102139,-0.7282266968386466,0.0823400439619805,0.0,0.011883377796072
1920,exponential,1.030450258884592,-0.3,0.9389162114048356,0.0,0.0280886706246737
1921,exponential,1.7898159960127311,2.8534739721244264,-1.640493236617264,0.0,9.59172511088551
1922,exponential,0.4782368100022287,0.8631209910286528,0.4328693535907133,0.0,0.0438910958609162
1923,exponential,0.9250824371198952,-0.3,2.409437798277252,0.0,0.037022100895663
1924,exponential,0.1,1.7990989343650856,1.6187305873028164,0.0,0.0402862404298167
1925,exponential,0.1,-2.753354033002043,0.3761709991931958,0.0,0.6051551438089436
1926,exponential,1.3374955008370542,-2.2244251050470414,2.762823822210171,0.0,1.94121932226401
1927,exponential,0.3058097101568719,2.909062158892011,-0.115745561889855,0.0,0.7790682305122811
1928,exponential,1.7636513936769944,-0.7060390746664176,2.643354333664778,0.0,0.1941366067031599
1929,exponential,-0.915120103048451,1.6981208326093018,1.2426024956520534,0.0,0.434201169116142
1930,exponential,0.298659957315798,-2.0474826479226262,2.991897071488765,0.0,0.148471680398881
1931,exponential,1.4849218842536729,-0.6487745645617213,2.047305350551428,0.0,0.1125553548814301
1932,exponential,0.6306581440052841,-2.070740061369412,-2.80179063907128,0.0,0.9388453246382874
1933,exponential,-1.4620927634548293,-1.2370765897931633,2.373295190533887,0.0,0.4255663714515414
1934,exponential,0.7102201618781088,-0.3456867805224881,-0.0800851249373715,0.0,0.0081287394822094
1935,exponential,1.6378984499766611,0.7051347304014373,-0.2731143567894611,0.0,0.0612501052884154
1936,exponential,0.1,2.1737974577137464,-2.8616650043430982,0.0,0.2251048101665675
1937,exponential,1.2893714994687633,-1.4032635796253763,0.7092615789647811,0.0,0.4499535267615636
1938,exponential,-0.7467761579521857,-0.5765420812842912,-1.672629424764419,0.0,0.029288391577951
1939,exponential,1.3164863413546852,-1.347383442588473,-1.0962234486938571,0.0,0.3769894796294422
1940,exponential,1.947692339259631,1.1099508908817235,-2.009895382923077,0.0,0.3128471995323587
1941,exponential,-0.3748166269579016,2.728923101447826,-1.7975547817478832,0.0,2.049123449079263
1942,exponential,-1.468532201798152,-2.0561355337611325,1.957598813764968,0.0,0.7478825643517929
1943,exponential,-1.3387722539719902,1.7907164244714533,0.5228812540533063,0.0,0.6307753726216354
1944,exponential,-0.1,1.799490361127436,-0.1647220078994751,0.0,0.0977699255059518
1945,exponential,0.7286823015398043,-0.9067673059419432,-0.474882064350937,0.0,0.0485664216601405
1946,exponential,-1.0141007773467456,-0.6555809542492987,2.15347424524314,0.0,0.0651908237000059
1947,exponential,-0.1772641933112346,-1.2502711379425528,1.6539603697401084,0.0,0.0554329652986653
1948,exponential,-0.4435549418282103,2.23950559580841,2.022605303402893,0.0,1.0565554397610004
1949,exponential,-0.548485510108109,2.0955169137509566,2.183176630646935,0.0,0.4469851655641499
1950,exponential,-0.1,2.747861252625607,-0.5101104644498085,0.0,0.6246300123329156
1951,exponential,0.9888883915158236,-0.4989845371240635,-0.0196792017915417,0.0,0.0204922735736241
1952,exponential,-1.4422516465603876,1.2587305021458155,-1.7815137628820417,0.0,0.2628111884433011
1953,exponential,0.3419222089086546,-2.6954402487236617,-1.7862348372567638,0.0,1.3793954420520138
1954,exponential,0.9652657764418144,-2.4871292479072054,0.8898306046078992,0.0,1.7276623582455677
1955,exponential,1.3362726675495873,-2.228117272244048,0.5302517827330404,0.0,2.6255740058805923
1956,exponential,0.6512656693140153,-1.4213405305109648,0.2502084289352022,0.0,0.1968083241606017
1957,exponential,1.8037483373413803,-2.5553235494516424,-1.30831569528365,0.0,3.921126327852402
1958,exponential,-0.5832643641549797,-2.2283984050100107,1.7938185840335388,0.0,1.2744847071869612
1959,exponential,0.6952717784238533,-0.3,0.2197427416704149,0.0,0.0149174277494221
1960,exponential,1.7652247344774747,-0.6794671117573268,-2.7230942032872925,0.0,0.1378455558070976
1961,exponential,-1.667708004018397,-2.067983619161196,1.2857699760598758,0.0,2.047808745309571
1962,exponential,0.2311152690446456,-1.7944304065590415,0.6278189467727318,0.0,0.0830697534339523
1963,exponential,-0.3193220365174887,0.3,2.059867733398935,0.0,0.0100476671685865
1964,exponential,-0.1,-2.495174894701797,-2.239288632351948,0.0,0.1743228973421716
1965,exponential,-1.0099343942393193,-0.7842056005873133,1.944084133137132,0.0,0.0681181843531034
1966,exponential,0.9737014653746868,-1.2967170566566777,1.5734869674678595,0.0,0.110080514958926
1967,exponential,-1.4618154459070611,-0.9323401401142823,-1.8837338222364368,0.0,0.0987060915278173
1968,exponential,-0.1057941597965261,0.9182302975175508,2.4521924971383733,0.0,0.0119497253344244
1969,exponential,0.5506447006096082,-2.5874731678113685,-1.2304569101654053,0.0,1.1748705819916037
1970,exponential,-1.37925198134063,0.7130082275467866,1.1886137113845567,0.0,0.0817577383005628
1971,exponential,-1.155020296530954,0.7665344023072245,-0.0836428443998862,0.0,0.0452351846129502
1972,exponential,1.5822424450466377,1.2765833813451757,-2.11747316291482,0.0,0.5600062158651499
1973,exponential,-1.594223504293407,1.1445602074765402,1.2007230608757151,0.0,0.1412010703637486
1974,exponential,-0.7100675343775853,2.2078624829690785,0.7953119934846393,0.0,1.7440019863091318
1975,exponential,-1.162549118349681,0.7967018814193945,1.811630592974636,0.0,0.1109577788318395
1976,exponential,-0.5131955256464251,-0.3126087738693872,0.1685673627660513,0.0,0.0101245055264867
1977,exponential,0.2421362098343067,-0.3,-1.8588365531470223,0.0,0.0050353861180169
1978,exponential,-1.7135699433955909,1.9028611905885509,1.5692412835572842,0.0,1.218324662571252
1979,exponential,-0.4084419703396005,1.8268990046257807,-2.2160756210492463,0.0,0.2169323488806342
1980,exponential,1.8576930334127844,-2.704415909299182,-0.5104317344595284,0.0,10.998091345636505
1981,exponential,-0.1736301243741813,-0.4934418465521011,-1.613592195190764,0.0,0.003318338804999
1982,exponential,0.650490952270498,-2.0756698858374483,-1.2743225125861508,0.0,1.2216616377192948
1983,exponential,1.5155517659034774,-2.1350297304839216,-1.4730771882219198,0.0,3.251106894029871
1984,exponential,1.8959921880086057,1.7930220378430528,-1.26001719079087,0.0,0.4913995184562822
1985,exponential,0.2519748523722982,-2.37564340436878,-0.1964169686691521,0.0,0.8191146726296097
1986,exponential,1.952487800038722,2.72412639407123,0.6344425500364199,0.0,4.360818491974283
1987,exponential,1.2592002716971056,-1.8976066920677173,-1.6791742520071695,0.0,1.6653644238414151
1988,exponential,0.1752255420646231,-2.5749004106458457,-2.6294788044937443,0.0,0.3476995197782014
1989,exponential,1.986375616049441,-0.3,-2.803481102255676,0.0,0.030871038574842
1990,exponential,0.1850150601592912,-0.3,2.119965085691808,0.0,0.0024535295622038
1991,exponential,0.5536240931619694,-2.98210220612558,1.999406376833594,0.0,2.9820383224590814
1992,exponential,-0.829555684661428,-2.816236758984391,1.615117207349332,0.0,4.848422120779946
1993,exponential,0.1,-0.6935546637167573,1.2206707282305658,0.0,0.0024582696163152
1994,exponential,-0.5042413466113898,-0.3,-0.3819975871384695,0.0,0.0121098820198491
1995,exponential,-1.4288013228014562,2.3045891891313763,0.4327200782040306,0.0,3.29592130157316
1996,exponential,-1.0101904045080103,-1.035175197184225,-0.5658674979144775,0.0,0.1699749664009932
1997,exponential,-0.3312292559128162,1.0268511939410248,-0.1806330114842076,0.0,0.0622547058772662
1998,exponential,-0.9037872574115546,1.7416798136725813,2.440150601653668,0.0,0.8819794448941434
1999,exponential,-0.10946707422594,2.250325573919228,-1.6065333571544422,0.0,0.1000241076107454
2000,exponential,1.9159817275417428,-2.3710812521229547,0.2780695496086576,0.0,6.5349664811771655
2001,logarithmic,-0.892559430759241,5.358820810430927,0.6192302602969724,0.0,0.0109102833211602
2002,logarithmic,-1.3297203977837784,2.2008586235355034,0.7532414192432402,0.0,0.0559774163080785
2003,logarithmic,-0.1,7.673397396022016,-2.349468336827103,0.0,0.0014167757351317
2004,logarithmic,1.2794206242537205,5.113695456473835,-0.8968100588534633,0.0,0.0085011003357789
2005,logarithmic,0.2377011213118343,3.5210127286704185,-0.0251523704886738,0.0,0.0095014916323671
2006,logarithmic,-1.2421881273098552,7.960053237125134,-1.1690173775909114,0.0,0.0046119574427875
2007,logarithmic,0.9844715842561556,7.133823885089006,-0.3474729637095772,0.0,0.0062307129715625
2008,logarithmic,0.2298183266957822,6.035189314689934,2.801843611029364,0.0,0.0016972402100027
2009,logarithmic,0.667457858662102,5.8964202609705545,-2.447528078445247,0.0,0.0080799816753249
2010,logarithmic,0.7057861344820737,5.437414101007764,0.5391606016666417,0.0,0.0100863118242577
2011,logarithmic,1.45730234671362,5.222867246648475,0.8209154597041137,0.0,0.027656099618191
2012,logarithmic,-1.449680942574409,3.641717063214003,0.6662078781360803,0.0,0.0344374394314727
2013,logarithmic,-1.770251939638117,7.216803944344504,-1.9842181372982977,0.0,0.0301815564773285
2014,logarithmic,0.4393869827465093,3.806009968689886,1.0893814621504827,0.0,0.0131459730860756
2015,logarithmic,-0.8666768154140083,5.191981744573771,-0.4167046684742095,0.0,0.0120476425591552
2016,logarithmic,1.087426111614957,7.376627253926024,1.462906263704543,0.0,0.0127125196944117
2017,logarithmic,1.4310883505378285,5.210360996522258,2.453211266742892,0.0,0.0357058755599794
2018,logarithmic,1.4864874640876904,2.2722883289169737,1.1772022249270495,0.0,0.0900590798882873
2019,logarithmic,1.0542496070733267,4.512484687242296,0.855457777224701,0.0,0.0122270982606142
2020,logarithmic,-0.8307620075739921,3.42928426855671,0.843137310308324,0.0,0.02634459624638
2021,logarithmic,0.2686450601040024,2.578680738342296,-0.2890117181096348,0.0,0.0044558759843683
2022,logarithmic,-1.1171084181753237,6.346314212617926,-2.753347095322149,0.0,0.0221180586625667
2023,logarithmic,-1.6540550309950652,5.687615228139517,0.6072258762267371,0.0,0.0264063460909904
2024,logarithmic,1.639803902169244,7.411037686332786,0.2333493188595592,0.0,0.0163512113135096
2025,logarithmic,-1.07675701882342,2.4489358365907967,0.0181326038853137,0.0,0.0373309702757088
2026,logarithmic,1.8826795889797652,4.197632140808118,-1.704660895483657,0.0,0.0186121303663029
2027,logarithmic,0.2787144451386969,3.758340686308597,1.0792912228072034,0.0,0.0084584297581117
2028,logarithmic,1.3682789125174415,2.430717368183013,-2.3252098408051665,0.0,0.0871465970081881
2029,logarithmic,1.7410888197764431,4.572984948235098,2.68603681815081,0.0,0.0457476673101211
2030,logarithmic,0.2908925393571215,3.615738633459187,0.1650068978036163,0.0,0.0059450818869443
2031,logarithmic,-0.1650592404458244,2.165924258880631,0.1718904376148424,0.0,0.0105261219763181
2032,logarithmic,-1.5952668962137366,5.815258108863182,-0.7016771652935616,0.0,0.0256551299982823
2033,logarithmic,0.2960282601623949,5.289807318857642,-0.1781114169058391,0.0,0.0055383229457235
2034,logarithmic,-1.409651236751578,2.325369983416721,-0.9386900740941906,0.0,0.0935746201068535
2035,logarithmic,1.5518377242663697,6.19910797412887,0.9430755431860938,0.0,0.0306611932001888
2036,logarithmic,-1.316411150894623,2.729824304601192,-0.7426174675114812,0.0,0.0636534730459765
2037,logarithmic,0.1166936193319378,3.624111025204093,-0.4358241233144184,0.0,0.0033492685977215
2038,logarithmic,0.7199209855102557,7.2104349487651,-2.857459870383132,0.0,0.0060093476141186
2039,logarithmic,1.3071596372900576,4.925556633085058,-1.2091572442047358,0.0,0.020064274090864
2040,logarithmic,1.5385582644142533,7.311309825525853,2.935630509638385,0.0,0.0185836971689808
2041,logarithmic,-0.755588835404128,6.061380661276865,1.9993025737609749,0.0,0.0118580168791448
2042,logarithmic,-0.1797489728164234,5.681805273845917,-0.3454781604465218,0.0,0.003766817405492
2043,logarithmic,0.8443397684262832,6.881585050610633,0.9451375288857324,0.0,0.0061978090302541
2044,logarithmic,-1.3580369586587475,2.5019450239302845,-1.8867187306907296,0.0,0.0480620370234405
2045,logarithmic,0.3437003610026865,2.325725636400926,1.5219023710379842,0.0,0.0104534706819575
2046,logarithmic,1.847015064063949,7.544572178591492,-2.122209787505122,0.0,0.0107976635629069
2047,logarithmic,0.3246637697483754,7.434621718459311,1.2993431806857902,0.0,0.0016886274446813
2048,logarithmic,-1.5349963795278132,7.268494865491686,2.399183386675519,0.0,0.0099438946769032
2049,logarithmic,0.1361367254794503,4.757349882730718,1.2882587843396305,0.0,0.0027630379116018
2050,logarithmic,0.5680809118332877,4.528216635820749,-2.783289038330504,0.0,0.0083864637969429
2051,logarithmic,1.6949782817567836,4.6284736133588975,2.000253041570648,0.0,0.0379541720299227
2052,logarithmic,-0.8862626998743255,3.263892348742637,0.0697896299881453,0.0,0.0332979710043046
2053,logarithmic,0.4774049268453537,3.776599302983314,-2.714214133684345,0.0,0.0130564702822212
2054,logarithmic,-0.7675737463656409,6.782883769054532,-2.095402217803044,0.0,0.0140557778229233
2055,logarithmic,-1.4629307221399357,6.894412512317588,2.387997629343273,0.0,0.0077125817846109
2056,logarithmic,0.577538422700171,6.127564898381545,-2.7129501238258715,0.0,0.0036528298664256
2057,logarithmic,-1.4776117830613362,6.78081065936291,-0.8974946145089051,0.0,0.0234216200046504
2058,logarithmic,1.1501632762556504,7.293357192896115,0.8893065580824562,0.0,0.0117063349240753
2059,logarithmic,-0.5633081984062351,4.2863648308139854,-1.6053968427455938,0.0,0.0098857797003024
2060,logarithmic,-1.7037992234731365,7.377441468560356,-2.451387860204271,0.0,0.0295490258934907
2061,logarithmic,1.8710482346604884,5.8338889142250805,-2.935003961845286,0.0,0.0251124739166408
2062,logarithmic,1.801468992432784,3.357334397968633,-1.5435310100573785,0.0,0.0749066937447287
2063,logarithmic,1.2220592124520904,2.713233388132819,-0.3654331624236429,0.0,0.0150589291291806
2064,logarithmic,-1.2578156602026755,4.239277163303739,-1.99047901733742,0.0,0.0289979481492973
2065,logarithmic,1.752673027492071,6.2530097753385245,-2.5698323753283354,0.0,0.0249320580360728
2066,logarithmic,0.265245851138765,7.549512718152508,-0.8885815470383713,0.0,0.0030821661609532
2067,logarithmic,1.966006727703665,7.818751090600388,0.6827967641709694,0.0,0.0297352682626006
2068,logarithmic,1.409370210583976,7.002961808016975,0.1132967692017636,0.0,0.0147737522266398
2069,logarithmic,-1.2716166895473933,4.425855385988634,-0.0441198718068371,0.0,0.0329661894778399
2070,logarithmic,-0.1758708704097631,5.806678532960403,2.9735742298462435,0.0,0.0019774653577798
2071,logarithmic,1.8302283931497696,6.466008942452111,0.8567312189767606,0.0,0.0076755918847832
2072,logarithmic,0.202779409021844,4.49062248471239,0.8005964513635213,0.0,0.0045027021221187
2073,logarithmic,-1.2255956628142712,6.59364244531862,-1.6535621356167136,0.0,0.0242318413449513
2074,logarithmic,0.621553596503583,7.985407870133427,1.051247897060609,0.0,0.0037277861395104
2075,logarithmic,-0.3226089350497907,3.902222714601695,0.9557176323851286,0.0,0.0057690891876618
2076,logarithmic,0.1480266695380567,6.634417479623625,2.2966632835875918,0.0,0.0013344608499648
2077,logarithmic,1.6475325149638516,3.486425184185108,1.2778808022866457,0.0,0.0168315551077528
2078,logarithmic,-1.5615234472108803,5.128010629541692,2.108897316801719,0.0,0.0088171689584249
2079,logarithmic,1.7418628174635415,3.6598548272350495,-2.448384419599776,0.0,0.0646889441961974
2080,logarithmic,1.8413682555650397,7.776853683939663,-2.8859346719746317,0.0,0.0188741142408838
2081,logarithmic,1.2349251379655444,4.840074011872963,1.2023927360076856,0.0,0.0308081208589871
2082,logarithmic,-0.6636487026575866,6.040867756470769,-1.3140190647484178,0.0,0.002903776067307
2083,logarithmic,1.388250596998731,3.574147203087092,-1.687901326882761,0.0,0.0111429944311913
2084,logarithmic,0.6434250250371982,6.071660248610004,-0.223761738607882,0.0,0.0076400870843694
2085,logarithmic,0.4606778682067491,6.4343357575844085,-2.4118092620390774,0.0,0.0076002755776327
2086,logarithmic,-1.91211282698592,5.289514796404257,-2.55702135372474,0.0,0.0194441506089265
2087,logarithmic,1.079702195883257,5.266859201544412,0.1670688413197383,0.0,0.0196451596146937
2088,logarithmic,0.1689999810459608,6.704565834908053,-2.9307637518604737,0.0,0.0014151198429119
2089,logarithmic,-0.5968038469270964,5.450908816388029,1.0356523987837996,0.0,0.0094138354834149
2090,logarithmic,-1.4894175230404767,4.501952194269732,-1.3110853177437674,0.0,0.0333179511494488
2091,logarithmic,0.6017686453068971,3.667462950021866,-0.7841675548069222,0.0,0.0213552261478587
2092,logarithmic,-0.1,7.787447567056638,-2.231085001162808,0.0,0.0016015686191414
2093,logarithmic,1.924881506415785,2.5115038230478897,-2.2720746413513746,0.0,0.0852959699232144
2094,logarithmic,0.4846512246800007,3.5596126429337964,-0.1147435478852747,0.0,0.0167637385990573
2095,logarithmic,0.937517872571732,3.502956865319467,-0.4996050611853531,0.0,0.0193530055417531
2096,logarithmic,-1.1122468005691757,5.174171219405443,1.036287630422743,0.0,0.0139699041520363
2097,logarithmic,1.317349178673047,6.546842359497664,0.0001718733940583,0.0,0.0102098086796544
2098,logarithmic,-1.7480749955263506,7.650539729437968,-1.6257006642888434,0.0,0.013858764928438
2099,logarithmic,-0.4002974326352491,6.435653946999096,-0.655280998390321,0.0,0.0037172636529279
2100,logarithmic,0.8980622657858328,3.97978499505067,-2.8933744094766007,0.0,0.0239542915004001
2101,logarithmic,0.1,3.496192724778515,2.4724049458595374,0.0,0.0030532609987292
2102,logarithmic,1.0382478039793286,7.192240551497942,1.4167748221879697,0.0,0.0183219319951396
2103,logarithmic,-0.7053658669062597,5.411031425505408,-2.9007155188898386,0.0,0.0161170996377962
2104,logarithmic,-1.1355021294179384,5.3592458651009816,-0.4726173907132995,0.0,0.0067947943094327
2105,logarithmic,-1.9918900820775096,6.907981456900821,1.7956431121648215,0.0,0.0105432069977555
2106,logarithmic,1.2528410938090428,2.161578673495822,-2.943585532781743,0.0,0.1180533545238701
2107,logarithmic,-0.9756379961105592,3.2263616627208944,-1.1352458514351056,0.0,0.0110462386032535
2108,logarithmic,-1.639135116408872,2.679894779892479,-1.501795656427564,0.0,0.0700287109482724
2109,logarithmic,1.0743622559536226,4.089275487167031,2.792626932513488,0.0,0.0203896672505522
2110,logarithmic,-1.6632236389461883,2.7587416497872512,-0.3877779521155533,0.0,0.0314598331489949
2111,logarithmic,-1.801514694038885,5.257673878534337,0.0820622973591049,0.0,0.0330203343400365
2112,logarithmic,-0.1,2.559225705627308,2.9941742642675866,0.0,0.0013563801093585
2113,logarithmic,1.868770897269694,2.765001817414163,2.17338206473866,0.0,0.0692827087396262
2114,logarithmic,1.5273069379766169,6.800843407976663,-1.1877119597399948,0.0,0.0220736197156292
2115,logarithmic,1.6000174643635248,2.5993860677767517,2.219021217098052,0.0,0.073030063115745
2116,logarithmic,0.1458620033696429,5.716281171835702,1.1265216508072804,0.0,0.0010142873753524
2117,logarithmic,1.5011353108674448,7.276342027010866,-1.1539004538728077,0.0,0.0093122669319968
2118,logarithmic,-1.3861113951066617,2.458774801923168,2.6888944534682557,0.0,0.0926560828408911
2119,logarithmic,-0.7774450395904688,3.780525601973138,1.4890776095645917,0.0,0.0179691314924885
2120,logarithmic,1.5637094472693476,6.60332444564537,0.6271538457843286,0.0,0.0194421986309942
2121,logarithmic,-1.958771447317808,4.847860149401101,-2.1194133534884654,0.0,0.0245826656046999
2122,logarithmic,1.322392846815597,5.014363612357799,-2.1881544716684806,0.0,0.0127637473653173
2123,logarithmic,0.9607581154137717,2.796179424710407,2.3402316136057983,0.0,0.0462195367343365
2124,logarithmic,-0.5783859442952117,6.439727587927809,0.4336896990317109,0.0,0.0064468227593915
2125,logarithmic,-1.3322387245264098,4.085906324291081,0.6082717536001967,0.0,0.0374222552483083
2126,logarithmic,1.8130408595934056,2.690252922729264,2.8271238487308032,0.0,0.1053533774407881
2127,logarithmic,-0.4787864984172061,5.285740791072518,2.5501333908473924,0.0,0.0066481497900728
2128,logarithmic,1.8808000140225236,3.459997748580673,0.1578611333856994,0.0,0.0226305099644082
2129,logarithmic,0.2485581393562657,4.108763806362199,0.0355298817575451,0.0,0.0043658276737442
2130,logarithmic,-0.8695117782876358,5.1042979226697565,1.2855308883157317,0.0,0.0125419619964409
2131,logarithmic,-0.5501190564077176,2.2240537549794266,2.4907425955198264,0.0,0.0398971606750751
2132,logarithmic,0.9315741409608228,5.115293562193221,2.177496085820428,0.0,0.0060613499408223
2133,logarithmic,1.065645094224425,4.897105719512144,2.86288759498221,0.0,0.0258547546387216
2134,logarithmic,1.9320112808291456,4.45236893119765,-0.9555523735192492,0.0,0.0198103125814837
2135,logarithmic,-1.944712269067096,4.607197074442682,1.0948274477318618,0.0,0.0457761200717986
2136,logarithmic,-0.7601623154611628,6.0999850300138965,2.412443783894725,0.0,0.0040594449831523
2137,logarithmic,-1.5791749600778848,3.374936716880522,0.914192314777452,0.0,0.0202785802507145
2138,logarithmic,0.8558584408328382,6.278933937599572,-2.1853305539490973,0.0,0.0043967080218372
2139,logarithmic,-1.4538312829194695,2.6466966758637223,-1.5644865669513457,0.0,0.0506554421686909
2140,logarithmic,0.378931371647456,5.797695761175879,-0.1790923521819807,0.0,0.0033826126864383
2141,logarithmic,1.922739261530236,3.289779256417746,2.5203324780877256,0.0,0.0419516118313219
2142,logarithmic,1.3065349950574756,2.3334237022712343,-0.539822180638243,0.0,0.059683350707694
2143,logarithmic,0.3480296020503206,4.267234014000113,-2.890184818827224,0.0,0.0092102376871497
2144,logarithmic,-0.4904985787133711,4.873135568101943,1.3152210290810764,0.0,0.0122636611664612
2145,logarithmic,-0.9915058115458916,4.162321807233102,-2.5912885158496275,0.0,0.0122863833667794
2146,logarithmic,0.8910998344849501,3.4269187449067267,0.0201642101769436,0.0,0.0119513560403041
2147,logarithmic,1.9253711505679976,7.817446022206283,0.681676858173589,0.0,0.027732737934733
2148,logarithmic,0.5173127240734474,5.119624052507637,0.8492712743578084,0.0,0.0113724347387684
2149,logarithmic,-1.3985345596978251,3.483183529299738,1.2745160829170388,0.0,0.0401142066203451
2150,logarithmic,0.9201871246809112,5.191001507480788,-1.3986924939155003,0.0,0.009100416565187
2151,logarithmic,1.5019689165670511,7.750845964752191,-0.89882530473289,0.0,0.0120499506436715
2152,logarithmic,-1.2951747712437376,7.5435895796290495,0.7255070363329947,0.0,0.0140460040319831
2153,logarithmic,-1.0762196964855195,7.47532027088277,-1.8974627786300649,0.0,0.0040249078851239
2154,logarithmic,1.9422057798665089,5.502211746805365,-0.7994959777893405,0.0,0.025631694124033
2155,logarithmic,1.653854220855408,7.76617846475167,0.7725481084071433,0.0,0.0230185881149041
2156,logarithmic,-1.845043107927592,5.833323202177681,-1.5470267109522555,0.0,0.0394759107061972
2157,logarithmic,-1.8495058972652776,4.184706431866179,0.9222990573484168,0.0,0.0521694328927618
2158,logarithmic,1.0064199140502377,4.533019205576021,2.619296192253656,0.0,0.016954623939374
2159,logarithmic,0.4288362199867914,2.7113388122140067,-0.906119009891571,0.0,0.0066794654309822
2160,logarithmic,0.7982464206319948,6.445617500241646,-2.3429533143369663,0.0,0.0135908934586785
2161,logarithmic,-0.1,4.786174642319852,-2.385186565685086,0.0,0.0012154030948152
2162,logarithmic,-1.3003403277069716,4.2639884223989775,-1.2434232593495669,0.0,0.0390121997390072
2163,logarithmic,-1.1065752495718262,6.650080341080226,-1.6427528438262438,0.0,0.004931245448437
2164,logarithmic,-0.8491814920457603,5.53636391228419,-1.936307652574977,0.0,0.017204878536472
2165,logarithmic,1.617198120102057,5.797453104529357,2.80514285107549,0.0,0.0194931974512553
2166,logarithmic,-1.5541652227935665,4.923970069554274,-0.0824431619939431,0.0,0.0351525435845492
2167,logarithmic,1.0077655281004638,4.0445416188530245,-0.0875100554664491,0.0,0.0305863620008614
2168,logarithmic,-0.1,2.8549389554069204,0.6059915031827856,0.0,0.0040342038644425
2169,logarithmic,-1.6309664286811465,3.1700849905086343,1.5189486657069793,0.0,0.0543168963334891
2170,logarithmic,-1.857728183124293,4.997937017832357,-0.4370485381880504,0.0,0.0396987839880255
2171,logarithmic,0.804908275459173,5.971551668891827,1.5410093129589146,0.0,0.0109987567447256
2172,logarithmic,1.514065145589047,6.380390523443987,1.6531001227742506,0.0,0.0156804116295275
2173,logarithmic,1.5690840030933488,6.767976909637158,0.2124832011371031,0.0,0.006124765450751
2174,logarithmic,-0.6601333310460702,4.44113243880432,2.782240256121331,0.0,0.0191614940892026
2175,logarithmic,-0.512402096512174,4.633488425424938,0.9139609680445356,0.0,0.0106354658593723
2176,logarithmic,-0.1,2.3220343532049625,0.6431035550995157,0.0,0.0033248504903134
2177,logarithmic,0.7109172599548428,2.7740904283614207,-1.990161364513353,0.0,0.0282328863469599
2178,logarithmic,0.1,3.8033245661569,0.0255022472965826,0.0,0.0013657493050351
2179,logarithmic,-0.1,6.509694586560501,-0.6866002683588648,0.0,0.001
2180,logarithmic,1.5741687799821291,5.390956221967535,1.2625935385096163,0.0,0.0317041453632297
2181,logarithmic,-1.3704234095467207,4.307056358859214,0.7457826810289592,0.0,0.0144371612734805
2182,logarithmic,1.2877730617748973,7.395586528501289,2.8170975423515374,0.0,0.0174921091279356
2183,logarithmic,-1.3920561719365074,2.2259423357064367,-0.123810337592241,0.0,0.1078038306442989
2184,logarithmic,1.3619016979699974,6.23976565556452,-1.674545931402912,0.0,0.0220842828224324
2185,logarithmic,-0.4342719945635629,4.586485790380986,-1.1616200107332704,0.0,0.0078912724754932
2186,logarithmic,0.2285140756308079,4.376763110372219,0.2178138540650698,0.0,0.0054281942453024
2187,logarithmic,-0.9191562709724366,3.1747643658524405,2.9044677273220945,0.0,0.0229428044480763
2188,logarithmic,0.1026313854640585,2.262676465805244,-0.2045645368590589,0.0,0.0057110242170723
2189,logarithmic,-1.536463687827613,2.431224514163259,-0.0727694292269642,0.0,0.0911285261738075
2190,logarithmic,0.1230146847340369,4.442615148386746,1.8077101014913204,0.0,0.0011023004648597
2191,logarithmic,-0.2184561859265739,3.230767280945339,-0.0077082464861453,0.0,0.005054775506223
2192,logarithmic,-0.963188080616741,6.589263965059299,-0.6866864911423698,0.0,0.0126892107548891
2193,logarithmic,0.1792766360564055,5.632716017885213,1.178985580189095,0.0,0.0028120848283125
2194,logarithmic,-1.5113993828750605,7.472878542390854,1.6448810959192262,0.0,0.0126322197953275
2195,logarithmic,1.5239932808155028,3.64561826396315,1.1671478507440272,0.0,0.0541048294265966
2196,logarithmic,1.3968805426064366,7.3068016287333,2.238263130270488,0.0,0.0160362061627753
2197,logarithmic,-0.5954407222909803,3.371744484954754,2.9514275091273783,0.0,0.016404422336985
2198,logarithmic,0.833919448165457,4.28306381585046,-0.0747861154415514,0.0,0.0129539816888773
2199,logarithmic,0.1730576858636818,7.686949951908245,-1.0540317833031585,0.0,0.0014715448181057
2200,logarithmic,0.9528785051950508,3.617995680605768,-1.1686788003668709,0.0,0.0285362938641406
2201,logarithmic,-1.2996837652155246,2.625411073891424,-1.650873167172496,0.0,0.0317927743341418
2202,logarithmic,0.3088274927191228,5.06302490999818,-1.7675279390208891,0.0,0.0070171819808057
2203,logarithmic,1.7090465055944284,6.469824459319149,-0.0308863336551192,0.0,0.0184061970503127
2204,logarithmic,-1.0318534370349584,2.487658467000817,-2.111947602959232,0.0,0.0487459435805557
2205,logarithmic,-0.9566696022988604,3.3096656696771696,-2.1052123385354005,0.0,0.0094207100213302
2206,logarithmic,-1.1267049652449237,3.4410470517844463,2.195804587528227,0.0,0.0446946364168829
2207,logarithmic,0.964183876993188,4.629321294747452,0.6421951289198988,0.0,0.0190961943048372
2208,logarithmic,-0.1579061660228151,3.086582908825127,2.2131791689432383,0.0,0.0022700536874864
2209,logarithmic,1.9722859652981763,4.556045290072413,0.7766831824451557,0.0,0.0251752806820878
2210,logarithmic,-0.8563149809118085,5.458969704968306,2.7998747896345444,0.0,0.0047867879150013
2211,logarithmic,-1.6491522214381256,4.669652281645728,0.7602883158985372,0.0,0.0171827661204619
2212,logarithmic,-1.6193276348783496,5.222542665156466,-0.7109251117344435,0.0,0.0114840542122116
2213,logarithmic,-1.861883340619752,7.078981702936252,-2.822096022481179,0.0,0.0113388518838418
2214,logarithmic,-0.5309337788354878,4.124498026487,1.0768860294980689,0.0,0.0168470294232214
2215,logarithmic,0.1,7.036359198937188,0.0693303695383718,0.0,0.0012431969694061
2216,logarithmic,-0.6458003022729732,3.485350457289587,-0.3222789875839416,0.0,0.0151062574683362
2217,logarithmic,-1.292159670125904,7.8211138888028255,0.4338153647489688,0.0,0.0060895894938379
2218,logarithmic,0.5909665191202289,7.752416874366121,-2.639290418130797,0.0,0.0035527857270683
2219,logarithmic,0.8460032595624676,4.20475688416929,0.3705089903397378,0.0,0.0080839910805321
2220,logarithmic,0.1836074705593766,2.865047891076106,0.6730203509083816,0.0,0.0058695479260722
2221,logarithmic,-0.7542815392274549,3.1925507106701394,2.9120698407712364,0.0,0.0160864836704172
2222,logarithmic,-1.7193677197045774,7.78536336609373,-1.201423751110879,0.0,0.0070947223840021
2223,logarithmic,-0.5880309100677028,4.485993597219277,-1.3657118295118045,0.0,0.0083917857210933
2224,logarithmic,1.8935163384171263,4.174702471051452,-2.643894199686944,0.0,0.0553018105033843
2225,logarithmic,-1.496862094889496,5.739857745632089,2.191078742697246,0.0,0.0075367005088249
2226,logarithmic,1.45083739553767,2.428955918622049,-2.8273762871892894,0.0,0.088585280793294
2227,logarithmic,1.0748222226134896,7.321599567783885,1.320255693059015,0.0,0.0088909647976159
2228,logarithmic,-1.529377669080418,3.337901778930821,-0.8909788460802659,0.0,0.0415065418316682
2229,logarithmic,-1.3779514147585743,6.437869781136358,-1.5972593609440582,0.0,0.0098410801841297
2230,logarithmic,-0.8740628863665001,4.959946129907635,1.9333129964291729,0.0,0.0088580232438387
2231,logarithmic,0.1182017389218135,5.273100066758964,-1.4366924556634788,0.0,0.0024599105500364
2232,logarithmic,-1.214341469269736,7.984289567520959,-1.4599336088078712,0.0,0.014802332791683
2233,logarithmic,-1.238933446886518,6.996969360158685,-0.9619484632896604,0.0,0.0124273771307692
2234,logarithmic,-0.1,4.650142525748214,-2.668941140682268,0.0,0.001
2235,logarithmic,-0.1687993072121112,5.781078203787541,2.146268273720187,0.0,0.0020708214128947
2236,logarithmic,-1.9548762052169493,3.090302886612404,1.2344000416147418,0.0,0.061215700842846
2237,logarithmic,0.9758821959437722,6.640088736036075,1.9851348730556893,0.0,0.0144118774879973
2238,logarithmic,-0.4989062595240607,2.5451089876405715,-2.736238083496195,0.0,0.0308761149611383
2239,logarithmic,-1.1834018589097988,6.9854383294630455,-2.476170671985866,0.0,0.0157611992647927
2240,logarithmic,0.8396404445204855,2.1515555978418126,-2.144557626697467,0.0,0.0223452123921782
2241,logarithmic,0.8731945792670208,5.886964160169084,0.8178626829656812,0.0,0.0120568078979933
2242,logarithmic,0.402196213544955,5.916297844159265,-1.684578548622855,0.0,0.0088087296652373
2243,logarithmic,-1.8803531793703163,4.5563517050298,-0.1765284393877682,0.0,0.0460476520748485
2244,logarithmic,-0.6096999600461435,2.777594745756523,0.0779878292307589,0.0,0.0268679219767287
2245,logarithmic,-0.7022288376582351,5.886569966601707,-1.4729061104586934,0.0,0.0104079330210481
2246,logarithmic,1.0560349644287577,7.7983833781287615,2.183976690953031,0.0,0.0080876261948079
2247,logarithmic,-0.5701501563686882,2.538166311900653,-1.8001008334454636,0.0,0.0365669661452035
2248,logarithmic,0.8677178215715973,5.722306958007798,1.402921757263936,0.0,0.0053655756864047
2249,logarithmic,1.0788883042170645,6.5162992147787975,0.1362186973632893,0.0,0.0173123989269253
2250,logarithmic,1.8189324570140188,7.670647442149916,-1.2504356884883767,0.0,0.0194243112794518
2251,logarithmic,-0.3989549480896945,3.2582715901002004,-1.3324338070750412,0.0,0.0059300329322368
2252,logarithmic,-1.758756374709157,3.3293824292188496,-0.3327043922503474,0.0,0.0313938815081821
2253,logarithmic,1.416611717955178,2.582092499365956,1.9191018332995784,0.0,0.0784826339320242
2254,logarithmic,1.9922835396393304,2.181289693704049,-2.718106573713694,0.0,0.0763456278305305
2255,logarithmic,0.5084280436377129,3.331758977418188,0.6105092920048785,0.0,0.0120858100033045
2256,logarithmic,1.6733026694680522,6.769569373565597,-0.6534091004422451,0.0,0.0098560159897746
2257,logarithmic,-1.499056068014653,6.057628191570038,-2.0583400321951526,0.0,0.0100065317957938
2258,logarithmic,-1.6162113431580685,3.735370305809254,-1.6113102176514174,0.0,0.0553444821802506
2259,logarithmic,0.5673991081230918,4.948621859594124,0.0883291884704555,0.0,0.0087158760168424
2260,logarithmic,-0.2315924690307058,5.156308596415242,-2.600456758202263,0.0,0.0039912125905554
2261,logarithmic,0.4477031097577799,2.5987520682238268,-2.254146938093102,0.0,0.027186227870608
2262,logarithmic,-0.8047255812780589,3.4213285246292933,1.5646203338781826,0.0,0.033206027409382
2263,logarithmic,0.6675215367123464,3.380794240804485,-1.4312859068344077,0.0,0.0258743088866388
2264,logarithmic,-1.4460612117979972,5.816953239921332,-1.6154424108355154,0.0,0.0116791890531215
2265,logarithmic,-0.1,6.042815056201507,-1.7997028061491471,0.0,0.0018907054413017
2266,logarithmic,-1.3325873859316977,4.822303137658535,-2.694226206733408,0.0,0.0228765963981091
2267,logarithmic,1.8275296937907504,3.573695651703705,-2.947217764663546,0.0,0.0580464528683213
2268,logarithmic,0.1,6.818627523038897,1.392042488877694,0.0,0.0014063034840442
2269,logarithmic,0.1,4.926205661386804,1.476163204527133,0.0,0.0024359729061126
2270,logarithmic,1.6047082222637217,2.5636376031643238,-2.6932387406356213,0.0,0.0597405391016127
2271,logarithmic,1.1841696781891329,4.746232650324828,0.7431626422190103,0.0,0.0302562976893198
2272,logarithmic,-1.4906949600583324,7.843319800224066,-0.2059108530505029,0.0,0.009533238438003
2273,logarithmic,0.226001019125646,6.206142872191011,-0.4162035256106957,0.0,0.0039541584878684
2274,logarithmic,-1.3825559500139115,5.465459842812522,2.065559530890889,0.0,0.0172306203511651
2275,logarithmic,1.9424171505623709,6.614327123905419,0.3244426249894312,0.0,0.0365161332599836
2276,logarithmic,-1.5672861569394851,2.1187624209539364,1.6482710915977623,0.0,0.0912468868966404
2277,logarithmic,-0.7592388022631864,2.5867320705024586,-0.740757266557202,0.0,0.0305586432336539
2278,logarithmic,-1.1179930363473,7.768290441288972,1.8507860249143075,0.0,0.0136846421646474
2279,logarithmic,1.942514314660834,7.453976566470823,-1.2315646935923248,0.0,0.0162056289941492
2280,logarithmic,0.4294605231785398,4.676319353664344,1.524237856185782,0.0,0.0112454841655999
2281,logarithmic,-1.7559340541398551,2.41646868763933,0.3726711943204277,0.0,0.0326583187109794
2282,logarithmic,1.2072655068739255,7.041573082799017,-0.7894905384009485,0.0,0.011928532402621
2283,logarithmic,1.1268466395471228,7.020800252354357,-1.473070805090308,0.0,0.0097393953216016
2284,logarithmic,-1.1973868176192357,3.555671061493709,2.123274772576842,0.0,0.0132454007934642
2285,logarithmic,1.4889005815147978,6.631074472922224,0.4760149178648953,0.0,0.0249285534898502
2286,logarithmic,1.6326131096729144,7.774705357456542,0.401726458285351,0.0,0.0262330259050499
2287,logarithmic,0.3558402990537188,2.932253238339122,-1.1055431223751802,0.0,0.0069476110168415
2288,logarithmic,0.5561773531249172,7.012330661313344,-2.046991121005981,0.0,0.0102115859964748
2289,logarithmic,-0.5418306592526343,5.741820117251005,-1.794683279416362,0.0,0.0030067319878816
2290,logarithmic,1.5099180210827878,7.719245879923246,-1.979316405247349,0.0,0.019025222530125
2291,logarithmic,0.3843278293803713,4.066473561134453,-2.994641507705743,0.0,0.0028567541295801
2292,logarithmic,0.1417717293179614,3.573054481556213,1.3442625749789254,0.0,0.003312701485619
2293,logarithmic,-0.7640987661647105,3.550282140813321,-0.7027343061740727,0.0,0.0142607951296338
2294,logarithmic,1.2432713525983603,7.342512071715495,1.823909687914825,0.0,0.0148289460344181
2295,logarithmic,1.0378169544810325,2.963619854475254,-2.6225740717715147,0.0,0.0505579574288616
2296,logarithmic,1.2985575453840998,5.136372165886533,1.120107007664715,0.0,0.022298246047152
2297,logarithmic,0.6594303702424993,4.05085470011314,-2.405235784346833,0.0,0.013781848540827
2298,logarithmic,-1.2424859823429668,5.849538403554549,-2.1736837209424844,0.0,0.0245966581300117
2299,logarithmic,1.0243045017916508,3.8627360136262414,-0.7253651233752438,0.0,0.0221667758974497
2300,logarithmic,-1.222283419508479,4.799896192680681,1.2709901987706642,0.0,0.0201453480244185
2301,logarithmic,-1.067891974740138,3.498165160133716,-0.7945744909149122,0.0,0.0407725277739059
2302,logarithmic,-1.6710662309642172,7.427393522150657,-1.6630243339099924,0.0,0.0275313975617199
2303,logarithmic,-1.0269862797393357,6.9847871003848905,0.7203812267347747,0.0,0.010474315268069
2304,logarithmic,1.821014257621948,3.421425702132373,-0.5420022328317038,0.0,0.023221678196073
2305,logarithmic,1.1038628323585016,7.362311540425386,0.3398318150566481,0.0,0.0148665675256527
2306,logarithmic,1.0560130014429707,5.264326018422588,1.1869523331877545,0.0,0.0162413008573342
2307,logarithmic,-0.9904127405771584,4.644512549029985,-1.695467764751582,0.0,0.0083729087449424
2308,logarithmic,0.9648687018500332,6.038788202226659,1.0816377787748983,0.0,0.0115206373729643
2309,logarithmic,0.9145919258161128,6.355722391874743,1.4366513993080456,0.0,0.014870674862062
2310,logarithmic,-1.5703521575372026,3.850817663320482,2.377528789158747,0.0,0.0461487786968964
2311,logarithmic,-1.886905987767852,4.556437757869562,1.3498814876037626,0.0,0.0427910205501192
2312,logarithmic,-0.7257081202294371,5.642254411991797,-0.5407695969186728,0.0,0.0105509336985437
2313,logarithmic,-1.2146605278152318,3.464837494370048,-0.8903498254953233,0.0,0.0417344064436807
2314,logarithmic,1.9213238483123043,5.584504424841075,0.427833280227369,0.0,0.0396679747062877
2315,logarithmic,0.8669338421997828,7.467474621723728,1.196472372810355,0.0,0.0061181833534234
2316,logarithmic,-0.1538117323855616,5.877816706603529,1.5775053112557025,0.0,0.0032132427813461
2317,logarithmic,-0.3114760528297404,5.944851710399764,1.9347667419175332,0.0,0.0054661432278376
2318,logarithmic,-1.6801887001791362,4.571208712178169,0.7937884451800024,0.0,0.016108727408789
2319,logarithmic,-1.4662036659464288,2.3676790100036857,-1.4374795334323005,0.0,0.057002984127518
2320,logarithmic,1.45643010056677,4.85849669351696,-0.0452602519737936,0.0,0.0225633088741712
2321,logarithmic,-1.1807116365595705,5.216992312565671,2.228728045437601,0.0,0.0160404156415108
2322,logarithmic,-0.4223146685910302,5.9752892285740495,2.0867944723747263,0.0,0.0045431669742968
2323,logarithmic,1.593810264827097,3.439648520258939,-0.9158455666173396,0.0,0.0341378419465566
2324,logarithmic,-1.2833119063993634,5.268356767361109,-1.20533182322225,0.0,0.00659531975828
2325,logarithmic,1.3429010146093407,2.395933143867865,1.0803480382405135,0.0,0.0310126815636877
2326,logarithmic,0.1134150536189491,3.448754695267313,0.9665744186128044,0.0,0.0014702510221557
2327,logarithmic,-0.2516678684884135,7.319238061565032,-2.930867072073139,0.0,0.0019399470734482
2328,logarithmic,-1.8915741668102903,3.881286858989096,0.1938908686667297,0.0,0.0138670421808515
2329,logarithmic,-0.7083793672526357,5.061692165149422,-2.029046353165916,0.0,0.007584226500453
2330,logarithmic,-1.2480421620758275,4.49095824911293,-0.0454048795197339,0.0,0.0232816576868077
2331,logarithmic,-0.3753454219437468,6.609120385874721,-1.6954272690661476,0.0,0.0056721060714065
2332,logarithmic,-0.51500986431205,3.186040118661541,-1.37649698598271,0.0,0.0149739649095989
2333,logarithmic,-1.9805281169704263,3.3187244462008403,-2.397361959536314,0.0,0.0287661309762591
2334,logarithmic,-1.209882430238748,2.528267185654609,2.88492688091012,0.0,0.0540667270951496
2335,logarithmic,-0.5112149329078881,2.519920727607012,2.9243732488774627,0.0,0.0200227674390495
2336,logarithmic,1.5642865611165018,7.651240039795031,-2.2420416510174506,0.0,0.0227072237524161
2337,logarithmic,-0.8904519821942434,5.700798893294349,-2.5429098814589874,0.0,0.013985358422096
2338,logarithmic,-1.5322051693146133,7.750416290354,0.303908486020779,0.0,0.0132096296121966
2339,logarithmic,-1.4704984195385815,5.069409111176481,-2.460734366593999,0.0,0.0155150451517528
2340,logarithmic,1.071803708372625,5.16958782412895,-2.886456518461358,0.0,0.0130277015830255
2341,logarithmic,-0.2062666985173624,3.8840540669875177,1.1380120840871504,0.0,0.0055310618157226
2342,logarithmic,-1.5771521208227397,5.768758595870756,2.9251366796017813,0.0,0.0353798209819203
2343,logarithmic,1.7837945296280917,2.519644140208945,-0.0096625895787987,0.0,0.0690509372384837
2344,logarithmic,1.4538736973195996,3.531308750979424,2.7053596279009504,0.0,0.0543617913205889
2345,logarithmic,-0.2176169574697488,2.507822332185428,-1.686623387335994,0.0,0.012273928565057
2346,logarithmic,-1.8435206309855283,2.318874260606182,-1.0558616656553963,0.0,0.0731779539594172
2347,logarithmic,-0.1,5.37508457098409,-2.08759550732001,0.0,0.0012379899022745
2348,logarithmic,-0.7976172667661032,5.355638049737555,-0.518875626836766,0.0,0.0105174443703058
2349,logarithmic,-1.976683420948382,6.32305825309968,2.318344648001915,0.0,0.0096922511136656
2350,logarithmic,-0.8463710127335542,5.050765385965597,2.2793479883469816,0.0,0.0113545087387452
2351,logarithmic,0.6298240432701849,4.224670989601591,-1.3730858559894992,0.0,0.0135812433844902
2352,logarithmic,-1.5194093399453106,4.787519609428445,1.6240702245946022,0.0,0.0099353524322017
2353,logarithmic,-1.7367825271850084,3.5787503697041623,-2.829648537561012,0.0,0.0540543656493795
2354,logarithmic,-0.9924656328169744,3.0880553820230654,-0.5169714707453625,0.0,0.0371040705027389
2355,logarithmic,-0.9343170846893032,6.102560402458989,-0.4282121907468585,0.0,0.0065544917095892
2356,logarithmic,-0.1,6.462081299122746,1.1446839138446272,0.0,0.0016259004863181
2357,logarithmic,-1.0954735208411752,3.36961246926558,1.6766894313521856,0.0,0.0129721579005442
2358,logarithmic,-0.1,4.667109604529745,2.6587701129319434,0.0,0.001
2359,logarithmic,0.6579608733500049,5.649255456070408,1.7403344900304365,0.0,0.004336493610978
2360,logarithmic,1.3578834211319255,6.8769023206679165,-1.976108915879674,0.0,0.0056167493430718
2361,logarithmic,-0.887771069164542,2.820100748486639,0.6334619855890296,0.0,0.0198755530673119
2362,logarithmic,-1.8087062717730904,4.430738528685076,0.2816361279538286,0.0,0.0457168027630917
2363,logarithmic,1.5291135810314724,5.439831522672755,2.6227377216349748,0.0,0.0079960206974656
2364,logarithmic,-1.5553978240924362,6.397178562083326,1.1937396399122662,0.0,0.0087279256402443
2365,logarithmic,-0.8658739936790805,4.453838994167484,0.2483106071886767,0.0,0.0221486654066632
2366,logarithmic,-1.7819589678258096,4.621438662970155,-2.052904094382361,0.0,0.0194530047087553
2367,logarithmic,0.7752426212273567,6.174961453080215,1.008864085409492,0.0,0.0111332235125709
2368,logarithmic,-1.8057305294904225,5.3800539651750725,-1.8680935696268488,0.0,0.0095755854328316
2369,logarithmic,1.1156135057760408,3.5580725945024283,0.7361736681266633,0.0,0.034993011187974
2370,logarithmic,1.3415379564434955,4.235193549132569,-1.901269604654436,0.0,0.029537379748939
2371,logarithmic,-1.0123768737412413,7.117208060567279,-0.9646900262267604,0.0,0.016553549273285
2372,logarithmic,-0.4194708762392718,2.127989771951727,-2.60351205100942,0.0,0.0177580971528736
2373,logarithmic,1.6163702060735363,6.635777252973011,1.5152326687250195,0.0,0.0256904779835
2374,logarithmic,0.4436723308310286,3.3659196263659057,-2.327374299306165,0.0,0.011568369933014
2375,logarithmic,-1.823279336262567,6.738357360774602,-1.1295218127362587,0.0,0.0192722709441533
2376,logarithmic,0.3935100662591697,7.870219960629365,-2.79238405532507,0.0,0.0058681994681782
2377,logarithmic,-0.6730153790473024,6.273016252017191,2.86983068314675,0.0,0.0029576492904641
2378,logarithmic,0.295058564886995,4.792024695443438,1.1364371992666218,0.0,0.0061814265282959
2379,logarithmic,-1.9788993274639792,3.130619686734612,2.971472929494901,0.0,0.05885267152214
2380,logarithmic,-1.4088326099468065,3.3804499261573806,1.3447926098401606,0.0,0.0175226444660534
2381,logarithmic,-1.2370998644459426,6.445052617964677,1.390029804460359,0.0,0.0123999648234467
2382,logarithmic,0.1,6.081689986186796,0.4305018426818017,0.0,0.0012953589048456
2383,logarithmic,0.731903472523133,6.267697819053518,-2.8072897593716326,0.0,0.0145010952067229
2384,logarithmic,0.1340328936996662,5.5576664779840526,-2.0349151778923757,0.0,0.0017663020301948
2385,logarithmic,0.4039750881478618,5.643792746195826,0.0567899815950516,0.0,0.0032169223507971
2386,logarithmic,0.9341530247601456,5.5276707526728295,-0.2916533612344265,0.0,0.0219430343922921
2387,logarithmic,-1.808103661151604,5.1041417977353305,2.435733252692886,0.0,0.0388807049651733
2388,logarithmic,-1.862598974161892,4.005046202571867,0.5855375543016832,0.0,0.0466968806552938
2389,logarithmic,-1.9722382520379704,4.211305740142469,2.208321772348397,0.0,0.0564833893530063
2390,logarithmic,-1.2791285881984131,3.802829762353119,1.199028707767588,0.0,0.0441876393737487
2391,logarithmic,-0.7706896112539114,4.570171808872318,-2.3127720366451543,0.0,0.0125396233241171
2392,logarithmic,0.6563487185720609,5.75978164287176,-2.4380545018828013,0.0,0.0061384554280119
2393,logarithmic,0.224243013224739,3.3323360719183386,-1.2046810773099896,0.0,0.0063694566350187
2394,logarithmic,1.7156669043442307,6.7516708780431,-2.314793458299396,0.0,0.0305202270663985
2395,logarithmic,-1.3119665225293766,2.4395786404277007,-0.6132903853923137,0.0,0.0616152325797578
2396,logarithmic,-1.090346940346958,5.443592401282055,-2.366549301703931,0.0,0.0231013994590857
2397,logarithmic,0.7265789949968138,4.716197813474219,0.3917895690531692,0.0,0.0051847560093647
2398,logarithmic,-1.98451195746133,2.740313302947013,-0.9486347902336174,0.0,0.0359665204334403
2399,logarithmic,-0.1,3.1785836527463545,-1.062072186246266,0.0,0.001436875311649
2400,logarithmic,0.1,5.394632952420016,1.21431908029618,0.0,0.001
2401,logarithmic,-1.465854352608008,6.353719105795301,-1.0323834163175465,0.0,0.0128085095373441
2402,logarithmic,-0.4489793559490032,4.971511580068453,2.978357129314639,0.0,0.0058527481129673
2403,logarithmic,0.1,3.428130984044244,2.5555266386128217,0.0,0.0038842087865734
2404,logarithmic,0.1893043744544558,6.905231216270719,-0.2889804192607115,0.0,0.0031871684408932
2405,logarithmic,-1.3777886472229357,4.373278540468693,-0.6822723138587881,0.0,0.0250698630270525
2406,logarithmic,1.8857040313701916,4.57710993607637,0.1963044048152009,0.0,0.0244817094652626
2407,logarithmic,-1.1276320579891663,4.44095487266039,1.3846740470364196,0.0,0.0143842166695302
2408,logarithmic,-0.6378401654797599,3.972074251154253,-0.8868582151720292,0.0,0.0069664454671751
2409,logarithmic,0.374125455724084,6.796266199681647,-2.04274812102643,0.0,0.0054679116036317
2410,logarithmic,0.5946164500505717,5.274336640405252,-0.5381972431016919,0.0,0.0108583321577795
2411,logarithmic,-0.6101073633321734,2.1815766365366698,0.7580429422433799,0.0,0.0124025531253311
2412,logarithmic,0.9715425092143928,6.442007339218613,-2.40110276246858,0.0,0.0076856492395666
2413,logarithmic,-0.3375247316763872,4.563592091227496,-1.1782425543937236,0.0,0.0083636837153872
2414,logarithmic,0.9478760047074156,4.754593914196496,-1.2421759858238268,0.0,0.0239493871480545
2415,logarithmic,0.3256581159235883,6.744450401461592,-2.4199290350683715,0.0,0.0029475590663269
2416,logarithmic,1.429027731584566,3.588578353077589,1.9646848502720111,0.0,0.0395438630622857
2417,logarithmic,-0.2528261404831187,5.16106754552883,0.5889943932332069,0.0,0.0018350639253648
2418,logarithmic,0.8694016617951292,5.163160890276875,0.567110139689504,0.0,0.0048022178270277
2419,logarithmic,-1.324636167059286,7.556564191416314,1.771699954843525,0.0,0.017370905743863
2420,logarithmic,-1.069028194817129,3.4608382456893105,-0.3264675302745377,0.0,0.0317152230388869
2421,logarithmic,0.9581885216433697,6.091459086748676,-1.1234402417935725,0.0,0.0189862769055407
2422,logarithmic,0.4868595207905746,6.035490321413372,2.071113392269596,0.0,0.0053219463519989
2423,logarithmic,-1.3828428738397425,6.045422410018367,0.9080527425688882,0.0,0.0288307774733725
2424,logarithmic,-1.4056576147058473,5.321366361172439,-1.9092413067366996,0.0,0.0205068997320773
2425,logarithmic,-0.4485519548705587,5.156280107140452,-0.676564691785809,0.0,0.0052920428952029
2426,logarithmic,0.5741563106458059,7.651053407768341,-2.2001793352120345,0.0,0.0041767084064418
2427,logarithmic,-0.4100189310045685,2.931097384461893,2.791898735108933,0.0,0.0154736125577232
2428,logarithmic,1.4674672247597331,4.504132573146986,0.5228103167947342,0.0,0.0196599366144212
2429,logarithmic,1.7597800328419444,3.745307022449276,-0.8980425629125515,0.0,0.0550178621639568
2430,logarithmic,1.5950782580720708,2.1617766160583773,-1.1579885866131534,0.0,0.150986948392285
2431,logarithmic,0.1922555483972821,3.819772354421058,-2.8719792467640213,0.0,0.0035955261265737
2432,logarithmic,-0.7210758169188161,5.844969769443743,1.1940943532296018,0.0,0.0055349344487092
2433,logarithmic,-1.513166411761306,3.4241641634470814,-1.5792026114480178,0.0,0.0612864209027178
2434,logarithmic,0.9835243864714598,3.14252653467575,-1.1689639012381927,0.0,0.0453091744543671
2435,logarithmic,1.3921942647230043,6.312442512513071,-1.3185322568521811,0.0,0.0113557036541814
2436,logarithmic,-0.1,7.074935570036043,-2.5450719616801223,0.0,0.00146215557787
2437,logarithmic,0.1,2.8735256226287267,-0.7202570652167526,0.0,0.0049024626073594
2438,logarithmic,-1.5410766137850285,5.540466244863555,-0.4356374543260966,0.0,0.0305141812288898
2439,logarithmic,-1.870177391371774,4.712588675080616,2.2469151328171,0.0,0.0165001829975109
2440,logarithmic,0.9583223491575076,6.560822955374846,2.181703347171041,0.0,0.004309686667874
2441,logarithmic,1.3170060637007863,7.68328451151886,-0.1924308870468443,0.0,0.0187135150117608
2442,logarithmic,1.3904911458635234,2.220756082841784,-0.6448927619040057,0.0,0.0473211482211575
2443,logarithmic,0.1,3.8981682624235976,2.418951600619036,0.0,0.0019603680295252
2444,logarithmic,-1.4466096027999569,3.971710223861572,2.4337191953075443,0.0,0.021295915924111
2445,logarithmic,-0.3793607030209887,7.885127503267782,1.9707009980144097,0.0,0.0047570131524135
2446,logarithmic,0.81294707696029,7.610809066896444,2.157747307594682,0.0,0.0125599249275158
2447,logarithmic,-0.9618843421154164,4.844962259187699,0.3891942906919663,0.0,0.0208413891523823
2448,logarithmic,-0.1,2.2878541130064582,-2.888403797516042,0.0,0.0057230185281144
2449,logarithmic,-1.1148597772775295,6.375722329218197,-1.1899250722179613,0.0,0.0150867123212659
2450,logarithmic,-1.778050522688221,7.812815029748727,-2.675831150870306,0.0,0.0254060422003584
2451,logarithmic,0.4414661708043437,3.586134031580687,2.1904964931688067,0.0,0.01706233977268
2452,logarithmic,1.2423752024075894,6.997045831784769,-0.631978557916482,0.0,0.0083892511582815
2453,logarithmic,1.0148476579150625,5.458149769683992,-1.893672121649808,0.0,0.0187865240044337
2454,logarithmic,0.8993363464131381,5.443411596185928,-0.295241413395054,0.0,0.0112189418617647
2455,logarithmic,-1.3876065038011245,3.86749571717745,-1.5968360769919958,0.0,0.0275287943583906
2456,logarithmic,-0.5944709241439816,6.149286419169927,-2.491419896040993,0.0,0.0113021501265157
2457,logarithmic,-0.8840870655314985,4.730525265709366,0.2855448599984935,0.0,0.0161442224141253
2458,logarithmic,1.3574353898575766,4.732002261505192,-1.9677396149023203,0.0,0.0146850089271828
2459,logarithmic,-0.1,7.563981973043482,0.6492312247546845,0.0,0.001
2460,logarithmic,0.273104156991121,4.171338892113416,1.8812908522338727,0.0,0.0086061697627277
2461,logarithmic,-0.7164466656180299,4.980119161116189,0.8499889920544192,0.0,0.0170772343433105
2462,logarithmic,-1.6983194034725102,6.293854962309549,-2.488404679440396,0.0,0.0091325793452837
2463,logarithmic,-0.5765025441173535,5.195615185747023,-0.0563998588974969,0.0,0.004239607245226
2464,logarithmic,-1.0949229644238605,4.24810334950047,1.7542265816669644,0.0,0.0143657885309354
2465,logarithmic,-1.0375703067494155,2.580143497983536,-2.545841827712216,0.0,0.0168749045879905
2466,logarithmic,1.8186822273936896,6.640772466279852,0.9139662188638642,0.0,0.0279440369229661
2467,logarithmic,-0.3908866480022799,6.600217948661548,-1.1165835383330094,0.0,0.0054859940388808
2468,logarithmic,0.986025877727077,5.522507665793104,-2.674919409913172,0.0,0.014855951000472
2469,logarithmic,0.3407355605669266,6.781037120903971,0.7743172505535014,0.0,0.0043467887027942
2470,logarithmic,1.709996111405479,6.748506560076844,-1.6029468276543388,0.0,0.0133017993011326
2471,logarithmic,-0.6944580928015451,5.690604528402093,-2.2527909438589004,0.0,0.014304305346351
2472,logarithmic,0.7769879771182162,4.683615926540318,-2.8782286496946643,0.0,0.0201368250008766
2473,logarithmic,-1.6884064560013743,6.406852375460055,-0.3510590737160655,0.0,0.0289037278162467
2474,logarithmic,0.9832300467390288,2.6106351007406947,-2.451313710692353,0.0,0.0245063483960327
2475,logarithmic,-0.89103602488996,3.935485515364803,0.1106502919348946,0.0,0.0274909313056982
2476,logarithmic,-1.872696217569408,6.315685708605923,-1.3957593293830246,0.0,0.0303111590635654
2477,logarithmic,0.4838761985692339,7.970059226597637,-1.2683448745333474,0.0,0.0018722170295617
2478,logarithmic,-1.8234961370561424,4.5057093313641445,1.9863993513620235,0.0,0.0537985419435669
2479,logarithmic,0.9589576479959154,2.5016429209749447,0.1626988019190838,0.0,0.0472034732305787
2480,logarithmic,-0.1277924224215931,6.093274704873616,1.8172935493521587,0.0,0.001
2481,logarithmic,-0.8515550707250843,4.028303627518474,0.4494298879742437,0.0,0.015244352516289
2482,logarithmic,1.1673424639160168,7.475011629685104,-0.6288854713444101,0.0,0.0202276689442031
2483,logarithmic,0.8376142951873478,2.7836876779739104,-1.4502705987188418,0.0,0.0184495136844392
2484,logarithmic,-1.0138784137002284,4.436751640699136,2.547977296112837,0.0,0.0282251112628517
2485,logarithmic,0.1517720400511875,7.903017691175414,1.5090963035982128,0.0,0.001
2486,logarithmic,-1.476957521795314,3.825822180231861,0.2138256997856995,0.0,0.022127268550886
2487,logarithmic,-0.4573404343514764,5.5140449275256405,0.4164353201080537,0.0,0.0028046914303935
2488,logarithmic,1.8657086766533608,4.4993169106755015,-2.3029267276824714,0.0,0.0122065168715886
2489,logarithmic,-1.7623672098121923,7.111656622306155,1.7910959525117711,0.0,0.0304613993974225
2490,logarithmic,-1.7033465080480807,6.350403297067782,2.5738678759941083,0.0,0.0226499980895027
2491,logarithmic,1.761136732843493,6.1406697038710885,-0.7988874808100999,0.0,0.0195342663799042
2492,logarithmic,-0.6850635899799622,5.636011333031254,0.7621940595227308,0.0,0.0109347975119151
2493,logarithmic,1.3549654734449694,4.337172028053345,1.069660364291476,0.0,0.0334223736425069
2494,logarithmic,-1.4532851632091055,2.831406832435684,1.1232048408336226,0.0,0.0308436475410745
2495,logarithmic,-1.8332107901690853,3.844080771943736,0.8607512325113418,0.0,0.0199614634531863
2496,logarithmic,0.3967229764891509,3.0884000230223125,0.2114888780622186,0.0,0.0177295486665872
2497,logarithmic,-0.5196465171464757,2.9613482201775687,-1.4608793944332197,0.0,0.0136983271692096
2498,logarithmic,1.901395407496091,2.133466498494766,-1.574113288026861,0.0,0.1419874632349529
2499,logarithmic,1.5507653208710157,5.288351901054824,0.0767351155162341,0.0,0.0107715188202915
2500,logarithmic,1.1056460599657956,6.881992762945458,0.102645442313082,0.0,0.0066696171862804
2501,sine,0.3,1.19878183528137,0.487197411571445,-2.348867390928074,0.0082183317926959
2502,sine,-2.5399954097116195,0.4631624317457564,-0.4302063301120518,-2.3839395457386976,0.120531844425239
2503,sine,1.9655776742479103,0.9675727578850636,-0.0756370002543022,-2.182914417679609,0.0767895381958979
2504,sine,2.404007068232346,1.1815176842094852,-0.3308575879760547,-2.809832977581121,0.1373879390907049
2505,sine,-1.0529429917897888,2.9627575359681466,0.4774890713109836,2.341421317691644,0.0225882589404261
2506,sine,1.144765170114935,0.6331688741909806,-0.1557638218592253,-2.459338531268323,0.0153209030951885
2507,sine,-2.792335947402492,1.2946554846418652,0.1539038988507073,0.9523290632116126,0.188633325118021
2508,sine,0.4540630658326758,0.176211927239444,-0.2452399396091121,-0.2531807576204512,0.0058601360579673
2509,sine,-1.5351731728822942,1.8505743608651168,0.0561698238306231,-1.988217313050947,0.07559917724699
2510,sine,1.7491041028716108,1.679273563448343,0.1024441347795409,2.4672936879404457,0.0576172696643202
2511,sine,-1.3257046312866,0.3749401042798398,-0.6400083285852303,2.449083690935703,0.0364144986765667
2512,sine,1.6907157593416675,2.206143632224716,-0.7296836669561775,2.1349837668636207,0.0577167139727598
2513,sine,0.9181256112824464,0.2996260784407282,-0.260519256842693,0.1599117133016516,0.0255083507015718
2514,sine,0.3,1.6501668634256876,-0.0228945070922365,2.090931117415133,0.0091047895702965
2515,sine,-2.269522267816235,2.015344046363724,0.6104750648118271,2.308596252565442,0.095218556660575
2516,sine,-1.8332182794634488,2.002121735178077,0.2409053191547017,-0.0520678459179952,0.0512562132657881
2517,sine,-2.461399679673085,2.880298102271,-0.5358781794535736,-0.9477142276252276,0.0981331034866624
2518,sine,2.0656317539863824,1.8425141531818665,-0.2524604987697869,-0.4932497612044111,0.0475491249850996
2519,sine,1.5919614198355916,1.0479571238243917,0.6974636110962307,-2.933039029892672,0.0722643878007939
2520,sine,1.1531026591157143,2.704020194288099,0.5401254280462904,-0.2891167752481065,0.0270628380577395
2521,sine,0.3,2.9765063067137825,-0.094638833870765,-0.6087731269021637,0.0194733347073486
2522,sine,-1.828823307370486,1.073356177211771,0.7801191616937668,0.9543219783320938,0.0521896334220516
2523,sine,2.1106246943322704,2.5838387464689454,-0.4035745979052774,-1.8282970429977092,0.1196332810069105
2524,sine,-0.3035049562429939,0.4371639344548619,-0.498598673083255,-0.9123333773786486,0.0046110480068072
2525,sine,1.093165949609321,1.3107480102730795,0.7026507883693227,1.14773960875325,0.0528938046082496
2526,sine,0.3,2.8749671870615106,-0.613865036181001,-2.975772807593489,0.0098046215540043
2527,sine,-1.7715057210774598,2.092008450940184,-0.6744443797076877,-1.5881435193293465,0.0261317322456452
2528,sine,-0.3,2.780739570206896,-0.4345236653048768,-1.7427036613789273,0.0175953529677832
2529,sine,-2.803007358901892,0.8417095274533174,-0.0147236408099495,-1.5158534431453,0.0611699952630128
2530,sine,1.958398641979552,2.688968121502741,0.0298547073439172,-1.2815863188120442,0.1122760430386269
2531,sine,0.7306820448250582,1.506428364825086,-0.6269996526099402,-0.7532838708553635,0.0133411001955952
2532,sine,-1.901156086469444,2.77787380883995,0.1117841983313043,-0.5137563432940047,0.1047514023829906
2533,sine,-0.814131752591523,1.4060536491557285,0.1520159778127408,0.6960810360597205,0.0243966435590757
2534,sine,-2.7450797366595205,2.9683746109538656,-0.271485047767108,-0.6043221764506419,0.115434381256183
2535,sine,0.8122198872446633,0.4091517118924893,-0.349571579496102,0.3127971600403008,0.0135380812450254
2536,sine,2.171910906333366,1.953809751357076,-0.1591968301035473,-0.6855188004570314,0.0936135491521526
2537,sine,0.6700294709290038,2.504212705381327,0.2562592030980111,-2.93355880885283,0.02538641425961
2538,sine,-0.3,0.6028871509408558,0.1810889124082048,1.4295408233385525,0.0138033424401895
2539,sine,-1.562534762355893,1.391986163793396,0.3346740490384745,2.3299813729933376,0.0794474432669171
2540,sine,-1.506524227934214,2.655673688853038,0.7836455285446855,2.305212124673897,0.0848377719376432
2541,sine,2.0722956496724807,2.290870063971667,-0.7033647383756487,1.388337308234184,0.0335131149697534
2542,sine,0.7021301782042428,0.6917565169164743,0.1250159342901019,-1.1170943491533956,0.0372138495277764
2543,sine,1.8000902349685877,0.394091503068017,0.453662412016758,-1.7963440339002568,0.04290349409135
2544,sine,0.974971882083966,1.3198213100746417,-0.3160925858994954,-1.896879164590788,0.0674578060351894
2545,sine,-0.760321472687238,0.5694686360908516,-0.1928257537269024,0.6730237795089624,0.0177020136268769
2546,sine,1.8265825472152688,2.982679362390485,-0.1680087865271921,-2.2389173612353885,0.0264352232718988
2547,sine,-0.3,0.4149913591220477,0.4289761748401868,-0.809165877157203,0.0060862323676138
2548,sine,-2.167139238863504,0.5408008646578059,0.3630501281688911,-2.5840089029217186,0.0293914583099556
2549,sine,-1.6650499728055888,2.9770499612271903,-0.1393011399045777,-0.1273088741343437,0.043237267221882
2550,sine,0.9244011679730502,2.5228947595320634,0.6424324640553736,1.1920965323988248,0.0209979499394123
2551,sine,-1.2442775069576888,1.7889959768565922,-0.7801935068800092,1.0522349544411205,0.0390951152236812
2552,sine,-1.4760981281534062,2.1661287654516888,0.2336506005873129,0.055009280024973,0.0677865363666008
2553,sine,-0.4579767948655915,0.7515908707641399,-0.2129228681502116,1.4953902704930933,0.0160716809149013
2554,sine,-0.4214034634022603,2.5280738364612563,0.3920288995204504,-2.250829748393836,0.0208908397091943
2555,sine,0.7910928518693994,1.3823860001683834,-0.059890367698794,2.979943671800702,0.0177210713428987
2556,sine,-0.3660182232181519,2.308913944618065,-0.7114984218251974,-0.0006509419889151,0.0153361817301037
2557,sine,0.6695216462959195,2.1984312623264133,0.2541894465083982,2.5274201729962997,0.0463664321507594
2558,sine,0.8123345915655227,1.8607780492764971,0.7769853300177851,-2.8647055056158357,0.0255896626776576
2559,sine,1.5158361898192787,1.3154430228706795,0.5256437502598881,0.1573171181765609,0.0826004879127689
2560,sine,-2.395341898549206,1.7583830576826671,-0.6845998951569989,-1.6217061149115304,0.0997935257548423
2561,sine,-2.559067672129524,0.3184005772209552,-0.6659859091178005,1.977725869893652,0.0426318833901585
2562,sine,-0.8383041943009086,1.954873959665251,-0.0432171338808805,-2.5235554194722805,0.0478897843821492
2563,sine,-1.1271664476728065,1.5383862779012556,0.545436005091285,-0.232577309899109,0.033762827412064
2564,sine,1.81624939376381,1.6918254868112412,0.3204404457239409,-1.140527072577666,0.1175635662575234
2565,sine,-1.3485324394575755,1.323933160481745,-0.2085592709848287,-0.7936617277207647,0.0763869360445781
2566,sine,1.1369281476889783,1.2912952252623684,-0.594355036022949,-2.4438272887220807,0.0586973849531501
2567,sine,-0.3,2.030642804756523,0.5430066769846138,-0.8069666247745566,0.0172033492350175
2568,sine,-1.6729649038194572,1.8957392657210217,-0.1950590347365371,-2.6391883159458622,0.0441347355716679
2569,sine,-0.8687121652077137,2.86831502749745,-0.337373989183543,-0.1863670498782026,0.0390439951656293
2570,sine,-0.491750126766544,2.954812995624493,0.4567751217302649,1.1843939527423286,0.0144419367853392
2571,sine,2.0117630226922536,2.8304121410124745,0.6981186105439154,0.4716867230427866,0.1401204430177617
2572,sine,1.599473363260346,2.2838333963939697,-0.1011547636036335,-2.7374061025246346,0.0484486769832148
2573,sine,-0.4192789118813644,1.0346350303961611,-0.761225435937876,2.1634179895662458,0.017561539931813
2574,sine,2.2919507895791007,1.414503154898128,0.253089675733023,-1.6907862077352007,0.0626540528550094
2575,sine,2.441591084791156,0.3937135807707309,-0.3179621655272072,2.726559111272378,0.0637558126269882
2576,sine,1.2459867063184005,0.4807995991128079,-0.1367486495768699,-1.507993205546316,0.0263202786490046
2577,sine,-1.3452573675297463,0.4576341165198141,0.1693559842892854,2.8132144683243734,0.0538025478721129
2578,sine,-0.7594770054513904,2.062553514905061,0.0876915260788429,-2.280143888782093,0.0200862087139214
2579,sine,0.3,1.6231042671539089,0.1685503473945666,0.5672760655194433,0.0122747389691857
2580,sine,0.657973984873689,0.4750878059056176,0.4934493636417416,-0.7641616467049239,0.0219868293165314
2581,sine,-2.4895727358586703,2.480597506157353,-0.4878224239382412,-1.3629477079814991,0.1577878386089615
2582,sine,2.568763232428381,0.8881556348217345,0.7437449501237301,2.461947399385906,0.0381786962512713
2583,sine,2.1384203023454798,0.5032577610492381,-0.3336963580073482,-1.3266484767851503,0.1092562865462816
2584,sine,-2.129445699438355,2.9705460936057584,-0.1393652659037901,1.3978207085631498,0.0498611366457216
2585,sine,-2.5357980439372483,1.6696116456719656,0.1163218950651439,-2.8927710406615823,0.0838521825829134
2586,sine,1.531808033253939,0.2418546664233551,0.3968770020942112,-2.325406474022772,0.0263208006287694
2587,sine,0.8542672799331861,1.315033693739275,-0.2473811186748117,-0.4532922913705359,0.0377036980678846
2588,sine,-2.162697283655164,1.954641842569567,0.3093283191750928,1.6299750328234568,0.042563455198233
2589,sine,2.3335028619731606,0.6930951633181642,-0.701850191442832,-0.376373092084235,0.0989121843956671
2590,sine,0.4639685863117435,2.141163329352158,0.4351585680277641,-2.7550801863687933,0.0287608949534656
2591,sine,2.2054041867576157,2.5777331334145,0.7043216272308404,-0.830380116293274,0.0578946980949321
2592,sine,-2.5412310039855432,0.1283422661236821,-0.057880752827174,-1.8391048086441268,0.0376631643855222
2593,sine,1.1368062640232903,2.422373464408357,0.0426401007268845,-2.06764915918023,0.0640940231343427
2594,sine,-2.8945522721163237,0.6956595232418595,-0.3435803404481718,-2.2913207975714145,0.1421094655217628
2595,sine,-0.666149358924577,2.1103351889790645,-0.433695874694781,-1.7716874632069444,0.0445059047322026
2596,sine,0.3,2.239884242014345,0.1466493057626109,-2.4246882087332766,0.0088525613532704
2597,sine,-1.6964930347959162,1.7593911207240678,0.4410595054068504,1.4697438720850275,0.0981263899529048
2598,sine,1.6171039544351844,2.623255462645812,-0.5533387981969193,-1.4220806563502526,0.0797856343967413
2599,sine,2.28594911627763,0.951608079164293,-0.4970463549839753,-2.990548157047225,0.1625447267179025
2600,sine,2.4399711549855745,1.8795937133813727,0.3023257590145058,0.5296419761134108,0.0768485600454694
2601,sine,0.618347477894102,1.9293613896581667,-0.1729343474317675,1.3418306877066382,0.0164834106418778
2602,sine,0.4237272400178451,1.3555144682171,0.5388671521130546,1.5184674944587415,0.0225832139482333
2603,sine,-2.0716390303163568,2.4673299885444493,-0.0320304885046494,0.7201016704249001,0.1047919580847379
2604,sine,2.3224322079082755,0.9628294719284652,0.3396026570778421,-1.4177510620518452,0.067902991903204
2605,sine,-0.3,2.107129289025702,-0.1313391825535906,2.983470069156241,0.0123324560733272
2606,sine,-1.9792732163676965,2.727478629152741,-0.0719270619610205,-2.09118509789605,0.1092499841700408
2607,sine,1.7424933098993591,2.6898603996339623,-0.2297356875907376,-2.005584394460998,0.0845453069628061
2608,sine,1.457308459385465,2.1712666318394245,0.650996640271829,2.726913980132718,0.0322805121323099
2609,sine,-0.8382078230625134,0.7593299255500316,-0.5661046856048244,2.2230505606223074,0.0336810720565636
2610,sine,-0.9948209651571284,1.2343332063859622,-0.2057344609900373,1.0066571757438814,0.0475641089578461
2611,sine,2.728041149869922,0.9273690272920592,-0.4737812539950401,-2.8651449623938854,0.144480907033801
2612,sine,-1.2628874961309686,0.4026684286108608,-0.6049665523200715,-1.9931818229433167,0.038977710276247
2613,sine,-0.9656230246147032,2.016089507493413,-0.6018441585235258,-1.29534591816876,0.0589187714397529
2614,sine,-1.5924187818077182,1.6282678224794251,0.7368071615743021,-0.1334034065018334,0.1065887625905937
2615,sine,1.925365615911076,2.2725579631221025,0.1441858157891499,0.5884760519641441,0.1272939725084454
2616,sine,0.3286276784801809,1.0957989828956716,0.2195726393436632,2.3970326174071115,0.0196509405944013
2617,sine,-1.406996315982368,0.5055764253253731,0.1526100945905826,-0.1943272297029681,0.0322322708948685
2618,sine,0.587550952698983,2.968785986079673,0.772677217004246,-0.4978257502171921,0.0204676927819438
2619,sine,-0.3,0.9569249946802298,0.1513286956978471,-2.321651623009255,0.0157529077350836
2620,sine,-0.7381302832889958,1.7251567525235691,-0.4020980890705008,2.2493081277159988,0.0477528885620822
2621,sine,-0.3,0.2601660998674628,0.2113057224179108,0.9480139527390984,0.0066760903055458
2622,sine,-1.0627211049440086,1.039093887909638,0.1016926176307272,-0.0795746117874069,0.0246382899335457
2623,sine,0.7203458586194298,2.0194294504370043,0.3858666410450995,-0.1882449211077115,0.0427095526643869
2624,sine,-1.5986505369554316,0.4739790781772864,-0.0904271343356991,0.0847536376664224,0.0273158470759328
2625,sine,0.4530056564181612,2.888963146701866,0.420508282394809,-0.9971407771127287,0.0279278180568483
2626,sine,-0.4474519648588067,2.6704503979013663,-0.4927815234557557,-2.98649082998619,0.0213412978133617
2627,sine,-0.4603043207461268,2.2082517858451864,-0.2908718680164872,-2.506620670641058,0.0179929587242945
2628,sine,1.4289581762235493,0.4226113228257061,0.6189160123395279,-1.297683185256125,0.0219209153881352
2629,sine,-0.3,2.5283446143384016,-0.4539632240736163,2.768458966322078,0.0046003610035007
2630,sine,-1.1503600871962023,1.12366841308188,0.2314958855099325,-2.5310161648835185,0.0616487653407843
2631,sine,-1.0499627084775425,1.58546065621704,0.6295333891754908,-1.7012908096186112,0.0599909952279938
2632,sine,0.635753136363657,1.2957206997731612,-0.4046025666790819,0.9118169593334072,0.0170743289147879
2633,sine,-2.09944992471035,1.3920967125366108,-0.5418704728522713,0.9051922500853476,0.0730574522798025
2634,sine,1.7634894796151706,1.0273991206655917,0.6744722791255469,2.608198993796144,0.0300380600016981
2635,sine,-0.4043538655453638,0.6214971874985848,-0.7538934909126519,-2.6235682432909377,0.0149909463466395
2636,sine,-2.23831514538457,0.9850278949590464,0.3511802875099183,0.9231164369858088,0.0854535139042721
2637,sine,2.875596849503183,2.2883911265837225,0.2857838612218604,2.4213657985716086,0.0963671322004462
2638,sine,-0.3,1.910078453400924,0.5519391985646758,0.0361424368955796,0.0123886536496737
2639,sine,-2.9887033059183805,1.930978635432303,-0.2528636558213406,1.361126071881884,0.0692126179556147
2640,sine,1.313587831688591,1.9321525852896169,0.1931940078266865,-0.5666673628269612,0.01858636341712
2641,sine,-2.5641117973405283,2.071379511776114,-0.3122083599774687,2.182047688688005,0.1537088699159829
2642,sine,-2.627759550255167,1.2320330518282758,-0.3460226682580067,2.3865235875882425,0.1744114590660096
2643,sine,-2.623483320260295,2.322598483051534,-0.0147379623965756,-1.122028718989231,0.1333569883480932
2644,sine,2.0193995313607225,2.9872609522795472,0.402362801972701,1.7409753902014655,0.1058459326547305
2645,sine,1.7599992121872798,2.0696901782418595,-0.3824221196530149,2.134599527133016,0.0518281501152501
2646,sine,1.3847364824712116,2.4563854460613515,0.3778555761300346,-2.80735603585782,0.080081961692883
2647,sine,-2.192966005431345,2.636939764404924,-0.6869727166765298,0.8595780952040921,0.1073110802243508
2648,sine,2.5303326905582777,0.9983811313729332,0.3126964179413787,1.2762442950045827,0.1858491828560435
2649,sine,0.5695554176776967,1.9088342018003412,0.2611685685751501,2.967021220132943,0.0199142323721103
2650,sine,0.3,0.7805491744005971,0.1059888091479407,-2.3054089762671026,0.0139097431216657
2651,sine,1.4916797356319922,0.2855708581671879,-0.3500683522447598,-1.459774654200318,0.0449195935594627
2652,sine,-2.5636027555073166,2.7586849395170794,-0.4997253224886165,1.087638165710488,0.1569351308315376
2653,sine,0.9128074695510896,1.0655323696266454,0.7786531965063122,-1.664735205750167,0.0211497631125181
2654,sine,-2.525891830841683,2.924487718619845,0.3033530452392283,-2.400712702639732,0.0864578750543982
2655,sine,1.7906930599037647,0.7585265183002603,-0.285959200527994,-0.5243113832459851,0.0714391464452907
2656,sine,2.785756464754781,0.5807063871987257,-0.3185063380063452,0.7616720817058189,0.1294433885962665
2657,sine,-2.546532578193202,1.6543261953265322,0.1798057217306086,0.8109425385921161,0.0462894301905171
2658,sine,-1.891351578266117,2.78163164485951,0.4809941586157107,0.2814214118882248,0.1293559183573633
2659,sine,-0.6704781320160338,1.5693752666485916,-0.6485604205551294,2.457859312167125,0.0094099261747842
2660,sine,-2.295980699401829,1.5993209291269004,-0.1190786111124289,1.3731071313725651,0.0541582871366375
2661,sine,0.7494747926343779,1.7059453769288198,-0.7544224916524888,0.3619828939752043,0.0428840228391273
2662,sine,-0.5372101855399722,2.638173764591137,-0.522929372213319,0.4175640754998415,0.023948734267082
2663,sine,1.2985516439538332,0.5685477701371651,0.6774873674642343,2.1636431211177456,0.0454077118096074
2664,sine,1.731540433792226,2.6471592710096754,-0.7595058200456438,-2.328606579953713,0.1215399981534029
2665,sine,1.8739011340724137,1.2771564496302117,-0.0279906437725271,-2.0598719043758704,0.1054215903954316
2666,sine,2.428276294477881,1.7679924295660407,0.4219162420234525,-0.6188913130682305,0.1546760174856981
2667,sine,0.3,2.1800450395659894,-0.336934797087335,-0.906900637429798,0.0204138413750695
2668,sine,-0.7431666447760139,1.939158425546999,-0.2562035427537479,-0.5470756826747101,0.0321031923969807
2669,sine,-2.018673355211747,0.219143201596976,0.6277158150399524,2.3767492368027234,0.0239183897492229
2670,sine,2.513811794020575,1.6166258287764002,-0.5673290137369151,1.392583597738911,0.1292597363129684
2671,sine,-2.9524587997611142,2.467781610675909,0.5413846446802073,1.7010305900941542,0.0943825582581298
2672,sine,-0.7967709403394276,2.39088025776324,0.6871735588067132,-1.260113317597394,0.0504147438766397
2673,sine,1.0266383236194103,0.5907809020445065,0.3682792186467867,-1.7109967142710905,0.0506745888880489
2674,sine,2.1899488706408965,0.9690101884074368,-0.6645769998432086,-2.833399716295093,0.1378153524954121
2675,sine,-1.7926107136715237,0.5648610213429027,-0.5713870246672371,-1.291079482690088,0.081758312377894
2676,sine,2.6173798821906957,1.891682086124559,0.0111027303209046,0.3420005137632218,0.1006271955813715
2677,sine,0.8821258008266,2.995904160513428,-0.6211477299482726,0.1365318344319765,0.0273658027284615
2678,sine,-0.7507064596965707,1.8073285313055385,-0.6537677254501243,2.4440672615969223,0.0309947692572355
2679,sine,1.1950371461346654,0.6315626909086808,-0.0835285863846856,0.369306487554609,0.0567842602641533
2680,sine,-2.9699967268665843,2.3538312871004634,-0.6752161208293965,2.276082192493193,0.1512849126159112
2681,sine,0.6375053926760366,2.5524293407445477,0.4414988235285721,-1.6910853367550034,0.0200310605508155
2682,sine,2.352351279884621,2.1335035504938102,-0.5298965319959097,1.2115039897009092,0.1051147190181045
2683,sine,-2.6267324111337764,0.1579128324628345,0.1380208711609388,-1.4128178328673264,0.0388280405551
2684,sine,0.4588675999389693,1.1864645696495904,0.7663317734540676,0.6180224106424457,0.0149987162271872
2685,sine,2.7046815447307537,0.296641809782277,-0.5505888615525314,0.7674066053070714,0.0478896109500512
2686,sine,0.7653629893952889,1.5048575495317025,-0.3145378796770199,1.7225889872955022,0.0438988754857248
2687,sine,-1.982318988379196,1.66304151901183,-0.1668099442407032,2.014510125845457,0.0663057918743359
2688,sine,-1.6872309220621748,1.175663551252241,0.3252803462582267,2.002256379711975,0.0565627040726945
2689,sine,0.7400255904741382,1.7483931502154173,-0.6914759932951688,-0.4808093531838144,0.0180290156141162
2690,sine,-0.3,1.1341725579948383,0.4354413576615468,1.024206606840897,0.0052110428847672
2691,sine,2.8515698064976998,0.9580685756228668,0.6034380075057444,-0.9328848422512744,0.0683637269827259
2692,sine,2.3194262018263974,2.975626211890257,-0.2475692353265551,-2.2652231970807284,0.040737092636966
2693,sine,-1.7322290110147676,2.9157955496194137,0.7707685406836504,1.5090688111218338,0.1064174499087344
2694,sine,0.3833326952786544,0.3638535633592775,-0.1558573471420729,0.2912238756679564,0.0131231375264046
2695,sine,-2.3919964369868225,2.999736559716529,0.7399271323931742,1.5409265523415216,0.0857017559268712
2696,sine,-1.091538274831841,2.737334371422965,0.763111031326354,-2.877240478693333,0.03586710420479
2697,sine,0.9040224985300068,2.2837661336742427,0.5934097323306908,1.8459901969446069,0.0527900331163581
2698,sine,0.4861825806693831,2.8492652647695524,-0.3438782157782947,2.814772892314,0.0282047144298038
2699,sine,-0.6688291643714566,1.6593553996739847,-0.4094799370179061,1.366478114628103,0.038089813611825
2700,sine,1.9905057207213213,2.6854473624236483,-0.0558697738231025,-0.0974672108984684,0.1281250427105594
2701,sine,-1.5315734033995845,2.209490117340907,-0.4194927115793287,-2.282104056288949,0.0436217732598264
2702,sine,-0.9686595292214788,2.8086950403944755,0.4926905153538057,2.492913289640458,0.0281666838761843
2703,sine,-1.9003371983395816,1.767722359123548,-0.7765865287417637,-2.061368910746838,0.0790856781485232
2704,sine,2.0372821590321437,0.2193649301944295,-0.3901041192531227,1.9594201603063888,0.0270870148882509
2705,sine,2.1575812963803056,2.1283452223698207,-0.512261248750945,0.2782283757545842,0.0316318138757589
2706,sine,-1.0625135366017224,0.742876204770825,0.0173535367528935,-2.5044040422861364,0.0493577806029498
2707,sine,-1.4409083376319254,0.1630167567933209,-0.3127827950810433,-0.1989995484573832,0.0243412681891462
2708,sine,-0.3,1.8094736844135548,0.1537656489693684,-0.082342736820951,0.0194685428077471
2709,sine,-2.879558204252257,2.5089228825916967,0.0921211094170229,1.5070334781575472,0.0997310622060013
2710,sine,0.9358849279413386,0.7975536611145622,0.5417963022309424,-2.9378878704792264,0.0335073705997451
2711,sine,1.9993401505701869,1.7733663471162509,0.4453706278123703,-2.763126714072546,0.0799910204311552
2712,sine,-0.3,0.654813267973959,0.7822551318446662,-2.717806570629873,0.0099088537779538
2713,sine,1.8594139832577792,0.42911480864884,-0.2169615836954274,-0.5890088010148147,0.0907708696812367
2714,sine,1.1024778642188418,1.519502416381734,0.3825939464692265,2.0908316684805097,0.0158156682979591
2715,sine,-2.2863714154990102,2.953483388410879,-0.2451032094366918,0.796637146171034,0.0659719453115419
2716,sine,0.9703803570361044,1.410225719745534,0.642985772093889,-1.0544329491354418,0.0317687401335625
2717,sine,-0.598381981149843,2.295242711813135,0.2374177311528142,0.714103228902017,0.0101595591809249
2718,sine,-1.1143048366968789,1.5362921757600323,-0.0057255719142519,-2.4168014861175413,0.0482110401512961
2719,sine,-2.9204078474014654,0.8173687170864983,0.6927934162773657,-2.291882708564702,0.0386882694508237
2720,sine,-0.3115126136852879,2.724542847143279,0.1698910144707657,2.6645315641364133,0.0063599538301402
2721,sine,-0.3,0.8540138770572921,-0.6054027321613173,2.041050871831299,0.0171799957078328
2722,sine,2.175416381916871,2.0487567599037915,0.5031398098518225,-1.7040144352829631,0.0428232405382225
2723,sine,2.500334710405749,2.83347960090101,-0.3817736534544727,-0.3898495081577811,0.126537209858186
2724,sine,-0.3,1.5539188134002595,-0.0112467375440034,2.1393744737057805,0.0150706493127224
2725,sine,0.7381123197245891,2.3205599501821754,0.7159954942093272,0.8333709655365205,0.0249119351740154
2726,sine,-2.692021992135804,1.5950032839588084,0.6845932561058463,2.7547641995466776,0.0886381829885878
2727,sine,-2.2842045511625333,2.4308829922844954,0.3364111156516398,-0.9829847715818528,0.0647825137294453
2728,sine,-2.535644645005348,0.3159776020938772,-0.0643714977011137,-2.5003144350583524,0.0515623590630212
2729,sine,2.6715996416133354,1.0360475590498812,-0.477928842919984,-2.607091941125879,0.1176723690658881
2730,sine,1.109816815329542,0.999282873852957,0.475170567259396,0.522216440168159,0.07716048047704
2731,sine,-2.8104991253286635,2.3412622701102497,0.073661913473697,0.0293733173853292,0.0558308643136284
2732,sine,0.5317871181504827,2.203984351138415,0.5390378025878855,-1.8249195637576971,0.0100693148586236
2733,sine,0.974073135698093,0.3548627939553529,0.5886037444640506,-0.9079197445701324,0.0144745850312748
2734,sine,-1.385048869679781,1.2646820152766696,0.192960266452015,1.6097826621570004,0.0490249779054151
2735,sine,2.1249958332698435,0.6844788839354786,-0.3984438152139916,2.2068926626524874,0.0986203917757343
2736,sine,-1.5475410770109148,0.884885473164555,0.7247307032781081,1.200495041209992,0.0857731791310624
2737,sine,1.432970562518923,1.2816809551162591,0.6982845119080119,-2.02972960491277,0.0632969579898734
2738,sine,-0.585428025220331,1.9868783803115757,-0.7737044848427097,-0.7944438537220053,0.0375774437880692
2739,sine,1.7591422181699778,2.40142368131504,-0.2184512130233548,-1.3999715444701772,0.0951966477945145
2740,sine,0.9795902871179624,1.83460822015016,0.7578371686620999,-0.3138215965481494,0.0192373914114039
2741,sine,-0.309552313766237,2.5443853553409896,0.7676125885970309,2.099592480707961,0.0129772586910956
2742,sine,-0.3228940110963325,1.1105996638483395,-0.0932984530210017,-0.2666753913172002,0.0238768846131645
2743,sine,-0.9561984547859756,1.9352579951151725,-0.0463527859780609,-2.1668527592465407,0.0365071446779274
2744,sine,0.375260115781121,2.896371543263723,0.2557484106066099,-2.4880861252360797,0.0246239551072591
2745,sine,-2.5055252418471845,1.825295448540341,-0.1368042194886104,0.0003620874515033,0.0991953829774408
2746,sine,2.3650233591433647,0.3198226116156514,0.0465638390678573,-1.520025236314911,0.0583797681026757
2747,sine,-0.38635586927469,0.2132674689517679,-0.3394231633146564,-2.5596920030084167,0.0060174707392117
2748,sine,-1.4838580321972454,1.4142117200872035,-0.607218812301203,2.7969490447559098,0.0671555546681222
2749,sine,-2.959674573089973,1.8669122106575748,0.3656500305553132,-1.4348711516050483,0.1925136759207672
2750,sine,-0.8766944280340234,0.4963481508421297,-0.7051719129303583,0.1729921610558151,0.0361447859618754
2751,sine,1.4882414793969625,0.5545170977148051,-0.5938799538944379,-0.3194006064198671,0.0499834324241772
2752,sine,1.611400513765644,1.5285873751831864,0.0168179732733348,-1.4632363069640073,0.0563545266547236
2753,sine,2.525972240674834,2.124188964655123,0.6233117040144147,2.569827210254746,0.0378203965029479
2754,sine,-2.968643192938312,0.7637044412048692,-0.6695228367439281,2.7944558200441154,0.153310105075085
2755,sine,0.4843156571662321,1.7151217733472124,-0.0195902417109116,0.6516746743441928,0.008480873546942
2756,sine,1.6800660013014896,1.9207320916595216,0.0438503547716747,0.7323417903421947,0.0516440698879422
2757,sine,-2.556612413872598,0.2584572438070366,-0.2655034289747386,-1.778669351649122,0.0212399337807503
2758,sine,1.968128833780092,1.1643929561990576,0.0423254554186446,0.0073852682155548,0.1100032016801308
2759,sine,0.7131132237483064,2.4946447970621053,-0.1978166495689312,0.2111598691696672,0.0433924685256094
2760,sine,0.726525110523625,0.6553113366607437,0.5284545646738286,-0.8244560012387749,0.0334462613753049
2761,sine,1.7991137130107049,1.071106275378026,0.4027908102975879,-0.1113582268730137,0.0849421784224575
2762,sine,2.40366975921964,2.898747664766343,0.5766927480083612,0.2853536757974373,0.1356036432084517
2763,sine,-2.5768916432349966,0.7733927685411787,0.0668757676542716,1.8992073507134428,0.1565059727921774
2764,sine,-2.4619934379229687,1.6843307349161334,-0.4131010013036615,-1.8577303703764263,0.1369388849793339
2765,sine,-1.8497103550563767,1.548889894903619,0.0430754586645769,0.2271516502929675,0.1230658311628344
2766,sine,-0.8349669082430298,2.5418250324602467,0.0752162763499009,-2.178385709029764,0.060139272916802
2767,sine,2.8351638128161785,1.1138069279129397,-0.7781217256488505,2.7223548250966587,0.0757335884888192
2768,sine,-0.821731691879573,2.9854414124542976,0.6270383923914655,1.3158710073528983,0.0290352263953158
2769,sine,-2.604122234363931,1.2775611879366706,0.2069835634739781,1.5600846781467617,0.0515153933240004
2770,sine,-0.7617536085947405,2.417414494719113,0.4076056580941907,2.183365811703929,0.0221305770822416
2771,sine,-1.554044650326395,1.6192868197235968,0.649022831960447,-0.8808011331442982,0.0621257576696197
2772,sine,1.6714820629755565,2.904048686800326,-0.3898074012179207,-2.5266313140660506,0.1144958949119342
2773,sine,-1.380194461700277,1.3364941286308554,-0.3981469126145878,-2.144174292880592,0.0501306199218834
2774,sine,1.8205004761000805,0.6794040366454132,0.3187404780968386,1.0293293886864774,0.0707937572072885
2775,sine,2.174015898519152,1.2502164639719546,0.0129326392007199,1.485764153673326,0.1402407667769808
2776,sine,-2.502041078180537,1.250712417424381,-0.656347687472199,1.067339862105369,0.1747036131501859
2777,sine,1.6209021072132304,1.4919493461527298,0.1624517359840969,-0.1331211743475027,0.0475980772331936
2778,sine,0.6921805601865434,2.652344698504556,-0.577298644360367,2.692541638120179,0.0317792068636583
2779,sine,1.7284928002708142,0.1870450697939115,0.6383349843429578,-1.8675850762319293,0.0180003190397311
2780,sine,1.0574756899331843,2.626894118598671,-0.4075938228877138,-0.1197858985646549,0.0158091705562287
2781,sine,1.6880777440314896,1.011503839310679,-0.6113941788852807,2.3291500100815217,0.0394390672206839
2782,sine,-0.7630251608590068,2.6755769233411595,0.6567417880874913,-1.4470194311613265,0.0150281464955942
2783,sine,1.906705657527889,1.9760731122754025,-0.0305581197471128,2.833757047283917,0.0659464597941159
2784,sine,-1.4810636811915474,1.7819574151267878,-0.2809115179940072,-1.7196553853318972,0.0703607583556169
2785,sine,2.344469495244992,0.4976247908861192,0.1408864869108959,2.385931976440705,0.0276548607870005
2786,sine,1.594900164707239,0.5843748156520786,-0.4052030962082855,2.0290088582059926,0.048323628385438
2787,sine,1.0227868850624402,1.6919027517942262,0.5320767881715887,2.678378475016693,0.0651576810417223
2788,sine,-1.5581165109446715,1.572474607816655,-0.3976017476072174,0.995460285996674,0.1030213974210468
2789,sine,0.7691468822868144,2.9276708459620826,0.3819338731581791,1.818174532332626,0.0525385032605459
2790,sine,-2.555168008250734,1.2962131460105657,-0.6937978182007708,2.8779406356661728,0.1013371192060899
2791,sine,0.7200112160098397,1.280109749762652,0.0863937654765423,0.4448562150538357,0.0378480640008992
2792,sine,2.2773290510348936,2.881927091757669,0.4704610921020047,-0.9815648486735769,0.1155329224630428
2793,sine,-1.266790910678656,1.6871054864659694,0.5337479515348151,-2.222468008907147,0.0762253973664546
2794,sine,-1.9109707191405017,2.823810979953272,-0.4035973118327548,0.038380245370345,0.1076797761206972
2795,sine,-2.785779887041661,0.9763034817158226,-0.0118502110584144,-2.481623854533426,0.1277522679803221
2796,sine,-0.3,1.8280083158754024,-0.1174775956020214,1.3564701376579542,0.0040344785732122
2797,sine,1.3890534231325988,1.457751331118865,0.6901344706323349,-1.9391037018542,0.0386821219173414
2798,sine,-2.1491410320154305,2.900590471306644,0.3019069454032661,-2.3349490114368936,0.0727926252121834
2799,sine,0.3,0.2380788206068877,-0.4822954497969721,-2.663499242963896,0.0027093882377838
2800,sine,-2.3028565048962024,1.94927168930644,0.000811085458776,-0.4454300599400076,0.0844424775686182
2801,sine,2.318005684345524,2.366515865926736,0.5248043987989581,0.4121013607206607,0.0628402997756962
2802,sine,0.3,2.202234587286344,-0.153884998358701,-1.8825276268918267,0.0053799014663814
2803,sine,2.8251466855888774,1.4236168607806885,0.1757302583603078,0.3433255646264888,0.1247830371319554
2804,sine,1.817801199901294,0.7203784204704559,0.4052209911915716,1.7597279851635923,0.080670407447204
2805,sine,0.9202302012886818,1.1115625271259106,0.2548399303328115,-2.945486549895281,0.0289133000192215
2806,sine,1.2379004178294544,1.3353596704009445,-0.4174990785738399,-1.179128401789132,0.03945749659504
2807,sine,-0.8030885873736926,1.7950105334962505,0.6711758733351145,-2.818519647695088,0.0536425524183971
2808,sine,1.4197033802062655,1.0566721186381645,0.5138886491725909,0.998044588317332,0.0235024528787963
2809,sine,2.216254002625188,0.7017944128798029,0.4200549414117318,0.8446495964977756,0.1365920509224624
2810,sine,1.631397651941172,2.7967607185723478,-0.729166616455651,0.7560758824539837,0.0840048797891045
2811,sine,-1.0644540091663846,0.5042562962970857,0.355064772518689,0.5665695605899717,0.0433758190342556
2812,sine,-2.3795878729362467,0.8374571618978319,-0.4087029367657222,1.7801172230772275,0.1320949564778572
2813,sine,1.145853430360008,2.684677005192115,0.2223501931987239,-2.556295680321393,0.0592269559081549
2814,sine,-1.8060830774654584,1.111799401971387,0.2027361348213848,-0.9240287502762126,0.1249443782304757
2815,sine,0.5368291308091235,0.7576822120965492,-0.6599750077591369,0.6573686125659668,0.0091820546629583
2816,sine,2.9193099907103264,0.7015312207973893,-0.1304780266377001,-1.472395620920534,0.1293108712534631
2817,sine,1.9762986388966404,1.9770165114593048,-0.2402374172433339,1.4735161069286082,0.093654892838441
2818,sine,-2.510159244846562,2.1368858686031027,-0.1343380136523714,-1.902322468513891,0.0515903670869299
2819,sine,0.3,1.0800176017844638,0.6338269789500304,-0.0402660275685309,0.0187382743037423
2820,sine,-2.1721526699905143,0.945309477802236,0.3067318655894711,-1.1362453164920396,0.0435152484150312
2821,sine,-0.3,2.958250573314315,0.1705293985682414,2.669272386588552,0.008397972916566
2822,sine,1.9547967093416776,1.2200682268716867,-0.3832463035154125,0.5786462164145814,0.058475209152764
2823,sine,-0.4864754254896049,1.992343297279718,-0.5193214998400162,-0.1738876106060738,0.0091780001735673
2824,sine,-0.3,1.1644775294817855,0.1076690932809316,-0.9918820723104638,0.0210911999232502
2825,sine,-1.273587873705884,0.1127407893322444,0.224109595685342,0.3864020639786059,0.0145306991264653
2826,sine,-1.3824742958278002,0.5172653756490344,-0.7411178874879922,1.102947138150018,0.0387239554280066
2827,sine,1.138962774489748,1.8344754102604348,0.7833289043826088,-2.5364293537240585,0.0534956559659598
2828,sine,-1.4572853051588148,2.026616847564081,-0.7561157272584674,1.3205363097599072,0.0578605948264282
2829,sine,-0.5185389706563699,2.463259444291966,-0.2792287775213646,1.4940110199792436,0.0272751776565978
2830,sine,2.705172075210444,2.8085979819523463,0.6775539106261872,-0.359130122108819,0.1893018236923355
2831,sine,-0.7498848281833945,2.421907084505025,0.665895405424987,1.561933628857517,0.0412382322063343
2832,sine,-2.58129421489853,1.849844804093822,-0.0760152197876296,1.6345575896638955,0.1132002233906451
2833,sine,1.9568671925585903,0.7315056646698104,0.0129688699486527,1.225713319220335,0.0743277593185705
2834,sine,2.935275385447958,2.7836164696941013,0.2716955462718491,0.2686398021503646,0.0872447731561776
2835,sine,-0.3,1.1766283638676442,-0.3916208784168981,-1.092116063883115,0.0140642966258655
2836,sine,-1.2349889324788696,2.8090669727773965,-0.6998837521515551,2.2857482349857543,0.0665120248176343
2837,sine,-1.1097618849872717,1.303197942142998,-0.1094684956862789,-0.1926648280834761,0.0792654697806023
2838,sine,1.9922275974649457,0.2015982556526901,0.3066478347150876,-1.1792245610787948,0.030191616560083
2839,sine,2.038403996982904,1.830234533254883,-0.0229300942861955,-1.576728402677788,0.0476788909792
2840,sine,-0.811165608102582,1.6915592284919032,0.4174101607153335,1.2360621744103373,0.0429734914218936
2841,sine,0.3394273835925734,1.972949257463842,-0.6968672122283298,1.0179520174346273,0.0158233425673469
2842,sine,1.197983299014603,1.0095912976179269,-0.1329677680982872,-2.281382104570982,0.0671936260085446
2843,sine,2.5178497200860352,0.5274251491765561,-0.351719780585178,-2.796813563686774,0.0628249440251781
2844,sine,2.554385603159456,1.3435509468313482,-0.0731569983984311,2.3194171763547047,0.0674231557169392
2845,sine,1.1491651174827382,0.2387090902537904,0.0875475982502617,-1.688631889629912,0.0319605416996219
2846,sine,0.3,1.4625218023514046,-0.7503252555361628,-1.7548984805944186,0.0154170275042325
2847,sine,0.3,2.2993452271804693,0.7490407101839001,-1.424090999268291,0.0139426786062039
2848,sine,1.41834195929923,0.62321622177077,-0.7534259140074752,-1.126259326845608,0.0333001179086235
2849,sine,-0.5891306730116317,1.0629945199361823,0.6054251221271179,0.1451998138709846,0.0378775076318148
2850,sine,1.871151436406798,1.6558124951369158,0.2161642320612544,0.171929784890251,0.0811127056931861
2851,sine,2.8399340444427343,1.7755656460700509,-0.2232462425884228,1.0667389794241178,0.0668823933583895
2852,sine,-0.3,2.742010070086629,0.6458213564134749,2.5252910545024907,0.0110864350845772
2853,sine,-2.004286310033539,1.3527270820924786,-0.383003334509274,-0.0529824210053928,0.1172121877438586
2854,sine,1.8117648949884364,2.4629566140623176,0.7587480619407132,-2.6687668478587403,0.0645555971450337
2855,sine,-1.4495172121066022,2.750441450022856,-0.3270243861815521,2.6815535644499717,0.0513269420323012
2856,sine,-0.3,1.1159884961377389,-0.1849620252698817,-2.8133296213109387,0.0220598154013062
2857,sine,2.9346369898155755,0.4734967775906896,-0.0208957292926171,2.6342574409558432,0.1283916681457797
2858,sine,-1.898195056947965,2.590808141421224,-0.2523937442170209,-2.6593694573126667,0.1209387681733728
2859,sine,2.205978142778566,2.882701319190998,-0.5981401497495193,1.9431470495163603,0.107331216031725
2860,sine,-1.654065492311959,2.5985311189957905,-0.2403340544550991,1.2543195116116843,0.0503402038650542
2861,sine,-2.2757840822547277,1.0216884898583487,0.5751331482563296,0.8400569653116969,0.0465542084567481
2862,sine,-2.2838912405182112,2.7653914476267287,-0.726226738777206,-0.90763214219441,0.101015341144898
2863,sine,-0.3,0.9991814901758772,0.0887290149355952,1.2688893201371751,0.0189206560674664
2864,sine,0.5013597205937348,0.2812674921308291,0.6951671734937903,0.9024262873802172,0.0079037336225248
2865,sine,-2.582351504761979,2.5543593202221446,0.3271592124011049,0.5870410415919878,0.1068825312501889
2866,sine,-1.5692756481246275,1.5433471705974644,0.4694812479743488,0.2966162127994591,0.0731532084654758
2867,sine,1.768408024382751,2.696869652997548,-0.0827878617638372,2.918203528944723,0.1217182357283992
2868,sine,-1.7878562908924862,2.3201703499519297,0.4559100645049763,-1.9512901203603803,0.1077512986793202
2869,sine,0.6614457072850306,1.173790544438981,0.5964393934498025,-2.5065640544235874,0.0333458355303733
2870,sine,-0.6608240188300867,0.4725550842575,-0.6578423561049187,-2.5153476977794336,0.0069995081489763
2871,sine,-1.1482871176917726,1.2175580796142271,-0.7806733113789168,1.0885512783103677,0.0240412581842089
2872,sine,1.031775098700353,2.568973310520552,-0.7094597449731328,-1.4675544409416723,0.0349128464285125
2873,sine,0.3,1.8176219001829053,-0.5700555240482036,-2.7450601087372872,0.0132951390764763
2874,sine,-2.9847693550134307,0.9347875443346608,-0.4175660544750607,-0.922937836325914,0.058888250319807
2875,sine,2.3987078501533885,0.4628033855254193,-0.6979581465534728,2.896154194462013,0.0908016272921002
2876,sine,1.7149108149240917,1.830604272222823,-0.3625853650891922,0.5082137439585366,0.0851768368707765
2877,sine,2.744875336107757,0.6750118191562162,0.5168608929341914,2.5177028104412447,0.0355526087356388
2878,sine,2.523988944756468,2.7767878227422207,0.3787826438377391,2.34123213581191,0.0384038266530326
2879,sine,1.4061474469499728,2.8737613302321074,0.0641413116126992,2.7043007393145286,0.0513156389606408
2880,sine,1.2055148064622143,0.4187239105458602,0.5555486503488409,-2.107081584499692,0.0216606561250364
2881,sine,2.172331768046468,0.3801168833870719,-0.6901694672678899,-0.5706223416260543,0.0569130445875987
2882,sine,1.902650000446954,1.7391031209773218,0.4429265040365355,-0.0372083558061429,0.0898908430644263
2883,sine,2.3514897756958133,1.3879043479676354,-0.6257966156371902,-2.702487923454247,0.0418371961484633
2884,sine,-0.3,1.0942231647608702,-0.3389189658650377,-0.3190552702478992,0.0132938174258284
2885,sine,-1.237095482073558,2.78945519818054,-0.7642155091476369,-1.6878546834672905,0.0369878561146071
2886,sine,0.785704313518016,0.7093548396927084,0.6309677059098262,1.9672967472658272,0.0390581907670921
2887,sine,-0.6718745857780366,2.7259403252213863,0.0049976152229673,2.0948613548091206,0.0413087018398123
2888,sine,1.1767735398993295,1.1573973167608076,-0.3859509140419522,-0.0618544356475698,0.0808811776780099
2889,sine,2.0013560759105893,2.738214905465872,-0.3899534642678479,0.1056364251682033,0.1156533930097375
2890,sine,2.0610715958902235,0.7511079581457772,-0.4203181475336939,-2.7194468728051118,0.0841881361570426
2891,sine,-2.533998068352048,1.0657271428033737,0.4234362200807966,2.611090483175727,0.075193937586371
2892,sine,0.3,0.2469909685716215,0.1995287898558609,0.2079820329958073,0.007848650079992
2893,sine,-2.23221477367759,0.3561812958067977,-0.7140734596496712,2.2726797329687383,0.0405634923685821
2894,sine,2.8282970756856702,2.922410279230838,-0.6132724125852043,1.5652824842721769,0.1656541235441145
2895,sine,2.644323591169453,1.325358613689918,0.6547050580766882,2.3742504472890804,0.0404508503936243
2896,sine,0.9608327630205732,2.2124220541336244,-0.2944005045741382,-0.1895342798421122,0.0414803428738883
2897,sine,2.1023807038991524,1.7551313238913775,0.3332566869453124,2.282665201048453,0.0623411315092451
2898,sine,-1.035548040648277,0.1273027346906864,-0.2892826537025134,-1.367115186526569,0.0101757576603685
2899,sine,-0.3,2.5789578424804005,-0.1247872183774361,-0.2303552554436567,0.0108730703661266
2900,sine,2.67581277078922,0.805075458145561,-0.0268392558715447,-0.9081154667563136,0.137136753124263
2901,sine,-0.922394219693614,2.190581975587026,0.489945035160708,-0.87456250226063,0.035065656470875
2902,sine,-2.446928900841594,1.4444833548584095,-0.3683318373903366,1.9847800540893277,0.0941397771430405
2903,sine,0.7718533653439792,0.8204206026793589,0.694758653847324,0.0703067176043186,0.0417751870831713
2904,sine,-2.751115611184833,1.8896835859056784,0.3799815780767841,-1.2489958997830564,0.1238384353392176
2905,sine,-1.3836963483751965,1.6203278446109846,-0.3408606582547605,2.8237525224316027,0.0329913546877152
2906,sine,-0.370732197195379,1.678690097517237,0.1593553597262859,-2.560576793888554,0.0218544469816554
2907,sine,-2.746109271588187,1.074069311727636,0.7653309793142256,2.7862672198661675,0.1846974157342868
2908,sine,2.847225080981417,1.3281034525611677,-0.6981954685700695,2.4043616481001564,0.1519204013121978
2909,sine,2.586933805399416,1.2686968387274116,0.209809410379395,-2.743203626768547,0.1073495497714924
2910,sine,-0.6036404004779365,0.2484280941530294,-0.4790940815027344,0.3485255037391295,0.0151455542365821
2911,sine,-0.8968399362818795,1.890986071506393,-0.5654206213168891,-1.2229521327820665,0.0384157349932156
2912,sine,-2.409985195634992,2.7834082263511624,-0.1517638764451212,-0.7119940112266137,0.059227579061152
2913,sine,-2.00452922407128,1.9342072461028128,-0.1551048082600941,-2.8955463963865995,0.1316035486926068
2914,sine,2.666279576888824,2.073244121723557,-0.0707435724670955,1.3503047374483268,0.0605813179194888
2915,sine,-0.3,0.7821143247761685,0.1540081955005869,0.5574192984973081,0.0137504157056974
2916,sine,-0.5941901864647035,2.500258977089502,0.4386316373901613,1.0675134994806168,0.0184720959346296
2917,sine,2.724660313594436,1.1631666759498651,0.2982841466303123,-2.8865030812511865,0.1451144001354729
2918,sine,2.808906479513027,1.9603147092118665,0.1499612285060731,-1.9729930137592195,0.1828690203392929
2919,sine,0.4668444618340697,2.8187419568675214,0.4565555494185085,2.2065189224726964,0.0267352556215018
2920,sine,0.8562605234519132,0.9651198314100676,0.2241183643051292,0.5403811361310682,0.0480910472595766
2921,sine,-2.6421353530409157,0.1962756206486421,0.6388907185529051,2.5023457260214546,0.0365872498344693
2922,sine,-2.4141474824608284,2.213252732969545,0.1602376407365435,2.573052077309981,0.1019737045186043
2923,sine,-2.119164622332466,1.0330411839665847,-0.2871488316350061,2.8408331274905043,0.1080336955076558
2924,sine,0.8962391878811347,2.644886743203757,0.1614284897577599,1.011245575996954,0.0499576801559569
2925,sine,-0.3,0.7061666434623245,0.7287204688548934,0.3961959880099894,0.0128672086962563
2926,sine,-1.9352844408143093,1.8856037773682464,-0.6755019886155677,-2.9377704569941097,0.0603567642358316
2927,sine,1.1532622401037944,1.6744663994651487,-0.2285194129625978,-0.0447113891570376,0.0689966186406346
2928,sine,0.5932050378663773,1.026356605677381,0.7024298911627818,-0.2662784511583318,0.0147182157778093
2929,sine,0.6030617804812568,0.7768838009694736,-0.2635987107069607,2.6202968187105258,0.014757136788518
2930,sine,0.3,2.5024458960540903,0.1899303995003,2.9100196748399183,0.01506443815149
2931,sine,-2.5328298133985294,2.290202048531705,0.6680691729942574,1.4492615027364,0.0522556023848279
2932,sine,1.5406478774117192,0.532971606942522,0.3764957136294369,1.2816843678107386,0.0176259852308056
2933,sine,-0.3,0.4259879919010354,0.6702283951461174,2.4043134900748733,0.005020253462047
2934,sine,2.73295839340347,2.446924980241592,-0.4409049225979435,-1.794744668409055,0.1614351645132359
2935,sine,0.902254449056196,0.3371968602038658,0.6417217069197794,-2.2263179588060678,0.0147286708672712
2936,sine,-0.9066864762738548,1.1944021333746968,-0.4046540072254281,2.7611255030387705,0.0461646519883681
2937,sine,-0.7686319525187755,2.699391716089631,0.5437450398844199,1.5590531118103526,0.048150474975429
2938,sine,1.5959683493099828,1.1969435437593403,0.6685164364093761,2.3751505988276103,0.0818794104544901
2939,sine,0.7042767103530414,0.9510374069278716,0.1357103708897395,-2.0673215606768327,0.0304871902279516
2940,sine,-2.128452490191528,2.224454961598647,0.6293557884500252,0.1131326143139395,0.0499488449720695
2941,sine,-1.7715997933076968,1.88790564464253,0.6859270337279897,2.131180282817533,0.0249339770335516
2942,sine,1.4224229819223533,2.31900190375088,0.4755222947234443,1.5235311951597934,0.0231742243544569
2943,sine,0.6022915948906951,1.967023891537949,-0.1645484620496351,2.502932140085877,0.0253707854725385
2944,sine,0.751994053753338,0.4808144145807045,0.6086602703109154,1.8959249976408048,0.0249485461586779
2945,sine,-1.713923024097399,1.2633715842420663,0.1931580904386823,1.989893038043597,0.1198178822057346
2946,sine,-1.5387908397197347,0.4273959657674995,-0.6150462833602093,1.0444455441810092,0.0494579206065679
2947,sine,-0.8000392732205381,0.6981565521434168,-0.4392365179005167,-2.1657702343900924,0.0136881831554496
2948,sine,-2.5888954624845564,1.4884389186572111,0.5397823505190855,-0.0862269013333687,0.0476362876120624
2949,sine,1.894297168697305,1.8896106824103545,0.281147902249546,-0.8273867154490935,0.0976856583065798
2950,sine,-2.1766509608300586,1.4493521090403725,0.7345979039577328,-0.081624775123172,0.1257037958989287
2951,sine,-0.97063551188272,2.841242054055624,-0.2316761352484606,-1.2479411474988926,0.0598494653954226
2952,sine,-0.4164900317462638,2.937984831205669,0.5570048101336622,1.742586015218902,0.0135989523661868
2953,sine,-2.769622352946212,1.733864196788639,0.6210721972322713,0.5875425592914549,0.1172672122280826
2954,sine,2.9739160269217884,0.831478792458075,0.5292384340814955,-2.6897755035362803,0.0430364283127147
2955,sine,-2.979806880125449,2.5583272871871765,-0.6946916415944658,2.238327654086211,0.2076523091440177
2956,sine,-1.018926192442033,0.5742327792278696,0.4622436699422949,2.86486516406192,0.0160721774974446
2957,sine,1.213558306194777,0.4397363261810075,-0.2465859495846988,0.0537555796512707,0.0402849301549676
2958,sine,1.6173714472883347,2.339943392280592,0.0976813596410076,-2.8153136832309653,0.0752681556320699
2959,sine,2.5676055702690306,1.4100248171211032,0.6893548389302429,2.184011945740302,0.1443995038430314
2960,sine,-1.3641454642090391,2.44952511495772,-0.6329337611106153,0.9705648797654848,0.050577414558946
2961,sine,-0.3479442231723064,1.9249613781347037,0.6917721613884926,1.4236651458827172,0.0220788289068958
2962,sine,0.5261897468873382,2.9593893348928013,0.0701916308139027,-1.8338436817629773,0.0218013618978229
2963,sine,-2.4424691806028083,2.135265402325333,-0.7113167898304136,-1.7757137700470236,0.0953071620060944
2964,sine,-2.6266869539626185,0.9234059584402506,-0.7486037226125392,2.231472250213528,0.0881732911790982
2965,sine,-1.5285182256936778,2.897089258802301,-0.730943225064087,-1.8520441034137136,0.024014780932036
2966,sine,-0.3,2.338929523157153,-0.7031022640773787,1.0046497889848591,0.0135111472615782
2967,sine,-2.145320928499178,0.3490984708852575,0.5897098975848483,0.3457816750190998,0.072030306063497
2968,sine,-2.5915323962232195,1.60468087129974,0.6666182224460508,-0.2767802385544193,0.1039244907483318
2969,sine,-2.3594966854322514,1.3022393327017037,0.2910741266666554,-2.684462628613348,0.0777660467460823
2970,sine,0.5824684469892776,2.043532167227979,-0.0070663383951419,0.9484082409459078,0.0309044333946067
2971,sine,2.866116522776032,1.19800903319069,0.0581434652249118,1.9607588050389424,0.1741074934388851
2972,sine,-0.3,0.8742775662586475,-0.2797450405852786,0.7723449773692703,0.0122120596819957
2973,sine,-2.6139123596907075,0.9325310397717984,0.0907186089815258,-2.268083073305581,0.1186788223078503
2974,sine,-0.6398889395290457,1.3183389679169444,0.5521144367373128,-0.0507674788427392,0.0362246708604654
2975,sine,1.440731303480283,2.921773626675473,0.0902313268947856,2.3257154548197576,0.0229063674929942
2976,sine,2.314804045341736,1.904422674401112,-0.1629119365202673,2.326931262831794,0.0913428719187189
2977,sine,-1.546522508374898,0.3657381356429511,0.3316661429294762,-0.5600543504295872,0.0192098491609514
2978,sine,-0.5243445561221556,2.0225198251888408,0.6502806686825446,1.746993899486735,0.025798234021332
2979,sine,1.0364335416507189,1.5856555532215424,-0.5848373043104167,1.183172474922168,0.0244739372409558
2980,sine,1.7191010553091015,1.8689325462271216,0.3215258025636271,1.3835977655989709,0.0649392127672082
2981,sine,-2.520652705503835,0.2644030537360939,-0.2434229301708749,-1.5687132694314767,0.0177387464761858
2982,sine,1.7034736222195566,2.006584701067238,0.4771321656276241,-0.078017151870807,0.1158071237335759
2983,sine,2.526859574469186,1.0342186092970254,0.660356102869992,-1.5102769970688763,0.1068958411978029
2984,sine,0.6638982974884415,0.5055930347098645,-0.6272440007356996,0.6441194226210136,0.009312782715358
2985,sine,-1.6506661776582754,1.4650930334905143,-0.509065740079713,-0.4548273431316207,0.0595990092418625
2986,sine,-1.0978885993682137,1.406208427150673,-0.3343826088310334,1.6720658590124031,0.0267003696423228
2987,sine,-2.374129713978408,2.6947020716044228,0.2739965433181877,-0.0318920210936992,0.1092628810475149
2988,sine,1.6762733026734846,2.8337190928641336,-0.5325190614732387,-1.4789359271082188,0.0738721870026431
2989,sine,-1.1808170448471655,2.1968675043230665,0.2610962131983982,1.960843804862736,0.0541128011443919
2990,sine,1.58247286496814,2.923513905749701,0.7658626916967337,0.0927700658017256,0.0992764733946682
2991,sine,-0.5433616117081881,1.7322094604695724,-0.3118394947710759,0.6839734478880009,0.0290726242516623
2992,sine,1.3309318446126817,0.3067193502431858,0.7606248154481867,0.2671217307413611,0.0251098929273748
2993,sine,0.3,0.8121629885349172,0.3655511501946817,1.5204229983623616,0.013098305112127
2994,sine,1.3416973637899297,1.2637997647899664,-0.3145740472381961,1.2042587164564384,0.0606886043226642
2995,sine,1.537193249553367,1.064253651396694,-0.3815493771936106,-2.0109918489441707,0.0488054986997645
2996,sine,-2.586079642870597,2.279998911324565,0.4398758057991696,-0.2331608726305019,0.1829585511236507
2997,sine,-0.3,0.2863076193524344,-0.3153631927144386,-0.7679686447408418,0.0097352028410593
2998,sine,1.636632067161235,1.028736452885188,0.1167073661376932,-1.0309206242550075,0.0282491169537565
2999,sine,2.78728575899038,0.6227944782902045,0.0119368143737561,-0.8323421368687542,0.1248103655163063
3000,sine,1.7146740741647903,0.1569689326086949,0.028178510770253,0.662517562124485,0.0290520084528053
3001,cosine,1.6461933457674809,0.7876450655541495,-0.1022248137391441,0.0982895214727284,0.0162530132181239
3002,cosine,-2.489340376694738,0.5854239169378905,0.0039120733444166,2.563862361002748,0.0193868499472841
3003,cosine,-2.014601231502649,1.0195899927480725,0.3227593852075989,-0.2799290016249181,0.0785506105365967
3004,cosine,2.546736202762256,2.058859945180232,-0.458370343372682,-2.747752682118344,0.1092780640217989
3005,cosine,-1.5922082898610914,2.7540533085956884,0.0934512876593575,-0.3754066113372389,0.0407898330972448
3006,cosine,-0.7955733496659185,2.878602941685352,0.6934527211105572,1.1393791879488244,0.0349565540541941
3007,cosine,-0.6739534932310525,2.5469091645618915,0.5043229539560719,0.980382053351354,0.0344532461837657
3008,cosine,2.691094871380738,2.787542446569763,0.3364056510557278,0.8864290524445249,0.0560283598492633
3009,cosine,1.6987063776299165,2.670288893340517,0.0341176163935692,0.948930644159438,0.1111640122782708
3010,cosine,2.0407360283143934,0.6337033491201031,-0.7319313971515287,0.7430485306564254,0.0611674536955616
3011,cosine,-1.0502146911438703,1.3373181146848945,0.5495760487980514,0.5696271295496,0.068941531257072
3012,cosine,-1.4709500497398638,2.6912120555610173,0.5074983641788646,-1.1774437438921608,0.0396707718207533
3013,cosine,2.9836387905192367,1.1108129477861477,0.7091257375607645,1.0587372576888967,0.0572562911130423
3014,cosine,0.6449464654241219,1.2608059374289773,-0.1915301987772973,1.8085083553188293,0.0411146555681254
3015,cosine,-2.502516130755909,2.044933937946893,0.2409131039971266,1.9287294129347536,0.0624586625985698
3016,cosine,-2.9168551907689717,1.3341673926407247,-0.7285059059290182,0.3920314305733745,0.1435379477657087
3017,cosine,1.560774751181956,0.8566935838428493,0.6569282837382311,-1.5861351396420291,0.0634455109462816
3018,cosine,-0.3,1.6825854126365765,-0.6497484842528707,-1.9134200012033653,0.0087906864836242
3019,cosine,-1.2208007205135003,1.0798288325761451,-0.5096859604754738,-0.3921288022890419,0.0352789247082381
3020,cosine,-0.8436417380348487,0.5314515481321767,0.7764930886304786,-0.6439661884745611,0.0207279425381082
3021,cosine,2.7935849290200565,1.1918903890336796,0.1910009557251633,-0.7640938477795016,0.1126289504786646
3022,cosine,2.300289047066409,1.45294487278246,0.4573568859661392,-0.9551662582839682,0.0799198379826015
3023,cosine,-2.029276803736733,1.3822049086104935,0.1926698046855876,-2.164207272556389,0.1359006959900472
3024,cosine,-1.4340536865008562,0.577361196357271,-0.3638820007140726,-2.50456923908701,0.0153123938324024
3025,cosine,0.5533382226204417,1.7956761940096295,0.7365503616340883,-0.2091129248272736,0.0326769470669499
3026,cosine,1.0505633932893357,1.959441632390143,-0.4621885586033076,-1.7224483329253537,0.0527632096101227
3027,cosine,1.584735650865448,2.761363654773517,-0.1167696052931154,0.2554750068999896,0.1023787260549422
3028,cosine,1.10381112637835,0.769434363704453,-0.0143047021638953,0.1371394494578988,0.0151780150210589
3029,cosine,2.653593549705585,1.620710497913499,0.4763564569528205,-2.4224893270649828,0.1249623933610706
3030,cosine,-1.1105085781709638,0.2803330876261073,0.611699282832229,2.713051954565844,0.0112381005173756
3031,cosine,-2.8708588657642373,1.4222409057151062,-0.2682048814800593,-2.4283176389881524,0.1826204193357918
3032,cosine,-1.196293469329252,0.1145092809837549,0.3480611969565004,-1.047200599594437,0.0023409261913344
3033,cosine,0.3,2.9856796596618724,0.2889056802788894,1.3405510887338252,0.0144298937117744
3034,cosine,0.5330239442709579,1.0482047981090787,-0.6469942172816863,1.5077677971976122,0.0263327989984159
3035,cosine,-0.9896058056673112,1.0444220320439082,0.5695702629810053,1.0878818466367974,0.0321232649363995
3036,cosine,1.0684705030216683,2.605687398872816,0.2679121579279278,-2.461090476233238,0.0229515422409412
3037,cosine,-2.699819069599538,1.609415484686186,0.6396004910598718,-0.7830697832186031,0.1643931498549194
3038,cosine,0.4135913575212444,2.519099417565373,0.08453440167251,-0.2500154334815496,0.0068589226535987
3039,cosine,-1.0562868220154906,1.4913259349944294,-0.705965932753738,-2.718369842047145,0.0216687877430749
3040,cosine,-0.6498961798347556,2.4389815662048777,0.1545908987061387,-1.787119401670333,0.0140142895130788
3041,cosine,1.4731206425242442,2.366454507481972,0.598385716336755,-2.4280225490344454,0.0585899788049669
3042,cosine,-0.4059112884745834,0.4646091504790263,-0.5514790333430428,-2.512088254808148,0.005398128174287
3043,cosine,2.9420464752492554,2.7320706887549213,-0.0807437029045834,2.0667351415962854,0.0785459818985708
3044,cosine,-2.169424927868389,1.3391836806520967,-0.2778057290985712,0.2580906334001174,0.0875355544681874
3045,cosine,0.3,0.5665935773670678,-0.147643016488532,-1.436126988602859,0.0022474595808532
3046,cosine,-2.87846367965993,0.1123291095912446,-0.1459628693108767,-2.097824494003615,0.0054104243377731
3047,cosine,-1.5299776285214637,2.279222983836984,-0.1542174643760816,2.18355697602642,0.0991675785689457
3048,cosine,-1.0916991136001402,0.8357359939507519,0.0708733500535908,0.2292140160315354,0.0273040318741331
3049,cosine,-1.5124821043827412,2.1946678787547045,-0.5131084752727071,-2.127767807634541,0.0971929748674224
3050,cosine,0.3,1.1861054670759332,-0.6550780719593386,-2.0531241989444977,0.015799082399867
3051,cosine,-1.9596766010857884,0.4276854421816002,-0.1793312146071679,1.672625126321032,0.0239643581107945
3052,cosine,1.0314342318293308,2.8858664942197887,-0.3476357936384038,-0.277603497814078,0.0572098107485199
3053,cosine,-1.254964784744155,0.5174796027139265,0.2027747324310062,-0.072253257788807,0.013154930657986
3054,cosine,2.617769884292945,0.2117843893964656,-0.0043104072186919,-1.834513765586583,0.0051923410744196
3055,cosine,-2.105247055432426,2.571991337965269,-0.7023999673047905,1.8595104884714289,0.0838453576711751
3056,cosine,2.2668214800136246,2.327536359300701,-0.3866047247887224,2.798757114782582,0.1156014708841672
3057,cosine,-2.2766162907843266,0.3088847685206071,0.4946601420761245,-0.1932057481765308,0.0222144999763964
3058,cosine,2.630227234155182,1.3979759053884675,-0.7537481635665635,-2.837664690424194,0.0821388735299051
3059,cosine,2.913275804107145,2.535057270569397,-0.3085907182124727,-2.4269633402165987,0.1104342459939021
3060,cosine,-0.3,0.6188483583607921,-0.2172844056212379,-2.2066282785130333,0.002996442228707
3061,cosine,-1.9643915086424364,0.3191947764305773,-0.2749364021052554,2.624847487054792,0.0062788911415404
3062,cosine,-1.399938121293521,2.17298435259088,0.1665275179903255,-2.051427147710273,0.0777133152228884
3063,cosine,-0.5030606075328361,1.9782899334623023,-0.7711809967198534,-1.8981068172513853,0.0276367887714827
3064,cosine,-2.0531315045749032,2.737608262683876,0.3771287193460777,1.93831241213848,0.1213647078883981
3065,cosine,-0.8924947119876974,2.6750421245905835,-0.6269829370478474,-0.0359082501553875,0.0414273526319139
3066,cosine,-1.8388326283728915,2.847388146915087,0.7004737329863358,2.867352950451857,0.0554863306645904
3067,cosine,1.1996791305855492,2.4171334675494416,0.5965133928325344,1.5229975731383272,0.0494378222507829
3068,cosine,1.6454513645086255,1.695822231896141,0.3665894040703183,1.7013160649817518,0.0699449094519062
3069,cosine,-1.5663930415286769,0.8948750546596617,0.2889704544465958,2.1586740929226824,0.0247642864256926
3070,cosine,2.058085460746229,0.2559918809780063,0.6299229398387289,1.7332590077680765,0.0304844486017824
3071,cosine,2.6434606624112167,2.0239911029608324,-0.0248828827803926,2.6129357221865908,0.1559702020854016
3072,cosine,-1.6521908124148998,0.2132943246605675,-0.2461715581657557,0.4927361741976397,0.0076292827207855
3073,cosine,0.6373512882945329,2.778131874239663,0.4628537633456853,-1.8083388977419477,0.0317079276766086
3074,cosine,-0.3,1.689193610273095,-0.6037925504701399,0.9911054167915196,0.0188773683471179
3075,cosine,-2.437908531597712,2.097947866109396,-0.5165395008744905,-2.8022307469957264,0.1125641806316174
3076,cosine,-0.3,2.694109281423842,0.2555015987605042,2.7159993751247686,0.012866463671368
3077,cosine,-0.4725263131255914,0.6270547721991271,-0.0660498405667473,-2.534479162687409,0.0114884629069765
3078,cosine,1.3905285375626626,2.1610046489470034,0.2522615585495902,-2.9675632638321865,0.0371358514789866
3079,cosine,-2.600424893465941,0.762155409766899,-0.3695530584528852,0.6574535784320341,0.1035132684531038
3080,cosine,2.5463496966605845,2.7707998192251084,-0.632647698278736,-2.5119397137179105,0.0624099710968908
3081,cosine,-2.310343399242469,1.357361483088039,0.1367642874109192,0.0483914021602651,0.1538464780881611
3082,cosine,0.3873801208123919,0.1665668249043463,0.1597071883177774,-0.6452830505073353,0.001
3083,cosine,0.8518536558901957,2.7514738451605547,0.3800305845386316,-2.79342349437623,0.0192540766085675
3084,cosine,2.763302675948264,1.8999165442572463,-0.5921951845505974,-2.578462721660867,0.1887229179483155
3085,cosine,0.5728580637796314,0.1125715771292327,0.0927968699469889,-0.8275661192649553,0.001
3086,cosine,2.327748248109687,2.0183674181459144,0.1452968400172847,1.865628409715323,0.0713290280776519
3087,cosine,-2.4844260785425387,2.261364769481705,0.1398266833069705,-0.5636196535674225,0.1526551679887969
3088,cosine,2.0819577200504567,0.8835869687904034,0.1087985119754925,2.853532195000221,0.0407256208338101
3089,cosine,-2.132248017972024,0.813442592393064,0.5228743327672836,-0.7567232245089492,0.0430259598558854
3090,cosine,0.6011117802765487,2.5766559363260257,0.4721599237517273,-2.04823879661056,0.0107439315516264
3091,cosine,0.6551737690816095,1.2709098616443468,-0.1234922393052835,0.7977205211806,0.0396952435771749
3092,cosine,0.5702345525868644,2.444629886849594,-0.3575031142365969,-1.7864918899398616,0.0279167716988981
3093,cosine,-1.187405151625085,2.7816138076104178,0.3612273306142202,2.792539131659389,0.0614007186550522
3094,cosine,0.7864810209504078,2.837244895080178,-0.2282156392229986,-1.3162680898339074,0.0206727390111856
3095,cosine,-2.0813210102916804,0.2480210388216669,-0.7760535009408682,-0.0299828920053588,0.0386751501725035
3096,cosine,-1.8764440029308849,0.1740847807112028,0.2068449997524372,0.7501136268280852,0.0042449200915312
3097,cosine,1.203838273632261,1.3102762539609354,-0.4942431827792198,2.600983473797756,0.0757226639798524
3098,cosine,-0.7411671943524811,1.3340109120223622,0.3207544093394989,-2.835262850148794,0.0245929137087766
3099,cosine,2.9567348696551505,0.7343270913040676,0.7027910977830161,-0.5476752434682073,0.0931804271426029
3100,cosine,0.3,0.6695073259977549,0.685024585479566,0.0431616488640695,0.0083632732276304
3101,cosine,-2.21199607511521,0.3793905687539154,-0.306136615405177,0.7776721432280214,0.0271604039733601
3102,cosine,-2.5365529071462207,2.5299504280196,0.6368178567108176,2.847057384007928,0.0915288562938981
3103,cosine,-2.1939424693230625,2.994062444278043,-0.6728273595634605,-2.1908412345704047,0.0779782554991779
3104,cosine,2.958294641249492,1.8546664577134684,0.5351984841750488,2.908019972766776,0.0791893406668044
3105,cosine,-0.7689506541228242,0.2596218537791101,0.0899347548572085,0.6003917940230172,0.0037298249739681
3106,cosine,1.4065450800357997,0.8690540554176616,-0.0949554088483913,0.7431750569696995,0.0219723041751015
3107,cosine,2.314271188183885,1.2425295619981438,-0.0571186451135539,0.1875613629803583,0.1245679980975458
3108,cosine,2.141020748738369,0.3624479694778658,-0.3590996907092246,-2.0956523270660217,0.0246448589866171
3109,cosine,2.7986053186182174,2.075886053888047,-0.0719826321544357,2.4975161646678687,0.154219342157885
3110,cosine,-1.5788245984556355,0.4057450782170951,-0.0268659514544191,-0.010672481942596,0.0051756802176651
3111,cosine,1.6273767293790096,2.902820660868012,-0.5796665691065267,-1.2633458347144266,0.1016152066669293
3112,cosine,1.3984043538390516,1.5952569373057743,0.1632978481263773,0.8906177298997489,0.033225495902331
3113,cosine,-2.095139922834864,0.3170583263895714,-0.2387072979368171,2.8158816503611828,0.0229042920026474
3114,cosine,2.066619314401594,1.860106238393428,0.2633270291139631,1.7406716407797775,0.0444391202809776
3115,cosine,-1.1189426973237693,2.6930598945169923,0.5984884714942367,-0.9718042964372416,0.0383093986506861
3116,cosine,2.15433815102391,2.354409714431062,-0.522753505307333,-1.9134190185207411,0.1254944107314113
3117,cosine,0.825384765773169,1.283978942344631,0.0011640831909911,-1.273689453667507,0.0297298505894013
3118,cosine,1.4349714120440318,0.3939979773935639,-0.5840897017179437,-1.6466592966980662,0.0202850552881008
3119,cosine,-1.3345836194386165,2.317246646555167,-0.4226884971096536,1.525036040155519,0.0315504647857294
3120,cosine,0.7827519541303518,0.3778936889607804,0.277130291299567,1.711101670035152,0.0046619792157934
3121,cosine,-2.301415820302693,1.295908391313934,0.1371419919823967,1.2321744876868062,0.0526450528813235
3122,cosine,0.7912518165488551,0.6443886051763756,0.4576007251081895,-1.5067595263581446,0.0252706288395294
3123,cosine,0.3,1.541555750316943,-0.4785295678749334,-0.4828649342259297,0.01293629106232
3124,cosine,2.065484755675519,0.3296678813805387,-0.6811647070696927,1.9356397359126156,0.018447982774918
3125,cosine,-0.7594814579264071,2.12202102298807,0.0500566705853001,1.4893114876596971,0.0122465454017628
3126,cosine,-1.5548229996116332,2.7172755834862423,-0.2858991028683641,2.749876736338664,0.0218359428295853
3127,cosine,0.8850053849761306,2.687952538791798,0.4205440995555805,1.6438902822839232,0.0410572535126644
3128,cosine,-2.3841352435510084,1.769347363382681,-0.2529205825936863,-0.0569527367224944,0.070977386703215
3129,cosine,-0.3,2.3096466545828465,-0.7785060740931941,2.739354109704677,0.0118758762229042
3130,cosine,0.6478751317906672,0.8846338368247433,0.1674543019777699,-2.106526005409526,0.019967315005111
3131,cosine,2.250226656320871,1.9932289300426136,-0.5343416193394858,-0.5031951503521457,0.0996540873071982
3132,cosine,-0.3,2.538450847963441,-0.5406730633393542,-0.5570790260229681,0.0084688646768132
3133,cosine,1.7343194719641415,0.7766912010665115,-0.1032206933313506,0.3127336773490254,0.0523259144835902
3134,cosine,-0.5923924390530377,0.239299987272845,-0.7499799790587897,1.3774585386695852,0.0044401244115966
3135,cosine,-2.692381400089101,1.1648291554863428,0.5538291929990284,2.1056412808397718,0.1250780430261405
3136,cosine,2.2210783904026066,2.071419540260524,0.1756523552073201,2.9860768166450846,0.0723127405190833
3137,cosine,0.3089347444044321,1.2412453191888704,-0.6127713546706222,0.7187573534377365,0.0063652184301907
3138,cosine,-0.4392196923571161,1.2808621095392858,0.684643416123246,-2.284080039813348,0.0097531927006595
3139,cosine,-1.8777579552468384,1.349638983593383,0.329584152690151,-2.391406081649851,0.1254261726903532
3140,cosine,-0.5328277721329933,1.605964960529632,0.6644728734690879,-2.4227222682680685,0.0319400480102316
3141,cosine,-2.5435837047058616,0.3747061076410822,0.3431880088102559,-0.8031068967459745,0.0148424377997854
3142,cosine,-1.450373727792296,1.862789200089762,0.7577307576825509,2.053749966950675,0.0884737881056403
3143,cosine,0.9596939248106352,2.300223926771411,0.5680186721368747,-1.025249675883222,0.0457173275644852
3144,cosine,0.3,2.2535921185221284,0.3335175516501323,-1.1120266789368551,0.0164145852298109
3145,cosine,-1.380644892202144,2.521650592714208,-0.1329199882581451,2.8763878982764,0.0596406426309713
3146,cosine,0.5838786527356632,0.6481419154681941,0.0571561322381175,-0.6196453878787702,0.0152811616217898
3147,cosine,1.3413433977323512,1.3487984813817375,0.0610563971321628,-0.2821562168287972,0.0625195695834084
3148,cosine,-0.855264184522396,1.4761580209762228,-0.1155946673620416,-0.0847668880371248,0.0518171696926785
3149,cosine,2.28515083664679,1.5876811321974431,0.7609432463499046,-0.78500108503974,0.0322632907571253
3150,cosine,-2.570417182808612,2.039934268796556,-0.7503670489205253,-0.3503944995848531,0.0428892831925847
3151,cosine,-1.4867274568511462,0.4708720872814546,0.1554683365948249,-1.3465074529542087,0.0131680947850325
3152,cosine,2.1285049838640795,2.938960903272936,0.1146049987420245,-2.6391974859362177,0.1441225190636983
3153,cosine,0.7002299788021715,1.6239610250610432,-0.2748291501928477,-1.7248255959983794,0.0131315486838719
3154,cosine,-1.0639446191298956,2.197713263530715,0.2699544439967212,1.5085146000937124,0.0322055091827045
3155,cosine,-1.3743100123232284,0.208142214252358,0.095414487772788,0.5170606093095804,0.0040846707828024
3156,cosine,-0.8568507932633684,0.6506757082207494,0.6066986605931206,-1.17170048035903,0.0217518762125769
3157,cosine,-2.7657021664200925,2.569107824048312,0.5707216427337765,2.2281778505416083,0.0657601197024274
3158,cosine,-0.3,1.7195652104118109,0.325502213017266,1.5162894996609717,0.0146124980572375
3159,cosine,0.3540937543324967,0.714376035755192,-0.3261654211456303,-0.2626725898107387,0.0064363925007129
3160,cosine,-1.000362840788434,1.8983317813886191,0.1947514744022029,-1.91753553226924,0.0335799098203254
3161,cosine,-2.0177656129004684,1.081203524958066,-0.185884776129071,-1.2060828309964855,0.0499176940397575
3162,cosine,0.478710612475254,1.951164011583696,0.1094558600630734,1.1443187363531102,0.0244430066567326
3163,cosine,1.0450738920249831,0.6445070019100402,0.5299118164303334,2.673028256389037,0.032726857185673
3164,cosine,2.9537563713195683,0.3782995610097867,-0.0939401683101113,1.200456782488784,0.0070238960781042
3165,cosine,-1.8789709747644343,1.988500828351553,0.0772486150324238,2.002286747947056,0.1101878187335434
3166,cosine,-1.3786166522556904,2.3922766189796234,0.3256828901669537,0.1171974296947633,0.068372401960526
3167,cosine,2.028914032333089,0.2663374922388864,-0.5769941323345902,1.8612649433561772,0.0186496934178363
3168,cosine,2.4726993965811106,2.45914297298234,0.541132297760085,2.746241421830394,0.1466830123304733
3169,cosine,0.915049136421552,0.7237673624223266,-0.4196846309618983,-1.188811509783827,0.0316618282446377
3170,cosine,-1.6326342312506268,0.7592832263423002,-0.4622334604918014,-0.9926966966160826,0.0674098678967612
3171,cosine,-2.0894999177022404,0.5263742305535593,0.329516672301174,-2.6931545963948897,0.0464701004904968
3172,cosine,-0.7488973154647489,2.180215735137924,0.1895512948118122,-1.0198633986461958,0.0119275007210995
3173,cosine,0.3,0.3368297751189723,0.1421218484859042,1.570462694580832,0.0011882822021088
3174,cosine,1.6878196266909995,1.4753559458060936,-0.3078067955241315,2.30713061517572,0.0612632908873314
3175,cosine,-0.6780457264155189,1.290891654816658,0.1619255398021621,-0.5068024309665815,0.0438499619082538
3176,cosine,0.9581909891412216,2.3694043277508654,-0.647077876148215,-0.7589381758819584,0.030746004284381
3177,cosine,1.4128467570076897,2.490707171387901,-0.3750199184868842,0.0020286852651052,0.0435122166339667
3178,cosine,2.7928123113074417,1.4524485188707588,0.4384916127087099,2.8185147724526107,0.1656600051963452
3179,cosine,-1.5733472528611383,1.830500816785912,-0.6552897620806388,1.0131263956993788,0.0608271682789795
3180,cosine,1.7198744862940814,0.2297906015536626,0.1746432246346168,-0.9692107811808092,0.0065089932266014
3181,cosine,-0.5170226794940849,1.0741715954813147,0.7397880917326658,-2.131505181954144,0.0275201505793061
3182,cosine,-0.3332266101257533,2.44426515168226,-0.1142688739510149,0.6992513103699167,0.0061313542699896
3183,cosine,0.8000141470558986,1.4717225449203637,0.2327392153205074,-1.2573022470448785,0.0189853102425403
3184,cosine,-2.2727448842666664,2.163534863362776,0.6760957865016866,-0.7180972298835417,0.0443444452428557
3185,cosine,-1.6808210795566725,1.74336899650803,-0.1330073666126203,2.5028605287953933,0.0552068311850717
3186,cosine,2.98265245382015,2.1760859216851616,-0.2198643573093568,1.9667717916140963,0.0866514912105783
3187,cosine,-2.661551826185557,0.2435508039885782,0.2530199281094438,1.6475892359164366,0.0115664594903828
3188,cosine,-1.9421522251260055,0.7734423460491838,0.5460411186909047,-0.4025544344718956,0.026067733562809
3189,cosine,0.3,1.5728735983097537,0.0149585865212991,-1.995618741749437,0.0187468984046418
3190,cosine,0.394365925088703,2.2161058181433435,-0.6228728580016846,0.183486273013731,0.0054331281435035
3191,cosine,0.6202068557923655,0.2618713948792498,-0.0525893129868725,2.7570873231872426,0.0029168649102661
3192,cosine,2.191882505439846,1.3476623434570687,0.2552494653494608,2.0737765503272536,0.0548694791212495
3193,cosine,-0.5426265122880864,1.700764760418915,-0.7697154669209632,1.2612574243008332,0.0340514709271421
3194,cosine,-2.0012641094279937,1.5142081486632597,0.035465239076144,0.3826786706766247,0.0913029582701861
3195,cosine,-2.8799332113883334,2.39251490777987,0.1936832026619304,2.934225880547672,0.1041057867638499
3196,cosine,-2.4374522002717933,2.526476969781548,-0.2773807353458108,-1.9406702503822464,0.1084764037081213
3197,cosine,2.982929506900012,2.610047471991078,-0.6739690035852897,0.0099919141397917,0.0874021203058725
3198,cosine,1.9863258725891484,2.507504012933397,-0.5505220915818743,-1.5753311594821149,0.0512292275647138
3199,cosine,-0.3,1.9207688966910064,-0.3120006808003289,-2.2372518127798884,0.0087997275537727
3200,cosine,1.9463677406469344,2.309149482857233,0.69884980254848,-2.9637147918685054,0.042444042376895
3201,cosine,2.471752250975704,0.4374811335592321,-0.2998447679525826,-2.6511682259030165,0.0220988797667944
3202,cosine,2.39337146690443,2.668342399459242,-0.3910838162411033,0.7392519818985006,0.0547836671470839
3203,cosine,2.781914421704079,2.001936643482862,0.1537811440833493,2.4339978302689875,0.0944623908373971
3204,cosine,-1.0114254365271005,1.2647707751998103,0.4338672367595804,-1.999131003356298,0.0175266220971252
3205,cosine,1.2855000582452991,0.2845482839781931,-0.0864444622627543,-1.3752792615578635,0.0068543855743344
3206,cosine,-2.6384924802216583,2.086261754983375,0.0936870152287675,1.3614512346603531,0.1432862454129866
3207,cosine,2.7900536339573296,1.1175446810257157,0.6507158441856784,1.7582016146136787,0.0699916295175887
3208,cosine,1.910171561318963,1.9775535063119551,-0.5592304643825399,-2.157553581240786,0.0705757751457395
3209,cosine,-0.3,1.9633631596126333,-0.0914544720899809,1.5563174724613995,0.0087110560009085
3210,cosine,-2.9800002300800355,0.1119973184363376,-0.4181851572972331,-2.5100087786620517,0.0140361372428075
3211,cosine,0.3,2.618621667819016,-0.2280707077934154,-0.9311528384391936,0.0095966632016783
3212,cosine,-1.5769396730517633,1.016603229544209,0.7233335736890103,-2.9054323274743536,0.0469148494625022
3213,cosine,1.0106147019660527,0.6044201073487272,0.4775580832896373,-1.071490640361102,0.0170832934659449
3214,cosine,-1.6746410738956687,1.948726483187427,0.7644393547561474,-0.9209495858347254,0.0821618280376786
3215,cosine,0.5224744585850312,1.7900136609215955,0.0082678000420137,1.1591159064157486,0.0270662290747866
3216,cosine,2.26019923037418,2.8582426083021577,0.2494892372781663,2.8317216966558965,0.056539691983068
3217,cosine,1.6633438215767065,1.5072498483856396,-0.4576366564446295,2.1604672502448725,0.0656210588972937
3218,cosine,2.172724542755893,1.9527822095059049,-0.2033035100380577,-1.372514981674992,0.1344899756723566
3219,cosine,1.733825010710456,0.8753858111862599,-0.7295607711922859,-0.516737806535116,0.0703144747903026
3220,cosine,-0.848332766006386,1.266306625334472,0.3689685583941433,-1.9723043764066424,0.0221366073024995
3221,cosine,0.3,1.7467905227477225,-0.5374692909334781,-2.3286170709886003,0.0087997618654103
3222,cosine,-1.0840519626062604,0.9789545058681268,-0.2705019799113808,-2.295820697270843,0.037448757683957
3223,cosine,-0.6782962895936189,1.7995783772543477,-0.345227706955287,0.4364165981111827,0.044506175335817
3224,cosine,2.176034181401296,2.3476210978085,0.502228933645051,-1.6871856330410322,0.1128432718464216
3225,cosine,-0.6105208539903737,0.1750336087250512,-0.5601023006923017,-1.6553169750524612,0.0062993427894033
3226,cosine,2.486205097514425,2.604464143853002,0.6539548417666692,1.0598366104468957,0.0363710468463333
3227,cosine,0.4050207934719343,1.0814550814147863,0.2665475785550062,0.3373651819801342,0.0057242386784178
3228,cosine,2.435039118393357,0.9944900637606552,0.5008968484708387,2.2727357344638888,0.047778327754324
3229,cosine,0.6657707148550229,1.484062575185194,0.3236663533298822,-1.8976214209118103,0.0127825014732686
3230,cosine,1.957014295360268,2.9207836583266724,-0.6472323533442603,-1.654080022817259,0.1086005761632175
3231,cosine,-0.3,2.3577014074220624,0.4011017100514775,-0.2654204912724189,0.0092970755473179
3232,cosine,-0.560999265930421,2.417532893596894,0.3890600408864713,1.266029148632069,0.0302589164486654
3233,cosine,-2.488831711480459,2.753892985681893,-0.1333640972834145,-2.12919158975,0.0462599919738108
3234,cosine,-1.9698130904677955,0.258386912238833,-0.5612024756142615,-1.905030085810495,0.0185608619712264
3235,cosine,-2.817158439964797,2.049669018554005,0.3094235642488914,0.9399656293654152,0.0719729810103096
3236,cosine,1.5619862755063352,2.379666840204939,-0.6733167073739569,0.4217141512129982,0.0290045366184806
3237,cosine,1.1770217259011408,2.915175779080539,-0.2157174206742014,2.730277530647939,0.0729585177881993
3238,cosine,-0.6258110365064558,0.3742431632587438,-0.271775115128848,-2.157509856433076,0.0064274857172337
3239,cosine,2.201493723631016,2.7643178294565933,0.1149303922522615,-1.6560893895541662,0.1024303973540888
3240,cosine,-1.1581215624151364,1.3272175372182653,0.2791073124452261,-1.7955111287348424,0.0587004894793247
3241,cosine,0.3,0.1511642935229837,0.5706953179118406,-0.1774570390734928,0.0029415993931346
3242,cosine,-0.3,1.414496831269622,-0.2255878744311098,0.818533599234847,0.0132639834744121
3243,cosine,-2.374219645901116,1.7185979233329622,0.5345647566537526,-0.725272392819087,0.1218766398467187
3244,cosine,-0.3124552150371604,2.7194967413126983,-0.7323609727532656,0.7079619920542148,0.0110589390411601
3245,cosine,0.3869732183130514,1.0919104771796144,-0.7088174020178223,2.180415931364215,0.0190222663399994
3246,cosine,-1.5179270010308152,0.5177393911933527,0.3582027844244024,2.0469526237079227,0.0374131130668332
3247,cosine,-0.6480919651522852,1.0495897162655987,-0.4702705564267651,-0.5540700572794512,0.0189995601142738
3248,cosine,-0.907219904614863,2.296885824965557,0.6392023729587324,-2.931623593411303,0.0184762051253859
3249,cosine,1.83933436640004,2.61007418633347,-0.1830228151937214,1.4891563501133795,0.1106428841694883
3250,cosine,1.118623674150129,2.7437487823826885,0.6590783529695088,-1.3532309782744898,0.0755130520437575
3251,cosine,2.654815219973999,0.106527954182307,-0.097770891147307,-2.24315159537571,0.0015020846177134
3252,cosine,0.3,2.741996895303932,0.0240999611829129,-0.2989330461096151,0.0169924569937684
3253,cosine,0.3,0.4742769813283801,0.3447547268621989,-2.026036604580056,0.0044000918211245
3254,cosine,-2.135821056944419,0.4458464712927129,-0.1033195232580712,-2.620870827966117,0.0134517356615054
3255,cosine,1.6085315625159042,1.284962178401034,-0.0164461050646382,0.9857000414689044,0.0882115638096243
3256,cosine,1.7977502017898015,2.198026290526577,-0.4897955311206422,-1.872033715515912,0.1080736089834188
3257,cosine,-2.953909799932505,1.6339799337757404,0.6109005415695146,1.3554760728814603,0.1040870016281119
3258,cosine,-2.677753682798961,2.264286803141508,-0.1488982518178968,-0.4436158929212173,0.1375092479400791
3259,cosine,-1.4862213932429114,2.285376474607681,0.106849149524705,-0.5365950762289842,0.0769429652758312
3260,cosine,-0.3,0.9644671127976712,-0.314970069536244,1.7985205342394934,0.0113919662700206
3261,cosine,2.578095932430611,1.9394583597020745,-0.0031247312666594,2.668407426593084,0.155718998006885
3262,cosine,-2.208811647744952,0.5346728152553861,0.1429530609264545,-2.582825407165817,0.0423177208026335
3263,cosine,-2.2984016284485715,0.355560254578815,0.3831702192372048,1.759082610559182,0.0185637701980675
3264,cosine,-1.1099846933996875,1.669698790646685,0.639299982567588,-0.3715363488385135,0.0521492794851095
3265,cosine,-2.1293226760303274,2.108768656107467,-0.3243628392106094,1.9153996072814656,0.0717161679265941
3266,cosine,-0.3,1.8423978190207908,0.7802839587410222,1.1310417354231692,0.0085718823401461
3267,cosine,-0.773445661390852,1.543757364129534,-0.6939199574130928,0.4265203253145913,0.0202017399353417
3268,cosine,-1.839140192148929,2.05093613719426,0.0383743870784538,1.3250992488312248,0.0761790267938948
3269,cosine,-0.926725270410028,1.4845400922871208,-0.7530875565853289,2.205750446984192,0.0628282435135353
3270,cosine,2.8518871833230577,0.9720848345566842,0.0426634759855493,-2.8896776820656958,0.1140771831446828
3271,cosine,2.0468704555707298,0.3590081297294081,0.7676618201991556,-0.0844965141435984,0.0131562806454051
3272,cosine,-1.6860348303350736,2.2780897069440496,-0.3656645170993086,0.353270888965155,0.0988639199223938
3273,cosine,0.3,2.50402356594234,0.0036128573699734,-1.3412054100863584,0.0185401194519967
3274,cosine,2.3657528455837653,0.6552928001976791,0.556682346002874,-0.6391807870931219,0.0640190665321407
3275,cosine,1.4602857227871908,1.671582334778321,-0.6386595841170687,-1.3247927590907405,0.0537947076446708
3276,cosine,0.6455323049139268,1.8621322976930264,-0.2426027868280138,-2.774352910080337,0.043266357216603
3277,cosine,-0.6252920718437163,1.777304459302402,0.2385710647437871,-0.4418504826761547,0.0254412595491226
3278,cosine,2.4897809175312577,2.327210284817855,0.7439517804727915,2.135458106131434,0.0907603679721997
3279,cosine,-0.7500178214029098,1.6469443427486357,-0.5572545510996753,1.5218992536408598,0.0189730129048177
3280,cosine,-0.4462358564073061,2.160154833885643,0.1805490200992879,2.49906679034992,0.0059622808179567
3281,cosine,-1.2876296862118908,0.5670662271860911,-0.1868865142090197,-1.605354719082686,0.0157301299011537
3282,cosine,-2.985323685752477,0.2675248033481272,-0.5736284906764119,-1.5163264773772789,0.051658397571062
3283,cosine,-0.4667689317954289,1.309698540908908,0.3203156847043313,-0.7804977315373862,0.0123024783200888
3284,cosine,-2.328985376583216,1.127785593138226,-0.6529281804801459,1.9360478600825708,0.058405698219644
3285,cosine,-1.4661539687598275,2.07551086041209,-0.6062520805412083,-0.6632679927757081,0.0575361018825769
3286,cosine,0.6962738483431226,1.1026992792156314,-0.3356541912528858,2.814067214966249,0.0414793486870092
3287,cosine,2.476217667213284,0.4270498568535921,-0.4353654900639085,0.5145077216481253,0.0286527544993794
3288,cosine,1.2463349744374952,0.3948077612714157,0.4513544981730384,-2.63569177010309,0.007478488812032
3289,cosine,-1.0225249371693987,2.443321469404344,0.7312085814582507,2.807796826257335,0.0565695861170142
3290,cosine,0.8986893592237615,1.912890825062694,0.1663747776934266,-2.8648276649706244,0.0129323001709514
3291,cosine,2.887796463035091,2.427369048222001,0.6883528096199572,1.3301982130816823,0.1875112558493166
3292,cosine,1.135862602247219,1.6543648026621824,-0.4909162575636912,0.8283576066665503,0.0181415694514691
3293,cosine,0.8347884150891138,1.678145121184753,0.0054920702035516,1.650127881988972,0.035847802827943
3294,cosine,-1.136866103613196,1.6907299827991902,-0.1279517345401659,-0.6165052602136454,0.0209449963147667
3295,cosine,-2.188000922897982,2.81464166395589,0.3160597465810015,0.3558007057067316,0.0511970287219657
3296,cosine,-2.472391867983804,0.3859278143752037,0.020994000392192,0.144365923775136,0.0223494820256487
3297,cosine,-1.6517679056223975,1.2670727665417485,0.6659118369878712,-0.6065720007076463,0.045029387480446
3298,cosine,-0.5337820112692921,0.2426252477526431,0.671826020721001,1.1606634247647234,0.0065981146264944
3299,cosine,0.458707630756745,2.2002650402975363,-0.5261133605317405,-2.303240622471275,0.0189612963781721
3300,cosine,2.66561886275245,0.5065578864303301,0.7455520365409669,1.6923722307385036,0.0733791966144334
3301,cosine,-1.7564122640826445,0.5466305372101743,-0.0193984196729919,0.2193500861857127,0.0187867322801176
3302,cosine,1.820710658882776,2.954039527987665,0.7720113864585558,0.5533821392598535,0.0524501121533728
3303,cosine,-2.8254315360477227,1.2586521976687812,-0.5869874281981164,2.758317062176056,0.0604097550048406
3304,cosine,-2.6568584207173758,0.2544903221667914,-0.6899449119382609,1.403571374792402,0.0368206539593586
3305,cosine,1.3750435465887758,2.803687254288117,-0.4915897787085882,2.338368451170563,0.0955806215229129
3306,cosine,-2.41207250562005,1.2720140128517596,-0.7423427919754727,-2.110969514885689,0.1642934587970764
3307,cosine,2.296759407874319,1.617325863750517,-0.5185751227771631,-1.9811851763929504,0.1334794402032538
3308,cosine,-0.9210320239049016,1.8813000385413372,-0.1451073391908126,-2.505016736125641,0.0294863555113412
3309,cosine,0.3,0.6637436690801568,0.7141843190165269,0.3887949106715305,0.0123750167713505
3310,cosine,1.954826971058698,0.3628101977939549,-0.465411690493149,0.309907808221717,0.0190565127247107
3311,cosine,-2.87666771979425,0.7696570635361281,0.2785775785577764,1.239835774021785,0.048869778990304
3312,cosine,-1.4803514966311928,0.7210417660814661,0.3218869023127368,2.3492555062323124,0.0542726972082749
3313,cosine,-0.8009670926454464,1.8347331318147797,0.5998587500759829,1.9556993923437185,0.0270221199073473
3314,cosine,-2.536080657964813,0.6224836182207047,-0.5262806392188435,1.569334754178966,0.0693469473818377
3315,cosine,2.447161137771449,0.4232995922252737,-0.2221261083914688,0.5950615235097247,0.0180830658121033
3316,cosine,-2.1916961949896323,1.022708481269858,-0.5174329250365559,-1.7683726886020872,0.0963847683559504
3317,cosine,-0.7540382367334653,2.897981428069613,0.6158802618405717,-1.4593605058790862,0.0419431594528496
3318,cosine,0.4533725118748268,1.1608821134625271,0.369675517912118,2.852451083426091,0.0100726318718732
3319,cosine,-0.3,0.6778324895814761,0.6132075845836511,-0.5859571671249153,0.0087659881069476
3320,cosine,-0.8889580712223668,0.164544879947374,-0.667079146731087,-2.9559422232920074,0.0039661707338599
3321,cosine,-1.5666668964403083,1.8986302170496527,0.2773081353202815,-0.8120730371449687,0.0487018724934408
3322,cosine,0.7659769787016941,1.8198886508196856,-0.4338327262729293,0.5764686344438053,0.0188483470545654
3323,cosine,-0.6056988701883039,0.7409549316243417,0.4371240708720012,1.931800248248212,0.0190008210989457
3324,cosine,0.3,1.5128023528920234,0.0024305445259221,1.6761898245062277,0.0212699520546621
3325,cosine,-1.102562062534416,2.975744736789423,-0.4682407358977963,1.8585631237619449,0.0421140381250185
3326,cosine,-1.9502314814378017,2.410595653189488,0.5421471708814114,2.8081931980291657,0.0475084743782282
3327,cosine,2.9861996196522336,0.6039433454441134,0.4279425841470314,-1.6342572662700938,0.080505526781216
3328,cosine,-1.7294859530886892,0.6385838953819707,0.581446685208366,2.9360055416450788,0.0240703358203055
3329,cosine,0.4310969602038197,0.4094475893933638,-0.6003549625515361,-1.1465785905111383,0.0035251910789024
3330,cosine,-0.4125664345624704,0.2305592766390752,-0.0620593006287005,2.3252827325604466,0.001
3331,cosine,-2.1838709682928417,2.2147650901982323,0.2336533574207353,-0.8473076834083759,0.0973142167365809
3332,cosine,0.3,1.607244137412558,-0.1251899637311345,-2.7469665321989565,0.0080711035415976
3333,cosine,1.2190995496332455,2.0975946207498306,0.2992057599733928,-0.1992437817809906,0.0590583672408016
3334,cosine,1.251904648645966,0.3759236221046494,0.167649123608213,-0.7392858948719643,0.0091987438700963
3335,cosine,2.056141177180386,2.0543058672162124,0.2675131381053879,0.5562441448794999,0.0707725773111232
3336,cosine,0.3,1.395970601930517,0.2025180895879268,-1.900440722505289,0.0207343777316276
3337,cosine,-2.460766806440664,1.978413382200701,-0.4537131419819464,-0.4084171166551829,0.0830765493497436
3338,cosine,1.8317454877402453,1.409332063975134,0.2710321391026471,-2.516088418890685,0.1211763526188149
3339,cosine,-0.3061746905155909,2.410685978138808,-0.1927598032279786,-0.2636392714978006,0.0113840166985743
3340,cosine,1.3753337098487703,0.5085635209273154,0.1908005001954726,1.1901440910827257,0.0221143115924575
3341,cosine,-2.102040686178422,2.364092670598691,-0.7077694839938373,-0.5859151959441204,0.087975922894778
3342,cosine,-1.252437110327457,0.921349762323718,-0.6757574668180378,2.71261001077193,0.0454609674589296
3343,cosine,2.4251827278613503,2.847276357193389,-0.6311817455626099,-2.463020651434483,0.1578577995696676
3344,cosine,0.4763969823190868,1.7433365690629867,-0.7330429634735768,2.5103229609554933,0.0192001785295667
3345,cosine,2.1102495818098896,1.8728539036623515,-0.3692473809417417,2.179022516501722,0.096803641876265
3346,cosine,-0.9481270538994604,1.335003074715543,-0.5575921458739644,-0.0440299419162393,0.0629702619733408
3347,cosine,-0.869343279465816,0.9985357673178664,0.3027798429068959,-1.2329379766133888,0.0400718943704535
3348,cosine,-0.703213725848086,1.798871171049813,-0.0409421464502879,-2.6988746672183472,0.0248481357662301
3349,cosine,-0.3163511559387415,2.6199542551272303,0.2553284026697791,-2.04481009475452,0.014499193934288
3350,cosine,-0.6246756511860867,1.0940704639533154,0.1902965286568305,-2.6561170474803077,0.0257844132774533
3351,cosine,-0.3,0.9268956964687564,-0.0724712627281191,1.2758992773273397,0.0037391015051226
3352,cosine,2.058583754581889,1.0465950401742727,0.7099636561760887,-1.9592273156523947,0.0515013126047262
3353,cosine,-1.724423453272462,1.267899674327743,-0.557781487974965,0.256130385412999,0.0978695775371672
3354,cosine,2.192183599058352,1.6713978642352352,-0.5467056578730607,-1.1509312528585582,0.1302212902120564
3355,cosine,0.6831710067062668,1.3100486391707384,0.4927291404650213,1.7022965944260695,0.0364497832914798
3356,cosine,-2.950479615263643,2.147786179612832,0.4974280683551737,-0.4302819558878581,0.1081299193936103
3357,cosine,0.7934744981909159,2.7840358921556123,-0.5637924829817559,1.17428092238728,0.0497221927065361
3358,cosine,-0.7272240550949038,2.204109799919152,0.4947585851456866,1.7816618298462965,0.0360956350336957
3359,cosine,-1.0835758602030612,1.0848924826104047,0.4613476654257171,0.6297557533341349,0.034298015694632
3360,cosine,1.0222514676657388,1.4035494328266662,-0.5425461522440277,-0.4493579836960917,0.0451010232660426
3361,cosine,-2.1969736277479006,2.058377408794456,0.0223536987904766,2.824208665548219,0.0665767836394628
3362,cosine,2.3649228439208274,0.986851452469242,0.1100782380556206,2.8484758721543777,0.0457994341092015
3363,cosine,0.7969849669175195,1.0860947661256208,0.5637335525461418,-1.4814603347070232,0.0481479647663665
3364,cosine,-0.4670613445594291,0.6223990335086638,0.4296012093114409,-1.065287436480288,0.0039014262123388
3365,cosine,-1.808476123254304,1.4026522499347531,0.3605136023151063,0.3307805464807742,0.0427628065897615
3366,cosine,-0.3,2.3632532647985056,-0.6771320852495545,-1.0859193047674085,0.0193689391001607
3367,cosine,1.280495743712204,1.5654973911983865,-0.1455634356668999,-1.7733808876553216,0.0701056187557473
3368,cosine,-2.18502074898652,1.6853004690098272,-0.6075034362963913,-0.3167398381386119,0.1030365856286338
3369,cosine,0.7072447045275618,1.0150429031126649,0.3316590287017495,2.794827519700913,0.0163803746857692
3370,cosine,2.829530494541232,2.5769426158126114,0.4034836546455143,2.57589724940708,0.1393013660590859
3371,cosine,1.972684829689646,0.5136407429819977,0.6959634694837191,-2.706934324664678,0.0178139876408125
3372,cosine,2.3716272373410003,1.1544638596913182,0.701934925983799,-2.150986433454233,0.0420856625916278
3373,cosine,-1.557344810255347,0.863656909176013,0.2747767055546157,-0.2103581605318121,0.060487816232185
3374,cosine,2.996317805058621,1.8077466845325052,-0.3893814531482809,1.1466232546848163,0.1696114517278724
3375,cosine,0.6253549829980076,0.4195750568029601,0.5463650566054765,-2.2810377717280987,0.0140677559540185
3376,cosine,-1.3930667047658274,0.6015743408111396,-0.0046193757993159,-0.2858841454869738,0.0236169242618687
3377,cosine,2.0557902154119807,2.1678619204458136,0.7827189187155903,-2.995746991537384,0.0499799393472482
3378,cosine,1.802829975515904,2.54807954403125,-0.1571745850187763,2.1964305122014727,0.0842844850247289
3379,cosine,2.985592411677484,1.4996646160200235,-0.4869020338263596,-2.767959374843764,0.1218510632383549
3380,cosine,-0.3,2.7690789332808805,0.2770700776421368,-0.9455299304278992,0.0198491301120584
3381,cosine,-0.4800706917984279,1.9946858015289333,-0.3957809219307251,1.5365290697728078,0.0325803002056097
3382,cosine,-2.80366166147606,1.175465698351645,-0.0402721331599074,0.8374057611228967,0.0499852069526166
3383,cosine,-1.285241393704172,0.2345024944183511,0.0685934066000074,0.4045927174126582,0.003972020013463
3384,cosine,2.0218092594429766,2.60691392218367,-0.5194766159880626,-2.903352443248356,0.0575559919254199
3385,cosine,0.536311273457347,0.213740631529636,0.0166436197025634,0.581857339024888,0.0015732680526052
3386,cosine,1.3503195819883749,0.1451944966534977,-0.7827589073780795,1.0969802092613865,0.0038801467576239
3387,cosine,-2.879242782851777,1.506838897249113,0.2222564289268793,-0.1337034985975109,0.1360398786786408
3388,cosine,-2.183066422735906,0.2645971766370425,-0.4832015588161074,-0.3666492678802795,0.0080479716051278
3389,cosine,2.246149521777852,2.801819044422686,0.0339424749455817,2.413634695851213,0.0481659007039092
3390,cosine,-2.7134786929656918,1.3487509754286946,0.372646579094817,0.3400239006201264,0.0911856503178312
3391,cosine,0.7672840793742122,0.3812323856912422,0.2604641618043923,2.1952317283547838,0.0107886388521519
3392,cosine,1.1668557285835837,2.4304546362253707,-0.4096115154118415,0.4344959259196974,0.0598314968778296
3393,cosine,0.7538907965713291,2.877429170471199,-0.191218159257734,1.5917283242439098,0.0340032814382633
3394,cosine,1.567278609391451,2.6236709749118665,0.4461992879028089,0.563052745096531,0.0319691249355312
3395,cosine,0.9817605216955254,1.1184492396179844,0.7074905320056957,2.793493819278045,0.0461887285476056
3396,cosine,-1.0133267853084376,1.422073899997287,0.3162534305343529,-0.2963547832717461,0.0357510767640396
3397,cosine,1.5268206107737416,1.5092070312702803,-0.3654252394868251,-0.7573016974577023,0.0470606036231334
3398,cosine,2.085058657917957,2.823606640058152,0.4507097156417901,0.5486163624760154,0.0650754786957992
3399,cosine,0.3112861707323295,0.4246783525437442,-0.6006637765341156,-2.5878203606469308,0.0055899240986364
3400,cosine,1.2198237020581812,1.0736561017551212,-0.4102182960909706,-2.837721404418524,0.0650398157501643
3401,cosine,-1.0626514699714558,2.035515581267823,-0.3048511617927004,-1.853247922015062,0.0244365739799137
3402,cosine,-1.1794767953597554,2.9644031648580635,0.7452342837137906,1.152414293013564,0.0324288377571955
3403,cosine,-0.308237208954357,0.7642999650477037,-0.5709830298897756,2.561125504613922,0.014147477494328
3404,cosine,-0.3220756025970925,1.8484145332291704,0.6803332723560895,-2.0996334310712017,0.0117841450747172
3405,cosine,-1.5566672255764027,1.3462436808386804,-0.0785569815218601,2.1639563316050605,0.0240547438692963
3406,cosine,-2.289491343597078,2.625131801094451,0.3822937518358358,-0.0874683854065256,0.1495721918561004
3407,cosine,-2.016864964052572,2.087506406269873,0.2170483841300288,0.9927679751273146,0.1014373541631643
3408,cosine,0.4472081750823262,2.3072261320173637,0.2254044473982717,2.459431741021122,0.0248313632009253
3409,cosine,0.8621958691172358,0.8546325524976308,0.7311414152503002,-0.5854143083639975,0.0415608489430597
3410,cosine,2.40275866025186,2.116566274182192,0.464665150197546,0.8871163930554289,0.0744152014783705
3411,cosine,-1.9446223987565745,1.5523414553355848,-0.3765992661501136,2.829941791323975,0.0350021732241578
3412,cosine,-1.379863057300201,0.6202588881241559,-0.1518651739954378,2.260002498774273,0.0179822326313086
3413,cosine,-1.0728179049844655,1.782672704321796,0.771275208038761,2.805274418706761,0.0522903839852269
3414,cosine,-1.6768796564860058,2.7785620100064627,-0.5025766838123692,-0.8569818222451904,0.112453035131413
3415,cosine,-0.6460698812313184,0.6961176640341404,-0.6939100365685675,2.4087781307090275,0.021839641535814
3416,cosine,1.2097162590010742,1.298836851727717,0.4640968474099092,2.722382020121322,0.0652468666535556
3417,cosine,-0.7972026311170084,1.033501072341858,-0.0835139942401956,-0.0270380018805966,0.0177138835879325
3418,cosine,-1.922365720215952,1.6121353858993142,-0.1188775696218605,2.503355331559143,0.0914803197566419
3419,cosine,-1.911270812250756,1.624983760298449,-0.1121954126577189,0.8744106245905803,0.0999484273640159
3420,cosine,-1.6320003506689886,1.976788285759148,-0.1529576130658292,-2.0036366386671074,0.0781473032900108
3421,cosine,2.0069140151067595,0.4552724711314383,0.4403269688771956,-1.5807603634935348,0.0411181224129708
3422,cosine,1.884047695570347,1.7925581872206715,-0.0924974768732619,-0.9114741109566892,0.0304707067454515
3423,cosine,-2.8963996767849984,1.8918633553515167,-0.1308195327724043,2.3107727517174137,0.1975475326361269
3424,cosine,1.519142716582552,2.033829112855769,-0.614200846236213,-0.5961457857085568,0.0985014947612198
3425,cosine,1.7005539128832303,1.999036342591332,0.1091746094156408,1.2319733382955205,0.0710669241582502
3426,cosine,-2.257271025011014,1.9715040150589809,-0.2907997177482967,0.7028834709659444,0.1403008769078676
3427,cosine,1.7579141657147597,2.226049881889807,-0.1617222051638176,-0.1458389797950823,0.1079669440321772
3428,cosine,2.0671462862958343,0.6938332480738926,-0.7205947409599884,0.1469704563227525,0.0753890628802187
3429,cosine,1.4858646336577666,2.61826071314801,-0.4625859200987242,-2.823564268180188,0.069896193390586
3430,cosine,1.5190119913893572,2.828218142471377,0.004338241954894,0.724334966152044,0.0753891903755818
3431,cosine,0.8934724190205232,0.940866599104656,0.6027012320164538,0.2578327219094589,0.0341581063890627
3432,cosine,0.7426335251456013,1.6803520708733817,-0.4973409841570608,0.9462152699607094,0.0269401340977896
3433,cosine,1.409320997305616,1.8442063362328016,0.0224417696238058,2.415271221159003,0.0467231969227948
3434,cosine,-2.899160308200368,2.4871772334293403,0.6053051912093113,-1.936323469155728,0.1358404346350004
3435,cosine,0.7614146170004235,0.6985403030088516,0.0310404488479058,-0.8486967611040148,0.0067381478743613
3436,cosine,1.462690443280355,1.46690487301079,0.611750243470756,1.602793015880552,0.0947953369012556
3437,cosine,-1.3963463939910044,0.3500952305071853,-0.1743346631218085,1.603423667554722,0.0095623870821952
3438,cosine,2.5477125115102845,0.517074456654219,0.0979296193846231,-0.4213186504309365,0.024627481516287
3439,cosine,-2.286848380018029,1.8705820623221647,0.1280573295030989,0.5566496977782105,0.0808981394430557
3440,cosine,1.2115297419532105,1.9735901809956575,-0.1122480749015825,-2.7249199762203364,0.0806922964636779
3441,cosine,-2.477244259717728,2.8988200617932858,0.5737298547795835,0.3752246182093697,0.0676569110898881
3442,cosine,-0.8508747856079308,1.6923217907433648,0.3060056687197425,-1.7402318814956743,0.0224070165789724
3443,cosine,0.669389585156094,0.942513660558834,-0.5051586741144474,-2.533420593237653,0.032996437184621
3444,cosine,-1.6813418218819869,1.2275364799403805,0.5145680583606411,-2.3412282504932778,0.0637324422676262
3445,cosine,-1.02325687075734,1.6097922749951792,-0.3284616343230389,-1.0069217000801531,0.0722169903824621
3446,cosine,-2.2803992177088155,0.2226901965580651,0.2177142606861979,-1.367491644914791,0.0037247940021102
3447,cosine,2.3899022331620525,0.1011535216491313,-0.759386204562,-0.7363067816554634,0.0110411539673846
3448,cosine,2.3051003446937326,0.6623721164875797,-0.7508677322874433,2.128756449114244,0.0405460408819589
3449,cosine,1.3013881256966258,1.2884956445117428,-0.1879595229694707,1.8734947436792504,0.0496124336978473
3450,cosine,-1.8943554300295105,2.612042133943956,-0.6597807844289912,1.687203682354431,0.1259663537975506
3451,cosine,1.677454345021336,0.6572875011320448,0.3808655983225475,-2.9837991462715108,0.024366828629649
3452,cosine,1.44807855253506,1.4177739113050238,-0.2596449511496089,-0.0747654721039916,0.0967880267727198
3453,cosine,-1.030029216710605,2.5196356940536555,0.1965015684609312,-0.6118582330718132,0.0469771444894206
3454,cosine,-0.3,0.3710829757637736,-0.7762375300941359,-2.779651524861251,0.0059725854248057
3455,cosine,-2.0132129039349294,0.8788887030885376,0.0737014972740309,-0.739402570339954,0.0859230623729618
3456,cosine,0.4768383328029983,0.9421684036780986,0.3703413913481574,-0.2005200193933842,0.0160958836310163
3457,cosine,1.5865103994399998,2.87988789545433,-0.3837193900776269,2.478023654625927,0.0414609483264065
3458,cosine,1.709728447503271,2.849168162850836,0.6970383228452994,-2.318182259524689,0.0824400790013391
3459,cosine,0.3,2.5734796303696688,0.4492615724121234,2.209997970346304,0.0165550570417117
3460,cosine,-1.998172961181722,0.5060093665674853,0.6852105857292781,-0.2348593855341403,0.0480462879317833
3461,cosine,-2.740595482904936,1.5332640560683204,-0.578266427557666,2.559111326207649,0.1831264428997323
3462,cosine,2.362466123589119,1.120700518234962,-0.3354062187596697,2.4861266621700127,0.0654500775666476
3463,cosine,-0.5284330176269165,2.176307957377285,0.2934864194625191,-1.1437764791450322,0.0332903120178306
3464,cosine,-1.8795420090683972,1.640356914478634,0.3331676995250552,-1.152736131915466,0.0515627214106918
3465,cosine,-1.261726256277771,2.5739302178071397,0.0897271733209307,-0.864269407302924,0.0569053127683151
3466,cosine,2.904367875738398,2.095214315544444,-0.3290700296612272,0.1781414077370016,0.140990635698665
3467,cosine,2.647231955573652,2.597064183889948,0.5987260171386171,-1.4887947001741235,0.1531291292304655
3468,cosine,0.5543921557968479,0.1178238059042052,-0.0486495094963005,-1.2795359991952064,0.001
3469,cosine,2.005366745312,0.3283608213853173,-0.5312092863578239,-2.449112956812671,0.0248194232037304
3470,cosine,-0.5325930762621764,0.7991648550855686,0.1050868578148311,-0.8378075890351795,0.017989804964399
3471,cosine,1.0365129760348264,0.9746601981389064,-0.5149503326017131,-2.332491064421069,0.0494092222838109
3472,cosine,1.189631413435526,1.2690711742221292,0.1800406249326928,1.0185956843792168,0.0240411228169972
3473,cosine,-2.5486634266232766,1.898631017738068,0.4124918650370224,-2.715672599740444,0.1114224513494393
3474,cosine,-1.4061288129984082,2.733489613465307,-0.3664544162541874,-0.7529147273450372,0.0589395583864086
3475,cosine,0.89650489890633,0.8189066172180822,0.1888422104887912,2.9894569916970326,0.0120430793373972
3476,cosine,0.5540727732468751,2.0475694474628527,0.6069256624684798,1.6337597501935273,0.0354990989784063
3477,cosine,-1.0913130691873707,1.7501181627144164,0.0741173407848257,-2.6664112491730743,0.050913743149299
3478,cosine,1.869128751762613,1.8155330858213927,-0.3150044443715268,-0.4173873448654723,0.0710047710052669
3479,cosine,-0.3,1.062035943804662,-0.445704067026716,-1.0609700432761662,0.0075107849549191
3480,cosine,0.3787464366016966,1.952175313600751,0.2267910805530859,1.6727103420677762,0.0073383332204178
3481,cosine,-2.26858755892479,0.7943768383965739,0.5175885443185504,0.2908305698949927,0.0979637219909129
3482,cosine,-2.3601900642932083,2.191485984860628,0.4614801521172234,2.479878267631669,0.1188360511174497
3483,cosine,-1.8088791870029572,1.059081773232246,-0.4349642178086763,0.071510995451824,0.0215458933416494
3484,cosine,-1.9644252649368048,2.5238972029858378,-0.056845840640054,-2.643341208403889,0.0306611667104055
3485,cosine,0.4361203017541832,2.78419187518872,-0.2431076390897654,-0.0367281859853849,0.0162809991057789
3486,cosine,-0.4080963165729994,2.181245757684431,0.2675200178373478,1.5772074541162553,0.0099511029146287
3487,cosine,-0.8621567940119403,1.072017364647878,0.0232363270821986,1.6502412756871685,0.0361192546179497
3488,cosine,-1.9461079788912483,0.16989985619594,-0.7122292045262769,-2.5092776832957395,0.016153279221788
3489,cosine,-0.9723405969104868,1.0660256785374602,-0.5751572019613685,-0.7372896470901162,0.04524504192439
3490,cosine,2.5475228889434,1.9438266348417648,0.6823195002220954,-2.77658183321544,0.157903827878732
3491,cosine,-2.7584798998825644,0.578618065478927,-0.3993332465454759,-2.698033266947469,0.0249265426797236
3492,cosine,2.73571562974983,1.061892413015544,0.7003168677127114,-2.37435677331145,0.1039305657647113
3493,cosine,2.25190105879896,2.991203537413246,-0.5073023929113145,-0.035202975457715,0.1337805425333825
3494,cosine,0.3232057441765272,1.354995185713457,0.19806738762488,0.0443421860114918,0.0069890924383248
3495,cosine,2.965470725676342,2.636824322521251,0.674789353976289,-2.4127364078781444,0.1179869386133936
3496,cosine,2.766173191850907,1.846922325332136,0.1367272102071181,-0.832631747588489,0.1731251553309666
3497,cosine,-2.332902445429641,0.3288928515576165,-0.7484030279243388,-0.8033498405098194,0.0449779521216663
3498,cosine,2.686644743124424,1.8952638499618788,-0.2623612271145255,-0.287068532018198,0.0882636038597226
3499,cosine,-1.575099593965062,1.6515787110067384,-0.5323446416514903,-1.3321673796884206,0.0690567947422811
3500,cosine,-1.4236208756846187,2.44711341877841,0.2146560725146371,0.41120490599085,0.0532605177105572
3501,reciprocal,2.8332727452734767,2.7257079609448307,-1.1203879457406185,0.0,0.092274054901034
3502,reciprocal,0.1534242147499269,8.957919888505717,-1.3911905419778514,0.0,0.001
3503,reciprocal,2.7099269265343557,7.722427311537465,0.5011846631495982,0.0,0.0012531476579377
3504,reciprocal,0.7076638874665448,5.820384258569129,-1.590538110877287,0.0,0.0016312506808779
3505,reciprocal,2.186458341617522,6.276771908608342,-0.1149618996557233,0.0,0.004880312799105
3506,reciprocal,0.3536837849453893,9.207733193920848,0.7353546636404125,0.0,0.001
3507,reciprocal,1.9472599238121333,8.979675007994075,1.202923020064543,0.0,0.0027386062555428
3508,reciprocal,-2.0843716578982,5.789852665611282,1.020528602598716,0.0,0.0067074867262133
3509,reciprocal,-0.5253638417503077,3.0134277485635512,0.3719482153308844,0.0,0.0072892944741802
3510,reciprocal,2.836177752235436,6.086556227781903,-1.5936441010274145,0.0,0.009378995024021
3511,reciprocal,-2.105173089658866,4.37397882165584,-1.8938294875066704,0.0,0.0116006341366802
3512,reciprocal,-0.1,6.999849961417548,-1.658252614923078,0.0,0.001
3513,reciprocal,-1.8769960882629195,2.6739437195479763,0.0257972473101451,0.0,0.06055365659712
3514,reciprocal,-1.9946678585842983,2.9322670284614683,-0.9309405484095326,0.0,0.0106137770221779
3515,reciprocal,-2.336588131866237,6.347037076006821,1.6872580309396883,0.0,0.0022641671578137
3516,reciprocal,2.653345287367163,5.641359234497923,-0.3594944235866451,0.0,0.005078594181445
3517,reciprocal,-2.611255657982096,9.575125372341612,1.3937998079764244,0.0,0.0017216357187034
3518,reciprocal,0.3223624197393424,5.34995257970067,-1.1364161908208583,0.0,0.001
3519,reciprocal,-0.2246588060989207,5.836078798300438,0.1907989630196724,0.0,0.001
3520,reciprocal,2.14113036057472,7.278907543666697,-1.074861744867616,0.0,0.0039597019743058
3521,reciprocal,-1.744764437261569,3.3820446711622845,1.9315793597267092,0.0,0.018668863955481
3522,reciprocal,-2.0615406664989884,2.550023364174141,-1.8647329103672736,0.0,0.0855665717726957
3523,reciprocal,-1.7982872754132488,7.891904915122199,0.39913327199887,0.0,0.0022749051798088
3524,reciprocal,-2.428843144406163,5.758713973968384,0.3320020018940752,0.0,0.0093177507062963
3525,reciprocal,-0.7819515728578628,8.119888920668995,0.554178129733315,0.0,0.0014142147988943
3526,reciprocal,1.881774379582514,6.4697437000216365,1.895607160638065,0.0,0.003858631275484
3527,reciprocal,-0.3195630121205486,5.846014902803342,-0.1877999403790728,0.0,0.001
3528,reciprocal,1.8762870286136497,3.5884696708515014,1.9081444312007263,0.0,0.017528574218711
3529,reciprocal,2.114292557274742,6.888081587989958,1.68008177344123,0.0,0.0048954370879595
3530,reciprocal,-0.4728656918423901,2.6578669118306166,1.2869080521383385,0.0,0.0051602425692055
3531,reciprocal,-0.2625895788106192,5.623940108583081,-0.9563341349429276,0.0,0.0011006776975608
3532,reciprocal,-2.005932199957978,3.4493978079760823,-0.4936797861618807,0.0,0.0214083346295935
3533,reciprocal,0.8368316085636502,6.608346781317658,1.3755321172543202,0.0,0.0018260965351129
3534,reciprocal,1.1346704030167478,9.229320854311728,-1.885014906591295,0.0,0.001
3535,reciprocal,2.3747566928269075,9.930110440419096,0.0314143267115394,0.0,0.0015259656274797
3536,reciprocal,0.1648360096045484,8.249627770823523,-1.3411790215686237,0.0,0.001
3537,reciprocal,2.103828440515468,5.884450664346543,1.49929100539285,0.0,0.0053479126292028
3538,reciprocal,-2.316500756079394,6.46234964380961,-1.0746708217556993,0.0,0.0019303448815592
3539,reciprocal,0.5015140286395288,3.1633327909365114,0.516865323439768,0.0,0.0093035463982993
3540,reciprocal,-2.182409547759872,9.006730764098329,-0.9711075967214832,0.0,0.0034851041246643
3541,reciprocal,2.389394371207412,4.940469086133408,0.8906646412947739,0.0,0.003329137284213
3542,reciprocal,-0.7163390121758653,5.688398021300884,-1.9828616509130408,0.0,0.002695485165829
3543,reciprocal,-2.205099656272555,6.355732469014908,-0.9304313085881248,0.0,0.0023021605546335
3544,reciprocal,1.8899022209615453,4.966035981263804,-0.1476939485841581,0.0,0.0073621853011689
3545,reciprocal,-0.108573532045793,8.521309543307527,1.520851671096739,0.0,0.001
3546,reciprocal,2.6717805932530965,5.239888420460845,0.8119900038398082,0.0,0.0106608422931673
3547,reciprocal,2.28103696466565,7.846317593531119,0.612988467270013,0.0,0.0046117600274491
3548,reciprocal,2.803354437899792,9.4600031400784,0.8479633764255352,0.0,0.00177584972607
3549,reciprocal,-1.2060063382156068,6.0619379921306855,0.6392525421447828,0.0,0.0045454074909135
3550,reciprocal,-2.847505468353976,6.21990499007801,-1.8456039056151616,0.0,0.007583658492279
3551,reciprocal,-2.408979861380722,4.2630899495503165,1.5174659566908848,0.0,0.0169357610168905
3552,reciprocal,-1.235921245209979,4.748290400774907,-0.7639561238425943,0.0,0.0027319276004942
3553,reciprocal,0.6256083801311272,9.440292738619174,-1.1626965597615744,0.0,0.001
3554,reciprocal,2.484573283103608,3.9344548051204224,0.7693178762766784,0.0,0.0054885052546222
3555,reciprocal,2.6869250346878246,3.1890102183872715,-0.2055188494230306,0.0,0.030591354571245
3556,reciprocal,0.8218038099985705,4.167359791970956,1.0002251051872864,0.0,0.0017495405674804
3557,reciprocal,-2.502467056479889,6.890056967737855,-1.3469221055045018,0.0,0.0020745558099372
3558,reciprocal,0.9004843427535185,4.638731685892089,-1.11255585475197,0.0,0.0042995416696491
3559,reciprocal,2.3911180313889826,4.720376987198556,1.5279885739123982,0.0,0.0148066342361754
3560,reciprocal,-0.3719684862144752,7.67487435607873,0.3461275881159742,0.0,0.001
3561,reciprocal,1.890992768258512,2.681887302960827,-0.9947641838646256,0.0,0.0411307350959404
3562,reciprocal,2.921515940944766,6.76425832662461,1.1763568381713738,0.0,0.0056243764920802
3563,reciprocal,-2.028065347180994,9.639684300633558,0.2854043052461614,0.0,0.001
3564,reciprocal,2.881564064058556,7.001053680520308,-0.0251342385190977,0.0,0.0072293638121897
3565,reciprocal,2.09225246869587,6.280015582127573,0.6343792543206406,0.0,0.0022357745693851
3566,reciprocal,-2.188283837359722,2.6788737079529468,-0.964122284821435,0.0,0.0165102964559261
3567,reciprocal,1.2575605885312775,8.721151273547115,-0.9194448834037994,0.0,0.0017504873073734
3568,reciprocal,2.4265437034331416,7.454136401321107,1.8760876500860268,0.0,0.0045750295675693
3569,reciprocal,1.872627888184974,2.9222527415256043,0.2247615502840392,0.0,0.0241478928080756
3570,reciprocal,-2.585217250627171,4.551274009048915,-0.4741901488819375,0.0,0.0091973138507832
3571,reciprocal,1.4086610178780088,8.748738542215015,-0.6070402587882846,0.0,0.001
3572,reciprocal,0.5935277418514628,8.628325449416959,1.6911407361106583,0.0,0.001
3573,reciprocal,0.2753256398102133,9.813181868806575,-0.349945873620141,0.0,0.001
3574,reciprocal,-0.5634039654690777,3.58780861179969,-1.5893189868725033,0.0,0.0037093597544341
3575,reciprocal,-1.899725710599169,6.332678703774125,0.4524839076724856,0.0,0.0030628776426416
3576,reciprocal,0.3703116567498825,5.958503837547211,0.3813972835109687,0.0,0.0013849064185459
3577,reciprocal,-0.6033751728694519,7.670653000915157,-0.917484859740294,0.0,0.0012431552299178
3578,reciprocal,0.1,6.977964777071243,-1.6711473578103098,0.0,0.001
3579,reciprocal,0.8384946150170931,9.203356578745913,-1.3495930938698315,0.0,0.001
3580,reciprocal,-0.1,2.6323240905820997,-0.659162321322222,0.0,0.0024953949142746
3581,reciprocal,2.089140153282281,8.13950168717686,1.4957776896191533,0.0,0.0010667556303036
3582,reciprocal,-0.3567243167790845,4.689545545176433,0.0247803615607096,0.0,0.0017562934105453
3583,reciprocal,1.5841451581901689,8.102274889067779,-1.0189603626847354,0.0,0.0030242871294973
3584,reciprocal,1.383601281067711,3.6361629912058735,-1.4659367110047716,0.0,0.0110212892425232
3585,reciprocal,1.9836547478844224,6.246252284476776,1.764149221533232,0.0,0.0068356930529122
3586,reciprocal,-0.4719727689443695,6.2640842709699625,-0.4851267129822272,0.0,0.0014139911619994
3587,reciprocal,-1.6238352715300703,5.014015423547335,0.5309598521506262,0.0,0.0072888340139604
3588,reciprocal,-0.5489687724150061,4.504509984713009,-0.5585607683272986,0.0,0.0027641302922212
3589,reciprocal,2.999348924219984,2.7843871954843884,0.38874417134934,0.0,0.0647163897871157
3590,reciprocal,-1.6912780642534844,4.223345314675612,1.3428620623758585,0.0,0.0081309805875376
3591,reciprocal,0.4551466799250621,8.941644560148232,1.125735128075703,0.0,0.001
3592,reciprocal,-1.0754126006829885,7.970671464822569,0.9550242716456144,0.0,0.001430330614613
3593,reciprocal,-1.678035116712978,6.229893705058832,-0.4070980301325635,0.0,0.0026444507681542
3594,reciprocal,1.344071695190708,3.6222075631163664,-0.6126139537707926,0.0,0.0156562236527574
3595,reciprocal,-1.1703602995694786,8.578593932686811,-1.9058235348318544,0.0,0.001
3596,reciprocal,2.00938684623089,8.238192831092736,-0.5851826644635412,0.0,0.0012251174541614
3597,reciprocal,0.253767363574255,8.978084938344429,0.998812651216443,0.0,0.001
3598,reciprocal,2.262396748318791,9.583098121871105,0.6519670264995963,0.0,0.0011586361941681
3599,reciprocal,0.4603634702451815,6.6368482032986025,-1.929993169888488,0.0,0.0011854416799219
3600,reciprocal,1.3946638000787095,5.146965697663603,-1.0844634380728737,0.0,0.0037773681090245
3601,reciprocal,2.945681389017074,4.519711280829859,0.48691550332898,0.0,0.020104609754226
3602,reciprocal,-1.6615013593908017,4.094361092890798,-1.1178438638511312,0.0,0.0108241330890386
3603,reciprocal,1.8949579746390557,2.878481824472235,-0.4488145369413732,0.0,0.0366202292367816
3604,reciprocal,1.5545221103507716,9.152342783449676,1.3813450803572862,0.0,0.0017489173282806
3605,reciprocal,-0.8373611332710391,7.568767674291994,1.613109028782373,0.0,0.001
3606,reciprocal,-1.4228277942799468,2.798201909626997,1.2693811705215108,0.0,0.0256667123199398
3607,reciprocal,-2.442471655943253,5.726422513403791,0.5344237757467996,0.0,0.0067597094749255
3608,reciprocal,-0.659665979889084,4.226111062630754,-0.7113957695851765,0.0,0.0051371700104252
3609,reciprocal,-1.493153010460981,2.742244355282192,1.5704005998386663,0.0,0.0363724659449042
3610,reciprocal,0.1,8.584903917653357,0.2560587071927749,0.0,0.001
3611,reciprocal,1.4186937962816568,6.599213619458894,1.591832419405982,0.0,0.0041674677055151
3612,reciprocal,1.6713727937332283,7.721227718475416,0.3530953495957014,0.0,0.0025014932822386
3613,reciprocal,-1.960893387853355,4.746570403377996,1.4343000130498296,0.0,0.0070795045003729
3614,reciprocal,-2.237704437241761,5.563110054732897,-0.8689244243265448,0.0,0.0095932285422868
3615,reciprocal,0.1,8.220316831885594,0.2005771757983265,0.0,0.001
3616,reciprocal,2.092800632009407,2.6401463479222045,0.9469390931890844,0.0,0.0243153447588826
3617,reciprocal,0.1,5.804997564817647,-1.2461784098788886,0.0,0.001
3618,reciprocal,-0.2936865367326664,8.376624148284723,0.2971755982720734,0.0,0.001
3619,reciprocal,-0.3381174518238836,5.098086711143241,-0.1290548302931169,0.0,0.0012818412660782
3620,reciprocal,-2.924424429274914,7.545218647887566,-1.1533829838068832,0.0,0.0038991783789785
3621,reciprocal,-0.1951467431240461,3.1325730112738848,-1.0122707163323188,0.0,0.0019403127795751
3622,reciprocal,-1.5537643582040488,9.899891433654307,-0.0430369807083632,0.0,0.0012636097027664
3623,reciprocal,0.874363925854384,4.063999987256016,0.5691994616476874,0.0,0.0051086212355956
3624,reciprocal,-2.4511267160680124,8.643528347446663,-1.4939974227804624,0.0,0.0023470198954815
3625,reciprocal,2.4231953611510217,3.973370598069825,-1.1459997848862336,0.0,0.0149323170118115
3626,reciprocal,-1.181689897649015,2.823928077217928,0.4296143866164912,0.0,0.0206100108575344
3627,reciprocal,1.8085243916874625,9.534940473637478,0.0686073483982823,0.0,0.0013170489357463
3628,reciprocal,1.8493195612964688,7.985902867344778,-1.5503532556946906,0.0,0.0021849838018019
3629,reciprocal,0.6268355947667912,6.313145626408559,-0.278482557817016,0.0,0.001
3630,reciprocal,1.826477867815388,3.641754794621233,0.5617051029975739,0.0,0.0219510072023853
3631,reciprocal,-0.3644964802535435,7.936449506613447,-1.5690236970082545,0.0,0.001
3632,reciprocal,1.8650247253218024,8.110131532022915,1.8496111030938536,0.0,0.0014419206734698
3633,reciprocal,2.072735286187573,9.193952179749548,-0.1748139219328521,0.0,0.0025356862326354
3634,reciprocal,1.3569700222696015,7.620296825399969,-0.9816981268488152,0.0,0.0013088935957675
3635,reciprocal,-2.546129543239326,6.110160841964349,0.1292894922568961,0.0,0.0093205232126065
3636,reciprocal,-2.2278005806371155,7.981690728172069,0.3967599463148152,0.0,0.0011381713415436
3637,reciprocal,2.5031590210115717,5.967673248465207,-1.0266936030941145,0.0,0.0037844387180095
3638,reciprocal,0.1,8.112229017002601,1.6353968903448304,0.0,0.001
3639,reciprocal,-1.8813755471878968,9.228620002023591,-1.8005326372529449,0.0,0.0013051933821399
3640,reciprocal,2.53569537502874,4.142291032855911,-0.6180828571581851,0.0,0.0060187820203656
3641,reciprocal,-0.5582848096131938,5.8692430123473605,0.9494313076189472,0.0,0.001
3642,reciprocal,1.474781151137563,7.662530725760478,1.031081637859665,0.0,0.0012792306026771
3643,reciprocal,2.9076677217764173,6.032449516610252,1.8137675252275052,0.0,0.0071802200324112
3644,reciprocal,2.643570393722396,8.520635774893982,-0.4674190211333271,0.0,0.0014678207058429
3645,reciprocal,1.8699016910712047,9.202759371596205,-0.8863448127590741,0.0,0.0017746735930719
3646,reciprocal,-1.8363742800971956,6.712281695237024,1.0020102640846975,0.0,0.0033590476040885
3647,reciprocal,-0.2933078210887037,8.2462742013287,-0.3412143011034079,0.0,0.001
3648,reciprocal,0.4093438910758511,8.370915636913484,-0.682658668414081,0.0,0.001
3649,reciprocal,1.310323895374875,7.222127713257891,-0.3559396840861435,0.0,0.002309359510748
3650,reciprocal,1.625111579461815,3.4476868499893647,-1.3576447386548471,0.0,0.0132782230875562
3651,reciprocal,-1.640213601917076,2.7614222571671823,1.2882752085000395,0.0,0.0369404591570271
3652,reciprocal,-1.1225581577292951,6.96396969385847,-0.6236174535490759,0.0,0.0025244203755479
3653,reciprocal,-1.3379741917817287,2.780999185443102,1.93617675215348,0.0,0.0118407702724328
3654,reciprocal,-2.025181706997534,3.805883797410543,-0.1226724453208305,0.0,0.0051625569424319
3655,reciprocal,-0.873803483345319,2.504865493452764,1.3018151643069582,0.0,0.022129656594891
3656,reciprocal,2.448260792025315,2.562843018829592,-1.104863371100922,0.0,0.0834733303238095
3657,reciprocal,-0.1,7.91809470552308,1.985310227550591,0.0,0.001
3658,reciprocal,-2.021379212843605,7.38426723348956,-1.8616653171691149,0.0,0.0043542741750684
3659,reciprocal,-1.3004148211846795,6.513408216944024,-0.7107967325669797,0.0,0.0026191674821168
3660,reciprocal,0.9190083581201,5.8305813915624825,-0.358104424793737,0.0,0.001
3661,reciprocal,-2.608717025589629,9.529570423421456,0.5657875361071336,0.0,0.0031640983419235
3662,reciprocal,-2.5448862014979405,3.31185064014954,-1.305994209471267,0.0,0.0131007530413552
3663,reciprocal,-0.8202698819635277,3.028050705264027,1.5235018007022345,0.0,0.0181045691174932
3664,reciprocal,0.4861434832033842,9.683006142584922,1.7612709331176886,0.0,0.001
3665,reciprocal,-0.9182658542921264,3.8856427008893126,-0.2365666662523549,0.0,0.0072951594319142
3666,reciprocal,1.4751940918099358,3.9668590231225274,1.911308358595813,0.0,0.0151046472646284
3667,reciprocal,-0.555031363854213,6.800788125175379,1.0482365704377845,0.0,0.0015089194933842
3668,reciprocal,0.2592453232381828,9.039167276174355,1.0190687996774352,0.0,0.001
3669,reciprocal,1.3434386481126523,6.706205281001107,-1.1334754989154097,0.0,0.0036367656721242
3670,reciprocal,-0.3398354672113877,7.438197535849236,-1.6200748273154262,0.0,0.001
3671,reciprocal,2.9478990183745992,3.491577903240864,1.292785692224537,0.0,0.0271244626719496
3672,reciprocal,-1.7960307490875849,3.748687528109041,0.9425049779251964,0.0,0.0050277554312825
3673,reciprocal,2.8209234316802085,8.176801331512412,1.9150466604282697,0.0,0.0022668556811165
3674,reciprocal,1.7130796746789976,7.295498168095871,-1.23236158790272,0.0,0.0023368364548888
3675,reciprocal,2.793943314814926,9.99737668855657,-0.5023815244779524,0.0,0.0029111439427808
3676,reciprocal,-1.7493475873081372,7.66471368811297,-0.2136221095474946,0.0,0.0017047739641063
3677,reciprocal,-1.3042315296312388,7.628930484730056,-1.5590210940019649,0.0,0.001
3678,reciprocal,-1.7769162828947431,9.093979471803404,1.6761019260758707,0.0,0.0016751439347396
3679,reciprocal,-1.7675868762658358,8.230558449133198,-0.3364377710718389,0.0,0.001
3680,reciprocal,-2.6977152912376665,5.644646897141699,0.9288062078981824,0.0,0.0059339992993411
3681,reciprocal,1.7141168298812248,7.719206492947484,1.9591929843323688,0.0,0.0031458936621208
3682,reciprocal,-1.8986287102477,7.729188858728588,0.8172948866866712,0.0,0.0026884759198872
3683,reciprocal,-1.1623021006327616,6.62312743563716,-1.0972581509318542,0.0,0.0016480198754221
3684,reciprocal,1.2884084710018842,6.596166508207814,-1.8570760920682297,0.0,0.0028573877089426
3685,reciprocal,2.383162743982372,2.639743730316027,-0.7945557143260475,0.0,0.0226824537383346
3686,reciprocal,2.0943618350605355,9.513948763484104,1.2046768944751474,0.0,0.0022116139814405
3687,reciprocal,-1.8343539091883403,6.625262782828395,1.5739975793843812,0.0,0.0040943694092915
3688,reciprocal,-2.764703124491767,5.796272802173439,0.8808891790414513,0.0,0.0033221819132663
3689,reciprocal,-0.9987113551123804,4.817872198452963,-1.749803030441352,0.0,0.0055604392539356
3690,reciprocal,-1.508514109402418,3.6403663939641446,-1.8214457292441324,0.0,0.0149991370749671
3691,reciprocal,1.0867360088758824,9.99395578914783,-1.6823673438068578,0.0,0.001
3692,reciprocal,-2.414792540482525,8.184026584829523,-1.165639617894196,0.0,0.0043563750453778
3693,reciprocal,-0.6642121227015636,4.979930982313002,-0.367933928510983,0.0,0.0015182497531376
3694,reciprocal,1.968653689311223,6.0855511222265015,0.8194879420383461,0.0,0.003759424605446
3695,reciprocal,-2.574313911352688,5.915464384300575,0.395400118631251,0.0,0.0039858346264334
3696,reciprocal,2.029978568803079,4.747628834657865,0.4968783415627915,0.0,0.0046172604399189
3697,reciprocal,0.8837859157952277,4.031355199261503,0.7593994057333169,0.0,0.0064083382747947
3698,reciprocal,2.490261459263001,4.925527125834747,0.9934211151597044,0.0,0.0115972961634133
3699,reciprocal,0.5103299980362581,8.015033350442131,0.4399602822287076,0.0,0.001
3700,reciprocal,1.9129730500266868,5.459293297063622,0.823428634122843,0.0,0.0064270223254456
3701,reciprocal,-0.2224750888806204,7.070027590682701,0.601825624007402,0.0,0.001
3702,reciprocal,0.8313843111580281,3.908022920564574,0.0600144326683498,0.0,0.0077211768462368
3703,reciprocal,-0.2183760706491453,6.731830654265473,-0.7716867754997763,0.0,0.001
3704,reciprocal,2.121542085911817,4.654000633834122,-1.298178259961531,0.0,0.0063191350617829
3705,reciprocal,0.2792117198533317,6.245913661709677,-0.371142662645878,0.0,0.001
3706,reciprocal,-1.6601808364195785,3.341803813909584,-0.7489030398097278,0.0,0.0113892070970812
3707,reciprocal,-1.9875899813704985,9.852854528501622,-0.633302036281151,0.0,0.0018993179454847
3708,reciprocal,-1.8255448416968345,4.355199574203112,1.157360721447081,0.0,0.0060321368131367
3709,reciprocal,2.3617675084233527,5.702028119243494,1.100823701826001,0.0,0.0060055576113276
3710,reciprocal,-1.1842013878898183,9.20331067328743,0.3707873015456679,0.0,0.0015370830378012
3711,reciprocal,-0.1,3.133539460718332,-0.9883906616275442,0.0,0.001666921748513
3712,reciprocal,-2.313339270807461,5.80671515383187,-1.2675337033910763,0.0,0.0080896666372718
3713,reciprocal,0.7614492321984088,5.253669364945971,-0.7526860313149215,0.0,0.001
3714,reciprocal,-1.7545299261199034,5.137902870796813,0.2460120149055353,0.0,0.0023097751539398
3715,reciprocal,-2.3326296371216726,9.766693420359127,-0.9294455342961808,0.0,0.0016608869668759
3716,reciprocal,2.664066178925567,7.400879260204536,1.6722852437588638,0.0,0.0014878736192129
3717,reciprocal,0.1,7.969539593574582,-0.940006286904106,0.0,0.001
3718,reciprocal,-2.424393246147101,7.265820865695052,1.971311306566716,0.0,0.0021603257507973
3719,reciprocal,2.614034089403804,9.042949325187372,1.0857464813455229,0.0,0.001
3720,reciprocal,-2.208591627117812,9.84332986910166,1.2158761007229408,0.0,0.0012433255374702
3721,reciprocal,2.946247547518293,2.69770908865132,0.0497294985857021,0.0,0.08403961688408
3722,reciprocal,1.295957229066362,3.507190751111091,1.88872459567962,0.0,0.003894927830824
3723,reciprocal,2.4233835130264048,9.362340743054446,1.1802104615933624,0.0,0.0011141078863428
3724,reciprocal,0.4182681905601444,7.561316726618423,-1.1483129551759594,0.0,0.001
3725,reciprocal,-0.3175505340338223,6.57014055028175,-1.35292486332956,0.0,0.001
3726,reciprocal,-2.921212118626004,7.222116071399608,-0.8730091987202324,0.0,0.0075159562582496
3727,reciprocal,-0.3408111898091919,7.059132949359308,-0.683937847223886,0.0,0.001
3728,reciprocal,1.2979212898189818,6.543521658842649,1.8235875502895944,0.0,0.003145097834641
3729,reciprocal,-2.499853201595792,6.914796726269884,-1.4500944895199832,0.0,0.0055615210063435
3730,reciprocal,2.4700006715246614,7.23492418539784,0.0130858763785535,0.0,0.001959360163362
3731,reciprocal,1.9487001422911727,9.945522744261954,0.766641161875314,0.0,0.001731085324818
3732,reciprocal,-2.4671520288399336,3.884065827004286,0.7532378289182922,0.0,0.0146182060136183
3733,reciprocal,1.0172484814542155,4.437650584863343,0.917184120725572,0.0,0.0041510191678378
3734,reciprocal,-2.170735844265618,8.623622099927747,1.6200238722905396,0.0,0.0037843809957134
3735,reciprocal,1.961904858296384,4.308277417084829,1.740293035603651,0.0,0.0164726170152172
3736,reciprocal,1.476034930263614,6.59023586916597,0.925467096451592,0.0,0.001
3737,reciprocal,-2.9357253069418725,8.201578312100452,0.4089935284439785,0.0,0.0017681782530928
3738,reciprocal,-1.989222160451276,8.84253381389206,-1.394191305630133,0.0,0.0020286833831988
3739,reciprocal,1.8431134422853963,9.749316431600564,1.3014526251826029,0.0,0.001
3740,reciprocal,2.863179404832877,4.689596446798815,0.0482117003875011,0.0,0.0049035075985699
3741,reciprocal,-2.078300348219628,4.715433145251904,-0.5749652012683972,0.0,0.0073594937368403
3742,reciprocal,1.2979456669142122,6.922238631274278,0.2369990700717865,0.0,0.0034187964681623
3743,reciprocal,-1.0336077473972598,5.545857196042202,0.1759231241798486,0.0,0.001864021727126
3744,reciprocal,0.5974437598331499,6.458356460786032,-1.691661895970649,0.0,0.001
3745,reciprocal,1.4876715715452136,2.814486795070644,-1.2240151364671088,0.0,0.0304354650815886
3746,reciprocal,0.5948752344277972,8.62414804271435,-1.4780925763000097,0.0,0.001
3747,reciprocal,1.231637570587658,4.709546041027668,-1.348832271389584,0.0,0.0036204245522322
3748,reciprocal,-1.5732119992312066,5.320038031942584,-0.6180121211372205,0.0,0.004451127091308
3749,reciprocal,2.71163007492389,8.457211978006331,-0.8979130129067561,0.0,0.0047566708109934
3750,reciprocal,2.5595813558482554,5.442929635124202,-1.5123101481758874,0.0,0.009201269435803
3751,reciprocal,-1.4959409941111907,6.330338152940289,0.1598969991241587,0.0,0.0045028153697325
3752,reciprocal,-2.638810627308523,9.291044222401684,-0.97279558771192,0.0,0.0018808310714881
3753,reciprocal,0.9593402130690007,6.278315718633942,1.5372919927715776,0.0,0.0010241915417216
3754,reciprocal,-0.6718894022711921,6.513713454131357,-0.3936826492857674,0.0,0.0010267999302029
3755,reciprocal,-2.5468992836718978,5.124673663098266,1.6837782918693072,0.0,0.0096445177930774
3756,reciprocal,2.5977802788986324,4.370940411178285,1.0119687033275873,0.0,0.0151200664996843
3757,reciprocal,-1.5657879023152397,8.855330412764463,1.7660781340907752,0.0,0.0026069030940747
3758,reciprocal,-2.9066880752906847,5.419464180703207,1.233084193710856,0.0,0.0029279348597828
3759,reciprocal,-0.1904827733512659,5.389571179378336,-0.6146056574675738,0.0,0.001
3760,reciprocal,0.1,8.618392860062894,0.1857952185981268,0.0,0.001
3761,reciprocal,-1.8596713131515603,9.529419428904289,0.7885165217705397,0.0,0.001
3762,reciprocal,-2.4805349109978474,9.276999626636044,-1.0238100015807152,0.0,0.0015354509895571
3763,reciprocal,-2.3140475642859526,8.94680860975707,-0.7698070092676907,0.0,0.0036300513983109
3764,reciprocal,1.0224784506084763,2.6320411052774118,1.1760762464451244,0.0,0.0234239752744589
3765,reciprocal,1.3101365786160208,9.005970409625153,0.8126834092888453,0.0,0.0012922297844771
3766,reciprocal,-0.8810668658354803,6.517637024062875,0.7664197162092554,0.0,0.001736272629976
3767,reciprocal,2.94375324969897,5.639324907696087,1.1636690726277914,0.0,0.0042286416242213
3768,reciprocal,1.0977673444631426,5.640768969425647,1.4259249550586874,0.0,0.004078202048768
3769,reciprocal,2.152067423012213,5.135984657456702,1.9020909490801,0.0,0.0044911376459145
3770,reciprocal,-2.3092455960227225,7.644126303252053,-1.3380684041089634,0.0,0.0051743286327544
3771,reciprocal,2.951773514623288,9.530851246890808,-0.344814121597258,0.0,0.0016344221007936
3772,reciprocal,2.3411610915554286,4.511364518770433,-1.3749366010789346,0.0,0.0040606918140729
3773,reciprocal,1.7428292513079384,5.4111147435700975,1.772695777080315,0.0,0.003636552832667
3774,reciprocal,-2.3022492479800167,7.926315368360641,-0.9963034018197384,0.0,0.0019778200433099
3775,reciprocal,-2.8286642527471764,7.506469019214361,1.9077851883662504,0.0,0.0037291984833414
3776,reciprocal,2.596175375156493,5.049542724430863,0.0674339410160214,0.0,0.0085443196623141
3777,reciprocal,0.7627463518947657,9.007679781171,1.798667480305452,0.0,0.001
3778,reciprocal,2.2851293030194686,6.317242199309078,1.7237278013416373,0.0,0.0040249336334684
3779,reciprocal,-2.9961631569867957,5.88516316286216,-0.7619373137164045,0.0,0.0041119984785584
3780,reciprocal,1.243640656525832,4.923852483984033,0.0342636732077794,0.0,0.0058914565270391
3781,reciprocal,-0.3490309582480702,2.8584657256504045,1.5014308392293685,0.0,0.0027261291719204
3782,reciprocal,0.4122251086204374,9.357239287006362,-0.1269906869647314,0.0,0.001
3783,reciprocal,-2.256148814952948,9.068178676399754,0.776399170407807,0.0,0.0011581235672613
3784,reciprocal,-0.9304752857695532,8.291900147359973,1.688010799472918,0.0,0.0017037818702456
3785,reciprocal,-0.3844952250077527,6.9107797828950135,-0.5585506385287795,0.0,0.001
3786,reciprocal,0.1426883571801456,7.685570079927604,0.3523565607407453,0.0,0.001
3787,reciprocal,-1.5875339662014272,3.8040660556846975,0.3035712185014034,0.0,0.0096333429942008
3788,reciprocal,-0.7318003109157005,6.408756502994757,-0.1911114603405774,0.0,0.0024010567524097
3789,reciprocal,1.0981279621262343,2.9871145619733714,-0.3442987848969641,0.0,0.0114120243935566
3790,reciprocal,-0.1770498249472689,8.59005302058079,-0.8501296800383353,0.0,0.001
3791,reciprocal,-1.5633143460034236,4.4164025190630944,1.113693063979317,0.0,0.0069376804219081
3792,reciprocal,1.823898244861458,8.801411258695495,-0.6504622496982573,0.0,0.0017522131208063
3793,reciprocal,1.257657382618082,5.274337183537829,0.0045521073554688,0.0,0.0042824261742006
3794,reciprocal,0.77356870609345,5.916238968443492,1.253040169226785,0.0,0.0029645512844035
3795,reciprocal,-1.7459574250313397,9.701026263481484,0.8249462091508262,0.0,0.0015914417157359
3796,reciprocal,0.2666278411332703,7.996027948221538,-1.967549130380763,0.0,0.001
3797,reciprocal,0.6399746588427888,3.287872457974966,-1.4551441230123014,0.0,0.0078976996423491
3798,reciprocal,-1.9352114545330108,2.73924732454242,-1.8542916770082172,0.0,0.0428043686949512
3799,reciprocal,2.8984164420576786,5.831440148704154,-1.8332806152400472,0.0,0.0080258735620485
3800,reciprocal,2.143308296562693,7.673294759889887,0.5087856070460535,0.0,0.001311425632413
3801,reciprocal,0.6301906510174469,4.620902930506354,0.9201767580033882,0.0,0.001582242944881
3802,reciprocal,0.1,5.645728654952492,1.913655821695128,0.0,0.001
3803,reciprocal,-1.8782330706276933,2.6480841994638067,-0.7648582625283398,0.0,0.0371267450359386
3804,reciprocal,-2.263071039044533,9.991943012175495,0.5934518654944498,0.0,0.0021955661705287
3805,reciprocal,-0.3170376348388397,3.850992303209486,-1.6734207631835218,0.0,0.0019276022975366
3806,reciprocal,-2.2022624272200115,3.129422811989326,-1.4943218305833024,0.0,0.0343046789740644
3807,reciprocal,-2.8229667319941827,7.033260388350088,-0.444536155039803,0.0,0.0054097114602616
3808,reciprocal,0.5092041648189047,5.975817796714422,-1.690785053687156,0.0,0.0012807659255201
3809,reciprocal,0.4480734114893487,2.567909812156523,0.9228102944320096,0.0,0.0108459194476008
3810,reciprocal,2.4613675486568525,5.252565472366875,1.384689174449023,0.0,0.0106195849864326
3811,reciprocal,-2.387539640555969,6.974438613471241,-1.4745762730042422,0.0,0.0013659281274114
3812,reciprocal,-1.3824400876110436,7.774984210855703,0.5810495202835075,0.0,0.0011294477206214
3813,reciprocal,-0.3683530204836089,2.735078238924395,0.6971523766436989,0.0,0.0045835803024146
3814,reciprocal,0.7302121879187116,4.129732000687039,-1.903126100752043,0.0,0.0026717243320847
3815,reciprocal,-0.1,9.463706378476251,-1.301656940077474,0.0,0.001
3816,reciprocal,0.6848987601832213,5.092207085630518,0.9960091216597168,0.0,0.001177048107034
3817,reciprocal,0.1132674888346327,5.286297305555889,1.8952789920667743,0.0,0.001
3818,reciprocal,-2.583499425244188,3.5740781645866257,0.3448964117165358,0.0,0.0137314228241185
3819,reciprocal,-2.6193126266024715,7.989932194727254,1.4510087097355924,0.0,0.0034184171984693
3820,reciprocal,2.957041981877933,8.488768846668709,-0.5348089167027745,0.0,0.0027026086068982
3821,reciprocal,2.3087392056756944,4.532048691760231,0.9920084780546436,0.0,0.0173160147536202
3822,reciprocal,-2.9058268361997,3.876636819874837,-0.5540482573411794,0.0,0.0238231410318718
3823,reciprocal,-1.388153898220208,8.695106712488256,1.895539030600502,0.0,0.0017338756902246
3824,reciprocal,1.9542609349058733,6.0341985432977,0.3282027621575927,0.0,0.0023924030092257
3825,reciprocal,2.5478451963574287,5.424821279368141,-1.2316316558003175,0.0,0.0032694688581074
3826,reciprocal,2.1485616554811244,3.1345387597399625,1.2093324511032364,0.0,0.0238713105502685
3827,reciprocal,-2.429309768447862,9.659865624546052,0.5092424335070875,0.0,0.0018198052220162
3828,reciprocal,2.6113286752170666,3.904078203048114,-0.5288338541329529,0.0,0.0265167847273061
3829,reciprocal,-1.1225766161950326,8.99213225819144,1.1089422096464996,0.0,0.0011019070062971
3830,reciprocal,1.8305968113139384,9.778085214031758,0.858756327188241,0.0,0.001632609960249
3831,reciprocal,0.2018974621888265,7.356443415061517,-0.6160478965638538,0.0,0.001
3832,reciprocal,0.2158538493959696,2.5234347093874034,1.9324161395323256,0.0,0.0024461527488317
3833,reciprocal,2.7744199400545293,3.3389035140634222,0.3589072256314156,0.0,0.0120042404707215
3834,reciprocal,1.930051969730592,5.3841442113132,-0.6013913782966824,0.0,0.0038036130952542
3835,reciprocal,0.8521684264736726,5.035129226451376,-0.4946941262693021,0.0,0.0044305767481334
3836,reciprocal,1.637323838960648,3.679556418448218,1.2992722949637543,0.0,0.0146555570187218
3837,reciprocal,0.7392306467758365,5.20633279096965,1.7974689248449685,0.0,0.0033610651046124
3838,reciprocal,2.903792900063995,8.936822429911299,0.4574116610792513,0.0,0.0020043060077633
3839,reciprocal,-2.028735606138761,5.10467057439867,-1.1208284346693516,0.0,0.0113637506000421
3840,reciprocal,1.0254349369832143,9.079459681384977,0.7003308531611174,0.0,0.0012887996627148
3841,reciprocal,-1.0436909004116028,5.645962702208335,0.2897899586142758,0.0,0.001
3842,reciprocal,-2.138856636250196,6.284441661243591,-1.2314691838328873,0.0,0.0041726976273194
3843,reciprocal,-0.2074177029387822,9.684544139128754,1.636239668688125,0.0,0.001
3844,reciprocal,-0.3476145060454305,5.1566367447472405,0.5764679729508422,0.0,0.0013659008065566
3845,reciprocal,2.490443821442242,5.488135365423613,0.2243326754540384,0.0,0.0077561003404903
3846,reciprocal,-1.7786906315521518,7.631302797350837,-1.7598518999431314,0.0,0.0026143266167627
3847,reciprocal,-1.7810263580802148,5.4141006508476135,-1.5633200789722892,0.0,0.0040152372178235
3848,reciprocal,1.431046101308418,7.076624358837133,0.1516682002367582,0.0,0.0031479683636648
3849,reciprocal,-1.8189237881627711,7.091367091168152,-1.211520558956794,0.0,0.0042517245355649
3850,reciprocal,-2.4363439148235684,7.435261900214514,-0.7167883346516164,0.0,0.0015930764051413
3851,reciprocal,1.9225991066025372,6.58087197182021,-0.3925874041258446,0.0,0.0045704306435159
3852,reciprocal,0.6944956958595747,8.294694171982343,1.3538859854087226,0.0,0.0011470952488169
3853,reciprocal,-0.5037636107149939,7.628891332883033,-1.070034234932931,0.0,0.0011485729909898
3854,reciprocal,0.6708430376910877,7.529060578497117,1.2841035862515446,0.0,0.001
3855,reciprocal,-2.563644670121001,9.104175066871768,0.1014343663668397,0.0,0.002941768346673
3856,reciprocal,-0.356495315622666,3.1150449910709197,1.141788852519515,0.0,0.0050835640638018
3857,reciprocal,-0.2100306953355302,9.91127966081614,-1.7603992574168768,0.0,0.001
3858,reciprocal,-2.290767752999856,4.607379095823949,1.1906565280368089,0.0,0.0127878900893366
3859,reciprocal,1.4456921769626776,5.892105928509069,-0.5516826553594019,0.0,0.0028824836332309
3860,reciprocal,-1.2912135069589596,9.83049982551486,-0.8046515819584314,0.0,0.0015779308222362
3861,reciprocal,-1.9173324157622784,5.739973317497166,-1.1236626982006883,0.0,0.0031243492137251
3862,reciprocal,1.3102211105205006,8.452666172293515,-1.1269386951809448,0.0,0.0014270613736752
3863,reciprocal,-1.790630265608001,4.162169055897905,1.2257427553997586,0.0,0.0124240038948773
3864,reciprocal,1.4147757207193656,6.959906186316168,-1.4004363913637778,0.0,0.0011344767070308
3865,reciprocal,-2.7260704430682154,3.699273545799618,0.9201855985770084,0.0,0.0322424401651837
3866,reciprocal,0.9308692279396968,4.006510314418444,1.7572297200409834,0.0,0.0045749211413946
3867,reciprocal,2.847225937267208,5.902157020099325,-0.4683389607413977,0.0,0.0052495056704608
3868,reciprocal,-0.9836114626121364,8.638703419107628,0.1881465973120826,0.0,0.001
3869,reciprocal,1.8708587225871725,4.585817505455204,-1.3853153893828964,0.0,0.0041669687964897
3870,reciprocal,1.3771591221718775,7.745924050376991,-1.357944798130157,0.0,0.0026637114765711
3871,reciprocal,1.3832133723499398,7.453650611672126,0.831006529078909,0.0,0.0032524446518962
3872,reciprocal,-2.3167757978785914,5.620885476062005,-1.6493570485027624,0.0,0.0028128045981196
3873,reciprocal,-2.940108573474713,5.454069400916698,-1.7839913656524793,0.0,0.008131044037809
3874,reciprocal,-2.808913808631078,3.3315971941779035,0.3582094583258159,0.0,0.0383269442484355
3875,reciprocal,2.051137271872083,5.309023065339115,-1.942862795730004,0.0,0.0032077738705083
3876,reciprocal,2.7789985465664184,9.8142042157714,1.3654243501578651,0.0,0.0019332340833754
3877,reciprocal,-2.309092811330766,3.575260297253082,-1.4073340159408363,0.0,0.0281167683819911
3878,reciprocal,2.5563673969484557,5.224218101733968,0.5923514347944732,0.0,0.0030961350486456
3879,reciprocal,0.1064551196520895,4.5707767177263765,-0.3103198122781743,0.0,0.001
3880,reciprocal,1.147538901410284,6.080744277307979,0.6160180254279077,0.0,0.0028515957713166
3881,reciprocal,0.5232790603125759,2.858736035955289,-1.786171832578273,0.0,0.009857978980101
3882,reciprocal,1.5703231089517402,8.814326923650036,0.1482629336546912,0.0,0.0017659338949392
3883,reciprocal,2.7521714917526,5.822593590664869,-0.7452292873204867,0.0,0.0106047934449466
3884,reciprocal,1.7597143067492809,9.29747673782276,1.190139804383589,0.0,0.0025383119185795
3885,reciprocal,2.817598476741818,4.689673127551848,-1.3480319317936913,0.0,0.0078725472302132
3886,reciprocal,0.4363384920234541,9.60289277901957,0.9929566674510336,0.0,0.001
3887,reciprocal,-0.793651123873639,6.532739587920148,-0.652893133805903,0.0,0.0019809702348805
3888,reciprocal,1.3253713750860996,4.41940126420434,-0.9374416705412464,0.0,0.0091480940802174
3889,reciprocal,0.1910332796448779,9.574969817188936,-1.585756830583143,0.0,0.001
3890,reciprocal,-1.0674414306892663,2.693833245197496,1.1894697788783453,0.0,0.0092607116955186
3891,reciprocal,1.6641844637844283,5.644406676122031,0.3556579549174037,0.0,0.0049006159364442
3892,reciprocal,-1.5852384790039424,3.574263238223504,0.7672095818498996,0.0,0.0128617175339866
3893,reciprocal,-0.1224728052207306,8.768635455197705,-1.0125742259487338,0.0,0.001
3894,reciprocal,0.2874588844787134,9.436176302236174,-0.8638800755108988,0.0,0.001
3895,reciprocal,-1.2052281723361944,7.61868994817561,-1.5964713105315855,0.0,0.0020550039651594
3896,reciprocal,0.8716645256337623,2.6337999931014604,-1.9010221056432983,0.0,0.0272313338292976
3897,reciprocal,-1.1015283116674597,7.96730627387903,-0.8293889478739715,0.0,0.001
3898,reciprocal,-1.989064755579911,2.5925810907267617,1.5255566728222587,0.0,0.0371542114650005
3899,reciprocal,1.5072885395450824,4.558598621805457,-0.2092295605969178,0.0,0.0027855542015773
3900,reciprocal,1.7671863281023956,7.612046338655422,-0.6848057875814275,0.0,0.0037600348302512
3901,reciprocal,-0.6929119519072588,3.608881867313469,-0.4658118379606679,0.0,0.0046133283077263
3902,reciprocal,-1.5425308489428395,4.255578381779657,-0.1012062876519097,0.0,0.0059081241084992
3903,reciprocal,0.1,4.009345347405047,0.8693392399097482,0.0,0.001
3904,reciprocal,2.63704202018903,6.878503499616048,-0.6753776012746582,0.0,0.003116287055034
3905,reciprocal,-1.9457315410107867,9.170335890261452,-1.1395164119422034,0.0,0.001731089098399
3906,reciprocal,-2.2501502338287684,9.287831563490872,1.684152147645015,0.0,0.0015368575322973
3907,reciprocal,2.289703915972874,2.619638748020502,0.545103755534154,0.0,0.0479165547304589
3908,reciprocal,1.580693022861368,5.854855812684274,1.1920193996309871,0.0,0.0064056107304999
3909,reciprocal,-0.1,5.842149303307363,1.5950627655603826,0.0,0.001
3910,reciprocal,1.722309926608384,5.208240464622428,0.482079474354427,0.0,0.0062472394458901
3911,reciprocal,-1.1458488997870473,4.359474662161668,-1.1798587944178416,0.0,0.0073550982491553
3912,reciprocal,-2.5641115946307838,4.761317444769833,-1.6981931472858158,0.0,0.0120638338921179
3913,reciprocal,0.9785444373713514,4.325572141782061,-1.1683280387250528,0.0,0.0041794685698322
3914,reciprocal,0.5269288331799844,4.89953423799723,-0.8656699022671073,0.0,0.0019175328166847
3915,reciprocal,1.7456162514156155,5.210299509565077,-1.8932101879759424,0.0,0.0057727815460307
3916,reciprocal,2.7311845575160865,8.371771823442566,-0.1335145307615697,0.0,0.0046413184161042
3917,reciprocal,-2.6547889824022777,8.786616694508698,-1.6563215838130096,0.0,0.0040537039847031
3918,reciprocal,2.1098374301839837,7.557171561446589,-1.4231523623262317,0.0,0.0022445723277412
3919,reciprocal,1.3753467675556896,5.60516266831909,-1.8592536288878247,0.0,0.0057576306501296
3920,reciprocal,-2.196301051024583,3.959652493038416,1.524825485121882,0.0,0.0080174122920027
3921,reciprocal,0.5388430756398743,7.949350039000287,-0.5623451995091187,0.0,0.0011393173844953
3922,reciprocal,-0.1,5.910415723256588,-0.6892569589121158,0.0,0.001
3923,reciprocal,0.2631450781022764,9.831206104235534,-1.7580189544750398,0.0,0.001
3924,reciprocal,0.5741976681342669,6.777784262479551,-0.3757780918097442,0.0,0.0012302047185699
3925,reciprocal,1.680426283071499,6.910375997514871,1.618160085542653,0.0,0.0013836354418378
3926,reciprocal,-1.930034806325736,5.170155927549264,-1.0081776334947825,0.0,0.0097619399826031
3927,reciprocal,1.709021703250933,6.249939934151247,0.664960317132465,0.0,0.0030793620294449
3928,reciprocal,-1.0958592539297587,2.9365244621443094,-0.5871056308132503,0.0,0.0229335948120366
3929,reciprocal,0.6681247050432919,7.122484131219743,0.9199935194398764,0.0,0.0017232089026697
3930,reciprocal,-2.243078578515175,3.2557699990535265,-0.8884780295897934,0.0,0.015838570853197
3931,reciprocal,-2.6122821490561643,5.21274264520442,1.1599395989921977,0.0,0.0065791552111734
3932,reciprocal,0.7663807818323796,7.133043150078222,-0.8159773390025795,0.0,0.001
3933,reciprocal,-1.900784525216648,7.954927445493315,0.082959542342472,0.0,0.0025867526511295
3934,reciprocal,-0.5485217877671671,9.097810955628528,-0.2726670322268303,0.0,0.001
3935,reciprocal,1.8209239874180487,5.064472185631459,1.5229342532408987,0.0,0.0030399715737526
3936,reciprocal,2.7414835076461976,6.020282599442517,0.7649444260379212,0.0,0.0049085462724961
3937,reciprocal,1.6027147510206197,4.127669805259703,0.5678002521574816,0.0,0.0119549244632908
3938,reciprocal,-2.145051172431653,5.044660337345136,-0.7067378578787302,0.0,0.0036751531742326
3939,reciprocal,-1.3774771719538397,4.781233510868544,-1.3689943663887705,0.0,0.0091157993027704
3940,reciprocal,-2.1292830392676176,3.5137894653872963,0.4847357691931906,0.0,0.020283589361252
3941,reciprocal,0.3552462338961746,8.480869398676928,-1.5842971375393815,0.0,0.001
3942,reciprocal,1.9897200074733157,3.77751475603542,1.76739668025975,0.0,0.0123504152619837
3943,reciprocal,-2.711344627376474,6.743900326377441,-1.5876927823174969,0.0,0.004649693458014
3944,reciprocal,1.508732054549081,4.413314389522089,-0.478356383930377,0.0,0.0052760968463573
3945,reciprocal,2.1216969521510425,7.540793017288821,-1.7037675606047382,0.0,0.0048099650241954
3946,reciprocal,-2.8679116296407003,8.336228715518034,1.0305908468651808,0.0,0.0052592101038879
3947,reciprocal,-1.1655700611049864,5.408085743578843,0.6729955958039122,0.0,0.0013166547752565
3948,reciprocal,-1.066203688049062,8.731316546275131,1.7441882319571689,0.0,0.001
3949,reciprocal,-1.3976694957582394,5.283141953217908,0.9736534760092868,0.0,0.003188534538882
3950,reciprocal,-0.8928059019679613,6.0278546935254775,-1.4554630405058515,0.0,0.0023985766745049
3951,reciprocal,0.3538424260177772,4.645502801193679,-0.4435549657262547,0.0,0.0017541037918057
3952,reciprocal,1.8423118062207324,5.771705006980646,-0.0723449687841317,0.0,0.0046952456887211
3953,reciprocal,-0.2051206910518477,5.027508512783516,0.0974798176830984,0.0,0.001
3954,reciprocal,-1.52735715918702,5.198302539534335,-0.9074547290501348,0.0,0.0028237937019597
3955,reciprocal,-0.6138570581154834,6.766912689690056,-1.4874713903910846,0.0,0.001679254766726
3956,reciprocal,-1.2372861904515715,2.8543792805847885,-1.502902701034551,0.0,0.0110670302225327
3957,reciprocal,-0.1768232522274653,5.9779940654348245,-0.6628600202506116,0.0,0.001
3958,reciprocal,1.6109565103355497,5.370033213467879,-0.8922573353563239,0.0,0.0045023239555024
3959,reciprocal,0.6972314293673199,3.186555511607363,0.039067232010765,0.0,0.0085515639137042
3960,reciprocal,2.7598317167700195,5.06386304729503,1.1361613628424312,0.0,0.0137455228246913
3961,reciprocal,-2.3526382184290338,8.67328479214904,0.2166444608512714,0.0,0.0034421942907793
3962,reciprocal,-2.946621358065359,9.721877246447876,1.5832316490122436,0.0,0.0011319024560238
3963,reciprocal,-2.4950292332611417,8.820261345299985,1.4432453096624052,0.0,0.0018729939089785
3964,reciprocal,-2.7741806191293685,3.699933597418665,0.5298613753324677,0.0,0.0099696533734424
3965,reciprocal,1.3474324051988624,9.143981181282255,1.2935742768312402,0.0,0.001
3966,reciprocal,-2.017030446536844,3.0439598112039508,1.0010337521916726,0.0,0.0331989215038098
3967,reciprocal,-0.7386268797298454,3.863261406751133,0.8351064884815456,0.0,0.0070359116217454
3968,reciprocal,-1.3074923592325125,8.423345528132932,1.6627427942704325,0.0,0.0023486419846732
3969,reciprocal,1.9839243979001069,4.930339376270396,-0.7896283489304019,0.0,0.0027019033970629
3970,reciprocal,0.3657830896110488,8.355464414300503,-1.3168889784434263,0.0,0.001
3971,reciprocal,-1.0163907636362088,5.823416016295964,1.773501844585171,0.0,0.0036067033377413
3972,reciprocal,1.5905123467645046,6.439742512773757,-0.971488793350765,0.0,0.001475732801807
3973,reciprocal,-2.612775736394912,8.750580623919806,-1.605434066496239,0.0,0.0042257327884115
3974,reciprocal,-1.295163961697553,3.004783225057884,-1.1200393779271214,0.0,0.0300896204868551
3975,reciprocal,-1.9028051643735064,8.999298798111564,-1.0365432775819112,0.0,0.0012384203669765
3976,reciprocal,2.549493645249181,3.813177850974246,0.3131948331561589,0.0,0.0162926777848852
3977,reciprocal,0.4189266881520255,4.829693810825425,-0.3221995438347611,0.0,0.0010562713897474
3978,reciprocal,0.7339153962447802,9.872677185054796,-1.6747138844762448,0.0,0.001
3979,reciprocal,-2.3563487702167016,9.89265980002319,1.4983248241374962,0.0,0.0029171728743177
3980,reciprocal,1.3520118021260543,8.017250276430422,-0.2895565134208886,0.0,0.0015400741672692
3981,reciprocal,-2.820038099601327,3.506993430741466,-1.0299249503840229,0.0,0.0246894606760104
3982,reciprocal,-1.9100198809336053,9.871521982660411,-1.6937237099146176,0.0,0.001
3983,reciprocal,-1.6138269348224212,8.174511021978413,1.4388904790074446,0.0,0.001394139226969
3984,reciprocal,0.8238986505931689,8.527145735290013,0.3483006013592118,0.0,0.001
3985,reciprocal,1.1632358061653996,7.778916490479367,1.0317010836720724,0.0,0.0013819590622335
3986,reciprocal,-1.8812131536854813,3.630064823125911,-0.4338466005906394,0.0,0.0158007536900011
3987,reciprocal,0.2635701399974044,6.835907957316853,1.9217333853039305,0.0,0.001
3988,reciprocal,0.7958267208414451,7.741371917912207,1.1929246699738076,0.0,0.001
3989,reciprocal,-2.0245782616621266,7.198730177002082,-1.486490091545677,0.0,0.004426023909637
3990,reciprocal,-2.7557872966219543,2.5129122112207067,-1.5974330964028969,0.0,0.1264597704074833
3991,reciprocal,2.7749484253322354,9.781894954663326,-0.3455634214744703,0.0,0.0012059580831466
3992,reciprocal,-1.1254706755395074,6.527141807454833,-0.5333273784240031,0.0,0.002088427722186
3993,reciprocal,-1.196691593942517,6.041775661862214,0.3105597923108516,0.0,0.0033059622278845
3994,reciprocal,2.05049253770809,7.908640316705568,-0.5970247096069965,0.0,0.0017468900202911
3995,reciprocal,-0.3063850913331682,4.560401826477445,0.1754244183977591,0.0,0.001437282035284
3996,reciprocal,-2.4295339302432986,7.399423496930224,-1.30240559760239,0.0,0.0050932555867129
3997,reciprocal,-2.788916194053296,3.1351727965179634,-0.2899439458793331,0.0,0.0559007100415898
3998,reciprocal,-0.8647419409800623,8.303313444873043,1.3898658221493485,0.0,0.001
3999,reciprocal,-1.6626508135701183,2.592162650481693,0.4744389365535757,0.0,0.0640863034340669
4000,reciprocal,-1.5187911161392416,9.645565668540549,-1.2053063522908367,0.0,0.001
